=== UNUSUAL OPTIONS FLOW (2026-09-17) ===
Trigger Rule: Daily Volume > Open Interest AND Volume >= 500
============================================================

--- UNUSUAL CALLS (BULLISH FLOW) ---
STOCK    | STRIKE   | EXPIRY       | VOLUME   | OI       | PRICE   | IV %   
---------------------------------------------------------------------------
NVDA     | 220.0    | 2026-09-18   | 245190   | 77947    | 1.22    | 33.3   
TSLA     | 370.0    | 2026-09-18   | 182613   | 21868    | 1.87    | 45.07  
TSLA     | 375.0    | 2026-09-18   | 147296   | 14782    | 0.77    | 46.34  
NVDA     | 225.0    | 2026-09-18   | 129167   | 87269    | 0.13    | 34.28  
AAPL     | 340.0    | 2026-09-18   | 123057   | 37394    | 0.82    | 27.98  
SPY      | 763.0    | 2026-09-18   | 117214   | 4794     | 1.15    | 8.35   
SPCX     | 155.0    | 2026-09-18   | 116242   | 48632    | 1.74    | 56.69  
AAPL     | 337.5    | 2026-09-18   | 114905   | 11480    | 1.73    | 28.69  
AAPL     | 335.0    | 2026-09-18   | 108277   | 25647    | 3.25    | 31.45  
SPY      | 762.0    | 2026-09-18   | 107383   | 5785     | 1.57    | 7.7    
SPCX     | 160.0    | 2026-09-18   | 107281   | 62209    | 0.35    | 58.4   
TSLA     | 380.0    | 2026-09-18   | 103593   | 22079    | 0.3     | 48.29  
SPY      | 765.0    | 2026-09-18   | 100410   | 26988    | 0.54    | 9.13   
TSLA     | 365.0    | 2026-09-18   | 92038    | 8494     | 4.0     | 44.75  
TSLA     | 372.5    | 2026-09-18   | 89295    | 8988     | 1.21    | 45.63  
INTC     | 110.0    | 2026-09-18   | 88801    | 62383    | 1.1     | 70.22  
NVDA     | 222.5    | 2026-09-18   | 87711    | 64758    | 0.42    | 33.11  
TSLA     | 367.5    | 2026-09-18   | 86760    | 9289     | 2.81    | 44.53  
QQQ      | 720.0    | 2026-09-18   | 86582.0  | 32431    | 1.13    | 15.78  
SPY      | 760.0    | 2026-09-18   | 75949    | 26163    | 2.63    | 5.01   
SPY      | 764.0    | 2026-09-18   | 70691    | 6418     | 0.81    | 8.79   
QQQ      | 717.0    | 2026-09-18   | 64801.0  | 5074     | 2.35    | 15.97  
TSLA     | 377.5    | 2026-09-18   | 63607    | 8610     | 0.47    | 47.36  
SPY      | 761.0    | 2026-09-18   | 59004    | 4611     | 2.05    | 6.69   
QQQ      | 715.0    | 2026-09-18   | 58934.0  | 19007    | 3.46    | 15.83  
NVDA     | 217.5    | 2026-09-18   | 58190    | 16497    | 2.65    | 35.45  
SPCX     | 157.5    | 2026-09-18   | 56848    | 27805    | 0.81    | 57.03  
SPY      | 770.0    | 2026-09-18   | 54546    | 32057    | 0.07    | 10.6   
INTC     | 112.0    | 2026-09-18   | 52430    | 2468     | 0.53    | 71.88  
SPY      | 750.0    | 2026-09-18   | 52368    | 34604    | 12.68   | 0.0    
GOOGL    | 350.0    | 2026-09-18   | 52332    | 20329    | 1.3     | 33.01  
QQQ      | 718.0    | 2026-09-18   | 52171.0  | 4574     | 1.87    | 15.97  
AMD      | 550.0    | 2026-09-18   | 50311    | 8016     | 4.4     | 56.74  
AMZN     | 255.0    | 2026-09-18   | 50012    | 20863    | 0.45    | 33.2   
AAPL     | 342.5    | 2026-09-18   | 46238    | 8851     | 0.31    | 27.78  
QQQ      | 716.0    | 2026-09-18   | 42662.0  | 3797     | 2.85    | 15.85  
SPY      | 755.0    | 2026-09-18   | 40780    | 24095    | 6.94    | 0.0    
PLTR     | 180.0    | 2026-09-18   | 40626    | 33091    | 0.61    | 52.44  
AAPL     | 332.5    | 2026-09-18   | 40281    | 6008     | 5.24    | 34.47  
XOM      | 120.0    | 2026-09-18   | 39602    | 245      | 40.19   | 355.47 
SPY      | 770.0    | 2026-09-21   | 38232.0  | 3239     | 0.24    | 7.03   
SPY      | 767.0    | 2026-09-18   | 38084    | 13651    | 0.23    | 9.6    
META     | 700.0    | 2026-09-18   | 37375.0  | 11711    | 1.1     | 44.53  
SPY      | 730.0    | 2026-09-18   | 35279    | 29777    | 32.86   | 73.93  
TSLA     | 382.5    | 2026-09-18   | 34168    | 12935    | 0.2     | 50.0   
IWM      | 230.0    | 2026-09-18   | 34097.0  | 0        | 58.45   | 177.34 
TSLA     | 385.0    | 2026-09-18   | 33119    | 14961    | 0.13    | 52.15  
INTC     | 111.0    | 2026-09-18   | 32883    | 1298     | 0.76    | 72.27  
INTC     | 115.0    | 2026-09-18   | 31729    | 20931    | 0.17    | 76.95  
TSLA     | 390.0    | 2026-09-18   | 31246    | 19399    | 0.08    | 57.42  
QQQ      | 719.0    | 2026-09-18   | 29992.0  | 5008     | 1.5     | 15.92  
AMZN     | 252.5    | 2026-09-18   | 29969    | 6486     | 1.11    | 32.42  
PLTR     | 177.5    | 2026-09-18   | 29953    | 14240    | 1.35    | 50.88  
NVDA     | 220.0    | 2026-09-21   | 29615.0  | 4161.0   | 1.92    | 24.68  
SPCX     | 152.5    | 2026-09-18   | 29612    | 25423    | 3.22    | 57.52  
SPY      | 768.0    | 2026-09-18   | 29523    | 5537     | 0.15    | 9.77   
AAPL     | 345.0    | 2026-09-18   | 28933    | 23406    | 0.12    | 28.71  
SPY      | 766.0    | 2026-09-18   | 28073    | 5701     | 0.37    | 9.35   
MSFT     | 500.0    | 2026-09-18   | 25844    | 16931    | 2.02    | 29.22  
META     | 680.0    | 2026-09-18   | 24823.0  | 9165     | 7.65    | 45.56  
GOOGL    | 347.5    | 2026-09-18   | 24660    | 2757     | 2.23    | 33.28  
PLTR     | 175.0    | 2026-09-18   | 23835    | 21323    | 2.62    | 52.39  
AMZN     | 250.0    | 2026-09-18   | 23632    | 22417    | 2.38    | 33.45  
AMD      | 555.0    | 2026-09-18   | 23600    | 1102     | 2.77    | 56.93  
SOFI     | 17.0     | 2026-09-18   | 22248    | 19079    | 0.08    | 53.91  
SPY      | 745.0    | 2026-09-18   | 21789    | 16368    | 17.45   | 40.7   
GOOGL    | 345.0    | 2026-09-18   | 21346    | 12984    | 3.75    | 35.55  
SPY      | 720.0    | 2026-09-18   | 21252    | 17007    | 42.38   | 90.01  
AMD      | 540.0    | 2026-09-18   | 20519    | 6527     | 9.45    | 57.29  
SPY      | 725.0    | 2026-09-18   | 20267    | 17308    | 37.86   | 81.96  
META     | 690.0    | 2026-09-18   | 20057.0  | 7041     | 3.15    | 44.07  
SPY      | 769.0    | 2026-09-18   | 19685    | 6097     | 0.09    | 10.13  
INTC     | 109.0    | 2026-09-18   | 19631    | 9581     | 1.46    | 69.82  
AAPL     | 340.0    | 2026-09-21   | 19521.0  | 5687     | 1.58    | 20.34  
QQQ      | 721.0    | 2026-09-18   | 19343.0  | 4592     | 0.84    | 15.55  
SPY      | 759.0    | 2026-09-18   | 19335    | 5383     | 3.59    | 0.0    
AVGO     | 350.0    | 2026-09-18   | 19245    | 6618     | 1.35    | 34.96  
SPCX     | 160.0    | 2026-09-25   | 18722.0  | 8321.0   | 2.52    | 50.17  
QQQ      | 722.0    | 2026-09-18   | 18630.0  | 4226     | 0.59    | 15.31  
INTC     | 108.0    | 2026-09-18   | 18585    | 10924    | 2.02    | 69.73  
SPY      | 771.0    | 2026-09-18   | 18571    | 6179     | 0.05    | 11.04  
TSLA     | 360.0    | 2026-09-18   | 18243    | 11530    | 7.4     | 46.34  
SPY      | 740.0    | 2026-09-18   | 18170    | 12207    | 23.24   | 48.71  
META     | 687.5    | 2026-09-18   | 17966.0  | 668      | 4.05    | 44.48  
QQQ      | 723.0    | 2026-09-18   | 17950.0  | 5296     | 0.41    | 15.04  
SPY      | 735.0    | 2026-09-18   | 17626    | 12706    | 27.34   | 65.85  
INTC     | 107.0    | 2026-09-18   | 17279    | 3452     | 2.71    | 70.31  
META     | 685.0    | 2026-09-18   | 17131.0  | 3801     | 5.0     | 44.51  
SPY      | 752.0    | 2026-09-18   | 16684    | 3873     | 10.3    | 0.0    
AMZN     | 235.0    | 2026-09-18   | 16410    | 3917     | 16.4    | 71.29  
QQQ      | 714.0    | 2026-09-18   | 16226.0  | 3824     | 4.22    | 15.86  
IWM      | 288.0    | 2026-09-18   | 16191.0  | 7560     | 0.23    | 17.29  
SPY      | 715.0    | 2026-09-18   | 16137    | 12853    | 46.81   | 97.85  
SOFI     | 17.0     | 2026-09-25   | 15661    | 4150     | 0.33    | 45.31  
INTC     | 113.0    | 2026-09-18   | 15536    | 7105     | 0.36    | 73.83  
SPCX     | 155.0    | 2026-09-25   | 15409.0  | 6376.0   | 4.45    | 50.78  
AMZN     | 240.0    | 2026-09-18   | 15333    | 8145     | 11.63   | 55.96  
AMD      | 545.0    | 2026-09-18   | 15247    | 854      | 6.4     | 56.71  
BAC      | 58.0     | 2026-09-18   | 15228    | 5317     | 0.37    | 26.56  
AMD      | 560.0    | 2026-09-18   | 14695    | 4472     | 1.66    | 57.23  
TSLA     | 370.0    | 2026-09-21   | 14518    | 1739     | 3.39    | 33.35  
SPY      | 773.0    | 2026-09-18   | 14429    | 6522     | 0.02    | 12.21  
NFLX     | 76.0     | 2026-09-18   | 14137.0  | 7725     | 0.3     | 36.72  
TSLA     | 362.5    | 2026-09-18   | 13997    | 3243     | 5.56    | 45.19  
QQQ      | 715.0    | 2026-09-21   | 13957.0  | 1101.0   | 4.32    | 10.97  
SPY      | 765.0    | 2026-09-21   | 13854.0  | 4225     | 1.2     | 6.91   
SPY      | 788.0    | 2026-09-22   | 13770.0  | 38       | 0.02    | 11.13  
QQQ      | 724.0    | 2026-09-18   | 13573.0  | 5426     | 0.28    | 14.92  
ORCL     | 152.5    | 2026-09-18   | 13463    | 4826     | 1.09    | 58.79  
NFLX     | 78.0     | 2026-09-18   | 13416.0  | 12841    | 0.06    | 46.09  
SPY      | 789.0    | 2026-09-22   | 13378.0  | 63       | 0.02    | 11.52  
AMZN     | 257.5    | 2026-09-18   | 13241    | 11410    | 0.18    | 34.57  
META     | 675.0    | 2026-09-18   | 13156.0  | 3982     | 10.9    | 46.66  
INTC     | 106.0    | 2026-09-18   | 13149    | 4975     | 3.46    | 71.39  
INTC     | 114.0    | 2026-09-18   | 12982    | 1152     | 0.26    | 75.0   
SOFI     | 17.5     | 2026-09-25   | 12920    | 5147     | 0.18    | 46.29  
AMZN     | 237.5    | 2026-09-18   | 12813    | 767      | 14.56   | 70.9   
AMD      | 565.0    | 2026-09-18   | 12695    | 535      | 1.0     | 57.72  
SPY      | 772.0    | 2026-09-18   | 12526    | 9580     | 0.03    | 11.72  
NVDA     | 225.0    | 2026-09-23   | 12394.0  | 2194     | 1.06    | 27.3   
META     | 677.5    | 2026-09-18   | 12077.0  | 1002     | 9.05    | 46.25  
SPY      | 754.0    | 2026-09-18   | 11450    | 7796     | 8.31    | 0.0    
GOOGL    | 352.5    | 2026-09-18   | 11398    | 5501     | 0.65    | 33.23  
SPY      | 700.0    | 2026-09-18   | 11332    | 8421     | 62.83   | 120.97 
NVDA     | 225.0    | 2026-09-21   | 11243.0  | 3079.0   | 0.45    | 24.12  
AMD      | 535.0    | 2026-09-18   | 11195    | 1269     | 13.0    | 58.42  
QQQ      | 718.0    | 2026-09-21   | 11088.0  | 683.0    | 2.7     | 10.82  
AAPL     | 347.5    | 2026-09-18   | 11088    | 9081     | 0.05    | 30.76  
MSFT     | 497.5    | 2026-09-18   | 11060    | 2472     | 3.05    | 29.58  
AMD      | 570.0    | 2026-09-18   | 11010    | 2304     | 0.57    | 58.79  
SPY      | 763.0    | 2026-09-21   | 10846.0  | 1248     | 1.95    | 6.79   
GOOGL    | 342.5    | 2026-09-18   | 10785    | 7942     | 5.6     | 38.82  
SPY      | 762.0    | 2026-09-21   | 10771.0  | 1751     | 2.42    | 6.68   
AVGO     | 355.0    | 2026-09-18   | 10603    | 4352     | 0.44    | 37.6   
TSLA     | 387.5    | 2026-09-18   | 10541    | 4129     | 0.1     | 54.49  
AAPL     | 345.0    | 2026-09-21   | 10331.0  | 3061     | 0.49    | 20.26  
TSLA     | 375.0    | 2026-09-21   | 10236    | 862      | 1.95    | 33.83  
MSFT     | 505.0    | 2026-09-18   | 10216    | 5071     | 0.69    | 28.96  
ORCL     | 157.5    | 2026-09-18   | 10092    | 7798     | 0.21    | 63.87  
QQQ      | 726.0    | 2026-09-18   | 10067.0  | 4077     | 0.12    | 14.75  
SPY      | 705.0    | 2026-09-18   | 10038    | 8457     | 57.76   | 101.51 
SPY      | 695.0    | 2026-09-18   | 10011    | 8577     | 67.38   | 128.56 
ORCL     | 160.0    | 2026-09-25   | 9806.0   | 5380     | 1.38    | 50.83  
QQQ      | 713.0    | 2026-09-18   | 9654.0   | 4179     | 4.86    | 16.38  
IWM      | 287.0    | 2026-09-18   | 9601.0   | 4387     | 0.41    | 17.24  
AAPL     | 337.5    | 2026-09-21   | 9481.0   | 668      | 2.51    | 20.83  
AVGO     | 352.5    | 2026-09-18   | 9478     | 1973     | 0.79    | 36.04  
MSFT     | 495.0    | 2026-09-18   | 9476     | 4803     | 4.73    | 30.76  
BAC      | 59.0     | 2026-09-18   | 9172     | 7101     | 0.05    | 25.59  
AMD      | 547.5    | 2026-09-18   | 9101     | 322      | 5.55    | 57.06  
IWM      | 289.0    | 2026-09-18   | 9032.0   | 7636     | 0.12    | 18.07  
NVDA     | 222.5    | 2026-09-21   | 8959.0   | 3297.0   | 0.97    | 24.07  
SPCX     | 170.0    | 2026-09-25   | 8773.0   | 7054.0   | 0.7     | 52.39  
AAPL     | 335.0    | 2026-09-21   | 8748.0   | 1892     | 4.25    | 21.7   
QQQ      | 727.0    | 2026-09-18   | 8744.0   | 3533     | 0.08    | 14.84  
SPY      | 758.0    | 2026-09-18   | 8672     | 4311     | 4.42    | 0.0    
TSLA     | 395.0    | 2026-09-18   | 8614     | 5573     | 0.06    | 63.67  
AMZN     | 232.5    | 2026-09-18   | 8480     | 624      | 19.23   | 85.55  
NVDA     | 220.0    | 2026-09-23   | 8466.0   | 1667     | 2.79    | 28.11  
SPY      | 675.0    | 2026-09-18   | 8416     | 6657     | 87.72   | 158.64 
META     | 682.5    | 2026-09-18   | 8264.0   | 1718     | 6.15    | 44.87  
TSLA     | 380.0    | 2026-09-21   | 8201     | 1696     | 1.05    | 34.47  
SPY      | 761.0    | 2026-09-21   | 8078.0   | 926      | 2.93    | 6.48   
QQQ      | 735.0    | 2026-09-21   | 7998.0   | 2214.0   | 0.03    | 10.84  
PFE      | 28.5     | 2026-09-25   | 7975.0   | 2517     | 0.07    | 21.49  
MSFT     | 502.5    | 2026-09-18   | 7737     | 2785     | 1.2     | 29.25  
ORCL     | 165.0    | 2026-09-25   | 7727.0   | 3527     | 0.71    | 52.15  
INTC     | 117.0    | 2026-09-18   | 7685     | 247      | 0.1     | 81.25  
CRM      | 150.0    | 2026-09-18   | 7682     | 39       | 100.75  | 457.81 
JNJ      | 185.0    | 2026-09-18   | 7562     | 0        | 88.0    | 357.42 
SPY      | 757.0    | 2026-09-18   | 7477     | 6457     | 5.39    | 0.0    
TSLA     | 367.5    | 2026-09-21   | 7454     | 451      | 4.45    | 33.45  
TSLA     | 365.0    | 2026-09-21   | 7313     | 1386     | 5.64    | 33.25  
AMD      | 537.5    | 2026-09-18   | 7267     | 1227     | 11.1    | 57.87  
SPY      | 690.0    | 2026-09-18   | 7245     | 6093     | 72.38   | 136.18 
IWM      | 291.0    | 2026-09-18   | 7192.0   | 6138     | 0.04    | 20.12  
META     | 695.0    | 2026-09-18   | 7179.0   | 2383     | 1.9     | 44.9   
IWM      | 286.0    | 2026-09-18   | 7096.0   | 6627     | 0.77    | 17.43  
AMD      | 590.0    | 2026-09-18   | 7048     | 2970     | 0.07    | 64.84  
QQQ      | 720.0    | 2026-09-21   | 7032.0   | 2310.0   | 1.89    | 10.65  
SPCX     | 165.0    | 2026-09-25   | 6994.0   | 4274.0   | 1.34    | 50.93  
COIN     | 180.0    | 2026-09-18   | 6888     | 5800     | 0.8     | 76.95  
SPY      | 710.0    | 2026-09-18   | 6866     | 6051     | 52.86   | 105.47 
NVDA     | 217.5    | 2026-09-21   | 6841.0   | 4966.0   | 3.35    | 25.95  
SPY      | 753.0    | 2026-09-18   | 6828     | 2700     | 9.4     | 0.0    
QQQ      | 717.0    | 2026-09-21   | 6819.0   | 435.0    | 3.28    | 10.88  
INTC     | 111.0    | 2026-09-21   | 6808     | 179      | 1.56    | 55.13  
BA       | 200.0    | 2026-09-18   | 6782     | 1099     | 0.5     | 38.97  
INTC     | 110.0    | 2026-09-21   | 6733     | 678      | 1.97    | 54.69  
PYPL     | 54.0     | 2026-09-25   | 6687.0   | 920      | 0.59    | 35.84  
SPY      | 764.0    | 2026-09-21   | 6585.0   | 983      | 1.54    | 6.87   
PFE      | 28.5     | 2026-10-02   | 6583     | 924      | 0.17    | 22.36  
AMZN     | 242.5    | 2026-09-18   | 6582     | 1798     | 9.29    | 56.2   
WMT      | 107.0    | 2026-09-18   | 6488     | 2569     | 0.45    | 25.0   
INTC     | 116.0    | 2026-09-18   | 6381     | 1528     | 0.11    | 78.13  
AMD      | 542.5    | 2026-09-18   | 6261     | 582      | 8.15    | 57.23  
NVDA     | 227.5    | 2026-09-21   | 6230.0   | 1298.0   | 0.2     | 24.81  
AMD      | 552.5    | 2026-09-18   | 6098     | 413      | 3.6     | 56.67  
SPY      | 600.0    | 2026-09-18   | 6026     | 5119     | 162.61  | 273.29 
XOM      | 105.0    | 2026-09-18   | 6000     | 1        | 54.84   | 417.97 
AMZN     | 247.5    | 2026-09-18   | 5974     | 5077     | 4.25    | 36.82  
SOFI     | 16.5     | 2026-09-18   | 5968     | 1334     | 0.3     | 52.34  
SPY      | 760.0    | 2026-09-21   | 5947.0   | 4927     | 3.55    | 6.24   
AMD      | 580.0    | 2026-09-18   | 5902     | 3351     | 0.19    | 61.72  
AAPL     | 342.5    | 2026-09-21   | 5888.0   | 679      | 0.91    | 20.61  
QQQ      | 728.0    | 2026-09-18   | 5818.0   | 4264     | 0.05    | 15.24  
TSLA     | 392.5    | 2026-09-18   | 5768     | 2558     | 0.07    | 60.55  
META     | 672.5    | 2026-09-18   | 5758.0   | 978      | 12.55   | 48.49  
AAPL     | 342.5    | 2026-09-23   | 5756.0   | 244      | 1.75    | 23.24  
AAPL     | 340.0    | 2026-09-23   | 5689.0   | 1151     | 2.52    | 22.94  
SPY      | 680.0    | 2026-09-18   | 5628     | 4785     | 82.41   | 151.1  
AMD      | 562.5    | 2026-09-18   | 5614     | 235      | 1.26    | 57.42  
AMD      | 557.5    | 2026-09-18   | 5555     | 911      | 2.16    | 57.06  
SPY      | 665.0    | 2026-09-18   | 5540     | 4453     | 97.65   | 173.73 
IWM      | 291.0    | 2026-09-21   | 5487.0   | 1178.0   | 0.1     | 12.06  
SPCX     | 157.5    | 2026-09-25   | 5413.0   | 2360.0   | 3.35    | 50.12  
JNJ      | 180.0    | 2026-09-18   | 5400     | 0        | 93.2    | 375.39 
SPY      | 756.0    | 2026-09-18   | 5395     | 3100     | 6.5     | 0.0    
QQQ      | 716.0    | 2026-09-21   | 5241.0   | 392.0    | 3.75    | 10.93  
SPY      | 749.0    | 2026-09-18   | 5233     | 2602     | 13.5    | 0.0    
SPY      | 685.0    | 2026-09-18   | 5224     | 4638     | 77.41   | 143.55 
AMZN     | 252.5    | 2026-09-21   | 5178     | 1495.0   | 1.86    | 23.78  
PLTR     | 185.0    | 2026-09-25   | 5166     | 3875     | 1.79    | 47.19  
TSLA     | 355.0    | 2026-09-18   | 5149     | 4299     | 11.75   | 52.73  
AVGO     | 362.5    | 2026-09-18   | 5073     | 3578     | 0.11    | 45.41  
AAPL     | 350.0    | 2026-09-21   | 5044.0   | 3388     | 0.13    | 21.29  
BA       | 205.0    | 2026-09-18   | 5029     | 2376     | 0.09    | 46.09  
IWM      | 297.0    | 2026-09-18   | 4993.0   | 3703     | 0.01    | 30.47  
SPY      | 759.0    | 2026-09-21   | 4978.0   | 1173     | 4.34    | 5.9    
WMT      | 108.0    | 2026-09-18   | 4903     | 4485     | 0.16    | 26.17  
SPY      | 660.0    | 2026-09-18   | 4876     | 3981     | 102.65  | 181.25 
ORCL     | 150.0    | 2026-09-25   | 4842.0   | 4084     | 4.69    | 50.12  
COIN     | 185.0    | 2026-09-25   | 4793.0   | 2372     | 2.51    | 62.43  
SPCX     | 160.0    | 2026-10-02   | 4701     | 2420     | 4.12    | 50.2   
DIA      | 520.0    | 2026-09-18   | 4688.0   | 4490     | 0.45    | 10.08  
BA       | 202.5    | 2026-09-18   | 4644     | 795      | 0.2     | 42.48  
ORCL     | 155.0    | 2026-09-25   | 4616.0   | 3714     | 2.6     | 49.83  
AMD      | 575.0    | 2026-09-18   | 4574     | 369      | 0.35    | 59.96  
GOOGL    | 350.0    | 2026-09-21   | 4571.0   | 590      | 2.32    | 24.21  
SPY      | 739.0    | 2026-09-18   | 4556     | 1782     | 23.79   | 50.27  
SPY      | 767.0    | 2026-09-21   | 4443.0   | 1656     | 0.68    | 6.95   
NFLX     | 76.0     | 2026-09-25   | 4405.0   | 1338     | 1.1     | 31.74  
QQQ      | 724.0    | 2026-09-21   | 4374.0   | 784.0    | 0.77    | 10.33  
INTC     | 127.0    | 2026-09-23   | 4365.0   | 12.0     | 0.22    | 71.29  
SPY      | 515.0    | 2026-09-18   | 4305     | 3352     | 247.62  | 413.82 
DIA      | 527.0    | 2026-09-25   | 4238.0   | 137      | 0.63    | 10.85  
DIA      | 529.0    | 2026-09-25   | 4196.0   | 117      | 0.4     | 11.05  
SPY      | 747.0    | 2026-09-18   | 4180     | 2490     | 15.64   | 37.45  
NFLX     | 77.0     | 2026-09-25   | 4146.0   | 1866     | 0.74    | 32.03  
INTC     | 112.0    | 2026-09-21   | 4110     | 211      | 1.24    | 55.23  
META     | 692.5    | 2026-09-18   | 4027.0   | 491      | 2.39    | 46.17  
QQQ      | 730.0    | 2026-09-21   | 4026.0   | 1279.0   | 0.13    | 10.16  
CRM      | 197.5    | 2026-09-18   | 4020     | 0        | 53.85   | 248.24 
META     | 675.0    | 2026-09-21   | 4012.0   | 564      | 13.19   | 31.85  
TSLA     | 357.5    | 2026-09-18   | 4003     | 2121     | 9.52    | 50.64  
NVDA     | 222.5    | 2026-09-23   | 3991.0   | 931      | 1.76    | 27.69  
PLTR     | 175.0    | 2026-10-02   | 3954.0   | 1014     | 7.57    | 51.51  
NVDA     | 227.5    | 2026-09-23   | 3921.0   | 1298     | 0.58    | 27.32  
INTC     | 110.0    | 2026-09-23   | 3884.0   | 1595.0   | 2.88    | 61.72  
SPY      | 762.0    | 2026-09-22   | 3867.0   | 683      | 3.06    | 7.67   
QQQ      | 729.0    | 2026-09-18   | 3838.0   | 2604     | 0.04    | 15.33  
AAPL     | 345.0    | 2026-09-23   | 3805.0   | 2503     | 1.13    | 22.62  
AVGO     | 347.5    | 2026-09-18   | 3753     | 2863     | 2.38    | 35.13  
AMD      | 532.5    | 2026-09-18   | 3737     | 526      | 14.69   | 59.03  
TSLA     | 372.5    | 2026-09-21   | 3681     | 540      | 2.62    | 33.52  
SPY      | 635.0    | 2026-09-18   | 3660     | 914      | 128.1   | 219.14 
SPY      | 772.0    | 2026-09-22   | 3634.0   | 525      | 0.25    | 7.51   
INTC     | 115.0    | 2026-09-21   | 3623     | 1553     | 0.68    | 57.47  
WMT      | 106.0    | 2026-09-18   | 3611     | 2861     | 1.05    | 27.25  
SPY      | 670.0    | 2026-09-18   | 3609     | 3111     | 92.65   | 166.16 
SPY      | 748.0    | 2026-09-18   | 3607     | 2792     | 14.56   | 16.6   
QQQ      | 722.0    | 2026-09-21   | 3583.0   | 837.0    | 1.27    | 10.48  
NFLX     | 78.0     | 2026-09-25   | 3577.0   | 2263     | 0.5     | 32.47  
SPCX     | 152.5    | 2026-09-25   | 3574.0   | 2190.0   | 5.81    | 50.17  
COIN     | 172.5    | 2026-09-18   | 3568     | 1095     | 3.45    | 70.41  
SPY      | 650.0    | 2026-09-18   | 3553     | 2739     | 112.65  | 196.39 
AMD      | 550.0    | 2026-09-21   | 3542.0   | 454      | 7.75    | 43.8   
SPY      | 773.0    | 2026-09-21   | 3534.0   | 1329     | 0.09    | 7.3    
SPY      | 771.0    | 2026-09-21   | 3529.0   | 2623     | 0.16    | 7.03   
SPY      | 768.0    | 2026-09-21   | 3502.0   | 1263     | 0.49    | 7.0    
AMZN     | 255.0    | 2026-09-21   | 3495     | 1960.0   | 1.02    | 24.73  
SPY      | 775.0    | 2026-09-21   | 3474.0   | 2325     | 0.05    | 7.62   
COIN     | 180.0    | 2026-09-25   | 3465.0   | 1332     | 3.9     | 61.44  
TSLA     | 370.0    | 2026-09-23   | 3454     | 883      | 5.33    | 37.93  
META     | 697.5    | 2026-09-18   | 3451.0   | 1159     | 1.45    | 44.9   
AAPL     | 332.5    | 2026-09-21   | 3419.0   | 1060     | 5.85    | 23.8   
SPY      | 890.0    | 2026-09-18   | 3383     | 3266     | 0.01    | 90.63  
TSLA     | 377.5    | 2026-09-21   | 3354     | 563      | 1.44    | 34.13  
CVX      | 220.0    | 2026-09-25   | 3343.0   | 1240     | 0.73    | 26.88  
SPY      | 766.0    | 2026-09-21   | 3325.0   | 1184     | 0.91    | 6.91   
TSLA     | 385.0    | 2026-09-21   | 3306     | 1055     | 0.57    | 35.43  
SPY      | 757.0    | 2026-09-21   | 3281.0   | 1929     | 5.63    | 5.45   
SPCX     | 155.0    | 2026-10-02   | 3279     | 2621     | 6.2     | 50.66  
SPCX     | 190.0    | 2026-09-25   | 3269.0   | 1750.0   | 0.05    | 60.74  
META     | 700.0    | 2026-09-21   | 3235.0   | 683      | 2.82    | 31.47  
IWM      | 289.0    | 2026-09-21   | 3229.0   | 520.0    | 0.29    | 11.91  
QQQ      | 721.0    | 2026-09-21   | 3206.0   | 580.0    | 1.52    | 10.6   
AVGO     | 357.5    | 2026-09-18   | 3189     | 2667     | 0.23    | 39.6   
IWM      | 290.0    | 2026-09-22   | 3170.0   | 414      | 0.3     | 12.4   
AAPL     | 335.0    | 2026-09-23   | 3087.0   | 897      | 5.15    | 24.59  
INTC     | 120.0    | 2026-09-21   | 3072     | 321      | 0.21    | 61.13  
SPY      | 761.0    | 2026-09-22   | 3028.0   | 434      | 3.58    | 7.63   
PLTR     | 177.5    | 2026-09-25   | 3020     | 1034     | 4.3     | 47.93  
QQQ      | 725.0    | 2026-09-21   | 3015.0   | 1521.0   | 0.59    | 10.24  
NFLX     | 79.0     | 2026-09-25   | 3000.0   | 2202     | 0.33    | 33.11  
PLTR     | 175.0    | 2026-09-25   | 2999     | 2469     | 5.56    | 47.78  
BA       | 207.5    | 2026-09-18   | 2997     | 2058     | 0.04    | 50.39  
QQQ      | 726.0    | 2026-09-21   | 2981.0   | 388.0    | 0.44    | 10.19  
AMD      | 567.5    | 2026-09-18   | 2975     | 256      | 0.77    | 58.11  
SPY      | 803.0    | 2026-09-22   | 2951.0   | 2891     | 0.01    | 16.8   
BA       | 210.0    | 2026-09-25   | 2951     | 1815     | 0.5     | 36.01  
SPCX     | 162.5    | 2026-09-25   | 2908.0   | 1664.0   | 1.85    | 50.49  
ORCL     | 149.0    | 2026-09-18   | 2904     | 1616     | 2.68    | 58.01  
UNH      | 385.0    | 2026-09-18   | 2895.0   | 1565     | 0.3     | 37.16  
TSLA     | 390.0    | 2026-09-21   | 2885     | 839      | 0.32    | 37.01  
QQQ      | 727.0    | 2026-09-21   | 2884.0   | 619.0    | 0.34    | 10.16  
SPCX     | 167.5    | 2026-09-25   | 2877.0   | 1470.0   | 0.94    | 51.61  
QQQ      | 719.0    | 2026-09-21   | 2844.0   | 342.0    | 2.3     | 10.75  
SPY      | 769.0    | 2026-09-21   | 2830.0   | 727      | 0.33    | 6.97   
SPY      | 765.0    | 2026-09-22   | 2807.0   | 1276     | 1.68    | 7.67   
SPY      | 751.0    | 2026-09-18   | 2773     | 1501     | 11.44   | 0.0    
CVX      | 215.0    | 2026-09-25   | 2760.0   | 601      | 1.84    | 27.27  
SPY      | 630.0    | 2026-09-18   | 2745     | 811      | 133.1   | 226.81 
INTC     | 118.0    | 2026-09-18   | 2726     | 191      | 0.05    | 82.03  
WMT      | 106.0    | 2026-09-25   | 2709.0   | 337      | 1.92    | 24.07  
SPY      | 430.0    | 2026-09-18   | 2700     | 797      | 332.92  | 575.0  
COIN     | 177.5    | 2026-09-25   | 2678.0   | 445      | 4.75    | 61.3   
TSLA     | 362.5    | 2026-09-21   | 2669     | 1019     | 7.05    | 33.44  
SPY      | 755.0    | 2026-09-21   | 2667.0   | 2257     | 7.0     | 8.95   
SPY      | 777.0    | 2026-09-21   | 2666.0   | 1919     | 0.02    | 8.06   
SPY      | 773.0    | 2026-09-22   | 2635.0   | 765      | 0.18    | 7.51   
DIA      | 524.0    | 2026-09-18   | 2622.0   | 1145     | 0.05    | 12.89  
PLTR     | 195.0    | 2026-09-25   | 2614     | 1446     | 0.48    | 49.02  
SPY      | 770.0    | 2026-09-22   | 2608.0   | 1057     | 0.45    | 7.54   
QQQ      | 711.0    | 2026-09-18   | 2566.0   | 2088     | 6.41    | 16.68  
SPY      | 774.0    | 2026-09-21   | 2558.0   | 1509     | 0.06    | 7.33   
XOM      | 170.0    | 2026-09-25   | 2532.0   | 2171     | 0.67    | 29.05  
SPY      | 738.0    | 2026-09-18   | 2522     | 958      | 24.9    | 51.81  
TSLA     | 352.5    | 2026-09-18   | 2514     | 1349     | 14.81   | 56.64  
SPY      | 742.0    | 2026-09-18   | 2481     | 2080     | 20.72   | 45.58  
NFLX     | 75.0     | 2026-09-25   | 2472.0   | 434      | 1.55    | 31.74  
TSLA     | 375.0    | 2026-09-23   | 2471     | 826      | 3.61    | 38.05  
SPY      | 640.0    | 2026-09-18   | 2465     | 1932     | 122.61  | 211.52 
SPY      | 758.0    | 2026-09-21   | 2423.0   | 1143     | 4.91    | 6.64   
IWM      | 290.0    | 2026-09-21   | 2415.0   | 883.0    | 0.17    | 11.87  
GOOGL    | 355.0    | 2026-09-21   | 2395.0   | 510      | 1.0     | 25.0   
SPY      | 763.0    | 2026-09-22   | 2365.0   | 827      | 2.55    | 7.68   
SPY      | 772.0    | 2026-09-21   | 2358.0   | 988      | 0.12    | 7.13   
WMT      | 107.0    | 2026-09-25   | 2346.0   | 1422     | 1.38    | 23.32  
ORCL     | 152.5    | 2026-09-25   | 2328.0   | 1868     | 3.6     | 50.17  
SPY      | 746.0    | 2026-09-18   | 2317     | 1621     | 16.43   | 39.19  
TSLA     | 382.5    | 2026-09-21   | 2304     | 465      | 0.76    | 35.03  
META     | 702.5    | 2026-09-18   | 2304.0   | 715      | 0.81    | 44.63  
TSLA     | 397.5    | 2026-09-18   | 2289     | 1240     | 0.05    | 67.19  
ORCL     | 230.0    | 2026-09-25   | 2280.0   | 237      | 0.01    | 90.63  
INTC     | 120.0    | 2026-09-23   | 2278.0   | 125.0    | 0.63    | 66.11  
NVDA     | 10.0     | 2026-09-18   | 2270     | 0        | 213.65  | 2231.25
PFE      | 28.0     | 2026-09-25   | 2237.0   | 1870     | 0.18    | 21.39  
SPY      | 764.0    | 2026-09-22   | 2236.0   | 1061     | 2.09    | 7.67   
DIA      | 510.0    | 2026-09-18   | 2235.0   | 1288     | 8.45    | 16.41  
SPY      | 585.0    | 2026-09-18   | 2228     | 809      | 178.03  | 297.02 
SPY      | 625.0    | 2026-09-18   | 2224     | 741      | 138.1   | 234.47 
AAPL     | 350.0    | 2026-09-23   | 2223.0   | 1548     | 0.44    | 22.78  
ORCL     | 165.0    | 2026-10-02   | 2201     | 1388     | 1.7     | 51.07  
IWM      | 287.0    | 2026-09-21   | 2189.0   | 598.0    | 0.79    | 12.15  
SPY      | 620.0    | 2026-09-18   | 2179     | 704      | 143.1   | 242.19 
TSLA     | 367.5    | 2026-09-23   | 2160     | 680      | 6.42    | 37.74  
SMH      | 567.5    | 2026-09-18   | 2150.0   | 1493     | 0.66    | 31.4   
IWM      | 288.0    | 2026-09-21   | 2146.0   | 1363.0   | 0.48    | 11.96  
SPY      | 450.0    | 2026-09-18   | 2142     | 740      | 312.84  | 534.67 
COIN     | 175.0    | 2026-09-25   | 2141.0   | 593      | 5.6     | 61.17  
AMZN     | 262.5    | 2026-09-21   | 2112     | 1664.0   | 0.15    | 25.78  
TSLA     | 395.0    | 2026-09-21   | 2089     | 226      | 0.18    | 38.87  
SPY      | 741.0    | 2026-09-18   | 2086     | 1627     | 21.51   | 47.02  
SPY      | 310.0    | 2026-09-18   | 2085     | 319      | 453.02  | 863.48 
TSLA     | 360.0    | 2026-09-21   | 2084     | 1188     | 8.65    | 34.08  
TSLA     | 400.0    | 2026-09-23   | 2075     | 1234     | 0.42    | 41.48  
INTC     | 106.0    | 2026-09-21   | 2074     | 208      | 4.5     | 54.64  
INTC     | 108.0    | 2026-09-21   | 2069     | 421      | 2.86    | 54.44  
INTC     | 98.0     | 2026-09-23   | 2068.0   | 2022.0   | 12.7    | 64.75  
ORCL     | 162.5    | 2026-09-25   | 2067.0   | 1153     | 1.0     | 51.29  
QQQ      | 725.0    | 2026-09-22   | 2059.0   | 1236     | 1.02    | 11.16  
DIA      | 515.0    | 2026-09-18   | 2042.0   | 951      | 3.05    | 7.81   
SPY      | 300.0    | 2026-09-18   | 2028     | 715      | 462.82  | 892.38 
TSLA     | 365.0    | 2026-09-23   | 2027     | 1003     | 7.7     | 37.88  
AVGO     | 345.0    | 2026-09-18   | 2017     | 1625     | 3.8     | 37.28  
TGT      | 95.0     | 2026-09-18   | 1980     | 0        | 57.0    | 573.83 
INTC     | 119.0    | 2026-09-18   | 1962     | 95       | 0.03    | 82.81  
DIA      | 523.0    | 2026-09-18   | 1927.0   | 330      | 0.1     | 11.91  
QQQ      | 736.0    | 2026-09-21   | 1920.0   | 259.0    | 0.03    | 10.89  
DIA      | 500.0    | 2026-09-18   | 1913.0   | 951      | 18.44   | 32.23  
SPY      | 733.0    | 2026-09-18   | 1897     | 735      | 29.97   | 69.04  
QQQ      | 714.0    | 2026-09-21   | 1895.0   | 439.0    | 5.26    | 11.03  
DIA      | 518.0    | 2026-09-18   | 1875.0   | 80       | 1.16    | 9.21   
SPY      | 315.0    | 2026-09-18   | 1845     | 0        | 448.11  | 849.41 
ORCL     | 148.0    | 2026-09-18   | 1843     | 1636     | 3.35    | 57.42  
QQQ      | 728.0    | 2026-09-21   | 1826.0   | 502.0    | 0.25    | 10.18  
INTC     | 116.0    | 2026-09-21   | 1817     | 163      | 0.58    | 58.69  
SPY      | 737.0    | 2026-09-18   | 1810     | 711      | 25.52   | 62.52  
GS       | 840.0    | 2026-09-18   | 1804.0   | 1        | 186.74  | 161.23 
AMD      | 577.5    | 2026-09-18   | 1803     | 360      | 0.26    | 61.23  
GS       | 790.0    | 2026-09-18   | 1800.0   | 0        | 236.45  | 220.87 
SPY      | 755.0    | 2026-09-22   | 1781.0   | 662      | 7.85    | 8.77   
CRM      | 247.5    | 2026-09-18   | 1761     | 1247     | 0.83    | 51.56  
AAPL     | 347.5    | 2026-09-21   | 1760.0   | 1726     | 0.25    | 20.66  
TSLA     | 402.5    | 2026-09-18   | 1760     | 1177     | 0.03    | 73.83  
QQQ      | 730.0    | 2026-09-22   | 1757.0   | 815      | 0.31    | 10.85  
QQQ      | 710.0    | 2026-09-21   | 1756.0   | 1232.0   | 7.85    | 11.76  
QQQ      | 720.0    | 2026-09-22   | 1752.0   | 716      | 2.64    | 11.71  
TSLA     | 372.5    | 2026-09-23   | 1747     | 396      | 4.4     | 37.92  
ORCL     | 170.0    | 2026-10-02   | 1744     | 1701     | 1.03    | 51.83  
AMD      | 572.5    | 2026-09-18   | 1735     | 101      | 0.45    | 59.08  
BA       | 205.0    | 2026-09-25   | 1727     | 1000     | 1.1     | 36.43  
META     | 680.0    | 2026-09-21   | 1724.0   | 1019     | 9.9     | 31.63  
SPY      | 550.0    | 2026-09-18   | 1715     | 1094     | 212.64  | 354.0  
BA       | 197.5    | 2026-09-18   | 1711     | 478      | 1.32    | 39.75  
TSLA     | 380.0    | 2026-09-23   | 1705     | 1058     | 2.4     | 38.59  
INTC     | 125.0    | 2026-09-21   | 1698     | 79       | 0.07    | 66.41  
QQQ      | 729.0    | 2026-09-21   | 1691.0   | 608.0    | 0.19    | 10.14  
SPY      | 787.0    | 2026-09-22   | 1672.0   | 605      | 0.02    | 10.74  
SPY      | 744.0    | 2026-09-18   | 1671     | 1229     | 18.42   | 42.29  
QQQ      | 732.0    | 2026-09-22   | 1670.0   | 351      | 0.18    | 10.67  
NVDA     | 217.5    | 2026-09-23   | 1664.0   | 997      | 4.2     | 29.07  
SPY      | 775.0    | 2026-09-22   | 1646.0   | 990      | 0.1     | 7.67   
COST     | 900.0    | 2026-09-18   | 1641.0   | 341      | 1.64    | 22.14  
SPY      | 655.0    | 2026-09-18   | 1625     | 1091     | 107.65  | 188.82 
ORCL     | 152.5    | 2026-10-02   | 1612     | 684      | 5.2     | 51.09  
SPY      | 565.0    | 2026-09-18   | 1600     | 1353     | 197.62  | 329.3  
AAPL     | 337.5    | 2026-09-23   | 1595.0   | 158      | 3.7     | 23.16  
AVGO     | 350.0    | 2026-09-21   | 1573     | 878      | 2.61    | 26.73  
GOOGL    | 360.0    | 2026-09-21   | 1563.0   | 468      | 0.39    | 25.95  
SPY      | 760.0    | 2026-09-22   | 1556.0   | 977      | 4.35    | 7.54   
AMZN     | 237.5    | 2026-09-21   | 1552     | 54.0     | 13.91   | 46.92  
COIN     | 182.5    | 2026-09-25   | 1547.0   | 398      | 3.15    | 61.94  
GOOGL    | 365.0    | 2026-09-21   | 1542.0   | 194      | 0.2     | 29.44  
AMZN     | 240.0    | 2026-09-21   | 1534     | 121.0    | 11.69   | 41.5   
META     | 690.0    | 2026-09-21   | 1534.0   | 387      | 5.49    | 31.51  
INTC     | 127.0    | 2026-09-18   | 1527     | 61       | 0.01    | 106.25 
COST     | 975.0    | 2026-09-18   | 1513.0   | 319      | 0.01    | 66.41  
BAC      | 58.0     | 2026-09-25   | 1512     | 1449     | 0.85    | 29.05  
META     | 667.5    | 2026-09-18   | 1494.0   | 1026     | 16.47   | 50.57  
SPY      | 736.0    | 2026-09-18   | 1477     | 639      | 26.53   | 64.18  
META     | 707.5    | 2026-09-18   | 1476.0   | 375      | 0.46    | 45.7   
QQQ      | 736.0    | 2026-09-22   | 1472.0   | 179      | 0.06    | 10.74  
AMD      | 540.0    | 2026-09-21   | 1469.0   | 157      | 13.3    | 44.58  
QQQ      | 723.0    | 2026-09-21   | 1457.0   | 1347.0   | 0.97    | 10.43  
QQQ      | 740.0    | 2026-09-22   | 1451.0   | 338      | 0.02    | 11.43  
AMD      | 580.0    | 2026-09-23   | 1449.0   | 26       | 3.1     | 50.34  
SPY      | 610.0    | 2026-09-18   | 1447     | 328      | 152.75  | 257.67 
NVDA     | 232.5    | 2026-09-21   | 1445.0   | 821.0    | 0.06    | 28.13  
AMD      | 527.5    | 2026-09-18   | 1441     | 711      | 19.5    | 59.18  
AMD      | 585.0    | 2026-09-18   | 1431     | 286      | 0.14    | 63.67  
SPY      | 790.0    | 2026-09-22   | 1428.0   | 541      | 0.02    | 11.91  
AMD      | 575.0    | 2026-09-21   | 1406.0   | 338      | 1.61    | 44.34  
XOM      | 162.5    | 2026-09-18   | 1400     | 398      | 1.55    | 37.6   
BA       | 200.0    | 2026-09-25   | 1397     | 667      | 2.45    | 32.53  
SPY      | 769.0    | 2026-09-22   | 1396.0   | 482      | 0.61    | 7.57   
TSLA     | 377.5    | 2026-09-23   | 1396     | 250      | 2.98    | 38.26  
INTC     | 109.0    | 2026-09-21   | 1394     | 152      | 2.46    | 54.49  
SMH      | 575.0    | 2026-09-21   | 1383.0   | 22       | 1.03    | 23.44  
SPY      | 756.0    | 2026-09-21   | 1373.0   | 983      | 6.84    | 9.57   
CRM      | 260.0    | 2026-09-25   | 1353.0   | 860      | 0.86    | 40.53  
SMH      | 572.5    | 2026-09-21   | 1346.0   | 98       | 1.47    | 23.6   
MSFT     | 500.0    | 2026-09-21   | 1341.0   | 829      | 3.4     | 21.28  
COIN     | 170.0    | 2026-09-25   | 1331.0   | 1034     | 8.45    | 60.43  
SPY      | 776.0    | 2026-09-22   | 1329.0   | 1186     | 0.06    | 7.69   
INTC     | 121.0    | 2026-09-18   | 1315     | 200      | 0.03    | 85.94  
QQQ      | 737.0    | 2026-09-22   | 1304.0   | 117      | 0.05    | 10.89  
DIA      | 517.0    | 2026-09-18   | 1302.0   | 156      | 1.6     | 7.86   
QQQ      | 756.0    | 2026-09-22   | 1293.0   | 1148     | 0.02    | 17.19  
PLTR     | 187.5    | 2026-10-02   | 1285.0   | 512      | 2.74    | 48.84  
AMD      | 545.0    | 2026-09-21   | 1280.0   | 72       | 9.86    | 44.18  
AMZN     | 227.5    | 2026-09-18   | 1279     | 228      | 23.65   | 104.88 
SPY      | 645.0    | 2026-09-18   | 1274     | 993      | 117.59  | 203.96 
META     | 715.0    | 2026-09-21   | 1274.0   | 397      | 0.91    | 32.51  
QQQ      | 715.0    | 2026-09-22   | 1263.0   | 671      | 5.31    | 12.13  
AVGO     | 365.0    | 2026-09-23   | 1255.0   | 213      | 0.74    | 34.18  
XOM      | 167.5    | 2026-09-25   | 1243.0   | 410      | 1.21    | 29.05  
SPY      | 305.0    | 2026-09-18   | 1240     | 484      | 458.14  | 877.73 
C        | 82.5     | 2026-09-18   | 1240     | 1        | 50.65   | 975.98 
COST     | 895.0    | 2026-09-18   | 1240.0   | 119      | 3.3     | 23.37  
SOFI     | 16.5     | 2026-09-25   | 1238     | 765      | 0.57    | 45.31  
TSLA     | 387.5    | 2026-09-21   | 1231     | 364      | 0.43    | 36.28  
SPY      | 595.0    | 2026-09-18   | 1228     | 419      | 167.93  | 281.15 
SPY      | 734.0    | 2026-09-18   | 1221     | 462      | 29.02   | 67.38  
SPY      | 743.0    | 2026-09-18   | 1219     | 989      | 19.5    | 43.99  
INTC     | 115.0    | 2026-09-23   | 1218.0   | 260.0    | 1.39    | 63.62  
QQQ      | 734.0    | 2026-09-21   | 1210.0   | 121.0    | 0.04    | 10.65  
ADBE     | 255.0    | 2026-09-18   | 1195     | 901      | 1.38    | 44.63  
SPCX     | 172.5    | 2026-09-25   | 1185.0   | 807.0    | 0.49    | 53.47  
SPCX     | 172.5    | 2026-10-02   | 1182     | 369      | 1.38    | 52.03  
AMZN     | 257.5    | 2026-09-23   | 1180     | 227.0    | 1.24    | 27.76  
NVDA     | 215.0    | 2026-09-23   | 1174.0   | 1155     | 5.9     | 30.08  
DIA      | 519.0    | 2026-09-18   | 1166.0   | 183      | 0.77    | 10.01  
AAPL     | 355.0    | 2026-09-23   | 1165.0   | 350      | 0.21    | 23.54  
CRM      | 257.5    | 2026-09-18   | 1162     | 1000     | 0.08    | 56.25  
CRM      | 155.0    | 2026-09-18   | 1160     | 10       | 96.15   | 487.31 
DIA      | 530.0    | 2026-09-30   | 1155.0   | 323      | 0.84    | 10.86  
AMD      | 555.0    | 2026-09-21   | 1155.0   | 72       | 5.8     | 43.93  
AAPL     | 347.5    | 2026-09-23   | 1154.0   | 202      | 0.68    | 23.02  
COIN     | 180.0    | 2026-10-02   | 1154     | 757      | 6.02    | 62.16  
C        | 85.0     | 2026-09-18   | 1135     | 0        | 48.21   | 924.02 
QQQ      | 716.0    | 2026-09-22   | 1128.0   | 449      | 4.61    | 12.06  
NVDA     | 25.0     | 2026-09-18   | 1125     | 0        | 199.1   | 1537.5 
C        | 134.0    | 2026-09-18   | 1125     | 751      | 0.43    | 35.06  
CVX      | 145.0    | 2026-09-18   | 1120     | 0        | 59.95   | 432.81 
SPY      | 774.0    | 2026-09-22   | 1119.0   | 425      | 0.12    | 7.54   
GOOGL    | 350.0    | 2026-09-23   | 1108.0   | 184      | 3.67    | 28.16  
COIN     | 167.5    | 2026-09-18   | 1104     | 569      | 7.0     | 70.8   
SPCX     | 190.0    | 2026-10-02   | 1100     | 817      | 0.31    | 57.23  
JNJ      | 190.0    | 2026-09-18   | 1088     | 0        | 82.8    | 326.95 
SPY      | 786.0    | 2026-09-22   | 1086.0   | 311      | 0.02    | 10.35  
INTC     | 106.0    | 2026-09-23   | 1081.0   | 212.0    | 4.97    | 61.28  
QQQ      | 731.0    | 2026-09-22   | 1080.0   | 145      | 0.24    | 10.74  
AMZN     | 267.5    | 2026-09-21   | 1080     | 112.0    | 0.05    | 27.74  
JNJ      | 160.0    | 2026-09-18   | 1080     | 1        | 112.7   | 464.84 
NVDA     | 205.0    | 2026-09-21   | 1076.0   | 540.0    | 14.7    | 47.17  
NFLX     | 76.0     | 2026-10-02   | 1068     | 521      | 1.65    | 32.3   
QQQ      | 721.0    | 2026-09-22   | 1064.0   | 221      | 2.21    | 11.57  
INTC     | 123.0    | 2026-09-18   | 1061     | 46       | 0.02    | 92.19  
QQQ      | 727.0    | 2026-09-22   | 1059.0   | 552      | 0.65    | 10.96  
MSFT     | 505.0    | 2026-09-21   | 1055.0   | 238      | 1.55    | 22.17  
DIA      | 470.0    | 2026-09-18   | 1050.0   | 627      | 48.75   | 76.95  
DIA      | 475.0    | 2026-09-18   | 1050.0   | 654      | 43.7    | 69.53  
TSLA     | 382.5    | 2026-09-23   | 1042     | 230      | 1.95    | 38.84  
NVDA     | 202.5    | 2026-09-18   | 1035     | 751      | 17.06   | 87.7   
QQQ      | 732.0    | 2026-09-21   | 1034.0   | 286.0    | 0.06    | 10.08  
TSLA     | 385.0    | 2026-09-23   | 1034     | 253      | 1.56    | 39.16  
AMZN     | 235.0    | 2026-09-21   | 1021     | 21.0     | 16.54   | 52.08  
AVGO     | 370.0    | 2026-09-23   | 1010.0   | 123      | 0.46    | 32.86  
BAC      | 59.0     | 2026-10-02   | 1008     | 565      | 0.7     | 23.68  
DIA      | 460.0    | 2026-09-18   | 1006.0   | 517      | 58.75   | 91.8   
CRM      | 252.5    | 2026-09-18   | 1006     | 805      | 0.24    | 51.95  
AAPL     | 332.5    | 2026-09-23   | 1005.0   | 335      | 7.43    | 25.31  
DIA      | 532.0    | 2026-09-30   | 1003.0   | 111      | 0.47    | 11.0   
QQQ      | 712.0    | 2026-09-21   | 1001.0   | 621.0    | 7.03    | 11.15  
AMZN     | 242.5    | 2026-09-21   | 993      | 99.0     | 9.55    | 36.5   
AMZN     | 257.5    | 2026-09-21   | 988      | 784.0    | 0.53    | 23.78  
GOOGL    | 345.0    | 2026-09-21   | 986.0    | 417      | 4.8     | 25.37  
XOM      | 172.5    | 2026-09-25   | 980.0    | 711      | 0.35    | 29.64  
META     | 677.5    | 2026-09-21   | 974.0    | 290      | 11.6    | 31.84  
QQQ      | 728.0    | 2026-09-22   | 969.0    | 711      | 0.52    | 10.87  
INTC     | 107.0    | 2026-09-21   | 968      | 234      | 3.52    | 54.27  
QQQ      | 717.0    | 2026-09-22   | 967.0    | 301      | 4.01    | 11.98  
INTC     | 122.0    | 2026-09-18   | 964      | 51       | 0.02    | 90.63  
AVGO     | 345.0    | 2026-09-21   | 961      | 808      | 5.15    | 26.93  
INTC     | 128.0    | 2026-09-18   | 957      | 63       | 0.02    | 109.38 
QQQ      | 733.0    | 2026-09-21   | 935.0    | 455.0    | 0.05    | 10.4   
META     | 710.0    | 2026-09-21   | 931.0    | 230      | 1.43    | 32.47  
DIA      | 520.0    | 2026-09-25   | 926.0    | 438      | 2.57    | 11.02  
NFLX     | 78.0     | 2026-10-02   | 924      | 686      | 0.93    | 32.52  
QQQ      | 722.0    | 2026-09-22   | 921.0    | 304      | 1.88    | 11.46  
AMD      | 540.0    | 2026-09-23   | 919.0    | 96       | 16.7    | 50.49  
C        | 132.0    | 2026-09-18   | 916      | 566      | 1.36    | 36.62  
SPY      | 776.0    | 2026-09-21   | 915.0    | 876      | 0.04    | 7.91   
TSLA     | 395.0    | 2026-09-23   | 912      | 261      | 0.66    | 40.55  
META     | 680.0    | 2026-09-23   | 905.0    | 137.0    | 13.43   | 35.77  
AAPL     | 355.0    | 2026-09-21   | 902.0    | 686      | 0.02    | 23.34  
TSLA     | 392.5    | 2026-09-21   | 898      | 204      | 0.23    | 38.09  
QQQ      | 738.0    | 2026-09-22   | 896.0    | 63       | 0.06    | 11.04  
AMZN     | 262.5    | 2026-09-23   | 896      | 181.0    | 0.48    | 28.17  
SPY      | 455.0    | 2026-09-18   | 895      | 252      | 308.1   | 524.81 
GS       | 960.0    | 2026-09-18   | 891.0    | 445      | 3.81    | 40.1   
GS       | 980.0    | 2026-09-18   | 886.0    | 742      | 0.66    | 39.14  
QQQ      | 735.0    | 2026-09-22   | 876.0    | 195      | 0.08    | 10.69  
AMD      | 547.5    | 2026-09-21   | 872.0    | 90       | 9.45    | 43.87  
BA       | 202.5    | 2026-09-25   | 866      | 441      | 1.63    | 32.54  
XLK      | 190.0    | 2026-10-02   | 866.0    | 87       | 2.45    | 22.79  
C        | 133.0    | 2026-09-18   | 864      | 842      | 0.83    | 35.79  
SPY      | 605.0    | 2026-09-18   | 860      | 231      | 158.12  | 265.43 
IWM      | 295.0    | 2026-09-21   | 847.0    | 726.0    | 0.03    | 15.04  
INTC     | 114.0    | 2026-09-21   | 846      | 51       | 0.8     | 56.74  
ORCL     | 195.0    | 2026-09-25   | 845.0    | 517      | 0.05    | 69.53  
INTC     | 113.0    | 2026-09-21   | 842      | 169      | 1.14    | 56.74  
QQQ      | 726.0    | 2026-09-22   | 835.0    | 677      | 0.82    | 11.06  
INTC     | 124.0    | 2026-09-18   | 832      | 154      | 0.02    | 103.13 
SPY      | 615.0    | 2026-09-18   | 830      | 198      | 148.12  | 249.9  
QQQ      | 733.0    | 2026-09-22   | 830.0    | 304      | 0.14    | 10.72  
TSLA     | 410.0    | 2026-09-21   | 828      | 256      | 0.07    | 46.88  
CRM      | 242.5    | 2026-09-18   | 827      | 120      | 2.8     | 53.52  
SPY      | 330.0    | 2026-09-18   | 825      | 207      | 432.82  | 808.4  
SMH      | 570.0    | 2026-09-21   | 811.0    | 264      | 2.08    | 23.76  
SMH      | 577.5    | 2026-09-21   | 810.0    | 5        | 0.77    | 23.46  
AMZN     | 245.0    | 2026-09-21   | 809      | 412.0    | 7.21    | 32.13  
AMD      | 577.5    | 2026-09-21   | 808.0    | 5        | 1.36    | 44.68  
UNH      | 377.5    | 2026-09-18   | 804.0    | 692      | 1.7     | 37.21  
COIN     | 172.5    | 2026-09-25   | 799.0    | 338      | 7.0     | 61.23  
META     | 700.0    | 2026-09-23   | 792.0    | 253.0    | 5.65    | 35.87  
SPY      | 731.0    | 2026-09-18   | 791      | 313      | 31.92   | 72.31  
INTC     | 114.0    | 2026-09-23   | 790.0    | 110.0    | 1.58    | 63.18  
META     | 685.0    | 2026-09-21   | 787.0    | 427      | 7.5     | 31.63  
PLTR     | 197.5    | 2026-09-25   | 782      | 581      | 0.37    | 50.0   
META     | 712.5    | 2026-09-18   | 779.0    | 554      | 0.29    | 47.61  
SPY      | 653.0    | 2026-09-18   | 775      | 311      | 110.19  | 110.16 
QQQ      | 731.0    | 2026-09-21   | 760.0    | 542.0    | 0.1     | 10.11  
META     | 690.0    | 2026-09-23   | 755.0    | 67.0     | 8.86    | 35.83  
NVDA     | 210.0    | 2026-09-23   | 754.0    | 531      | 10.13   | 33.67  
META     | 695.0    | 2026-09-23   | 750.0    | 59.0     | 7.15    | 35.75  
GS       | 950.0    | 2026-09-18   | 746.0    | 335      | 6.45    | 40.77  
UNH      | 382.5    | 2026-09-18   | 743.0    | 704      | 0.49    | 36.62  
AMD      | 552.5    | 2026-09-21   | 737.0    | 36       | 7.1     | 43.96  
QQQ      | 723.0    | 2026-09-22   | 735.0    | 247      | 1.6     | 11.34  
AMD      | 527.5    | 2026-09-21   | 732.0    | 73       | 21.7    | 46.29  
SPY      | 580.0    | 2026-09-18   | 729      | 215      | 183.19  | 304.98 
GS       | 855.0    | 2026-09-18   | 725.0    | 0        | 171.25  | 143.09 
INTC     | 118.0    | 2026-09-21   | 723      | 21       | 0.35    | 59.77  
GS       | 970.0    | 2026-09-18   | 722.0    | 527      | 1.41    | 37.31  
CRM      | 225.0    | 2026-09-18   | 720      | 18       | 25.0    | 114.55 
META     | 720.0    | 2026-09-21   | 717.0    | 224      | 0.64    | 33.08  
GS       | 1050.0   | 2026-09-25   | 713.0    | 183      | 0.4     | 33.79  
SPY      | 490.0    | 2026-09-18   | 710      | 178      | 273.19  | 458.59 
SPY      | 754.0    | 2026-09-21   | 705.0    | 367      | 8.68    | 11.3   
INTC     | 112.0    | 2026-09-23   | 699.0    | 91.0     | 2.15    | 62.38  
AMZN     | 260.0    | 2026-09-23   | 695      | 349.0    | 0.78    | 27.47  
CRM      | 252.5    | 2026-09-25   | 692.0    | 141      | 2.19    | 40.53  
SPY      | 495.0    | 2026-09-18   | 690      | 199      | 268.19  | 449.51 
COST     | 905.0    | 2026-09-18   | 690.0    | 275      | 0.85    | 22.88  
AMZN     | 250.0    | 2026-09-23   | 689      | 404.0    | 4.3     | 29.46  
QQQ      | 729.0    | 2026-09-22   | 688.0    | 335      | 0.39    | 10.82  
META     | 697.5    | 2026-09-23   | 687.0    | 100.0    | 6.45    | 35.91  
AMZN     | 247.5    | 2026-09-21   | 684      | 303.0    | 4.96    | 27.17  
META     | 675.0    | 2026-09-23   | 673.0    | 275.0    | 16.44   | 35.88  
MSFT     | 500.0    | 2026-09-23   | 668.0    | 164.0    | 4.95    | 23.94  
JPM      | 350.0    | 2026-09-25   | 666.0    | 149      | 4.38    | 23.43  
MSFT     | 510.0    | 2026-09-21   | 663.0    | 364      | 0.69    | 20.81  
BA       | 207.5    | 2026-09-25   | 660      | 281      | 0.8     | 34.33  
QQQ      | 750.0    | 2026-09-22   | 657.0    | 434      | 0.02    | 14.94  
GOOGL    | 360.0    | 2026-09-23   | 656.0    | 178      | 1.05    | 28.35  
META     | 670.0    | 2026-09-21   | 655.0    | 213      | 16.25   | 32.43  
QQQ      | 734.0    | 2026-09-22   | 653.0    | 121      | 0.1     | 10.77  
GS       | 760.0    | 2026-09-18   | 645.0    | 0        | 266.35  | 297.9  
AMD      | 535.0    | 2026-09-21   | 644.0    | 370      | 16.05   | 44.85  
SPY      | 713.0    | 2026-09-18   | 643      | 260      | 48.75   | 54.49  
TSLA     | 210.0    | 2026-09-18   | 642      | 210      | 156.44  | 524.61 
ADBE     | 275.0    | 2026-09-25   | 636.0    | 257      | 0.7     | 43.97  
AMD      | 560.0    | 2026-09-21   | 635.0    | 76       | 4.34    | 44.04  
XLK      | 415.0    | 2026-09-18   | 633.0    | 609      | 0.96    | 50.0   
SMH      | 572.5    | 2026-09-18   | 631.0    | 625      | 0.46    | 31.69  
MS       | 210.0    | 2026-09-25   | 628.0    | 145      | 1.33    | 31.67  
AMD      | 530.0    | 2026-09-21   | 623.0    | 510      | 19.6    | 45.59  
ORCL     | 225.0    | 2026-09-25   | 623.0    | 36       | 0.03    | 93.75  
INTC     | 128.0    | 2026-09-23   | 622.0    | 2.0      | 0.16    | 70.31  
IWM      | 268.0    | 2026-09-18   | 612.0    | 0        | 19.96   | 64.26  
SPY      | 320.0    | 2026-09-18   | 610      | 137      | 443.01  | 835.55 
COIN     | 182.5    | 2026-10-02   | 610      | 233      | 4.88    | 62.15  
UNH      | 210.0    | 2026-09-18   | 610.0    | 1        | 168.35  | 561.13 
GS       | 520.0    | 2026-09-18   | 605.0    | 0        | 505.07  | 679.35 
CRM      | 237.5    | 2026-09-18   | 604      | 50       | 6.43    | 58.45  
SPY      | 757.0    | 2026-09-22   | 601.0    | 580      | 6.38    | 8.21   
GS       | 750.0    | 2026-09-18   | 600.0    | 0        | 276.35  | 313.38 
GS       | 755.0    | 2026-09-18   | 600.0    | 0        | 271.55  | 306.42 
GS       | 795.0    | 2026-09-18   | 600.0    | 0        | 230.9   | 214.8  
GS       | 805.0    | 2026-09-18   | 600.0    | 0        | 221.45  | 203.56 
GS       | 825.0    | 2026-09-18   | 600.0    | 0        | 201.55  | 178.47 
GS       | 835.0    | 2026-09-18   | 600.0    | 1        | 190.85  | 166.43 
GS       | 845.0    | 2026-09-18   | 600.0    | 4        | 181.3   | 155.18 
DIS      | 107.0    | 2026-09-18   | 596      | 557      | 0.15    | 32.03  
AMZN     | 225.0    | 2026-09-21   | 594      | 28.0     | 26.77   | 59.77  
AVGO     | 417.5    | 2026-09-18   | 590      | 91       | 0.01    | 123.44 
CRM      | 255.0    | 2026-09-25   | 590.0    | 472      | 1.64    | 39.84  
META     | 692.5    | 2026-09-21   | 587.0    | 296      | 4.75    | 31.7   
SPY      | 500.0    | 2026-09-18   | 579      | 162      | 262.85  | 440.43 
TSLA     | 390.0    | 2026-09-23   | 577      | 570      | 0.99    | 39.7   
SOFI     | 16.5     | 2026-10-02   | 575      | 557      | 0.74    | 46.78  
AMD      | 570.0    | 2026-09-21   | 574.0    | 23       | 2.36    | 44.12  
AVGO     | 350.0    | 2026-09-23   | 572.0    | 290      | 4.39    | 29.96  
COIN     | 175.0    | 2026-10-02   | 560      | 281      | 8.2     | 61.55  
AMD      | 537.5    | 2026-09-21   | 545.0    | 57       | 14.7    | 44.7   
QQQ      | 719.0    | 2026-09-22   | 541.0    | 292      | 3.15    | 11.79  
XLK      | 171.0    | 2026-09-18   | 540.0    | 3        | 17.03   | 125.59 
COST     | 952.5    | 2026-09-18   | 539.0    | 72       | 0.06    | 50.39  
QQQ      | 718.0    | 2026-09-22   | 538.0    | 266      | 3.62    | 11.9   
AMZN     | 245.0    | 2026-09-23   | 534      | 172.0    | 7.88    | 34.95  
TSLA     | 260.0    | 2026-09-18   | 532      | 402      | 106.94  | 389.26 
SPY      | 575.0    | 2026-09-18   | 531      | 144      | 188.17  | 313.04 
SPY      | 415.0    | 2026-09-18   | 530      | 110      | 348.2   | 606.35 
COIN     | 167.5    | 2026-09-25   | 530.0    | 191      | 9.75    | 61.62  
COST     | 890.0    | 2026-09-18   | 528.0    | 133      | 6.6     | 25.1   
META     | 705.0    | 2026-09-21   | 527.0    | 177      | 1.95    | 32.09  
META     | 695.0    | 2026-09-21   | 525.0    | 196      | 3.93    | 31.73  
SPY      | 759.0    | 2026-09-22   | 523.0    | 407      | 4.92    | 8.17   
INTC     | 116.0    | 2026-09-23   | 523.0    | 70.0     | 1.29    | 63.87  
SPY      | 732.0    | 2026-09-18   | 518      | 200      | 31.18   | 70.68  
COIN     | 195.0    | 2026-10-02   | 518      | 502      | 2.4     | 63.12  
AMD      | 580.0    | 2026-09-21   | 516.0    | 80       | 1.13    | 45.19  
AMD      | 550.0    | 2026-09-23   | 514.0    | 112      | 11.65   | 49.7   
MSFT     | 495.0    | 2026-09-21   | 513.0    | 301      | 5.98    | 22.41  
TSLA     | 397.5    | 2026-09-21   | 510      | 117      | 0.15    | 40.33  
SPY      | 470.0    | 2026-09-18   | 505      | 174      | 293.1   | 495.9  
TSLA     | 265.0    | 2026-09-18   | 502      | 30       | 101.96  | 308.79 


--- UNUSUAL PUTS (BEARISH FLOW) ---
STOCK    | STRIKE   | EXPIRY       | VOLUME   | OI       | PRICE   | IV %   
---------------------------------------------------------------------------
SPY      | 760.0    | 2026-09-18   | 119805   | 70918    | 1.83    | 18.75  
SPCX     | 205.0    | 2026-09-18   | 112822.0 | 26757    | 49.75   | 376.17 
TSLA     | 365.0    | 2026-09-18   | 103840.0 | 3384.0   | 2.83    | 44.48  
SPCX     | 200.0    | 2026-09-18   | 99867.0  | 10170    | 45.0    | 217.58 
TSLA     | 360.0    | 2026-09-18   | 98810.0  | 12913.0  | 1.16    | 45.17  
NVDA     | 217.5    | 2026-09-18   | 90644.0  | 8662.0   | 0.74    | 32.47  
QQQ      | 715.0    | 2026-09-18   | 82616.0  | 15155    | 1.87    | 18.42  
TSLA     | 370.0    | 2026-09-18   | 78974.0  | 4540.0   | 5.72    | 45.92  
QQQ      | 716.0    | 2026-09-18   | 74556.0  | 1842     | 2.3     | 18.42  
TSLA     | 362.5    | 2026-09-18   | 67718.0  | 2717.0   | 1.84    | 44.61  
TSLA     | 367.5    | 2026-09-18   | 67120.0  | 1120.0   | 4.09    | 45.19  
AAPL     | 330.0    | 2026-09-18   | 65892.0  | 15590    | 0.27    | 31.64  
SPY      | 761.0    | 2026-09-18   | 65524    | 4314     | 2.3     | 19.01  
SPY      | 762.0    | 2026-09-18   | 64308    | 8699     | 2.79    | 19.42  
AAPL     | 335.0    | 2026-09-18   | 62772.0  | 8600     | 1.08    | 27.64  
SPY      | 759.0    | 2026-09-18   | 62474    | 7327     | 1.48    | 18.62  
AAPL     | 332.5    | 2026-09-18   | 59915.0  | 4228     | 0.52    | 28.91  
QQQ      | 714.0    | 2026-09-18   | 52116.0  | 3015     | 1.53    | 18.6   
SPY      | 755.0    | 2026-09-18   | 50798    | 45988    | 0.64    | 19.21  
IWM      | 315.0    | 2026-09-18   | 48145.0  | 14800.0  | 29.94   | 95.9   
QQQ      | 710.0    | 2026-09-18   | 48144.0  | 37988    | 0.71    | 20.06  
QQQ      | 717.0    | 2026-09-18   | 47178.0  | 2133     | 2.78    | 18.43  
NVDA     | 220.0    | 2026-09-18   | 44283.0  | 23002.0  | 1.79    | 31.1   
AAPL     | 327.5    | 2026-09-18   | 44126.0  | 5429     | 0.16    | 35.25  
NVDA     | 215.0    | 2026-09-18   | 43217.0  | 26310.0  | 0.29    | 35.84  
INTC     | 110.0    | 2026-09-18   | 39157.0  | 17342    | 2.28    | 70.22  
INTC     | 108.0    | 2026-09-18   | 38658.0  | 85       | 1.21    | 69.92  
SPY      | 763.0    | 2026-09-18   | 37256    | 5013     | 3.37    | 20.07  
SPCX     | 152.5    | 2026-09-18   | 36869.0  | 4488     | 0.95    | 58.2   
QQQ      | 713.0    | 2026-09-18   | 36086.0  | 2944     | 1.26    | 18.79  
SPCX     | 155.0    | 2026-09-18   | 34684.0  | 2714     | 1.91    | 56.69  
TSLA     | 355.0    | 2026-09-18   | 33282.0  | 7187.0   | 0.43    | 47.07  
AAPL     | 325.0    | 2026-09-18   | 33208.0  | 18076    | 0.1     | 39.55  
SPY      | 757.0    | 2026-09-18   | 31366    | 8491     | 0.96    | 18.7   
SPY      | 758.0    | 2026-09-18   | 30346    | 12252    | 1.2     | 18.63  
INTC     | 106.0    | 2026-09-18   | 30169.0  | 67       | 0.57    | 71.39  
INTC     | 109.0    | 2026-09-18   | 29783.0  | 173      | 1.7     | 69.82  
QQQ      | 712.0    | 2026-09-18   | 29640.0  | 7304     | 1.04    | 19.09  
INTC     | 105.0    | 2026-09-18   | 28162.0  | 10465    | 0.39    | 72.46  
IWM      | 310.0    | 2026-09-18   | 27826.0  | 8046.0   | 24.51   | 86.91  
TSLA     | 357.5    | 2026-09-18   | 26547.0  | 4090.0   | 0.72    | 45.85  
TSLA     | 350.0    | 2026-09-18   | 26088.0  | 18085.0  | 0.17    | 50.88  
SPY      | 756.0    | 2026-09-18   | 26084    | 4108     | 0.79    | 18.95  
AMZN     | 250.0    | 2026-09-18   | 24870.0  | 16890    | 1.07    | 31.08  
SPCX     | 136.0    | 2026-09-18   | 24586.0  | 18343    | 0.03    | 110.16 
NVDA     | 212.5    | 2026-09-18   | 24584.0  | 16332.0  | 0.14    | 41.41  
SPY      | 694.0    | 2026-09-18   | 23438    | 1045     | 0.01    | 63.28  
QQQ      | 715.0    | 2026-09-21   | 23251    | 7266     | 3.35    | 14.32  
QQQ      | 718.0    | 2026-09-18   | 21891.0  | 3945     | 3.33    | 18.6   
SPY      | 752.0    | 2026-09-18   | 20569    | 7559     | 0.35    | 20.26  
SPY      | 687.0    | 2026-09-18   | 20332    | 2520     | 0.02    | 68.75  
SPY      | 749.0    | 2026-09-18   | 20198    | 8107     | 0.19    | 21.53  
INTC     | 107.0    | 2026-09-18   | 19584.0  | 124      | 0.83    | 70.31  
NFLX     | 75.0     | 2026-09-18   | 18801.0  | 14733.0  | 0.36    | 32.52  
SPY      | 754.0    | 2026-09-18   | 18139    | 5592     | 0.52    | 19.51  
AAPL     | 337.5    | 2026-09-18   | 17744.0  | 2511     | 2.1     | 26.69  
TSLA     | 372.5    | 2026-09-18   | 17653.0  | 509.0    | 7.49    | 46.78  
IWM      | 300.0    | 2026-09-18   | 17112.0  | 6818.0   | 14.76   | 57.81  
SPY      | 753.0    | 2026-09-18   | 17077    | 5357     | 0.42    | 19.92  
SPY      | 639.0    | 2026-09-18   | 16812    | 12095    | 0.02    | 103.13 
QQQ      | 711.0    | 2026-09-18   | 16809.0  | 3849     | 0.86    | 19.63  
QQQ      | 707.0    | 2026-09-18   | 16300.0  | 2901     | 0.42    | 21.7   
QQQ      | 708.0    | 2026-09-18   | 16201.0  | 4841     | 0.51    | 21.17  
SPY      | 701.0    | 2026-09-18   | 16197    | 2267     | 0.03    | 59.77  
BAC      | 60.0     | 2026-09-18   | 15597    | 15036.0  | 1.84    | 44.53  
SPCX     | 140.0    | 2026-09-25   | 15291.0  | 15193    | 0.55    | 53.22  
SOFI     | 20.0     | 2026-09-18   | 15085    | 14695    | 3.25    | 150.0  
AMD      | 520.0    | 2026-09-18   | 14957.0  | 2421     | 0.73    | 66.58  
SPCX     | 150.0    | 2026-09-25   | 14761.0  | 3919     | 2.44    | 50.02  
SPY      | 702.0    | 2026-09-18   | 14660    | 844      | 0.02    | 58.98  
NVDA     | 192.5    | 2026-09-18   | 14565.0  | 5190.0   | 0.02    | 101.56 
NFLX     | 76.0     | 2026-09-18   | 14553.0  | 9119.0   | 0.94    | 35.35  
AAPL     | 320.0    | 2026-09-18   | 14308.0  | 12047    | 0.06    | 50.2   
SPY      | 636.0    | 2026-09-18   | 13960    | 9853     | 0.02    | 106.25 
QQQ      | 710.0    | 2026-09-21   | 13806    | 1371     | 1.82    | 14.94  
AMZN     | 247.5    | 2026-09-18   | 13799.0  | 3820     | 0.43    | 31.64  
QQQ      | 719.0    | 2026-09-18   | 13794.0  | 2544     | 3.9     | 18.59  
PLTR     | 175.0    | 2026-09-18   | 13738    | 5844     | 1.34    | 51.86  
AMD      | 530.0    | 2026-09-18   | 13670.0  | 1079     | 1.89    | 61.91  
TSLA     | 400.0    | 2026-09-18   | 13470.0  | 4664.0   | 33.69   | 84.96  
AMD      | 540.0    | 2026-09-18   | 13306.0  | 662      | 4.42    | 59.28  
SPCX     | 230.0    | 2026-09-18   | 13256.0  | 1633     | 76.05   | 561.13 
SPY      | 760.0    | 2026-09-21   | 13228.0  | 1568.0   | 2.7     | 12.24  
SPY      | 751.0    | 2026-09-18   | 13090    | 7113     | 0.29    | 20.68  
TSLA     | 375.0    | 2026-09-18   | 12980.0  | 3114.0   | 9.54    | 47.8   
INTC     | 111.0    | 2026-09-18   | 12837.0  | 25       | 3.25    | 75.98  
PLTR     | 172.5    | 2026-09-18   | 12805    | 4886     | 0.61    | 53.03  
META     | 677.5    | 2026-09-18   | 12665.0  | 605.0    | 3.95    | 42.64  
AMD      | 535.0    | 2026-09-18   | 12504.0  | 137      | 2.95    | 60.33  
QQQ      | 709.0    | 2026-09-18   | 12180.0  | 2839     | 0.6     | 20.66  
AMD      | 545.0    | 2026-09-18   | 11913.0  | 34       | 6.65    | 58.61  
SPY      | 691.0    | 2026-09-18   | 11703    | 453      | 0.02    | 65.63  
AAPL     | 322.5    | 2026-09-18   | 11598.0  | 5659     | 0.07    | 44.73  
NVDA     | 197.5    | 2026-09-18   | 11439.0  | 8060.0   | 0.03    | 87.5   
BA       | 235.0    | 2026-09-18   | 11418.0  | 1978     | 36.62   | 181.25 
NVDA     | 217.5    | 2026-09-21   | 11285.0  | 513.0    | 1.43    | 24.22  
SPY      | 637.0    | 2026-09-18   | 11197    | 3648     | 0.02    | 103.13 
GOOGL    | 345.0    | 2026-09-18   | 11033.0  | 4812     | 1.28    | 31.96  
TSLA     | 352.5    | 2026-09-18   | 10966.0  | 2647.0   | 0.28    | 48.63  
WMT      | 104.0    | 2026-09-18   | 10951.0  | 2737     | 0.03    | 31.64  
ORCL     | 185.0    | 2026-09-18   | 10863.0  | 1563.0   | 34.35   | 195.31 
META     | 670.0    | 2026-09-18   | 10832.0  | 4149.0   | 1.84    | 43.29  
AMZN     | 267.5    | 2026-09-18   | 10607.0  | 12       | 16.3    | 75.39  
SPY      | 621.0    | 2026-09-18   | 10285    | 7274     | 0.04    | 118.75 
INTC     | 110.0    | 2026-09-21   | 10257.0  | 25.0     | 3.1     | 53.71  
AAPL     | 335.0    | 2026-09-21   | 9931     | 352.0    | 1.84    | 19.93  
QQQ      | 714.0    | 2026-09-21   | 9839     | 188      | 2.95    | 14.37  
SOFI     | 22.0     | 2026-09-18   | 9835     | 9205     | 5.22    | 212.5  
META     | 660.0    | 2026-09-18   | 9732.0   | 2125.0   | 0.55    | 45.09  
SPY      | 748.0    | 2026-09-18   | 9610     | 6506     | 0.16    | 22.07  
BA       | 230.0    | 2026-09-18   | 9438.0   | 1690     | 32.52   | 156.84 
AMD      | 542.5    | 2026-09-18   | 9379.0   | 37       | 5.4     | 58.92  
QQQ      | 706.0    | 2026-09-18   | 9095.0   | 6502     | 0.38    | 22.36  
SPY      | 746.0    | 2026-09-18   | 8919     | 7966     | 0.11    | 23.29  
SPY      | 693.0    | 2026-09-18   | 8680     | 1314     | 0.02    | 64.06  
AMZN     | 280.0    | 2026-09-18   | 8624.0   | 385      | 28.49   | 106.06 
SPY      | 762.0    | 2026-09-21   | 8623.0   | 354.0    | 3.6     | 12.35  
AMD      | 550.0    | 2026-09-18   | 8475.0   | 2228     | 9.25    | 58.94  
META     | 665.0    | 2026-09-18   | 8467.0   | 1399.0   | 1.05    | 44.12  
INTC     | 103.0    | 2026-09-18   | 8363.0   | 1817     | 0.16    | 75.78  
META     | 650.0    | 2026-09-18   | 8261.0   | 6995.0   | 0.18    | 50.88  
SPCX     | 152.5    | 2026-09-25   | 8230.0   | 724      | 3.4     | 49.73  
ORCL     | 190.0    | 2026-09-18   | 8218.0   | 1087.0   | 40.8    | 269.14 
AMD      | 525.0    | 2026-09-18   | 8166.0   | 460      | 1.21    | 64.01  
WMT      | 120.0    | 2026-09-18   | 8011.0   | 2507     | 13.76   | 92.19  
SPY      | 744.0    | 2026-09-18   | 7952     | 5072     | 0.09    | 24.51  
BAC      | 62.5     | 2026-09-18   | 7924     | 5231.0   | 4.32    | 83.2   
INTC     | 104.0    | 2026-09-18   | 7917.0   | 983      | 0.25    | 74.22  
AMZN     | 265.0    | 2026-09-18   | 7908.0   | 988      | 13.65   | 63.18  
BA       | 220.0    | 2026-09-18   | 7826.0   | 3467     | 22.63   | 124.41 
BA       | 215.0    | 2026-09-18   | 7809.0   | 7732     | 17.8    | 98.83  
META     | 675.0    | 2026-09-18   | 7769.0   | 1181.0   | 3.15    | 42.42  
SPY      | 745.0    | 2026-09-21   | 7762.0   | 1207.0   | 0.35    | 15.03  
AAPL     | 330.0    | 2026-09-21   | 7693     | 812.0    | 0.65    | 20.83  
QQQ      | 704.0    | 2026-09-18   | 7691.0   | 4781     | 0.28    | 23.54  
QQQ      | 716.0    | 2026-09-21   | 7679     | 182      | 3.8     | 14.25  
AMD      | 500.0    | 2026-09-18   | 7675.0   | 4916     | 0.14    | 78.22  
JNJ      | 255.0    | 2026-09-25   | 7663.0   | 6664     | 0.31    | 29.47  
NFLX     | 90.0     | 2026-09-18   | 7601.0   | 1756.0   | 14.35   | 250.78 
SPY      | 671.0    | 2026-09-18   | 7391     | 6971     | 0.05    | 75.0   
QQQ      | 693.0    | 2026-09-21   | 7119     | 852      | 0.26    | 19.24  
SPY      | 763.0    | 2026-09-21   | 7088.0   | 672.0    | 4.1     | 12.51  
ORCL     | 195.0    | 2026-09-18   | 6890.0   | 1118.0   | 45.95   | 181.25 
META     | 680.0    | 2026-09-18   | 6748.0   | 1650.0   | 4.9     | 42.43  
NFLX     | 82.0     | 2026-09-18   | 6732.0   | 4429.0   | 6.68    | 104.3  
NFLX     | 81.0     | 2026-09-18   | 6684.0   | 4629.0   | 5.4     | 60.94  
SPY      | 717.0    | 2026-09-18   | 6610     | 2429     | 0.04    | 47.66  
TSLA     | 365.0    | 2026-09-21   | 6587     | 691      | 4.4     | 32.92  
SPY      | 761.0    | 2026-09-21   | 6581.0   | 1070.0   | 3.11    | 12.19  
ADBE     | 300.0    | 2026-09-18   | 6425.0   | 1564.0   | 48.6    | 217.19 
AVGO     | 420.0    | 2026-09-18   | 6398.0   | 1051     | 71.68   | 219.73 
QQQ      | 699.0    | 2026-09-18   | 6188.0   | 2492     | 0.14    | 26.81  
QQQ      | 702.0    | 2026-09-18   | 6180.0   | 4676     | 0.19    | 24.71  
SPY      | 697.0    | 2026-09-18   | 6164     | 1056     | 0.02    | 60.16  
TSLA     | 350.0    | 2026-09-21   | 6158     | 1325     | 0.68    | 35.08  
ARKK     | 80.0     | 2026-09-25   | 6125.0   | 5486.0   | 0.12    | 40.53  
AMZN     | 270.0    | 2026-09-18   | 6091.0   | 947      | 18.45   | 87.3   
WMT      | 115.0    | 2026-09-18   | 6039.0   | 5691     | 8.51    | 132.81 
BAC      | 57.0     | 2026-09-18   | 5972     | 2929.0   | 0.02    | 27.74  
SPY      | 696.0    | 2026-09-18   | 5957     | 1067     | 0.02    | 60.94  
AVGO     | 410.0    | 2026-09-18   | 5827.0   | 1031     | 62.15   | 179.49 
AMD      | 532.5    | 2026-09-18   | 5822.0   | 106      | 2.36    | 61.08  
SPY      | 766.0    | 2026-09-18   | 5797     | 3802     | 5.62    | 23.82  
ORCL     | 175.0    | 2026-09-18   | 5764.0   | 1914.0   | 25.8    | 150.78 
MSFT     | 495.0    | 2026-09-18   | 5592.0   | 4001     | 1.65    | 27.77  
BAC      | 61.0     | 2026-09-18   | 5561     | 3580.0   | 2.95    | 58.98  
TSLA     | 367.5    | 2026-09-21   | 5513     | 416      | 5.7     | 33.12  
SPY      | 727.0    | 2026-09-18   | 5504     | 3080     | 0.04    | 39.06  
AAPL     | 325.0    | 2026-09-21   | 5471     | 1525.0   | 0.25    | 23.63  
META     | 667.5    | 2026-09-18   | 5405.0   | 621.0    | 1.38    | 43.6   
COIN     | 165.0    | 2026-09-18   | 5384.0   | 5303     | 0.23    | 73.05  
AMD      | 510.0    | 2026-09-18   | 5294.0   | 2083     | 0.28    | 71.83  
TSLA     | 347.5    | 2026-09-18   | 5238.0   | 3095.0   | 0.14    | 54.69  
AMZN     | 252.5    | 2026-09-18   | 5217.0   | 3025     | 2.28    | 31.25  
QQQ      | 530.0    | 2026-09-21   | 5210     | 4990     | 0.02    | 84.38  
META     | 672.5    | 2026-09-18   | 5208.0   | 1006.0   | 2.29    | 43.14  
SPCX     | 155.0    | 2026-09-25   | 5197.0   | 1190     | 4.57    | 49.79  
TSLA     | 360.0    | 2026-09-21   | 5185     | 1802     | 2.52    | 33.06  
AVGO     | 400.0    | 2026-09-18   | 5179.0   | 952      | 51.62   | 170.31 
NVDA     | 220.0    | 2026-09-21   | 5145.0   | 612.0    | 2.52    | 23.27  
IWM      | 266.0    | 2026-09-18   | 5049.0   | 984.0    | 0.01    | 53.91  
NVDA     | 215.0    | 2026-09-21   | 5011.0   | 2122.0   | 0.74    | 25.17  
AMZN     | 275.0    | 2026-09-18   | 4964.0   | 506      | 24.23   | 119.43 
SPY      | 689.0    | 2026-09-18   | 4955     | 1298     | 0.02    | 67.19  
ORCL     | 180.0    | 2026-09-18   | 4952.0   | 786.0    | 29.39   | 173.44 
TSLA     | 160.0    | 2026-09-18   | 4949.0   | 2200.0   | 0.01    | 462.5  
QQQ      | 703.0    | 2026-09-18   | 4877.0   | 3730     | 0.23    | 24.27  
AVGO     | 390.0    | 2026-09-18   | 4864.0   | 798      | 41.65   | 85.94  
QQQ      | 692.0    | 2026-09-18   | 4828.0   | 3866     | 0.07    | 31.74  
SPY      | 758.0    | 2026-09-21   | 4819.0   | 876.0    | 2.02    | 12.34  
TSLA     | 355.0    | 2026-09-21   | 4814     | 754      | 1.3     | 33.77  
NFLX     | 91.0     | 2026-09-18   | 4781.0   | 807.0    | 15.45   | 188.28 
SPY      | 750.0    | 2026-09-21   | 4776.0   | 4469.0   | 0.65    | 13.71  
GOOGL    | 342.5    | 2026-09-18   | 4721.0   | 1243     | 0.61    | 32.57  
META     | 655.0    | 2026-09-18   | 4719.0   | 1278.0   | 0.34    | 47.56  
NFLX     | 85.0     | 2026-09-18   | 4634.0   | 3398.0   | 9.53    | 137.5  
IWM      | 301.0    | 2026-09-18   | 4569.0   | 1094.0   | 15.52   | 60.94  
NVDA     | 215.0    | 2026-09-23   | 4540     | 655      | 1.4     | 27.91  
META     | 645.0    | 2026-09-18   | 4535.0   | 2928.0   | 0.12    | 50.2   
SMH      | 650.0    | 2026-09-18   | 4500.0   | 943.0    | 88.7    | 172.66 
AMZN     | 272.5    | 2026-09-18   | 4480.0   | 0        | 20.35   | 95.9   
SPY      | 659.0    | 2026-09-18   | 4472     | 1885     | 0.01    | 85.94  
QQQ      | 697.0    | 2026-09-21   | 4456     | 408      | 0.4     | 18.16  
IWM      | 285.0    | 2026-09-21   | 4454.0   | 1043     | 1.41    | 13.58  
SPY      | 676.0    | 2026-09-18   | 4445     | 2337     | 0.05    | 78.91  
INTC     | 105.0    | 2026-09-21   | 4444.0   | 149.0    | 0.97    | 54.1   
INTC     | 101.0    | 2026-09-18   | 4405.0   | 2453     | 0.08    | 82.03  
AVGO     | 345.0    | 2026-09-18   | 4393.0   | 3687     | 1.29    | 32.72  
TSLA     | 370.0    | 2026-09-21   | 4327     | 336      | 7.19    | 33.69  
INTC     | 102.0    | 2026-09-18   | 4312.0   | 2207     | 0.11    | 78.91  
NVDA     | 210.0    | 2026-09-21   | 4307.0   | 3410.0   | 0.23    | 29.25  
QQQ      | 700.0    | 2026-09-21   | 4298     | 3745     | 0.57    | 17.29  
TSLA     | 372.5    | 2026-09-21   | 4286     | 55       | 9.0     | 34.11  
QQQ      | 713.0    | 2026-09-21   | 4266     | 195      | 2.56    | 14.47  
AMD      | 515.0    | 2026-09-18   | 4237.0   | 691      | 0.5     | 69.14  
SPY      | 759.0    | 2026-09-21   | 4207.0   | 1232.0   | 2.36    | 12.24  
TSLA     | 365.0    | 2026-09-23   | 4195     | 344      | 6.2     | 36.82  
AMZN     | 277.5    | 2026-09-18   | 4100.0   | 0        | 26.18   | 124.12 
SPY      | 706.0    | 2026-09-18   | 4078     | 1095     | 0.02    | 55.08  
NVDA     | 217.5    | 2026-09-23   | 4067     | 247      | 2.19    | 27.05  
NVDA     | 212.5    | 2026-09-21   | 4053.0   | 2054.0   | 0.39    | 26.95  
INTC     | 98.0     | 2026-09-18   | 4028.0   | 3400     | 0.04    | 96.09  
ARKK     | 82.0     | 2026-10-02   | 4028.0   | 59       | 0.7     | 36.96  
SPY      | 688.0    | 2026-09-18   | 4008     | 2053     | 0.01    | 67.97  
AMZN     | 262.5    | 2026-09-18   | 4005.0   | 291      | 10.97   | 59.77  
ARKK     | 76.0     | 2026-10-02   | 4000.0   | 148      | 0.1     | 40.33  
AAPL     | 332.5    | 2026-09-21   | 3989     | 423.0    | 1.1     | 20.41  
SPY      | 686.0    | 2026-09-18   | 3967     | 1932     | 0.02    | 70.31  
PLTR     | 150.0    | 2026-09-25   | 3959.0   | 2090.0   | 0.24    | 61.62  
SPY      | 677.0    | 2026-09-18   | 3941     | 2986     | 0.07    | 78.13  
NVDA     | 240.0    | 2026-09-18   | 3893.0   | 1106.0   | 20.69   | 86.33  
QQQ      | 705.0    | 2026-09-21   | 3873     | 1207     | 0.99    | 16.05  
QQQ      | 711.0    | 2026-09-21   | 3865     | 647      | 2.05    | 14.76  
ORCL     | 210.0    | 2026-09-18   | 3865.0   | 630.0    | 60.95   | 225.0  
SPCX     | 142.0    | 2026-09-25   | 3860.0   | 733      | 0.76    | 52.25  
ORCL     | 200.0    | 2026-09-18   | 3817.0   | 691.0    | 50.95   | 196.88 
QQQ      | 712.0    | 2026-09-21   | 3806     | 205      | 2.33    | 14.64  
C        | 140.0    | 2026-09-18   | 3775     | 2489     | 7.41    | 78.32  
ORCL     | 149.0    | 2026-09-18   | 3757.0   | 660.0    | 1.1     | 56.84  
QQQ      | 717.0    | 2026-09-21   | 3734     | 116      | 4.26    | 14.23  
COIN     | 167.5    | 2026-09-18   | 3680.0   | 1791     | 0.5     | 71.29  
PLTR     | 165.0    | 2026-09-25   | 3657.0   | 3373.0   | 1.2     | 50.15  
NVDA     | 235.0    | 2026-09-18   | 3608.0   | 1537.0   | 15.32   | 53.91  
SPY      | 757.0    | 2026-09-21   | 3604.0   | 434.0    | 1.72    | 12.43  
QQQ      | 694.0    | 2026-09-18   | 3596.0   | 2628     | 0.07    | 30.08  
PYPL     | 60.0     | 2026-09-18   | 3594.0   | 2399     | 6.72    | 213.67 
PLTR     | 177.5    | 2026-09-18   | 3570     | 1654     | 2.64    | 52.1   
MSFT     | 492.5    | 2026-09-18   | 3535.0   | 1497     | 0.97    | 28.54  
NFLX     | 116.0    | 2026-09-18   | 3516.0   | 660.0    | 40.1    | 426.56 
MSFT     | 485.0    | 2026-09-18   | 3488.0   | 3253     | 0.2     | 31.49  
SPY      | 760.0    | 2026-09-22   | 3475.0   | 1883.0   | 3.28    | 12.57  
PLTR     | 167.5    | 2026-09-18   | 3467     | 3232     | 0.11    | 59.96  
TSLA     | 362.5    | 2026-09-21   | 3456     | 270      | 3.36    | 33.09  
NFLX     | 110.0    | 2026-09-18   | 3444.0   | 990.0    | 34.1    | 384.38 
QQQ      | 707.0    | 2026-09-21   | 3417     | 497      | 1.26    | 15.55  
QQQ      | 698.0    | 2026-09-18   | 3416.0   | 2870     | 0.11    | 27.3   
PLTR     | 160.0    | 2026-09-25   | 3410.0   | 2404.0   | 0.63    | 51.66  
SPCX     | 180.0    | 2026-09-18   | 3385.0   | 1119     | 24.7    | 216.8  
QQQ      | 590.0    | 2026-09-21   | 3366     | 537      | 0.02    | 61.72  
QQQ      | 505.0    | 2026-09-21   | 3360     | 315      | 0.02    | 96.88  
QQQ      | 704.0    | 2026-09-21   | 3310     | 1139     | 0.88    | 16.3   
SPCX     | 80.0     | 2026-09-25   | 3270.0   | 355      | 0.03    | 140.63 
HD       | 330.0    | 2026-09-18   | 3251.0   | 2208     | 27.8    | 134.52 
TSLA     | 377.5    | 2026-09-18   | 3241.0   | 381.0    | 11.85   | 53.86  
NFLX     | 86.0     | 2026-09-18   | 3230.0   | 760.0    | 10.47   | 159.38 
ORCL     | 220.0    | 2026-09-18   | 3186.0   | 517.0    | 70.95   | 394.73 
COIN     | 230.0    | 2026-09-18   | 3159.0   | 514      | 58.47   | 380.18 
SPCX     | 157.5    | 2026-09-18   | 3128.0   | 1099     | 3.57    | 57.72  
ORCL     | 170.0    | 2026-09-18   | 3113.0   | 1035.0   | 20.8    | 92.19  
QQQ      | 697.0    | 2026-09-18   | 3110.0   | 2590     | 0.11    | 28.13  
META     | 652.5    | 2026-09-18   | 3107.0   | 873.0    | 0.25    | 48.58  
AVGO     | 370.0    | 2026-09-18   | 3082.0   | 2017     | 22.62   | 68.56  
ORCL     | 147.0    | 2026-09-18   | 3060.0   | 965.0    | 0.54    | 57.23  
QQQ      | 708.0    | 2026-09-21   | 3027     | 778      | 1.36    | 15.32  
TSLA     | 345.0    | 2026-09-21   | 3004     | 1327     | 0.37    | 37.45  
SPY      | 761.0    | 2026-09-22   | 3001.0   | 324.0    | 3.68    | 12.49  
SMH      | 630.0    | 2026-09-18   | 3000.0   | 758.0    | 68.65   | 158.06 
QQQ      | 730.0    | 2026-09-18   | 2932.0   | 2783     | 13.2    | 29.18  
AMZN     | 257.5    | 2026-09-18   | 2918.0   | 1195     | 6.32    | 37.31  
NVDA     | 205.0    | 2026-09-23   | 2907     | 1543     | 0.26    | 35.16  
IWM      | 286.0    | 2026-09-21   | 2903.0   | 319      | 1.79    | 13.23  
WMT      | 106.0    | 2026-09-18   | 2900.0   | 1988     | 0.21    | 24.61  
IWM      | 305.0    | 2026-09-18   | 2891.0   | 1013.0   | 19.32   | 72.66  
AVGO     | 380.0    | 2026-09-18   | 2875.0   | 1861     | 31.91   | 81.84  
UNH      | 400.0    | 2026-09-18   | 2874     | 1605     | 23.5    | 121.12 
SPY      | 762.0    | 2026-09-22   | 2870.0   | 167.0    | 4.16    | 12.51  
AMD      | 527.5    | 2026-09-18   | 2859.0   | 475      | 1.44    | 63.04  
WMT      | 125.0    | 2026-09-18   | 2830.0   | 1081     | 18.89   | 120.31 
GOOGL    | 347.5    | 2026-09-18   | 2796.0   | 564      | 2.35    | 32.18  
QQQ      | 691.0    | 2026-09-18   | 2785.0   | 2626     | 0.05    | 32.81  
AAPL     | 327.5    | 2026-09-21   | 2777     | 1049.0   | 0.38    | 22.24  
META     | 662.5    | 2026-09-18   | 2767.0   | 566.0    | 0.77    | 44.53  
QQQ      | 718.0    | 2026-09-21   | 2744     | 100      | 4.8     | 14.21  
TSLA     | 410.0    | 2026-09-18   | 2720.0   | 523.0    | 43.5    | 109.18 
SPY      | 662.0    | 2026-09-18   | 2715     | 1412     | 0.01    | 84.38  
NFLX     | 87.0     | 2026-09-18   | 2674.0   | 629.0    | 11.4    | 212.31 
AVGO     | 337.5    | 2026-09-18   | 2643.0   | 2032     | 0.17    | 36.82  
META     | 647.5    | 2026-09-18   | 2638.0   | 508.0    | 0.15    | 51.17  
INTC     | 106.0    | 2026-09-21   | 2628.0   | 5.0      | 1.21    | 53.76  
HD       | 320.0    | 2026-09-18   | 2624.0   | 1714     | 16.77   | 57.23  
SPY      | 644.0    | 2026-09-18   | 2604     | 1073     | 0.02    | 98.44  
NFLX     | 75.0     | 2026-09-25   | 2566.0   | 1859     | 1.15    | 29.49  
SOFI     | 13.5     | 2026-09-25   | 2554     | 363      | 0.02    | 73.44  
QQQ      | 696.0    | 2026-09-21   | 2550     | 468      | 0.36    | 18.45  
QQQ      | 706.0    | 2026-09-21   | 2547     | 619      | 1.12    | 15.78  
META     | 730.0    | 2026-09-18   | 2538.0   | 912.0    | 50.25   | 110.06 
TSLA     | 370.0    | 2026-09-23   | 2494     | 102      | 8.99    | 37.38  
IWM      | 287.0    | 2026-09-21   | 2486.0   | 181      | 2.31    | 12.96  
TSLA     | 165.0    | 2026-09-18   | 2464.0   | 2300.0   | 0.01    | 450.0  
TSLA     | 425.0    | 2026-09-18   | 2460.0   | 321.0    | 58.42   | 168.26 
META     | 657.5    | 2026-09-18   | 2428.0   | 610.0    | 0.41    | 45.95  
SPY      | 767.0    | 2026-09-18   | 2405     | 2265     | 6.42    | 25.39  
ORCL     | 148.0    | 2026-09-18   | 2401.0   | 1608.0   | 0.78    | 56.84  
AMD      | 505.0    | 2026-09-18   | 2398.0   | 1515     | 0.2     | 75.2   
AVGO     | 347.5    | 2026-09-18   | 2389.0   | 1200     | 2.43    | 32.52  
ADBE     | 270.0    | 2026-09-18   | 2374.0   | 1479.0   | 18.72   | 68.75  
ORCL     | 230.0    | 2026-09-18   | 2372.0   | 458.0    | 80.6    | 281.25 
IWM      | 302.0    | 2026-09-18   | 2368.0   | 812.0    | 16.25   | 63.87  
SOFI     | 25.0     | 2026-09-18   | 2365     | 1575     | 8.26    | 300.0  
SPY      | 632.0    | 2026-09-18   | 2344     | 925      | 0.02    | 109.38 
COIN     | 162.5    | 2026-09-18   | 2320.0   | 1194     | 0.13    | 78.52  
DIA      | 516.0    | 2026-09-18   | 2318.0   | 2134     | 0.97    | 18.51  
ORCL     | 80.0     | 2026-09-25   | 2267.0   | 211.0    | 0.01    | 150.0  
AMD      | 520.0    | 2026-09-21   | 2254     | 233      | 2.28    | 46.97  
QQQ      | 735.0    | 2026-09-18   | 2252.0   | 716      | 18.2    | 36.08  
AMD      | 517.5    | 2026-09-18   | 2239.0   | 443      | 0.61    | 67.92  
WMT      | 103.0    | 2026-09-18   | 2224.0   | 1923     | 0.01    | 42.19  
ORCL     | 150.0    | 2026-09-25   | 2214.0   | 1257.0   | 3.9     | 48.32  
COST     | 920.0    | 2026-09-18   | 2214.0   | 1389     | 25.83   | 47.99  
ORCL     | 270.0    | 2026-09-18   | 2179.0   | 426.0    | 120.55  | 581.25 
AMD      | 522.5    | 2026-09-18   | 2174.0   | 957      | 0.95    | 65.19  
AMD      | 512.5    | 2026-09-18   | 2133.0   | 649      | 0.39    | 70.75  
SPCX     | 215.0    | 2026-09-18   | 2124.0   | 266      | 60.05   | 343.36 
TSLA     | 290.0    | 2026-09-21   | 2117     | 73       | 0.08    | 83.98  
SPY      | 704.0    | 2026-09-18   | 2094     | 1720     | 0.03    | 57.03  
BAC      | 58.0     | 2026-09-25   | 2091.0   | 1803.0   | 0.63    | 22.66  
NVDA     | 220.0    | 2026-09-23   | 2060     | 334      | 3.34    | 26.78  
SPY      | 716.0    | 2026-09-18   | 2054     | 1826     | 0.04    | 48.44  
SPY      | 748.0    | 2026-09-21   | 2045.0   | 1279.0   | 0.5     | 14.2   
SPCX     | 155.0    | 2026-10-02   | 2039.0   | 618      | 6.2     | 49.55  
QQQ      | 720.0    | 2026-09-21   | 2038     | 1464     | 5.91    | 14.28  
QQQ      | 535.0    | 2026-09-21   | 2036     | 1485     | 0.02    | 82.81  
HD       | 340.0    | 2026-09-18   | 2034.0   | 355      | 38.15   | 166.31 
SMH      | 555.0    | 2026-09-18   | 2032.0   | 1827.0   | 1.25    | 34.18  
QQQ      | 745.0    | 2026-09-18   | 2031.0   | 933      | 28.17   | 49.95  
AAPL     | 337.5    | 2026-09-21   | 2015     | 62.0     | 2.95    | 19.83  
NFLX     | 83.0     | 2026-09-18   | 2012.0   | 1730.0   | 7.68    | 78.13  
SPY      | 643.0    | 2026-09-18   | 2006     | 1404     | 0.02    | 98.44  
ORCL     | 144.0    | 2026-09-18   | 1998.0   | 1476.0   | 0.16    | 60.84  
C        | 139.0    | 2026-09-18   | 1972     | 1304     | 6.1     | 74.22  
AVGO     | 342.5    | 2026-09-18   | 1970.0   | 845      | 0.67    | 33.2   
ADBE     | 290.0    | 2026-09-18   | 1969.0   | 236.0    | 38.9    | 194.63 
TSLA     | 360.0    | 2026-09-23   | 1968     | 776      | 4.05    | 36.65  
TSLA     | 357.5    | 2026-09-21   | 1966     | 416      | 1.82    | 33.28  
AMD      | 507.5    | 2026-09-18   | 1963.0   | 1313     | 0.25    | 73.73  
NFLX     | 95.0     | 2026-09-18   | 1958.0   | 671.0    | 19.4    | 260.94 
SPCX     | 148.0    | 2026-09-25   | 1954.0   | 1126     | 1.84    | 50.12  
IWM      | 303.0    | 2026-09-18   | 1945.0   | 678.0    | 17.32   | 66.21  
TSLA     | 420.0    | 2026-09-18   | 1940.0   | 258.0    | 53.36   | 116.21 
QQQ      | 661.0    | 2026-09-18   | 1939.0   | 1342     | 0.02    | 58.2   
TSLA     | 337.5    | 2026-09-18   | 1938.0   | 1420.0   | 0.06    | 71.88  
TSLA     | 500.0    | 2026-09-18   | 1927.0   | 342.0    | 133.9   | 252.54 
NFLX     | 73.0     | 2026-09-25   | 1890.0   | 614      | 0.45    | 29.74  
NVDA     | 210.0    | 2026-09-23   | 1887     | 753      | 0.57    | 30.47  
NFLX     | 89.0     | 2026-09-18   | 1885.0   | 474.0    | 14.85   | 311.52 
BA       | 197.5    | 2026-09-18   | 1879.0   | 976      | 1.62    | 37.79  
AMD      | 540.0    | 2026-09-21   | 1869     | 27       | 7.55    | 44.54  
ORCL     | 146.0    | 2026-09-18   | 1855.0   | 1776.0   | 0.36    | 57.62  
UNH      | 420.0    | 2026-09-18   | 1836     | 271      | 42.95   | 104.88 
QQQ      | 702.0    | 2026-09-21   | 1821     | 570      | 0.68    | 16.82  
MSFT     | 497.5    | 2026-09-18   | 1818.0   | 546      | 2.66    | 27.47  
MSFT     | 487.5    | 2026-09-18   | 1815.0   | 1806     | 0.33    | 30.37  
QQQ      | 716.0    | 2026-09-22   | 1813.0   | 340.0    | 4.44    | 15.03  
TSLA     | 295.0    | 2026-09-21   | 1804     | 23       | 0.05    | 87.89  
BAC      | 62.0     | 2026-09-25   | 1800.0   | 1179.0   | 3.8     | 35.94  
BA       | 240.0    | 2026-09-18   | 1796.0   | 367      | 40.3    | 276.76 
INTC     | 112.0    | 2026-09-18   | 1793.0   | 13       | 3.75    | 71.88  
QQQ      | 715.0    | 2026-09-22   | 1789.0   | 558.0    | 4.1     | 15.08  
PFE      | 27.5     | 2026-09-25   | 1783.0   | 1091     | 0.25    | 21.88  
QQQ      | 580.0    | 2026-09-22   | 1762.0   | 1244.0   | 0.02    | 59.38  
TSLA     | 352.5    | 2026-09-21   | 1760     | 905      | 0.93    | 34.38  
C        | 145.0    | 2026-09-18   | 1754     | 1056     | 11.1    | 84.38  
NFLX     | 84.0     | 2026-09-18   | 1739.0   | 1552.0   | 8.1     | 164.84 
JPM      | 342.5    | 2026-09-18   | 1739.0   | 638      | 0.2     | 29.3   
QQQ      | 709.0    | 2026-09-21   | 1729     | 1073     | 1.59    | 15.13  
META     | 790.0    | 2026-09-18   | 1723.0   | 296.0    | 110.45  | 149.66 
AMZN     | 250.0    | 2026-09-23   | 1694     | 405      | 2.75    | 27.01  
ORCL     | 135.0    | 2026-09-25   | 1693.0   | 1388.0   | 0.35    | 50.68  
QQQ      | 565.0    | 2026-09-22   | 1691.0   | 1631.0   | 0.02    | 66.41  
IWM      | 255.0    | 2026-09-22   | 1688.0   | 1677     | 0.07    | 39.45  
TSLA     | 440.0    | 2026-09-18   | 1679.0   | 294.0    | 73.77   | 189.55 
SPY      | 754.0    | 2026-09-21   | 1674.0   | 499.0    | 1.15    | 12.92  
ORCL     | 152.5    | 2026-09-18   | 1662.0   | 1166.0   | 2.95    | 58.5   
SPY      | 756.0    | 2026-09-21   | 1657.0   | 351.0    | 1.51    | 12.55  
SPY      | 764.0    | 2026-09-21   | 1635.0   | 537.0    | 4.61    | 12.71  
SPY      | 683.0    | 2026-09-18   | 1615     | 1473     | 0.06    | 72.66  
AMZN     | 250.0    | 2026-09-21   | 1607.0   | 650      | 1.81    | 22.83  
QQQ      | 651.0    | 2026-09-18   | 1593.0   | 1319     | 0.02    | 64.84  
INTC     | 100.0    | 2026-09-21   | 1588.0   | 463.0    | 0.22    | 56.93  
MSFT     | 490.0    | 2026-09-21   | 1569.0   | 132.0    | 1.33    | 21.6   
QQQ      | 710.0    | 2026-09-22   | 1566.0   | 527.0    | 2.51    | 15.8   
NFLX     | 100.0    | 2026-09-18   | 1566.0   | 497.0    | 24.5    | 305.08 
SPY      | 755.0    | 2026-09-22   | 1544.0   | 684.0    | 1.81    | 13.18  
QQQ      | 520.0    | 2026-09-21   | 1540     | 201      | 0.01    | 90.63  
INTC     | 130.0    | 2026-09-18   | 1540.0   | 686      | 20.65   | 142.19 
COIN     | 250.0    | 2026-09-18   | 1536.0   | 251      | 75.46   | 415.63 
QQQ      | 560.0    | 2026-09-21   | 1521     | 1092     | 0.01    | 76.56  
PYPL     | 75.0     | 2026-09-18   | 1519.0   | 521      | 21.85   | 293.75 
PLTR     | 175.0    | 2026-09-25   | 1519.0   | 1102.0   | 4.15    | 47.21  
SPCX     | 150.0    | 2026-10-02   | 1508.0   | 1363     | 3.95    | 49.56  
AVGO     | 330.0    | 2026-09-23   | 1490.0   | 98       | 0.76    | 35.6   
QQQ      | 722.0    | 2026-09-18   | 1478.0   | 776      | 5.97    | 18.96  
GOOGL    | 370.0    | 2026-09-18   | 1477.0   | 953      | 23.49   | 88.43  
ORCL     | 150.0    | 2026-10-02   | 1440.0   | 771.0    | 5.5     | 48.9   
QQQ      | 721.0    | 2026-09-18   | 1435.0   | 863      | 5.07    | 18.73  
AMZN     | 260.0    | 2026-09-21   | 1434.0   | 137      | 8.96    | 26.03  
QQQ      | 703.0    | 2026-09-21   | 1427     | 537      | 0.8     | 16.53  
SPY      | 744.0    | 2026-09-21   | 1424.0   | 522.0    | 0.31    | 15.28  
BA       | 225.0    | 2026-09-18   | 1409.0   | 382      | 25.4    | 158.2  
IWM      | 281.0    | 2026-09-21   | 1407.0   | 815      | 0.43    | 15.77  
AAPL     | 335.0    | 2026-09-23   | 1400.0   | 224      | 2.86    | 22.51  
NVDA     | 280.0    | 2026-09-18   | 1400.0   | 400.0    | 60.7    | 201.17 
TSLA     | 367.5    | 2026-09-23   | 1399     | 72       | 7.49    | 37.21  
GOOGL    | 365.0    | 2026-09-18   | 1399.0   | 853      | 18.78   | 55.18  
MSFT     | 482.5    | 2026-09-18   | 1394.0   | 971      | 0.13    | 34.38  
SPY      | 743.0    | 2026-09-21   | 1390.0   | 487.0    | 0.27    | 15.49  
SPY      | 763.0    | 2026-09-22   | 1382.0   | 220.0    | 4.55    | 12.57  
SPY      | 630.0    | 2026-09-21   | 1379.0   | 208.0    | 0.01    | 54.69  
ORCL     | 127.0    | 2026-09-25   | 1379.0   | 1306.0   | 0.1     | 56.64  
SPCX     | 157.5    | 2026-09-25   | 1375.0   | 222      | 6.0     | 50.22  
MSFT     | 480.0    | 2026-09-21   | 1371.0   | 104.0    | 0.33    | 23.9   
SPCX     | 147.0    | 2026-09-25   | 1361.0   | 736      | 1.62    | 50.42  
AAPL     | 282.5    | 2026-09-18   | 1359.0   | 470      | 0.01    | 115.63 
COST     | 930.0    | 2026-09-18   | 1354.0   | 346      | 37.0    | 51.56  
META     | 675.0    | 2026-09-21   | 1353.0   | 173      | 5.68    | 31.71  
SPY      | 752.0    | 2026-09-21   | 1336.0   | 501.0    | 0.86    | 13.31  
TSLA     | 395.0    | 2026-09-18   | 1335.0   | 855.0    | 28.23   | 89.55  
QQQ      | 701.0    | 2026-09-21   | 1334     | 718      | 0.61    | 17.05  
QQQ      | 690.0    | 2026-09-22   | 1333.0   | 858.0    | 0.38    | 20.64  
CRM      | 247.5    | 2026-09-18   | 1328.0   | 344      | 5.0     | 45.31  
META     | 650.0    | 2026-09-21   | 1317.0   | 554      | 0.85    | 33.52  
BA       | 195.0    | 2026-09-25   | 1309.0   | 686.0    | 2.45    | 30.05  
TSLA     | 350.0    | 2026-09-23   | 1299     | 700      | 1.57    | 37.57  
INTC     | 102.0    | 2026-09-21   | 1294.0   | 1128.0   | 0.4     | 55.86  
QQQ      | 652.0    | 2026-09-18   | 1293.0   | 1091     | 0.02    | 64.06  
TSLA     | 382.5    | 2026-09-18   | 1291.0   | 840.0    | 16.46   | 50.2   
WMT      | 104.0    | 2026-09-25   | 1290.0   | 944      | 0.44    | 23.05  
CRM      | 242.5    | 2026-09-18   | 1281.0   | 1111     | 1.92    | 47.78  
BAC      | 63.0     | 2026-09-18   | 1276     | 1000.0   | 4.79    | 90.63  
AMZN     | 245.0    | 2026-09-23   | 1270     | 439      | 1.14    | 27.27  
ORCL     | 85.0     | 2026-09-25   | 1269.0   | 125.0    | 0.02    | 135.94 
QQQ      | 740.0    | 2026-09-18   | 1262.0   | 582      | 22.96   | 45.83  
WMT      | 130.0    | 2026-09-18   | 1240.0   | 478      | 24.3    | 165.63 
COIN     | 260.0    | 2026-09-18   | 1234.0   | 203      | 89.1    | 498.14 
AAPL     | 330.0    | 2026-09-23   | 1226.0   | 536      | 1.4     | 22.95  
TSLA     | 375.0    | 2026-09-21   | 1225     | 212      | 10.75   | 34.47  
IWM      | 284.0    | 2026-09-21   | 1222.0   | 843      | 1.06    | 14.12  
AMD      | 500.0    | 2026-09-23   | 1215     | 107      | 1.85    | 54.37  
SPY      | 748.0    | 2026-09-22   | 1209.0   | 218.0    | 0.82    | 14.59  
NVDA     | 207.5    | 2026-09-23   | 1207     | 604      | 0.38    | 32.54  
META     | 660.0    | 2026-09-21   | 1200.0   | 346      | 1.91    | 32.29  
SPY      | 747.0    | 2026-09-21   | 1199.0   | 590.0    | 0.46    | 14.44  
QQQ      | 500.0    | 2026-09-21   | 1198     | 241      | 0.01    | 100.0  
NFLX     | 92.0     | 2026-09-18   | 1196.0   | 302.0    | 16.4    | 375.39 
COIN     | 210.0    | 2026-09-18   | 1176.0   | 585      | 38.75   | 215.04 
META     | 820.0    | 2026-09-18   | 1172.0   | 141.0    | 140.1   | 245.87 
AMD      | 487.5    | 2026-09-18   | 1167.0   | 678      | 0.06    | 87.11  
SPCX     | 210.0    | 2026-09-18   | 1163.0   | 185      | 55.1    | 468.75 
SPCX     | 160.0    | 2026-10-02   | 1161.0   | 321      | 9.06    | 49.66  
GOOGL    | 385.0    | 2026-09-18   | 1160.0   | 252      | 37.15   | 111.33 
META     | 642.5    | 2026-09-18   | 1154.0   | 498.0    | 0.11    | 53.13  
PYPL     | 65.0     | 2026-09-18   | 1145.0   | 509      | 12.1    | 295.7  
ORCL     | 250.0    | 2026-09-18   | 1144.0   | 183.0    | 100.55  | 328.13 
IWM      | 277.0    | 2026-09-22   | 1141.0   | 431      | 0.23    | 19.04  
META     | 682.5    | 2026-09-18   | 1123.0   | 257.0    | 6.05    | 42.14  
SPY      | 764.0    | 2026-09-22   | 1111.0   | 249.0    | 5.1     | 12.78  
SPY      | 765.0    | 2026-09-21   | 1102.0   | 593.0    | 5.26    | 12.82  
SPCX     | 190.0    | 2026-09-18   | 1088.0   | 130      | 34.3    | 359.57 
IWM      | 277.5    | 2026-09-22   | 1087.0   | 560      | 0.26    | 18.75  
UNH      | 410.0    | 2026-09-18   | 1084     | 186      | 32.98   | 145.7  
BA       | 185.0    | 2026-09-25   | 1075.0   | 311.0    | 0.37    | 32.03  
GOOGL    | 390.0    | 2026-09-18   | 1074.0   | 176      | 42.25   | 127.15 
CRM      | 280.0    | 2026-09-18   | 1064.0   | 306      | 36.8    | 173.93 
TSLA     | 405.0    | 2026-09-18   | 1062.0   | 282.0    | 38.5    | 97.07  
QQQ      | 510.0    | 2026-09-21   | 1060     | 195      | 0.01    | 95.31  
UNH      | 375.0    | 2026-09-18   | 1059     | 916      | 2.5     | 35.03  
SPY      | 758.0    | 2026-09-22   | 1055.0   | 384.0    | 2.5     | 12.74  
ADBE     | 320.0    | 2026-09-18   | 1035.0   | 135.0    | 68.05   | 284.86 
SPY      | 759.0    | 2026-09-22   | 1028.0   | 1024.0   | 2.89    | 12.65  
SPY      | 751.0    | 2026-09-21   | 1019.0   | 626.0    | 0.75    | 13.52  
CRM      | 270.0    | 2026-09-18   | 1019.0   | 676      | 26.85   | 138.87 
COIN     | 240.0    | 2026-09-18   | 1018.0   | 170      | 67.5    | 456.15 
WMT      | 115.0    | 2026-09-25   | 1018.0   | 674      | 8.2     | 64.8   
AMZN     | 235.0    | 2026-09-23   | 1016     | 284      | 0.2     | 33.99  
C        | 131.0    | 2026-09-18   | 1000     | 961      | 0.35    | 38.09  
XOM      | 170.0    | 2026-09-18   | 997.0    | 904      | 6.8     | 77.64  
CRM      | 110.0    | 2026-09-25   | 994.0    | 149      | 0.01    | 300.2  
AMD      | 512.5    | 2026-09-21   | 991      | 75       | 1.36    | 48.85  
META     | 672.5    | 2026-09-21   | 989.0    | 153      | 4.8     | 31.69  
BA       | 192.5    | 2026-09-18   | 985.0    | 479      | 0.15    | 34.08  
AMD      | 545.0    | 2026-09-21   | 984      | 4        | 9.84    | 44.57  
GM       | 87.0     | 2026-09-18   | 983.0    | 282      | 0.89    | 45.02  
QQQ      | 723.0    | 2026-09-21   | 981      | 313      | 7.23    | 15.32  
QQQ      | 694.0    | 2026-09-21   | 980      | 366      | 0.28    | 18.99  
AMD      | 530.0    | 2026-09-21   | 976      | 22       | 4.2     | 45.54  
TSLA     | 430.0    | 2026-09-18   | 968.0    | 114.0    | 63.6    | 156.05 
QQQ      | 719.0    | 2026-09-21   | 961      | 49       | 5.25    | 14.28  
TSLA     | 450.0    | 2026-09-18   | 959.0    | 155.0    | 83.47   | 142.19 
COST     | 925.0    | 2026-09-18   | 955.0    | 550      | 31.38   | 67.35  
QQQ      | 689.0    | 2026-09-21   | 952      | 786      | 0.18    | 20.51  
INTC     | 112.0    | 2026-09-21   | 932.0    | 7.0      | 4.13    | 54.98  
QQQ      | 714.0    | 2026-09-22   | 929.0    | 72.0     | 3.6     | 15.2   
TSLA     | 415.0    | 2026-09-18   | 922.0    | 120.0    | 48.26   | 113.87 
SMH      | 557.5    | 2026-09-18   | 921.0    | 140.0    | 2.16    | 32.23  
BAC      | 55.0     | 2026-09-25   | 919.0    | 886.0    | 0.07    | 26.86  
SPCX     | 142.0    | 2026-10-02   | 918.0    | 270      | 1.7     | 50.49  
QQQ      | 692.0    | 2026-09-21   | 915      | 497      | 0.24    | 19.61  
AAPL     | 322.5    | 2026-09-21   | 913      | 517.0    | 0.18    | 25.68  
NFLX     | 111.0    | 2026-09-18   | 912.0    | 235.0    | 34.95   | 391.41 
SMH      | 545.0    | 2026-09-21   | 912.0    | 44       | 1.04    | 28.03  
IWM      | 283.0    | 2026-09-21   | 908.0    | 836      | 0.78    | 14.67  
AVGO     | 327.5    | 2026-09-18   | 907.0    | 661      | 0.05    | 50.39  
SMH      | 542.5    | 2026-09-21   | 907.0    | 52       | 0.8     | 28.91  
NFLX     | 102.0    | 2026-09-18   | 906.0    | 231.0    | 25.95   | 393.36 
WMT      | 105.0    | 2026-09-25   | 906.0    | 805      | 0.66    | 22.51  
GE       | 340.0    | 2026-09-18   | 902.0    | 852      | 22.45   | 127.25 
TSLA     | 355.0    | 2026-09-23   | 896      | 393      | 2.59    | 36.96  
QQQ      | 709.0    | 2026-09-22   | 893.0    | 175.0    | 2.27    | 15.97  
SPY      | 742.0    | 2026-09-21   | 889.0    | 560.0    | 0.25    | 15.89  
SPY      | 753.0    | 2026-09-21   | 887.0    | 459.0    | 0.98    | 13.11  
COST     | 940.0    | 2026-09-18   | 880.0    | 113      | 47.12   | 72.19  
INTC     | 104.0    | 2026-09-21   | 874.0    | 121.0    | 0.67    | 54.0   
TSLA     | 362.5    | 2026-09-23   | 872      | 738      | 5.0     | 36.99  
XOM      | 175.0    | 2026-09-18   | 868.0    | 579      | 11.8    | 107.32 
TSLA     | 560.0    | 2026-09-18   | 857.0    | 0.0      | 240.3   | 826.12 
BAC      | 56.0     | 2026-09-25   | 852.0    | 578.0    | 0.16    | 24.22  
QQQ      | 717.0    | 2026-09-22   | 849.0    | 35.0     | 5.02    | 14.91  
SPY      | 749.0    | 2026-09-21   | 848.0    | 290.0    | 0.57    | 13.95  
CRM      | 220.0    | 2026-09-25   | 839.0    | 371      | 0.33    | 41.94  
SPCX     | 143.0    | 2026-09-25   | 829.0    | 821      | 0.85    | 51.61  
AVGO     | 510.0    | 2026-09-18   | 826.0    | 159      | 160.25  | 376.37 
INTC     | 100.0    | 2026-09-23   | 823.0    | 119      | 0.59    | 61.38  
BA       | 212.5    | 2026-09-18   | 823.0    | 501      | 13.99   | 119.43 
BAC      | 62.0     | 2026-09-18   | 821      | 539.0    | 3.8     | 75.78  
META     | 685.0    | 2026-09-18   | 820.0    | 358.0    | 7.4     | 42.09  
ORCL     | 260.0    | 2026-09-18   | 820.0    | 133.0    | 110.55  | 527.73 
AAPL     | 332.5    | 2026-09-23   | 818.0    | 408      | 1.93    | 23.06  
MSFT     | 487.5    | 2026-09-21   | 818.0    | 72.0     | 0.91    | 22.28  
AMD      | 512.5    | 2026-09-23   | 816      | 15       | 3.1     | 51.69  
TSLA     | 460.0    | 2026-09-18   | 809.0    | 130.0    | 95.2    | 166.41 
GOOGL    | 335.0    | 2026-09-21   | 804.0    | 171      | 0.35    | 26.86  
CRM      | 285.0    | 2026-09-18   | 803.0    | 225      | 40.48   | 171.29 
ADBE     | 240.0    | 2026-09-25   | 803.0    | 429      | 1.32    | 38.38  
SOFI     | 21.0     | 2026-09-18   | 802      | 535      | 4.25    | 181.25 
META     | 670.0    | 2026-09-21   | 800.0    | 365      | 3.98    | 31.86  
SMH      | 665.0    | 2026-09-18   | 800.0    | 200.0    | 103.65  | 191.55 
SMH      | 675.0    | 2026-09-18   | 800.0    | 200.0    | 113.6   | 204.69 
BA       | 250.0    | 2026-09-18   | 780.0    | 220      | 51.25   | 270.7  
AAPL     | 327.5    | 2026-09-23   | 748.0    | 102      | 1.03    | 24.51  
HD       | 335.0    | 2026-09-18   | 747.0    | 111      | 33.15   | 150.73 
SMH      | 520.0    | 2026-09-22   | 746.0    | 586      | 0.4     | 39.28  
AMD      | 510.0    | 2026-09-21   | 743      | 209      | 1.24    | 49.54  
INTC     | 105.0    | 2026-09-23   | 737.0    | 33       | 1.73    | 60.11  
HD       | 295.0    | 2026-09-25   | 737.0    | 571      | 1.45    | 27.34  
UNH      | 430.0    | 2026-09-18   | 736      | 124      | 51.9    | 169.48 
ARKK     | 86.0     | 2026-09-18   | 736      | 463      | 0.31    | 44.73  
META     | 640.0    | 2026-09-21   | 732.0    | 717      | 0.39    | 35.11  
TSLA     | 347.5    | 2026-09-23   | 721      | 283      | 1.23    | 37.99  
XLE      | 60.0     | 2026-09-23   | 718      | 177      | 0.04    | 34.57  
QQQ      | 705.0    | 2026-09-22   | 715.0    | 688.0    | 1.49    | 16.85  
SPY      | 734.0    | 2026-09-21   | 714.0    | 454.0    | 0.13    | 18.46  
AMD      | 497.5    | 2026-09-18   | 713.0    | 671      | 0.1     | 80.27  
PLTR     | 85.0     | 2026-10-02   | 712.0    | 710.0    | 0.03    | 154.69 
NFLX     | 93.0     | 2026-09-18   | 710.0    | 180.0    | 17.35   | 295.12 
UNH      | 372.5    | 2026-09-18   | 710      | 659      | 1.37    | 35.16  
NFLX     | 71.0     | 2026-09-25   | 704.0    | 452      | 0.16    | 31.64  
META     | 680.0    | 2026-09-21   | 700.0    | 221      | 7.81    | 31.84  
AVGO     | 490.0    | 2026-09-18   | 696.0    | 164      | 142.5   | 344.43 
COIN     | 160.0    | 2026-09-25   | 695.0    | 687.0    | 1.35    | 59.91  
NVDA     | 212.5    | 2026-09-23   | 693      | 599      | 0.85    | 29.0   
AMD      | 535.0    | 2026-09-21   | 693      | 15       | 5.37    | 45.04  
META     | 670.0    | 2026-09-23   | 688.0    | 93       | 6.85    | 35.38  
CRM      | 227.5    | 2026-09-25   | 678.0    | 182      | 0.84    | 39.6   
AMD      | 500.0    | 2026-09-21   | 675      | 559      | 0.71    | 52.52  
COIN     | 170.0    | 2026-09-25   | 674.0    | 513.0    | 4.25    | 59.11  
CRM      | 275.0    | 2026-09-18   | 673.0    | 446      | 30.47   | 153.81 
INTC     | 125.0    | 2026-09-18   | 673.0    | 338      | 16.05   | 114.84 
META     | 665.0    | 2026-09-21   | 671.0    | 292      | 2.79    | 32.32  
NFLX     | 99.0     | 2026-09-18   | 669.0    | 251.0    | 23.35   | 264.84 
SMH      | 525.0    | 2026-09-21   | 668.0    | 96       | 0.18    | 40.31  
AAPL     | 322.5    | 2026-09-23   | 665.0    | 90       | 0.44    | 25.56  
META     | 655.0    | 2026-09-21   | 665.0    | 235      | 1.29    | 32.84  
CRM      | 235.0    | 2026-09-25   | 664.0    | 602      | 2.23    | 37.78  
QQQ      | 713.0    | 2026-09-22   | 663.0    | 58.0     | 3.3     | 15.31  
HD       | 350.0    | 2026-09-18   | 659.0    | 109      | 48.15   | 195.7  
TSLA     | 357.5    | 2026-09-23   | 658      | 550      | 3.32    | 36.95  
META     | 720.0    | 2026-09-18   | 658.0    | 172.0    | 40.05   | 59.08  
META     | 635.0    | 2026-09-21   | 658.0    | 313      | 0.18    | 37.84  
QQQ      | 703.0    | 2026-09-22   | 656.0    | 408.0    | 1.23    | 17.3   
ADBE     | 287.5    | 2026-09-18   | 654.0    | 185.0    | 38.73   | 187.79 
GE       | 350.0    | 2026-09-18   | 652.0    | 432      | 32.35   | 115.63 
HD       | 400.0    | 2026-09-18   | 651.0    | 102      | 97.85   | 271.68 
AMD      | 515.0    | 2026-09-21   | 642      | 259      | 1.7     | 48.25  
XLE      | 59.0     | 2026-09-21   | 635      | 141      | 0.02    | 44.14  
NVDA     | 222.5    | 2026-09-23   | 633      | 110      | 4.8     | 26.15  
TSLA     | 372.5    | 2026-09-23   | 613      | 27       | 10.55   | 37.65  
SPY      | 754.0    | 2026-09-22   | 611.0    | 263.0    | 1.6     | 13.35  
AMZN     | 242.5    | 2026-09-23   | 609      | 453      | 0.72    | 27.66  
IWM      | 288.0    | 2026-09-21   | 607.0    | 284      | 3.13    | 13.14  
QQQ      | 575.0    | 2026-09-22   | 606.0    | 58.0     | 0.02    | 61.72  
IWM      | 282.0    | 2026-09-21   | 602.0    | 562      | 0.57    | 15.19  
NFLX     | 88.0     | 2026-09-18   | 600.0    | 148.0    | 12.4    | 200.59 
GOOGL    | 345.0    | 2026-09-21   | 599.0    | 492      | 2.2     | 23.51  
QQQ      | 720.0    | 2026-09-22   | 598.0    | 347.0    | 6.6     | 14.91  
PLTR     | 195.0    | 2026-09-18   | 597      | 363      | 19.51   | 176.66 
AMD      | 525.0    | 2026-09-21   | 591      | 51       | 2.91    | 46.25  
NVDA     | 235.0    | 2026-09-21   | 586.0    | 0.0      | 15.59   | 34.57  
CVX      | 195.0    | 2026-09-25   | 586.0    | 143      | 0.16    | 33.5   
PLTR     | 135.0    | 2026-09-25   | 582.0    | 469.0    | 0.06    | 81.05  
QQQ      | 515.0    | 2026-09-21   | 580      | 193      | 0.02    | 93.75  
ORCL     | 110.0    | 2026-10-02   | 577.0    | 263.0    | 0.06    | 67.58  
COST     | 550.0    | 2026-10-02   | 575.0    | 205      | 0.02    | 76.17  
CRM      | 222.5    | 2026-09-25   | 573.0    | 149      | 0.41    | 41.8   
BA       | 190.0    | 2026-09-25   | 572.0    | 534.0    | 0.97    | 30.76  
NFLX     | 108.0    | 2026-09-18   | 570.0    | 147.0    | 31.95   | 369.53 
META     | 750.0    | 2026-09-18   | 568.0    | 57.0     | 71.3    | 139.65 
SOFI     | 19.5     | 2026-09-18   | 566      | 365      | 2.72    | 143.75 
QQQ      | 724.0    | 2026-09-18   | 562.0    | 513      | 7.62    | 19.85  
MSFT     | 480.0    | 2026-09-23   | 560.0    | 213      | 0.73    | 24.72  
CRM      | 237.5    | 2026-09-18   | 558.0    | 526      | 0.62    | 53.66  
SPY      | 741.0    | 2026-09-22   | 555.0    | 286.0    | 0.39    | 16.26  
QQQ      | 711.0    | 2026-09-22   | 555.0    | 153.0    | 2.75    | 15.64  
SPY      | 753.0    | 2026-09-22   | 553.0    | 280.0    | 1.41    | 13.52  
TSLA     | 435.0    | 2026-09-18   | 553.0    | 60.0     | 68.72   | 158.01 
COIN     | 300.0    | 2026-09-18   | 553.0    | 102      | 129.1   | 523.63 
WFC      | 91.0     | 2026-09-18   | 551.0    | 298      | 4.04    | 73.44  
IWM      | 289.0    | 2026-09-21   | 550.0    | 255      | 3.43    | 13.7   
MSFT     | 477.5    | 2026-09-23   | 548.0    | 18       | 0.89    | 27.27  
QQQ      | 712.0    | 2026-09-22   | 542.0    | 87.0     | 3.06    | 15.47  
IWM      | 266.0    | 2026-09-21   | 541.0    | 187      | 0.04    | 30.27  
SPCX     | 162.5    | 2026-09-25   | 539.0    | 213      | 9.39    | 50.68  
INTC     | 101.0    | 2026-09-21   | 538.0    | 116.0    | 0.3     | 56.35  
DIA      | 490.0    | 2026-09-25   | 535.0    | 483      | 0.25    | 21.53  
CRM      | 115.0    | 2026-09-25   | 535.0    | 492      | 0.06    | 285.16 
AMD      | 525.0    | 2026-09-23   | 534      | 82       | 6.13    | 50.14  
XLE      | 66.0     | 2026-09-21   | 534      | 220      | 2.49    | 43.21  
NVDA     | 250.0    | 2026-09-18   | 533.0    | 140.0    | 30.55   | 118.36 
BAC      | 63.0     | 2026-10-02   | 532.0    | 524.0    | 4.77    | 30.76  
PYPL     | 59.0     | 2026-09-18   | 531.0    | 348      | 5.9     | 225.39 
BAC      | 65.0     | 2026-09-18   | 530      | 340.0    | 6.6     | 200.2  
AAPL     | 325.0    | 2026-09-23   | 524.0    | 204      | 0.59    | 24.5   
SPY      | 742.0    | 2026-09-22   | 522.0    | 258.0    | 0.48    | 16.0   
BA       | 197.5    | 2026-09-25   | 521.0    | 227.0    | 3.6     | 32.15  
PFE      | 29.0     | 2026-09-18   | 518      | 324      | 1.34    | 85.16  
SPY      | 737.0    | 2026-09-21   | 516.0    | 456.0    | 0.16    | 17.38  
AMD      | 505.0    | 2026-09-23   | 515      | 55       | 2.16    | 52.99  
AAPL     | 320.0    | 2026-09-23   | 514.0    | 357      | 0.3     | 27.42  
AMD      | 517.5    | 2026-09-21   | 512      | 124      | 1.97    | 47.58  
COIN     | 180.0    | 2026-09-25   | 510.0    | 301.0    | 9.6     | 59.6   
INTC     | 106.0    | 2026-09-23   | 509.0    | 11       | 2.1     | 60.35  
DIS      | 115.0    | 2026-09-18   | 508.0    | 233      | 9.06    | 97.66  
AVGO     | 342.5    | 2026-09-21   | 506.0    | 60.0     | 1.73    | 29.4   
HD       | 410.0    | 2026-09-18   | 504.0    | 80       | 108.35  | 345.21 
AMZN     | 257.5    | 2026-09-23   | 503      | 53       | 7.13    | 26.69  
SMH      | 610.0    | 2026-09-18   | 503.0    | 118.0    | 48.95   | 111.08 
