Symbol,Type,Strike,Exp Date,MidPrice
VALE,Put,21.00,2026-08-21,7.4250
NVDA,Call,270.00,2026-09-18,0.9100
NVDA,Call,225.00,2026-09-18,10.8750
CRWV,Call,90.00,2026-09-18,18.8250
NVDA,Put,175.00,2026-10-16,1.2200
VALE,Put,16.00,2026-08-21,2.3900
NOK,Call,10.00,2026-08-21,0.8750
INTC,Put,100.00,2026-08-21,2.2100
SMCI,Call,40.00,2026-08-21,1.5350
AMZN,Call,240.00,2026-11-20,33.4500
TSM,Put,380.00,2026-08-21,0.2800
PBF,Call,60.00,2026-08-21,12.0000
SPCX,Put,125.00,2026-09-18,4.5000
CRWV,Put,90.00,2026-09-18,3.2750
CPRI,Call,20.00,2027-01-15,0.8250
SLS,Call,30.00,2027-01-15,2.1500
PYPL,Call,62.50,2026-09-18,2.3500
WBD,Call,29.00,2026-09-18,0.3750
KKR,Put,95.00,2026-12-18,2.8500
AMZN,Call,250.00,2026-08-21,13.3250
TTD,Call,14.00,2026-08-21,0.4500
NFLX,Call,75.00,2026-08-21,3.4500
INTC,Call,113.00,2026-08-21,0.6350
IONQ,Call,40.00,2026-08-21,6.8750
AAPL,Call,320.00,2026-09-18,3.6250
NFLX,Call,82.50,2026-11-20,4.7000
XE,Put,20.00,2026-08-21,0.5500
GIS,Call,40.00,2026-08-21,0.3250
SKHY,Call,125.00,2026-08-21,39.9000
NFLX,Call,100.00,2026-09-18,0.1050
GOOG,Put,380.00,2026-08-21,36.0750
MARA,Call,40.00,2027-01-15,0.0850
WBD,Call,28.00,2026-08-21,0.3550
DINO,Call,92.50,2026-08-21,2.7500
INFQ,Call,12.50,2026-08-21,0.8250
NOK,Call,15.00,2026-09-18,0.1050
NVDA,Put,190.00,2026-10-16,2.6400
NVDA,Call,200.00,2026-09-18,27.9750
CRWV,Call,100.00,2026-08-21,7.4250
ORCL,Call,160.00,2026-09-18,9.0750
SMCI,Call,35.00,2026-08-21,5.0750
SLS,Put,7.00,2026-10-16,1.2000
SMCI,Call,34.00,2026-08-21,6.0250
NVDA,Call,205.00,2026-10-16,27.0250
AMC,Call,2.50,2026-08-21,0.1050
INTC,Call,100.00,2026-09-18,9.5500
ABEV,Call,3.00,2027-01-15,0.1250
STZ,Call,140.00,2026-08-21,1.3250
NFLX,Call,80.00,2026-11-20,5.7250
ACHR,Call,10.00,2027-01-15,0.6200
AMD,Put,400.00,2026-09-18,3.1500
NVDA,Call,225.00,2026-08-28,7.7500
INFQ,Call,14.00,2026-08-21,0.3000
ET,Call,21.00,2026-08-21,0.2250
SPCX,Call,135.00,2026-08-21,7.4000
SKHY,Call,160.00,2026-08-21,10.2500
VALE,Put,17.00,2026-09-18,3.3500
ABCL,Call,10.00,2026-08-21,1.4500
NVDA,Call,220.00,2026-08-28,10.5250
AMZN,Call,280.00,2026-08-28,0.8600
ORCL,Call,150.00,2026-08-21,4.6000
AAPL,Put,300.00,2026-08-21,1.1950
SPCX,Put,100.00,2026-09-18,0.7550
NVDA,Call,215.00,2026-08-21,11.0250
S,Call,22.00,2026-09-18,2.3750
PCG,Call,20.00,2026-09-18,0.4450
NFLX,Call,90.00,2026-09-18,0.3900
HPE,Call,60.00,2026-08-21,1.2750
ACHR,Call,7.00,2026-08-21,0.1600
GOOGL,Put,390.00,2026-08-21,44.4500
AMC,Call,2.00,2026-08-21,0.4950
NVDA,Call,220.00,2026-08-21,6.9750
NVDA,Call,240.00,2026-08-28,2.5800
PBF,Call,70.00,2026-08-21,3.6000
HTZ,Put,2.50,2026-08-21,0.3350
XE,Put,20.00,2026-09-18,1.7500
CZR,Call,30.00,2026-08-21,0.0900
SPCX,Call,220.00,2027-01-15,6.5250
AMC,Call,2.00,2026-09-18,0.5800
PLTR,Put,150.00,2026-08-21,0.1200
SPCX,Put,131.00,2026-08-21,1.4450
RKT,Call,15.00,2026-08-21,0.2900
CSCO,Call,125.00,2026-09-18,0.7350
ORCL,Call,160.00,2026-08-21,1.3850
TLT,Put,81.00,2026-09-18,0.7000
SPY,Call,785.00,2026-08-21,0.7100
QQQ,Call,800.00,2026-08-31,0.0850
SPY,Put,710.00,2026-09-18,1.5250
IWM,Put,292.00,2026-08-21,0.1500
SPY,Call,780.00,2026-08-21,2.0250
TLT,Put,83.00,2026-09-18,1.6550
SPY,Put,761.00,2026-08-21,0.5400
EWZ,Put,37.00,2026-08-21,3.0750
SPY,Put,650.00,2026-09-18,0.5550
IWM,Call,310.00,2026-08-21,0.4250
XLV,Put,150.00,2026-12-18,2.5000
IWM,Put,295.00,2026-08-28,0.8450
SLV,Call,60.00,2026-08-21,0.5900
DRAM,Put,50.00,2026-08-21,0.1450
SPY,Put,760.00,2026-09-18,6.2350
KWEB,Put,30.00,2026-08-21,3.1000
IBIT,Put,40.00,2026-08-21,4.4000
QQQ,Call,900.00,2026-12-18,1.8550
DRAM,Put,45.00,2026-09-18,0.6950
XLU,Call,45.00,2026-09-18,0.5500
SPY,Put,754.00,2026-08-28,1.2150
TLT,Call,90.00,2027-01-15,0.3150
QQQ,Call,744.00,2026-08-21,1.2000
QQQ,Call,740.00,2026-08-21,2.1000
SPY,Put,723.00,2026-08-28,0.2850
TLT,Put,80.00,2026-09-18,0.4350
TLT,Call,82.00,2026-09-18,1.0900
USO,Call,111.00,2026-08-21,15.7750
QQQ,Put,710.00,2026-08-28,3.2050
QQQ,Call,732.00,2026-08-21,5.2950
TLT,Put,82.00,2026-09-18,1.0950
TLT,Put,82.00,2026-08-28,0.5650
QQQ,Put,715.00,2026-08-21,1.3250
KRE,Put,70.00,2026-10-16,0.6350
SPY,Put,760.00,2026-08-21,0.4900
TLT,Put,83.00,2026-08-21,1.0300
SMH,Put,500.00,2026-08-28,0.7300
SPY,Put,745.00,2026-08-21,0.1450
SILJ,Call,40.00,2027-01-15,1.8100
QQQ,Call,720.00,2026-08-21,13.6300
QQQ,Call,750.00,2026-08-21,0.4550
GDX,Call,82.00,2026-09-18,9.8000
SPY,Put,680.00,2026-10-16,2.3700
SPY,Call,775.00,2026-08-21,4.4850
SLV,Call,70.00,2027-01-15,3.4500
XLE,Put,55.00,2026-10-16,0.4200
SPY,Call,782.00,2026-08-21,1.3700
QQQ,Put,670.00,2026-08-31,0.7000
DRAM,Call,65.00,2026-08-21,0.1800
DRAM,Call,55.00,2026-08-21,3.2750
TQQQ,Put,75.00,2026-08-21,1.0600
GDX,Put,88.00,2026-08-21,1.0900
XLE,Call,59.00,2026-08-21,2.9550
XLE,Call,65.00,2026-09-18,0.7750
IWM,Call,306.00,2026-08-21,1.6250
QQQ,Call,800.00,2026-09-18,0.9000
SPY,Call,800.00,2026-08-31,0.4850
MARA,Call,9.50,2026-08-21,0.2550
NOK,Call,14.00,2026-09-18,0.1550
NOK,Put,9.00,2026-09-18,0.1650
NVDA,Call,270.00,2026-09-04,0.4600
NVDA,Call,240.00,2026-09-04,3.5000
AI,Call,10.00,2026-08-21,0.2350
MSTR,Call,103.00,2026-08-21,0.6050
NVDA,Call,260.00,2026-09-25,2.1050
MSTR,Call,98.00,2026-08-21,1.3900
SPCX,Put,125.00,2026-08-21,0.5750
MSTR,Call,97.50,2026-08-21,1.5150
RIOT,Call,24.00,2026-10-02,0.9450
INTC,Call,135.00,2026-09-18,1.3700
SEDG,Call,50.00,2026-12-18,2.5300
NOK,Call,12.00,2026-11-20,1.1300
SPCX,Call,175.00,2026-09-18,2.4200
SPCX,Call,150.00,2026-09-18,7.2750
INTC,Call,110.00,2026-08-21,1.0800
SMCI,Call,44.00,2026-08-21,0.4550
SMCI,Call,41.00,2026-08-21,1.1550
HTZ,Call,3.00,2026-09-18,0.1350
PCG,Put,17.00,2026-09-18,0.7250
LAES,Call,3.00,2026-10-16,0.3850
SMCI,Call,45.00,2026-08-28,0.8750
MSTR,Call,105.00,2026-08-21,0.4450
SMCI,Call,43.00,2026-08-21,0.6200
COIN,Call,155.00,2026-08-21,2.3100
WULF,Call,20.00,2026-10-16,1.6700
INTC,Call,120.00,2026-09-18,3.1250
SPCX,Put,80.00,2026-10-16,0.5900
COIN,Call,150.00,2026-08-21,4.2000
MSTR,Call,100.00,2026-08-21,0.9900
QBTS,Call,25.00,2026-09-18,0.9150
NVDA,Put,165.00,2026-09-18,0.3500
CIFR,Call,17.50,2026-08-21,1.1650
PYPL,Call,65.00,2026-09-18,1.3850
CIFR,Call,20.00,2026-10-16,2.1800
KKR,Put,105.00,2026-12-18,5.7500
MSTR,Call,104.00,2026-08-21,0.5250
PATH,Put,16.00,2026-09-18,1.5200
NOK,Call,10.00,2026-09-18,1.2800
GOOGL,Call,400.00,2026-12-18,10.3750
POET,Call,9.50,2026-08-28,0.7450
INTC,Call,130.00,2026-10-16,4.1250
MSTR,Call,102.00,2026-08-21,0.7400
MRNA,Call,65.00,2026-08-21,1.4250
MARA,Call,10.00,2026-08-21,0.1250
SMCI,Call,46.00,2026-08-21,0.2500
PLTR,Call,180.00,2026-08-21,1.7750
SEDG,Call,35.00,2026-12-18,5.9250
WBD,Put,25.00,2026-10-16,0.2600
MRNA,Call,69.00,2026-08-21,0.5250
HOOD,Call,104.00,2026-08-21,0.6050
INTC,Call,110.00,2026-09-18,5.5250
SOFI,Call,25.00,2027-03-19,1.4600
INDI,Call,4.00,2027-01-15,1.6000
TSLA,Call,360.00,2026-08-17,0.2200
RIOT,Put,18.00,2026-08-21,0.3650
INTC,Call,125.00,2026-11-20,8.4250
PCG,Call,18.00,2026-10-16,1.2150
CSCO,Put,100.00,2026-09-18,0.4900
PLTR,Call,185.00,2026-08-21,0.8200
TSLA,Call,360.00,2026-08-21,1.8250
ALMS,Put,20.00,2026-09-18,3.5000
STUB,Call,7.50,2026-09-18,0.9500
WULF,Call,18.00,2026-11-20,3.1250
SKM,Call,45.00,2026-09-18,0.9000
PLTR,Call,187.50,2026-08-21,0.5500
ONDS,Call,10.00,2026-08-21,0.1700
LTH,Put,45.00,2026-10-16,3.2000
HAL,Call,36.00,2026-08-28,0.3200
UBER,Call,78.00,2026-08-21,0.5100
OWL,Call,14.00,2026-11-20,0.5750
WULF,Call,25.00,2026-11-20,1.2900
IREN,Put,41.00,2026-08-21,0.7650
WULF,Call,24.00,2026-11-20,1.3900
HTZ,Call,2.50,2026-08-28,0.1250
HOOD,Call,100.00,2026-08-21,1.2850
COIN,Call,165.00,2026-08-21,0.7100
PBR,Call,17.00,2026-09-18,1.0300
MSTR,Call,99.00,2026-08-21,1.1900
GRAB,Put,2.00,2028-01-21,0.2100
COIN,Call,157.50,2026-08-21,1.7450
NOK,Call,11.00,2026-08-21,0.3000
NFLX,Call,80.00,2026-08-21,0.5900
POET,Call,11.00,2026-10-16,1.0600
CORZ,Put,18.00,2026-12-18,2.3850
WBD,Put,20.00,2026-12-18,0.1900
MSFT,Call,505.00,2026-08-17,0.3400
SMCI,Call,35.00,2026-09-04,5.8750
HOOD,Call,105.00,2026-08-21,0.4950
MU,Put,130.00,2027-02-19,0.3500
MPT,Put,5.50,2027-03-19,1.5050
OPEN,Call,3.50,2026-08-21,0.2000
ORCL,Call,170.00,2026-08-28,1.2200
GOOGL,Call,350.00,2026-08-19,2.1550
NVDA,Call,220.00,2026-08-24,7.3500
SPCX,Put,100.00,2026-10-16,2.0250
TE,Call,5.50,2026-08-21,0.1750
AMZN,Call,282.50,2026-08-21,0.1650
CRWV,Call,120.00,2026-08-21,0.7350
AZ,Call,9.00,2026-08-21,0.1250
TSLA,Call,340.00,2026-08-19,6.7000
NFLX,Call,82.00,2026-08-21,0.2350
NVDA,Call,230.00,2026-08-28,5.5500
BABA,Call,140.00,2026-10-16,3.7750
IREN,Put,42.00,2026-08-28,2.6150
TTD,Call,15.00,2026-08-21,0.1300
SOFI,Call,18.50,2026-08-21,0.3350
JD,Put,15.00,2027-03-19,0.1400
SPCX,Call,150.00,2026-08-21,1.7150
QCOM,Call,165.00,2026-09-11,7.7000
AS,Call,35.00,2026-08-21,0.8500
AAPL,Call,345.00,2026-10-16,1.9050
GOOGL,Call,352.50,2026-08-21,2.3100
PLTR,Call,190.00,2026-08-21,0.3800
CMCSA,Call,28.00,2026-10-16,0.5900
SPCX,Put,135.00,2026-12-18,18.0750
MSTR,Call,106.00,2026-08-21,0.4000
SPCX,Put,140.00,2026-08-28,6.9000
CSCO,Call,120.00,2026-08-21,0.1600
SPCX,Put,145.00,2026-09-18,13.7000
NVDA,Call,227.50,2026-08-17,0.7800
BABA,Call,124.00,2026-08-21,4.1750
MSTR,Call,101.00,2026-08-21,0.8400
TSLA,Call,345.00,2026-08-21,5.7750
S,Call,24.50,2026-08-21,0.1750
SCHW,Put,105.00,2026-09-18,0.7650
NUAI,Call,6.00,2026-08-21,0.2250
MU,Put,130.00,2027-01-15,0.3200
PLTR,Put,167.50,2026-08-21,1.5700
AXTI,Call,80.00,2026-08-21,6.3500
HTZ,Call,3.00,2027-01-15,0.4850
NKE,Put,40.00,2026-09-18,1.3400
ONON,Call,35.00,2026-10-16,1.2100
SOFI,Call,18.50,2026-08-28,0.5500
ASTS,Call,85.00,2026-08-21,0.3750
NOK,Call,12.00,2026-09-18,0.4400
AVGO,Call,450.00,2026-09-04,4.2500
RIVN,Call,16.00,2026-08-21,0.1700
ASO,Call,52.00,2026-08-21,0.1500
NVDA,Call,230.00,2026-08-24,2.2700
NOK,Call,11.50,2026-08-21,0.1600
SAN,Put,15.00,2026-08-21,0.2500
NBIS,Put,210.00,2026-09-18,7.3500
IREN,Call,50.00,2026-08-28,1.6450
NVDA,Call,230.00,2026-08-19,1.1150
HOOD,Call,120.00,2026-10-16,2.8500
CIFR,Call,18.50,2026-08-21,0.7200
ORCL,Call,155.00,2026-09-18,10.9750
CLMT,Call,55.00,2026-09-18,1.1750
BABA,Call,127.00,2026-08-21,2.8950
CVS,Call,97.00,2026-08-21,1.3950
NVDA,Call,235.00,2026-08-21,0.7450
AMD,Put,480.00,2026-08-17,0.3750
NVDA,Put,202.50,2026-08-28,1.0350
ASTS,Call,95.00,2026-08-21,0.1300
ONDS,Call,9.50,2026-08-21,0.3000
WULF,Put,14.00,2026-11-20,1.5200
NOK,Call,11.00,2026-09-18,0.7850
GOOGL,Put,325.00,2026-08-21,0.2700
PATH,Call,20.00,2026-09-18,0.4950
GRAB,Put,2.00,2027-12-17,0.2700
NVDA,Call,260.00,2026-09-18,1.5800
NFLX,Call,79.00,2026-08-21,0.9150
SPCX,Put,135.00,2026-08-21,2.6100
ACHR,Call,8.00,2027-01-15,0.9900
MSTR,Put,50.00,2026-08-28,0.1050
TSLA,Call,357.50,2026-08-21,2.2250
ABCL,Call,12.00,2027-01-15,2.3500
AMZN,Call,277.50,2026-08-21,0.3600
INTC,Put,105.00,2026-08-17,3.1500
AMZN,Call,270.00,2026-08-21,1.2250
TSLA,Call,342.50,2026-08-21,6.9000
AMZN,Call,272.50,2026-08-21,0.8100
AAPL,Put,300.00,2026-08-17,0.1650
IREN,Call,75.00,2026-10-16,1.2950
RDDT,Call,170.00,2026-09-18,17.4000
SPCX,Put,100.00,2026-11-20,3.9250
NVDA,Put,215.00,2026-08-21,0.6750
AMZN,Call,275.00,2026-08-21,0.5350
GOOGL,Call,360.00,2026-08-21,0.9200
PLTR,Put,165.00,2026-08-21,1.0450
SOFI,Put,18.00,2026-08-21,0.2750
NKE,Call,42.50,2026-09-18,0.8250
INTC,Call,140.00,2026-11-20,5.7000
SNDK,Put,"1,600.00",2026-08-21,54.1500
MU,Call,"1,005.00",2026-08-17,4.3250
NBIS,Put,200.00,2026-09-18,5.5000
VG,Call,15.00,2026-09-18,0.6750
NU,Call,16.00,2026-09-18,0.3850
AMZN,Put,265.00,2026-08-21,4.8750
BRK.B,Call,510.00,2026-08-21,1.5350
HOOD,Put,85.00,2026-11-20,6.7250
ACHR,Call,9.00,2026-09-18,0.1350
RIOT,Call,20.00,2026-08-21,0.4450
PDD,Call,85.00,2026-09-18,4.3250
NVDA,Call,225.00,2026-08-17,1.7850
IONQ,Call,45.00,2026-08-21,2.6750
ENPH,Put,40.00,2026-08-21,1.0250
SPCX,Call,165.00,2026-08-21,0.3400
AEO,Call,15.00,2026-09-18,2.1150
SPCX,Call,180.00,2026-08-21,0.1050
JD,Call,30.00,2026-08-21,0.1650
ET,Call,22.00,2026-09-18,0.1450
NU,Call,14.00,2026-08-21,1.2450
NVDA,Call,230.00,2026-08-17,0.3000
CIFR,Call,20.50,2026-08-21,0.2750
F,Call,14.50,2026-08-21,0.1650
PLTR,Put,170.00,2026-08-21,2.3450
HOOD,Call,101.00,2026-08-21,1.0650
META,Put,580.00,2026-08-21,5.6250
SPCX,Put,85.00,2026-11-20,1.8050
ARM,Put,270.00,2026-10-16,26.7000
NFLX,Call,90.00,2026-10-16,1.3050
AMC,Call,3.00,2026-09-18,0.1150
AAPL,Put,290.00,2026-08-21,0.2100
AMZN,Call,267.50,2026-08-17,0.3350
SKHY,Call,200.00,2026-08-28,1.5750
MARA,Call,9.00,2026-08-21,0.4700
MSFT,Put,490.00,2026-08-21,4.1500
TSLA,Call,340.00,2026-08-17,4.5000
AMZN,Call,270.00,2026-08-17,0.1500
HTZ,Call,5.00,2027-01-15,0.2450
SOFI,Call,20.00,2026-09-18,0.4550
XE,Put,22.50,2026-09-18,3.3000
SPCX,Call,145.00,2026-08-21,2.8900
AMZN,Call,280.00,2026-09-18,3.2000
PBF,Call,80.00,2026-09-18,3.3500
VIVO,Call,5.00,2026-09-18,0.8000
JD,Call,40.00,2027-01-15,0.4200
NVDA,Put,190.00,2026-12-18,6.4000
SYF,Call,80.00,2027-01-15,7.2500
VALE,Put,13.00,2026-09-18,0.2150
AMZN,Call,270.00,2026-11-20,16.4500
ET,Call,21.00,2026-09-18,0.5250
INTC,Put,110.00,2026-08-28,9.8000
OMER,Call,20.00,2026-08-21,0.1250
AAPL,Call,310.00,2026-08-17,0.3550
SOFI,Call,20.00,2026-08-28,0.1450
RKT,Call,20.00,2028-01-21,2.7950
GFS,Put,45.00,2026-09-18,0.7750
NBIS,Put,270.00,2026-10-16,40.2750
STNE,Put,10.00,2026-08-21,0.4750
HAL,Put,23.00,2027-06-17,0.5700
GOOG,Call,400.00,2027-01-15,12.0750
HIVE,Call,3.00,2026-08-21,0.0750
XYZ,Call,87.00,2026-08-21,0.3100
NVDA,Put,200.00,2027-01-15,10.6250
ORCL,Call,165.00,2026-09-18,7.4750
TSLA,Call,370.00,2026-08-21,0.9000
NVDA,Call,230.00,2027-01-15,22.2750
FRMI,Call,10.00,2026-09-18,0.1500
VALE,Put,14.00,2026-12-18,1.1750
MU,Call,955.00,2026-08-17,25.5000
MU,Call,"1,000.00",2026-08-17,5.2000
SPCX,Call,165.00,2026-08-28,1.1550
CIFR,Call,18.00,2026-08-28,1.4000
PLTR,Call,182.50,2026-08-21,1.2100
CHYM,Put,32.50,2026-08-21,1.1250
ONDS,Call,10.00,2026-12-18,1.7550
GOOGL,Call,350.00,2026-08-21,3.1750
PCG,Call,18.00,2026-08-21,0.4050
SKHY,Call,175.00,2026-08-21,3.4000
NVDA,Put,225.00,2026-08-21,3.4500
SMCI,Call,42.00,2026-08-21,0.8450
IBRX,Call,7.50,2026-08-21,0.3000
POET,Call,10.00,2028-06-16,4.7000
AMAT,Call,600.00,2026-08-21,0.4700
HOOD,Call,110.00,2026-08-21,0.2050
ONDS,Put,8.00,2026-09-18,0.3500
POET,Call,11.00,2026-08-21,0.1150
NVDA,Put,230.00,2026-08-21,6.4500
INTC,Call,45.00,2028-12-15,69.7500
ONDS,Call,13.00,2026-09-18,0.2000
WULF,Call,18.00,2026-09-18,1.6200
ONDS,Put,8.50,2026-08-21,0.1250
BMNR,Call,20.00,2026-08-21,0.1550
ONDS,Call,9.00,2026-08-21,0.5200
ON,Call,85.00,2026-10-16,6.9250
TSLA,Call,352.50,2026-08-28,6.2750
OKLO,Call,50.00,2026-09-18,2.4500
NVDA,Call,232.50,2026-08-21,1.1800
GOOGL,Call,370.00,2026-08-28,1.0900
WULF,Put,16.50,2026-08-21,0.4100
CSCO,Call,115.00,2026-08-21,0.6750
CIFR,Call,19.50,2026-08-21,0.4400
GRAB,Call,4.00,2026-10-16,0.1500
INTC,Call,115.00,2026-08-21,0.4650
AAPL,Call,305.00,2026-09-11,8.4750
CRWV,Call,130.00,2026-08-21,0.2000
CORZ,Call,21.50,2026-08-21,0.3150
SOFI,Call,20.00,2026-09-04,0.2550
NBIS,Put,250.00,2026-08-21,5.0500
RKT,Call,18.00,2026-11-20,0.7650
SPCX,Put,150.00,2026-09-18,17.0000
MARA,Put,9.00,2026-08-21,0.2650
S,Call,24.00,2026-08-21,0.2750
NFLX,Call,85.00,2026-09-18,0.9600
INTC,Call,120.00,2026-08-28,0.8550
IREN,Call,55.00,2026-08-21,0.1350
GRPN,Call,60.00,2027-01-15,0.4750
GRPN,Call,35.00,2027-01-15,1.7250
MFA,Call,9.00,2026-09-18,0.4000
NVDA,Put,225.00,2026-08-19,2.6950
WEN,Call,9.00,2026-08-21,0.1750
EMR,Call,150.00,2028-01-21,33.4000
NVDA,Put,215.00,2026-09-18,5.8500
KEEL,Call,3.50,2026-09-04,0.3250
FRMI,Call,8.00,2026-08-28,0.1250
NVDA,Put,212.50,2026-08-21,0.4500
DELL,Call,600.00,2026-09-18,16.3500
NVDA,Put,225.00,2026-08-17,1.5700
NVDA,Call,227.50,2026-08-28,6.6000
AMD,Put,430.00,2026-08-21,0.4600
SKHY,Call,200.00,2026-08-21,0.4500
NVDA,Call,245.00,2026-08-21,0.1550
WFC,Put,80.00,2026-12-18,2.0150
TSLA,Call,350.00,2026-08-17,0.9550
PLTR,Put,150.00,2026-09-18,1.7300
CIFR,Call,18.00,2026-08-21,0.9600
AAPL,Call,312.50,2026-08-21,1.1500
PCG,Call,23.00,2026-09-18,0.1300
CSCO,Call,115.00,2026-10-16,4.3500
HPE,Call,70.00,2026-09-04,1.3300
SMCI,Put,40.00,2026-09-18,3.7750
CELH,Put,28.00,2026-08-21,0.4100
NVDA,Call,460.00,2026-12-18,0.1700
NBIS,Call,310.00,2026-08-21,5.5000
RKT,Call,19.00,2026-12-18,0.7700
SPCX,Put,123.00,2026-08-21,0.4300
MARA,Put,8.50,2026-08-28,0.2250
SKHY,Call,190.00,2026-08-21,0.9750
NVDA,Put,225.00,2026-09-18,10.0500
CSCO,Call,115.00,2026-09-18,2.8000
RBLX,Call,40.00,2026-08-21,0.5150
NVDA,Put,222.50,2026-08-17,0.6800
PLTR,Call,190.00,2026-09-18,3.9500
ONDS,Call,9.00,2026-08-28,0.6850
SOFI,Put,18.00,2026-08-28,0.4550
CORZ,Call,23.00,2026-09-18,0.8650
ASPI,Call,4.50,2026-08-21,0.1750
BABA,Put,120.00,2026-08-21,2.4650
INTC,Call,114.00,2026-08-21,0.5550
AAPL,Call,315.00,2026-08-19,0.3750
ACHR,Call,7.00,2026-08-28,0.2500
NOK,Call,11.00,2026-11-20,1.4700
PAR,Call,24.00,2026-12-18,1.5500
TSLA,Call,340.00,2026-08-21,8.1500
KO,Put,85.00,2026-10-16,1.4750
CSCO,Call,120.00,2026-09-18,1.4200
NVDA,Call,235.00,2026-09-18,6.6250
PBF,Call,80.00,2026-08-21,0.5250
MARA,Put,9.50,2026-08-21,0.5550
NVDA,Call,240.00,2026-08-19,0.1350
GOOGL,Call,400.00,2026-10-16,3.1500
SKHY,Call,180.00,2026-08-21,2.3000
SPCX,Call,200.00,2026-09-18,0.9150
INTC,Call,105.00,2026-09-18,7.2750
SPCX,Put,140.00,2026-08-21,4.8500
SOFI,Call,19.00,2026-08-28,0.3600
NVO,Call,47.50,2026-09-18,1.0650
IREN,Call,60.00,2026-08-28,0.4500
CMG,Put,33.00,2026-08-21,0.3950
RKT,Call,20.00,2027-06-17,1.6850
MSTR,Call,107.00,2026-08-21,0.3300
BABA,Call,135.00,2026-08-21,1.0450
INTC,Call,130.00,2026-11-20,7.3750
PYPL,Call,65.00,2026-08-21,0.9000
IREN,Call,49.00,2026-08-21,0.5700
HIMS,Call,35.00,2027-01-15,3.6000
CRCL,Call,80.00,2026-08-21,0.7150
NFLX,Call,85.00,2026-10-16,2.3150
META,Call,600.00,2026-08-21,6.1250
MSTR,Put,55.00,2026-09-11,0.2850
PLTR,Put,175.00,2026-08-21,4.4750
NFLX,Call,80.00,2026-08-28,1.1350
NVDA,Put,220.00,2026-08-17,0.2700
BABA,Call,130.00,2026-08-21,1.9950
SMCI,Put,41.00,2026-08-21,2.3300
SMCI,Put,38.00,2026-08-21,0.8050
CCL,Call,28.50,2026-08-21,0.3900
AMD,Call,500.00,2026-09-18,44.1500
HIMS,Call,31.50,2026-08-21,0.1700
SMCI,Put,39.00,2026-08-21,1.2200
NOK,Call,15.00,2027-06-17,1.6100
TSM,Put,425.00,2026-08-21,6.3000
POET,Call,10.00,2026-08-21,0.3350
MRVL,Call,245.00,2026-08-21,1.6950
RIOT,Call,21.00,2026-08-21,0.2300
EYPT,Put,5.00,2026-09-18,0.9000
RILY,Call,7.50,2026-08-21,0.2550
CRWV,Call,110.00,2026-08-21,2.5650
GLOB,Put,40.00,2026-08-21,3.1000
TSLA,Put,330.00,2026-08-28,4.6500
XPEV,Call,15.00,2026-09-18,0.1900
MU,Call,"1,000.00",2026-08-21,20.8500
TSLA,Call,347.50,2026-08-17,1.4300
NVDA,Call,250.00,2026-09-18,2.8450
SOFI,Call,19.00,2026-09-18,0.7600
CRWV,Call,150.00,2026-09-18,1.1100
ORCL,Call,175.00,2026-09-18,5.1250
DKNG,Call,32.50,2026-11-20,0.9750
PFE,Call,28.00,2026-12-18,0.8700
PFE,Call,27.00,2026-09-18,0.5650
SPCX,Call,155.00,2026-08-21,0.9900
NVDA,Call,232.50,2026-08-17,0.1250
INDI,Call,4.50,2026-09-18,0.8000
TTD,Call,14.50,2026-08-28,0.4300
NBIS,Call,350.00,2026-12-18,44.7250
SBET,Call,9.00,2027-01-15,0.6450
NOK,Call,11.50,2026-09-04,0.4000
TSLA,Call,345.00,2026-08-17,2.1400
SPCX,Put,132.00,2026-08-21,1.7150
OPEN,Call,3.50,2026-08-28,0.2750
WDAY,Put,195.00,2026-08-21,3.8000
CRWV,Put,100.00,2026-08-21,2.0550
SNY,Call,22.50,2027-12-17,22.0500
HPE,Call,65.00,2026-09-04,2.3450
AAPL,Call,315.00,2026-08-28,1.9150
IONQ,Put,35.00,2026-09-18,0.5500
IREN,Call,55.00,2026-08-28,0.8850
FIG,Call,28.00,2026-08-21,0.2000
CIFR,Put,14.00,2027-01-15,2.6500
NU,Put,14.00,2026-09-18,0.2150
IREN,Put,44.00,2026-08-21,1.9600
CVX,Call,210.00,2026-09-18,2.3500
BAC,Put,63.00,2026-08-21,0.1450
USAR,Call,20.00,2026-08-21,0.9200
INTC,Call,210.00,2026-12-18,1.9200
SPCE,Call,3.50,2026-08-21,0.1000
HIMS,Call,29.50,2026-08-21,0.4750
GME,Put,18.50,2026-08-21,0.2150
WULF,Call,19.00,2026-12-18,3.1750
AMZN,Put,260.00,2026-08-21,2.4200
TTD,Call,14.50,2026-08-21,0.2350
VNET,Call,9.00,2026-08-21,0.1750
LRCX,Put,330.00,2026-08-21,9.1500
TSLA,Put,330.00,2026-09-18,10.0750
NBIS,Call,300.00,2027-01-15,65.7500
NOK,Call,15.00,2027-01-15,0.8350
TSLA,Call,400.00,2026-09-18,3.0250
WTI,Call,4.50,2026-09-18,0.1250
MARA,Call,12.00,2026-09-18,0.2200
MARA,Call,10.00,2026-09-18,0.6050
RIOT,Put,20.00,2027-01-15,4.6250
NVDA,Call,245.00,2026-09-18,3.8000
HTZ,Call,3.00,2026-09-04,0.0900
AMD,Call,540.00,2026-08-17,1.1700
MU,Put,955.00,2026-08-17,7.9750
FCX,Put,68.00,2026-08-21,2.3950
NVDA,Call,222.50,2026-08-28,9.0750
ASTS,Call,80.00,2026-09-18,3.9500
NFLX,Call,78.00,2026-08-21,1.3600
TSLA,Call,420.00,2026-08-21,0.1500
NFLX,Put,75.00,2026-08-21,0.2350
TSLA,Call,325.00,2026-08-21,18.7750
LAES,Call,3.00,2026-08-21,0.1050
MSTR,Call,114.00,2026-08-21,0.1600
IREN,Put,43.00,2026-08-21,1.4200
MRNA,Call,67.00,2026-08-21,0.8200
SNDK,Call,"2,200.00",2026-08-21,1.4250
BMY,Call,70.00,2026-09-18,0.3500
AAPL,Call,325.00,2026-09-18,2.5600
SKHY,Put,170.00,2027-06-17,46.3000
AAPL,Call,307.50,2026-08-21,2.7600
SNDK,Call,"1,500.00",2026-08-21,163.1500
WULF,Call,25.00,2026-09-18,0.2850
GRAB,Call,5.00,2028-12-15,0.9800
VZ,Call,49.00,2026-09-18,1.0450
CRWV,Put,95.00,2026-08-21,0.8700
U,Call,47.00,2026-08-21,0.9250
U,Call,46.00,2026-08-21,1.4350
SKHY,Call,170.00,2026-12-18,30.1500
PCG,Call,18.00,2026-09-18,1.0950
RIVN,Put,15.50,2026-08-21,0.4350
AMD,Call,535.00,2026-09-04,20.2250
BSX,Put,49.00,2026-08-21,0.1250
TSLA,Call,327.50,2026-08-17,15.0250
PONY,Call,10.00,2026-11-20,0.8250
CSCO,Call,118.00,2026-08-21,0.2750
HUBG,Call,50.00,2026-10-16,1.2000
IWM,Put,289.00,2026-09-18,1.8950
LQD,Put,105.00,2026-11-20,1.2950
SPY,Put,739.00,2026-09-18,3.1800
ETHA,Put,14.00,2026-08-21,0.1850
SPY,Put,752.00,2026-08-21,0.2350
HYG,Put,75.00,2026-10-16,0.1150
IWM,Put,295.00,2026-08-21,0.2450
SPY,Put,765.00,2026-08-26,1.8350
IBIT,Call,36.00,2026-08-21,0.3700
IWM,Put,290.00,2026-09-18,2.0350
GDX,Call,91.00,2026-08-21,1.5000
IWM,Call,307.00,2026-09-18,5.3600
HYG,Put,79.00,2026-09-18,0.2150
SLV,Call,63.00,2026-09-18,1.4200
IBIT,Put,35.50,2026-08-21,0.4550
LQD,Put,104.00,2026-09-18,0.2100
XLF,Put,57.00,2026-09-18,0.4250
SPY,Put,769.00,2026-08-21,1.4200
IBIT,Call,36.50,2026-08-21,0.2100
SPY,Put,731.00,2026-09-04,0.9650
EWZ,Put,30.00,2026-12-18,1.0900
DRAM,Call,70.00,2026-09-18,1.2350
SPY,Put,765.00,2026-08-31,3.0250
QQQ,Call,740.00,2026-09-18,13.4600
EWZ,Put,25.00,2026-12-18,0.2700
SPY,Put,770.00,2026-09-18,8.9350
IBIT,Put,34.50,2026-08-21,0.1600
QQQ,Put,725.00,2026-12-18,30.9200
GDX,Call,94.00,2026-08-21,0.6600
KWEB,Call,27.00,2026-08-21,0.4500
TLT,Call,87.00,2028-01-21,2.2300
XLF,Put,58.00,2027-03-19,2.6050
DRAM,Call,65.00,2026-09-18,2.1250
HYG,Put,78.00,2026-10-16,0.3350
IBIT,Call,37.00,2026-08-21,0.1200
XLE,Call,80.00,2028-01-21,3.1800
DRAM,Call,122.00,2026-11-20,0.3800
IWM,Put,301.00,2026-08-21,0.8100
QQQ,Put,650.00,2026-12-18,11.8700
QQQ,Put,726.00,2026-08-19,2.3100
XLF,Put,56.00,2026-09-18,0.2350
KWEB,Call,30.00,2026-11-20,0.7850
EWZ,Call,35.00,2026-08-21,0.1150
HYG,Call,79.50,2026-08-21,0.2000
SPY,Put,755.00,2026-08-21,0.3050
TLT,Call,87.00,2026-12-18,0.5150
IWM,Call,310.00,2026-09-18,3.9850
GDX,Call,95.00,2026-08-21,0.5050
QQQ,Call,745.00,2026-08-18,0.1000
HYG,Put,78.00,2026-11-20,0.5050
LQD,Put,102.00,2026-12-18,0.7700
TLT,Put,80.00,2026-11-20,1.1250
SPY,Put,775.00,2026-08-17,1.1550
IWM,Put,296.00,2026-09-04,1.6750
IWM,Put,284.00,2026-09-04,0.5700
SQQQ,Call,36.00,2026-08-21,0.9750
IBIT,Call,90.00,2028-12-15,3.2250
FXI,Call,36.00,2026-08-28,0.1400
DRAM,Call,60.00,2026-09-18,3.6750
IBIT,Put,35.00,2026-08-21,0.2700
IBIT,Call,40.00,2026-09-18,0.2850
SPY,Put,750.00,2026-08-21,0.2050
SPY,Call,784.00,2026-08-21,0.8900
ETHA,Call,16.00,2026-10-16,0.5300
QQQ,Put,730.00,2026-08-17,1.9850
SPY,Put,756.00,2026-08-21,0.3350
QQQ,Put,720.00,2026-08-21,2.1100
QQQ,Call,750.00,2026-09-18,9.2350
VXX,Call,19.50,2026-08-21,0.3100
USO,Call,134.00,2026-09-18,4.4750
XLE,Put,61.00,2026-08-21,0.4350
KRE,Put,76.00,2026-09-18,0.7750
QQQ,Call,735.00,2026-08-21,3.8650
SPY,Put,776.00,2026-08-17,1.5700
KORU,Put,1.00,2028-12-15,0.3000
SPXS,Call,24.00,2026-08-21,0.2350
IGV,Put,100.00,2026-08-21,0.2850
XLE,Put,60.00,2026-09-18,0.9300
TLT,Call,83.00,2026-08-28,0.2650
IBIT,Call,80.00,2028-12-15,3.9500
QQQ,Call,770.00,2026-09-18,3.8450
EEM,Call,67.00,2026-08-21,0.6650
KRE,Put,75.00,2026-08-21,0.2000
DRAM,Call,58.00,2026-08-21,1.6050
KWEB,Call,27.00,2026-09-18,1.0300
SPY,Put,750.00,2026-08-26,0.5800
SMH,Call,620.00,2026-08-28,4.7750
QQQ,Call,735.00,2026-08-31,8.7850
QQQ,Call,740.00,2026-08-18,0.4600
EWZ,Put,33.00,2026-08-21,0.1400
QQQ,Put,680.00,2026-09-30,5.8000
ETHA,Call,16.50,2026-09-25,0.2000
IWM,Put,280.00,2026-10-16,2.3950
QQQ,Call,740.00,2026-08-17,0.1450
IBIT,Put,37.00,2026-11-20,3.3250
SPY,Put,774.00,2026-08-25,3.5850
XLF,Put,58.00,2026-09-18,1.9450
DRAM,Put,54.00,2026-08-21,0.6650
QQQ,Put,710.00,2026-09-30,11.5050
EWZ,Put,30.00,2026-09-18,0.2050
IBIT,Put,34.00,2026-09-04,0.4550
QQQ,Call,755.00,2026-08-21,0.1850
SPY,Call,800.00,2026-09-18,3.0650
SPY,Put,750.00,2026-10-16,8.5100
SPY,Call,784.00,2026-08-18,0.1650
IBIT,Call,40.00,2026-09-25,0.4000
HYG,Put,78.00,2026-09-18,0.1400
KWEB,Call,28.00,2026-09-18,0.5600
SPY,Put,765.00,2026-08-21,0.8600
TLT,Call,82.00,2026-12-18,2.0950
EWY,Put,170.00,2026-09-18,6.6500
GLD,Call,500.00,2027-06-17,11.1750
TLT,Put,82.00,2026-12-18,2.3100
ETHA,Call,14.50,2026-08-21,0.1350
SOXL,Put,100.00,2026-08-21,0.2850
IWM,Put,245.00,2026-12-18,1.7950
GLD,Call,500.00,2027-01-15,4.0250
ARKK,Call,85.00,2026-08-21,0.1850
TLT,Call,86.00,2028-01-21,2.5150
TQQQ,Call,80.00,2026-08-21,0.5600
SPY,Call,780.00,2026-08-17,0.2850
IWM,Put,300.00,2026-09-18,4.2650
SLV,Call,60.00,2026-08-28,1.1500
SOXX,Put,537.50,2026-08-21,5.7500
IWM,Put,295.00,2026-09-18,2.9450
IWM,Call,307.50,2026-08-17,0.1300
SPY,Put,777.00,2026-08-21,4.0050
IWM,Call,306.00,2026-08-17,0.4400
QQQ,Call,800.00,2026-11-20,9.1450
GLD,Call,450.00,2026-09-18,1.1100
XLP,Put,82.00,2027-01-15,3.2500
SPY,Put,766.00,2026-08-31,3.2400
IWM,Put,250.00,2026-09-18,0.1950
VXX,Put,19.00,2026-08-21,0.1800
QQQ,Put,700.00,2026-08-31,2.3400
QQQ,Put,700.00,2026-09-18,6.7150
XLF,Call,58.00,2026-09-18,1.0400
QQQ,Put,730.00,2026-08-18,2.8950
TQQQ,Put,69.50,2026-08-28,0.8550
IBIT,Call,37.00,2026-09-18,0.9350
SPY,Put,774.00,2026-08-19,1.8500
IWM,Put,299.00,2026-08-21,0.5300
SPY,Call,789.00,2026-08-21,0.2750
XLF,Put,55.00,2026-11-20,0.7000
TSLL,Call,10.00,2026-09-04,0.2650
QQQ,Call,780.00,2026-09-18,2.3750
SPY,Put,770.00,2026-08-21,1.6150
GLD,Put,350.00,2027-03-19,7.1250
IBIT,Put,35.00,2026-08-28,0.5250
QQQ,Put,700.00,2026-08-28,1.9200
KORU,Put,19.00,2026-08-21,0.6250
EWZ,Put,33.00,2026-09-18,0.6300
EWZ,Put,32.00,2026-08-28,0.1150
SPY,Put,756.00,2026-08-31,1.7050
USO,Call,126.00,2026-08-28,4.9750
IGV,Put,105.00,2026-08-28,2.7100
SLV,Put,50.00,2026-09-25,0.5300
TSLL,Call,9.00,2026-08-21,0.2500
IWM,Call,307.00,2026-08-18,0.4650
QQQ,Put,710.00,2026-08-31,3.7350
TLT,Call,85.00,2026-09-18,0.1650
GDX,Call,92.00,2026-08-21,1.1650
TLT,Call,100.00,2028-01-21,0.5950
QQQ,Call,735.00,2026-08-17,0.7650
QQQ,Put,680.00,2026-12-18,17.4100
GLD,Call,420.00,2026-08-21,0.3350
SPY,Put,865.00,2027-12-17,97.1500
SPY,Put,777.00,2026-08-18,2.6400
SPY,Put,774.00,2026-08-21,2.7300
NVDL,Call,39.00,2026-08-21,0.4000
IBIT,Put,30.00,2026-09-18,0.1900
XLF,Put,58.00,2027-03-31,2.7900
GLD,Call,450.00,2026-09-04,0.4400
SPY,Put,778.00,2026-08-17,2.7250
XLF,Put,57.50,2026-08-21,0.1250
SPY,Put,770.00,2026-08-31,4.2300
DRAM,Call,60.00,2026-08-21,0.8700
QQQ,Call,775.00,2026-11-20,15.8350
DRAM,Call,122.00,2026-10-16,0.1400
TSLL,Call,8.50,2026-08-21,0.4850
SPY,Call,779.00,2026-08-17,0.4400
QQQ,Put,730.00,2026-09-04,11.4550
SLV,Call,59.00,2026-08-17,0.2900
QQQ,Put,695.00,2026-08-21,0.2550
DIA,Put,535.00,2026-08-21,1.9500
SPY,Put,777.00,2026-08-17,2.0800
IBIT,Call,50.00,2026-12-18,0.3900
QQQ,Put,700.00,2026-09-04,3.6550
SPY,Call,787.00,2026-08-21,0.4450
IWM,Put,285.00,2026-09-04,0.6200
SPY,Call,778.00,2026-08-17,0.6850
SPY,Put,735.00,2026-08-28,0.4450
SPY,Put,850.00,2027-09-17,83.1000
QQQ,Call,740.00,2026-08-28,5.8100
TQQQ,Put,75.00,2026-09-18,4.2750
SPY,Put,775.00,2026-08-21,3.1100
GDX,Call,95.00,2026-09-18,2.8950
HYG,Put,77.00,2026-10-16,0.2050
QQQ,Put,730.00,2026-08-28,8.8250
USO,Put,114.00,2026-08-19,0.1800
EEM,Put,66.00,2026-08-21,0.4650
KRE,Put,70.00,2026-09-18,0.1600
GLD,Call,405.00,2026-08-21,2.6400
SPY,Put,744.00,2026-08-21,0.1350
SOXL,Put,110.00,2026-08-21,0.5900
SPY,Put,776.00,2026-08-21,3.5350
LQD,Call,106.50,2026-08-21,0.1950
SNXX,Call,20.00,2026-09-18,2.0750
GDX,Call,100.00,2026-10-16,3.2250
GLD,Put,390.00,2026-08-21,0.7900
SOXX,Put,500.00,2026-09-18,9.8000
QQQ,Call,755.00,2026-09-18,7.5250
IGV,Call,103.00,2026-08-21,2.1550
TLT,Call,83.00,2026-08-21,0.1200
TQQQ,Call,78.00,2026-08-21,1.2150
SPY,Call,781.00,2026-08-17,0.1850
EWY,Call,190.00,2026-08-21,2.0000
SPY,Put,779.00,2026-08-21,5.0650
DRAM,Call,62.00,2026-08-21,0.4550
TSLL,Call,9.00,2026-08-28,0.4150
IWM,Call,309.00,2026-08-21,0.6150
KWEB,Call,29.00,2026-12-18,1.3700
IBIT,Put,36.00,2026-09-18,1.5850
SPY,Call,777.00,2026-08-18,1.6600
LQD,Put,104.00,2026-10-16,0.5500
SPY,Put,771.00,2026-08-17,0.3650
IBIT,Call,40.00,2026-10-16,0.7350
GLD,Call,425.00,2026-09-18,3.7250
SPY,Call,776.00,2026-08-17,1.5100
SPY,Put,767.00,2026-08-17,0.1450
SPY,Put,772.00,2026-08-28,4.3900
QQQ,Put,710.00,2026-09-18,8.8150
SLV,Call,70.00,2026-10-16,1.2550
XLE,Put,57.50,2026-09-18,0.3800
SPY,Put,770.00,2026-08-17,0.2850
SPY,Put,775.00,2026-08-28,5.4700
SPY,Put,772.00,2026-08-17,0.4750
QQQ,Put,732.00,2026-08-18,3.8200
SPY,Call,782.00,2026-08-19,0.6000
QQQ,Put,730.00,2026-08-31,9.5100
SMH,Put,575.00,2026-08-21,5.3250
IWM,Put,303.00,2026-08-21,1.2750
XLV,Call,170.00,2026-09-18,2.4100
SPY,Put,776.00,2026-08-19,2.6400
GLD,Call,415.00,2026-09-18,6.1250
QQQ,Put,735.00,2026-08-21,7.5950
SPY,Put,775.00,2026-08-18,1.7200
SPY,Put,726.00,2026-09-18,2.2300
QQQ,Put,725.00,2026-08-17,0.7100
QQQ,Put,733.00,2026-08-17,3.5000
SPY,Call,786.00,2026-08-19,0.1650
SLV,Put,58.00,2026-08-21,0.9250
QQQ,Call,733.00,2026-08-17,1.3450
XLF,Call,58.00,2026-08-21,0.4750
TSLL,Put,8.50,2026-08-21,0.2300
SPY,Put,772.00,2026-08-21,2.1000
GDX,Put,85.00,2026-08-21,0.3900
IWM,Put,296.00,2026-08-21,0.2900
TLT,Call,100.00,2028-12-15,1.8050
SPY,Call,777.00,2026-08-17,1.0400
QQQ,Put,734.00,2026-08-21,7.0450
SLV,Call,60.00,2026-08-19,0.3500
IBIT,Put,36.00,2026-08-28,0.9850
IWM,Call,307.00,2026-08-21,1.2000
XLE,Call,61.00,2026-08-21,1.2700
GLD,Put,380.00,2026-09-18,3.1000
SPY,Put,758.00,2026-08-21,0.4000
TQQQ,Put,70.00,2026-08-21,0.2350
SQQQ,Call,37.00,2026-08-21,0.5600
SPY,Put,771.00,2026-08-21,1.8400
SPY,Put,700.00,2026-11-20,6.2050
TSLL,Call,9.50,2026-08-21,0.1200
SPY,Put,777.00,2026-08-19,3.1200
VXX,Call,20.50,2026-08-21,0.1100
SOXL,Put,95.00,2026-08-21,0.2050
SPY,Put,773.00,2026-08-17,0.6300
RAM,Call,15.00,2026-09-18,1.4500
USO,Put,113.00,2026-08-21,0.2100
SPY,Call,778.00,2026-08-18,1.2500
IWM,Put,291.00,2026-08-21,0.1250
GLD,Call,422.00,2026-08-21,0.2500
SVOL,Call,16.00,2026-09-18,0.6000
TSLA,Put,345.00,2026-08-17,4.7750
TSLA,Put,340.00,2026-08-17,2.1450
NU,Call,20.00,2026-11-20,0.2200
NEM,Call,140.00,2026-10-16,1.9750
NVDA,Call,247.50,2026-08-28,1.3700
MRNA,Call,64.00,2026-08-21,1.8650
FIGR,Put,28.50,2026-08-21,0.2250
CIFR,Put,15.50,2026-08-28,0.4900
TSLA,Call,352.50,2026-08-17,0.6350
INO,Call,1.5000,2028-01-21,0.3500
SHEL,Call,94.00,2026-08-21,0.1750
IR,Call,85.00,2026-08-21,0.6750
PSKY,Call,13.00,2026-10-16,0.1200
MSFT,Call,497.50,2026-08-17,1.8700
WULF,Call,21.00,2026-09-04,0.4400
MRNA,Call,68.00,2026-08-21,0.7300
TSLA,Put,335.00,2026-08-17,0.7900
TSLA,Put,337.50,2026-08-17,1.3200
FDXF,Put,120.00,2026-09-18,0.4000
HUT,Call,100.00,2026-11-20,12.4000
WULF,Put,13.00,2026-09-25,0.3900
AMD,Call,530.00,2026-08-17,2.5500
TSLA,Call,372.50,2026-08-19,0.3750
NVTS,Call,14.50,2026-08-28,1.0650
CAT,Call,"1,050.00",2026-10-16,8.6250
AMD,Call,505.00,2026-08-17,13.2000
BIDU,Call,115.00,2026-09-04,1.7500
NVDA,Put,237.50,2026-08-17,12.5250
BW,Put,8.00,2026-09-18,0.2500
AAOI,Put,70.00,2026-08-21,0.0750
AMD,Call,515.00,2026-08-17,7.2000
APLD,Put,25.00,2026-09-25,0.9850
SKHY,Put,165.00,2026-10-16,20.1500
CORZ,Call,23.00,2026-09-04,0.4750
AMZN,Call,265.00,2026-08-19,1.9300
TSLA,Call,342.50,2026-08-17,3.1500
SPCX,Put,121.00,2026-09-04,1.8550
NVDA,Put,232.50,2026-08-17,7.3750
NVDA,Call,207.50,2026-08-17,17.6750
AMZN,Call,220.00,2026-08-17,42.8750
PLTR,Put,185.00,2026-11-20,24.5500
NU,Put,16.00,2026-08-21,0.8650
MU,Put,950.00,2026-08-17,6.8250
COIN,Call,152.50,2026-08-21,3.0750
AMD,Call,510.00,2026-08-19,15.0750
LEN,Call,93.00,2026-08-21,0.2000
RCL,Call,330.00,2026-12-18,19.7500
AVGO,Put,385.00,2026-08-17,1.2150
IMXI,Call,16.00,2027-03-19,0.1250
TSLA,Call,337.50,2026-08-17,6.1500
ESTC,Call,95.00,2026-09-18,5.0000
SPCX,Put,125.00,2028-01-21,30.1750
MTA,Call,10.00,2027-02-19,1.4750
DINO,Call,105.00,2026-08-21,0.2500
SPCX,Put,95.00,2026-09-25,0.7650
WULF,Put,17.50,2026-08-21,0.8650
MU,Put,970.00,2026-08-17,13.7250
CSCO,Call,123.00,2026-09-11,0.6050
GLXY,Call,32.50,2026-10-16,0.6950
TSLA,Call,355.00,2026-08-17,0.4350
MSTR,Call,94.00,2026-08-21,2.6650
QCOM,Call,157.50,2026-08-21,9.1000
AVGO,Put,390.00,2026-08-17,2.7000
INTC,Call,103.00,2026-08-17,1.3250
AMD,Put,495.00,2026-08-17,1.5450
CAPR,Put,5.00,2026-09-18,1.0250
DKNG,Call,28.00,2026-09-04,0.5000
NBIS,Call,182.50,2026-08-21,94.7000
LTH,Put,40.00,2026-09-18,0.6250
ONDS,Put,7.50,2026-09-25,0.2700
DOCN,Call,125.00,2026-08-21,8.3000
RGTI,Call,35.00,2026-10-16,0.3100
CIFR,Put,17.00,2026-08-28,1.0750
NXPI,Call,360.00,2026-12-18,2.5250
NRGV,Call,2.00,2028-01-21,2.4500
NU,Call,17.00,2026-11-20,0.7200
AXTI,Call,80.00,2026-08-28,8.9000
SEI,Call,85.00,2026-09-18,1.0000
COIN,Put,110.00,2026-12-18,6.1750
CRWD,Call,285.00,2026-12-18,11.1000
OWL,Put,11.00,2026-10-16,0.3500
ADEA,Put,25.00,2026-09-18,0.6000
AVGO,Call,407.50,2026-08-21,3.1450
HPQ,Put,30.00,2026-09-18,2.1050
VST,Put,160.00,2027-06-17,31.0000
CRWD,Put,197.50,2026-08-28,3.7000
IVZ,Call,36.00,2026-09-18,0.2750
MSTR,Call,96.50,2026-08-21,1.7850
MSTR,Call,93.00,2026-08-21,3.1000
LRCX,Put,230.00,2026-10-16,2.8800
MPC,Call,380.00,2026-08-21,1.2750
TXN,Call,290.00,2026-11-20,21.8500
CVX,Call,207.50,2026-08-21,0.4250
TSLA,Call,357.50,2026-08-19,1.3050
MU,Call,"1,020.00",2026-08-17,2.2750
WDAY,Call,200.00,2026-08-21,5.3000
CNA,Call,48.00,2026-08-21,3.0500
PSKY,Put,10.00,2027-12-17,2.3400
TSLA,Put,190.00,2026-09-18,0.1200
GLXY,Call,23.50,2026-08-21,0.3400
AMD,Call,512.50,2026-08-17,8.6500
NVDA,Put,227.50,2026-08-17,3.0200
MU,Call,965.00,2026-08-17,19.0250
CLOV,Put,4.50,2026-09-04,0.2150
CIFR,Call,21.00,2026-11-20,2.8700
AMAT,Put,370.00,2026-10-16,4.4000
MU,Call,"1,050.00",2026-08-17,0.7550
NBIS,Call,272.50,2026-08-28,24.1750
TSLA,Call,365.00,2026-08-17,0.1350
AMZN,Put,262.50,2026-08-17,1.5500
RGTI,Call,24.00,2026-09-04,0.2900
KR,Put,55.00,2027-06-17,5.5250
TSLA,Put,340.00,2026-08-19,4.2500
GOOGL,Put,347.50,2026-08-17,3.1750
PL,Put,20.00,2028-01-21,7.4000
TSLA,Put,320.00,2026-09-25,8.1500
AMZN,Call,270.00,2026-08-19,0.6950
INTC,Put,103.00,2026-08-17,1.7800
GDS,Call,55.00,2027-01-15,1.0750
QXO,Put,12.00,2026-09-04,0.1250
AAPL,Call,307.50,2026-08-17,0.9250
VG,Call,16.00,2026-09-11,0.3500
AMD,Put,490.00,2026-08-17,0.9700
MSFT,Call,500.00,2026-08-19,3.0150
TSLA,Call,357.50,2026-08-17,0.3000
TSLA,Put,342.50,2026-08-21,6.8250
TSLA,Call,347.50,2026-08-21,4.8000
MU,Put,960.00,2026-08-17,9.6250
INTC,Put,102.00,2026-08-17,1.2800
DHT,Call,15.00,2027-01-15,4.5000
UPS,Call,65.00,2027-01-15,39.6000
AAOI,Put,155.00,2026-09-18,22.9000
FLEX,Put,115.00,2026-09-18,4.9000
DHT,Call,12.00,2027-01-15,7.7500
DHT,Call,10.00,2027-01-15,9.6500
SCCO,Put,172.50,2026-08-21,0.5250
ANET,Call,210.00,2026-11-20,18.6750
NVDA,Put,235.00,2026-08-17,9.9250
POET,Call,12.00,2026-08-28,0.1600
VIRT,Call,60.00,2026-08-21,1.3000
AMPX,Call,17.00,2026-09-18,0.3000
AMD,Call,525.00,2026-08-17,3.6000
META,Call,602.50,2026-08-17,0.9350
LRCX,Call,340.00,2026-08-28,12.2750
GDS,Call,36.00,2026-08-21,0.2500
NBIS,Put,260.00,2026-08-28,13.4750
HUT,Call,150.00,2026-11-20,4.0500
CRWV,Call,111.00,2026-08-21,2.2900
DHT,Call,14.00,2026-12-18,5.4000
TSLA,Call,345.00,2026-08-19,4.3500
WMT,Put,115.00,2026-08-28,3.1750
TSLA,Put,332.50,2026-08-17,0.4600
AMZN,Call,265.00,2026-08-17,0.8100
PKE,Call,40.00,2026-08-21,0.3500
MU,Put,930.00,2026-08-17,2.5400
AME,Call,270.00,2026-11-20,8.1000
XOM,Call,60.00,2028-01-21,100.0000
NBIS,Put,350.00,2027-01-15,118.8250
META,Call,"1,160.00",2028-06-16,34.8000
TSLA,Put,340.00,2026-08-24,6.4250
S,Call,25.00,2026-08-21,0.1250
DHT,Call,15.00,2026-12-18,4.6500
STM,Call,85.00,2027-01-15,1.6750
INTC,Put,104.00,2026-08-17,2.4100
AVGO,Put,385.00,2026-09-11,17.1250
XOM,Call,120.00,2026-08-21,40.2000
COF,Call,145.00,2026-08-21,82.4000
NVDA,Put,227.50,2026-08-19,4.1000
TSLA,Call,370.00,2026-08-19,0.4450
UPS,Call,60.00,2027-01-15,44.9500
DHT,Call,16.00,2026-09-18,3.6000
TSLA,Put,337.50,2026-08-19,3.2500
AMZN,Put,257.50,2026-08-17,0.2900
BRK.B,Put,502.50,2026-08-21,2.6200
BIRK,Call,45.00,2026-09-18,0.4250
DHT,Call,17.00,2026-09-18,2.3500
INTC,Call,108.00,2026-08-21,1.5000
AMZN,Put,260.00,2026-08-17,0.7150
MU,Call,980.00,2026-08-17,11.4500
DHT,Call,13.00,2026-12-18,6.5000
PL,Put,30.00,2028-01-21,13.4000
PGR,Put,202.50,2026-08-21,0.7000
FIGR,Put,15.00,2027-01-15,0.5000
MU,Call,"1,025.00",2026-08-17,1.8600
AVGO,Call,395.00,2026-08-21,7.2250
DHT,Call,14.00,2026-09-18,5.5000
TSM,Call,437.50,2026-08-21,3.2000
WDAY,Put,190.00,2026-08-21,1.9750
UPS,Call,70.00,2027-03-19,34.5750
COP,Call,95.00,2026-08-21,31.8500
AVGO,Call,390.00,2026-08-17,5.8750
COP,Call,87.50,2026-09-18,38.6500
AFRM,Call,80.00,2026-10-16,7.1250
TSSI,Put,7.50,2026-09-18,0.3250
LAES,Put,3.00,2026-08-21,0.1300
VERA,Call,35.00,2026-09-18,2.2750
TSLA,Call,367.50,2026-08-17,0.1100
DHT,Call,15.00,2026-09-18,4.5500
AAPL,Call,307.50,2026-08-19,2.0600
AMD,Call,520.00,2026-08-17,5.2750
META,Call,610.00,2026-08-17,0.3350
TSLA,Call,352.50,2026-08-21,3.3000
TTD,Call,10.00,2028-12-15,8.1500
METC,Call,20.00,2028-01-21,3.1500
BNTX,Call,120.00,2026-12-18,2.6750
SHOP,Put,145.00,2026-08-21,0.5700
XOM,Call,149.00,2026-08-21,10.9500
AMD,Call,517.50,2026-08-17,6.2250
MU,Call,970.00,2026-08-17,15.8500
AVGO,Put,395.00,2026-08-17,5.1000
HOOD,Put,91.00,2026-08-21,1.0350
MSTR,Call,94.00,2026-09-04,5.3750
APLD,Call,37.00,2026-09-11,0.8550
MU,Put,940.00,2026-08-17,4.1000
DHT,Call,17.00,2026-08-21,2.4750
SGML,Call,12.00,2026-09-18,1.4250
TSLA,Call,350.00,2026-08-19,2.7100
META,Call,592.50,2026-08-17,3.4000
AMD,Call,502.50,2026-08-17,14.9750
HIVE,Call,0.50,2026-10-02,3.0250
IREN,Call,44.50,2026-08-21,1.7150
BIDU,Call,115.00,2026-08-28,1.2300
MARA,Call,9.00,2026-08-28,0.6400
AS,Call,32.50,2026-08-21,1.9250
DHT,Call,18.00,2026-08-21,1.5000
EXK,Call,17.50,2026-11-20,0.2500
MSFT,Put,477.50,2026-08-19,0.5600
COP,Call,95.00,2026-09-18,31.8000
ZIM,Call,15.00,2028-12-15,14.3500
COP,Call,82.50,2026-09-18,43.8750
NBIS,Put,170.00,2027-06-17,35.8750
IREN,Call,52.00,2026-09-04,1.9050
TSLA,Put,330.00,2026-08-17,0.2800
NVDA,Put,230.00,2026-08-17,5.0750
LW,Call,60.00,2026-10-16,1.3750
NVO,Call,30.00,2026-08-21,15.9000
AMZN,Call,277.50,2026-08-28,1.1550
PGEN,Call,6.00,2026-09-18,0.3250
NVDA,Call,237.50,2026-08-21,0.4750
META,Put,592.50,2026-08-17,6.1500
CRWV,Call,108.00,2026-08-21,3.2500
RDDT,Put,175.00,2026-08-21,4.1000
NVDA,Call,192.50,2026-08-17,32.6750
NKE,Put,40.00,2026-08-28,0.5950
DHT,Call,15.00,2026-08-21,4.4000
AAPL,Put,305.00,2026-08-17,1.1750
DHT,Call,18.00,2026-09-18,1.2500
TSLA,Call,355.00,2026-08-19,1.6500
AMD,Put,485.00,2026-08-17,0.6300
KLAR,Put,16.50,2026-08-21,0.2500
COIN,Put,80.00,2026-12-18,1.4900
COIN,Put,143.00,2026-08-21,2.1500
AAPL,Call,305.00,2026-08-17,2.0850
UPS,Call,80.00,2026-10-16,24.6000
SNOW,Call,332.50,2026-08-21,6.2500
GOOGL,Call,355.00,2026-08-19,1.0200
AMZN,Put,257.50,2026-08-19,0.9800
PL,Call,29.00,2026-08-28,0.2500
WDAY,Call,210.00,2026-08-21,1.7000
AVGO,Call,410.00,2026-09-04,13.3750
AVGO,Call,392.50,2026-08-21,8.6000
XOM,Call,146.00,2026-08-21,14.1500
MU,Call,985.00,2026-08-17,9.5250
AMD,Call,505.00,2026-08-21,21.0250
ALOY,Put,8.00,2026-09-18,0.1500
META,Put,575.00,2026-08-17,0.5750
MU,Put,260.00,2026-09-25,0.3000
MU,Call,975.00,2026-08-17,13.1750
META,Put,585.00,2026-08-17,2.4200
GOOGL,Call,347.50,2026-08-17,1.5250
CRWV,Call,112.00,2026-08-21,2.0200
AVGO,Put,362.50,2026-08-21,0.7100
NVTS,Put,14.50,2026-08-21,0.7200
CAT,Put,815.00,2026-08-21,3.1450
MU,Call,960.00,2026-08-17,22.4500
PL,Call,70.00,2027-01-15,0.5500
META,Call,597.50,2026-08-17,1.8250
AMZN,Put,250.00,2026-08-19,0.1800
AMZN,Call,215.00,2026-08-17,47.9500
AMZN,Put,272.50,2026-08-17,9.9500
AMTX,Call,7.5000,2028-01-21,0.2250
CRCL,Call,73.00,2026-08-21,2.2250
SPCX,Call,131.00,2026-09-04,13.5000
AMD,Call,540.00,2026-08-28,14.0250
AMD,Call,550.00,2026-08-17,0.5300
AVGO,Call,410.00,2026-08-19,1.5400
TSLA,Put,327.50,2026-08-28,3.9500
CSCO,Put,115.00,2026-11-20,9.4500
ELF,Call,95.00,2026-09-18,4.4750
INTC,Put,101.00,2026-08-17,0.8700
MSTR,Call,112.00,2026-08-21,0.2000
PLTR,Put,100.00,2026-09-11,0.1150
QBTS,Call,22.00,2026-10-16,2.5800
HOOD,Put,98.00,2026-08-21,4.2250
AFRM,Put,77.00,2026-08-21,1.3300
ALOY,Call,16.00,2026-08-21,0.4500
TSLA,Put,337.50,2026-08-21,4.5000
AS,Call,30.00,2026-08-21,3.6500
WEN,Call,8.50,2026-09-11,0.6250
MRK,Call,140.00,2026-08-28,1.1250
UPS,Call,80.00,2026-09-18,24.6250
HOOD,Put,94.00,2026-08-21,2.0650
DNUT,Call,4.00,2026-11-20,0.3500
INTC,Call,107.00,2026-08-17,0.2850
MU,Put,315.00,2026-09-25,1.3350
TSLA,Put,330.00,2026-08-19,1.2950
TSLA,Put,335.00,2026-09-11,10.3750
UPS,Call,100.00,2026-08-21,4.5750
COIN,Call,220.00,2027-03-19,14.0750
COP,Call,100.00,2026-08-21,26.5750
SNDK,Call,"1,620.00",2026-08-21,85.5500
TSLA,Call,367.50,2026-08-21,1.0600
AVGO,Put,385.00,2026-09-04,15.3500
XOM,Call,100.00,2026-09-18,60.0250
TPG,Put,72.50,2027-01-15,20.0000
EOSE,Call,1.50,2026-09-11,2.5400
MSTR,Put,87.00,2026-08-21,0.8950
NN,Call,20.00,2026-10-16,3.3000
MSFT,Call,502.50,2026-08-17,0.6250
AAPL,Put,302.50,2026-08-17,0.3750
NU,Call,16.00,2026-08-28,0.1600
HIW,Call,22.50,2026-08-21,8.9500
AMZN,Put,277.50,2026-08-17,14.8250
NOK,Put,11.50,2026-08-21,0.8850
TIGR,Call,5.00,2026-09-18,0.1850
TSLA,Call,352.50,2026-08-19,2.1350
COF,Call,190.00,2026-08-21,37.3500
COST,Call,"1,220.00",2026-08-21,0.0550
LCID,Call,5.50,2026-11-20,1.2750
HIMS,Put,22.00,2026-12-18,1.8400
UPS,Call,75.00,2027-01-15,30.2500
COP,Call,105.00,2026-08-21,21.6000
COF,Call,227.50,2026-08-21,2.4750
PLTR,Put,180.00,2028-12-15,54.6500
XOM,Call,125.00,2026-08-21,35.0500
MSTR,Put,75.00,2026-09-04,0.7250
INV,Call,2.5000,2026-09-18,0.1000
SNDK,Call,"1,610.00",2026-08-21,90.5000
OXY,Call,61.00,2026-08-21,0.2000
XOM,Call,150.00,2026-08-21,10.0500
COF,Call,195.00,2026-08-21,32.4000
COIN,Put,142.00,2026-08-21,1.8500
COF,Call,185.00,2026-08-21,42.3000
CRWV,Put,60.00,2027-12-17,11.3000
MU,Put,895.00,2026-08-17,0.4400
UPS,Call,85.00,2026-09-18,19.6250
AVGO,Call,395.00,2026-08-28,11.7250
XOM,Call,145.00,2026-08-21,14.8250
INTC,Call,104.00,2026-08-17,0.9450
VALE,Call,13.00,2026-08-21,0.7000
SNDK,Put,175.00,2027-01-15,0.4000
MTA,Call,12.50,2027-01-15,0.5250
NVDA,Put,227.50,2026-08-21,4.8250
XOM,Call,125.00,2026-09-18,35.0250
AMZN,Put,255.00,2026-08-19,0.5000
CSCO,Call,110.00,2026-08-28,3.5500
NBIS,Put,275.00,2026-08-21,14.4000
CIFR,Call,16.00,2026-08-21,2.3650
PYPL,Put,58.00,2026-09-04,0.5200
COP,Call,97.50,2026-09-18,29.2750
CSCO,Call,112.00,2026-08-21,1.6850
XOM,Call,130.00,2026-09-18,29.7250
COF,Call,180.00,2026-08-21,47.2000
APPS,Call,11.00,2026-12-18,3.4000
MU,Put,680.00,2026-09-11,2.2550
SPCX,Call,146.00,2026-08-21,2.6000
RIOT,Call,19.00,2026-08-21,0.8200
MSTR,Put,86.00,2026-08-21,0.7050
XOM,Call,140.00,2026-08-21,19.9500
UPS,Call,95.00,2026-09-18,9.9250
AMZN,Put,262.50,2026-08-19,2.7550
RIOT,Call,18.50,2026-08-21,1.0400
CIFR,Call,32.00,2026-12-18,1.2400
HPE,Call,70.00,2026-11-20,4.6000
XOM,Call,115.00,2026-09-18,45.0250
UPS,Call,90.00,2026-09-18,14.6250
AMD,Call,527.50,2026-08-17,3.0700
XOM,Call,120.00,2026-09-18,40.1000
KHC,Call,26.00,2026-08-21,0.1550
PBR,Put,25.00,2028-01-21,8.2500
MSFT,Put,485.00,2026-08-17,0.3350
FIG,Call,25.50,2026-08-21,0.8950
COF,Call,175.00,2026-08-21,52.4000
AAPL,Put,302.50,2026-08-19,1.3400
HIW,Call,30.00,2026-08-21,1.5750
VWAV,Call,2.5000,2026-08-21,0.1000
TSLA,Call,347.50,2026-08-19,3.4500
CIFR,Call,23.00,2026-08-28,0.1350
HIW,Call,25.00,2026-08-21,6.7000
NU,Put,15.00,2026-08-28,0.2950
UPS,Call,95.00,2026-08-21,9.6000
XOM,Call,110.00,2026-09-18,50.0250
XOM,Call,135.00,2026-08-21,24.9250
COIN,Put,148.00,2026-08-21,4.2250
NU,Call,15.00,2026-09-04,0.6500
HOOD,Call,97.00,2026-08-21,2.2450
CAPR,Put,7.00,2026-08-21,1.3000
COP,Call,105.00,2026-09-18,21.7500
SEI,Call,65.00,2026-09-18,5.1500
AVGO,Put,370.00,2026-08-28,3.7000
MSTR,Call,111.00,2026-08-21,0.2250
HPE,Call,80.00,2026-12-18,3.9250
CSCO,Put,109.00,2026-08-21,0.7100
UPS,Call,80.00,2026-08-21,24.7750
CIFR,Call,19.00,2026-08-28,1.0600
SYM,Call,55.00,2026-11-20,2.3500
MSFT,Call,720.00,2026-12-18,0.7000
UPS,Call,70.00,2027-01-15,34.6250
ANET,Put,185.00,2026-10-16,10.0500
TJX,Put,149.00,2026-08-21,1.8500
BE,Call,240.00,2026-12-18,50.6250
XOM,Call,130.00,2026-08-21,30.0750
GOOGL,Call,352.50,2026-08-17,0.4600
AMD,Call,497.50,2026-08-17,19.0500
BORR,Call,4.00,2027-02-19,1.0250
EYPT,Put,5.00,2026-08-21,0.2750
COP,Call,120.00,2026-08-21,6.7500
NU,Call,15.00,2027-06-17,2.7450
UPS,Call,101.00,2026-08-21,3.8250
FIG,Put,23.00,2026-08-21,0.1300
AMD,Call,570.00,2026-09-11,13.5750
OSCR,Call,34.00,2026-10-16,2.9750
MSTR,Call,92.00,2026-08-21,3.6500
ABNB,Put,185.00,2026-10-16,8.9750
SNDK,Call,"1,640.00",2026-08-21,74.8000
COST,Put,570.00,2026-09-11,0.2650
ALKT,Call,22.50,2026-09-18,0.7000
AMD,Call,522.50,2026-08-17,4.4250
NVDA,Put,212.50,2026-08-28,2.6450
RXT,Call,0.50,2026-09-11,3.7500
NXPI,Call,290.00,2026-12-18,9.4500
ZIM,Call,29.00,2026-08-21,0.4800
COF,Call,200.00,2026-08-21,27.3500
OSS,Call,15.00,2026-09-18,0.8250
CVX,Put,187.50,2026-08-28,0.7500
PAGP,Put,26.00,2026-09-18,0.5500
COP,Call,116.00,2026-08-21,10.7000
CVNA,Call,78.00,2026-11-20,8.7000
ALAB,Put,285.00,2026-08-21,2.4800
SMCI,Put,35.50,2026-08-21,0.2500
IEP,Call,7.00,2026-08-21,0.3250
COP,Call,110.00,2026-08-21,16.7000
NVO,Call,20.00,2027-01-15,26.1750
INTC,Put,89.00,2026-08-19,0.0600
TGT,Call,157.50,2026-08-21,4.0500
META,Call,600.00,2026-08-17,1.3750
PLTR,Put,172.50,2026-08-21,3.2500
COP,Call,115.00,2026-08-21,11.7750
XOM,Call,105.00,2026-09-18,55.0500
COF,Call,210.00,2026-08-21,17.8000
VLO,Put,330.00,2026-09-18,11.1000
TSLA,Put,317.50,2026-08-28,1.9100
AVGO,Call,400.00,2026-08-28,9.6500
MSTR,Call,111.00,2026-08-28,0.6750
NVDA,Call,232.50,2026-08-19,0.6450
NVDA,Call,207.50,2026-08-19,17.5250
IEP,Call,5.00,2027-01-15,2.4500
RDW,Put,13.50,2026-08-21,0.5750
META,Put,580.00,2026-08-17,1.2350
COF,Call,160.00,2026-08-21,67.2500
MU,Call,"1,010.00",2026-08-17,3.3500
TSLA,Call,360.00,2026-08-19,1.0200
MU,Put,905.00,2026-08-17,0.7300
GOOGL,Call,345.00,2026-08-17,2.7350
AMZN,Call,200.00,2026-08-17,62.9500
JD,Call,29.50,2026-08-21,0.3200
AMD,Put,505.00,2026-08-21,11.3000
IREN,Put,36.00,2026-09-04,0.9250
AVGO,Put,110.00,2027-12-17,1.1650
COP,Call,100.00,2026-09-18,26.7750
AMD,Call,510.00,2026-08-17,9.9750
NU,Put,15.50,2026-08-21,0.4800
MS,Put,170.00,2028-12-15,17.9500
META,Call,590.00,2026-08-17,4.4000
RKT,Call,16.00,2026-09-25,0.5450
VWAV,Call,2.5000,2026-09-18,0.2250
EBAY,Put,97.50,2026-09-18,1.4150
KOPN,Call,5.00,2026-09-18,0.9750
RIOT,Call,19.50,2026-08-21,0.6150
NVTS,Call,14.50,2026-08-21,0.7100
POET,Put,7.50,2026-09-04,0.1600
BE,Put,192.50,2026-08-21,0.9750
MSTR,Call,97.00,2026-08-21,1.6150
MU,Put,920.00,2026-08-17,1.5650
RMBS,Put,100.00,2026-11-20,15.5500
TSLA,Put,327.50,2026-08-17,0.1750
SNDK,Call,"1,630.00",2026-08-21,80.0500
AMAT,Call,510.00,2027-01-15,79.5500
NBIS,Call,380.00,2026-09-25,11.0750
XOM,Call,150.00,2026-08-28,10.0250
SNDK,Put,"1,620.00",2026-08-21,63.3000
MSTR,Put,92.00,2026-08-21,2.4950
NBIS,Call,272.50,2026-08-21,18.3250
AMD,Call,502.50,2026-08-21,22.4250
CRWV,Put,103.00,2026-08-21,3.2000
AMAT,Call,530.00,2026-09-18,25.2250
MU,Call,"1,030.00",2026-08-17,1.5150
DK,Call,70.00,2026-08-21,0.8250
INTC,Call,102.00,2026-08-17,1.8150
PANW,Call,310.00,2028-12-15,172.7500
NVO,Call,25.00,2026-09-18,20.1250
AMD,Put,472.50,2026-08-21,2.7200
AMZN,Put,265.00,2026-08-17,3.1750
QCOM,Call,172.50,2026-08-21,1.3000
IONQ,Call,53.00,2026-08-21,0.3650
NOK,Put,9.50,2026-09-11,0.2400
MU,Put,370.00,2026-09-04,0.1800
NVDA,Call,242.50,2026-08-24,0.3750
CRCL,Put,69.00,2026-08-21,1.5300
MSFT,Call,487.50,2026-08-17,8.4750
AVGO,Put,395.00,2026-09-04,20.4000
GOOGL,Call,350.00,2026-08-17,0.9000
COP,Call,118.00,2026-08-21,8.7000
AMZN,Call,210.00,2026-08-17,52.7250
MU,Put,975.00,2026-08-17,16.2250
XOM,Call,137.00,2026-08-28,22.7750
GOOGL,Call,352.50,2026-08-19,1.4600
IEP,Call,6.00,2026-09-18,1.3750
GNRC,Put,240.00,2026-09-18,25.7000
NVO,Call,30.00,2026-09-18,15.2000
CRDO,Put,215.00,2026-08-28,2.4500
SEDG,Call,34.00,2026-08-21,0.7200
NVO,Call,35.00,2026-09-18,10.6000
AVGO,Call,412.50,2026-08-21,2.1650
OUST,Call,60.00,2026-09-18,2.8500
C,Call,150.00,2026-08-28,0.2050
HIMS,Call,28.50,2026-08-21,0.7900
HOOD,Call,102.00,2026-08-21,0.8750
SO,Call,87.00,2026-08-21,6.0500
CRWV,Put,102.00,2026-08-21,2.7650
ELF,Call,105.00,2026-09-18,1.8050
CBRS,Put,230.00,2026-08-21,17.8000
MSFT,Put,482.50,2026-08-17,0.2100
PBR,Put,22.00,2028-02-18,6.0000
AMD,Put,487.50,2026-08-17,0.7800
AVGO,Put,390.00,2026-09-11,19.5500
TSLA,Put,325.00,2026-08-19,0.6650
INTC,Put,77.50,2027-02-19,7.5500
SPCE,Call,3.00,2026-09-18,0.5200
TSLA,Call,335.00,2026-08-17,8.1250
NVO,Call,40.00,2026-08-21,5.9000
MSFT,Put,492.50,2026-08-17,1.5750
PYPL,Put,60.00,2026-08-21,0.9500
APLD,Put,29.00,2026-08-28,1.0100
MU,Call,990.00,2026-08-17,7.6250
BABA,Call,125.00,2026-09-25,6.9000
KKR,Call,120.00,2026-10-16,4.6000
MRVL,Call,227.50,2026-08-21,5.6750
IREN,Put,36.00,2026-08-28,0.6850
INTC,Call,106.00,2026-08-17,0.4300
BIDU,Call,160.00,2026-09-18,0.1000
INTC,Put,92.00,2026-08-19,0.1850
NVTS,Call,35.00,2026-12-18,0.4800
SPCX,Call,142.00,2026-08-21,3.9250
NVDA,Call,232.50,2026-08-28,4.6500
INTC,Put,97.00,2026-08-17,0.1350
NET,Call,430.00,2027-06-17,37.4000
MU,Call,"1,040.00",2026-08-17,1.0300
META,Call,605.00,2026-08-17,0.7450
COP,Call,119.00,2026-08-21,7.7000
COST,Put,670.00,2026-09-04,0.3950
SPCX,Call,152.50,2026-08-21,1.2950
NVO,Call,35.00,2026-08-21,10.8250
MU,Put,265.00,2026-09-25,0.2950
NBIS,Call,380.00,2026-10-16,18.4250
CG,Call,40.00,2026-08-21,8.9000
NN,Call,19.00,2026-09-18,2.7750
TE,Call,5.50,2026-09-04,0.4250
COP,Call,117.00,2026-08-21,9.7000
MU,Put,900.00,2026-08-17,0.5700
CAPR,Call,7.00,2026-08-21,0.9750
NEE,Call,90.00,2026-09-04,0.3150
TSLA,Call,342.50,2026-08-19,5.3750
NVDA,Call,227.50,2026-08-21,2.6850
XOM,Call,135.00,2026-09-18,25.0000
META,Call,612.50,2026-08-17,0.2550
CVNA,Call,78.00,2026-08-21,1.1300
TSLA,Call,330.00,2026-08-17,12.5750
NN,Call,36.00,2026-12-18,1.5250
LUNR,Put,11.00,2026-09-18,0.1350
AEO,Put,10.00,2027-02-19,0.3500
SPCE,Call,3.00,2026-09-04,0.4400
NVO,Call,30.00,2026-10-16,16.0500
TSLA,Put,320.00,2026-08-19,0.3550
CELH,Call,30.50,2026-08-21,0.4200
MU,Put,650.00,2026-08-21,0.1000
SPCX,Put,126.00,2026-09-04,2.9100
LCID,Put,25.00,2028-01-21,19.7250
XOM,Call,145.00,2026-08-28,15.1250
ANVS,Put,2.0000,2026-09-04,0.2500
AVGO,Call,450.00,2026-09-11,5.4250
SNDK,Put,"1,650.00",2026-08-21,80.0500
KEEL,Put,3.50,2026-08-21,0.2150
KSS,Put,10.00,2026-12-18,0.1450
TSLA,Put,317.50,2026-08-19,0.2650
AMZN,Call,260.00,2026-08-17,3.4000
BETA,Call,30.00,2026-10-16,1.5000
SPCX,Call,139.00,2026-08-21,5.1750
SPCX,Call,147.00,2026-08-21,2.3400
MSFT,Call,512.50,2026-08-17,0.1050
FSLR,Call,300.00,2027-06-17,27.6000
AXP,Call,345.00,2026-08-21,2.9750
SHOP,Put,150.00,2026-08-21,1.6400
ADI,Call,410.00,2026-08-21,5.0500
NFLX,Put,77.00,2026-08-28,1.2350
NBIS,Call,380.00,2026-09-18,8.4000
CIFR,Put,13.00,2026-12-18,1.5850
GOOGL,Put,340.00,2026-08-17,0.4150
CRWD,Put,190.00,2026-12-18,15.5000
PANW,Put,355.00,2026-08-28,4.3000
AMZN,Put,267.50,2026-08-17,5.2250
SPCX,Put,142.00,2026-08-21,6.2000
INTC,Put,96.00,2026-09-11,4.1500
NVO,Call,43.00,2026-08-21,2.9450
MU,Put,910.00,2026-08-17,0.9300
TSLA,Call,370.00,2026-08-24,1.2950
SNDK,Put,"1,630.00",2026-08-21,67.7000
HOOD,Call,99.00,2026-08-21,1.5650
ARM,Put,410.00,2026-08-21,130.5000
RCAT,Put,10.00,2026-08-28,0.5000
DKNG,Call,30.00,2026-09-04,0.1450
IREN,Call,95.00,2027-06-17,6.3500
WULF,Call,19.00,2026-09-04,0.8450
FRMI,Call,10.00,2027-02-19,1.2250
COIN,Call,155.00,2026-08-28,4.3500
ZVRA,Call,3.00,2027-01-15,8.5500
MSFT,Call,500.00,2026-08-17,1.0700
FANG,Call,230.00,2027-06-17,17.0000
TSLA,Put,450.00,2026-08-21,107.6500
AVGO,Put,375.00,2026-08-28,4.9250
TSLA,Call,365.00,2026-08-19,0.6550
INO,Call,1.0000,2027-01-15,0.3500
AMD,Call,500.00,2026-08-17,16.8000
ORCL,Put,210.00,2026-08-21,60.2250
NVO,Call,39.00,2026-08-21,6.9750
SCCO,Put,182.50,2026-08-21,3.1500
SPCX,Call,148.00,2026-08-21,2.1000
APAM,Call,40.00,2026-08-21,2.2500
META,Put,590.00,2026-08-17,4.6000
GME,Call,18.50,2026-08-28,0.5300
RGTI,Put,18.50,2026-08-21,0.4350
TSLA,Put,345.00,2026-09-04,13.6250
FIGR,Call,60.00,2027-01-15,1.3000
TSLA,Call,420.00,2026-09-25,2.4700
AVGO,Call,420.00,2026-08-19,0.5700
FTAI,Call,220.00,2026-11-20,29.7000
FIGR,Call,34.00,2026-08-21,0.4750
ORCL,Put,148.00,2026-08-21,3.1750
PDD,Put,55.00,2027-01-15,0.4950
IBRX,Put,6.00,2026-11-20,0.4750
TEM,Call,54.00,2026-08-21,0.8600
SKHY,Call,167.50,2026-08-21,6.2500
AMAT,Call,900.00,2026-08-28,0.1250
NFLX,Put,93.00,2026-08-21,15.1750
PDD,Put,130.00,2026-09-18,45.6500
SNDK,Call,"1,800.00",2026-08-21,24.4000
TSLA,Call,362.50,2026-08-19,0.8150
AMD,Call,500.00,2026-08-19,21.2250
NVDA,Call,217.50,2026-08-19,8.2750
NFLX,Put,116.00,2026-09-18,37.8750
AAPL,Call,312.50,2026-08-17,0.1600
IREN,Call,46.00,2026-08-21,1.2150
KVYO,Call,30.00,2027-01-15,0.7250
AMD,Put,470.00,2026-08-17,0.1750
STM,Call,57.00,2026-08-21,0.5750
NVO,Call,42.50,2026-08-21,3.4000
RDDT,Call,185.00,2026-08-21,3.0900
NOW,Call,135.00,2026-12-18,12.8250
TSLA,Put,335.00,2026-08-21,3.6000
NBIS,Call,332.50,2026-08-21,2.5500
CRWV,Put,106.00,2026-08-21,4.7500
SNDK,Put,880.00,2026-08-21,0.5000
NBIS,Call,270.00,2026-08-28,25.4250
TSLA,Call,337.50,2026-08-19,8.1750
CRCL,Call,77.00,2026-08-21,1.1350
TSLA,Put,332.50,2026-08-19,1.7950
MU,Call,950.00,2026-08-17,29.0000
RDDT,Call,190.00,2026-08-21,1.8900
TSLA,Call,355.00,2026-08-21,2.7000
NVDA,Call,195.00,2026-08-17,28.9750
AG,Put,19.50,2026-08-21,0.7600
RIOT,Call,19.00,2026-09-25,2.2300
USAR,Call,3.00,2028-01-21,18.1750
TSN,Call,60.00,2026-08-21,0.1750
AMD,Call,515.00,2026-08-21,15.7750
AADX,Call,20.00,2026-09-18,0.7750
BMY,Call,68.00,2026-08-28,0.1150
NFLX,Put,105.00,2026-09-18,26.8750
KKR,Call,160.00,2027-01-15,1.5000
MRCY,Put,100.00,2026-08-21,4.3000
NFLX,Put,110.00,2026-09-18,31.9000
MP,Call,65.00,2026-08-28,1.0850
OSCR,Put,30.00,2028-01-21,7.7000
RDDT,Call,180.00,2026-08-21,4.7500
KKR,Call,125.00,2026-08-21,0.2250
NFLX,Put,96.00,2026-08-21,17.8500
HGV,Call,50.00,2026-09-18,0.7250
HPE,Put,58.00,2026-08-28,2.1950
META,Put,577.50,2026-08-17,0.8600
ORCL,Put,149.00,2026-08-21,3.6750
GOOG,Call,380.00,2026-09-11,1.2750
BF.B,Put,27.50,2026-09-18,0.9000
TSLA,Put,330.00,2026-08-24,2.8300
NFLX,Put,102.00,2026-09-18,23.8750
NFLX,Put,111.00,2026-09-18,32.8750
PANW,Put,362.50,2026-08-21,2.4500
HOOD,Call,80.00,2028-12-15,45.6250
NBIS,Put,270.00,2026-08-21,11.9500
AAPL,Call,310.00,2026-08-19,1.2200
TSLA,Put,340.00,2026-09-04,11.0000
NFLX,Put,94.00,2026-08-21,15.8500
META,Put,820.00,2026-09-18,229.7750
ENPH,Call,30.00,2028-12-15,23.4750
NVDA,Put,230.00,2026-09-04,11.0000
MSTR,Call,96.00,2026-08-28,3.4000
TSLA,Put,335.00,2026-08-19,2.4350
MSFT,Call,507.50,2026-08-17,0.2200
ECHO,Put,135.00,2026-08-21,43.2500
SPCX,Call,185.00,2028-01-21,32.5000
META,Put,790.00,2026-09-18,199.7750
AVGO,Put,390.00,2026-09-04,17.7750
CRWD,Put,190.00,2026-09-04,3.0000
ZS,Put,145.00,2027-01-15,10.5750
CAPR,Call,8.00,2026-08-21,0.7000
MU,Call,975.00,2026-08-19,24.0000
ORCL,Put,250.00,2026-08-21,100.2250
TSLA,Call,365.00,2026-09-04,5.3000
SKHY,Call,165.00,2026-09-04,13.1000
NVDA,Call,202.50,2026-08-17,21.5500
AAPL,Put,307.50,2026-08-17,2.5150
PANW,Call,425.00,2026-08-21,0.6600
ACN,Put,150.00,2027-06-17,16.7000
META,Call,610.00,2026-08-19,1.9300
SPCX,Call,275.00,2026-12-18,2.3200
SPCX,Put,143.00,2026-08-21,6.7250
HL,Call,18.50,2026-08-21,0.5200
TSLA,Put,325.00,2026-08-17,0.1200
NFLX,Put,95.00,2026-08-21,16.8500
HPE,Call,66.00,2026-08-21,0.2050
NBIS,Put,300.00,2026-09-18,46.7500
GLW,Put,155.00,2026-09-04,5.1250
AMD,Call,610.00,2026-12-18,43.6750
ARM,Put,500.00,2026-08-21,220.8750
AVGO,Call,415.00,2026-08-21,1.8150
XOM,Call,152.50,2026-08-21,7.4750
SO,Call,86.00,2026-08-21,6.8500
NFLX,Put,99.00,2026-08-21,20.9500
CLSK,Call,12.50,2026-08-21,0.3800
BAC,Call,66.00,2026-08-21,0.1100
JD,Put,27.00,2026-09-04,0.1250
AVGO,Put,397.50,2026-08-17,6.6750
ARM,Call,290.00,2026-10-16,28.6250
CRCL,Put,72.00,2026-08-21,3.0550
RDW,Call,13.50,2026-08-21,0.7000
ADI,Call,397.50,2026-08-21,8.8500
LLY,Call,"1,250.00",2026-08-28,6.2250
AMZN,Call,262.50,2026-08-21,3.8500
AAPL,Put,297.50,2026-08-21,0.7200
LULU,Put,108.00,2026-08-28,0.5900
NVDA,Call,212.50,2026-08-19,12.8500
EOSE,Call,0.50,2026-09-11,3.6000
NOW,Call,124.00,2026-08-21,3.2750
AVGO,Call,387.50,2026-08-21,11.3000
TSLA,Call,365.00,2026-08-21,1.2600
ORCL,Call,152.50,2026-09-04,7.0000
NBIS,Put,140.00,2026-09-11,0.4100
NVO,Call,32.50,2026-10-16,13.4250
HOOD,Put,98.00,2026-09-11,7.0750
SPCX,Call,157.50,2026-08-21,0.7350
PDD,Put,115.00,2026-09-18,30.0250
INTC,Call,106.00,2026-08-19,1.3250
CVNA,Call,77.00,2026-08-21,1.4500
AAOI,Call,130.00,2026-08-28,24.9000
PYPL,Call,62.00,2026-08-21,1.7250
NFLX,Put,108.00,2026-09-18,29.8750
MSTR,Put,80.00,2026-09-11,1.8200
META,Call,595.00,2026-08-17,2.5450
MSTR,Put,91.00,2026-08-21,2.0600
GOOGL,Put,340.00,2026-08-19,1.3850
MU,Call,"1,060.00",2026-08-17,0.5550
SPCX,Call,172.50,2026-08-21,0.1750
TSLA,Call,340.00,2026-08-24,9.1250
AMAT,Put,500.00,2026-09-18,29.4750
META,Call,607.50,2026-08-17,0.4650
FIGR,Call,32.50,2026-08-21,0.8250
AVGO,Put,380.00,2026-08-17,0.5300
COP,Call,122.00,2026-08-21,4.7000
NBIS,Call,280.00,2026-08-28,20.4500
CAPR,Put,5.00,2026-08-21,0.3500
APP,Call,320.00,2026-09-18,20.1000
UNH,Put,395.00,2026-08-21,2.3900
SPCX,Call,143.00,2026-08-21,3.5500
INTC,Call,101.00,2026-08-28,5.8250
COIN,Call,149.00,2026-08-21,4.3750
CSCO,Put,105.00,2026-11-20,4.4250
NVDA,Call,227.50,2026-08-19,1.8700
INTC,Call,105.00,2026-08-17,0.6450
EOSE,Call,0.50,2026-09-25,4.3000
AVGO,Put,397.50,2026-08-21,10.4250
XP,Call,16.00,2026-09-18,0.6750
SPCX,Put,137.00,2026-08-21,3.4250
RKT,Put,14.50,2026-08-28,0.4500
TPG,Call,60.00,2026-11-20,2.0500
MSFT,Call,510.00,2026-08-19,0.7350
META,Call,615.00,2026-08-17,0.1900
VST,Call,75.00,2028-12-15,87.4750
COIN,Put,147.00,2026-08-21,3.7500
GOOGL,Call,415.00,2026-12-18,7.7250
NU,Call,15.50,2026-08-21,0.1950
AVGO,Put,410.00,2026-09-04,29.3750
CRWD,Put,200.00,2026-11-20,16.0250
AMD,Put,410.00,2028-01-21,78.6000
AVGO,Put,382.50,2026-08-17,0.7950
SGML,Call,16.00,2026-09-18,0.3750
AMAT,Put,440.00,2026-08-21,0.4400
CVNA,Call,81.00,2026-08-21,0.4450
AMAT,Put,465.00,2026-08-21,2.0250
MSTR,Call,60.00,2026-08-21,33.1750
FCX,Call,71.00,2026-08-28,0.8300
OKLO,Call,75.00,2026-12-18,2.5550
CIFR,Put,17.50,2026-08-21,0.8050
GOOGL,Put,395.00,2026-08-21,49.4250
MU,Call,"1,050.00",2026-08-19,4.2750
NBIS,Call,325.00,2026-08-21,3.2750
CF,Call,125.00,2026-09-18,2.9500
AMZN,Call,205.00,2026-08-17,57.9000
RKLB,Put,77.00,2026-08-21,1.7450
NBIS,Call,420.00,2026-08-21,0.1600
SNAP,Call,4.50,2026-08-21,0.9300
ECHO,Put,140.00,2026-08-21,48.2500
IEP,Call,5.00,2028-01-21,3.0750
MU,Call,995.00,2026-08-17,6.8000
INDI,Call,5.00,2026-09-18,0.6000
PDD,Put,135.00,2026-09-18,50.5500
SNAP,Call,4.00,2026-08-21,1.3950
NBIS,Call,320.00,2026-08-21,3.9250
POET,Put,9.00,2026-09-11,0.6700
ICE,Put,145.00,2026-08-21,0.2500
CSCO,Call,119.00,2026-08-21,0.2000
CLSK,Call,13.50,2026-08-21,0.1350
NBIS,Put,220.00,2026-09-04,5.6500
AMD,Call,530.00,2026-08-19,6.8000
APP,Put,500.00,2026-09-18,184.1500
CSCO,Put,105.00,2026-09-04,0.7450
HOOD,Put,83.00,2026-08-28,0.4100
BA,Call,110.00,2028-12-15,136.3000
CRWV,Put,89.00,2026-08-21,0.2850
KO,Call,88.00,2026-08-21,0.5850
GOOGL,Put,400.00,2026-08-21,54.4250
MBLY,Call,2.00,2026-09-25,7.3250
MRK,Call,135.00,2026-08-28,3.1300
CVS,Call,96.00,2026-08-21,1.9900
SMCI,Put,34.00,2026-08-21,0.1150
PTC,Call,160.00,2026-08-21,1.5250
GOOGL,Put,345.00,2026-08-19,3.3650
APP,Call,350.00,2026-08-28,3.5000
MRVL,Call,240.00,2026-08-28,8.6750
XYZ,Call,88.00,2026-08-21,0.2150
BKSY,Call,40.00,2026-09-18,0.8250
FRMI,Put,6.50,2026-08-21,0.4000
AS,Call,35.00,2026-09-18,1.4500
ASTS,Call,72.00,2026-08-21,2.6200
LKQ,Call,27.50,2026-09-18,0.5750
INTC,Call,103.00,2026-08-19,2.4050
SNDK,Call,"1,650.00",2026-08-21,70.5500
PYPL,Call,66.00,2026-08-21,0.7150
SPCX,Call,162.50,2026-08-21,0.4400
CNA,Call,45.00,2026-08-21,7.0000
NVDA,Put,260.00,2027-12-17,57.0750
NBIS,Put,280.00,2026-08-21,17.2250
COP,Call,119.00,2026-08-28,7.7000
HL,Call,24.00,2027-03-19,2.2500
AVGO,Call,417.50,2026-08-21,1.5750
ZETA,Put,29.00,2026-08-21,0.8700
AAOI,Call,185.00,2026-08-21,1.2000
ZIM,Put,24.00,2026-09-18,0.2250
LITE,Put,890.00,2026-09-18,73.3000
MBLY,Call,1.00,2026-09-25,8.6250
BBWI,Call,25.00,2027-06-17,2.0500
OMF,Call,70.00,2026-09-18,0.4750
CAPR,Put,7.00,2028-01-21,4.2500
T,Put,29.00,2026-09-18,4.5500
DELL,Put,300.00,2026-08-28,0.1000
Z,Put,80.00,2027-01-15,45.0000
RBLX,Put,115.00,2026-12-18,76.4500
CRWV,Put,93.00,2026-08-21,0.5950
AAPL,Put,332.50,2026-08-21,26.1500
LULU,Put,350.00,2026-12-18,230.3750
CBRS,Call,230.00,2026-08-21,6.7500
BSX,Call,54.00,2026-08-21,0.3000
MSTR,Call,96.00,2026-08-21,1.9450
RKT,Call,15.00,2026-09-04,0.6850
BIRK,Call,40.00,2028-01-21,9.4000
PYPL,Call,61.00,2026-08-21,2.1200
ADBE,Put,340.00,2026-08-21,74.6000
BIDU,Call,104.00,2026-08-21,3.5750
IP,Put,40.00,2026-09-18,1.3500
NOW,Put,123.00,2026-08-21,2.6900
PDD,Put,120.00,2026-09-18,35.5750
SNDK,Put,"1,440.00",2026-08-21,11.3000
IBKR,Call,95.00,2026-09-18,2.9250
APLD,Call,33.50,2026-08-21,0.5750
GFS,Call,55.00,2026-10-16,5.6000
GLW,Call,230.00,2026-08-28,0.0750
GOOG,Put,430.00,2026-09-18,86.7250
BTDR,Call,9.50,2026-08-21,0.3000
SABS,Put,3.00,2027-01-15,0.4500
SPCX,Put,124.00,2026-08-28,1.4650
AMGN,Put,400.00,2026-08-21,1.0900
AMD,Call,640.00,2027-03-19,61.8750
POET,Put,9.00,2026-08-28,0.4250
UUUU,Call,18.00,2026-11-20,1.4900
C,Put,145.00,2026-10-16,9.3000
MSFT,Put,487.50,2026-08-17,0.5950
IREN,Put,44.00,2026-08-28,3.5500
NVDA,Put,217.50,2026-08-19,0.5750
NVDA,Call,217.50,2026-08-17,7.8500
MU,Put,890.00,2026-08-17,0.3600
BMRN,Put,65.00,2026-08-21,1.1750
SNDK,Call,"2,600.00",2026-08-21,0.1750
ABNB,Put,170.00,2026-09-18,1.6600
NVDA,Put,217.50,2026-08-17,0.1150
MSFT,Call,497.50,2026-08-21,4.8750
MS,Call,250.00,2028-12-15,34.9250
M,Put,23.00,2026-08-28,0.5300
QCOM,Call,167.50,2026-08-21,2.7400
NFLX,Put,78.00,2026-08-21,1.1450
NVDA,Call,215.00,2026-08-17,10.3250
AS,Call,40.00,2026-08-21,0.1750
NFLX,Put,140.00,2027-01-15,61.9250
BE,Call,232.50,2026-08-21,10.0000
ETN,Put,350.00,2026-09-18,0.6000
SBSW,Put,10.00,2026-08-21,0.1250
NBIS,Call,232.50,2026-08-21,46.7000
GOOGL,Put,342.50,2026-08-17,0.8400
ONON,Call,32.00,2026-08-21,0.8500
SM,Put,25.00,2026-09-18,0.0750
CHRW,Put,145.00,2026-09-18,4.3500
WDAY,Call,270.00,2027-01-15,2.3250
COST,Put,735.00,2026-09-04,0.1050
AMD,Call,537.50,2026-08-17,1.4100
CVNA,Call,73.00,2026-08-28,4.5500
KO,Call,89.00,2026-08-21,0.2800
HPE,Put,56.00,2026-08-21,0.7600
RDDT,Call,200.00,2026-08-28,2.0250
AMZN,Call,267.50,2026-08-19,1.1500
CSCO,Call,115.00,2026-08-28,1.3550
CG,Call,45.00,2026-08-21,4.1500
CVX,Call,212.50,2026-08-21,0.1100
NIO,Put,5.00,2026-09-11,0.5900
RDDT,Put,165.00,2026-08-21,1.2050
GOOGL,Call,347.50,2026-08-19,3.0800
SNDK,Call,"1,850.00",2026-08-21,17.0000
CMG,Call,45.00,2027-03-19,1.2100
AMD,Call,525.00,2026-08-21,11.6000
CORZ,Put,18.50,2026-08-21,0.1850
CSCO,Call,125.00,2026-11-20,3.7750
CRWV,Call,117.00,2026-08-21,1.0800
META,Call,617.50,2026-08-17,0.1450
QBTS,Call,23.50,2026-08-21,0.2250
AMZN,Call,272.50,2026-08-19,0.3950
GOOGL,Put,335.00,2026-08-17,0.0700
MP,Put,50.00,2027-03-19,6.7000
INTC,Put,98.00,2026-08-17,0.2350
ENVX,Put,4.00,2026-09-18,0.2800
IREN,Call,47.00,2026-08-21,0.9450
TSLA,Call,360.00,2026-08-26,3.4250
NBIS,Put,265.00,2026-08-21,9.8000
CSCO,Put,111.00,2026-08-21,1.3950
ARR,Call,13.00,2028-01-21,3.8750
AMD,Put,495.00,2026-08-21,7.5500
PYPL,Call,70.00,2026-08-28,0.3750
APLD,Call,31.50,2026-08-21,1.2400
MP,Put,60.00,2026-08-21,2.6950
INTU,Call,365.00,2026-08-21,2.1250
LUNR,Put,20.00,2026-08-21,1.6300
F,Put,13.00,2026-11-20,0.4900
XYZ,Call,84.00,2026-08-21,1.1750
MU,Put,885.00,2026-08-17,0.3000
SKHY,Call,172.50,2026-08-21,4.2500
AVGO,Put,382.50,2026-08-21,3.9750
XYZ,Put,81.00,2026-08-21,0.8700
PDD,Put,130.00,2027-01-15,45.6000
LUNR,Call,19.50,2026-08-28,1.1900
SNOW,Put,250.00,2026-10-16,4.7500
CRCL,Call,78.00,2026-08-21,0.9800
AVGO,Call,420.00,2026-08-28,3.6750
JD,Call,25.00,2027-03-19,6.2500
VTRS,Call,17.00,2026-10-16,0.5250
CIFR,Put,22.00,2026-11-20,6.5250
APLD,Call,30.50,2026-08-21,1.6750
VZ,Call,50.00,2026-09-11,0.5600
SPCX,Put,139.00,2026-08-21,4.3500
LAC,Call,4.00,2026-11-20,0.3050
TSLA,Call,370.00,2026-08-26,1.9200
AVGO,Put,355.00,2026-08-28,1.4000
AMD,Call,520.00,2026-08-28,20.3250
TSLA,Put,315.00,2026-08-19,0.2050
AMD,Put,485.00,2026-08-21,4.8750
NVDA,Put,222.50,2026-08-19,1.6750
HOOD,Call,98.00,2026-08-21,1.8650
HOOD,Put,96.00,2026-08-21,3.0500
AMD,Call,520.00,2026-08-19,10.3000
RKLB,Call,84.00,2026-08-21,1.7500
CRGY,Put,12.50,2026-10-16,1.1250
WDAY,Call,220.00,2026-12-18,10.7000
DNUT,Call,3.50,2026-08-21,0.1250
TSLA,Call,355.00,2026-08-24,3.4750
GTLB,Call,47.50,2026-08-21,0.1500
ANVS,Put,2.0000,2026-09-11,0.4250
MU,Call,"1,100.00",2026-08-17,0.1850
ABCL,Put,9.00,2027-01-15,1.2250
INTC,Call,107.00,2026-08-19,1.0500
RKLB,Put,76.00,2026-08-21,1.4150
MSTR,Call,106.00,2026-08-28,1.0850
TSLA,Call,350.00,2026-08-24,4.8500
AMPX,Call,13.50,2026-08-21,0.2500
HIVE,Call,4.00,2026-12-18,0.3000
MSTR,Put,155.00,2026-08-21,61.9500
ORCL,Put,142.00,2026-08-21,1.3100
AMD,Call,495.00,2026-08-17,20.6000
TSLA,Call,337.50,2026-08-21,9.5750
RCAT,Call,14.00,2026-08-28,0.2250
AAPL,Call,312.50,2026-08-28,2.6050
MU,Call,975.00,2026-08-21,31.5750
PYPL,Put,59.00,2026-08-21,0.6300
KMI,Call,34.00,2026-09-11,0.3150
LITE,Call,"1,000.00",2026-08-21,15.1000
MSTR,Put,200.00,2026-09-18,106.9500
STNE,Call,7.47,2028-01-21,3.6000
APP,Call,325.00,2026-08-21,5.2500
RKLB,Call,86.00,2026-08-21,1.2850
GRAL,Put,75.00,2026-10-16,14.3000
IREN,Put,40.00,2026-09-04,2.2550
META,Put,570.00,2026-08-17,0.2650
TSLA,Call,395.00,2026-08-28,0.8150
FTI,Call,85.00,2026-10-16,1.9500
AVGO,Put,340.00,2027-02-19,25.0500
TSM,Call,432.50,2026-08-21,4.7000
HL,Call,18.00,2027-03-19,4.0250
AVGO,Call,405.00,2026-08-21,3.7250
ORCL,Put,145.00,2026-09-04,5.2750
BSX,Put,45.00,2027-02-19,2.9750
NVDA,Call,222.50,2026-08-17,3.4000
AAPL,Call,325.00,2026-08-24,0.2150
APP,Put,400.00,2026-08-21,83.3500
NVDA,Put,217.50,2026-08-24,1.3800
AVGO,Call,400.00,2026-09-04,17.1250
MSTR,Put,150.00,2026-08-21,56.9500
COP,Call,125.00,2026-10-16,6.9000
SPCX,Call,180.00,2027-06-17,22.4750
NVDA,Put,225.00,2026-08-24,3.9500
AXP,Call,350.00,2026-08-21,1.3450
GME,Call,18.50,2026-08-21,0.3900
Z,Put,45.00,2026-08-21,10.0500
AMAT,Put,460.00,2026-09-18,13.6250
NVDA,Call,225.00,2026-09-11,9.8000
SKHY,Put,137.00,2026-08-21,0.4000
MSFT,Put,490.00,2026-08-17,0.9600
HOOD,Put,93.00,2026-09-11,4.3750
NBIS,Call,315.00,2026-08-21,4.6500
NVDA,Call,245.00,2026-09-25,4.5500
AAPL,Put,310.00,2026-08-17,4.5000
COF,Call,230.00,2026-08-21,1.3250
RDDT,Call,190.00,2026-08-28,4.1250
ORCL,Call,165.00,2026-08-28,1.9600
SPCX,Call,144.00,2026-08-21,3.2000
AAOI,Call,150.00,2026-08-21,9.2000
WDAY,Put,200.00,2026-08-21,6.9500
RDDT,Call,187.50,2026-08-21,2.4800
HON,Call,260.00,2026-10-16,3.5500
VIAV,Call,46.00,2026-08-21,0.8250
MU,Put,915.00,2026-08-17,1.2150
INTC,Put,100.00,2026-08-17,0.5700
CRCL,Call,74.00,2026-08-21,1.9050
LUNR,Call,19.50,2026-08-21,0.7250
HIVE,Call,2.50,2026-08-21,0.2750
CRWD,Call,320.00,2028-12-15,54.1500
TSSI,Call,17.50,2027-01-15,1.0750
AAOI,Put,150.00,2026-08-21,8.4000
SBUX,Put,107.00,2026-08-21,0.9900
HOOD,Call,103.00,2026-08-21,0.7150
HOOD,Call,120.00,2026-12-18,6.8750
XOM,Call,155.00,2026-08-21,4.7500
SPCX,Call,137.00,2026-08-28,8.3250
AAPL,Put,302.50,2026-08-21,1.8900
BRK.B,Put,500.00,2026-08-21,1.7200
NVDA,Put,207.50,2026-08-24,0.3300
CAPR,Put,6.00,2026-08-21,0.7000
CHWY,Put,23.00,2026-08-21,0.8250
NVDA,Put,240.00,2027-03-19,33.4500
WDAY,Call,200.00,2028-01-21,37.0000
HOOD,Put,65.00,2026-09-11,0.1000
ARR,Call,16.00,2026-08-21,0.5750
MU,Put,270.00,2026-09-25,0.4600
PVH,Call,85.00,2026-08-21,0.7500
MSFT,Put,497.50,2026-08-17,3.7750
TSLA,Call,335.00,2026-08-19,10.1750
MSTR,Put,89.00,2026-08-21,1.3800
NVDA,Put,230.00,2027-02-19,25.6000
BABA,Put,123.00,2026-08-21,3.6750
JPM,Call,400.00,2026-11-20,4.6500
MSTR,Put,160.00,2026-08-21,66.3500
NIO,Put,5.00,2027-03-19,1.0550
TSLA,Put,340.00,2026-08-21,5.5750
LRCX,Call,335.00,2026-08-21,9.1000
LULU,Call,125.00,2026-11-20,10.2500
RKLB,Put,74.00,2026-08-21,0.8750
SLS,Call,13.50,2026-08-21,0.5750
RDDT,Put,170.00,2026-08-21,2.3250
ORCL,Call,157.50,2026-08-21,1.7900
BULL,Put,7.50,2026-12-18,0.8800
OWL,Call,12.00,2026-12-18,1.4250
SHOP,Call,165.00,2026-08-28,1.5250
WDAY,Call,215.00,2026-08-21,0.8250
COIN,Put,157.50,2026-08-21,10.4500
CSCO,Call,115.00,2026-11-20,6.9500
BABA,Call,133.00,2026-08-21,1.3300
XOM,Call,167.50,2026-08-21,0.2900
PYPL,Call,65.00,2026-08-28,1.1150
HOOD,Put,87.00,2026-08-28,0.9450
AAOI,Call,160.00,2026-08-21,5.2000
TSLA,Call,355.00,2026-08-28,5.5000
LESL,Put,0.5000,2027-02-19,0.3000
AVGO,Put,372.50,2026-08-21,1.7150
HOOD,Put,86.00,2026-08-28,0.8300
EROC,Call,17.50,2026-08-21,0.6250
TSLA,Call,347.50,2026-08-28,8.0500
GOOGL,Call,360.00,2026-08-19,0.4250
AAOI,Call,145.00,2026-08-21,11.7000
UNH,Put,397.50,2026-08-21,3.3000
SPCX,Put,140.00,2027-06-17,31.0000
GOOGL,Call,355.00,2026-08-17,0.2300
TSLA,Call,350.00,2026-09-04,9.6750
STM,Call,55.00,2026-08-21,1.1750
AAOI,Call,160.00,2026-08-28,9.3000
RYN,Put,30.00,2027-02-19,8.7500
FLY,Call,19.00,2026-11-20,9.6000
AMZN,Put,255.00,2026-08-17,0.1300
ONON,Call,32.50,2026-08-21,0.5000
CLF,Call,12.50,2026-08-28,0.2750
NVDA,Put,220.00,2026-08-19,0.9900
MU,Call,970.00,2026-08-28,49.1250
UPS,Call,80.00,2027-01-15,24.5500
APLD,Call,30.00,2026-08-21,2.0750
LRCX,Put,280.00,2026-11-20,19.2500
NBIS,Put,255.00,2026-08-21,6.4500
FRMI,Put,7.00,2026-08-28,0.8750
CAR,Put,330.00,2026-09-18,189.8500
UAL,Put,130.00,2026-09-18,9.0000
RDDT,Call,220.00,2026-09-18,2.5250
HAL,Call,39.00,2026-10-16,0.5750
GM,Call,88.00,2026-08-21,0.7750
NVDA,Call,215.00,2026-08-19,10.5500
TWLO,Call,260.00,2026-08-21,0.7500
NBIS,Put,260.00,2026-08-21,8.0000
WULF,Call,30.00,2026-11-20,0.7050
CSCO,Put,107.00,2026-08-21,0.3250
COIN,Put,85.00,2026-09-18,0.0700
VZ,Call,48.50,2026-08-21,0.5550
PLTR,Put,177.50,2026-08-21,5.9250
VG,Call,22.50,2027-09-17,1.7250
KLAC,Call,205.00,2026-09-18,13.6500
NU,Call,15.50,2026-08-28,0.3300
MSTR,Call,95.00,2026-08-28,3.8000
NVO,Call,37.50,2026-09-18,8.6250
OSCR,Put,31.00,2026-08-21,0.4500
MU,Put,680.00,2026-08-21,0.1050
AVGO,Call,460.00,2026-09-04,3.0000
MU,Put,865.00,2026-08-17,0.1250
MARA,Put,8.50,2026-09-04,0.3500
APLD,Call,31.00,2026-08-21,1.4850
META,Call,670.00,2026-08-21,0.1850
NEM,Call,120.00,2026-09-11,4.2250
EOSE,Call,2.00,2026-09-11,2.1100
AMD,Call,630.00,2026-12-18,38.7000
PYPL,Call,60.00,2026-08-28,3.1050
CRCL,Call,72.00,2026-08-21,2.7650
APLD,Put,31.00,2026-08-21,1.2450
AMD,Call,550.00,2026-08-19,2.7050
HIMS,Call,31.00,2026-08-21,0.2300
SPCX,Call,140.00,2026-08-21,4.8250
IONQ,Call,46.50,2026-08-21,1.8750
SNDK,Call,"2,350.00",2026-08-21,0.6000
AVGO,Put,392.50,2026-08-17,3.7000
KLAR,Call,22.50,2026-08-21,1.0000
AAPL,Call,305.00,2026-08-19,3.2500
SPCX,Call,137.00,2026-08-21,6.2500
RRC,Call,43.00,2026-09-18,0.5250
MU,Put,910.00,2026-08-21,9.8250
SHW,Call,370.00,2026-08-21,1.0250
NOW,Call,133.00,2026-08-21,0.7450
NVDA,Call,242.50,2026-08-21,0.2100
BSX,Put,50.00,2027-01-15,4.1500
NBIS,Put,150.00,2026-09-04,0.4000
TSLA,Put,310.00,2026-09-11,3.1000
SPCE,Call,3.50,2026-08-28,0.1500
SPCX,Call,185.00,2027-06-17,21.1250
ORCL,Call,200.00,2026-09-11,1.3950
WULF,Put,14.00,2026-12-18,1.8100
AMZN,Call,285.00,2026-09-25,3.0300
AMD,Put,475.00,2026-08-17,0.2400
ARM,Put,240.00,2026-11-20,21.5750
SPCX,Call,136.00,2026-08-21,6.9000
SPCX,Call,138.00,2026-08-21,5.6750
SG,Call,6.00,2026-09-18,0.7250
AAOI,Call,175.00,2026-08-21,2.3000
AAOI,Call,140.00,2026-08-21,14.9000
AEHR,Call,145.00,2026-08-21,4.8500
NVDA,Put,230.00,2026-08-28,10.0000
LITE,Call,"1,450.00",2027-03-19,118.6500
FSLR,Call,220.00,2026-08-21,9.3000
INTC,Call,110.00,2026-08-19,0.5350
MO,Call,68.00,2026-08-21,0.1350
GOOG,Call,380.00,2027-06-17,33.5250
FIG,Call,27.00,2026-08-21,0.3900
AVGO,Call,425.00,2026-08-21,0.8500
NVDA,Call,270.00,2026-08-28,0.2700
DHT,Call,19.00,2026-08-21,0.5000
CAR,Put,650.00,2026-09-18,511.5000
DJT,Call,8.50,2026-08-21,0.2300
CIFR,Put,16.00,2026-08-28,0.6850
SPCE,Call,3.50,2026-09-04,0.2250
AAPL,Put,300.00,2026-08-19,0.7250
GOOG,Call,470.00,2027-06-17,13.1000
UBER,Call,77.50,2026-10-16,3.6500
CVX,Call,202.50,2026-08-21,1.2550
AMZN,Call,267.50,2026-08-21,1.8650
NBIS,Put,220.00,2026-08-28,3.1150
NVO,Call,35.00,2026-10-16,10.8750
BMNR,Call,17.00,2026-08-21,1.3150
AAPL,Put,300.00,2026-08-24,1.6900
MSFT,Put,490.00,2026-09-11,10.6250
CIFR,Call,16.50,2026-08-21,1.7250
AMAT,Put,480.00,2026-08-21,4.7250
AMD,Call,670.00,2027-01-15,37.3750
PYPL,Call,70.00,2026-08-21,0.2850
NVDA,Call,210.00,2026-08-17,15.3500
OTLK,Call,1.0000,2027-02-19,0.2250
JPM,Put,357.50,2026-08-21,1.5450
MP,Call,62.00,2026-08-21,1.0400
AMD,Call,520.00,2026-08-21,13.6750
TSLA,Call,350.00,2026-08-21,3.9750
AMZN,Put,275.00,2026-08-17,12.3750
NVDA,Put,150.00,2026-09-04,0.1100
FCEL,Put,21.00,2026-08-21,0.7500
MSFT,Call,502.50,2026-08-21,2.9500
ABNB,Put,177.50,2026-08-21,0.6750
NOK,Put,10.50,2026-08-28,0.4100
WMT,Put,111.00,2026-08-21,1.1350
RKT,Call,15.00,2026-10-16,1.2150
CBOE,Call,290.00,2026-08-21,8.8000
NBIS,Call,305.00,2026-08-21,6.6250
AMAT,Call,500.00,2026-08-21,18.3500
CLOV,Call,6.00,2026-11-20,0.2550
CIFR,Call,17.00,2026-08-21,1.4450
SHOP,Call,160.00,2026-08-21,1.3650
FRMI,Call,8.00,2026-09-18,0.3500
MRK,Call,141.00,2026-08-21,0.3600
PEP,Call,141.00,2026-08-21,1.3700
AVGO,Put,400.00,2026-09-04,23.1750
BABA,Put,102.00,2026-08-21,0.2650
AMAT,Call,510.00,2026-08-21,13.3750
TSLA,Call,400.00,2026-08-19,0.1200
AMZN,Call,295.00,2026-09-04,0.4000
FIGR,Call,37.50,2027-01-15,4.8000
ALT,Call,0.50,2026-09-18,2.9500
TSLA,Call,380.00,2026-08-19,0.2500
MUR,Call,35.00,2026-10-16,2.1250
XOM,Call,162.50,2026-08-21,1.0800
TSM,Call,427.50,2026-08-21,6.8250
TSLA,Put,322.50,2026-08-19,0.4800
SPCX,Put,128.00,2026-08-28,2.2800
AXTI,Call,100.00,2026-09-18,6.6500
AMD,Call,490.00,2026-08-17,25.2000
USAS,Put,5.00,2026-09-18,0.4250
NVDA,Call,222.50,2026-08-24,5.7500
CCL,Call,29.00,2026-08-28,0.4350
QXO,Call,20.00,2027-06-17,2.1000
HL,Call,15.00,2027-03-19,5.7250
MO,Put,45.00,2028-01-21,1.4400
SPCX,Call,149.00,2026-08-21,1.8850
GGAL,Put,38.00,2027-01-15,2.5750
AAPL,Call,312.50,2026-08-19,0.6850
IONQ,Call,49.00,2026-08-21,1.0400
NVDA,Call,240.00,2026-08-24,0.5250
AMD,Call,510.00,2026-08-21,18.2500
PEP,Put,138.00,2026-08-21,0.4600
CELH,Put,29.00,2026-08-21,0.8400
BHF,Call,65.00,2026-12-18,2.6250
NVDA,Call,232.50,2026-08-24,1.5750
TSLA,Put,332.50,2026-08-21,2.7950
LRCX,Put,330.00,2026-11-20,42.3000
ACI,Call,12.50,2026-08-21,0.1750
MU,Call,"1,780.00",2026-08-21,0.0650
NU,Put,16.00,2026-09-18,1.1350
AVGO,Call,420.00,2027-03-19,50.5500
SPCX,Put,134.00,2026-08-21,2.2650
MSFT,Put,485.00,2026-08-28,5.0000
ONDS,Put,9.00,2026-11-20,1.5250
NOW,Call,126.00,2026-08-21,2.4300
DDD,Call,3.00,2026-09-18,0.8000
HIVE,Put,2.50,2026-08-21,0.0750
PYPL,Call,63.00,2026-08-21,1.4250
MSFT,Call,510.00,2026-08-17,0.1500
LCID,Put,6.00,2027-02-19,1.9150
MU,Put,875.00,2026-08-17,0.1950
BIDU,Put,102.00,2026-08-21,2.7350
BAC,Put,64.00,2026-08-28,0.6400
AAPL,Call,307.50,2026-08-28,4.4750
PCG,Put,18.00,2026-10-16,1.2800
AMZN,Call,265.00,2026-08-28,4.4750
MSTR,Put,81.00,2026-08-21,0.2450
MP,Put,55.00,2026-08-21,0.6350
SPCX,Put,133.00,2026-08-21,1.9850
MRVL,Call,235.00,2026-08-21,3.4000
SPCX,Put,119.00,2026-08-21,0.2450
BKR,Put,60.00,2026-09-18,0.7250
IBRX,Put,7.00,2026-08-28,0.1750
ZIM,Call,32.00,2026-09-18,0.3050
KKR,Put,110.00,2026-08-21,0.7000
AEP,Put,115.00,2026-09-18,0.3500
QMCO,Call,30.00,2026-08-21,0.6250
AG,Call,20.00,2027-03-19,3.7500
AMZN,Put,277.50,2026-08-21,15.1500
MU,Put,660.00,2026-12-18,28.7750
LITE,Put,840.00,2026-08-21,10.5500
CSIQ,Call,18.00,2026-08-28,0.3000
UNH,Call,400.00,2026-10-16,20.5750
TSLA,Put,315.00,2026-09-04,2.9200
TSLA,Call,345.00,2026-08-28,9.0750
AAPL,Call,317.50,2026-08-21,0.4500
RKLB,Call,83.00,2026-08-21,2.1000
UBER,Put,77.00,2026-08-21,1.8800
FCX,Put,69.00,2026-08-21,3.1400
AAOI,Call,230.00,2026-09-18,3.9000
INTC,Put,103.00,2026-08-21,3.7000
AMC,Call,2.50,2026-08-28,0.1550
F,Call,13.00,2026-10-16,1.6950
HNRG,Call,16.00,2026-08-21,0.5250
BE,Put,195.00,2026-08-21,1.2500
CSCO,Call,113.00,2026-08-21,1.2650
BAC,Put,65.00,2026-08-21,0.8700
F,Put,14.00,2026-08-28,0.1700
APLD,Put,24.00,2026-09-18,0.5950
ARRY,Call,6.00,2027-01-15,0.7250
NVDA,Call,210.00,2026-08-19,15.3250
AAOI,Put,140.00,2026-08-21,4.2500
CSCO,Call,120.00,2026-11-20,5.2250
COIN,Call,162.50,2026-08-21,0.9650
NRG,Call,135.00,2026-09-18,3.9000
RDDT,Call,230.00,2026-09-18,1.6700
APLD,Call,32.50,2026-08-21,0.8750
AMAT,Put,450.00,2026-08-21,0.8150
ENVX,Call,4.00,2026-10-16,0.8750
TSLA,Call,365.00,2026-08-28,3.2500
CSCO,Put,110.00,2026-11-20,6.7000
IHS,Call,10.00,2026-10-16,0.0750
SNDK,Put,"1,450.00",2026-08-21,12.6500
MSFT,Call,512.50,2026-08-21,0.9550
TSLA,Put,345.00,2026-08-21,8.2750
META,Call,635.00,2026-08-28,2.7300
TSLA,Call,355.00,2026-10-16,18.8250
ABCL,Call,20.00,2027-01-15,0.8500
AAOI,Call,155.00,2026-08-21,7.1500
SNDK,Put,"1,500.00",2026-08-21,21.6500
TSLA,Call,362.50,2026-08-17,0.1750
VG,Call,25.00,2027-09-17,1.4000
MPT,Call,1.50,2026-10-02,3.7200
APO,Call,150.00,2026-11-20,6.6000
POET,Put,9.00,2026-09-18,0.8150
NVDA,Call,455.00,2027-12-17,6.0500
VIK,Call,115.00,2026-08-21,0.4250
ECHO,Call,92.00,2026-08-21,2.3250
AMAT,Put,300.00,2026-10-16,1.0300
F,Call,13.50,2026-08-28,0.9650
TSSI,Call,10.00,2026-08-21,0.4000
TSLA,Call,350.00,2026-08-28,7.1250
AMAT,Put,475.00,2026-08-21,3.5750
TSM,Call,420.00,2028-12-15,132.7500
PESI,Call,20.00,2026-12-18,2.5500
ACN,Call,180.00,2026-09-18,8.1500
TSLA,Call,350.00,2026-09-11,11.5750
SNDK,Call,"1,900.00",2026-08-21,12.0000
SGML,Call,12.00,2026-10-16,1.8000
VIK,Put,95.00,2026-08-21,2.5000
SNPS,Call,440.00,2026-08-21,2.7750
TPL,Call,300.00,2027-01-15,77.1500
CVX,Call,190.00,2027-06-17,24.1000
NBIS,Call,285.00,2026-08-21,12.5000
LULU,Put,300.00,2026-12-18,180.3750
NVDA,Put,202.50,2026-08-21,0.1600
NVDA,Call,205.00,2026-08-17,20.0500
AMD,Call,530.00,2026-08-28,16.7750
NVDA,Put,212.50,2026-08-19,0.2250
UBER,Put,80.00,2027-06-17,11.6750
BA,Call,242.50,2026-08-21,0.4800
COF,Call,200.00,2026-08-28,27.3000
PATH,Call,18.00,2026-12-18,2.2100
AMD,Call,535.00,2026-08-21,8.2750
AAL,Put,15.00,2027-09-17,2.8950
LYFT,Put,17.50,2026-08-21,0.3450
SNDK,Put,890.00,2026-08-21,0.1250
RCAT,Put,10.00,2026-09-18,0.7300
NU,Call,14.00,2026-09-04,1.3550
GNRC,Put,230.00,2026-09-18,18.8500
NBIS,Call,295.00,2026-08-21,9.0750
JPM,Put,365.00,2026-08-21,4.6000
TTD,Put,13.00,2026-08-28,0.1350
CAVA,Call,75.00,2026-08-21,1.8700
KEEL,Call,7.00,2028-01-21,1.0850
UBER,Call,67.50,2026-12-18,12.0000
CRWV,Put,104.00,2026-08-21,3.6500
AMPX,Call,14.00,2026-08-21,0.1750
SPCX,Put,120.00,2028-12-15,34.9000
NVDA,Put,235.00,2026-08-21,10.4000
ALAB,Call,330.00,2026-08-21,10.9750
ORCL,Put,152.50,2026-08-21,5.5000
LQDA,Call,95.00,2026-08-21,0.4000
AMD,Put,550.00,2026-09-18,56.5750
NFLX,Call,82.00,2026-09-04,0.9900
MU,Call,"1,100.00",2026-08-19,1.3250
T,Put,30.00,2026-09-18,5.1250
NVDA,Call,235.00,2026-08-19,0.3750
MNTN,Call,10.00,2026-08-21,2.8000
META,Call,597.50,2026-08-21,7.0500
AMD,Call,492.50,2026-08-17,23.2750
AMAT,Put,470.00,2026-08-21,2.7000
CSIQ,Call,25.00,2028-01-21,4.5500
AMZN,Put,265.00,2026-08-19,4.2250
GOOGL,Call,690.00,2026-09-18,0.2950
HUT,Put,80.00,2026-08-28,3.7200
CIFR,Put,15.00,2026-09-18,0.8050
AAOI,Put,135.00,2028-01-21,61.5000
NBIS,Put,55.00,2027-01-15,0.8100
NVO,Put,45.50,2026-08-21,0.7300
CAR,Put,200.00,2026-08-21,61.8500
AMAT,Call,600.00,2026-10-16,19.6500
BMNR,Call,19.00,2026-08-28,0.6250
MU,Call,965.00,2026-08-21,36.7250
TSLA,Call,380.00,2026-08-28,1.5200
CRM,Put,192.50,2026-08-21,2.3700
AMD,Put,465.00,2026-08-17,0.1300
USAR,Put,20.00,2026-08-21,0.9100
ASTS,Put,68.00,2026-08-21,1.6900
AMAT,Call,540.00,2026-08-21,4.6000
BABA,Call,155.00,2026-10-16,1.6550
SPCX,Put,138.00,2026-08-21,3.8500
AMD,Call,550.00,2026-08-21,4.8500
MAT,Call,15.00,2026-09-18,0.6500
CRWV,Put,96.00,2026-08-21,1.0400
PM,Call,192.50,2026-08-21,1.5000
FSLR,Call,310.00,2027-01-15,11.5250
INTC,Call,103.00,2026-08-21,3.2250
BABA,Call,135.00,2026-10-16,5.0500
SPCX,Call,138.00,2026-08-28,7.9500
CSX,Call,52.50,2026-12-18,1.9000
SPCX,Put,100.00,2026-09-25,1.0600
MSTR,Put,75.00,2028-01-21,20.0250
NVDA,Put,222.50,2026-08-21,2.3900
SMCI,Call,38.00,2026-08-21,2.6300
XOM,Call,170.00,2026-08-21,0.1550
GE,Put,345.00,2026-08-21,0.3750
GOOG,Call,342.50,2026-08-21,5.3500
SMCI,Put,36.00,2026-08-21,0.3350
CRWV,Put,70.00,2027-12-17,15.4000
BE,Put,187.50,2026-08-21,0.6700
TSLA,Put,340.00,2026-08-28,8.6250
INTC,Call,108.00,2026-08-17,0.1900
WDC,Put,500.00,2026-08-21,15.4000
QBTS,Call,22.50,2026-08-21,0.4250
F,Call,32.00,2028-12-15,0.5850
NVDA,Call,212.50,2026-08-17,12.5500
GOOGL,Put,337.50,2026-08-17,0.1950
ACHR,Call,7.00,2026-09-11,0.4000
AMZN,Put,262.50,2026-08-21,3.5000
INTC,Call,106.00,2026-08-21,2.1200
V,Call,367.50,2026-08-21,2.1050
SNOW,Put,315.00,2026-08-21,2.7550
TSLA,Call,455.00,2026-11-20,6.5250
XYZ,Call,86.00,2026-08-21,0.4750
RKT,Put,14.50,2026-08-21,0.2600
BKR,Put,65.00,2026-09-18,2.4500
RZLV,Put,3.00,2026-09-11,0.4750
APP,Call,340.00,2026-08-21,2.0000
CRWV,Put,98.00,2026-08-21,1.4800
UPST,Put,30.00,2026-10-16,2.6750
EYPT,Put,10.00,2026-09-18,3.2500
PLTR,Call,180.00,2026-09-25,8.2500
CLSK,Call,12.00,2026-08-21,0.6000
CSCO,Put,82.50,2027-01-15,0.9000
CRM,Put,187.50,2026-08-21,0.9300
MSTR,Put,94.00,2026-08-21,3.5500
NFLX,Put,90.00,2026-08-21,11.8500
GLXY,Call,24.50,2026-08-21,0.1250
AMD,Call,507.50,2026-08-21,19.5000
NFLX,Call,83.00,2026-09-18,1.3900
AAPL,Put,305.00,2026-08-19,2.2650
NFLX,Put,100.00,2026-09-18,21.2000
DIS,Put,105.00,2026-08-21,0.4200
BAC,Put,62.50,2026-11-20,2.0200
FIG,Put,22.50,2026-09-18,0.8400
SMCI,Call,47.00,2026-08-21,0.1700
UEC,Put,11.00,2026-08-21,0.2550
AMAT,Put,460.00,2026-08-21,1.5200
CVI,Call,37.50,2027-01-15,4.5000
QUBT,Put,11.00,2026-11-20,2.9300
LITE,Call,950.00,2026-08-21,29.0000
BABA,Call,135.00,2026-08-28,1.6750
CMCSA,Put,26.00,2026-09-18,0.7650
QMCO,Put,22.50,2026-08-21,0.5500
MU,Put,875.00,2026-08-21,4.2500
QMCO,Put,20.00,2026-08-21,0.2250
CAT,Call,920.00,2026-09-18,17.4000
CAT,Call,"1,020.00",2026-09-18,3.6000
SPCX,Put,120.00,2026-08-21,0.2750
NVDA,Put,217.50,2026-08-21,1.0400
DKNG,Put,17.50,2027-01-15,0.6250
AVGO,Put,415.00,2026-08-24,24.2250
CLNE,Put,1.5000,2026-12-18,0.1250
CAT,Call,880.00,2026-08-21,7.6000
PM,Put,190.00,2026-08-21,2.1500
MU,Put,960.00,2026-08-21,26.1250
BE,Put,215.00,2026-08-21,4.8500
GTLB,Call,40.00,2028-01-21,15.2500
MSTR,Call,100.00,2026-08-28,2.1800
ECHO,Put,110.00,2026-08-21,18.2500
AMC,Call,3.00,2026-09-04,0.0750
MARA,Call,9.00,2026-09-18,0.9900
CVX,Put,200.00,2026-12-18,12.4750
VZ,Put,48.00,2026-12-18,2.5000
BABA,Put,122.00,2026-08-28,4.3500
APO,Call,160.00,2026-11-20,3.7500
BABA,Put,122.00,2026-08-21,3.3500
ZS,Put,165.00,2026-08-21,0.4300
SPCX,Call,175.00,2027-06-17,23.5750
TGT,Call,170.00,2026-08-21,0.9200
QCOM,Call,240.00,2027-06-17,12.1500
CRGY,Put,10.00,2026-10-16,0.2500
BULL,Put,25.00,2027-01-15,17.2750
NVDA,Call,420.00,2028-12-15,20.4000
AAPL,Call,302.50,2026-08-19,5.0750
BULL,Call,8.00,2026-09-04,0.5650
AVGO,Call,430.00,2026-08-28,2.3400
GOOGL,Call,425.00,2026-10-16,1.3550
SNAP,Put,5.00,2026-08-28,0.0550
TSLA,Put,322.50,2026-08-21,0.9550
MU,Call,"1,000.00",2026-08-19,14.1500
SPCX,Call,141.00,2026-08-21,4.3500
PLTR,Call,177.50,2026-08-21,2.5650
ASTS,Put,67.00,2026-08-21,1.3500
CRWV,Put,90.00,2026-08-28,1.1300
RCAT,Call,12.00,2026-09-18,0.9800
IREN,Call,47.00,2026-08-28,2.4700
BULL,Call,8.00,2026-08-28,0.4750
AVGO,Call,540.00,2026-10-16,2.4200
FLEX,Put,100.00,2026-09-18,1.2500
SM,Put,32.50,2026-09-18,1.3500
CRCL,Call,79.00,2026-08-21,0.8350
ONDS,Call,20.00,2027-03-19,0.8750
HOOD,Call,108.00,2026-08-21,0.3000
CSCO,Put,112.00,2026-08-21,1.9450
CMCSA,Call,27.00,2026-09-04,0.3500
AVGO,Put,400.00,2026-09-18,26.4000
RCAT,Call,20.00,2026-11-20,0.6950
SNDK,Put,"1,300.00",2026-08-21,2.1250
PBR,Put,22.00,2028-01-21,6.0000
HIMS,Call,31.00,2026-08-28,0.5200
PAAS,Call,50.00,2026-09-18,1.8000
ONDS,Put,9.00,2026-10-16,1.1350
UBER,Put,74.00,2026-08-21,0.5350
POET,Call,9.50,2026-08-21,0.5350
HOOD,Call,105.00,2026-10-16,5.9500
SPCX,Put,136.00,2026-08-21,2.9700
AMTX,Call,5.0000,2028-01-21,0.3250
PINS,Put,23.00,2026-09-18,0.7000
SPCX,Call,110.00,2026-09-18,31.8000
AVGO,Put,365.00,2026-08-28,2.7850
RGTI,Call,19.00,2026-08-28,1.0200
MU,Put,935.00,2026-08-17,3.2750
AMZN,Put,230.00,2027-02-19,10.4750
MSFT,Put,495.00,2026-08-17,2.5950
MU,Put,490.00,2026-12-18,7.3750
CDE,Call,21.00,2026-08-28,0.2250
AVGO,Call,470.00,2026-09-04,2.1750
JPM,Call,405.00,2026-09-18,0.2450
TSLA,Call,400.00,2026-09-25,4.0000
ZM,Call,165.00,2027-01-15,1.7500
CDE,Call,20.00,2026-09-11,0.7750
CBRS,Put,160.00,2026-10-16,6.8500
TTD,Put,12.00,2026-09-11,0.1150
TSLA,Put,290.00,2028-01-21,42.0000
CRWV,Call,145.00,2027-01-15,10.7000
NAK,Call,2.0000,2026-09-04,0.0500
SOFI,Call,1.00,2026-08-21,17.8250
NVO,Call,44.00,2026-08-21,1.8400
TSLA,Call,342.50,2026-08-28,10.1750
APP,Put,295.00,2026-08-21,1.8500
JD,Put,27.00,2026-08-28,0.0650
INTC,Call,130.00,2027-06-17,19.7000
TSLA,Call,340.00,2026-08-28,11.4250
NFLX,Put,77.00,2026-08-21,0.7150
PINS,Call,25.00,2026-09-18,0.8250
TSLA,Put,290.00,2026-09-18,1.6350
NOK,Call,27.00,2028-01-21,1.2000
MP,Call,60.00,2026-08-28,2.6600
META,Put,570.00,2026-11-20,35.4500
W,Call,110.00,2026-09-18,3.8250
NKE,Put,40.00,2028-12-15,8.5000
NVDA,Put,215.00,2026-08-24,0.9400
JPM,Call,367.50,2026-08-21,1.5500
SMR,Put,9.50,2026-08-21,0.4600
RDDT,Call,205.00,2026-08-21,0.4750
NKE,Call,41.00,2026-09-04,1.0500
TSLA,Call,340.00,2026-09-04,14.1500
BSX,Call,53.00,2026-08-21,0.5500
TSLA,Call,365.00,2026-09-18,8.6750
HIMS,Call,30.00,2026-12-18,4.5250
GLXY,Call,22.00,2026-08-21,0.7900
NBIS,Call,280.00,2026-08-21,14.7250
NBIS,Call,270.00,2026-08-21,19.6750
AFRM,Call,80.00,2026-11-20,10.2750
ASTS,Put,64.00,2026-08-21,0.6250
ZS,Call,195.00,2026-08-21,1.3750
MSFT,Put,510.00,2028-01-21,72.2500
DIS,Call,108.00,2026-08-21,0.8000
TSLA,Call,370.00,2026-08-28,2.5050
NBIS,Call,300.00,2026-08-21,7.8750
KEEL,Call,3.50,2026-08-21,0.2000
AMD,Call,470.00,2027-06-17,142.4000
CAT,Put,850.00,2026-08-21,12.5500
MU,Put,900.00,2026-08-28,18.2000
AMAT,Put,470.00,2026-09-18,16.7250
SMCI,Call,55.00,2026-09-25,0.8300
STZ,Call,140.00,2026-09-18,4.4000
TSLA,Call,360.00,2026-09-11,8.1500
ORCL,Call,167.50,2026-08-21,0.4550
MSTR,Put,80.00,2026-08-28,0.6900
TSLA,Call,332.50,2026-08-17,10.3500
TER,Put,340.00,2026-08-21,0.5250
DIS,Call,125.00,2026-10-16,0.2650
QBTS,Call,21.50,2026-08-21,0.7200
TSLA,Call,350.00,2026-09-25,15.5750
NBIS,Call,330.00,2026-08-28,6.3500
TSLA,Put,350.00,2026-08-28,14.3500
SPCX,Call,145.00,2026-08-28,4.9500
AMZN,Call,275.00,2026-08-28,1.5650
TSLA,Put,330.00,2026-08-21,2.1700
MSTR,Put,145.00,2026-08-21,51.9500
RKLB,Put,78.00,2026-08-21,2.1450
AMZN,Call,272.50,2026-08-28,2.0400
TSLA,Put,327.50,2026-08-21,1.6600
TSLA,Put,345.00,2026-08-28,11.3000
APLD,Put,28.50,2026-08-21,0.4000
UNH,Put,387.50,2026-08-21,0.9350
AMKR,Call,80.00,2027-01-15,5.9000
SPCX,Put,141.00,2026-08-21,5.4250
NBIS,Call,370.00,2026-09-18,9.6250
AMAT,Call,550.00,2026-08-21,3.1600
MU,Call,970.00,2026-08-21,33.8250
INTC,Call,108.00,2026-08-19,0.8700
INO,Call,2.0000,2026-11-20,0.1750
AVGO,Put,360.00,2026-09-04,6.5500
TSLA,Call,345.00,2026-08-24,6.7000
MRVL,Put,212.50,2026-08-21,3.9250
INTC,Call,116.00,2026-08-21,0.4000
MSFT,Put,492.50,2026-08-21,5.1750
XYZ,Call,82.50,2027-01-15,10.3000
SPCE,Put,3.50,2026-08-21,0.2900
GOOG,Call,357.50,2026-08-21,0.8050
MSTR,Call,90.00,2026-08-21,4.8500
CBRS,Put,200.00,2026-08-21,3.0750
MRK,Call,120.00,2027-06-17,23.9000
CSCO,Call,110.00,2026-11-20,9.3500
COIN,Put,144.00,2026-08-21,2.4450
QXO,Call,14.00,2026-09-18,1.5750
INTC,Put,90.00,2027-02-19,12.7500
SPCX,Call,150.00,2026-08-28,3.4500
SOUN,Call,7.50,2026-09-25,0.6050
MU,Put,925.00,2026-08-17,1.9950
AEP,Put,120.00,2026-09-18,0.8500
QRHC,Call,2.5000,2026-11-20,0.1000
MRVL,Call,270.00,2026-10-16,13.5000
SPCX,Put,128.00,2026-08-21,0.9100
AVGO,Put,390.00,2026-08-21,6.6000
CIFR,Call,30.00,2026-12-18,1.6350
SKHY,Call,182.50,2026-08-21,1.8250
ASST,Call,12.00,2026-10-16,1.9350
F,Call,13.50,2026-08-21,0.8950
YSS,Put,10.00,2026-08-21,0.3250
TSLA,Call,360.00,2026-08-28,4.2500
WEN,Call,11.00,2026-09-18,0.0750
GOOGL,Call,357.50,2026-08-17,0.1250
SPCX,Call,195.00,2026-11-20,6.0250
LULU,Call,130.00,2026-08-28,0.8500
ON,Call,87.00,2026-09-04,2.5550
PATH,Call,16.50,2026-08-21,0.3650
NVDA,Call,222.50,2026-08-19,4.4250
CMG,Put,32.40,2026-12-18,2.2850
AUR,Put,7.00,2026-08-21,0.2500
STM,Call,55.00,2026-09-18,3.3500
BRK.B,Put,505.00,2026-08-21,3.9500
TMUS,Call,210.00,2026-12-18,4.7500
NVDA,Call,220.00,2026-08-19,6.2250
EROC,Call,20.00,2026-09-18,0.7000
NOW,Call,132.00,2026-08-21,0.8850
CSCO,Call,112.00,2026-08-28,2.4750
NVDA,Put,221.00,2026-12-18,17.1000
RDDT,Call,230.00,2026-08-21,0.0750
TSLA,Put,325.00,2026-09-04,5.2250
PATH,Put,15.00,2026-08-21,0.1600
NOK,Put,10.50,2026-08-21,0.2350
DDOG,Put,230.00,2026-09-18,5.9500
ORCL,Put,143.00,2026-08-21,1.5350
USAR,Call,5.00,2028-01-21,15.8750
JPM,Call,372.50,2026-08-21,0.6300
NVDA,Call,237.50,2026-08-28,3.1500
AVGO,Put,375.00,2026-08-21,2.0500
COIN,Put,145.00,2026-08-21,2.9050
BMNR,Put,17.50,2026-08-21,0.3900
TSLA,Put,335.00,2026-09-04,8.7250
CVNA,Put,75.00,2026-08-21,1.7550
NVDA,Call,237.50,2026-08-24,0.7550
HOOD,Put,92.00,2026-08-21,1.3150
PLTR,Call,192.50,2026-08-21,0.2700
CIFR,Put,16.50,2026-08-21,0.3500
BZAI,Call,3.0000,2028-01-21,0.1500
SNDK,Put,"1,400.00",2026-08-21,7.0500
POET,Call,10.00,2026-09-18,0.9650
HOOD,Put,100.00,2026-12-18,15.7500
NBIS,Put,205.00,2026-08-21,0.4800
BE,Call,255.00,2026-08-21,3.4250
CRM,Put,195.00,2026-12-18,18.7250
ASST,Put,11.50,2026-08-21,0.1950
U,Call,47.00,2026-08-28,1.5400
BMNR,Put,17.00,2026-08-28,0.4700
QBTS,Put,21.00,2026-08-21,0.7650
NVDA,Call,227.50,2026-08-24,3.2000
INFQ,Call,17.50,2026-10-16,0.8500
WFC,Put,87.50,2026-11-20,3.8750
TSLA,Call,345.00,2026-09-04,11.7250
GFS,Call,55.00,2027-01-15,9.4500
SNDK,Call,"1,600.00",2026-09-18,190.6000
SNOW,Put,200.00,2026-09-18,0.3450
NVDA,Put,210.00,2026-08-19,0.1600
AAOI,Put,130.00,2026-08-21,1.8000
NEM,Put,100.00,2027-06-17,8.6500
IHI,Put,52.00,2026-10-16,0.7500
SILJ,Put,27.50,2026-08-21,0.1050
IWM,Put,305.00,2026-08-17,0.8950
LQD,Put,106.00,2026-11-20,1.4300
QQQ,Call,729.00,2026-08-17,3.4700
SPY,Put,300.00,2027-03-19,0.6050
HYG,Put,79.50,2026-08-28,0.2250
QQQ,Put,729.00,2026-08-17,1.6350
QQQ,Put,729.00,2026-08-19,3.3150
IWM,Put,302.00,2026-08-18,0.3950
XLE,Call,62.00,2026-08-28,1.0050
IWM,Put,289.00,2026-09-04,0.8800
QQQ,Call,730.00,2026-08-17,2.8200
QQQ,Put,728.00,2026-08-17,1.3350
QQQ,Call,731.00,2026-08-17,2.2500
QQQ,Call,765.00,2026-08-28,0.7100
QQQ,Call,728.00,2026-08-17,4.1900
XLY,Call,119.00,2026-10-16,5.7000
EWZ,Put,29.00,2027-06-17,1.5450
TLT,Put,81.00,2026-09-25,0.7800
GLD,Put,398.00,2026-08-17,0.7250
SPY,Put,756.00,2026-08-24,0.5000
SLV,Call,62.00,2026-08-26,0.4850
SMH,Put,555.00,2026-11-20,31.2500
QQQ,Call,735.00,2026-08-18,1.5350
EEM,Put,62.00,2026-09-30,0.8200
GLD,Call,402.00,2026-08-17,1.4550
QQQ,Call,734.00,2026-08-17,1.0100
IWM,Put,304.00,2026-08-17,0.5150
KRE,Call,80.00,2026-09-30,2.8600
SPY,Put,774.00,2026-08-17,0.8450
QQQ,Call,736.00,2026-08-17,0.5550
QQQ,Call,732.00,2026-08-17,1.7550
JETS,Put,31.50,2026-08-21,0.4550
QQQ,Call,885.00,2027-01-15,4.1300
QQQ,Put,675.00,2026-08-20,0.0700
LQD,Put,104.00,2026-11-20,0.8150
TQQQ,Put,65.50,2026-09-04,1.0600
EEM,Put,57.50,2026-11-20,0.7100
EEM,Put,62.50,2026-09-18,0.5950
QQQ,Call,728.00,2026-09-04,15.0600
QQQ,Put,731.00,2026-08-17,2.4100
GLD,Put,397.00,2026-08-17,0.5050
QQQ,Put,727.00,2026-08-17,1.0900
USO,Call,138.00,2026-08-21,0.5500
USO,Call,127.00,2026-08-21,3.0500
QQQ,Put,716.00,2026-08-18,0.3350
IWM,Put,304.00,2026-08-20,1.3800
QQQ,Call,738.00,2026-08-17,0.3000
SPY,Put,779.00,2026-08-17,3.4900
QQQ,Put,732.00,2026-08-19,4.6400
SPY,Put,754.00,2026-08-24,0.4250
QQQ,Put,725.00,2026-08-18,1.3750
QQQ,Put,729.00,2026-08-21,4.7000
QQQ,Put,718.00,2026-08-17,0.1850
USO,Call,131.00,2026-08-21,1.6500
QQQ,Put,726.00,2026-08-17,0.8800
SPY,Put,820.00,2027-12-17,70.5700
QQQ,Put,722.00,2026-08-17,0.3800
SPY,Call,787.00,2026-08-28,2.1350
SPY,Put,776.00,2026-08-18,2.1500
EWY,Call,187.00,2026-08-21,2.4250
QQQ,Put,732.00,2026-08-17,2.9050
NBIZ,Call,5.00,2026-08-21,0.3500
QQQ,Put,734.00,2026-08-17,4.1800
QQQ,Call,737.00,2026-08-17,0.4100
SPY,Call,785.00,2026-08-31,3.2000
GLD,Call,420.00,2026-08-24,0.5350
SQQQ,Call,41.00,2026-08-28,0.3550
FAS,Put,125.00,2026-09-25,0.3000
SPY,Put,768.00,2026-08-17,0.1750
TLT,Call,82.00,2026-09-30,1.3050
SPY,Put,699.00,2026-09-11,0.7300
GLD,Put,386.00,2026-08-21,0.4000
VXX,Call,19.00,2026-08-21,0.5300
IWM,Put,300.00,2026-08-24,0.8700
SPY,Call,778.00,2026-09-25,12.9400
SPY,Call,775.00,2026-08-17,2.1050
SPY,Put,778.00,2026-08-18,3.2300
QQQ,Call,905.00,2026-12-18,1.6800
QQQ,Call,729.00,2026-08-18,4.4400
QQQ,Put,735.00,2026-08-20,6.9800
IWM,Put,303.00,2026-08-17,0.3100
EEM,Call,72.50,2026-09-18,0.3150
TAN,Put,48.00,2026-09-18,0.8500
QQQ,Put,703.00,2026-08-21,0.4500
SPY,Put,766.00,2026-08-17,0.1150
QQQ,Call,726.00,2026-09-04,16.3100
SPY,Put,786.00,2026-08-21,10.3150
QQQ,Put,721.00,2026-08-17,0.3100
SILJ,Put,29.00,2026-08-21,0.4400
SPY,Put,763.00,2026-08-24,0.9700
QQQ,Call,726.00,2026-08-17,5.7100
TLT,Put,81.00,2026-08-24,0.1450
GLD,Put,389.00,2026-08-21,0.6700
SPY,Call,792.00,2026-08-24,0.2400
QQQ,Call,734.00,2026-08-18,1.8900
QQQ,Put,738.00,2026-09-04,15.3300
SPY,Put,753.00,2026-08-24,0.3900
IBIT,Put,32.00,2026-09-04,0.1700
SPY,Put,769.00,2026-08-17,0.2250
SPY,Put,830.00,2027-09-17,71.0800
QQQ,Call,732.00,2026-08-28,9.5200
QQQ,Call,733.00,2026-08-28,8.9800
USO,Put,112.00,2026-08-21,0.1500
SPY,Put,777.00,2026-08-24,4.5000
TLT,Call,82.00,2026-08-24,0.5150
QQQ,Call,731.00,2026-08-19,4.1600
SPY,Call,771.00,2026-08-20,6.6450
VXX,Call,39.00,2026-09-25,0.1000
QQQ,Put,735.00,2026-08-17,4.9200
QQQ,Put,699.00,2026-08-19,0.1100
GLD,Put,401.00,2026-08-17,1.7800
SLV,Put,58.50,2026-08-17,0.5500
SPY,Put,778.00,2026-08-21,4.5150
SPY,Call,789.00,2026-08-20,0.1450
SPY,Put,767.00,2026-08-20,0.8000
QQQ,Call,733.00,2026-08-19,3.1450
IWM,Put,303.00,2026-08-18,0.5750
EWY,Call,191.00,2026-08-21,1.1000
QQQ,Put,717.00,2026-08-17,0.1450
SOXX,Put,535.00,2026-08-21,5.0500
VXX,Call,34.00,2026-09-25,0.1250
SILJ,Put,30.00,2026-09-18,2.0400
QQQ,Put,720.00,2026-08-24,2.7500
SPY,Call,780.00,2026-08-18,0.6600
QQQ,Put,716.00,2026-08-17,0.1150
QQQ,Call,770.00,2026-08-28,0.4600
IWM,Call,322.00,2026-09-18,0.9300
IWM,Call,304.00,2026-08-17,1.4800
DRAM,Put,38.00,2026-09-11,0.1550
QQQ,Call,730.00,2026-08-18,3.8500
TLT,Put,79.00,2027-01-15,1.3200
SPY,Put,777.00,2026-08-25,4.8400
SMH,Put,580.00,2026-08-17,2.1100
KORU,Put,22.00,2026-09-18,4.1000
SPY,Call,801.00,2026-08-28,0.3050
QQQ,Call,734.00,2026-08-19,2.7200
SPY,Put,779.00,2026-08-18,3.8900
GLD,Call,412.00,2026-08-21,0.9750
EWY,Put,163.00,2026-08-21,0.8250
SPY,Call,782.00,2026-08-17,0.1250
ARKK,Call,84.50,2026-08-21,0.1850
QQQ,Call,727.00,2026-08-17,4.9200
SPY,Call,767.00,2026-08-18,9.2300
UVXY,Call,23.50,2026-08-21,0.0900
XLE,Put,62.00,2026-08-21,0.7750
QQQ,Call,735.00,2026-08-19,2.3300
QQQ,Call,737.00,2026-08-18,0.9900
GDX,Put,84.00,2026-08-21,0.2550
QQQ,Call,747.00,2026-08-28,3.4950
SPY,Put,781.00,2026-08-17,5.1800
QQQ,Put,720.00,2026-08-26,4.0200
SPY,Call,778.00,2026-08-20,2.2500
SPY,Call,776.00,2026-08-18,2.1500
VXX,Call,38.00,2026-09-25,0.1000
SPY,Put,770.00,2026-08-18,0.5700
IBIT,Call,39.00,2026-09-04,0.1800
QQQ,Call,730.00,2026-08-19,4.7250
QQQ,Put,731.00,2026-08-21,5.5450
SLV,Call,62.00,2026-08-24,0.3300
XLP,Call,90.00,2028-01-21,5.5250
SPY,Call,770.00,2026-08-20,7.4350
QQQ,Put,710.00,2026-08-18,0.1450
TLT,Call,82.50,2026-08-21,0.2350
IWM,Put,302.00,2026-09-04,3.0700
QQQ,Call,730.00,2026-08-20,5.5200
EWY,Put,162.00,2026-08-21,0.8500
QQQ,Call,739.00,2026-08-19,1.1500
SPY,Put,779.00,2026-08-20,4.6750
IWM,Call,305.00,2026-08-17,0.8700
SPY,Put,777.00,2026-08-20,3.5750
TQQQ,Call,76.50,2026-08-21,1.9300
SOXL,Put,105.00,2026-09-11,4.3250
QQQ,Put,710.00,2026-08-26,2.1500
SPY,Put,770.00,2026-08-24,2.0700
QQQ,Call,723.00,2026-08-20,10.1750
QQQ,Put,722.00,2026-08-19,1.4050
SPY,Put,775.00,2026-08-19,2.2100
FXI,Put,30.00,2027-03-19,0.8400
SPY,Put,723.00,2026-09-04,0.7550
IWM,Put,302.50,2026-08-17,0.2400
QQQ,Call,741.00,2026-08-17,0.1050
USO,Call,132.00,2026-08-21,1.3800
QQQ,Put,720.00,2026-08-17,0.2600
SPY,Call,767.00,2026-08-19,9.6300
QQQ,Put,733.00,2026-08-21,6.5100
QQQ,Call,739.00,2026-08-17,0.2150
QQQ,Call,729.00,2026-08-20,6.1100
XOP,Call,183.00,2026-08-21,1.7050
QQQ,Call,733.00,2026-08-18,2.3000
XLK,Call,207.50,2027-01-15,8.3250
FXI,Put,35.00,2026-11-20,1.4750
SPY,Call,779.00,2026-08-18,0.9100
QQQ,Call,742.00,2026-08-18,0.2650
GDX,Call,170.00,2028-12-15,9.5750
IWM,Put,292.00,2026-08-28,0.5900
QQQ,Put,730.00,2026-08-19,3.6950
SPY,Call,777.00,2026-08-24,3.9500
SPY,Call,773.00,2026-08-18,4.1350
SLV,Put,58.00,2026-12-18,5.2500
KORU,Put,18.00,2026-08-28,0.9750
UVXY,Call,20.00,2026-08-21,0.6100
IWM,Put,305.00,2026-08-18,1.2550
QQQ,Call,728.00,2026-08-19,5.9500
IBIT,Call,39.00,2026-09-25,0.5650
IWM,Put,300.00,2026-08-18,0.1900
SPY,Put,773.00,2026-08-18,1.1000
CORN,Call,19.00,2026-09-18,0.1750
DRAM,Put,49.00,2026-09-11,1.1300
SPY,Put,780.00,2026-08-20,5.3300
SPY,Put,774.00,2026-08-18,1.3800
SMH,Put,350.00,2026-09-25,0.5550
ETHA,Put,15.00,2026-09-04,1.0000
GDX,Put,87.00,2026-08-21,0.8250
QQQ,Put,735.00,2026-08-18,5.6200
SMH,Call,645.00,2026-09-18,7.1000
QQQ,Call,736.00,2026-08-18,1.2400
QQQ,Put,715.00,2026-08-17,0.1050
XLF,Put,56.00,2026-11-20,0.9600
TQQQ,Put,76.00,2026-08-21,1.4100
SPY,Call,781.00,2026-08-18,0.4650
SPY,Call,779.00,2026-08-24,2.9800
XLE,Put,54.00,2027-03-19,1.5100
IBIT,Put,33.50,2026-08-28,0.1850
GLD,Put,383.00,2026-08-21,0.2600
IWM,Put,310.00,2028-01-21,28.5000
SMH,Put,582.50,2026-08-17,2.7000
SPY,Call,785.00,2026-08-20,0.4250
ARKG,Put,29.00,2026-12-18,0.5500
IWM,Put,305.00,2026-09-18,6.1750
IBIT,Call,35.50,2026-09-04,1.1800
QQQ,Call,805.00,2027-01-15,16.6000
SPY,Put,776.00,2026-08-24,4.0400
SPY,Put,765.00,2026-08-24,1.1950
SPY,Call,780.00,2026-08-19,1.0650
QQQ,Call,747.00,2026-08-19,0.1700
IWM,Put,285.00,2026-09-25,1.8150
QQQ,Put,732.50,2026-08-21,6.2600
ETHA,Put,15.00,2026-08-28,0.8950
QQQ,Call,732.00,2026-08-19,3.6350
GLD,Call,417.00,2026-08-21,0.4850
BNO,Call,51.00,2026-09-11,3.2250
XOP,Put,177.00,2026-08-21,1.3300
SLV,Call,62.50,2026-08-21,0.1950
SLV,Call,59.50,2026-08-19,0.4750
SPY,Call,780.00,2026-08-24,2.5650
QQQ,Put,731.00,2026-08-18,3.3450
SLV,Call,84.00,2027-06-17,4.0000
XLK,Put,187.50,2027-01-15,12.1000
USO,Call,135.00,2026-08-19,0.5100
QQQ,Put,730.00,2026-08-24,5.8850
QQQ,Put,714.00,2026-08-18,0.2450
SPY,Call,784.00,2026-08-20,0.5500
IWM,Put,296.00,2026-08-20,0.2000
BNO,Call,51.00,2026-09-18,2.8750
EFA,Call,111.00,2026-10-16,1.6550
QQQ,Call,729.00,2026-08-21,6.9950
SPY,Put,782.00,2026-08-17,6.1200
SQQQ,Call,37.50,2026-08-21,0.4300
VXX,Call,31.00,2026-09-25,0.1400
DRAM,Put,53.00,2026-09-18,2.6850
IWM,Call,308.00,2026-09-04,3.1950
SPY,Put,771.00,2026-08-18,0.7000
QQQ,Call,750.00,2026-08-20,0.2150
QQQ,Put,731.00,2026-08-19,4.1600
TLT,Put,80.50,2026-08-24,0.0850
TQQQ,Call,85.00,2026-09-04,1.0400
TQQQ,Put,66.00,2026-09-11,1.3100
TQQQ,Put,71.00,2026-08-28,1.1600
SOXL,Put,60.00,2026-09-11,0.4700
SPY,Put,778.00,2026-08-19,3.6650
QQQ,Call,749.00,2026-09-18,9.6150
SLV,Call,59.50,2026-08-17,0.1650
IWM,Call,323.00,2026-09-18,0.8100
SPY,Put,770.00,2026-08-19,0.8900
QQQ,Put,735.00,2026-09-04,13.7700
IWM,Put,302.00,2026-08-28,2.1150
UCO,Call,43.00,2026-09-18,3.1000
SPY,Call,790.00,2026-08-26,0.7700
SPY,Put,772.00,2026-08-18,0.8750
SLV,Put,57.50,2026-08-17,0.1850
GLD,Call,390.00,2026-09-04,15.6750
QQQ,Put,729.00,2026-08-18,2.5100
QQQ,Call,731.00,2026-08-18,3.2650
SPY,Put,780.00,2026-08-17,4.3450
KRE,Put,78.00,2026-09-18,2.4000
TSLL,Call,9.00,2026-09-25,0.6600
QQQ,Put,732.00,2026-08-25,7.3800
QQQ,Put,723.00,2026-08-17,0.4700
SSPC,Call,11.00,2026-09-18,1.6750
QQQ,Put,727.00,2026-08-18,1.8750
SPY,Call,776.00,2026-08-20,3.2400
QQQ,Call,728.00,2026-08-18,5.1000
UVXY,Call,19.00,2026-08-21,1.2450
SPY,Call,777.00,2026-08-19,2.2000
IBIT,Put,50.00,2026-08-21,14.3500
SPY,Put,776.00,2026-09-11,8.9900
IWM,Put,315.00,2028-01-21,31.0000
TLT,Put,77.00,2026-10-16,0.2750
SPY,Put,775.00,2026-08-25,3.9650
SPY,Call,782.00,2026-08-18,0.3250
SLV,Put,58.00,2026-08-17,0.3150
QQQ,Put,692.00,2026-08-21,0.2150
SPY,Put,775.00,2026-08-24,3.6150
QQQ,Call,770.00,2028-01-21,86.2500
QQQ,Put,724.00,2026-08-17,0.5750
SOXS,Call,68.00,2026-09-18,0.8850
QQQ,Call,734.00,2026-08-28,8.4900
QQQ,Call,736.00,2026-08-19,1.9550
QQQ,Put,715.00,2026-08-19,0.5700
IWM,Put,302.00,2026-08-17,0.1900
USO,Call,127.00,2026-08-19,2.5200
QQQ,Put,728.00,2026-08-21,4.3250
SMH,Call,655.00,2026-09-18,5.3500
FXI,Call,37.00,2026-09-25,0.1900
USO,Put,127.00,2026-08-21,3.4500
QQQ,Call,738.00,2026-08-19,1.3700
ETHA,Put,13.50,2026-09-11,0.2950
QQQ,Put,738.00,2026-08-21,9.4650
IBIT,Put,38.50,2026-08-21,2.8950
DIA,Put,536.00,2026-08-21,2.3600
QQQ,Put,724.00,2026-08-18,1.1700
SPY,Put,782.00,2026-08-18,6.2900
TBT,Call,40.00,2026-08-21,0.0750
UNG,Call,10.00,2026-08-19,0.0900
SPY,Call,807.00,2026-09-30,3.0550
IWM,Put,298.00,2026-08-28,1.2350
SPY,Call,776.00,2026-08-19,2.7100
QQQ,Put,728.00,2026-08-20,3.6550
IWM,Call,307.00,2026-08-17,0.2000
QQQ,Put,716.00,2026-08-19,0.6450
QQQ,Call,742.50,2026-08-21,1.4900
DIA,Call,538.00,2026-08-28,3.7000
SPY,Call,774.00,2026-08-18,3.4050
QQQ,Put,723.00,2026-08-18,1.0150
SPY,Put,765.00,2026-08-18,0.2200
TLT,Put,86.00,2026-08-21,3.9750
QQQ,Put,732.00,2026-08-21,6.0150
DRAM,Call,59.50,2026-08-21,0.9900
SPY,Put,752.00,2026-08-28,1.0750
SPY,Put,768.00,2026-08-18,0.3800
USO,Call,129.00,2026-08-21,2.2250
TLT,Put,88.00,2026-08-21,5.9750
TQQQ,Put,60.00,2026-09-04,0.4350
SMH,Put,565.00,2026-08-17,0.3350
SPY,Put,775.00,2026-08-20,2.6700
IWM,Put,299.00,2026-08-18,0.1350
QQQ,Call,732.00,2026-08-18,2.7500
EWY,Put,164.00,2026-08-21,0.6750
QQQ,Call,748.00,2026-09-04,5.7500
SPY,Call,783.00,2026-08-19,0.4400
QQQ,Put,728.00,2026-08-19,2.9400
GLD,Put,485.00,2026-08-21,83.7250
IBIT,Put,65.00,2027-01-15,29.4250
GLD,Put,440.00,2026-08-21,38.7750
SPY,Put,768.00,2026-08-19,0.6300
TQQQ,Put,74.50,2026-08-21,0.9550
SPY,Call,779.00,2026-08-21,2.4200
QQQ,Call,739.00,2026-08-18,0.6050
XLE,Put,61.00,2026-09-18,1.2900
SPY,Call,777.00,2026-08-21,3.3600
TLT,Call,81.50,2026-08-17,0.5900
QQQ,Call,752.00,2026-08-31,2.8700
SOXX,Put,525.00,2026-09-18,17.0500
TSLL,Put,9.00,2026-08-28,0.6450
SPY,Call,795.00,2026-08-25,0.1950
SPY,Call,778.00,2026-08-19,1.7600
GLD,Call,407.00,2026-08-17,0.2950
SLV,Put,59.00,2026-08-21,1.4350
BITO,Call,8.50,2026-08-21,0.1150
TMF,Call,30.50,2026-08-21,0.5000
SPY,Put,752.00,2026-08-24,0.3650
GLD,Call,390.00,2026-08-28,14.0250
SNXX,Call,46.00,2027-01-15,2.9000
GLD,Call,605.00,2026-09-30,0.1150
SPY,Call,782.00,2026-08-20,0.9300
QQQ,Call,750.00,2026-08-28,2.7550
QQQ,Put,733.00,2026-08-19,5.1700
XLF,Put,58.00,2026-09-30,1.1000
TQQQ,Put,54.00,2026-08-28,0.0850
QQQ,Put,733.00,2026-08-18,4.3700
SPY,Put,773.00,2026-08-19,1.5400
VXX,Call,19.00,2026-09-04,0.9750
QQQ,Call,746.00,2026-08-28,3.7700
SLV,Call,58.00,2026-08-17,0.7650
QQQ,Call,734.00,2026-09-25,18.3950
SPY,Put,735.00,2026-09-25,3.6650
ARKG,Put,42.00,2026-08-21,0.4250
QQQ,Put,715.00,2026-08-18,0.2850
TQQQ,Call,110.00,2028-01-21,15.4500
SPY,Put,769.00,2026-08-19,0.7500
NEBX,Call,55.00,2026-08-21,0.8750
QQQ,Put,740.00,2026-08-17,9.2300
SPY,Put,731.00,2026-09-11,1.5800
SPY,Call,771.00,2026-08-18,5.7350
SPY,Call,772.00,2026-08-18,4.9200
SPY,Put,770.00,2026-09-04,5.5100
GLD,Call,403.00,2026-08-17,1.1100
VXX,Call,36.00,2026-09-25,0.1450
GLD,Put,475.00,2026-09-18,73.9000
SPY,Call,774.00,2026-08-17,2.7850
QQQ,Put,721.00,2026-08-18,0.7200
IBIT,Call,36.00,2026-09-11,1.1250
BNO,Call,48.00,2026-08-21,2.9500
SPY,Put,700.00,2026-09-25,1.6850
UNG,Put,10.00,2026-08-19,0.1250
UVXY,Put,19.50,2026-08-21,0.2650
QQQ,Call,770.00,2028-12-15,124.2500
TQQQ,Put,68.00,2026-08-21,0.1400
QQQ,Call,770.00,2026-09-04,1.4100
GLD,Put,377.00,2026-08-21,0.1050
SPY,Put,734.00,2026-09-04,1.0700
SPY,Put,781.00,2026-08-18,5.4450
SLV,Call,62.00,2026-08-28,0.6550
SPY,Call,770.00,2026-08-18,6.5950
QQQ,Put,688.00,2026-09-18,4.8500
SLV,Put,59.00,2026-08-17,0.8550
SPY,Call,775.00,2026-08-18,2.7600
TLT,Put,81.50,2026-08-26,0.3050
GDX,Put,84.00,2026-09-18,2.1000
SLV,Call,54.50,2026-09-18,5.3250
DIA,Put,530.00,2026-08-28,1.8850
USO,Call,130.00,2026-08-19,1.3850
VXX,Call,35.00,2026-09-25,0.1000
QQQ,Call,915.00,2027-06-30,15.7600
IWM,Put,300.00,2026-08-20,0.4950
QQQ,Put,728.00,2026-08-18,2.1700
SOXL,Put,79.00,2026-08-28,0.2950
SQQQ,Call,36.50,2026-08-21,0.7550
SPY,Call,775.00,2026-08-19,3.3100
EWY,Call,240.00,2026-09-18,0.6250
QQQ,Put,719.00,2026-08-17,0.2150
SPY,Call,779.00,2026-08-20,1.8350
SNDU,Call,28.00,2026-08-21,1.3000
QQQ,Call,746.00,2026-09-04,6.4300
SOXS,Call,42.00,2026-08-21,1.7000
QQQ,Put,725.00,2026-08-19,2.0500
SPY,Call,804.00,2026-09-18,2.2700
QQQ,Put,711.00,2026-08-21,0.9050
IGV,Call,105.00,2026-09-18,3.6750
QQQ,Put,727.00,2026-08-21,3.9650
TQQQ,Put,75.00,2026-08-28,2.1850
SPY,Put,776.00,2026-08-20,3.0950
SPY,Call,777.00,2026-08-20,2.7200
SPY,Put,763.00,2026-08-18,0.1550
GLD,Call,380.00,2027-03-31,46.2000
GLD,Call,404.00,2026-08-17,0.7950
IWM,Put,304.00,2026-08-21,1.6100
KWEB,Call,27.00,2026-12-18,2.1300
SPY,Put,705.00,2026-11-20,6.6400
SOXL,Call,148.00,2026-08-21,6.9000
SOXL,Call,145.00,2026-08-21,8.3250
QQQ,Put,712.00,2026-08-18,0.1900
SPY,Call,776.00,2026-08-21,3.8950
TSLL,Call,9.50,2026-09-04,0.3650
QQQ,Call,731.00,2026-08-21,5.8350
EWY,Call,200.00,2026-08-28,1.3000
VXX,Call,22.00,2026-08-21,0.0550
IBIT,Put,60.00,2027-01-15,24.3750
QQQ,Put,700.00,2026-08-19,0.1150
QQQ,Call,738.00,2026-08-18,0.7700
QQQ,Put,720.00,2026-08-20,1.5650
TLT,Call,82.00,2026-08-17,0.2150
SLV,Put,54.00,2026-08-28,0.3350
QQQ,Put,725.00,2026-08-28,6.8950
TQQQ,Put,77.50,2026-08-21,2.0700
SPY,Put,777.00,2026-08-28,6.3350
IBIT,Call,35.50,2026-08-21,0.6100
QQQ,Call,727.50,2026-08-21,7.9350
TLT,Call,82.50,2026-08-19,0.1450
SPY,Call,785.00,2026-08-18,0.1150
QQQ,Put,720.00,2026-09-04,7.8600
IWM,Put,285.00,2026-09-11,0.9250
SOXL,Call,171.00,2026-08-21,1.4800
UVXY,Call,22.50,2026-08-21,0.1300
SLV,Call,58.50,2026-08-17,0.4850
QQQ,Call,740.00,2026-08-24,2.8050
SPY,Put,780.00,2026-08-28,7.9000
TLT,Call,82.00,2026-08-21,0.4800
SPY,Put,767.00,2026-08-18,0.3150
SPY,Put,770.00,2026-08-28,3.7800
EFA,Put,88.00,2027-03-19,1.5750
SPY,Call,790.00,2026-08-24,0.3650
IBIT,Put,62.00,2027-01-15,26.4750
SLV,Call,59.50,2026-08-21,0.7500
SPY,Put,779.00,2026-08-19,4.3100
TLT,Put,82.00,2026-08-19,0.2950
QQQ,Call,725.00,2026-08-20,8.7900
SPY,Put,778.00,2026-09-18,12.0300
SPY,Put,780.00,2026-08-24,6.1300
UVXY,Call,20.50,2026-08-21,0.4350
SPY,Call,783.00,2026-08-18,0.2250
SPY,Put,840.00,2028-06-16,88.0750
SPY,Put,769.00,2026-08-18,0.4600
IEF,Put,94.00,2026-10-02,1.3450
SOXL,Call,144.00,2026-08-21,8.8000
SNXX,Put,14.00,2026-08-21,0.5500
GLD,Call,475.00,2027-01-15,6.2500
IWM,Put,302.50,2026-08-21,1.1450
SPY,Put,765.00,2028-06-16,56.7850
NBIG,Call,65.00,2026-11-20,4.7500
SPY,Call,779.00,2026-08-19,1.3750
QQQ,Call,752.00,2026-08-21,0.3250
SPY,Call,783.00,2026-08-20,0.7200
SPY,Call,778.00,2026-08-21,2.8650
GLD,Call,410.00,2026-08-19,0.6650
SPY,Put,760.00,2026-08-25,0.9000
SOXL,Put,110.00,2026-09-04,3.8750
SPY,Put,778.00,2026-08-20,4.1000
SPY,Put,781.00,2026-08-21,6.3200
IGV,Put,100.00,2026-09-18,2.0700
MUU,Call,32.00,2026-08-21,2.3500
GLD,Put,400.00,2026-08-17,1.3650
SQQQ,Call,39.00,2026-08-28,0.6100
SPY,Put,771.00,2026-08-19,1.0700
XLP,Put,87.00,2026-09-18,1.7850
SQQQ,Call,38.00,2026-08-21,0.3300
QQQ,Call,726.00,2026-08-20,8.0850
GLD,Put,385.00,2027-03-19,16.7500
TSLL,Put,8.00,2026-08-28,0.1950
QQQ,Put,686.00,2026-09-18,4.6000
IBIT,Put,33.00,2027-06-17,3.8750
QQQ,Call,736.00,2026-08-21,3.4500
DRAM,Call,65.00,2026-08-28,0.6950
SLV,Call,67.00,2026-12-18,3.4250
TQQQ,Call,77.50,2026-08-21,1.4500
IBIT,Put,55.00,2026-09-18,19.3500
IWM,Put,300.00,2026-08-28,1.6000
GDX,Call,185.00,2028-12-15,8.9000
DRAM,Put,56.00,2026-09-18,4.2250
SMH,Put,560.00,2026-09-18,13.9750
QQQ,Call,730.00,2026-08-28,10.6450
QQQ,Call,749.00,2026-08-31,3.5800
SNDU,Call,26.00,2026-08-21,1.9000
QQQ,Put,720.00,2026-08-19,1.0800
ETHA,Call,18.00,2026-10-16,0.1600
EWZ,Put,34.00,2026-09-30,1.2500
SOXL,Put,55.00,2026-09-18,0.4850
IWM,Call,320.00,2027-01-15,9.8750
QQQ,Put,726.00,2026-08-18,1.6050
KORU,Call,25.00,2026-08-21,0.5500
SPY,Put,835.00,2027-12-17,78.3400
SPY,Call,785.00,2026-08-28,2.7200
XLK,Call,192.00,2026-08-21,1.4000
XLF,Put,58.00,2026-08-28,0.4250
SOXL,Put,80.00,2026-08-28,0.3550
QQQ,Call,726.00,2026-08-18,6.5650
DIA,Put,525.00,2026-08-21,0.2700
NBIG,Call,35.00,2026-08-21,0.9000
IWM,Put,301.00,2026-08-17,0.1200
SLV,Call,59.00,2026-08-21,0.9150
GLD,Call,411.00,2026-08-21,1.1300
FXI,Put,40.00,2026-09-18,5.5000
EWY,Call,190.00,2026-09-18,7.1000
SOXL,Put,66.00,2026-12-18,6.7500
QQQ,Put,722.00,2026-08-21,2.5400
SPY,Put,740.00,2026-11-20,11.1300
TSLL,Put,8.50,2026-08-28,0.3550
IWM,Put,290.00,2026-09-04,0.9550
QQQ,Put,730.00,2026-08-20,4.4300
SPY,Put,774.00,2026-08-20,2.2900
SQQQ,Call,40.00,2026-08-21,0.1150
QQQ,Put,709.00,2026-08-21,0.7500
QQQ,Call,737.00,2026-08-20,2.3250
SOXS,Put,34.00,2026-08-21,0.3850
TQQQ,Put,76.00,2026-08-28,2.6200
SOXX,Call,560.00,2026-08-21,6.5500
SLV,Put,57.00,2026-08-17,0.0950
DIA,Call,550.00,2026-09-18,2.8600
SOXL,Put,116.00,2026-08-21,1.0200
SPY,Put,778.00,2026-09-11,9.8400
QQQ,Put,712.00,2026-08-21,1.0050
SPY,Call,788.00,2026-08-19,0.0950
QQQ,Put,690.00,2026-11-20,16.0400
SPY,Put,810.00,2027-12-17,65.8600
SPY,Call,781.00,2026-08-21,1.6750
SPY,Put,754.00,2026-08-19,0.0950
SPY,Put,762.00,2026-08-31,2.4800
TQQQ,Put,77.00,2026-08-21,1.8800
SOXL,Put,69.00,2026-12-18,7.4750
IBIT,Put,42.00,2026-08-21,6.4250
QQQ,Call,733.00,2026-08-20,3.9400
SPY,Put,722.00,2026-09-18,2.0150
EEM,Call,70.00,2028-01-21,8.4250
SPY,Put,729.00,2026-08-28,0.3550
USO,Put,116.00,2026-08-19,0.1850
NEBX,Call,50.00,2026-08-21,1.6250
QQQ,Put,722.00,2026-08-18,0.8450
SPY,Put,775.00,2026-08-26,4.4950
DRAM,Call,57.50,2026-08-21,1.7500
QQQ,Put,723.00,2026-08-21,2.7700
SMH,Put,562.50,2026-08-21,2.6100
UNG,Call,10.00,2026-09-04,0.2750
IWM,Put,299.00,2026-08-20,0.3850
SNXX,Call,16.00,2026-08-21,1.5250
USO,Put,107.00,2026-09-18,0.9350
SPY,Call,781.00,2026-08-19,0.8000
GLD,Call,495.00,2027-01-15,4.4000
SMH,Put,470.00,2026-08-28,0.3300
SPY,Call,812.00,2026-09-04,0.2950
QQQ,Call,735.00,2026-08-24,4.7000
QQQ,Put,734.00,2026-08-18,4.9500
IWM,Put,292.50,2026-08-21,0.1650
IBIT,Put,50.00,2026-10-16,14.6750
SPY,Call,781.00,2026-08-20,1.1800
TSLL,Call,8.00,2026-09-11,1.2100
SPY,Put,780.00,2026-08-18,4.6400
SPY,Put,766.00,2026-08-28,2.8150
IGV,Put,100.00,2026-08-28,0.8350
LQD,Put,105.50,2026-08-21,0.1200
NBIG,Call,30.00,2026-08-21,2.0500
SSPC,Call,10.00,2026-08-21,1.2000
SPY,Put,737.00,2026-09-04,1.1900
SPY,Put,748.00,2026-08-28,0.8500
VXX,Call,33.00,2026-09-25,0.1300
QQQ,Put,737.00,2026-08-20,8.2550
SPY,Call,780.00,2026-08-20,1.4800
SOXL,Put,125.00,2026-08-21,2.1250
IWM,Call,316.00,2026-09-18,2.0200
SPY,Call,790.00,2026-08-20,0.1150
GLD,Call,413.00,2026-08-21,0.8550
SPY,Put,756.00,2026-08-28,1.3850
SPY,Call,785.00,2026-08-19,0.2350
SPY,Put,767.00,2026-08-28,3.0300
SPY,Call,768.00,2026-08-21,9.7300
QQQ,Put,630.00,2026-09-04,0.4900
SNDU,Call,25.00,2026-08-21,2.4500
GLD,Call,410.00,2026-08-26,2.4700
IWM,Call,305.00,2026-08-18,1.2500
UVXY,Call,21.00,2026-08-21,0.3150
QQQ,Call,741.00,2026-08-18,0.3600
KRE,Call,85.00,2026-10-16,0.5250
XLV,Put,165.00,2026-09-18,1.9950
QQQ,Call,755.00,2026-08-28,1.7950
EWY,Put,130.00,2027-06-17,10.7000
SOXL,Put,95.00,2026-09-18,3.7250
SMH,Call,665.00,2026-09-18,3.8250
GDX,Call,120.00,2026-10-16,0.6650
IWM,Call,345.00,2027-12-17,18.7850
QQQ,Put,697.00,2026-08-19,0.1000
SNXX,Put,11.50,2026-08-21,0.1250
IGV,Put,77.00,2026-12-18,0.7950
QQQ,Put,685.00,2026-08-28,0.9500
SOXL,Put,115.00,2026-08-21,0.9500
QQQ,Call,"1,000.00",2028-01-21,19.5500
ARKK,Put,82.00,2026-10-16,4.9750
SLV,Call,73.00,2026-09-18,0.3750
SPY,Put,780.00,2026-09-04,9.4750
LQD,Put,103.00,2026-09-11,0.2100
SOXL,Put,75.00,2026-11-20,7.0750
EEM,Call,72.00,2026-09-18,0.3800
SOXL,Put,110.00,2026-08-28,2.1950
SLV,Call,58.50,2026-08-21,1.1500
IEF,Put,93.50,2026-10-02,1.0100
QQQ,Put,721.00,2026-08-21,2.3150
QQQ,Put,722.50,2026-08-21,2.6600
VOO,Call,715.00,2026-08-21,2.7500
GLD,Call,490.00,2027-01-15,4.7750
SOXX,Call,575.00,2026-08-21,2.8750
TLT,Put,55.00,2028-12-15,0.4350
DIA,Call,540.00,2026-08-28,2.8250
SPY,Put,777.00,2026-09-18,11.5900
IBIT,Call,36.50,2026-08-28,0.4650
SOXL,Put,65.00,2026-09-25,1.2850
QQQ,Put,717.00,2026-08-18,0.3850
TLT,Call,82.00,2026-08-26,0.5950
SPY,Call,780.00,2026-08-28,4.6900
ETHA,Call,16.00,2026-09-11,0.1300
XOP,Call,200.00,2026-12-18,6.6750
SPY,Call,784.00,2026-08-19,0.3250
BNO,Call,52.50,2026-08-21,0.7750
TQQQ,Put,72.00,2026-08-28,1.3550
KRE,Put,67.00,2027-01-15,0.7600
UVXY,Call,28.00,2026-09-18,0.5550
