Date,Close,High,Low,Open,Volume
2016-09-06,14.036943435668945,14.09034461920876,13.869110936676227,14.036943435668947,3964000
2016-09-07,14.08271312713623,14.08271312713623,13.876737378554754,14.044569847232623,2861700
2016-09-08,13.998799324035645,14.082714841050958,13.884368015325284,13.98354142818812,3925200
2016-09-09,13.891997337341309,14.1208614399697,13.830967200988383,13.953028928767461,4244300
2016-09-12,14.197149276733398,14.235292565771042,13.823339514886305,13.823339514886305,4334200
2016-09-13,14.029313087463379,14.281062538369683,13.960654014027751,14.059828877911645,2941800
2016-09-14,14.067458152770996,14.204776302836642,13.975912234369563,14.128488280014283,2663200
2016-09-15,14.326835632324219,14.441266931633102,14.044570402627585,14.07508619181551,4358700
2016-09-16,14.21240520477295,14.509928377773525,14.204777711300123,14.319209029343504,4685100
2016-09-19,14.27343463897705,14.42601069227739,14.227662405016181,14.288692535321701,1857800
2016-09-20,13.91487979888916,14.31157628770196,13.907250852365134,14.303947341177933,2282200
2016-09-21,14.036943435668945,14.044572384042223,13.808080804763136,13.922512120216041,3072100
2016-09-22,13.968282699584961,14.174259916027562,13.945397312251082,14.11322979134897,3786000
2016-09-23,13.968282699584961,14.136116633755798,13.930139417313198,13.983540594522847,2996800
2016-09-26,13.624987602233887,13.96828147787299,13.617358655432197,13.891993464928916,2254600
2016-09-27,13.815707206726074,13.815707206726074,13.655502230561323,13.693646965397146,2781400
2016-09-28,13.586845397949219,13.876739610097307,13.449527240097291,13.830965920764603,2962100
2016-09-29,13.51818561553955,13.808079812601605,13.510556667714443,13.59447363871762,2713400
2016-09-30,13.624987602233887,13.762305734518657,13.43426829741011,13.632616549035575,5396100
2016-10-03,13.083345413208008,13.71653351445143,13.075716465593874,13.65550338861133,5844900
2016-10-04,12.946024894714355,13.144373131127473,12.892623726270962,13.113858801333837,6815100
2016-10-05,13.172746658325195,13.257286344674158,13.011354310790505,13.011354310790505,6505900
2016-10-06,13.295711517333984,13.326453751827353,12.995982060375754,13.103576949361699,4549400
2016-10-07,13.426362991333008,13.741463563405619,13.395622222918085,13.741463563405619,5214600
2016-10-10,13.772209167480469,13.872118521612839,13.710726149736525,13.849063306128093,5700400
2016-10-11,13.649239540100098,13.679980307947035,13.52627353697157,13.656925098529427,3479500
2016-10-12,13.703036308288574,13.87211418779473,13.626182193651115,13.68766519218702,2980300
2016-10-13,13.295711517333984,13.649239884655609,13.257285190087696,13.633868767408925,3613400
2016-10-14,13.211176872253418,13.372569249320707,13.126637170434845,13.326457350997313,3066300
2016-10-17,13.080523490905762,13.280343644258249,13.072837931253288,13.095894610210712,3889100
2016-10-18,13.172746658325195,13.295712675267023,13.042095082090686,13.218860014081294,6734600
2016-10-19,13.434050559997559,13.464792798882753,13.149692179662663,13.241915964576984,4654600
2016-10-20,13.449419975280762,13.464791092775705,13.280342080447737,13.43404885778582,3713600
2016-10-21,13.572385787963867,13.610812115277174,13.311082657796193,13.311082657796193,2624400
2016-10-24,12.911443710327148,13.718409858391704,12.896074057368933,13.718409858391704,7933300
2016-10-25,12.965241432189941,12.972925525026094,12.657824947408066,12.68856718223443,5842500
2016-10-26,13.118949890136719,13.195804021182408,12.796163712441324,12.93450085514944,6118300
2016-10-27,13.011353492736816,13.180431388933874,12.919128252893584,13.10357726670959,4448500
2016-10-28,12.980610847473145,13.142004645633152,12.849959283579963,12.903758193546906,4663200
2016-10-31,13.095891952514648,13.118947160922602,12.896071839713896,12.9652403966784,3619300
2016-11-01,12.873018264770508,13.049781745850932,12.773108917250907,13.011355412005857,4018800
2016-11-02,12.81153392791748,12.942185501715953,12.688567913268393,12.788477250469331,4856400
2016-11-03,12.588659286499023,13.026727438523078,12.580975191891753,12.90376140261587,8412700
2016-11-04,12.49643325805664,12.78079161554531,12.465691021641371,12.634770390184324,6165800
2016-11-07,12.60402774810791,12.719308199213835,12.44263540973371,12.511803973571357,6585900
2016-11-08,12.673200607299805,12.734683633119566,12.365785478201,12.596346458557361,3382200
2016-11-09,13.011353492736816,13.057465379723205,12.15059069532689,12.4272642160509,4895200
2016-11-10,13.618496894836426,13.695351010936847,13.165059222301315,13.165059222301315,6485000
2016-11-11,14.056564331054688,14.09499065456835,13.457104009497712,13.580070003785766,6117900
2016-11-14,14.11036205291748,14.448517811046912,14.03350793848068,14.056564612572812,6597500
2016-11-15,13.941282272338867,14.025821942164646,13.495530181578856,13.841372952802255,5914500
2016-11-16,13.818319320678711,14.210274059039728,13.74915075121085,13.948970900132382,3114800
2016-11-17,14.094990730285645,14.133417054005731,13.687664955849414,13.802945392879959,3276600
2016-11-18,13.895173072814941,13.995082411631042,13.480163133132733,13.802947827401924,6550100
2016-11-21,13.864432334899902,14.056566919590619,13.764521529973223,13.872116428321448,5216100
2016-11-22,14.463888168334961,14.571483043379887,14.048878317540082,14.064247966924905,6092400
2016-11-23,14.194903373718262,14.602229243486848,14.071937349990128,14.27944306473284,6370600
2016-11-25,14.094990730285645,14.356293836019033,14.064248498613347,14.279439722708574,1569000
2016-11-28,14.141105651855469,14.302499471089497,14.041196309183434,14.133420092285219,5247900
2016-11-29,14.533062934875488,14.548434056702627,14.056569885201032,14.187220023119142,12047600
2016-11-30,12.726993560791016,13.049779698406423,12.33503886041013,12.965241484036742,25699500
2016-12-01,12.865334510803223,12.988300555413675,12.61940242158232,12.61940242158232,10778600
2016-12-02,12.427264213562012,12.972925696091274,12.373466767776923,12.688567349549968,9878000
2016-12-05,13.003669738769531,13.04209607227982,12.4426370606436,12.488748954030081,7289600
2016-12-06,13.10357666015625,13.218858571091603,12.91912765487823,13.095892567572923,5843300
2016-12-07,13.618496894836426,13.718407685528074,13.149689571777504,13.15737512997458,6001700
2016-12-08,13.933599472045898,14.1257340572228,13.626184428936966,13.641555547560051,8416700
2016-12-09,13.810632705688477,14.210272972988152,13.795263053769624,13.948969834051479,7066300
2016-12-12,13.449419975280762,13.77989167206979,13.380251412423968,13.710723109212996,2854600
2016-12-13,13.264971733093262,13.549330093906798,13.218859843801708,13.449420756130008,6250700
2016-12-14,12.99789047241211,13.485600993129411,12.982407223738198,13.33851308385498,4810900
2016-12-15,12.843063354492188,13.160462629188665,12.827580102905983,13.013374692248009,4952700
2016-12-16,12.657270431518555,13.052084539560399,12.641787177893933,12.881771702818229,5313800
2016-12-19,12.572110176086426,12.843061125564592,12.556626927187356,12.665008192916954,4612900
2016-12-20,12.618561744689941,12.788874573971409,12.595338341834665,12.64952825058267,3093300
2016-12-21,12.471471786499023,12.719197858161875,12.339866388075722,12.680489736612143,4815800
2016-12-22,11.681844711303711,12.448247857326558,11.666361461509963,12.417282834303034,6940900
2016-12-23,11.635396957397461,11.821192283587502,11.581207053828152,11.674104347782139,3523200
2016-12-27,11.689584732055664,11.75925713172053,11.612169970274415,11.681843108221162,3021800
2016-12-28,11.82893180847168,11.875380819239275,11.62765473056405,11.728292900376875,4346000
2016-12-29,11.82119083404541,11.95279476396443,11.658620404990183,11.852156594899647,3442800
2016-12-30,11.743778228759766,11.952796968506215,11.712812462194288,11.821193014314517,3279400
2017-01-03,11.968277931213379,12.154072495060875,11.797965878545524,11.906346409930881,4300200
2017-01-04,12.107624053955078,12.231487094788262,12.01472677333019,12.053433419879092,5310800
2017-01-05,11.766999244689941,12.192778975622014,11.542497312130399,11.681843593816293,8033400
2017-01-06,11.186389923095703,11.813447407615099,11.17864829949231,11.813447407615099,9904700
2017-01-09,11.588947296142578,11.689586203816246,11.15542590449308,11.163167529302282,6977300
2017-01-10,11.797967910766602,11.960538366706704,11.596690062787028,11.619914940979967,7280200
2017-01-11,11.697330474853516,11.96053988826761,11.557984879379495,11.92957411835314,3802100
2017-01-12,11.720553398132324,11.821192318113596,11.612172852395092,11.743777537118135,4341400
2017-01-13,11.774744987487793,11.921832206497138,11.712813449138366,11.774744987487793,2132300
2017-01-17,11.836675643920898,12.23148972519367,11.75926085761098,11.898607177655986,3773100
2017-01-18,11.844415664672852,11.852157289910874,11.619913700744345,11.813449902002782,3223500
2017-01-19,11.519274711608887,11.90634711157579,11.449601561489722,11.828932336269604,3743800
2017-01-20,11.581208229064941,11.689588785483858,11.480569299164976,11.519276693477599,2474200
2017-01-23,11.410894393920898,11.588948085246479,11.341221242457932,11.496050796056533,3933300
2017-01-24,11.59669017791748,11.650880822623577,11.387671440080577,11.457344598786912,3539600
2017-01-25,11.890864372253418,11.945055012609586,11.736035553268746,11.78248456810517,5534100
2017-01-26,11.712810516357422,11.960536607726771,11.697327266505843,11.914088334736013,4870600
2017-01-27,11.35670280456543,11.81344829554989,11.333478670291518,11.766999288720148,3317400
2017-01-30,11.426379203796387,11.449603344692449,11.124462419019062,11.333481901930009,3789300
2017-01-31,11.697330474853516,11.736037871817151,11.18639490212366,11.2483264419526,3085300
2017-02-01,11.627655029296875,11.790224725455179,11.565722767254952,11.743776451776235,3008300
2017-02-02,11.64313793182373,11.929571423396201,11.496050742528363,11.58120640598547,3840700
2017-02-03,11.6044282913208,11.836671837279546,11.527014268189138,11.650877295825302,3837600
2017-02-06,11.759257316589355,11.82118956995713,11.465082989072375,11.550238637744986,2961100
2017-02-07,11.46508502960205,11.87538157464012,11.426377641213849,11.85215743692001,3312600
2017-02-08,11.650879859924316,11.728293900093083,11.287031582456779,11.457343652079334,3604400
2017-02-09,11.983759880065918,12.154071924742036,11.650878153363156,11.650878153363156,3672000
2017-02-10,12.154072761535645,12.192780147756347,11.937312432294487,12.006985579835355,2494900
2017-02-13,11.852157592773438,12.254712517770976,11.813450203876242,12.23923000518132,3178400
2017-02-14,11.983759880065918,12.130847789921363,11.844414332859944,11.844414332859944,3387400
2017-02-15,11.983759880065918,12.061174647177408,11.813448573671737,11.844414332859944,3134600
2017-02-16,11.666362762451172,12.06117681683447,11.596689607173875,12.014728538837652,3517800
2017-02-17,11.836675643920898,11.921831318236116,11.573466256405718,11.643139416428221,2237000
2017-02-21,12.053435325622559,12.231489028683429,11.898606500101415,11.921830639359069,2801100
2017-02-22,11.952794075012207,12.092140359965413,11.85215591174815,12.092140359965413,2418800
2017-02-23,11.426379203796387,11.83667580494342,11.403154324618196,11.83667580494342,3790600
2017-02-24,11.805707931518555,12.006985752128845,11.387669778556718,11.441859677074106,5565000
2017-02-27,12.231486320495605,12.277934588726744,11.73603345024468,11.813448215005794,5100500
2017-02-28,12.270195007324219,12.270195007324219,11.867639369021674,12.169556097748583,8311400
2017-03-01,11.101237297058105,11.581207016758432,10.721906496722987,11.434119819705938,20447700
2017-03-02,11.65861988067627,11.73603391018939,11.039303953161596,11.04704557759749,10848400
2017-03-03,11.573463439941406,11.743775485407607,11.356703124618383,11.674102342340436,8469400
2017-03-06,11.25606632232666,11.612172990224838,11.209617305521647,11.557983085854053,4683500
2017-03-07,11.186389923095703,11.317994571225924,11.132200034435682,11.225097302830802,6054400
2017-03-08,11.294772148132324,11.356703669768915,11.101235958447486,11.178649991352236,3316000
2017-03-09,11.209616661071777,11.263807300609175,11.078012720634755,11.248324049803623,4045500
2017-03-10,11.2715482711792,11.387669692346504,11.186391873259984,11.186391873259984,3080900
2017-03-13,11.209616661071777,11.27154892601195,11.116719371084567,11.27154892601195,4778800
2017-03-14,11.248323440551758,11.302514077153985,11.11671876896091,11.155426155596217,3538800
2017-03-15,11.2715482711792,11.287030782803244,11.116718725246805,11.24058250964912,2964400
2017-03-16,11.225099563598633,11.333480101028695,11.170909664024608,11.279289463172658,2061800
2017-03-17,11.062531471252441,11.232843569516053,10.899960999792212,11.22510194271267,7371200
2017-03-20,10.838027000427246,11.1012363457056,10.760612226539966,11.085753095615344,3553300
2017-03-21,10.559333801269531,10.853508871057308,10.41224589723469,10.845767246996125,4825800
2017-03-22,10.737384796142578,10.752868041483563,10.419985649470119,10.528366152011692,4771500
2017-03-23,10.721906661987305,10.907701252164363,10.698681784503618,10.77609656621843,2917900
2017-03-24,10.721906661987305,10.791579079592147,10.65223350610039,10.706423410331514,1585900
2017-03-27,10.830286979675293,10.961891671809106,10.582560847791461,10.582560847791461,3223100
2017-03-28,10.830286979675293,10.853511858250984,10.644492380762419,10.760613820512438,2666000
2017-03-29,11.09349536895752,11.209616798292506,10.838027633794917,10.838027633794917,4690900
2017-03-30,11.09349536895752,11.170910147368872,10.985114826838036,11.008339703330666,2512900
2017-03-31,10.861250877380371,11.170909227237638,10.853509990802475,11.078011943765052,3683300
2017-04-03,10.690939903259277,10.915441863426796,10.636749265782976,10.876734476167153,4207300
2017-04-04,10.22645378112793,10.61352621684317,10.164522250476058,10.598042965039161,6573800
2017-04-05,10.22254467010498,10.347590969563738,10.19128309524029,10.308513814649192,6986100
2017-04-06,10.394484519958496,10.6680231351495,10.300699788007169,10.300699788007169,4423900
2017-04-07,10.613316535949707,10.628947698711292,10.331962314254975,10.402301056012375,4830700
2017-04-10,10.605498313903809,10.879037631444003,10.58205232093412,10.636759886308287,3547600
2017-04-11,10.738360404968262,10.793068716808182,10.589868119310633,10.761807143757382,4546700
2017-04-12,10.652390480041504,10.808698333771368,10.628944488315684,10.746175192279422,3008500
2017-04-13,10.394484519958496,10.707100293129585,10.394484519958496,10.644577138495368,3359900
2017-04-17,10.488271713256836,10.496087295753943,10.378855794302252,10.425748543949922,2349600
2017-04-18,10.29288387298584,10.42574575860131,10.23036072038265,10.347591445179939,4319400
2017-04-19,10.285067558288574,10.535160150846318,10.277251978437464,10.34759070642801,5249100
2017-04-20,10.785256385803223,10.863409969303259,10.35540906788081,10.402301814248766,5569000
2017-04-21,10.980640411376953,10.99627082844669,10.691470614905768,10.808701351600762,5836000
2017-04-24,11.11350154876709,11.207286280762133,10.972824078107129,11.129131964765532,5762200
2017-04-25,10.910300254821777,11.21510117412748,10.85559268417771,11.144762443108105,4447700
2017-04-26,11.097868919372559,11.20728479822696,10.886853486631201,10.910299480194753,3364200
2017-04-27,10.871223449707031,11.136947221976166,10.808700296859561,11.043162492704962,3926700
2017-04-28,11.011899948120117,11.05879193596561,10.800883766811268,10.879038073666703,4188700
2017-05-01,10.910300254821777,11.074423712088732,10.808699948386543,11.050977716860524,4406500
2017-05-02,11.058793067932129,11.058793067932129,10.753992879733264,10.855593190911147,3231400
2017-05-03,10.988454818725586,11.066608386395126,10.871223349219125,11.04316239062774,3357600
2017-05-04,10.832147598266602,10.996271080604044,10.738362857693044,10.988456244557396,2844700
2017-05-05,11.097868919372559,11.105684499005308,10.847776333802152,10.855591913434901,4368400
2017-05-08,11.11350154876709,11.207286280762133,11.07442439076879,11.097870387433852,3109300
2017-05-09,10.894669532775879,11.136947310997513,10.894669532775879,10.972823847127318,4737900
2017-05-10,11.261991500854492,11.387037784044898,10.902483064014756,10.902483064014756,8437800
2017-05-11,10.707098960876465,11.129130574812672,10.613314240594498,11.129130574812672,4445500
2017-05-12,10.574235916137695,10.668020626030858,10.441374057455395,10.63675905606647,4800500
2017-05-15,10.29288387298584,10.636761212303384,10.175653148188552,10.589869220518377,5187400
2017-05-16,10.128759384155273,10.269436835917125,10.105313390639864,10.238175262785013,6610200
2017-05-17,8.636017799377441,10.128759192530506,8.52660192281773,10.128759192530506,28419900
2017-05-18,8.503155708312988,8.729802289664411,8.370293842141328,8.565678851766162,13510600
2017-05-19,8.47971248626709,8.557866068449862,8.253065830867712,8.53442006832852,11324600
2017-05-22,8.7063570022583,8.72198741672004,8.385924934443338,8.471894822654432,12819200
2017-05-23,8.651650428771973,8.753250751883908,8.62038884822483,8.698543172260125,7711300
2017-05-24,8.84703254699707,9.018971555409044,8.550047258043525,8.612571143648935,10567900
2017-05-25,8.925188064575195,9.089311516546129,8.847033755890093,8.987711213389387,8520400
2017-05-26,8.987712860107422,9.018974440242227,8.77669663519634,8.909558537102978,8623500
2017-05-30,9.042418479919434,9.081495632955374,8.925187766146314,8.972079753521681,5031400
2017-05-31,8.987712860107422,9.050236020377032,8.839220540800811,9.050236020377032,6074500
2017-06-01,9.081496238708496,9.198727705635878,8.886111205830943,8.995527092562883,4254800
2017-06-02,8.776695251464844,9.104942163796407,8.667280110910818,9.058050173654609,5818500
2017-06-05,8.784512519836426,8.878297263478625,8.714173775771053,8.776696938199187,2078800
2017-06-06,8.659461975097656,8.807954972502827,8.573492854986705,8.729800684885944,3674300
2017-06-07,8.682909965515137,8.729802697965566,8.620386819137694,8.698541124776845,3274900
2017-06-08,8.80795669555664,8.909556245865634,8.682909661840437,8.839218267652024,3593000
2017-06-09,9.050235748291016,9.089312908618423,8.714173212944086,8.800143114731352,2960600
2017-06-12,9.097129821777344,9.355038074233084,9.034606654232615,9.042421491174494,3356100
2017-06-13,9.058049201965332,9.190911068672433,8.956448907110804,9.120572345670478,2793000
2017-06-14,9.081496238708496,9.104942233960072,8.909557201082519,9.089311818903939,2324400
2017-06-15,8.972082138061523,9.136205628164351,8.831405393212599,9.018974883234431,2589200
2017-06-16,9.050235748291016,9.050235748291016,8.753250373271495,8.768881535536394,5290200
2017-06-19,9.058049201965332,9.112756766373668,8.768879475995366,9.097126353114714,3726700
2017-06-20,8.675092697143555,9.018969905733703,8.651645964829724,9.003339496192304,4546900
2017-06-21,8.667279243469238,8.792325531778767,8.59694051996146,8.675094822822253,2329600
2017-06-22,8.761061668395996,8.854846360100364,8.659461399382643,8.714168949876573,1802200
2017-06-23,9.011157989501953,9.042419566620723,8.7532497919384,8.79232694967056,5267800
2017-06-26,9.07367992401123,9.19872696101167,8.995526364387482,9.081495503574011,1622300
2017-06-27,9.151833534240723,9.253433824840192,9.065864401580233,9.07367923521509,1953200
2017-06-28,9.198725700378418,9.464448661084965,9.144017396271098,9.214356112027232,3078400
2017-06-29,9.347220420837402,9.464451147674525,9.198728117154728,9.26125127084583,3056800
2017-06-30,9.417558670043945,9.519158975892996,9.261250793866463,9.401927509758824,2977500
2017-07-03,9.612944602966309,9.69109817571582,9.386297974923538,9.417559553090307,2187100
2017-07-05,9.506353378295898,9.585310103148688,9.364231574755733,9.506353378295898,3637600
2017-07-06,9.237899780273438,9.427394982753908,9.143152179033201,9.427394982753908,3326100
2017-07-07,9.230005264282227,9.364231239940478,9.032614212195046,9.230005264282227,2268600
2017-07-10,8.882597923278809,9.087884811555947,8.76416358549662,9.032614801335392,4172000
2017-07-11,8.811534881591797,8.929969943626853,8.740473994968157,8.851013235603482,2325600
2017-07-12,8.874701499938965,9.001031652495275,8.83522313901834,8.851014784581432,2297700
2017-07-13,9.285274505615234,9.340543754688536,8.937865860902075,8.95365750520133,4030200
2017-07-14,9.269485473632812,9.435294020567758,9.206320384608762,9.395815651680913,1892900
2017-07-17,9.451085090637207,9.55372854226335,9.261589082180445,9.269484906071812,2434300
2017-07-18,9.34843921661377,9.474769354191736,9.245795791584916,9.403708463557376,2495300
2017-07-19,9.56162166595459,9.632682560531007,9.348439735212393,9.395813162938634,2535300
2017-07-20,9.530038833618164,9.593203903948044,9.451082872199333,9.593203903948044,1760800
2017-07-21,9.34843921661377,9.585308601065966,9.27737832597941,9.57741277922059,2249900
2017-07-24,9.087883949279785,9.332648424935817,9.048405589435786,9.285274995512689,2077500
2017-07-25,9.419502258300781,9.553728248376187,9.103676089246276,9.103676089246276,4191900
2017-07-26,9.095779418945312,9.435291493262202,9.064196129905824,9.42739567100233,5300200
2017-07-27,9.466873168945312,9.482664812029878,9.064195306132712,9.158943658666137,4092500
2017-07-28,9.356335639953613,9.451083249228166,9.245796385973103,9.435291604522208,1609900
2017-07-31,9.34843921661377,9.395812641711998,9.11946565400695,9.395812641711998,3060400
2017-08-01,9.356335639953613,9.364230709319527,9.158944599051528,9.340543995247655,2036600
2017-08-02,9.158943176269531,9.419499249545632,9.07998647097928,9.308960012736671,2148900
2017-08-03,9.1984224319458,9.38002258561259,9.079988105675303,9.103674820331987,2029300
2017-08-04,9.308960914611816,9.372125983768825,9.166839132515033,9.26948255814193,2717600
2017-08-07,9.466873168945312,9.537934056851887,9.19842126040358,9.316856324576866,3458700
2017-08-08,9.577412605285645,9.84586451925699,9.52214335934578,9.553725893166703,3020300
2017-08-09,9.506353378295898,9.537935917639587,9.230005594298273,9.44318829960852,4968500
2017-08-10,8.851011276245117,9.419497490400822,8.843115456593292,9.387914964780327,4254700
2017-08-11,8.85891056060791,8.929971459292569,8.653623687293804,8.708892940498718,3128400
2017-08-14,8.653621673583984,8.969446979814926,8.64572585268148,8.961551911899345,3468000
2017-08-15,8.622040748596191,8.80364014525051,8.361484634186999,8.756266716987238,3971000
2017-08-16,9.040509223937988,9.237900258316492,8.77995311879733,8.906283260321644,6174400
2017-08-17,8.890491485595703,9.079986679050316,8.827326421110833,8.922074017838138,2592700
2017-08-18,8.77205753326416,9.02471857611342,8.700997391480712,8.827327536411811,5500900
2017-08-21,8.385170936584473,8.77205717801467,8.077240656045136,8.740474643060919,10142600
2017-08-22,8.851011276245117,8.977341378727095,8.38516845860272,8.432542623526865,14162000
2017-08-23,9.537938117980957,10.027467967233106,9.119469186892191,9.94851197715281,18395100
2017-08-24,9.632681846618652,10.098524784994726,9.57741260070522,9.672160202122676,10896200
2017-08-25,10.05115032196045,10.06694196490778,9.695846638502276,9.735324992883625,7023200
2017-08-28,9.877449989318848,10.027466881316569,9.711641449222828,10.027466881316569,5264700
2017-08-29,9.83007526397705,9.885345276331245,9.608997473521827,9.69584927438244,3893300
2017-08-30,9.608993530273438,9.806384521851795,9.577411001740375,9.782697813698718,4406800
2017-08-31,9.435290336608887,9.727428947527967,9.427394515316948,9.664263883166381,5568300
2017-09-01,9.703744888305664,9.76690996992788,9.49845799653988,9.49845799653988,4079500
2017-09-05,9.782699584960938,9.932716434408418,9.67216033858747,9.782699584960938,4782600
2017-09-06,10.059046745300293,10.074838389192491,9.8300731797726,9.8458648236648,6357800
2017-09-07,9.853758811950684,10.130106525860569,9.822176280617006,10.106419815607046,3692800
2017-09-08,9.656370162963867,9.940613767425354,9.577414191825662,9.853761220290066,4374200
2017-09-11,9.687952041625977,9.85375978272261,9.63268204160675,9.664264576051872,3093100
2017-09-12,10.216960906982422,10.303813455062091,9.766909532340998,9.766909532340998,4838800
2017-09-13,10.564369201660156,10.6591168163358,10.185377989970478,10.232752173801853,5782500
2017-09-14,10.532785415649414,10.54857630639777,10.366976921363065,10.524889593781726,3802600
2017-09-15,10.52489185333252,10.667013665514439,10.414352582414674,10.485413488505634,5561500
2017-09-18,10.619637489318848,10.706490026278194,10.548576596529214,10.55647241861407,2814300
2017-09-19,10.761757850646973,10.777548739739823,10.61963608387663,10.643322794009375,3365200
2017-09-20,10.91177749633789,10.98283839802831,10.564369563946784,10.738073906635904,4273900
2017-09-21,10.793344497680664,10.967048861862892,10.761761954464552,10.951257213761224,3141200
2017-09-22,10.935464859008789,11.006525007019695,10.580160354018636,10.714386333017778,3152300
2017-09-25,11.101272583007812,11.34603705450895,10.895985717693454,10.943359146312416,4206400
2017-09-26,11.259183883666992,11.298662237991422,11.101271219356253,11.140748820693704,2824000
2017-09-27,11.417098999023438,11.432889892351042,11.08548195628518,11.314455556939011,3471500
2017-09-28,11.219707489013672,11.440785257662881,11.156542412256755,11.36182928821029,4201700
2017-09-29,11.290767669677734,11.39341110111873,11.148645879530653,11.267080955648908,2484500
2017-10-02,11.290767669677734,11.31445438370656,10.990733197693375,11.298663492016363,2692100
2017-10-03,10.990734100341797,11.322351135928697,10.88019483748379,11.298664419954527,3601100
2017-10-04,10.722281455993652,11.077585184800116,10.67490802707923,11.038106825380048,4084900
2017-10-05,11.037056922912598,11.212374242596134,10.710327532631496,10.758141830715859,4095300
2017-10-06,10.877676010131836,11.021118138787209,10.86173841804927,10.933459482376957,3101400
2017-10-09,10.670483589172363,10.933460338989217,10.511103095964863,10.877676862373587,5397500
2017-10-10,10.84580135345459,10.869708884390109,10.654545665865713,10.758142686638658,3643900
2017-10-11,10.471259117126465,10.90158479262577,10.343754565882282,10.813925366146485,6152100
2017-10-12,10.383601188659668,10.47126062778533,10.136562747446348,10.399539544858026,4841000
2017-10-13,10.351724624633789,10.535011910172459,10.343755447005453,10.42344570332359,2786200
2017-10-16,10.303909301757812,10.439382258144638,10.112652871575985,10.256095004216736,3134200
2017-10-17,10.208281517028809,10.359692066688112,10.112652921474798,10.280001823720596,2755800
2017-10-18,10.335782051086426,10.439379030409036,10.224215897973867,10.224215897973867,1931500
2017-10-19,10.335782051086426,10.431409856619085,10.232185071763816,10.272030180731319,1526400
2017-10-20,10.758143424987793,10.829864502751594,10.423445568745121,10.455321518864299,3942800
2017-10-23,10.997209548950195,11.037054662529826,10.686418575007863,10.750170452742342,4754800
2017-10-24,11.100808143615723,11.124714911223556,10.853769011726635,11.052993848417614,4308200
2017-10-25,11.045024871826172,11.124715111933293,10.885645151594382,11.108776759918888,2715500
2017-10-26,11.164563179016113,11.244252680175846,11.02112101295288,11.068935321634843,2022600
2017-10-27,10.96533489227295,11.060962720056546,10.805955179300287,11.013148426173538,2621800
2017-10-30,10.447351455688477,10.965336551192369,10.383599560854542,10.965336551192369,4697400
2017-10-31,10.375628471374512,10.66251192423017,10.303907418165013,10.455317939398803,3657600
2017-11-01,10.311878204345703,10.4553203437513,10.16046764829286,10.383599274048501,3581200
2017-11-02,10.590792655944824,10.654544545101647,10.383598636193918,10.439382109192987,2677200
2017-11-03,10.351724624633789,10.60673298886226,10.335787029359727,10.574857038331528,1458400
2017-11-06,10.375628471374512,10.527038992608302,10.287969068570751,10.35969012178025,2169800
2017-11-07,10.176406860351562,10.439383631466407,10.136561733822706,10.407507682239837,2106000
2017-11-08,10.192344665527344,10.256096565297472,9.969213016331894,10.128592765757215,2195800
2017-11-09,10.670483589172363,10.790018199095474,10.20031280617177,10.20031280617177,3867400
2017-11-10,11.140652656555176,11.276125608171293,10.853769161358812,10.89361428124281,4832800
2017-11-13,11.037056922912598,11.164560704494255,10.853769666902103,11.092839637358951,3182800
2017-11-14,10.853771209716797,10.949399059496107,10.638608737708996,10.837833614744875,2428500
2017-11-15,11.052996635437012,11.164562845709122,10.718298764603313,10.742205538239254,2422700
2017-11-16,11.132683753967285,11.36378452721437,10.997210808272538,11.06096269330743,4279400
2017-11-17,11.897706985473633,12.025210753947759,11.610822746424441,11.690512981711974,6189800
2017-11-20,12.144747734069824,12.168655265344796,11.778173947661717,11.83395742732076,3545300
2017-11-21,11.83395767211914,12.168655517066767,11.762236596775711,12.00927501186689,4227800
2017-11-22,11.666605949401855,11.905675129854636,11.658636774058126,11.794109714971976,4597200
2017-11-24,11.818018913269043,11.969430236032085,11.674576767489857,11.730360246394289,1832400
2017-11-27,12.025213241577148,12.439600574841455,11.810050017779913,11.87380191520519,6318100
2017-11-28,12.70257568359375,12.742420804279032,12.065056792559092,12.152715450080741,5448000
2017-11-29,13.10102367401123,13.196650729753811,12.702573301850649,12.726480825768617,6224600
2017-11-30,12.814142227172852,13.451661136001361,12.798203874460894,13.045243781601295,6796800
2017-12-01,12.47944450378418,12.877894204466855,12.176622640067448,12.869925028057404,6212300
2017-12-04,12.989460945129395,13.268376067747601,12.734453354152226,12.758360885793262,5921400
2017-12-05,12.83804988861084,13.101026631209711,12.750390467756219,13.029305563231384,7315700
2017-12-06,13.148838996887207,13.555257839186776,12.686637444461887,13.427754067480816,11638300
2017-12-07,13.340094566345215,13.778390108659101,13.108994551641217,13.427753978800961,9101000
2017-12-08,13.73057746887207,13.746515823023724,13.220562295740026,13.387910454437062,5940700
2017-12-11,14.049338340759277,14.089184230076901,13.611044198022228,13.770424715362205,5773100
2017-12-12,13.698699951171875,14.28043609910135,13.658854072568234,14.033397731618189,6834200
2017-12-13,14.041370391845703,14.224656919012277,13.68276499524568,13.68276499524568,7229700
2017-12-14,13.8286771774292,14.286154947619217,13.571847659485659,14.109585036739201,7416600
2017-12-15,13.989198684692383,14.254054359840392,13.844731674461665,13.87683613487957,7348600
2017-12-18,14.663378715515137,14.75166293007092,14.149718006092384,14.149718006092384,7331900
2017-12-19,14.518912315368652,14.751663566655306,14.45470491527318,14.727586748385235,3893100
2017-12-20,14.872051239013672,14.928232513140195,14.551012762590839,14.663376841668793,2961800
2017-12-21,15.193089485168457,15.281375226824652,14.807845117473308,14.904155443984576,4997000
2017-12-22,15.128884315490723,15.15296113524689,14.976391156792175,15.112832081769767,1775600
2017-12-26,15.546231269836426,15.634515482648741,15.144934661775677,15.144934661775677,3159700
2017-12-27,15.353606224060059,15.578332856251365,15.257295903710173,15.538203811243068,3429700
2017-12-28,15.273346900939941,15.449916827875873,15.257294671902633,15.369657213514152,2090900
2017-12-29,15.088752746582031,15.401765160414193,15.072702044733719,15.273350360676698,1801300
2018-01-02,15.385709762573242,15.45794326391876,15.193087602593472,15.193087602593472,4613800
2018-01-03,14.703503608703613,15.321500590037092,14.655348457027856,15.281371552111404,6432300
2018-01-04,14.647322654724121,14.719556149185998,14.246026143635788,14.703503921344534,5796100
2018-01-05,14.494832992553711,14.743637990681716,14.438651712597409,14.679430594899504,4262200
2018-01-08,14.40654468536377,14.679426422583585,14.157739757953292,14.551010136693703,6964800
2018-01-09,13.949067115783691,14.246027230201518,13.563822803153665,14.246027230201518,9772400
2018-01-10,14.05340576171875,14.318261430968137,13.788550092469363,14.093534805522486,6268800
2018-01-11,14.591144561767578,14.687454888115033,14.109588337555191,14.342341099407442,5305000
2018-01-12,14.719552993774414,14.831915502928236,14.607190484620592,14.663371739197503,3500100
2018-01-16,13.997220993041992,14.79178780239162,13.949064315512066,14.783761689469964,4753600
2018-01-17,14.23800277709961,14.414572724952762,13.973147089907382,14.109587991238227,3122500
2018-01-18,14.446678161621094,14.510885558884183,14.109588943283597,14.238003737809777,2327600
2018-01-19,14.783764839172363,14.823893881505674,14.366416063276658,14.430623449504855,2526600
2018-01-22,15.080724716186523,15.088749299865045,14.711531103157105,14.8479719880642,3186700
2018-01-23,15.064671516418457,15.112826669510564,14.82389268930849,15.104800555524427,2198700
2018-01-24,14.687451362609863,15.088747864657398,14.502855339065919,15.088747864657398,2513800
2018-01-25,14.711529731750488,14.767710997211822,14.41456964610886,14.743634186771063,3652600
2018-01-26,14.880080223083496,14.880080223083496,14.534964865963568,14.783768355421458,2211700
2018-01-29,14.831920623779297,15.00849209149744,14.759687119862765,14.807843809690388,1489100
2018-01-30,14.751660346984863,14.847972191519812,14.559038188739803,14.719557419356438,3985100
2018-01-31,14.446678161621094,14.904156058473745,14.262082085842849,14.856000893232704,2664800
2018-02-01,14.486806869506836,14.631273892651071,14.165769890755797,14.262081749793643,2167300
2018-02-02,14.093535423278809,14.4065477958027,14.029328031883518,14.390495565247637,2347600
2018-02-05,13.724339485168457,14.40654378561132,13.724339485168457,13.98116897925882,3830400
2018-02-06,13.997220993041992,14.125635738139437,12.95384927559462,13.37119796257357,4037400
2018-02-07,14.294185638427734,14.4466787875945,13.852759954470192,14.013277689170584,2859800
2018-02-08,14.013276100158691,14.446677149437825,14.005251515535,14.39049587212201,3839800
2018-02-09,14.189851760864258,14.398526231562315,13.571854466584488,14.173799525235458,4024600
2018-02-12,13.965123176574707,14.294186308587037,13.611981694357116,14.246031139001762,5274600
2018-02-13,14.165765762329102,14.165765762329102,13.716314123064434,13.884857913729451,2867700
2018-02-14,14.663378715515137,14.75166293007092,13.981174162174444,14.069459907555329,2740700
2018-02-15,14.591144561767578,14.880078602460017,14.30221052107514,14.751662282621682,1965700
2018-02-16,14.799813270568848,15.064668862147125,14.583112823598135,14.599165048742138,3140300
2018-02-20,14.743637084960938,15.160984366494597,14.623246885793083,14.687454277630952,4422600
2018-02-21,15.096776008605957,15.38571001879981,14.767712955140679,14.823894228050623,3881600
2018-02-22,15.136906623840332,15.289398213346074,14.992439618350781,15.120854394158187,3385800
2018-02-23,15.385709762573242,15.433864919861971,15.169009258536683,15.217164415825414,2613500
2018-02-26,15.875295639038086,15.971605975433858,15.409791597591326,15.457946765789213,5700600
2018-02-27,15.4258394241333,16.421054722707233,15.385710379920003,16.108043891533754,6367100
2018-02-28,15.465970993041992,15.963577908893596,15.465970993041992,15.602411895290015,3694300
2018-03-01,15.457942962646484,15.562279389876045,15.152956733837334,15.377683348179612,4505900
2018-03-02,16.2685604095459,16.292637219717697,15.080723141897984,15.273345277395647,7260600
2018-03-05,15.979629516601562,16.26053742566327,15.867266965306861,16.19633003480559,5661000
2018-03-06,16.43710708618164,16.509340591012,15.93950019826687,16.019758287345113,6690000
2018-03-07,16.50934410095215,16.718018544735276,16.10804744694427,16.276592837656708,7680100
2018-03-08,14.952311515808105,16.573550241903387,14.695481921738581,16.549473424225077,14065500
2018-03-09,15.682673454284668,15.770957674282784,15.169012713196988,15.17703882971049,9494200
2018-03-12,15.754904747009277,15.931476240875206,15.594387016288131,15.650568298581788,5038300
2018-03-13,15.626486778259277,15.947525236187879,15.602409965492006,15.811084350815669,5080500
2018-03-14,15.730825424194336,15.787006697541031,15.554253958447712,15.666618035965987,3522600
2018-03-15,15.722798347473145,15.93147272915588,15.626486505610039,15.770953502992302,2670700
2018-03-16,15.666618347167969,15.907395675100862,15.522151338078269,15.738851851712822,3878100
2018-03-19,15.730825424194336,15.843187970887724,15.578332303092676,15.658591921084334,3101100
2018-03-20,15.923447608947754,16.035810155782755,15.650565825927137,15.682670285494215,3182200
2018-03-21,16.116071701049805,16.268564840578918,15.891345049681902,15.891345049681902,2177500
2018-03-22,15.706748008728027,16.20435644505388,15.698721893371564,15.931474646234053,3404500
2018-03-23,15.778979301452637,16.20435417069181,15.770953187222679,15.835160570237576,3611500
2018-03-26,16.06791877746582,16.12410006543611,15.851218211730174,15.915425616671259,4492900
2018-03-27,15.674642562866211,16.116068120862643,15.602409067074108,16.051860739139077,4211800
2018-03-28,15.778979301452637,16.164223599542023,15.457942386378146,15.698719689977823,3308500
2018-03-29,15.995677947998047,16.16422173491042,15.803055821173372,15.803055821173372,3758300
2018-04-02,15.851210594177246,16.212378030171866,15.58635498472271,15.947522420717329,3931400
2018-04-03,16.340795516967773,16.340795516967773,15.859239365210362,15.867265479669213,4420000
2018-04-04,16.814327239990234,16.85445628548283,16.059889244294776,16.075941474821796,4437600
2018-04-05,17.05510902404785,17.135368666796676,16.677890693201334,16.82235621315879,6818600
2018-04-06,16.88656234741211,17.063132307473605,16.72604308857431,17.063132307473605,4833800
2018-04-09,16.918668746948242,17.19957674205372,16.822356865748354,16.99892839281058,3051400
2018-04-10,17.199575424194336,17.33601635245836,17.023003910661306,17.151420252696827,3097200
2018-04-11,17.199575424194336,17.23167836158424,17.006953207379002,17.014979324432804,3308100
2018-04-12,17.327207565307617,17.488765680010978,17.181804183551648,17.31912942846039,3066100
2018-04-13,17.585697174072266,17.795724054833073,17.36759215858066,17.407981291488,4175100
2018-04-16,17.472606658935547,17.755335241144202,17.230268754612027,17.64224442455947,2658200
2018-04-17,17.577617645263672,17.731099111482955,17.416058044954266,17.62608490905788,2616800
2018-04-18,17.407983779907227,17.79572659867898,17.391829048883015,17.682634237028232,2721400
2018-04-19,17.197956085205078,17.472604964454632,16.94753852884303,17.359514158837364,3762600
2018-04-20,16.705204010009766,17.165647000685098,16.567878772374407,17.117179722915846,4960600
2018-04-23,16.705204010009766,16.890996525414376,16.608267913724283,16.7294368785209,4086200
2018-04-24,16.907148361206055,17.141408092901692,16.713277760260727,16.834446693258236,3725600
2018-04-25,17.020240783691406,17.28681307801643,16.777902894576556,16.890993704063924,2923600
2018-04-26,17.48875617980957,17.50491244472766,16.987924293318706,17.1090931987119,3353500
2018-04-27,17.11717414855957,17.46452619773945,16.810211227576502,17.42413552879616,5014200
2018-04-30,16.705204010009766,17.302972238320457,16.680969600751652,17.18988140994321,4170100
2018-05-01,16.438627243041992,16.75366677479956,16.20436597222473,16.60826343991251,4287100
2018-05-02,16.430543899536133,16.616336305988323,16.22859522971956,16.365920386824673,3707700
2018-05-03,16.60018539428711,16.705199599264613,16.333613125819976,16.39016006582525,3287500
2018-05-04,16.24475860595703,16.624421716781562,16.18821320016899,16.551720040555008,3869900
2018-05-07,15.93779468536377,16.2770686407169,15.711613075626122,16.2770686407169,6376600
2018-05-08,16.058961868286133,16.390159193416164,15.865091277969901,15.97010547735775,4966400
2018-05-09,16.398239135742188,16.47094081455285,16.018576011422898,16.1235886915123,4252300
2018-05-10,16.24475860595703,16.317460282183585,15.808548548597706,16.309382146964328,4018900
2018-05-11,16.672883987426758,16.923301481887357,16.277064724863397,16.422468033712445,5348700
2018-05-14,16.939456939697266,16.96369133913615,16.680962842001275,16.785977032156744,3544800
2018-05-15,17.480680465698242,17.561460260717848,16.866756180594244,16.89906871490066,4971800
2018-05-16,18.20769691467285,18.312709568721573,17.59377263514765,17.65031802892361,6112700
2018-05-17,18.522735595703125,18.63582637823715,17.997669267264108,18.12691631608767,4857600
2018-05-18,18.66006088256836,18.765073532547945,18.39348865027794,18.433877775482465,4762200
2018-05-21,18.39348602294922,18.611590965690787,18.151146684098766,18.23192646371558,5427600
2018-05-22,17.90073585510254,18.579283732054698,17.868424858495885,18.54697119470146,5291600
2018-05-23,18.11884117126465,18.345022773636604,17.658398291297047,17.779567226960108,4591200
2018-05-24,18.433883666992188,18.676223117910656,17.92497343933306,17.94112817013014,3332500
2018-05-25,18.555051803588867,18.757000566739258,18.37733744668537,18.37733744668537,3007600
2018-05-29,18.280399322509766,18.555049733005422,18.24001019068548,18.425802662271774,4647400
2018-05-30,18.26424789428711,18.39349498837365,18.070377253157297,18.288480761461525,9346900
2018-05-31,17.933048248291016,18.983181051883836,17.876501308377435,18.401569250920414,7331900
2018-06-01,18.223854064941406,18.700453219798955,18.054217861049718,18.450037210876953,4517000
2018-06-04,19.023569107055664,19.04780350850574,18.304632145581362,18.401568210635187,4525700
2018-06-05,19.38707733154297,19.790974775950115,18.74891862982137,18.991258020913545,7238900
2018-06-06,19.524402618408203,19.59710428201174,19.29014135996426,19.524402618408203,3977300
2018-06-07,19.451704025268555,19.766743590115418,19.362846080005397,19.62941837504814,3508800
2018-06-08,19.403236389160156,19.572872600645457,18.96702634691791,19.21744390779625,4396400
2018-06-11,19.831371307373047,20.05755451534659,19.532487949753165,19.532487949753165,4170400
2018-06-12,19.799055099487305,20.041392976635375,19.589028220277207,20.0090819786974,3811000
2018-06-13,19.556711196899414,19.94445386846551,19.48401108302371,19.80712869204021,4740500
2018-06-14,19.225521087646484,19.55671692651353,19.11243027654459,19.55671692651353,3374800
2018-06-15,19.257827758789062,19.419387331761477,19.096268185816648,19.096268185816648,3494500
2018-06-18,19.152820587158203,19.387081899671045,19.063964176159228,19.185133129882807,2213800
2018-06-19,18.999340057373047,19.152820008436837,18.781235022812766,18.991261921935987,2740600
2018-06-20,19.90407371520996,19.984853545308443,18.902407827931235,19.193214599986934,5294600
2018-06-21,20.404895782470703,20.824949426625974,20.17063456297195,20.356428528374703,5990400
2018-06-22,19.69403839111328,20.42105501182109,19.40323328357661,20.40489874452837,6141200
2018-06-25,19.193206787109375,19.475935306991705,19.08819258850479,19.451700905602998,3814600
2018-06-26,19.031652450561523,19.249757501076438,18.765080124625594,19.160899545515495,3242800
2018-06-27,18.66006088256836,19.322452396699315,18.643904616188003,19.063958297599076,3218000
2018-06-28,19.35476303100586,19.419388095332906,18.692371529116986,18.692371529116986,4700400
2018-06-29,18.78123664855957,19.605188045501446,18.71661310021591,19.492095680339844,4055800
2018-07-02,19.29822540283203,19.35477081611624,18.458119258365116,18.692379047792127,4162300
2018-07-03,19.370927810668945,19.5244093244086,18.991264635362448,19.38708408385144,1955400
2018-07-05,19.023569107055664,19.467857222494843,18.9670237110853,19.467857222494843,2259000
2018-07-06,19.597105026245117,19.71019582248033,19.072038634193227,19.193207564551887,3058600
2018-07-09,19.57286834716797,19.782895187707812,19.031645749823937,19.718271662983735,4347800
2018-07-10,19.815216064453125,19.855605206633296,19.467863895014435,19.508253037194603,4441300
2018-07-11,19.403236389160156,19.694041543241624,19.088195289514076,19.694041543241624,7995400
2018-07-12,18.694766998291016,19.385360606373183,18.19916425314094,19.336611728402943,7586200
2018-07-13,18.694766998291016,19.084748724155197,18.532273837689463,18.532273837689463,3789500
2018-07-16,18.889760971069336,19.011630086759162,18.621648296691767,18.702894890368277,4426900
2018-07-17,19.37723731994629,19.458483906647796,18.841012017225992,18.889759349387,4186300
2018-07-18,19.783470153808594,19.791594968039217,19.247244811786338,19.385363554407213,4863500
2018-07-19,19.897212982177734,20.10032867397169,19.69409729038378,19.750969436142128,4439600
2018-07-20,19.369112014770508,19.986583888522386,19.352862387912634,19.880962863595908,2976300
2018-07-23,20.173444747924805,20.352185948334597,19.41785433996412,19.482851280990346,4290400
2018-07-24,19.921588897705078,20.498436761267527,19.70222356241378,20.295321054438517,3678500
2018-07-25,20.74217414855957,21.107781448922857,19.87283772182314,19.87283772182314,8031400
2018-07-26,20.88841438293457,21.31902015345665,20.61217850238499,20.69342352920275,3523200
2018-07-27,20.20594596862793,20.97778452506435,20.043452825352123,20.855915442432227,3506500
2018-07-30,20.31157112121582,20.41719060920019,20.02720881558882,20.21407489798803,3060800
2018-07-31,20.45781135559082,20.547182749883838,20.197823535447114,20.449686542505123,2291200
2018-08-01,19.994712829589844,20.65280735669143,19.848469256978372,20.506563784079958,2865200
2018-08-02,20.5390567779541,20.604053729322803,19.7672166245074,19.880960901990242,3043100
2018-08-03,20.758424758911133,20.97779009569083,20.457814378568475,20.620306015344273,2798000
2018-08-06,21.14028549194336,21.164658387700037,20.660932246494948,20.766551743957294,1823600
2018-08-07,21.30277442932129,21.35152331391859,20.953416720939664,21.237777466174727,1903500
2018-08-08,21.481517791748047,21.5465147565634,21.13215852474681,21.286526897301982,2258100
2018-08-09,21.64400863647461,21.968994998302012,21.603386116071096,21.765879296984796,3920400
2018-08-10,22.277729034423828,22.432097393371823,21.449016643839524,21.627759443563438,3740700
2018-08-13,22.20461082458496,22.432100992712886,22.025869545830872,22.375228838093403,3305800
2018-08-14,22.765209197998047,22.88707831433189,22.204609403282493,22.383350670595473,4857200
2018-08-15,21.7658748626709,22.497090928513867,21.6683786640554,22.472716491447617,5305400
2018-08-16,21.952739715576172,22.09898323079835,21.68462712088532,21.912115655986998,4714900
2018-08-17,22.66771125793457,22.79770517879622,21.977117584825947,21.977117584825947,3404200
2018-08-20,23.358301162719727,23.52891757520695,22.667707601022457,22.708331663269075,3361900
2018-08-21,23.553298950195312,23.98390483894758,23.147067505970522,23.480177166262852,3173100
2018-08-22,23.358301162719727,24.27638327439996,23.23643207527892,23.650788212297282,4406500
2018-08-23,23.342052459716797,23.56141775556381,23.082064649668304,23.333927646946584,3025900
2018-08-24,23.082063674926758,23.301428961510105,22.797701438576066,23.155185437121208,3852400
2018-08-27,22.033992767333984,22.81395634511224,21.96899580251913,22.740834565989292,4915400
2018-08-28,22.163984298706055,22.37522479890949,21.79025062922315,22.09086252749526,5500100
2018-08-29,20.717802047729492,20.92091775407978,19.222870325019375,20.108454928678626,16230400
2018-08-30,19.95408821105957,21.16465773523971,19.905340871398955,20.644681979793205,6764000
2018-08-31,21.091533660888672,21.124032916900433,20.05158226290946,20.1490769316451,6481100
2018-09-04,21.554641723632812,21.587139434461246,20.96966743222067,21.15653508067179,4307400
2018-09-05,21.1809024810791,21.554636131367587,20.872167334883944,21.359645268036495,3578400
2018-09-06,20.2465763092041,21.432771445024496,20.157204890876518,21.245905342748692,5293800
2018-09-07,19.937833786010742,20.57155364887645,19.85658721266528,20.246568905144102,4206300
2018-09-10,20.465938568115234,20.628430199930843,20.0190830939102,20.05970716410147,4312400
2018-09-11,20.279067993164062,20.457810776692174,20.1328260107087,20.279067993164062,2540600
2018-09-12,20.189699172973633,20.425312559118886,19.913461720493213,20.287193832878675,2345200
2018-09-13,20.132827758789062,20.368441153466172,20.05970598638761,20.246572049346995,2468100
2018-09-14,20.043455123901367,20.222196362282922,19.84033944633838,20.124701704856488,2801700
2018-09-17,19.0522518157959,20.10032794143893,18.995378122460497,19.986583654067513,4885500
2018-09-18,19.0522518157959,19.336612534224443,18.995378122460497,19.019752562461385,3513900
2018-09-19,19.304113388061523,19.5803508221646,18.906006862359927,18.94662937634291,3656000
2018-09-20,19.336612701416016,19.434108912612857,19.060375244282955,19.36911195503153,3444300
2018-09-21,19.344738006591797,19.66972280276002,19.190371196942984,19.39348688825434,4496500
2018-09-24,19.101003646850586,19.62097942552536,19.01975704402014,19.304119379101678,3575600
2018-09-25,19.360986709594727,19.62909934734108,19.0847492586258,19.10912369829353,3539400
2018-09-26,19.82408905029297,20.116576110511993,19.32848787004911,19.555976428308725,4942000
2018-09-27,20.05158042907715,20.2059487817155,19.694096393890856,19.872837636659163,3905600
2018-09-28,20.173444747924805,20.636548146442824,19.962204302177245,20.035326054537915,4023500
2018-10-01,19.767213821411133,20.433432865879308,19.702216879259343,20.25469166237422,3587900
2018-10-02,18.605398178100586,19.921588621981865,18.572900471275656,19.726597732082755,5558100
2018-10-03,18.434778213500977,18.792260668622568,18.394154150657926,18.702890829666945,6142800
2018-10-04,18.10979461669922,18.459152281585396,17.82543235721776,18.402280139619034,5007700
2018-10-05,18.150423049926758,18.321039531450573,17.82543816870272,18.13417341845302,3789900
2018-10-08,17.64668846130371,18.117916743292085,17.232332317713144,18.117916743292085,5428500
2018-10-09,17.60607147216797,18.044800641499847,17.53294968567098,17.662943628410062,4235000
2018-10-10,17.24046516418457,17.77669064702493,17.22421708110628,17.45170574070506,5637600
2018-10-11,16.985313415527344,17.762204506089205,16.960779421587805,17.238825113728065,5100500
2018-10-12,17.39420509338379,17.582294379840896,17.034380957705267,17.32878266505985,4889600
2018-10-15,17.672245025634766,18.08931345475884,17.4269098297889,17.87669024227638,5016300
2018-10-16,17.6886043548584,17.84398319926691,17.40238222015015,17.762204778010133,4424800
2018-10-17,17.55775260925293,17.794909781778724,17.148862223347514,17.655886988179162,4359300
2018-10-18,17.124332427978516,17.541400872819924,16.952597628435218,17.443266478824714,3233100
2018-10-19,17.173397064208984,17.6231758872115,17.083440675691236,17.369664272053342,5658200
2018-10-22,17.97482681274414,18.113849651378196,17.304246612201116,17.328780604828378,4298400
2018-10-23,18.04842758178711,18.16291643002016,17.255180522270045,17.672249046282182,4134700
2018-10-24,18.08932113647461,18.53092218085599,17.925764269788836,18.0566091392199,5444800
2018-10-25,18.45731544494629,18.563627839931968,17.999358558297757,18.146559376097407,4315600
2018-10-26,18.866209030151367,18.898921021643314,18.195628802502522,18.195628802502522,6063900
2018-10-29,19.02158546447754,19.536786786968975,18.792606232373895,18.99705147396141,4788100
2018-10-30,19.504077911376953,19.651278746599907,18.972520552911263,19.04612097052274,3061600
2018-10-31,18.858030319213867,19.7494117763474,18.83349788631614,19.716701345885912,3485700
2018-11-01,18.00754165649414,18.400076241972375,17.664073504252237,18.113852521805157,5572600
2018-11-02,18.195627212524414,18.498206868210353,17.950293536947093,18.13838279220927,3847500
2018-11-05,18.36736297607422,18.473675393824966,17.852161563246824,18.17927369518435,2482200
2018-11-06,18.45731544494629,18.52273785732465,18.048424977633193,18.285582197375597,2460100
2018-11-07,18.49820899963379,18.539097430343485,17.72949433590107,18.473675005331785,2748200
2018-11-08,18.66176414489746,18.89074341064973,18.30194003008494,18.563631287999087,2654000
2018-11-09,17.80309295654297,18.702652379223384,17.61500369865159,18.604517971744606,4244800
2018-11-12,17.328781127929688,17.909404932826835,17.247002709830397,17.786738085574694,6085500
2018-11-13,17.377843856811523,17.492332681910792,16.878997016376267,17.402377844958476,4614100
2018-11-14,17.230648040771484,17.974828739158752,17.140691617957515,17.541405741514083,3414100
2018-11-15,17.116153717041016,17.21428654714482,16.764507696283758,17.034375318759036,3967400
2018-11-16,16.560068130493164,16.903536272628475,16.37197884212695,16.903536272628475,5666500
2018-11-19,16.003976821899414,16.764513539349082,15.971266387061728,16.56006825228385,5286600
2018-11-20,15.824063301086426,16.17570939485623,15.137127108557864,15.423350782077021,5093300
2018-11-21,15.774995803833008,16.314731124170695,15.717749825184585,16.0285074701023,2975600
2018-11-23,15.979443550109863,16.11028840220587,15.750464279045017,15.758642277275227,2042800
2018-11-26,16.862646102905273,16.968956954140108,16.40468758735662,16.461932011851804,6054600
2018-11-27,16.95260238647461,17.11615923577391,16.461933398370423,16.764513101636016,5851700
2018-11-28,17.377843856811523,17.402377844958476,16.707263778727366,16.977131409170827,4396700
2018-11-29,16.870824813842773,18.023897696027777,16.756335949427523,17.96665170402636,6511100
2018-11-30,17.116153717041016,17.27970895381176,16.81357411133566,16.81357411133566,4773400
2018-12-03,17.451444625854492,17.590467442003582,17.05891016606645,17.32877780214489,4288500
2018-12-04,16.265663146972656,17.51686860435264,15.946729064810347,17.484156616544492,5858700
2018-12-06,16.175708770751953,16.396508455707856,15.69321785509671,16.118462790422004,5628800
2018-12-07,15.505125045776367,16.273839525071676,15.243435408516673,16.216595111895277,5413800
2018-12-10,15.96308422088623,16.077573052618906,15.464237351548116,15.578726183280791,5268300
2018-12-11,15.562372207641602,16.48646400478553,15.317036984123169,16.273840768320248,7888200
2018-12-12,16.02033042907715,16.2820201079111,14.720058472551607,14.842725314530833,15361900
2018-12-13,15.277457237243652,15.993974820230923,14.91508200918636,15.886909768954725,9306700
2018-12-14,14.972731590270996,15.672777099057424,14.915081060875487,15.203333707853036,7530200
2018-12-17,14.651535987854004,15.162156347351123,14.511526875567522,14.857431648812991,5550400
2018-12-18,15.170390129089355,15.400993800926031,14.766834881519419,14.783306908977538,5108200
2018-12-19,14.915081977844238,15.409230300676562,14.824487385590682,15.277457205140049,6169300
2018-12-20,14.824490547180176,15.137451323109113,14.618594845136005,14.791546480840527,4348800
2018-12-21,14.099737167358398,15.071563478788171,14.000906547608901,14.783310777142574,8691000
2018-12-24,14.412697792053223,14.857433220791947,14.000906426565988,14.000906426565988,3266700
2018-12-26,15.952799797058105,16.01045034269588,14.536236351743435,14.560944401670861,6243900
2018-12-27,15.952799797058105,15.952799797058105,15.343347132391365,15.606894952371913,5437900
2018-12-28,15.631598472595215,16.0598618317823,15.458646868419233,15.936324747248133,3047700
2018-12-31,15.9198579788208,15.936330014432066,15.615131603451479,15.722198264064934,2759500
2019-01-02,16.01868438720703,16.24928654136767,15.573948968424041,15.615127475707196,4486200
2019-01-03,15.730430603027344,15.961032764215519,15.400997822144662,15.837495667741939,4181000
2019-01-04,15.788080215454102,16.068098455462476,15.656307110845374,15.936325350853748,4577200
2019-01-07,16.315174102783203,16.562249874313878,15.722195078656608,15.936326785639409,4401400
2019-01-08,16.265756607055664,16.44694421640977,15.631597618027545,16.348115182529046,3573100
2019-01-09,16.290470123291016,16.652845463729253,16.208111520151526,16.397535207770563,6170600
2019-01-10,15.788080215454102,16.010447918553574,15.24451576622827,15.508061975445726,7315600
2019-01-11,16.22458267211914,16.40577033247925,15.681018120179193,15.705724600174891,4121000
2019-01-14,16.331645965576172,17.039927637410702,15.936326620260852,16.109278244764013,7560000
2019-01-15,16.257522583007812,16.37282366027261,15.903381764712377,16.282230629932855,3199500
2019-01-16,16.38929557800293,16.562248763561186,16.117513347147973,16.463418147405132,4095500
2019-01-17,16.512828826904297,16.685781972209924,16.241046659303155,16.3975277772732,2622100
2019-01-18,17.015214920043945,17.196402510878205,16.438706521516465,16.60342365562689,4537100
2019-01-22,16.743432998657227,17.02345118831548,16.58695187599902,16.86697006565727,3326800
2019-01-23,16.64460563659668,16.88344537394794,16.38105942356035,16.809322805174055,3076200
2019-01-24,16.652843475341797,16.75167410148052,16.471655826756894,16.669315508174837,2338700
2019-01-25,17.377592086791992,17.41877058587164,16.718725105504234,16.899914271516415,3661500
2019-01-28,17.352890014648438,17.484663142067365,17.14699430669891,17.22935290405064,2886600
2019-01-29,17.28700065612793,17.418773762242935,16.941095859861207,17.344651193695828,2466400
2019-01-30,17.46819305419922,17.542315642986296,17.24582685869775,17.369363983056292,2022700
2019-01-31,17.39406967163086,17.583493341286694,17.27053099320705,17.468190679481776,2981700
2019-02-01,17.237585067749023,17.443480729674626,17.064631894884712,17.39406621065307,3559500
2019-02-04,17.542306900024414,17.591722981827015,17.0893371461801,17.254054277137477,2285500
2019-02-05,17.830562591552734,17.970571693369696,17.509365887149933,17.674081461084576,2955100
2019-02-06,17.822330474853516,17.87998101688139,17.56702025836173,17.814094458726753,2082000
2019-02-07,17.707029342651367,17.781151916731222,17.50113365262054,17.723501374860103,2238400
2019-02-08,17.525836944580078,17.8305616034449,17.48465687523414,17.65761002476903,1547500
2019-02-11,17.616430282592773,17.739968922065906,17.40229863059415,17.558779755296808,2476900
2019-02-12,17.179929733276367,17.789380533778353,17.13874966988237,17.608191396562358,3438000
2019-02-13,16.932863235473633,17.295240135291877,16.545779855098,17.163467002786998,3920900
2019-02-14,16.554012298583984,16.83403053742189,16.52106823713985,16.784614445255688,3186600
2019-02-15,16.52931022644043,16.825800603156452,16.496367723949692,16.619904857294742,3269200
2019-02-19,16.348119735717773,16.652844507722637,16.208110589676195,16.48812888175935,3702000
2019-02-20,16.405765533447266,16.554010653495087,16.298700486112256,16.34811500250848,2843100
2019-02-21,16.19163703918457,16.554013895736077,16.13398649695445,16.446947256572027,2175500
2019-02-22,16.43871307373047,16.48812917617549,16.133988296284365,16.27399744482598,2338000
2019-02-25,16.381057739257812,16.735198515684825,16.356351266113066,16.537538876230972,2890200
2019-02-26,16.241052627563477,16.685788103901594,16.183402081562512,16.372825752954125,2963300
2019-02-27,16.63637351989746,16.694024065708877,16.20811007835612,16.241052574165693,3898500
2019-02-28,16.801088333129883,16.899918957527476,16.38929694471562,16.611664671465597,4164000
2019-03-01,17.015214920043945,17.64113783046095,17.006978906252524,17.303469119307685,4736600
2019-03-04,16.76814079284668,17.155224015961245,16.735196737674883,17.023450936992074,3226400
2019-03-05,16.825796127319336,16.965805260095806,16.759909569004495,16.965805260095806,3635800
2019-03-06,17.558780670166016,17.772912333321592,16.965801767406894,17.171697416111204,10142300
2019-03-07,17.49289321899414,17.707024871054163,16.809319763550597,17.006979387561604,7581300
2019-03-08,16.61989974975586,17.369359908703593,16.232814861142387,17.369359908703593,6975300
2019-03-11,17.344648361206055,17.36112038949528,16.52930181119841,16.562245867776856,5468300
2019-03-12,17.591724395751953,17.60819485348431,17.06463047683886,17.262290107359107,5469200
2019-03-13,17.418773651123047,17.797622506931393,17.410537635685984,17.60819729359756,5859700
2019-03-14,17.295238494873047,17.41877559852167,17.0481642875758,17.328182560304413,5617800
2019-03-15,17.11404800415039,17.41877270446427,16.90815234199157,17.41877270446427,4687100
2019-03-18,17.089340209960938,17.245821355338524,16.90815259011165,17.15522675998425,5807000
2019-03-19,17.064632415771484,17.212877548220483,16.974039389943208,17.130518966764452,3533300
2019-03-20,16.83403778076172,17.254065319747777,16.73520712476383,17.031697521897513,3707000
2019-03-21,16.743432998657227,17.0069791604864,16.661074430370853,16.726960970828145,2944700
2019-03-22,16.471654891967773,16.801087675635245,16.33164576255167,16.669314562168257,3418000
2019-03-25,17.254060745239258,17.38583387105991,16.31517526019266,16.37282580638175,5087900
2019-03-26,17.632909774780273,17.871749569948015,17.27053285870426,17.303476928738316,4764600
2019-03-27,18.19294548034668,18.283540097508617,17.69055943369905,17.70703146788479,5097500
2019-03-28,18.044702529907227,18.51414456582106,17.855278826092842,18.39884345408358,4513300
2019-03-29,18.258831024169922,18.357661652892567,17.978812742125243,18.14352993304313,3614500
2019-04-01,18.20941734313965,18.44001953613097,17.789389900514518,18.431783519115616,3223000
2019-04-02,17.88821792602539,18.201180271028242,17.624671680250064,18.201180271028242,4565400
2019-04-03,17.987045288085938,18.22588344088661,17.929394753646438,18.061167852610794,2784000
2019-04-04,18.752973556518555,18.777680025713654,17.879974991583435,18.01998407683839,3627900
2019-04-05,18.79416275024414,19.181247743795275,18.703568122670926,18.777690714165406,4005700
2019-04-08,18.316478729248047,18.761214133241882,18.168233594583434,18.703562025759513,4456700
2019-04-09,17.847036361694336,18.308242212917957,17.8140923011773,18.217649188214644,3487100
2019-04-10,18.168235778808594,18.225886322362527,17.830566962970273,17.830566962970273,3475100
2019-04-11,17.89308738708496,18.299183202847058,17.81849819839924,18.166580552016505,3624800
2019-04-12,17.61958885192871,18.058835986895694,17.511848242999164,17.909657654991896,2930700
2019-04-15,18.050546646118164,18.17486138559569,17.594723827037008,17.627875267296442,3587500
2019-04-16,18.24945068359375,18.440066724285572,18.050546782774326,18.19972352282813,4149200
2019-04-17,18.887609481811523,18.93733508235175,18.357197279971828,18.365485143519923,4373800
2019-04-18,18.614105224609375,19.14451715567779,18.6058189460397,18.83787268393132,4089800
2019-04-22,18.406917572021484,18.730137834188234,18.266028674580756,18.580959494841718,3356400
2019-04-23,18.68041229248047,18.705274295265514,18.266028718085582,18.53952181395629,5455200
2019-04-24,19.368289947509766,19.46774112520223,18.76328869676408,18.81301586635828,3238400
2019-04-25,19.1362361907959,19.567195546072142,19.127948328492728,19.376577874595426,2903300
2019-04-26,19.27712631225586,19.360003352922096,18.862742689672753,19.045070914540016,2400800
2019-04-29,19.86555290222168,19.915280081590204,19.376580037002462,19.376580037002462,3245600
2019-04-30,19.708086013793945,19.940139834937824,19.48431847419255,19.86555065507069,3418300
2019-05-01,19.741235733032227,19.98986685762657,19.64178454779296,19.732947870804274,2672100
2019-05-02,19.923566818237305,19.98158027680526,19.542333035043587,19.815826183112655,2794700
2019-05-03,19.989864349365234,20.139041108505932,19.691507669588056,20.10589124450174,2279700
2019-05-06,19.492605209350586,19.848975363498482,19.31027541099696,19.6915091505789,3505200
2019-05-07,18.821300506591797,19.567192178007133,18.61410872692039,19.42630170460066,4480000
2019-05-08,18.995344161987305,19.152810371558513,18.73013891265557,18.854453675686322,3043700
2019-05-09,18.60582160949707,18.754998356319092,18.31575281486114,18.464931142430917,4551200
2019-05-10,18.0588321685791,18.54780320313007,17.520132399328382,18.54780320313007,4956100
2019-05-13,16.94001007080078,17.7024763208182,16.72453030658404,17.7024763208182,4156300
2019-05-14,17.014591217041016,17.15548170453568,16.699658795230363,16.94828990414635,3717000
2019-05-15,16.55876922607422,16.832262354525962,16.434454455095803,16.8156882109441,4199700
2019-05-16,16.616779327392578,16.981437285326855,16.525616023469826,16.633355048377716,3389900
2019-05-17,16.575345993041992,16.931716184812103,16.38472989350157,16.517332534986053,3339600
2019-05-20,16.54219627380371,16.616785465039662,16.359868017864905,16.4676086633161,2871100
2019-05-21,16.567058563232422,16.66651133731845,16.293565410431118,16.52562082946637,2202700
2019-05-22,15.514525413513184,16.417882020796508,15.423362072926146,16.417882020796508,6471600
2019-05-23,15.299042701721191,15.688564321548704,15.141578062097555,15.249317109247837,4791200
2019-05-24,15.497952461242676,15.547678067282108,15.249321269548489,15.365349791305182,2607100
2019-05-28,15.655417442321777,16.036651311222307,15.497952756736503,15.497952756736503,4881700
2019-05-29,14.669182777404785,15.183017650940856,14.486852948103106,14.82664743630388,8929300
2019-05-30,14.685751914978027,14.9841085660914,14.52828730977729,14.72719121693696,4392600
2019-05-31,14.420546531677246,14.578012715728393,14.163629185618428,14.263080347626097,4738200
2019-06-03,14.851505279541016,14.975820018215517,14.403970323415619,14.403970323415619,6030200
2019-06-04,15.348772048950195,15.547676027764552,15.133292343380896,15.141580206758366,7013000
2019-06-05,15.36534595489502,16.49246836794449,15.282468911689646,16.335002143929092,9009700
2019-06-06,14.569729804992676,15.241030909212533,14.229935321329028,15.232743046105096,8696600
2019-06-07,14.503426551818848,14.644317044409295,14.354248197223308,14.561440005106435,6158100
2019-06-10,13.890137672424316,14.79349399555364,13.865274088767839,14.644315655110573,5965300
2019-06-11,13.981302261352539,14.337670801532878,13.89842523171261,13.97301440031376,5264000
2019-06-12,13.757536888122559,14.113907064292157,13.749249025799067,13.964728703965525,3556800
2019-06-13,14.147056579589844,14.254797206356871,13.51719328546497,13.798974274435258,9164500
2019-06-14,14.561441421508789,14.685756202181247,14.130482039812613,14.130482039812613,6416500
2019-06-17,14.884660720825195,15.050414821716751,14.569729826029146,14.611167560877908,5333400
2019-06-18,14.644319534301758,15.207881600482882,14.594593934564692,14.90952484056386,5419000
2019-06-19,14.768630981445312,14.884657881487621,14.420548700570428,14.718905392962602,4371600
2019-06-20,14.959246635437012,15.00068594196813,14.644315809540068,14.90952104834758,4471200
2019-06-21,15.000687599182129,15.257605005066592,14.69404301996667,14.91781055771189,4666800
2019-06-24,14.669182777404785,15.091852736290017,14.586305725972046,14.975825812733152,3628300
2019-06-25,14.229934692382812,14.74377111709517,14.180209096684257,14.74377111709517,3790900
2019-06-26,14.072466850280762,14.387399275386034,14.031029122068595,14.271370791045562,4389400
2019-06-27,14.089042663574219,14.180207563119064,13.740960369832464,14.147056115739842,5288400
2019-06-28,14.006166458129883,14.304523179279373,13.97301658952889,14.138769094030076,4465900
2019-07-01,14.105620384216309,14.68575656875125,13.98130560044084,14.287948628370449,4013700
2019-07-02,13.68294620513916,14.196780966775474,13.63322061740776,14.105617652725897,3132900
2019-07-03,13.939863204956055,13.973014649702856,13.674657969973206,13.740959278718918,2192600
2019-07-05,14.205072402954102,14.312813047691439,13.8321280299937,13.873565766739858,2926600
2019-07-08,14.188496589660645,14.54486519375256,14.031030363179378,14.196782871437634,4076900
2019-07-09,13.964725494384766,14.30451986781079,13.865272750108684,14.11390382042502,4819000
2019-07-10,13.840413093566895,14.138768215428088,13.765823917914593,14.05589117795353,3634600
2019-07-11,13.897238731384277,14.373573592624432,13.796958882432268,14.256578310287807,3633600
2019-07-12,14.030948638916016,14.214796101569755,13.713392046972816,13.91395335002768,3475100
2019-07-15,14.549064636230469,14.657703002650024,14.122871278417367,14.147942038495614,5611200
2019-07-16,15.301166534423828,15.317880370793725,14.46549384295899,14.498921515698783,7995500
2019-07-17,15.125678062438965,15.326239344012686,14.73291082467764,15.259385583488113,4806900
2019-07-18,14.958542823791504,15.20088870123855,14.94182898522563,15.042110422701498,3784700
2019-07-19,15.225958824157715,15.393094032504527,14.975257605556976,14.983614525366264,4337300
2019-07-22,14.7412691116333,15.284457759450154,14.356860351432573,15.267743919288506,5518600
2019-07-23,14.699482917785645,14.958541008440198,14.482207824555664,14.916758011015624,3581200
2019-07-24,14.975255966186523,15.042109723422742,14.549062666085897,14.691127099452773,3996500
2019-07-25,14.51563835144043,15.058825394347682,14.406999986507282,14.966900869238017,5081800
2019-07-26,14.649345397949219,14.76633908500734,14.323431907842474,14.540707036607158,2245700
2019-07-29,14.82483196258545,14.88332879046539,14.45713556658708,14.674410637226162,2896600
2019-07-30,14.799764633178711,14.87497531325259,14.51563734546775,14.699484789026462,2988800
2019-07-31,14.783053398132324,15.000328533861515,14.674415033307984,14.87497632923043,2822800
2019-08-01,13.621468544006348,15.100610058533961,13.370767294796776,14.783055036607193,6521600
2019-08-02,13.671608924865723,13.85545638597269,13.479402949708962,13.596398237612975,4334500
2019-08-05,13.245413780212402,13.429261216591621,12.944571071665205,13.362407458461059,3981000
2019-08-06,13.621468544006348,13.788603772759176,13.312270442909188,13.35405345313756,3995300
2019-08-07,13.78860092163086,13.838740842321192,13.387478368269512,13.412547531655008,2978900
2019-08-08,13.997517585754395,14.15629584347226,13.730102579441676,13.897236161427543,3882500
2019-08-09,13.429262161254883,13.980806103109474,13.36240839842158,13.913952340276174,3120200
2019-08-12,12.986353874206543,13.362406434102796,12.86100328656099,13.32897955760001,3323800
2019-08-13,13.68831729888916,14.089441382068795,12.81921857215797,12.944569150812006,6035400
2019-08-14,12.576875686645508,13.203630281026914,12.551805726018962,13.128419602187597,5551800
2019-08-15,12.359601020812988,12.73565363178691,12.142325895553492,12.610303027115505,4546100
2019-08-16,12.86935806274414,13.028136307255126,12.142322977085172,12.510019377140441,4289700
2019-08-19,13.287195205688477,13.471044214185646,13.053207079978524,13.245412209531374,4551100
2019-08-20,13.23705768585205,13.362408290916068,12.952928797616584,13.170203923556613,3407600
2019-08-21,13.529541969299316,13.671606397411264,13.287196112082777,13.412546703024086,3735000
2019-08-22,14.114511489868164,14.147939163178915,13.596395304905077,13.596395304905077,4587500
2019-08-23,13.445975303649902,13.997519216922557,13.39583538260312,13.796957938816078,3696800
2019-08-26,13.562969207763672,13.663250645430558,13.287197246578954,13.621466048936282,3482700
2019-08-27,13.529541969299316,13.746817070759898,13.4794004577874,13.68831864066266,2978700
2019-08-28,14.139585494995117,14.239866944059003,13.370766365237197,13.504473901376004,3926300
2019-08-29,14.164650917053223,14.432065888541553,13.972445011616898,14.005872680012418,4198300
2019-08-30,14.056015014648438,14.398640705242329,13.989161260237903,14.273290114962482,2965600
2019-09-03,13.596395492553711,13.947378097564659,13.412546474645605,13.872167425496654,6772500
2019-09-04,12.016974449157715,12.242605681153933,11.415289835568384,11.86655309652047,26493000
2019-09-05,13.604752540588379,13.696675456498827,12.167395230040595,12.167395230040595,10545700
2019-09-06,13.370763778686523,14.331787106495767,13.362406860054534,13.663249555129141,11369300
2019-09-09,14.139585494995117,14.239866944059003,13.379123285485816,13.404194046231678,7166200
2019-09-10,14.473852157592773,14.490565995575233,13.98080509454541,14.089443447512087,5840900
2019-09-11,14.632628440856934,14.724552943341344,14.022587782723717,14.51563477872703,4079800
2019-09-12,14.707843780517578,14.941831179118427,14.315076486146822,14.515639390546992,4393700
2019-09-13,14.966898918151855,15.0504665124559,14.557419459373255,14.849905242477766,3008200
2019-09-16,14.206437110900879,14.824834770340365,14.12286951499407,14.79140868832923,3474900
2019-09-17,13.830382347106934,14.189721857929168,13.763528595832039,14.156295779251302,2998100
2019-09-18,13.94737720489502,14.43206728613446,13.746815956856539,14.315072029339344,4145900
2019-09-19,13.888879776000977,14.02258726894162,13.75517068914129,13.964088846100925,2954800
2019-09-20,13.571325302124023,14.14793994734027,13.537899220879797,13.888881840500215,5705000
2019-09-23,13.537899017333984,13.746817202206921,13.44597450593573,13.537899017333984,2599400
2019-09-24,13.496115684509277,13.897238254388478,13.345695119284429,13.64653704669383,3390200
2019-09-25,13.671608924865723,13.796959538980452,13.379123095984992,13.57968439735247,2615500
2019-09-26,13.454333305358887,13.66325151943614,13.30391193619615,13.66325151943614,1977500
2019-09-27,13.35405158996582,13.613111317780376,13.31226858556706,13.546255960471242,3276100
2019-09-30,13.554609298706055,13.730101377434735,13.38747573135196,13.38747573135196,3722700
2019-10-01,13.061566352844238,13.76353085653024,13.036496391238238,13.654894090584332,4253800
2019-10-02,12.802506446838379,13.044851515713322,12.744009608580182,12.969641636649774,3589100
2019-10-03,12.844287872314453,12.86100170699288,12.418094651528603,12.735650337783188,3740300
2019-10-04,12.434812545776367,12.952929635563745,12.418098705641405,12.852648985633262,3230700
2019-10-07,12.200824737548828,12.443169848234945,12.125614048549725,12.38467220292465,6281800
2019-10-08,12.033685684204102,12.133967102220057,11.74955765635734,11.991902689816909,4823500
2019-10-09,12.100543975830078,12.21753847614528,11.849842727520096,12.133971659028564,3622900
2019-10-10,12.183225631713867,12.529148929080527,12.124165929430141,12.14947711546201,3736200
2019-10-11,12.689454078674316,12.94256835085378,12.411028620665332,12.411028620665332,5339800
2019-10-14,12.368842124938965,12.664142227744332,12.233848068100414,12.60508172440643,3676600
2019-10-15,12.621956825256348,12.90038227838032,12.28447167135701,12.419465732916745,3364200
2019-10-16,12.664143562316895,12.883509330110765,12.571334534988956,12.596646526784648,2525500
2019-10-17,13.052249908447266,13.077561091716035,12.672578940903692,12.740075966039083,2819500
2019-10-18,12.756948471069336,13.018500019283112,12.706326109884683,12.765385799476086,2982100
2019-10-21,13.313798904418945,13.42348175679577,12.88350562771343,12.88350562771343,5479800
2019-10-22,13.895959854125977,13.895959854125977,13.263175575263016,13.34754643695175,5583800
2019-10-23,13.794721603393555,13.955027683556796,13.583793143431135,13.955027683556796,3721500
2019-10-24,13.811592102050781,13.836902479690767,13.550039731893934,13.82002782176014,3210000
2019-10-25,14.056267738342285,14.199699107478672,13.642848288303501,13.668160274359064,4202600
2019-10-28,13.710347175598145,13.803156194517998,13.541603797426797,13.659724805849189,5532300
2019-10-29,13.651285171508789,13.769404550735045,13.457230641221773,13.600662810305515,4214000
2019-10-30,13.32223892211914,13.811593594833989,13.153496347714745,13.634412885924291,3803300
2019-10-31,12.976316452026367,13.313801601058652,12.773825362606996,13.237867241369372,4726300
2019-11-01,13.246305465698242,13.398174195331615,13.018503175876301,13.136622583699486,3638900
2019-11-04,13.676596641540527,13.710345957879715,13.305363817345318,13.415045876935725,3230500
2019-11-05,13.955023765563965,14.191262544471687,13.744095364821506,13.887525132440631,3528900
2019-11-06,13.811592102050781,14.022520498415751,13.642848741256426,13.946586146983886,2336900
2019-11-07,14.005650520324707,14.149081942149213,13.938153475304734,14.022525183893823,2427200
2019-11-08,13.744095802307129,13.971897259325537,13.490980747805729,13.895962903900722,3698600
2019-11-11,13.617539405822754,13.727223094472311,13.499419995821322,13.68503644143161,1823100
2019-11-12,13.49941635131836,13.769404420863793,13.457230514294906,13.659722371081898,3657200
2019-11-13,13.49941635131836,13.600662682025813,13.347547659885095,13.372859644875916,3264300
2019-11-14,13.634413719177246,13.794719778129409,13.524731642582331,13.558479354897603,2299700
2019-11-15,13.971898078918457,14.098454808964968,13.718784618825437,13.777844318896733,2790900
2019-11-18,13.296926498413086,13.980334062243678,13.2378659994024,13.912837038769743,4188000
2019-11-19,12.858197212219238,13.178808530167355,12.832886025299896,13.035377129910879,6039600
2019-11-20,12.19166374206543,12.613520624521868,12.166352554413924,12.571334775350595,6548300
2019-11-21,12.115728378295898,12.318220276742968,11.887926098906558,12.233848585337682,6404200
2019-11-22,12.35196590423584,12.461648755565372,12.157911381228853,12.242283052906307,4429400
2019-11-25,12.520710945129395,12.562896789398634,11.828865995774866,12.13260262618289,5992900
2019-11-26,12.503835678100586,12.554458849689874,12.208536391818452,12.461650640508863,3847000
2019-11-27,12.655705451965332,12.672580112122766,12.478525543452694,12.579771090513047,3522300
2019-11-29,12.630393981933594,12.790699226678885,12.512273777375754,12.630393981933594,1957900
2019-12-02,12.664143562316895,12.706329410681583,12.343532241224654,12.647268901119768,4258000
2019-12-03,12.562894821166992,12.562894821166992,12.360402961324702,12.478523145847044,5594700
2019-12-04,12.714764595031738,12.832884797063581,12.537584694298,12.65570489632984,4018400
2019-12-05,12.731636047363281,12.959438259707508,12.681012886493539,12.79913305877104,5131600
2019-12-06,12.824447631835938,13.03537604948004,12.782261787381504,12.9172566505613,3759700
2019-12-09,12.942567825317383,13.102873068565888,12.714764748217442,12.78226177744082,3592100
2019-12-10,12.756948471069336,12.967876853470537,12.72319996207026,12.86663132647331,8731200
2019-12-11,11.921676635742188,12.191664806607923,11.626376470386628,11.634813801883237,16736800
2019-12-12,12.520710945129395,12.621956488598736,11.73605697745693,11.811991336215948,10294900
2019-12-13,12.20009994506836,12.554459757945587,12.014482708649794,12.546022427965635,9990600
2019-12-16,12.343531608581543,12.546022704800007,12.259159916176472,12.38571745478408,4419800
2019-12-17,12.35196590423584,12.402588263539998,12.056665857992645,12.35196590423584,3874300
2019-12-18,12.470088958740234,12.630395021305388,12.411029253915247,12.444777771619258,3952300
2019-12-19,12.486964225769043,12.554461264451998,12.351970148403135,12.486964225769043,3145200
2019-12-20,12.32665729522705,12.571334244535356,12.292908778240667,12.486963354383455,5415300
2019-12-23,11.989171981811523,12.326657147634494,11.946986134926627,12.326657147634494,4667600
2019-12-24,12.107294082641602,12.301347882133067,12.048233565929575,12.048233565929575,2390900
2019-12-26,12.335090637207031,12.343527964882533,12.098851094687955,12.166348106836264,2427000
2019-12-27,12.216972351074219,12.453212734718711,12.107290292858965,12.394152236493598,2675300
2019-12-30,12.318220138549805,12.453214199581351,11.997608841285842,12.267596963348938,3509400
2019-12-31,12.40259075164795,12.444776595949662,12.166351150037642,12.27603402337087,3109600
2020-01-02,12.136857986450195,12.545678076112189,12.026135675770076,12.545678076112189,4722000
2020-01-03,12.256096839904785,12.315716229624083,11.992066605534681,12.009101181027775,3492300
2020-01-06,12.290166854858398,12.307200620421414,12.043171162294353,12.128341614616183,3775000
2020-01-07,12.162408828735352,12.392370734384787,11.872827530770865,12.170926116852732,5440600
2020-01-08,12.264612197875977,12.460505736930884,12.19647552661858,12.23906114921775,4621000
2020-01-09,12.21351146697998,12.29868190945381,11.855793496731366,12.230545230573433,5093300
2020-01-10,12.051684379577637,12.281646244385605,11.906893756310359,12.119821047908927,5408400
2020-01-13,12.434955596923828,12.605297287514581,12.051685777778067,12.10278869108192,6169400
2020-01-14,12.54567813873291,12.647883973911876,12.324234328520669,12.43495663975345,3811300
2020-01-15,12.153892517089844,12.528644264531717,12.119823364159997,12.47754134739026,4438100
2020-01-16,12.528643608093262,12.53716089587946,12.264613372494008,12.281647948066404,3662000
2020-01-17,12.520125389099121,12.60529663611979,12.34978370731099,12.588262061814373,3149500
2020-01-21,12.256096839904785,12.503092498781795,12.136857248212921,12.503092498781795,4380400
2020-01-22,12.486059188842773,12.630849846196613,12.222029739964606,12.307200189302932,3455100
2020-01-23,12.51161003112793,12.537161896525932,12.13685827341058,12.426439583227927,2669300
2020-01-24,12.3668212890625,12.528645723051467,12.222030621268127,12.528645723051467,2355100
2020-01-27,12.358301162719727,12.443471598646767,12.085753655894823,12.128339279984953,4000300
2020-01-28,12.54567813873291,12.605298344629526,12.366819957803019,12.460507692421531,2645400
2020-01-29,12.57122802734375,12.724535131504298,12.528642404756246,12.596779075994975,2648300
2020-01-30,12.67343521118164,12.698986264221901,12.375336614116401,12.45199058549051,3259000
2020-01-31,12.264612197875977,12.639364702044846,12.170924477960355,12.639364702044846,4813500
2020-02-03,12.256096839904785,12.596780227234017,11.983549317788134,12.102788909479997,3045000
2020-02-04,12.315716743469238,12.588263464704013,12.136857754595592,12.486058444240973,3569500
2020-02-05,12.69898509979248,12.801190114835192,12.349784428666569,12.460506731359485,4465300
2020-02-06,12.503092765808105,12.818225108881187,12.40940422310173,12.818225108881187,2184600
2020-02-07,12.136857986450195,12.486058682766478,12.051686728310623,12.434956577685385,2329400
2020-02-10,12.179444313049316,12.29868310656967,12.026136364519306,12.128341392788192,1987300
2020-02-11,12.400887489318848,12.434955828070276,12.017617663048698,12.239062271059614,2216700
2020-02-12,12.741571426391602,12.835259158935571,12.477541180490158,12.477541180490158,2849500
2020-02-13,12.57122802734375,12.733052418472438,12.451988446549375,12.630847411614342,2210400
2020-02-14,12.622330665588379,12.733052964159725,12.494574604603946,12.588262328508982,2078300
2020-02-18,12.21351146697998,12.571229437228595,12.051686245449126,12.332750248893998,5073000
2020-02-19,11.932448387145996,12.196477835180882,11.889862756486172,12.051687178289487,5625500
2020-02-20,12.57122802734375,12.750086992408717,11.889860502703248,11.932446125290753,7056500
2020-02-21,12.605298042297363,12.826742659451678,12.426439053404001,12.477541157514505,4511900
2020-02-24,12.009100914001465,12.43495554482062,11.932446950493498,12.153891553460237,5477300
2020-02-25,11.446972846984863,12.05168649369428,11.140357785707401,12.05168649369428,8476400
2020-02-26,11.046671867370605,11.736556071595121,10.978535175897898,11.608799978147154,4904600
2020-02-27,10.91039752960205,11.293666588657604,10.450474496284713,10.705986660819509,7145300
2020-02-28,10.970016479492188,11.07222150359342,10.586747436049235,10.637849541973187,6918800
2020-03-02,11.131840705871582,11.148875282387898,10.424922025510769,10.987050054496157,6100400
2020-03-03,10.714503288269043,11.489558647295546,10.527127008555537,11.029635642364802,6468700
2020-03-04,10.961498260498047,10.987049311290837,10.441955895693933,10.808190331234789,5399400
2020-03-05,10.101272583007812,11.472525154234818,9.982033794033867,11.225529475605937,8116900
2020-03-06,10.169408798217773,10.399370701668406,9.556178680189337,9.632832648006215,7376400
2020-03-09,9.300664901733398,10.135339561304056,9.147356979668084,9.419904486923445,6405300
2020-03-10,9.002568244934082,9.913897870132523,8.917397790896759,9.709486993485484,5280100
2020-03-11,8.22751235961914,8.900362727415542,8.133824621610701,8.883328962438258,8558400
2020-03-12,7.614281177520752,7.946448114072416,7.239529423574254,7.733520778084937,7973300
2020-03-13,8.602266311645508,8.610782789369244,7.622799895109685,8.270099312815423,6706100
2020-03-16,7.273597717285156,7.656866757106023,7.035119329969355,7.49504234020506,5702700
2020-03-17,7.4950432777404785,7.954966345506761,6.966983519360927,7.213979225897385,6667800
2020-03-18,6.66888427734375,7.3076663024705715,6.047136423308577,6.98401664560258,4936500
2020-03-19,7.810172080993652,7.83572312515281,6.319681238243002,6.498540171863202,5876300
2020-03-20,7.44394063949585,8.048654401099265,7.2480478495239105,7.878312668025089,7442200
2020-03-23,6.6007466316223145,7.50355878637111,6.5922293442536395,7.367284625232001,4289900
2020-03-24,6.9329142570495605,7.384319975719165,6.856260287185166,6.915879680522666,5461500
2020-03-25,7.290632724761963,7.614281577689369,6.575196302157075,7.0095678792140665,5567900
2020-03-26,7.341734409332275,7.929414308474165,7.094738733356889,7.358768986004596,7841700
2020-03-27,6.9329142570495605,7.128807013588955,6.68591817705614,6.984016362123613,4142100
2020-03-30,6.941430568695068,7.086221216731944,6.685918018741742,6.864777412899042,3451400
2020-03-31,6.771088123321533,7.179908970494539,6.643332065472397,6.91587875541893,5127700
2020-04-01,5.978999614715576,6.515576602143983,5.842726248813759,6.379302830115499,3776400
2020-04-02,5.783105850219727,6.200443599333086,5.6468324984079965,5.876793982653603,4263300
2020-04-03,5.74903678894043,6.013066577919542,5.638314501460829,5.791622409086914,6923900
2020-04-06,6.966982841491699,7.009567659791535,5.987516993908636,6.0641705603270175,6204900
2020-04-07,7.631314754486084,8.508575036391772,7.520592456808167,7.614280179957226,7566200
2020-04-08,7.980514049530029,8.082719042522845,7.273595572139909,7.725001160921449,8441000
2020-04-09,8.201958656311035,8.721500910202396,8.065685331503667,8.321198221644025,6143900
2020-04-13,7.5802130699157715,8.29564907084781,7.392837593293267,8.218995097568898,3548000
2020-04-14,8.108272552490234,8.19344299121611,7.690934397396438,7.844242324257557,5352000
2020-04-15,7.2821149826049805,7.478007739932218,6.992533678509658,7.35025166447996,3960600
2020-04-16,7.546144962310791,7.597247883504006,7.162875896248497,7.307666558667,2976500
2020-04-17,7.869792938232422,8.38933607833807,7.810173553205165,8.023100856591885,4197300
2020-04-20,7.239529132843018,7.614280871739913,7.145841401182118,7.4354218842030715,3697400
2020-04-21,7.103255271911621,7.324699871757348,6.830708571949641,6.9754983971145155,3235900
2020-04-22,5.732003211975098,6.617780790712195,5.68941758744622,6.396336599091228,43051800
2020-04-23,5.953448295593262,6.055653728550549,5.6042475841920005,5.646833215101426,30617000
2020-04-24,5.817174434661865,6.00455070746925,5.570178770973927,5.987516537771001,18502700
2020-04-27,6.634814739227295,6.685917243290953,5.902344702061656,5.953447206125315,15011700
2020-04-28,6.915879726409912,7.094738719862467,6.566679027824763,6.915879726409912,10253000
2020-04-29,7.162874698638916,7.299148049365188,6.941430097582104,7.171391986122618,7698800
2020-04-30,6.771088123321533,7.01808376414888,6.728502906080689,6.941429804538116,9774500
2020-05-01,6.6007466316223145,6.6007466316223145,6.345233696334676,6.498541619957905,5437700
2020-05-04,6.345234394073486,6.583713186974151,6.149341230445795,6.311166053105771,5338100
2020-05-05,6.166375160217285,6.711469406675591,6.149340990398378,6.524093132540973,4762100
2020-05-06,6.3281989097595215,6.481506818411851,6.200442860718015,6.38781869713838,5103500
2020-05-07,6.430405616760254,6.728503801628745,6.3452343586892646,6.472990839669091,4660800
2020-05-08,6.890327453613281,6.924395788607223,6.524092243238533,6.566677865044253,5425900
2020-05-11,6.771088123321533,6.881810419175614,6.558160818737503,6.737019787078216,4639400
2020-05-12,6.515575885772705,7.001050307611231,6.515575885772705,6.830708618962601,6271700
2020-05-13,6.481507301330566,6.634814815278828,6.353750836643712,6.481507301330566,6539400
2020-05-14,6.447438716888428,6.515575387133355,6.132306007815752,6.277096635149518,5494800
2020-05-15,6.847743034362793,6.932914292931446,6.27709771381145,6.387820025049371,5858100
2020-05-18,7.46097469329834,7.546145147708374,7.222495471542092,7.256564628010182,7487800
2020-05-19,7.375802040100098,7.5802120669623845,7.0947380501011414,7.358768277321529,7228100
2020-05-20,7.205461502075195,7.5716968012305035,7.137324815570027,7.52911116910143,6763400
2020-05-21,7.639833927154541,7.750556252157177,7.222495682989706,7.222495682989706,8403400
2020-05-22,7.639833927154541,7.76759001863651,7.409871987782892,7.622799348421788,5090400
2020-05-26,8.116787910461426,8.329715196345274,7.92089519732979,8.201959149716219,11437400
2020-05-27,8.772608757019043,8.849262748485547,8.380822321276336,8.508578432218146,10739100
2020-05-28,8.125307083129883,8.908879742069312,8.065687689162749,8.866294112555648,7055400
2020-05-29,7.801656723022461,8.133823628169806,7.69093442130668,7.963481937935238,6883200
2020-06-01,8.423405647277832,8.585230064145689,7.895345955059927,7.9379307721676176,12167200
2020-06-02,8.76408863067627,9.02811887004843,8.312682930849832,8.568195882314086,19121300
2020-06-03,10.050168991088867,10.348266731705024,9.488041034023853,9.624314379705892,20746800
2020-06-04,10.501575469970703,10.5356438090457,9.9394474691066,9.982033096013666,11086100
2020-06-05,11.055183410644531,11.651380413325894,10.81670509692383,11.370316483377513,11749700
2020-06-08,11.123324394226074,11.489558859951918,10.833743087196341,11.438456754154512,12002400
2020-06-09,10.825224876403809,10.987049280644445,10.586746507745355,10.78263925036577,6455000
2020-06-10,10.22050952911377,10.612295760219922,10.152372863899927,10.603778474004912,7504900
2020-06-11,9.75207233428955,9.794657966158304,9.198461556755865,9.249563665195673,7843000
2020-06-12,10.19495964050293,10.348266748517693,9.709484830405412,10.280130075565975,9784200
2020-06-15,10.211995124816895,10.467508097603453,9.658384360657141,9.879828991222382,6105100
2020-06-16,10.578227996826172,11.114804873448156,10.331232369071909,11.046668204567888,7191400
2020-06-17,10.186442375183105,10.586745938823512,10.067202791135074,10.586745938823512,7450400
2020-06-18,10.510092735290527,10.65488337911245,9.888344533186986,10.016101413634532,6585800
2020-06-19,9.82872486114502,10.791156425669804,9.700968796614319,10.740053512505575,12970800
2020-06-22,10.143857955932617,10.288648606521768,9.837242890583815,9.905379571772437,5832000
2020-06-23,10.280133247375488,10.501577908919229,9.820210156921123,10.229031133021373,8100600
2020-06-24,9.615798950195312,10.484542915129113,9.598765184820943,10.08423927566432,10101700
2020-06-25,9.436938285827637,9.683933932194392,9.241045551098551,9.513592247157531,9248200
2020-06-26,8.97701644897461,9.692452427552825,8.891845189714031,9.377320067894006,9987800
2020-06-29,9.419906616210938,9.641350449829005,8.874812290739635,9.147359047348584,7341700
2020-06-30,9.283632278442383,9.436940232730613,9.036636581118787,9.368803544658821,6494600
2020-07-01,9.215494155883789,9.828725065327594,9.215494155883789,9.292148121095924,5148800
2020-07-02,9.38583755493164,9.624315948754244,9.155875637412693,9.55617926480493,3874300
2020-07-06,9.64134693145752,9.84575773657296,9.411385892550673,9.5987621254677,4475400
2020-07-07,9.130324363708496,9.513593404739632,9.062187681403108,9.513593404739632,4760900
2020-07-08,9.241047859191895,9.309184550224822,8.849261479625845,9.062188842167101,8251000
2020-07-09,8.76408863067627,9.32621663654566,8.695951951919572,9.32621663654566,4497100
2020-07-10,9.079218864440918,9.155872813303489,8.687432646451297,8.772603881243729,4911500
2020-07-13,8.866292953491211,9.224010895037244,8.670400220491498,9.172908796103934,6326200
2020-07-14,8.985533714294434,9.011084767105713,8.65336677873451,8.832225772920111,5671400
2020-07-15,9.453972816467285,9.573211589311642,9.138839685298917,9.368801568218554,6054800
2020-07-16,9.718003273010254,9.786139954063088,9.258080269776967,9.309183186693247,5544100
2020-07-17,9.266594886779785,9.692449426729667,9.19845822536805,9.692449426729667,4974700
2020-07-20,8.517093658447266,9.232529655717371,8.4148886320163,9.15587568283081,11855600
2020-07-21,8.815194129943848,8.88333082867404,8.500060882999813,8.661886151674159,9301000
2020-07-22,8.59374713897705,8.704469447663715,8.363785233492447,8.644849243138095,7657900
2020-07-23,8.619297981262207,8.815191541786927,8.48302462381194,8.551161302537073,4777400
2020-07-24,8.22751235961914,8.64484975472948,8.218995071003823,8.55116201672104,5334100
2020-07-27,8.15937614440918,8.236030121848328,7.878312101967894,8.193444488576201,8404700
2020-07-28,8.346753120422363,8.465991928551173,8.108274691911285,8.142343038841439,5696700
2020-07-29,9.070703506469727,9.232528724520334,8.440438834254213,8.508575511669227,11129200
2020-07-30,8.695950508117676,9.232527373427951,8.661882174395744,9.19845903970602,8009900
2020-07-31,8.517093658447266,8.755572053452852,8.491542604902861,8.67891808056629,3536800
2020-08-03,8.7044677734375,8.874809441632793,8.389335484212921,8.525608818769156,6115000
2020-08-04,9.309183120727539,9.309183120727539,8.644849266789969,8.69595218334413,6992900
2020-08-05,9.326215744018555,9.496557424608447,9.07922010409991,9.496557424608447,6377700
2020-08-06,9.028118133544922,9.283630251911509,8.994049796945829,9.232528153139478,3574800
2020-08-07,9.275115966796875,9.300667022215467,8.80667561877116,8.985534631208127,5134900
2020-08-10,9.573211669921875,9.700968543370733,9.27511392304766,9.402869984243292,7328500
2020-08-11,9.845760345458984,10.143858127641906,9.735038033589902,9.786140139219741,7612300
2020-08-12,10.399371147155762,10.688952454756452,10.08423878660599,10.66340140180737,13977800
2020-08-13,10.033135414123535,10.348267760403154,10.016101650346597,10.186443349382433,7043700
2020-08-14,9.947962760925293,10.203474846593805,9.607278626278758,9.973513807041522,4633100
2020-08-17,10.186442375183105,10.339750295780116,9.871310059041752,9.999066118037117,4633200
2020-08-18,9.649867057800293,9.896862741603748,9.49655911190389,9.760589372919545,9068000
2020-08-19,9.760586738586426,9.803172357869933,9.402868836209976,9.573210501090873,4342300
2020-08-20,9.539141654968262,9.79465454467117,9.46248770683208,9.615795603104443,4756800
2020-08-21,9.147358894348145,9.66690215576073,9.138841605283226,9.539145256547119,6089400
2020-08-24,9.505074501037598,9.564693884859398,9.121805525141538,9.147356573600424,9172600
2020-08-25,9.411388397216797,9.709486179744271,9.249563167277508,9.564695526536834,5410400
2020-08-26,9.70948314666748,10.067201023758154,9.581727110100699,9.581727110100699,4900700
2020-08-27,10.22050952911377,10.433436810970306,9.9479628682584,9.964996628435301,8207000
2020-08-28,10.510092735290527,10.527126498664902,10.092755379452406,10.288648125650731,7613600
2020-08-31,10.740055084228516,10.893363033903372,10.450474574764206,10.578230657991009,8400600
2020-09-01,10.884844779968262,10.884844779968262,10.407888020108391,10.595263483926692,5173800
2020-09-02,11.08073902130127,11.199977812426882,10.740054788327111,11.072221732719912,7779100
2020-09-03,10.740055084228516,11.114807669599639,10.646367344012418,11.012602640567524,7579900
2020-09-04,10.95297908782959,11.004081992873719,10.53564181027283,10.85929137621066,7027300
2020-09-08,11.242565155029297,11.421424181206618,10.748573713635453,10.918915449934456,13695500
2020-09-09,11.42142105102539,11.728036904585212,11.012600995949958,11.242562073866578,16463400
2020-09-10,11.225528717041016,11.906895500144008,11.208494141336804,11.617315023451875,9677700
2020-09-11,11.745070457458496,11.804689844694563,11.24256187288814,11.446971896771705,10029800
2020-09-14,12.63084888458252,12.681951800097618,11.838758973744854,11.85579354966765,8889100
2020-09-15,12.349785804748535,12.741572145527243,12.264614543262724,12.707503803383588,6419800
2020-09-16,13.107808113098145,13.1844612777099,12.434957711647886,12.51161087625964,12244700
2020-09-17,12.681951522827148,13.031152199076871,12.503092540814698,12.792673827144693,9066200
2020-09-18,12.46902084350586,12.988563074057042,12.34126399804855,12.801186854738154,7223000
2020-09-21,12.043170928955078,12.187961588575549,11.898380269334607,12.102790325650556,5912600
2020-09-22,11.906896591186523,12.247580826208582,11.881345537542208,12.051687248926562,5097800
2020-09-23,12.043170928955078,12.375337067405155,11.957999666030085,12.034653640211907,4920200
2020-09-24,11.957999229431152,12.068721542289714,11.685452497627518,11.889862546480245,5079400
2020-09-25,12.21351146697998,12.239062518496802,11.81320786936781,11.906895599765006,3960400
2020-09-28,12.639366149902344,12.792674083919724,12.315716518228587,12.409404248876273,4839000
2020-09-29,11.915414810180664,12.622333576812315,11.838760831009186,12.622333576812315,5048000
2020-09-30,12.61381721496582,12.664919326711228,12.034654533495061,12.043171822870436,10388200
2020-10-01,12.707503318786621,12.963016281246796,12.486058697170916,12.690468742237728,6929400
2020-10-02,13.099289894104004,13.346285572993827,12.281648886011252,12.520127276464416,6150600
2020-10-05,13.167425155639648,13.840275436686913,12.997083466561843,13.46552372071574,5356800
2020-10-06,12.656397819519043,13.354799882738316,12.639364058698312,13.26111135533827,3696000
2020-10-07,13.422938346862793,13.66141752829289,13.107806013101511,13.184459165432694,8542900
2020-10-08,13.167425155639648,13.627348122276345,13.065220142192965,13.550694159128021,3306900
2020-10-09,13.039670944213867,13.371837082037343,12.971533446650392,13.218529946216263,3136900
2020-10-12,12.78415584564209,13.320732762562299,12.716019171644593,13.082253591317835,3834100
2020-10-13,12.596780776977539,12.920430415191527,12.486058468200126,12.852293734752088,4380700
2020-10-14,12.767121315002441,13.048185299273769,12.716019215454871,12.980048625041523,3124100
2020-10-15,13.090767860412598,13.099285145761838,12.571225637904458,12.613811252397625,3054800
2020-10-16,12.775639533996582,13.124840217965296,12.716020142758984,13.056703538764244,3197200
2020-10-19,12.119823455810547,13.014118420648895,12.119823455810547,12.903396109549545,10271000
2020-10-20,11.975032806396484,12.36681910677725,11.96651551867547,12.256096803163853,6894500
2020-10-21,11.753588676452637,12.017618108499532,11.56621240024777,12.009101632685947,11587300
2020-10-22,12.32423210144043,12.443470867179695,11.745069597267412,11.745069597267412,7585300
2020-10-23,12.503092765808105,12.528643817340171,12.145374795346061,12.451989850490692,2977200
2020-10-26,12.000585556030273,12.349786279489788,11.745072574003947,12.264615014729888,4891400
2020-10-27,11.855792999267578,12.094271365342449,11.770621748114214,12.017617401755071,2884000
2020-10-28,11.591763496398926,11.864311029805323,11.412904507578881,11.515110340264592,3479400
2020-10-29,11.68545150756836,11.813207574213747,11.438455849734884,11.566211916380272,4479700
2020-10-30,11.676934242248535,11.736553631830269,11.37883566983334,11.659899666794747,5763800
2020-11-02,12.281648635864258,12.31571697666368,11.642866636685133,11.779139999882815,4363500
2020-11-03,12.656397819519043,12.75008634691909,12.307197194035982,12.486056150045984,5821000
2020-11-04,12.111306190490723,12.64788313442579,12.034652225320961,12.52012625505843,4309700
2020-11-05,12.494574546813965,12.681950806010608,12.162407652636265,12.162407652636265,4516800
2020-11-06,12.3668212890625,12.664919101621841,12.315718365971906,12.54567948924606,2230800
2020-11-09,13.857311248779297,14.223546522180753,13.141875278531485,13.261114065403909,8443900
2020-11-10,13.542176246643066,14.172440873271027,13.516625197523881,13.755103551227096,6128400
2020-11-11,13.082253456115723,13.618830367490531,12.95449739675405,13.610313080265561,4229900
2020-11-12,12.681951522827148,13.124839927844052,12.59678026958188,12.954498233606783,5399600
2020-11-13,12.869327545166016,12.971532566193916,12.622331874618597,12.733054183795481,6377800
2020-11-16,13.686967849731445,13.686967849731445,12.886361485089694,13.329249887672526,5985200
2020-11-17,14.095787048339844,14.223544731916066,13.261112396277001,13.405903029757816,5175700
2020-11-18,14.283163070678711,14.802704556073234,14.061718493089936,14.223543689117562,7017400
2020-11-19,14.530159950256348,14.691985169301793,14.23206137554312,14.300199677883551,7179300
2020-11-20,14.427957534790039,14.734571810808697,14.053204947981966,14.530161751960676,4863700
2020-11-23,15.484071731567383,15.85030690528419,14.683464720965958,14.777153242011519,10157400
2020-11-24,15.151908874511719,16.029168393432993,14.913429691233516,16.012133817947436,13324800
2020-11-25,15.7481050491333,16.139892179018652,14.921947597895542,15.14339221487307,11333300
2020-11-27,15.756621360778809,15.96103138889678,15.48407465662151,15.782173223483491,3169300
2020-11-30,15.322250366210938,15.628866239138908,15.09228846151496,15.628866239138908,4768600
2020-12-01,15.245597839355469,15.577765607934033,14.93898356194562,15.424457656975733,7148700
2020-12-02,15.628865242004395,15.68848463026849,14.956014147009046,15.024150822811798,4748700
2020-12-03,16.088787078857422,16.250612289873434,15.603313070315846,15.705518894248712,5139700
2020-12-04,16.310232162475586,16.33578402534604,15.67996749889632,16.046202744173605,3625900
2020-12-07,16.599811553955078,16.67646550933378,16.11433758622752,16.25061092367714,4086300
2020-12-08,16.61684799194336,16.97456594901696,16.403920675221134,16.506124877524158,8583300
2020-12-09,16.71053695678711,16.974566381386097,16.472057771161428,16.70201966896049,4460300
2020-12-10,16.897912979125977,17.05973820421673,16.42095621647106,16.4805756087396,2430700
2020-12-11,16.61684799194336,17.05121991299748,16.51464216513383,16.812740733446248,2545500
2020-12-14,16.301715850830078,16.829776343555345,16.242096458402806,16.77867423926148,3016900
2020-12-15,16.574525833129883,16.66889477654247,16.257105701058276,16.35147300816653,2662500
2020-12-16,16.3428955078125,16.76326540547929,16.16273838278773,16.643159019158283,2141200
2020-12-17,16.866212844848633,16.883371134790373,16.27426493229527,16.420107124190896,2746500
2020-12-18,16.44584083557129,16.8662090261401,16.368630184619445,16.8662090261401,4410800
2020-12-21,16.63457679748535,16.668893369030194,15.888209365731154,15.948261729630435,2680800
2020-12-22,16.686052322387695,16.900525994211165,16.505893587177766,16.849051134834465,6426400
2020-12-23,17.33805274963379,17.449579987565354,16.728948240161724,16.823317189749286,4466900
2020-12-24,17.01205062866211,17.3723664425524,16.90910255199167,17.320893222369264,1068400
2020-12-28,17.329477310180664,17.655476646105157,16.94342395788423,17.123581098086145,5638600
2020-12-29,17.415266036987305,17.50105585533942,17.080687545349207,17.338055364100867,3664700
2020-12-30,17.25226402282715,17.749842914587386,17.235105735037806,17.54394837002843,2375600
2020-12-31,17.217952728271484,17.432426482507662,16.934847438131925,17.18363777847224,2265300
2021-01-04,17.04636573791504,17.629732668009495,17.02062831187839,17.415259026616173,4042400
2021-01-05,17.749841690063477,17.792735770273275,16.900526138736115,16.900526138736115,4610100
2021-01-06,18.762157440185547,18.899420458583165,17.869946184296765,17.972894266247106,5740100
2021-01-07,19.028106689453125,19.251159531039036,18.736422330171894,18.736422330171894,5949900
2021-01-08,19.088159561157227,19.740159814434193,18.899423291644617,19.0710012722094,3485900
2021-01-11,19.645790100097656,19.800211422034074,18.65921143209818,18.7535803813492,3233400
2021-01-12,19.997526168823242,20.254895575663635,19.611474513019218,19.783052481275103,3875400
2021-01-13,19.72299575805664,20.0404174655525,19.577153617256492,19.645785116673974,3384100
2021-01-14,19.903156280517578,20.314945314549323,19.808787346604575,20.10905079753345,5670000
2021-01-15,19.551422119140625,19.963211206031918,19.165368827489804,19.800210745523305,3680100
2021-01-19,19.62005615234375,19.903161390463147,19.15679214289133,19.903161390463147,4549300
2021-01-20,19.49136734008789,20.006104496463827,19.259737010577386,19.662946937647973,5610000
2021-01-21,20.529417037963867,20.64094261054757,19.49994291368103,19.51710119755668,10953500
2021-01-22,20.829687118530273,21.275791187760884,20.160528560227554,20.743897308034356,12256400
2021-01-25,20.443634033203125,21.842001906632735,19.997528322349,21.447371064472627,13137600
2021-01-26,20.375001907348633,20.658107131556456,19.92889620971676,20.580896467108456,9308900
2021-01-27,19.302631378173828,20.09189459331133,18.805052501433078,19.860262624060205,16285500
2021-01-28,19.731582641601562,20.29779314302141,19.173951285512885,19.2082662305329,9488700
2021-01-29,19.46562957763672,20.289207635520235,19.46562957763672,19.662944949466628,5978900
2021-02-01,19.396995544433594,19.654363244898526,19.04525892352302,19.508521111620684,5036900
2021-02-02,19.8516845703125,20.15194806882989,19.36268481036062,19.594316792328698,3342200
2021-02-03,20.52083969116211,20.623787767117758,19.971787649543053,20.023260869368798,2800000
2021-02-04,21.301528930664062,21.558896729579004,20.589476274941198,20.718160174398665,5641800
2021-02-05,21.696155548095703,21.756207909196768,21.344417251367542,21.490259401029032,3250800
2021-02-08,21.584632873535156,22.090790932604033,21.378738319451887,21.77336913903537,3374000
2021-02-09,21.284364700317383,21.66183878483208,21.181418264006894,21.490259209242463,3377000
2021-02-10,21.29294776916504,21.57605297567988,20.709579068151573,21.438789944418406,3467600
2021-02-11,21.335838317871094,21.97068009266234,21.26720681887485,21.318680034046032,3945500
2021-02-12,21.121366500854492,21.310102730298148,20.898313700800635,21.232892082729347,2186400
2021-02-16,21.704736709594727,21.970685262551125,21.198578671780147,21.713315853526,2648000
2021-02-17,21.421628952026367,21.601787680502873,21.02699819604653,21.438787237843975,2041100
2021-02-18,21.09563446044922,21.335845607154997,20.735318558542833,21.335845607154997,1978400
2021-02-19,21.41305160522461,21.558893774299005,21.12136890338016,21.12136890338016,3159200
2021-02-22,21.644685745239258,22.150843815953046,21.378738811301258,21.593212514610336,3313900
2021-02-23,21.92778778076172,21.944946067245418,20.64952489120269,21.335841623812385,3063700
2021-02-24,22.914365768432617,23.017313848438786,22.24520897545729,22.305261340334134,3702700
2021-02-25,22.133684158325195,23.24894832835206,22.09079007483756,23.034474638305095,3234700
2021-02-26,22.047897338867188,22.562632917395852,21.73905468270639,22.210896175125832,3493500
2021-03-01,22.47684669494629,23.120267860225617,22.43395096881155,22.59695145551428,3984800
2021-03-02,21.541738510131836,22.665580216934092,21.498842789228277,22.51115889429015,5943700
2021-03-03,21.816265106201172,22.356738112218835,21.35300112706791,21.8677383362256,5493900
2021-03-04,23.755104064941406,24.86178734742331,21.99641899526102,24.021050956653454,11570100
2021-03-05,24.484315872192383,24.75026277481546,23.763684183023017,23.78084083367615,7328400
2021-03-08,25.367948532104492,25.74542269569151,24.209790245026802,24.878948766435,7797600
2021-03-09,24.81031608581543,26.31163188926065,24.664473913742864,25.290736684752677,5198300
2021-03-10,25.67679214477539,26.174371073380033,24.4500022941714,24.827476471965976,4497900
2021-03-11,25.347557067871094,25.856059706951868,24.916622739421893,25.675068078067525,3681600
2021-03-12,25.692302703857422,25.82158266607768,25.31308170052919,25.640591047746103,3609800
2021-03-15,26.39041519165039,26.40765131295081,25.4682144809015,25.623351079791664,4694200
2021-03-16,26.140474319458008,26.34732258419165,25.78710832838588,26.140474319458008,2441700
2021-03-17,26.166330337524414,26.24389864041303,25.511310026400448,25.856057125969944,2064800
2021-03-18,25.63197135925293,26.709307083719935,25.537165289456997,26.30422944311853,2928200
2021-03-19,25.623353958129883,26.019814382482824,25.29584460225915,25.726778916969245,4551100
2021-03-22,24.830434799194336,25.864677813963407,24.35640770969082,25.847440046811,4596000
2021-03-23,23.373878479003906,24.7011553433498,23.098079130522535,24.528780956034442,5219300
2021-03-24,22.94294548034668,24.13232356112153,22.94294548034668,23.641058665934437,3294200
2021-03-25,24.24436378479004,24.477068708905787,22.32239713868725,22.60681372020074,4550700
2021-03-26,25.157943725585938,25.201036496030525,24.304694048489356,24.761483333183712,4203400
2021-03-29,23.882383346557617,25.209662070261466,23.839290564674975,25.080382080729287,3400100
2021-03-30,25.1320858001709,25.261365748820495,23.959944092129234,24.046131272523546,2945900
2021-03-31,25.201034545898438,25.597494907621364,24.84766859516914,25.088992365082387,3498400
2021-04-01,25.05452537536621,25.58888474662163,24.752870971135778,25.356179779596644,4049400
2021-04-05,25.761253356933594,25.778491124421908,24.86491081803311,25.39926845909894,2557800
2021-04-06,25.98533821105957,26.71792685687983,25.63197221317284,25.63197221317284,4576200
2021-04-07,26.82996368408203,27.183331255145266,26.200800120458123,26.200800120458123,3678100
2021-04-08,27.140241622924805,27.260902699131147,26.183566964763457,26.73516397860075,2174300
2021-04-09,28.079681396484375,28.114153642800247,27.278141667876394,27.450516050527305,3129400
2021-04-12,28.596803665161133,28.6829892198614,27.846978818410676,27.95901938196739,3279400
2021-04-13,28.045204162597656,28.691605592534657,27.528082689871287,28.691605592534657,2936700
2021-04-14,28.42442512512207,28.726081098142867,27.99349083889323,28.010728604874508,2527400
2021-04-15,29.587953567504883,29.967174605735494,29.01049983826505,29.45867194950202,9876500
2021-04-16,29.71723175048828,30.027505001943226,29.34662795433578,29.82065507171723,4486000
2021-04-19,30.303306579589844,30.82904706848182,29.200115578484397,29.60519167483301,4953900
2021-04-20,30.001649856567383,30.372253651027425,29.45867166900089,30.18264148983352,5534700
2021-04-21,31.285823822021484,31.415105403572888,29.68274799206663,30.10506497573631,3600200
2021-04-22,31.725383758544922,32.15631805051651,31.16516786387476,31.544388857213377,6373400
2021-04-23,32.63896179199219,32.9923277738206,31.509916070616548,31.7253832128965,3663800
2021-04-26,30.622188568115234,32.992327083610654,30.389483664789022,32.63896110917477,8815900
2021-04-27,31.225500106811523,31.81157103891697,30.742852489851774,30.742852489851774,4879200
2021-04-28,30.656661987304688,31.294446117791924,30.622186458571893,31.010027937397414,2485500
2021-04-29,30.46705436706543,31.08760082484179,30.13954665903267,31.08760082484179,3426000
2021-04-30,29.794795989990234,30.527382954173305,29.639659385472086,30.225730271925606,3241200
2021-05-03,31.285823822021484,31.397867640181552,29.958545630793573,30.191250504925783,3189000
2021-05-04,31.035890579223633,31.27721605198558,30.4067268199412,30.897991718117456,2125000
2021-05-05,30.89798927307129,31.242738042439868,30.553243791470642,31.139314726736465,1886900
2021-05-06,31.182403564453125,31.24273409831122,30.587715464522955,30.949698667671534,1677500
2021-05-07,31.71676254272461,31.742620835363365,30.87213174333628,31.044506113934798,1525600
2021-05-10,31.639198303222656,32.77686469238914,31.587488286840234,32.12184594532314,2360700
2021-05-11,30.725614547729492,31.165166053387722,29.79479495301672,30.923843915988503,3161600
2021-05-12,29.234582901000977,31.122077340352128,29.14839735148809,30.57048193282652,3495900
2021-05-13,29.78618049621582,30.46705420286438,28.967404655010963,29.52761728169061,3579100
2021-05-14,31.509916305541992,31.621956853170172,29.87236469689835,30.001646298337263,2911000
2021-05-17,32.07875061035156,32.13908114983091,30.941084311929924,31.41511138831097,2290200
2021-05-18,30.820419311523438,32.68205533318905,30.277444467373126,32.63896256127092,5027200
2021-05-19,29.932695388793945,29.975788160240295,28.950165733639206,29.975788160240295,3613600
2021-05-20,28.25205421447754,30.07059765121136,28.174485901942084,30.00164986660656,7889600
2021-05-21,28.2261962890625,29.04497210614611,28.036584147401438,28.743316127342805,3930900
2021-05-24,28.183107376098633,28.769178359872708,27.75217302260406,28.27791345991035,3240900
2021-05-25,28.66574478149414,28.94154572545229,28.26066882333314,28.424422654269087,2680700
2021-05-26,30.311920166015625,30.622193419607342,29.458672006406523,29.682756418573806,7431100
2021-05-27,31.001415252685547,31.23412017416131,28.872598713374877,30.01888555385535,7900800
2021-05-28,30.53600311279297,31.320303364948426,29.76894062623921,31.216880059105844,4128000
2021-06-01,29.674137115478516,30.9410850503151,29.381101650542433,30.897988988714697,4502200
2021-06-02,29.01911735534668,29.699994412823436,28.46752191710612,29.562095553263298,4600800
2021-06-03,28.78641700744629,29.587955192440067,28.277914323286456,28.81227201735954,4475400
2021-06-04,28.941547393798828,29.036350172268328,27.631506807491284,29.036350172268328,6274800
2021-06-07,28.570947647094727,29.329389707417537,28.424428263957967,28.863983125600193,5005400
2021-06-08,29.39834213256836,29.639664318530823,28.527852897029696,28.7002272960464,2927100
2021-06-09,29.027732849121094,29.74308203159783,28.82950347836808,29.708609788512472,2565200
2021-06-10,28.70022201538086,29.31214789591974,28.252049975505628,28.950164683578745,3030000
2021-06-11,29.5793399810791,29.5793399810791,28.898462770311788,28.898462770311788,1586700
2021-06-14,29.958547592163086,30.35500960058551,29.47590333667608,29.562088871508074,3013900
2021-06-15,29.484525680541992,29.855129462474004,29.04497411635899,29.734468377708787,2512600
2021-06-16,29.941320419311523,29.97579266899305,28.94155284764653,29.36386667421711,2490000
2021-06-17,29.389724731445312,30.16540796566996,28.907080308166464,29.768949107185605,3980100
2021-06-18,28.536470413208008,29.28629518885269,28.389951038790166,28.820885346962395,4626500
2021-06-21,29.682754516601562,29.94131773653887,28.760555342944368,28.9932602682272,2579300
2021-06-22,30.949703216552734,31.458205853642887,29.355247522639676,29.58795245362344,7179500
2021-06-23,31.733999252319336,32.00979692099019,30.820417419992406,31.725382013571675,5208900
2021-06-24,32.52692794799805,32.85443570456012,31.72538975052286,32.104610815485,3983700
2021-06-25,32.39764404296875,33.60426151865172,32.38902680272547,32.92338446754821,14976300
2021-06-28,31.604717254638672,32.77685897546095,31.053121924314663,32.647580669285475,4900900
2021-06-29,32.009796142578125,32.25111827485478,31.38924975927533,31.87189731159611,2974700
2021-06-30,32.345924377441406,32.39763767203614,31.578861923673944,31.880517877158688,2725400
2021-07-01,32.41488265991211,32.7941037081396,32.16493994532735,32.48383044696792,2377800
2021-07-02,32.26836395263672,32.75962886396496,32.19079563570235,32.613112758515754,1585600
2021-07-06,31.94084930419922,32.233884739568666,30.820417570995858,32.0528898473055,4613400
2021-07-07,30.38086700439453,32.08736637351351,30.268823170044513,31.76847592411325,5118900
2021-07-08,30.26824951171875,30.623429196006143,28.86485701583231,29.731149251132543,7943100
2021-07-09,31.59368133544922,31.59368133544922,30.62343157712858,30.753376744384543,3786800
2021-07-12,32.16542434692383,32.30403094103656,31.1172084677643,31.281806070214458,3476500
2021-07-13,31.533037185668945,32.174091558674135,31.117214024434407,32.11345136946127,2344800
2021-07-14,31.52437400817871,32.52061140361256,31.45507234756145,31.86222745221411,3509500
2021-07-15,29.791791915893555,31.359782181598494,29.168060397223236,31.34245593889733,7619900
2021-07-16,29.072771072387695,30.26825207916365,28.977478389678836,29.80911821299504,4933800
2021-07-19,28.977476119995117,29.783128168430263,28.00722973545486,28.353744649040774,4767000
2021-07-20,29.965049743652344,30.129644085237924,28.726251533504765,28.960150842900752,2529100
2021-07-21,30.51947593688965,31.27314927812669,30.32022911355768,30.45017427447287,3463700
2021-07-22,30.034345626831055,30.727381952992033,29.54922416408891,30.666741770149265,2646800
2021-07-23,29.947721481323242,30.441507777410212,29.575215566079734,30.36354134620477,1996500
2021-07-26,30.51947593688965,30.710061291660537,29.887082983364,29.887082983364,2372900
2021-07-27,30.17296028137207,30.320228375826186,29.272015559376143,30.155634040028765,3506100
2021-07-28,29.74847984313965,30.519479516573487,29.566559240234767,30.3202326698715,2533900
2021-07-29,29.800457000732422,30.432849995035124,29.67917330055787,30.025691548913592,2450300
2021-07-30,29.861093521118164,30.857327579329965,29.627194227979086,29.627194227979086,4112200
2021-08-02,30.077665328979492,30.458832695744217,29.627193002088973,29.85242751321304,4570300
2021-08-03,29.774465560913086,30.40685854622779,28.916838030618397,30.40685854622779,4174100
2021-08-04,28.293106079101562,30.086330856290598,28.241127351993608,29.453937880703226,6001300
2021-08-05,29.072771072387695,29.393298301336937,28.379734581647956,28.509679749822382,3224900
2021-08-06,29.895740509033203,30.043011892289925,29.42794526164911,29.45393296854759,2697400
2021-08-09,29.20271110534668,29.973710683089468,28.85619618634101,29.72248844081923,3598300
2021-08-10,30.493488311767578,30.74471386109613,29.150735965343834,29.18538514432768,4060700
2021-08-11,30.762033462524414,30.85732612984287,30.276911962928434,30.632091619979363,2498000
2021-08-12,29.289344787597656,30.632097234530214,29.168061085826228,30.34621918017631,5103700
2021-08-13,28.804214477539062,29.540561495709436,28.509675009342445,29.098753945735684,2525600
2021-08-16,27.85129737854004,28.50101657115317,27.50477915395595,28.483690329459698,3615200
2021-08-17,26.7684326171875,27.608737233224133,26.517208701157813,27.539433913044753,4900500
2021-08-18,27.09761619567871,27.4701203930348,26.45656027040787,26.612491453051337,3185300
2021-08-19,27.556753158569336,27.8772819849258,26.39592153149418,26.45656337066953,3391100
2021-08-20,28.0418758392334,28.09385455766186,27.34017966366052,27.418146088982077,3117300
2021-08-23,28.371065139770508,28.80421117243876,28.10251340984508,28.371065139770508,2880200
2021-08-24,29.298006057739258,29.644524308302653,28.54433266310326,28.622299104247876,3033600
2021-08-25,27.504779815673828,28.98613881735648,27.21024030908405,28.98613881735648,4953900
2021-08-26,26.941686630249023,27.262213805621844,25.572945077253124,26.820404603713392,10626200
2021-08-27,28.197811126708984,28.362408763635717,27.062968780086898,27.14959833263299,5455200
2021-08-30,27.409486770629883,28.223803615734308,27.218903066923794,28.18915113197609,5212700
2021-08-31,26.439237594604492,27.56541676190215,26.214001430680725,27.461462626134992,5818200
2021-09-01,26.032081604003906,26.889712390568594,25.91946433786586,26.759767230450624,5289500
2021-09-02,23.389888763427734,24.576709772148913,22.861450007066768,23.000056623108794,21095400
2021-09-03,23.303264617919922,24.14356928135119,23.07802840155286,23.606467280426415,8507500
2021-09-07,22.93941307067871,23.684424761876958,22.922086833134344,23.294592678733466,5433900
2021-09-08,22.93075942993164,22.982738164049238,22.289703246709372,22.87011922578275,6557400
2021-09-09,23.303264617919922,23.649781238360948,22.844130715456156,22.956747997478896,5524600
2021-09-10,23.415878295898438,23.70175465012933,23.24261919841011,23.259945438623184,5032500
2021-09-13,23.398555755615234,23.710421519479954,23.026049793737144,23.329252436125458,4964600
2021-09-14,22.644878387451172,23.38122711419565,22.61889067800927,23.38122711419565,4074700
2021-09-15,22.766159057617188,22.8701131937912,22.428303984248632,22.653540149053935,2651600
2021-09-16,23.207971572875977,23.41588152715966,22.852790208779734,22.852790208779734,3798100
2021-09-17,23.130001068115234,23.779720180676662,22.904764910815402,23.23395520082522,4757700
2021-09-20,22.714187622070312,23.008727189562997,22.142434732777865,22.43697430027055,5755200
2021-09-21,22.8614501953125,23.277271699183725,22.60156320117404,22.870113315426607,3098500
2021-09-22,23.13866424560547,23.58913659349669,22.844126412945656,22.88744036272235,3114400
2021-09-23,23.91832733154297,24.542057098823104,23.511168954342956,23.56314767419052,4613400
2021-09-24,24.256183624267578,24.33415006095986,23.47652090966611,23.62379066204916,3490700
2021-09-27,24.091588973999023,24.905904218038827,24.03094877592654,24.342814540095286,3523000
2021-09-28,24.074260711669922,24.2561812781418,23.66710232558696,23.926990973531215,3470200
2021-09-29,23.771060943603516,24.4640941159389,23.5631509919029,24.42944328348284,2443100
2021-09-30,22.350339889526367,23.485183952108454,22.3416784208752,23.47652083113591,5589300
2021-10-01,22.644878387451172,22.904767048119325,21.943182143057637,22.532261124453218,7958300
2021-10-04,22.298362731933594,23.10401480380685,22.159756101538342,22.549588282225844,4371000
2021-10-05,21.397422790527344,22.66220889252285,20.46182707119646,22.359006224189724,15597900
2021-10-06,20.920955657958984,21.33677550465006,20.548449759011113,20.929618777971864,7314400
2021-10-07,21.924673080444336,21.99449681114168,21.130425854759576,21.165338552472775,8043700
2021-10-08,21.72393035888672,22.41344121839724,21.654106621886974,22.20397000739801,3877700
2021-10-11,20.92095947265625,21.977045515081105,20.877320255210606,21.73266156908896,4232200
2021-10-12,21.30498695373535,21.44463442129058,20.87731637625632,21.060603053149137,3245700
2021-10-13,21.069334030151367,21.715204069676304,21.008238463061478,21.47082180131675,3158900
2021-10-14,21.217710494995117,21.278806064396466,20.96460004108532,21.16534310189816,3574100
2021-10-15,21.3660831451416,21.898490171411012,21.3660831451416,21.64537808851927,2639600
2021-10-18,22.247608184814453,22.282520884056392,20.90350089385311,21.40099520494689,4463200
2021-10-19,22.09050750732422,22.326163266512804,21.72393243682954,22.256339522834264,5496700
2021-10-20,21.828664779663086,22.48326287782069,21.793752082024735,21.994496763987147,2603500
2021-10-21,21.58428382873535,22.291251069592715,21.488277226618234,21.942130704598288,3615300
2021-10-22,21.287534713745117,21.53191866151055,21.174071748725474,21.462094914253203,2220300
2021-10-25,21.49700355529785,21.68029191183947,21.24389312402423,21.453364342408033,3109600
2021-10-26,21.4882755279541,21.907217935154573,21.27880265962472,21.65410585701524,4166600
2021-10-27,20.990781784057617,21.558101560434302,20.903503355134426,21.558101560434302,3314700
2021-10-28,21.1217041015625,21.31371898803873,20.947143903144525,21.078063219593293,2333700
2021-10-29,20.72021484375,21.08678990268447,20.493287267768725,20.990781633880655,5202300
2021-11-01,22.09923553466797,22.142876414629246,20.85986284416667,20.85986284416667,6268300
2021-11-02,21.87230682373047,22.745104401138875,21.662835604919962,22.474537618266464,4211400
2021-11-03,23.14659309387207,23.49571180608966,21.776301107962205,21.776301107962205,5622200
2021-11-04,23.12040901184082,23.38224929959813,22.640370981379807,23.268784675484486,3909700
2021-11-05,23.198963165283203,24.656535413859853,22.98949191374716,23.792465877000094,3756700
2021-11-08,22.928390502929688,23.39097210803215,22.79747121214086,23.172772735141073,2751500
2021-11-09,23.434616088867188,23.626630963169944,22.91093719154319,22.91093719154319,2802800
2021-11-10,22.666547775268555,23.513162314831906,22.649093092542184,23.338602169736866,2607000
2021-11-11,23.06804084777832,23.225144682226418,22.622913871751816,22.849841447651368,2150500
2021-11-12,23.469526290893555,23.50443899301099,23.0331275028012,23.3386069874117,2643600
2021-11-15,23.71391487121582,24.124129213325553,23.565539187520027,23.71391487121582,3343500
2021-11-16,24.18522071838379,24.246317948810606,23.60917443505114,23.766278269547193,3546800
2021-11-17,23.32115364074707,24.42087892818162,23.268786245553848,24.28123143118004,3377800
2021-11-18,24.62162208557129,25.066749108138087,23.940840951422818,25.058020931452916,7383200
2021-11-19,23.50444221496582,24.4121509529661,23.460801331336796,24.176496840287346,4611500
2021-11-22,23.967016220092773,24.5605187287302,23.513162829424996,23.783729561987723,6708300
2021-11-23,25.127840042114258,25.476958698304177,23.216413110471986,23.47825168643216,11659000
2021-11-24,24.604167938232422,24.979471220304166,23.617905592593246,24.228864656160674,8728200
2021-11-26,23.399702072143555,23.748820762521362,22.780016604814104,23.74009425189999,4129000
2021-11-29,23.50444221496582,24.298687984989627,22.972035087798186,24.001936635230237,4106100
2021-11-30,22.59672737121582,23.242597339424666,22.369799815132307,23.242597339424666,5088800
2021-12-01,22.54436492919922,24.0193935348079,22.526908575350706,23.486986395534988,4534800
2021-12-02,22.919668197631836,23.120411272563956,22.369804704886175,22.692740591944844,9676600
2021-12-03,22.97203254699707,23.58299153239288,22.631642015986742,22.928393332924216,25437100
2021-12-06,23.809919357299805,24.281229200193287,23.216416717210045,23.43461611931779,4016900
2021-12-07,24.30741310119629,24.7961792831949,24.036846315681075,24.31614127682314,3073900
2021-12-08,24.176496505737305,24.57798264119167,24.10667275762657,24.33359869043936,2260000
2021-12-09,23.693313598632812,24.23798822560244,23.552752728889246,24.22041769798006,4176300
2021-12-10,22.920228958129883,23.89537146422903,22.52490046224705,23.781164709588325,3117200
2021-12-13,20.697607040405273,22.84116278646155,20.609756079179956,22.832377522777247,6823700
2021-12-14,20.926021575927734,21.198358082894437,20.12658090905088,20.2056466168183,3753400
2021-12-15,20.96994400024414,21.163214763500807,19.86302597297207,20.583400798113193,7211600
2021-12-16,19.95966148376465,21.532188482414437,19.94209263215753,21.294991391732452,4481500
2021-12-17,20.249574661254883,20.460417701072686,19.230507229814425,19.83667719914963,6659200
2021-12-20,19.432559967041016,19.83667205811943,19.177792337399406,19.502840403559773,5234200
2021-12-21,20.25835609436035,20.3198512711638,19.72246835677465,19.898168622553378,2955700
2021-12-22,20.240785598754883,20.416485850280566,20.047513143773543,20.232000334835934,2309900
2021-12-23,20.42526626586914,20.574612365805567,19.994798489727057,20.34620058498413,2558500
2021-12-27,21.136859893798828,21.28620602323855,20.354989867941423,20.425270300876722,3248700
2021-12-28,21.39162826538086,21.6727500070431,20.882094689713607,20.987514505028074,5834500
2021-12-29,22.674243927001953,22.674243927001953,21.620037521469353,21.7430278498771,5312500
2021-12-30,22.639108657836914,23.131071736323428,22.270135930067564,22.331631105426148,4217100
2021-12-31,22.2437801361084,22.718174361347778,22.085648727695272,22.51611663080997,3173100
2022-01-03,22.199853897094727,22.91144350829005,22.050507763819883,22.340414766574845,4284200
2022-01-04,22.38433837890625,22.64789125375551,21.85723430482539,22.489759863969486,3840600
2022-01-05,21.540977478027344,22.753315581078144,21.514621682623936,22.454623268978178,3673900
2022-01-06,21.409198760986328,21.83966663671237,20.829383075156546,21.83966663671237,3826700
2022-01-07,21.040224075317383,21.24228009835355,20.71517604535771,20.89087795489552,4458000
2022-01-10,20.6536808013916,20.715175966811387,19.318350985696696,20.6536808013916,5740200
2022-01-11,21.189571380615234,21.672749145436107,20.36377504059888,20.732747730766384,8673700
2022-01-12,20.53069496154785,21.95387436737497,20.319851954533952,21.347704492350406,6671600
2022-01-13,21.040224075317383,21.51461655008133,20.68882025624176,20.79424173708796,6350900
2022-01-14,20.86452293395996,21.347700689551974,20.205643262361228,20.68003743020879,5030000
2022-01-18,20.35499382019043,21.00508836997266,20.10022615407168,20.583405690484405,4205200
2022-01-19,20.135364532470703,20.873309961065267,20.117794004261835,20.49555198266355,2554900
2022-01-20,18.74732208251953,20.47797866010724,18.677041654892047,20.249566851413533,6588000
2022-01-21,18.650691986083984,19.07237469021691,18.026953195672956,18.492560553129607,7049300
2022-01-24,20.36377716064453,20.398916542804773,18.09723087811067,18.20265070020925,9638700
2022-01-25,20.776674270629883,21.145646994500957,19.76639233105508,19.845458034428727,6766300
2022-01-26,19.880596160888672,21.426767397789686,19.77517634679186,21.092935752326138,5532600
2022-01-27,20.038726806640625,20.978728212593552,19.88059541580412,20.381345378658942,4679400
2022-01-28,19.67854118347168,20.196860045019818,18.8263906584335,20.16172066362931,4619100
2022-01-31,20.05629539489746,20.05629539489746,19.3534911431323,19.54676189346334,3662100
2022-02-01,20.42526626586914,20.47797616125336,19.827881866123438,20.056293646944873,5072200
2022-02-02,20.16172218322754,20.74153626262329,19.783964170005287,20.627329494356214,4617600
2022-02-03,19.652183532714844,20.47797811651236,19.59068669400788,19.959659348162045,3752900
2022-02-04,19.731246948242188,19.898163582730408,18.966947550670405,19.54676146455847,3480000
2022-02-07,19.91573715209961,20.144148982733483,19.546764452709155,19.731249964595516,3250600
2022-02-08,20.6536808013916,20.767885869225832,19.74003355624743,19.88937967610301,2396100
2022-02-09,20.80303192138672,21.12807835262327,20.592190585434313,20.95237807713859,3364600
2022-02-10,20.83816909790039,21.523404623841007,20.46919638018126,20.46919638018126,2948200
2022-02-11,19.906951904296875,20.917233777650743,19.757605771671155,20.899664925755392,5140100
2022-02-14,19.91573715209961,20.19685888961277,19.669754793966728,20.073868548355193,2870300
2022-02-15,20.065082550048828,20.302279635748725,19.783960822827172,20.144148245282125,6824100
2022-02-16,19.968448638916016,20.442842865217635,19.68732687916003,20.029943814410405,3721500
2022-02-17,18.940597534179688,19.924525440456936,18.931812269096554,19.713684105315664,2969600
2022-02-18,18.703399658203125,19.265643145795963,18.641902810582113,18.764894830206373,3904800
2022-02-22,18.25535774230957,19.107508073876254,18.053300061622313,18.51012364530685,17556300
2022-02-23,17.587696075439453,18.229005255783832,17.41199414971492,18.229005255783832,5227600
2022-02-24,18.378355026245117,18.41349441297194,16.884893388948427,17.025454287091872,4128500
2022-02-25,18.764894485473633,18.773679749258097,18.088444254629568,18.360780729476993,4127300
2022-02-28,18.518909454345703,18.69461135344821,18.14993680672444,18.3783486053107,4923300
2022-03-01,18.000593185424805,18.650687621051954,17.622835223026577,18.492556225106863,5847900
2022-03-02,18.738536834716797,18.949378117769175,17.631618841978632,17.96545213019141,8786800
2022-03-03,16.99031639099121,17.622840488130493,16.094239329996892,17.534989500178813,15976300
2022-03-04,15.88339614868164,17.08695069212159,15.769191050331791,16.87610767489135,11138800
2022-03-07,14.504137992858887,16.067879678417818,14.49535272952445,15.93610240401893,10004600
2022-03-08,15.435354232788086,16.032738738826758,14.688623600239746,14.811615612176782,6638000
2022-03-09,15.997600555419922,16.428070161004975,15.786759222922855,15.962461171146058,6776600
2022-03-10,16.07745361328125,16.467854120079483,15.482978191172688,15.518468377088025,4657800
2022-03-11,15.491852760314941,16.574331584460204,15.456362566858155,16.405748511588254,5164300
2022-03-14,15.802396774291992,16.006471691416735,15.394250324734346,15.749160648772715,5786600
2022-03-15,16.024219512939453,16.441240717513637,15.607200000711567,15.864509408408601,5300200
2022-03-16,16.636442184448242,16.849388441327612,16.095202723830006,16.24603986732953,4615700
2022-03-17,16.929241180419922,16.929241180419922,16.308146746999288,16.467856840870088,2786800
2022-03-18,17.239788055419922,17.275278246495436,16.707421650518025,16.867131741223208,10146800
2022-03-21,16.10407257080078,17.204295530666624,16.015344557900324,17.204295530666624,4687700
2022-03-22,16.281526565551758,16.716291912948208,16.02421552947348,16.299272504387336,4107300
2022-03-23,15.536215782165527,16.17505442003348,15.46523371129131,16.050836219090115,4304500
2022-03-24,15.580577850341797,15.68705179536717,15.367631652636996,15.545087663563969,4656700
2022-03-25,15.48298168182373,15.722545144713278,15.367634743815538,15.687054950796647,4247500
2022-03-28,15.545086860656738,15.580577045601492,15.06595667130866,15.429739951808118,4648500
2022-03-29,16.299272537231445,16.405744785767723,15.926616282662723,15.962106468059522,4389300
2022-03-30,15.296651840209961,16.21942052521729,15.243415706027598,16.11294656450637,3636300
2022-03-31,14.90625,15.287779305958944,14.799777728592906,15.128069206502062,5691400
2022-04-01,14.240792274475098,14.959487716680583,14.107701090033936,14.835267811168768,7299600
2022-04-04,14.524723052978516,14.622322357523158,14.178683924158891,14.276284921049852,5725700
2022-04-05,14.169809341430664,14.551337752566264,14.018972232549261,14.524720534281679,5582500
2022-04-06,13.947991371154785,14.027846417616294,13.45998896758019,13.939118400176154,7691400
2022-04-07,14.072209358215332,14.178682469760346,13.415624747267875,13.859263135125303,7980300
2022-04-08,14.382755279541016,14.799776434399305,13.788280636579689,14.027845764815801,6918900
2022-04-11,14.648938179016113,15.145812645590702,14.338391002777259,14.435991979055574,6958000
2022-04-12,14.755412101745605,15.323270391547714,14.648939835895689,14.941741105502187,5295300
2022-04-13,15.500722885131836,15.589450890998714,14.91512041569476,14.994975451740356,6544800
2022-04-14,15.527342796325684,15.926618002312482,15.474106666309464,15.482979636703178,5080000
2022-04-18,15.66930866241455,15.802399848275446,15.358761433841632,15.438616483827419,4515400
2022-04-19,15.775784492492676,16.13956789996951,15.68705646064179,15.704802405481256,4867700
2022-04-20,15.695928573608398,15.979856906107173,15.38538132530798,15.891128879114717,7904600
2022-04-21,15.083706855773926,16.10407492225407,14.932869719522332,15.962110757822728,6160100
2022-04-22,13.708426475524902,14.42712106028477,13.530971283662312,14.196428887776852,13505200
2022-04-25,14.001227378845215,14.125446432910381,13.539843892353169,13.601952996299213,5929400
2022-04-26,13.433369636535645,13.894753083751239,13.309150593044942,13.75278894614644,5703300
2022-04-27,13.193804740905762,13.593079096156762,13.078458665624714,13.46886089675642,7655500
2022-04-28,13.770535469055176,13.930244707531255,13.264787149723968,13.468861240794853,5928500
2022-04-29,13.406752586364746,13.832645904447158,13.326898382511597,13.664062833019889,4194600
2022-05-02,13.868136405944824,13.894754472863584,13.2470428187442,13.486607113359215,4447000
2022-05-03,13.566460609436035,14.036717020051087,13.397878409991279,13.89475288448224,3993400
2022-05-04,14.072209358215332,14.081082329054018,13.202678524177847,13.539843800490262,5015500
2022-05-05,13.389006614685059,13.85926306655896,13.220423554276351,13.726171889329406,5041100
2022-05-06,12.803404808044434,13.415625442707862,12.652567680659958,13.335770393366303,6218200
2022-05-09,12.448493957519531,13.22042471479342,12.386384848850078,12.608204061153144,8113200
2022-05-10,12.590456008911133,12.750166085790855,11.987108427914515,12.617074919173087,6346600
2022-05-11,11.978235244750977,12.856638959617866,11.942744211206042,12.625946818489293,6883300
2022-05-12,12.61707592010498,12.79453110506413,11.862890326312263,11.916127304886542,8515700
2022-05-13,12.732420921325684,13.291404494965194,12.652565883327755,12.803402989285399,5583600
2022-05-16,12.519474029541016,12.705802171834023,12.17343665540615,12.546092939992164,6043800
2022-05-17,13.007475852966309,13.16718592441722,12.501728421602385,12.688056556237457,4888900
2022-05-18,11.960489273071289,12.767911764873155,11.827398109175116,12.421873554100927,14856500
2022-05-19,11.91612434387207,12.315398622358536,11.578959153144673,11.738668356835545,10794800
2022-05-20,11.818525314331055,12.084708492239223,11.419250970555302,12.031472364361386,6335100
2022-05-23,11.472489356994629,11.8007816732343,11.161942136841187,11.463616385864965,9040000
2022-05-24,10.744921684265137,10.966740883044812,10.301283286705788,10.78928569325569,15694000
2022-05-25,12.031472206115723,12.182308463901027,10.665066146743513,10.700557180252934,9601300
2022-05-26,12.439620971679688,12.714676302053155,12.315401916759779,12.350892954426454,12485400
2022-05-27,11.61445140838623,12.129071794347029,11.082085083377775,11.206304118192534,22648400
2022-05-31,10.744921684265137,11.019977863068094,10.443248284710176,10.940122816119716,12866400
2022-06-01,10.736047744750977,10.948993936504811,10.540846645890156,10.753792837643989,8976500
2022-06-02,10.629572868347168,10.86026497888881,10.549718688088483,10.851392010135777,6823500
2022-06-03,11.34826946258545,11.410378563565375,10.81590308049939,10.931249158157138,12878000
2022-06-06,11.028850555419922,11.428124933899712,10.79815839143673,11.366015830586187,11307200
2022-06-07,11.161940574645996,11.39263271469161,10.744920297820922,10.833648304353229,6492000
2022-06-08,11.428123474121094,11.623324576109125,10.940121142237496,11.153067337402824,9388700
2022-06-09,11.04659366607666,11.543468941828431,11.028848573821017,11.348267849978852,6339300
2022-06-10,10.576338768005371,11.055468171924241,10.51422966721851,10.869140023390623,7129500
2022-06-13,10.531973838806152,10.771538942854065,10.354518676274157,10.57633784098239,11093900
2022-06-14,10.274665832519531,10.673940244899413,10.141574643783951,10.43437593594074,6136900
2022-06-15,10.709430694580078,10.886886731342173,10.381138380447153,10.576339513181601,8020700
2022-06-16,10.523100852966309,10.576337824730583,10.239172593351407,10.310154658255133,7063800
2022-06-17,10.50535774230957,10.6473218989073,10.20368348645283,10.50535774230957,10807800
2022-06-21,10.434372901916504,10.833647198198571,10.363390842407377,10.736047077916744,8270700
2022-06-22,10.567466735839844,10.77154084338826,10.310156493225309,10.434375552001436,4744400
2022-06-23,10.549722671508789,10.656195798229264,10.203684375037346,10.558594797438934,6308200
2022-06-24,11.463615417480469,11.525724517795275,10.691684764043341,10.709429858630559,11274200
2022-06-27,11.303906440734863,11.685435742659479,11.224051391850816,11.534598616139194,5625600
2022-06-28,10.869139671325684,11.499106167755562,10.860266701165529,11.46361513328795,6014200
2022-06-29,10.407756805419922,10.824777152275423,10.345647698121084,10.824777152275423,5211600
2022-06-30,9.919755935668945,10.345648438195342,9.848773851914546,10.301284424305546,11222600
2022-07-01,10.141573905944824,10.168191972520743,9.742298676440635,9.848772635090471,5539500
2022-07-05,10.327902793884277,10.407756999252928,9.902009467719113,9.946373479261567,6466500
2022-07-06,10.301283836364746,10.478739881795711,10.04397358589761,10.185937745303873,5606100
2022-07-07,10.589681625366211,10.634744272267469,10.26523211477445,10.328319304737112,5385100
2022-07-08,10.57165813446045,10.760920598070928,10.43647102880953,10.634746195329713,3954300
2022-07-11,10.688817977905273,10.73388062150532,10.355355790462443,10.445481077662533,6384800
2022-07-12,10.634744644165039,10.833019781765168,10.562644750401088,10.625731942569912,4630700
2022-07-13,10.751909255981445,10.778946506472543,10.247209042988318,10.436471515423404,4861300
2022-07-14,10.44548225402832,10.769931777390822,10.373382359947765,10.62573198922971,4664900
2022-07-15,10.616720199584961,10.74289545481382,10.30128335076073,10.57165754703904,4456300
2022-07-18,10.544620513916016,10.814995575195631,10.544620513916016,10.679808474305137,5337000
2022-07-19,10.805985450744629,10.950185288631314,10.571660284429353,10.598698398657229,5737400
2022-07-20,11.022282600402832,11.058333410846002,10.634745842623653,10.751908398068075,4873200
2022-07-21,10.92314624786377,10.968208904709892,10.643759322515452,10.887096294286609,3973100
2022-07-22,11.022282600402832,11.364757564125302,10.860058250901703,10.995245352069082,4862600
2022-07-25,10.842032432556152,11.094382939051036,10.769932533414355,10.95919498353622,4697100
2022-07-26,9.904732704162598,10.103007852947522,9.75152020639678,9.904732704162598,12289700
2022-07-27,10.48153305053711,10.490545752902241,9.787570439396877,10.048932791495453,4385600
2022-07-28,10.805985450744629,10.814998155487254,10.202147984970019,10.508573070228636,4094800
2022-07-29,10.851045608520508,10.950182759293611,10.55363329670256,10.950182759293611,4149300
2022-08-01,10.914133071899414,10.977221132551094,10.337333839646256,10.571658097999775,4805600
2022-08-02,10.553632736206055,10.833020487362896,10.526595489158163,10.805982380816417,3518200
2022-08-03,11.094381332397461,11.148455819173613,10.589681251995376,10.733881029396409,4098300
2022-08-04,10.959195137023926,11.193520242265874,10.869070691583751,11.0943830944321,3181500
2022-08-05,10.869071006774902,10.905120957896102,10.589683240961623,10.742895748101384,3898000
2022-08-08,11.382782936096191,11.698219791064849,11.040307973374137,11.049320675958603,4772800
2022-08-09,10.35535717010498,11.34673202339292,10.283257274538427,11.26561942600591,5461000
2022-08-10,10.778946876525879,11.013272014156572,10.643759759930562,10.706846966408547,4936500
2022-08-11,11.229569435119629,11.445869120989055,10.941169853960393,10.98623164389261,3932700
2022-08-12,11.581055641174316,11.581055641174316,11.193518107156509,11.346730580628737,4260100
2022-08-15,11.617107391357422,11.824394382122057,11.409819541094212,11.644144638087901,7951600
2022-08-16,12.437244415283203,12.779719359907507,11.635131977123764,11.653157381340161,9741100
2022-08-17,11.851430892944336,12.21193121812615,11.698218405154307,12.166868570041107,8668200
2022-08-18,12.220945358276367,12.238969903933096,11.48192007738076,11.716245187408601,6112700
2022-08-19,11.788344383239746,12.33810631508324,11.545007444701948,12.049706725853678,5645400
2022-08-22,11.292658805847168,11.490933985870853,11.085371781798685,11.445871327752009,5439700
2022-08-23,11.301669120788574,11.734269344002204,11.247593770574921,11.436856207074909,3627500
2022-08-24,10.92314624786377,11.130434125556457,10.805983683863326,11.06734606217241,7847500
2022-08-25,11.04030704498291,11.454881874521394,10.625732215444426,10.72486935704112,5930300
2022-08-26,10.634744644165039,11.16648200529807,10.589681995687938,11.13944390051269,4187800
2022-08-29,10.490546226501465,10.64375873563111,10.265233814193003,10.490546226501465,3553900
2022-08-30,10.607707023620605,10.733881403494717,10.41844459431094,10.652768811005073,4101000
2022-08-31,10.1480712890625,10.607708817919372,10.048933277251031,10.598696115118576,5183700
2022-09-01,10.093995094299316,10.130045043012942,9.796582802537266,10.039920600978165,4814300
2022-09-02,10.048933029174805,10.346345338269758,9.958808581887663,10.247208188404315,6512400
2022-09-06,10.166095733642578,10.499557998454144,9.931771479652449,10.220171090408693,8518300
2022-09-07,10.44548225402832,10.562644796783857,10.09399462576171,10.13905727443669,8742600
2022-09-08,9.5352201461792,9.760532533110652,8.958420126215204,9.075582670559385,27605800
2022-09-09,9.634358406066895,10.19313394691894,9.499171302005086,9.62534656276178,11433400
2022-09-12,10.021895408630371,10.25622050996941,9.715470408340645,9.742508515071098,8890100
2022-09-13,9.517195701599121,9.769545336939292,9.363983208125092,9.508182999748048,11002600
2022-09-14,9.724483489990234,9.733496192585354,9.363983981171698,9.5712709838677,9511200
2022-09-15,9.70645809173584,10.121032060713908,9.661395442216925,9.661395442216925,8028300
2022-09-16,9.868682861328125,10.093995259347025,9.427070767490742,9.598307811805727,37571700
2022-09-19,9.976832389831543,9.985845091743421,9.679420102728061,9.751519999025962,5922600
2022-09-20,9.70645809173584,9.895719672617888,9.472133001836328,9.823619777187046,6933600
2022-09-21,9.751520156860352,10.121032346242515,9.71547020812791,9.841645458440741,4288800
2022-09-22,9.571270942687988,9.850658705444276,9.562258240131644,9.76954610143443,4124800
2022-09-23,9.22879695892334,9.508184751283725,9.039534482678876,9.363984933097221,6474300
2022-09-26,8.886321067810059,9.327934040992757,8.877309224703225,9.174721534694426,4636300
2022-09-27,9.10262393951416,9.273861034917418,8.958423239781235,9.039535864787617,3648600
2022-09-28,9.363985061645508,9.454109519499939,9.17472258280286,9.201759834209316,5550400
2022-09-29,9.048544883728027,9.237807311813413,8.958419590545084,9.17472012228445,3715100
2022-09-30,8.769159317016602,9.210772330717862,8.679034861188837,8.850271928910685,9408200
2022-10-03,9.129658699035645,9.219783144796457,8.77817103992223,8.913358997811363,4533300
2022-10-04,9.454108238220215,9.643370691412835,9.237808537285394,9.372995635495004,5751500
2022-10-05,9.625347137451172,9.643371684636216,9.165709581000145,9.228796785395843,3891700
2022-10-06,9.724483489990234,9.850658747826035,9.526208330390727,9.56225828127258,3231200
2022-10-07,9.463120460510254,9.697445554383496,9.246820770549675,9.56225760353421,4467900
2022-10-10,9.147682189941406,9.625345049458426,9.02150780852058,9.5622569992495,4037600
2022-10-11,9.057557106018066,9.300894009547724,8.895331930665995,9.11163159146979,3823800
2022-10-12,8.93138313293457,9.12064557768741,8.841258691313286,8.976445783494498,2975400
2022-10-13,9.10262393951416,9.219785665080217,8.525823719078996,8.661010854423735,3572100
2022-10-14,8.895334243774414,9.282871881445512,8.86829699401789,9.228796522433791,3338400
2022-10-17,9.066571235656738,9.309908177536448,9.057558533494893,9.165708380941274,3966200
2022-10-18,9.22879695892334,9.454109389714429,9.120647095283463,9.2738596169813,3483500
2022-10-19,9.057557106018066,9.2828694675633,8.886319229924556,9.120644292211228,2957500
2022-10-20,8.958418846130371,9.363981772254196,8.93138160422159,9.102619475140187,3406600
2022-10-21,9.34595775604248,9.363983159651317,8.877308435693896,9.021508226570385,3165600
2022-10-24,9.679420471191406,9.75152037023391,9.22879567242646,9.39102087502139,5400800
2022-10-25,9.976832389831543,10.121032182427344,9.661395558402868,9.76053270093784,4307400
2022-10-26,10.012883186340332,10.184121099180212,9.904733332730286,9.967821391960122,3410600
2022-10-27,10.084981918334961,10.319307003711456,9.95880753351572,10.139057268613588,3654800
2022-10-28,10.139057159423828,10.211157052686517,9.805594938209268,10.075969967693608,3048100
2022-10-31,10.23819637298584,10.364371641519522,10.057946603293937,10.093996557232316,4711800
2022-11-01,10.1480712890625,10.535608055011647,10.048933277251031,10.44548360549962,4774700
2022-11-02,9.363985061645508,10.066959614704464,9.32793510660399,9.99485970462143,4824300
2022-11-03,9.76954460144043,9.841644491823876,9.048544838107471,9.183731917701811,4510000
2022-11-04,10.211158752441406,10.238196002040919,9.706459415590075,9.949796380983015,5532600
2022-11-07,10.39140796661377,10.409433371726921,9.976833103496118,10.346345313329511,4009900
2022-11-08,10.39140796661377,10.544620472081073,10.247208163703043,10.526595926466543,3613000
2022-11-09,9.778559684753418,10.328321697728532,9.733497027411493,10.328321697728532,4442500
2022-11-10,10.607707023620605,10.959193778411057,10.229182165001273,10.229182165001273,7641300
2022-11-11,11.157470703125,11.400807660224157,10.67980863215359,10.769933080913091,6143900
2022-11-14,11.139444351196289,11.418832095459063,10.95018190753404,11.004257259794068,7480900
2022-11-15,11.734270095825195,11.905507140059067,11.499944995716877,11.526982242806731,6382400
2022-11-16,10.968206405639648,11.130431589523733,10.60770695200668,11.121418888308284,5914000
2022-11-17,11.319694519042969,11.328706361159167,10.652769211027978,10.905119699249232,4490100
2022-11-18,11.644145011901855,12.193906963729772,11.346732709822978,11.842420166453975,6337300
2022-11-21,11.7162446975708,11.86945719699123,11.427845103131682,11.535994951046352,8825900
2022-11-22,13.843193054199219,13.933318354793037,12.545394054539335,12.626506653174058,18490100
2022-11-23,14.23974323272705,14.329867673109101,13.47368076223755,13.735043100493046,9499500
2022-11-25,14.23974323272705,14.546167361424294,14.221717828951506,14.347893076884647,3401700
2022-11-28,14.248756408691406,14.40196804838832,13.942331410300406,14.086531207308267,6547400
2022-11-29,14.149618148803711,14.356905997893401,13.942331159212594,14.329867891817416,4117900
2022-11-30,14.257768630981445,14.275794035836634,13.753069328016739,14.086531582350215,5268600
2022-12-01,13.843193054199219,14.41098038514372,13.8161558078205,14.167643448738115,4512900
2022-12-02,14.410980224609375,14.456043733902854,13.608868668153665,13.635905914231197,4396800
2022-12-05,14.492093086242676,14.627280178590658,14.185668093455437,14.266780692663655,4548700
2022-12-06,14.050481796264648,14.510119311457716,13.635906934237324,14.474068501326226,5885100
2022-12-07,14.401968955993652,14.63629407064778,13.825169731612588,14.050482143511102,4464700
2022-12-08,14.654319763183594,14.7264196676434,14.419994643939892,14.447032752736314,4022100
2022-12-09,14.257768630981445,14.519131844390003,14.248756788052463,14.43801924153888,3501600
2022-12-12,14.266780853271484,14.383943402391356,13.888255959037613,14.338880751268547,3877700
2022-12-13,13.942330360412598,14.897655232899522,13.915292255885712,14.84357902384575,5524300
2022-12-14,13.771093368530273,14.086531065943348,13.50973102420177,13.969368517175594,4265800
2022-12-15,13.212318420410156,13.581830602723352,13.077131330124347,13.518743408523116,4312900
2022-12-16,13.140218734741211,13.410593779140948,13.041081590910688,13.050093433441774,11848900
2022-12-19,13.077131271362305,13.329480906527873,12.950956024030242,13.176268413159853,3668300
2022-12-20,12.806756973266602,13.041082077794721,12.680581718636398,13.041082077794721,4023400
2022-12-21,12.923921585083008,13.34750920930993,12.815771717950362,13.140221319348301,2958900
2022-12-22,13.005033493041992,13.023058040167816,12.545395938101098,12.707621159726989,3227600
2022-12-23,13.1492338180542,13.257383683499967,12.635521742312118,12.996021293798012,3381800
2022-12-27,12.698606491088867,13.338493715748019,12.66255654291787,13.122194026722026,3464600
2022-12-28,12.599469184875488,12.79774434051619,12.464282086642369,12.707619894860313,2813900
2022-12-29,12.608481407165527,12.725643955605419,12.482307016152241,12.671569462170746,2981600
2022-12-30,12.58144474029541,12.69860729413503,12.38316958306693,12.44625764097972,3036300
2023-01-03,13.023056983947754,13.095156885600861,12.518357672376009,12.653544773100927,5218200
2023-01-04,13.798131942749023,13.933319040797095,13.167256526528403,13.212319179043963,5367400
2023-01-05,13.329480171203613,13.735042277364263,13.257380279419431,13.428617307532237,5430600
2023-01-06,13.518745422363281,13.807145049667453,13.338495655298175,13.473682765722334,3561500
2023-01-09,13.437631607055664,14.185668717906614,13.410594359295606,14.185668717906614,5713500
2023-01-10,13.717020034790039,13.735044581009912,13.33849510968752,13.536770275098041,5187400
2023-01-11,14.383943557739258,14.410980804905515,13.726030907037314,13.924306058419917,5234100
2023-01-12,14.31184196472168,14.365916452652835,13.906279867244058,14.302829263566991,4534200
2023-01-13,13.88825511932373,14.221717342272946,13.753068033627587,14.077517554997451,4963900
2023-01-17,13.933318138122559,13.960355384080835,13.581830502670762,13.825168294790902,3384200
2023-01-18,13.626893997192383,14.257768552159895,13.599856749557683,13.960356249682373,2733500
2023-01-19,13.248369216918945,13.554794224656298,13.221331969029947,13.509731571842227,2850900
2023-01-20,13.437631607055664,13.527756912254004,13.050093998000854,13.212319203558422,2042800
2023-01-23,14.248756408691406,14.266780953568095,13.482693912713906,13.545781109030198,4126600
2023-01-24,14.113569259643555,14.221719113570105,13.933319503099305,14.167644616356148,2145200
2023-01-25,14.104557037353516,14.104557037353516,13.72603210596843,13.960357227206563,3051700
2023-01-26,14.293818473815918,14.510119032960235,13.933318974406395,14.320856580895585,2022500
2023-01-27,14.113569259643555,14.347894372900397,14.059494762429598,14.239744518973847,2495000
2023-01-30,14.050481796264648,14.212707003861878,13.906281993733165,14.023444548164651,3407000
2023-01-31,14.546168327331543,14.564193732304027,14.09554437650145,14.167644277394155,3650700
2023-02-01,14.879630088806152,15.050867982462101,14.41097991616728,14.492092512162356,3325000
2023-02-02,15.357294082641602,15.402355875258456,15.050869079654818,15.050869079654818,5752200
2023-02-03,14.870617866516113,15.312229948393602,14.825556075731583,15.186055558999215,3039100
2023-02-06,14.42900562286377,14.879630401645285,14.347893025163328,14.699379802533834,3539400
2023-02-07,14.654319763183594,14.69938155884698,14.158632275398428,14.257769429155998,2642700
2023-02-08,14.122583389282227,14.46505753157035,13.97838356947697,14.383945777553935,2819200
2023-02-09,14.00541877746582,14.582218832032117,13.996406075168238,14.347893729286566,2489100
2023-02-10,14.04146957397461,14.230732036144945,13.753069959047872,13.843194408963154,2324600
2023-02-13,14.438019752502441,14.492094249984488,13.90628232343669,14.041469426640447,2212000
2023-02-14,14.447031021118164,14.528143618787972,14.131593332290812,14.302830369983752,2074500
2023-02-15,14.023446083068848,14.194683152442689,13.527758562988566,13.807145496098316,4020600
2023-02-16,13.726031303405762,14.185668815998115,13.572819658706926,13.798132063762164,5705100
2023-02-17,14.04146957397461,14.140606726731013,13.45565764128001,13.74405725620675,3537200
2023-02-21,13.113182067871094,14.014431682714488,13.077132117657303,14.014431682714488,3485200
2023-02-22,13.302443504333496,13.51874318907911,13.140218311025013,13.275405399116385,2885200
2023-02-23,13.338494300842285,13.464668695226152,13.041082000510885,13.347507003155018,2718900
2023-02-24,13.185283660888672,13.239358163401578,12.950958524669492,13.140221002462104,2298600
2023-02-27,13.158244132995605,13.455656423854538,13.095156078314403,13.428618317777492,3296400
2023-02-28,12.950957298278809,13.212319661004738,12.842807443995525,13.140219758149215,4069400
2023-03-01,12.734657287597656,12.987006941605289,12.608482030844531,12.878857089887733,4884500
2023-03-02,12.887868881225586,13.518743401390777,12.725643685369358,12.914906127368772,11389500
2023-03-03,12.725643157958984,13.059105378233223,12.428230884214432,12.95095553864416,6815800
2023-03-06,12.238968849182129,12.869843363774276,12.094769058360901,12.698606327048706,4877500
2023-03-07,12.329095840454102,12.473295651067819,12.157857920726313,12.320083137416077,3498900
2023-03-08,12.67156982421875,12.725644319198421,12.311069466527004,12.33810671401684,5239500
2023-03-09,12.38316822052002,12.770705789848035,12.38316822052002,12.581443355931855,5153800
2023-03-10,12.004643440246582,12.320081118907115,11.824393706511362,12.20291857710459,3819300
2023-03-13,11.517970085144043,11.725257947962426,11.247595022967237,11.698219840095705,4334200
2023-03-14,11.93254566192627,12.15785808390901,11.770321302557798,11.86945845881068,4424400
2023-03-15,11.98661994934082,12.076744394374298,11.572045095590733,11.58105779794366,4745000
2023-03-16,12.067731857299805,12.130819051143884,11.698218817574125,11.78834411692157,2867900
2023-03-17,11.535994529724121,12.058719205303156,11.526981827852417,12.004643853571489,6875800
2023-03-20,11.72525691986084,11.941556606837104,11.545007180713952,11.72525691986084,3778000
2023-03-21,11.797355651855469,12.067730663655905,11.716243062365491,11.977605373222938,2448500
2023-03-22,11.590069770812988,11.932544728578666,11.58105792785757,11.869457530397671,4156700
2023-03-23,11.418834686279297,11.869459572527102,11.292659408710357,11.716247042442948,2869500
2023-03-24,11.653158187866211,11.743282636690049,11.220557911216417,11.274633268109632,3072500
2023-03-27,11.707233428955078,11.878471353745834,11.508959113248206,11.815383290113015,4229400
2023-03-28,11.81538200378418,12.00464445508043,11.734270261370302,11.797357458636185,2554900
2023-03-29,11.833409309387207,11.96859642795916,11.572046916515692,11.86044656120185,3828300
2023-03-30,11.86945915222168,12.112796135239414,11.860446448536166,12.058721632123797,2344300
2023-03-31,12.112793922424316,12.112793922424316,11.878469685899411,12.013656778490647,3314900
2023-04-03,12.20291805267334,12.365143235812532,12.049705570708213,12.148842705127446,3651800
2023-04-04,12.338106155395508,12.419218753691153,12.229956310834167,12.329094312972652,3211800
2023-04-05,12.474288940429688,12.519683178908087,12.156531002727066,12.238239593000483,4551500
2023-04-06,12.365342140197754,12.565076251475569,12.156529874725086,12.365342140197754,3886600
2023-04-10,12.719417572021484,12.955466924337102,12.310871148904821,12.310871148904821,3303400
2023-04-11,13.00993824005127,13.082568670767659,12.864677378618493,12.864677378618493,3381200
2023-04-12,12.174686431884766,13.146119013161881,12.08389883377663,13.046252395496042,5229400
2023-04-13,11.993112564086914,12.220082899617836,11.920482125982867,12.14745246151379,3969000
2023-04-14,12.374423027038574,12.628629565127476,12.03850702810817,12.111137467562141,5158600
2023-04-17,12.474288940429688,12.51060415804779,12.274555676441668,12.310870894059772,3546300
2023-04-18,12.310871124267578,12.601392870645022,12.220082645613076,12.52876243405066,2780600
2023-04-19,12.42889404296875,12.437973063347675,12.12929329704853,12.21100274881278,2384800
2023-04-20,12.238238334655762,12.437972443930056,12.011268031424107,12.319947782350836,2410200
2023-04-21,12.238238334655762,12.292711588393477,12.047584111131247,12.238238334655762,2637600
2023-04-24,12.465210914611816,12.474289936196852,12.147452951543988,12.201925349407889,2993100
2023-04-25,11.738906860351562,12.347187471829564,11.729827838491131,12.283635184629727,2630400
2023-04-26,11.965874671936035,11.984031845979509,11.620879706880098,11.657194920790038,1799000
2023-04-27,12.247321128845215,12.301794399369983,11.920484103166393,12.04758782384201,2323800
2023-04-28,12.156530380249023,12.392578849768228,12.120215164490451,12.156530380249023,2839300
2023-05-01,12.002191543579102,12.265477097246714,11.965876324653332,12.174688617020731,3305000
2023-05-02,11.593645095825195,11.902324023293234,11.348516719097592,11.856930649075336,3851800
2023-05-03,11.557328224182129,11.902323212850364,11.4483825749958,11.484697791391243,3693500
2023-05-04,11.393912315368652,11.493778962687628,11.266808601289142,11.402991337622163,2079100
2023-05-05,12.047584533691406,12.129293118429354,11.61180108597389,11.620880106219115,3720500
2023-05-08,12.220084190368652,12.3835031262755,12.002192853041663,12.147453744592989,5254800
2023-05-09,11.902323722839355,12.047585460468335,11.729826654025636,11.920481764726638,4055200
2023-05-10,11.747982025146484,12.138371207513284,11.702588659048635,12.138371207513284,4669400
2023-05-11,11.85693073272705,11.92956117097584,11.657196594631317,11.766142252004503,2253000
2023-05-12,11.784297943115234,11.902322606846996,11.702589359752949,11.902322606846996,1872800
2023-05-15,11.729825973510742,11.856929661878421,11.584565110132274,11.81153542561689,2496500
2023-05-16,11.50285816192627,11.693513303067382,11.457463915783485,11.611803833175015,4827900
2023-05-17,11.757063865661621,11.875088550645144,11.40299067653422,11.602723959592643,3970900
2023-05-18,12.156530380249023,12.165608534821388,11.729825945718515,11.77522018187249,5630900
2023-05-19,11.039836883544922,12.011269633917545,11.039836883544922,11.993112457464516,7933400
2023-05-22,10.694842338562012,11.221413465983396,10.63129091947351,11.094310627806395,8491200
2023-05-23,10.486028671264648,10.722078005426333,10.458792476037695,10.594974317995494,7036900
2023-05-24,10.958127975463867,11.312202025228606,10.65852718944107,11.257728761486664,11011200
2023-05-25,9.650777816772461,9.923142365653165,9.033418288085938,9.160521975116408,18992100
2023-05-26,9.759724617004395,9.877749297666945,9.405650575016743,9.759724617004395,9031800
2023-05-30,9.832356452941895,9.941302127682524,9.587228901231292,9.823277430257694,7936000
2023-05-31,9.23315143585205,9.759722437640296,9.196836224205375,9.687092014346948,6262700
2023-06-01,9.3420991897583,9.360257232611698,9.124207870456349,9.178680267370268,5619900
2023-06-02,10.032089233398438,10.068404453282195,9.514596267775964,9.550912353482861,7437600
2023-06-05,9.986693382263184,10.023008596293039,9.796038292150694,9.923141974166686,4443400
2023-06-06,10.522343635559082,10.631289279688213,10.00485160948995,10.013929763800117,5074300
2023-06-07,10.803786277770996,10.867338552554761,10.558658796191645,10.649446399589438,4587400
2023-06-08,10.694842338562012,10.82194604256216,10.46787199516234,10.749315601940118,3822600
2023-06-09,10.785630226135254,10.867339683774802,10.676684571223555,10.803787402375653,4354600
2023-06-12,10.64944839477539,10.767473080545285,10.54958175258079,10.767473080545285,3902100
2023-06-13,10.722078323364258,10.921811582048576,10.676684086091253,10.79470875667184,3625000
2023-06-14,10.640368461608887,10.858259753180201,10.531422815823229,10.767471282113974,3817300
2023-06-15,10.821945190429688,10.876417583695426,10.549580626631753,10.549580626631753,2978100
2023-06-16,10.658526420593262,10.894575770075779,10.531423590735823,10.894575770075779,5553800
2023-06-20,10.558660507202148,10.676685189985658,10.495109087943009,10.531424308351538,3453000
2023-06-21,10.57681655883789,10.812865899282931,10.422476672071753,10.549580362885942,2855700
2023-06-22,10.658526420593262,10.767472074395249,10.431556092050016,10.604054026603814,2550600
2023-06-23,10.413400650024414,10.631291993911452,10.404321627573312,10.531425344419036,8079500
2023-06-26,10.594975471496582,10.69484210875016,10.322610892104946,10.395241331166298,4735300
2023-06-27,10.776551246643066,10.912733965174947,10.54050189384629,10.57681711229017,2713100
2023-06-28,10.476950645446777,10.767472397640356,10.422477383998922,10.713000002015619,4530600
2023-06-29,10.767470359802246,10.84917980359824,10.549579086894894,10.58589429904612,4653200
2023-06-30,10.71299934387207,10.876417386529958,10.449713805665573,10.840102169736754,3496200
2023-07-03,11.076151847839355,11.2304917403487,10.776551083750178,10.776551083750178,3754000
2023-07-05,10.9218111038208,10.976284359327824,10.694840793217075,10.930890124042476,2924500
2023-07-06,10.894346237182617,10.930965854650706,10.702093027205017,10.784487384778352,2911800
2023-07-07,10.87603759765625,11.068290820585045,10.857727351148457,10.885192720910148,3186200
2023-07-10,10.9584321975708,11.23307978955806,10.821107965036857,10.857727585763117,4541700
2023-07-11,11.260544776916504,11.324628897706384,11.040827042996344,11.040827042996344,3620200
2023-07-12,11.159839630126953,11.599275950154764,11.159839630126953,11.489417088417968,6015200
2023-07-13,11.352092742919922,11.480261850204855,11.040826407651853,11.24223388228167,6443500
2023-07-14,11.352092742919922,11.425331983345423,11.02251616100517,11.397867486456013,4829400
2023-07-17,11.59012222290039,11.727446471424104,11.16899609897298,11.333784847969145,5745400
2023-07-18,11.764065742492676,11.873924614158108,11.580966749969587,11.690826494715722,2797800
2023-07-19,12.111949920654297,12.111949920654297,11.818992973379872,11.864767714661644,3053900
2023-07-20,12.084486961364746,12.221811202667483,12.011247715235559,12.139416832501977,2707200
2023-07-21,11.800683975219727,12.203499790505745,11.791528852056713,12.176035294097304,3760400
2023-07-24,12.203499794006348,12.258429659919589,11.818993351855461,11.8281484750211,3154800
2023-07-25,12.066176414489746,12.221810015669098,11.992937175473651,12.17603527301389,2304800
2023-07-26,12.505613327026367,12.551388075093163,12.075332092127603,12.157726464031695,4734400
2023-07-27,12.505613327026367,12.990823561140727,12.432374079351773,12.588007698930461,5749000
2023-07-28,12.789413452148438,13.036595644250731,12.560540631681617,12.652089236020032,3650800
2023-07-31,12.862654685974121,13.018288297950884,12.74364069604597,12.90842943180505,3229000
2023-08-01,13.411947250366211,13.46687711274526,12.963356721079382,13.43025749551941,5588600
2023-08-02,13.210539817810059,13.3661734095922,13.064061348622289,13.219694067323886,3801600
2023-08-03,13.604201316833496,14.089412367019866,13.109836016573883,14.04363762433126,9295500
2023-08-04,13.942933082580566,14.135186304329032,13.494342522861011,13.723215364319634,5972800
2023-08-07,13.942933082580566,13.9978629486861,13.595047131874392,13.906313462870411,3524900
2023-08-08,14.089411735534668,14.126031353428147,13.686595065625845,13.79645391930628,3764900
2023-08-09,14.107722282409668,14.299975510625659,13.970398922147087,14.043638164031213,2970700
2023-08-10,14.345747947692871,14.483071285868267,14.153494750399023,14.217578858470143,3224500
2023-08-11,14.391525268554688,14.528848631384376,14.226736534694542,14.281666403674807,2403000
2023-08-14,14.574621200561523,14.629550188259731,14.309128765138803,14.364057752837011,2827800
2023-08-15,14.611242294311523,14.739411400369562,14.428144195000472,14.446453568391274,3719100
2023-08-16,14.510538101196289,14.876734288291226,14.50138297824877,14.711945567558216,3208200
2023-08-17,14.272509574890137,14.702789859328124,14.217579712472233,14.611241252739008,3017200
2023-08-18,14.53800106048584,14.583775797305075,14.153494668133053,14.254198390670979,4445200
2023-08-21,14.611242294311523,14.75772164684097,14.464763814862682,14.538003054587103,2830800
2023-08-22,14.144343376159668,14.455610623118847,13.869695753955645,14.162653625077608,6242100
2023-08-23,14.492228507995605,14.583777995432794,14.043637940330747,14.574622872072952,5223000
2023-08-24,14.510538101196289,14.940818402762696,14.409833494934746,14.428143740829784,3823200
2023-08-25,14.473917961120605,14.730255282853514,14.226734888924891,14.56546656805637,3444400
2023-08-28,15.014055252075195,15.105604720827538,14.51053579317863,14.51053579317863,4697000
2023-08-29,15.169692993164062,15.39856585485009,14.968285503498448,14.986595751512057,4479300
2023-08-30,15.270395278930664,15.343634513638392,15.004901961764466,15.078141196472194,4798700
2023-08-31,15.52673625946045,15.581667011145923,15.197160480155617,15.252089485679488,3875900
2023-09-01,15.892929077148438,15.92039269782838,15.60912552494148,15.664056258623424,4920600
2023-09-05,15.709833145141602,15.929550883641882,15.52673415664402,15.792227515349378,5972300
2023-09-06,15.746453285217285,15.755606662889942,15.380255316503277,15.581664548528247,7637700
2023-09-07,15.352789878845215,16.0485634926435,15.11476192574361,15.957014011271939,9081400
2023-09-08,14.638707160949707,15.490114435617237,14.583778166308296,15.38940982364027,7628500
2023-09-11,14.519693374633789,14.77603072367083,14.354905515364582,14.748567099053375,6342700
2023-09-12,14.318283081054688,14.574620379730826,14.226733609272975,14.464761537441053,4931100
2023-09-13,13.64082145690918,14.382369872136776,13.530962594112616,14.373214748633572,5913300
2023-09-14,14.007017135620117,14.080256370144937,13.741524692197512,13.823919049308069,4799500
2023-09-15,14.107722282409668,14.199271771305142,13.89715968026296,13.970398922147087,12924100
2023-09-18,13.256315231323242,13.997863659458394,13.210541359171732,13.988708535795833,5918600
2023-09-19,13.256315231323242,13.402794590682278,13.173921737602134,13.274625478648364,5544900
2023-09-20,13.366174697875977,13.503498057705134,13.274625209269454,13.274625209269454,3690200
2023-09-21,13.530962944030762,13.659132057148259,13.183076099638114,13.219695721517306,3619000
2023-09-22,13.71406078338623,13.823920519941236,13.485187932877803,13.585892545873119,4938600
2023-09-25,13.979554176330566,14.071102793001186,13.50349822655304,13.53096272424616,6586900
2023-09-26,13.961243629455566,14.336594957833276,13.906313762167809,13.961243629455566,6631600
2023-09-27,14.354904174804688,14.364058424462073,13.961242627878722,14.08941172696825,4987200
2023-09-28,15.014055252075195,15.178843946597237,14.547155406063478,14.565464775965683,6595800
2023-09-29,15.206313133239746,15.343636497804606,15.004903902127388,15.105608517683567,5630300
2023-10-02,15.105606079101562,15.252084543812089,14.968282736705573,15.206310678400436,4963000
2023-10-03,15.014055252075195,15.398561623906332,14.757718834961691,15.059830859531807,5036200
2023-10-04,15.068985939025879,15.178845663184989,14.959127961027844,15.041522317606908,4177500
2023-10-05,14.830963134765625,15.078144514954587,14.68448463311236,15.059836011869036,3438000
2023-10-06,14.84011459350586,15.096452811319821,14.3549052743568,14.812650969349498,4056800
2023-10-09,15.279550552368164,15.471802890563321,14.455607844152022,14.492227461867369,4315800
2023-10-10,15.444342613220215,15.728144493703525,15.197159485301775,15.261243611911409,3384100
2023-10-11,15.865466117858887,15.984479233241032,15.480959654542369,15.480959654542369,4997700
2023-10-12,15.690513610839844,16.031210381075578,15.368231600617316,15.883881763195964,6294900
2023-10-13,15.487936019897461,15.819426300599712,15.423479966715519,15.754970247417768,3027400
2023-10-16,16.325868606567383,16.44557421353634,15.699721064471888,15.71813758189723,5696900
2023-10-17,16.75864601135254,16.952014152663374,16.068042495878597,16.068042495878597,5420800
2023-10-18,16.62973403930664,16.942807808855907,16.445574134821978,16.52844670654359,5065000
2023-10-19,16.325868606567383,16.62973411890246,16.17853997975618,16.611319357772885,4151100
2023-10-20,16.068042755126953,16.408739511398856,15.874672854400648,16.252202641780645,4096000
2023-10-23,15.764178276062012,16.07725027891011,15.580016621402471,16.031210743393075,3889500
2023-10-24,16.224576950073242,16.49160935640343,15.902295006188975,15.975959299965782,4608300
2023-10-25,16.638938903808594,16.92438783912352,16.22457788602152,16.22457788602152,4707700
2023-10-26,16.40873908996582,16.684981547294882,16.215370950501466,16.57448421310415,2964300
2023-10-27,16.012794494628906,16.666566798944487,15.92071542205397,16.353493034561655,3726400
2023-10-30,15.94833755493164,16.335075609657736,15.929921038921915,16.169330478161463,2873100
2023-10-31,16.086458206176758,16.24299508252677,15.893090053430328,15.893090053430328,3380800
2023-11-01,16.23378562927246,16.36269947790884,15.718135503613556,16.09566527943648,2614600
2023-11-02,16.859933853149414,17.016470725074374,16.215371605919763,16.215371605919763,5282100
2023-11-03,17.062509536743164,17.27429416909249,16.942803957557643,17.04409302359226,2964400
2023-11-06,16.9335994720459,17.117761131976494,16.85993515933281,17.117761131976494,2827800
2023-11-07,16.970430374145508,17.05330293507142,16.777060479886533,16.896766070688646,2832000
2023-11-08,17.163801193237305,17.2466737671086,16.83231265404792,16.90597696901176,4021800
2023-11-09,16.95201301574707,17.24667021491363,16.85993220193366,17.090133358319466,3072100
2023-11-10,17.108552932739258,17.182217245708056,16.703398333262985,16.998055585138182,3909000
2023-11-13,16.62973403930664,17.053305156583313,16.5008219305378,16.979640843530294,3564200
2023-11-14,17.163801193237305,17.44925195048102,17.062513857846902,17.126969913903288,4979900
2023-11-15,18.02935791015625,18.314806906336564,17.58737202775529,17.799156710202112,5770200
2023-11-16,17.651824951171875,18.038562968736496,17.366376005632297,17.937273896711453,4441500
2023-11-17,18.056982040405273,18.609463495492843,17.964901212458773,18.103021576230667,7992900
2023-11-20,18.18589210510254,18.241139893152763,17.79915407615993,17.854401864210157,11964900
2023-11-21,15.312981605529785,15.53397628220594,14.659211102274295,14.963076587334493,23518800
2023-11-22,15.460312843322754,15.819426139564072,15.064366513469142,15.386646776098166,10498100
2023-11-24,15.331400871276855,15.626058151303234,15.045951850788292,15.515562549441304,3831200
2023-11-27,15.865466117858887,15.948338689502611,15.257735096668751,15.266943355328694,7968500
2023-11-28,16.556066513061523,16.629730811817815,15.662886671104555,15.828631782380068,8006300
2023-11-29,17.58736801147461,17.661032308386,16.82310027240816,16.832308529059006,8078700
2023-11-30,17.522912979125977,17.780737154998118,17.14538321620279,17.679449838603553,5797700
2023-12-01,17.964900970458984,18.047773538864913,17.36637823131283,17.495290334923965,4111000
2023-12-04,18.07539939880371,18.287185860407902,17.725494309872555,18.08460765855137,4772800
2023-12-05,17.8267822265625,17.955694341874104,17.550539721371543,17.928069564466252,3534500
2023-12-06,18.370054244995117,18.49896633941897,17.835987595716283,17.937274917208356,6668800
2023-12-07,18.56342124938965,18.655502063892257,18.167474976435244,18.24113927677824,3278100
2023-12-08,18.572629928588867,18.729166789912444,18.2779727205199,18.489757369282536,3802000
2023-12-11,19.11590576171875,19.125114019464085,18.66471166997075,18.7936237658143,3563600
2023-12-12,18.98699378967285,19.161945419088205,18.70154306659299,18.91332948352544,2382400
2023-12-13,19.143531799316406,19.180363076434745,18.517384281643377,18.96857840319113,4797400
2023-12-14,18.9777889251709,19.66839257739638,18.839666789689073,19.5578952202701,6123900
2023-12-15,18.443721771240234,19.042244572269272,18.35164093501364,18.959371995294926,12275300
2023-12-18,18.517383575439453,18.821249064333834,18.324013669981774,18.572631367157804,4714000
2023-12-19,19.235610961914062,19.336900047989587,18.600256939155887,18.6462964748471,3374300
2023-12-20,18.968576431274414,19.364522717835413,18.931743401689427,19.198777597294015,2876100
2023-12-21,19.33690071105957,19.33690071105957,19.051451716135315,19.27244465636336,2056100
2023-12-22,19.50264549255371,19.677598892257677,18.821250167117306,19.069866122564722,3642100
2023-12-26,19.511852264404297,19.788092974429354,19.465810975203055,19.55789179730994,2727300
2023-12-27,19.622346878051758,19.760467226251695,19.475018272465753,19.57630734741695,3179700
2023-12-28,19.640764236450195,19.760468075019624,19.428979576360508,19.45660259340967,2832600
2023-12-29,19.484230041503906,19.723639507803924,19.447398761617045,19.585519134710484,3592200
2024-01-02,19.511852264404297,19.907798570056986,19.10669770091136,19.38293841093642,7037300
2024-01-03,18.56342124938965,19.254024723716036,18.296388819257082,19.254024723716036,6394800
2024-01-04,18.92940902709961,19.23517033113449,18.54952382412455,18.920143318825442,4461700
2024-01-05,18.38274574279785,19.14251619557979,18.373480033952553,18.957205553180327,5531700
2024-01-08,19.513137817382812,20.06906803727834,19.225907881217278,19.476076745258283,9619500
2024-01-09,19.70771026611328,19.92081624835024,19.262966885639695,19.48533857587649,4694000
2024-01-10,19.902286529541016,20.06906575325418,19.6891805291312,19.828162626474416,3126100
2024-01-11,19.874494552612305,19.957884178659906,19.39268821706028,19.893024206092342,3352300
2024-01-12,19.355621337890625,20.087596398890927,19.20737353745442,20.022738207106734,3623700
2024-01-16,19.04059600830078,19.27223343792611,18.85528712495252,19.207375240391553,5263300
2024-01-17,19.096189498901367,19.188843053237427,18.549525045502943,18.80895782524913,5102100
2024-01-18,18.771900177001953,19.318564729996734,18.39201487980268,19.21664368095424,3492100
2024-01-19,18.734834671020508,18.87381854259196,18.271559811791235,18.818224287062044,3787500
2024-01-22,18.836755752563477,18.938676787369243,18.57732119453668,18.790428973426316,5159800
2024-01-23,18.60511589050293,19.14251458761619,18.540257701287157,19.0869221064674,3595100
2024-01-24,18.60511589050293,18.86455041461913,18.540257701287157,18.734832268934476,2697500
2024-01-25,18.781160354614258,18.966469209708627,18.68850504344054,18.7626289389289,4290200
2024-01-26,19.15178108215332,19.18884214869006,18.6792405548509,18.86455118929415,2882700
2024-01-29,18.994266510009766,19.170311426152917,18.82748730179553,19.077656114116884,2025100
2024-01-30,18.725570678710938,18.864554563025806,18.54026177838028,18.836757432712133,3507200
2024-01-31,18.364212036132812,18.929407834475427,18.327150972624285,18.68850473628436,2911400
2024-02-01,18.771900177001953,18.82749267318259,18.280828120187813,18.521731293308697,2927700
2024-02-02,19.24444007873535,19.374156487294304,18.91088157986545,19.003536914801927,4117400
2024-02-05,19.022064208984375,19.08692239919485,18.595850467632047,18.910877477728466,3124800
2024-02-06,19.355621337890625,19.429745238108726,18.707037652795517,18.920143645015916,3877400
2024-02-07,19.355621337890625,19.429745238108726,19.049860028584302,19.30929456297425,2592900
2024-02-08,20.032005310058594,20.050534960963166,19.4204808816218,19.448278008858615,2559000
2024-02-09,20.82883644104004,20.84736785883312,19.930083885114854,19.930083885114854,5465100
2024-02-12,20.838104248046875,21.338441975317565,20.782511756323505,20.89369673977025,4241300
2024-02-13,20.421157836914062,20.63426386047675,19.93935153100877,20.1246604251815,3826300
2024-02-14,20.606464385986328,20.763977900096858,20.041268523486217,20.680588288670503,3192200
2024-02-15,20.810302734375,20.91222375377364,20.476746087052938,20.72691489798429,3241500
2024-02-16,20.597198486328125,20.83810160963207,20.272905752370775,20.587932777671835,2891900
2024-02-20,20.291433334350586,20.57866317939276,20.20804373945884,20.393354343052245,3801300
2024-02-21,20.801040649414062,20.838101716976922,20.115392343342155,20.272905856804094,3191100
2024-02-22,21.282846450805664,21.468157101869096,20.99561653218535,20.99561653218535,3555600
2024-02-23,21.607135772705078,21.736852147482775,21.079002798535235,21.18092381714803,2426000
2024-02-26,22.0518798828125,22.135269488607634,21.542278307178346,22.088942715278392,4905900
2024-02-27,22.163070678710938,22.672672347830105,22.153804968894697,22.311318501263912,5003000
2024-02-28,21.801712036132812,21.949959826073755,21.458887917361228,21.83877309999152,4460200
2024-02-29,22.00555419921875,22.14453629334212,21.69052717667073,22.033351324944707,4716900
2024-03-01,22.36690902709961,22.431767222859524,21.72759101124906,21.87583882077266,3566400
2024-03-04,22.34838104248047,22.654142393324882,22.255725712807195,22.357644984919716,3569300
2024-03-05,22.44103240966797,22.607811633314462,21.94069650598174,22.320581729952863,4658600
2024-03-06,21.727590560913086,22.644874526048312,21.67199630805404,22.644874526048312,11123400
2024-03-07,21.310644149780273,24.49797576962184,21.245785950345834,24.20148013377674,17409600
2024-03-08,20.65279197692871,21.773916174213056,20.34702890430226,21.681260858318968,7141000
2024-03-11,20.865896224975586,21.023409718673786,20.25437366526564,20.448948221876527,5848200
2024-03-12,20.717649459838867,20.847365837305553,20.2543746634543,20.801039064568336,4779700
2024-03-13,21.505216598510742,21.59787191726424,20.708385098638388,20.717650807239057,4949000
2024-03-14,21.384765625,21.66272981015709,21.0697386059536,21.579341968412514,3688500
2024-03-15,21.458892822265625,21.653469195571002,21.004883640891027,21.319910708335193,7576400
2024-03-18,21.801712036132812,21.93142841051787,21.153126629701408,21.40329543794664,4103600
2024-03-19,21.922164916992188,21.977757402021904,21.486687210961804,21.570076822132997,3577300
2024-03-20,23.015491485595703,23.10814679614863,21.755383503483216,21.755383503483216,5933100
2024-03-21,23.979103088378906,23.988368796533507,23.16374021055862,23.16374021055862,7010700
2024-03-22,23.56216049194336,24.062496439387584,23.42317838250071,23.803063639695544,3811400
2024-03-25,22.681936264038086,23.68260987076761,22.542954162291572,23.627017383519664,5683000
2024-03-26,22.932104110717773,23.191538652019887,22.663403860734885,22.718998112819556,4221000
2024-03-27,23.29345703125,23.497299080004417,22.839447926597316,23.10814816640881,3286100
2024-03-28,23.895713806152344,24.043961593165253,23.358313369164275,23.460234385455532,4365900
2024-04-01,24.275602340698242,24.321929117830898,23.923512472378288,23.960575307887026,5068900
2024-04-02,23.7752628326416,23.895715271509232,23.237864129951653,23.85865243885669,4744300
2024-04-03,23.256397247314453,24.043964826254516,23.145210508477454,23.867919892784794,4180800
2024-04-04,22.58001708984375,23.478769667538373,22.33911395445839,23.43244288918682,5316400
2024-04-05,22.700468063354492,22.83018445819545,22.5522202500353,22.663405226398027,3059000
2024-04-08,22.626344680786133,23.006229932122462,22.589281842971186,22.839450696461952,4313900
2024-04-09,22.60781478881836,23.627019923272993,22.274258062222177,23.395382473044826,6715800
2024-04-10,21.783184051513672,22.357643886201224,21.690528726393744,22.190866421689353,5675100
2024-04-11,21.983455657958984,22.057975774357498,21.573594129417284,21.741264835488874,4460800
2024-04-12,21.489761352539062,21.964827817792195,21.46181741597707,21.629486365448823,4445000
2024-04-15,21.098527908325195,21.815785145462588,20.930857200765832,21.778524198582847,3243100
2024-04-16,20.772504806518555,21.051956619406695,20.40921940413397,20.986751729409463,5779600
2024-04-17,20.837709426879883,21.070585026400803,20.548942404250067,21.01469360329191,4148700
2024-04-18,20.809764862060547,21.38729538574571,20.735244737175368,20.94948987413277,4194700
2024-04-19,20.84702491760254,21.182366382114644,20.50236999169843,20.744560851990506,3031500
2024-04-22,20.977432250976562,21.228938298726998,20.51168110034227,21.005376182926852,3541600
2024-04-23,21.554962158203125,21.648112741402798,21.145102434843917,21.145102434843917,3107800
2024-04-24,21.07989501953125,21.60153755587892,21.070581560578194,21.56427661326857,3469700
2024-04-25,21.368663787841797,21.480443071653877,20.623460863395977,20.837707747985213,2535300
2024-04-26,22.719341278076172,22.831122339512206,21.4245536068988,21.5083889588009,4093500
2024-04-29,23.129207611083984,23.427288134636726,22.8683862646253,23.110577134186922,4242400
2024-04-30,22.598247528076172,23.240984655694803,22.588932291246945,23.05468347250977,3404600
2024-05-01,22.076608657836914,22.7472897786449,22.011401994257046,22.44920928050802,3011100
2024-05-02,22.79386329650879,22.94290353973362,22.160443151153164,22.4492084003138,2982300
2024-05-03,22.63550567626953,23.175776951062886,22.579616034518406,23.017421485518298,2920200
2024-05-06,22.942903518676758,23.091945538464646,22.75660410316662,22.84975469927161,2843600
2024-05-07,22.598247528076172,23.2596133526535,22.57030181758849,22.9242737103001,2482800
2024-05-08,22.24427604675293,22.486466878692674,22.132496756134454,22.318796166065173,3455500
2024-05-09,22.849754333496094,22.98947933706696,22.141812301810585,22.207017185030335,3064100
2024-05-10,22.784549713134766,23.417971681169906,22.64482469705642,22.98948139496965,2965600
2024-05-13,22.579618453979492,23.427285514283145,22.523728806239653,22.989480016371328,3353200
2024-05-14,22.97084617614746,23.268926622688607,22.812490716835022,22.859066897044332,3159200
2024-05-15,22.523725509643555,23.240982694675786,22.411944453824404,22.970846179520944,3759600
2024-05-16,22.002086639404297,22.505096992537123,21.694690930073193,22.43989211126988,4018000
2024-05-17,21.918249130249023,22.253588740479593,21.759893672720846,22.151124698572833,3062800
2024-05-20,22.076608657836914,22.169757480979754,21.759897684391497,21.890307458151405,2930400
2024-05-21,21.992774963378906,22.33742989922268,21.880993879751166,22.290855484119486,2879800
2024-05-22,21.07058334350586,21.99277043075019,20.968117519356596,21.99277043075019,4328800
2024-05-23,21.35934829711914,21.59222387510483,20.940171546065038,21.02400689627586,4069500
2024-05-24,21.573596954345703,21.666747556216272,21.368667051590418,21.573596954345703,3890200
2024-05-28,22.2722225189209,22.374688352739476,21.676061544048856,21.769212140547577,6628300
2024-05-29,22.402629852294922,22.598246261344013,21.694689659954413,22.0393445198176,6400500
2024-05-30,20.707298278808594,21.797156176466935,19.747851927530647,20.111137301183472,11951600
2024-05-31,20.46510887145996,20.819080809252522,20.15771312374536,20.67935579241861,8395800
2024-06-03,20.68866729736328,21.2475690885478,20.46510693622944,20.642092888389495,6825400
2024-06-04,20.120450973510742,20.576886908589355,20.120450973510742,20.502366792182634,4767100
2024-06-05,20.204286575317383,20.586202398691547,19.980726223344682,20.260176219135623,5213300
2024-06-06,20.064559936523438,20.40921478469942,19.757162478913017,20.073873395815028,4418500
2024-06-07,19.924835205078125,20.167026035446277,19.794425441302884,19.990040086965745,3225300
2024-06-10,19.328676223754883,19.757166506501658,19.254156097333706,19.701276855860765,6179500
2024-06-11,19.3752498626709,19.747852256595248,19.263470565853506,19.36593640185269,5269400
2024-06-12,19.487030029296875,20.213602531596113,19.468399555127707,19.80374098337348,5357300
2024-06-13,19.459083557128906,19.664015211576622,19.319358559723476,19.44976832040858,3693300
2024-06-14,19.14237403869629,19.44976976652339,19.021279505727982,19.21689416129983,4570400
2024-06-17,19.44045639038086,19.542920448969056,18.881554580073,19.08648447394927,5216300
2024-06-18,19.282100677490234,19.626755575664877,19.272785440147697,19.356620799530685,4082300
2024-06-20,18.46237564086914,19.291412134554083,18.099090305739725,19.263468202128543,8673700
2024-06-21,18.88155174255371,18.984015785743612,18.359909183752208,18.453059767588165,22438000
2024-06-24,19.254154205322266,19.291413376521596,18.807033490731566,19.05853778225147,4548300
2024-06-25,19.282100677490234,19.65470128769249,19.105114721381717,19.254154965462618,5421600
2024-06-26,19.188949584960938,19.27278494217779,18.95607398751408,19.188949584960938,3523300
2024-06-27,18.72319984436035,19.030595585798658,18.490324228825273,18.881555333992203,4552200
2024-06-28,18.59278678894043,18.825662385655814,18.3040215464893,18.60210202601302,8944100
2024-07-01,18.071147918701172,18.862925389140912,18.061832680613644,18.807035737315754,3691100
2024-07-02,18.033885955810547,18.30402071179794,17.940735366032243,18.099090835645445,4096200
2024-07-03,17.977994918823242,18.30402110164123,17.903474800753397,18.06183027373929,2211800
2024-07-05,17.894161224365234,18.164297787872638,17.782381925237978,18.024572775613603,3600600
2024-07-08,18.46237564086914,18.53689575517004,18.05251412386437,18.06182936023944,5592100
2024-07-09,18.788402557373047,19.058537316237246,18.40648673424452,18.415801970991527,6249800
2024-07-10,18.788402557373047,18.937442791925655,18.62073184932643,18.92812755517865,3408100
2024-07-11,19.757164001464844,19.775794474882947,19.095798185419834,19.2914128262107,5909000
2024-07-12,19.836811065673828,20.03358537590698,19.686887271048775,19.902402502418212,3125300
2024-07-15,19.115306854248047,19.864927817242595,19.087197252177674,19.611930675210694,3790900
2024-07-16,20.033584594726562,20.080436895740334,19.199633296239345,19.340186624815583,4083100
2024-07-17,19.20900535583496,20.10854816340725,19.1434139161869,19.78059096516695,4124800
2024-07-18,18.67490005493164,19.396409406201133,18.5999381604642,19.12467142173631,4061700
2024-07-19,18.581201553344727,18.721754914694156,18.178280606838857,18.693645314764044,3431800
2024-07-22,19.490114212036133,19.490114212036133,18.796716106988324,18.89041894004514,5875200
2024-07-23,20.192880630493164,20.399027198729748,19.274596896158545,19.415150237171773,5458700
2024-07-24,19.536968231201172,20.18351586989456,19.471376778493575,20.146034018499908,4607500
2024-07-25,19.87429428100586,20.324067523633893,19.115304726622448,19.518225658959597,4051200
2024-07-26,20.37091636657715,20.417768673003838,19.874292641850737,20.12728973485661,3193700
2024-07-29,20.905019760131836,21.05494356344139,20.36154552632652,20.42713696687036,6208500
2024-07-30,20.830059051513672,21.03620563329584,20.32406663317151,20.92376188075713,4157600
2024-07-31,20.661392211914062,21.120535849718937,20.44587697766778,21.064313085559586,4170500
2024-08-01,19.64940643310547,20.830057716548197,19.11530266405029,20.68013391426017,4889500
2024-08-02,18.815454483032227,19.04971064033454,18.0752059553179,18.768603966464823,6430200
2024-08-05,18.534351348876953,18.759237088368224,17.494253239900967,17.606697003263093,3761100
2024-08-06,19.07782554626465,19.227749371650255,18.337575094594364,18.618683607617108,3438500
2024-08-07,18.80608558654785,19.658777927075935,18.721753219925706,19.593186483532666,4764700
2024-08-08,19.5275936126709,19.64003556845991,19.01223077630049,19.218375553402122,4525800
2024-08-09,19.86492347717285,19.92114445626358,19.52759402816307,19.565074085145987,2784400
2024-08-12,19.64940643310547,19.911773980725865,19.574444531961454,19.74310925634366,3657800
2024-08-13,20.099184036254883,20.127293638329707,19.761854513492267,19.967999340051037,2815900
2024-08-14,19.330820083618164,20.18351426261313,19.30271048454368,20.164773338408207,3158600
2024-08-15,19.855554580688477,20.27721463794379,19.64003753393184,19.911775564209282,4795300
2024-08-16,20.25847625732422,20.445880138462194,19.724370638637065,19.724370638637065,3481900
2024-08-19,20.005474090576172,20.417765384564586,19.93051219959941,20.230359763506456,3082300
2024-08-20,20.0804386138916,20.53021001871257,19.874292046257473,20.136659592686048,3055100
2024-08-21,20.408397674560547,20.41776813559925,20.099179609214143,20.155400588213663,2488000
2024-08-22,19.986740112304688,20.089813418406678,19.71500383335364,19.836816278283475,3319200
2024-08-23,20.773836135864258,20.905019012258897,20.099179045106982,20.146029561752886,3548200
2024-08-26,21.064313888549805,21.392272876384244,20.614542481525106,20.614542481525106,5120200
2024-08-27,21.270463943481445,21.336055394352414,20.830061138091253,20.830061138091253,5046100
2024-08-28,20.333436965942383,21.101796943849667,20.2584750604693,20.811317996312773,9793900
2024-08-29,19.471370697021484,20.136657266390923,18.15953490366163,18.459384259468088,11278900
2024-08-30,19.283967971801758,19.53696506602861,18.806085167339734,19.415150855964086,6677900
2024-09-03,18.35631561279297,19.03097281207754,18.19702132844666,19.012233674744337,6269300
2024-09-04,18.89978790283203,18.92789928668898,18.13142794973617,18.14079841102182,6003900
2024-09-05,18.0377254486084,18.946638762874738,17.962763544207387,18.946638762874738,3411000
2024-09-06,17.69102668762207,18.047097097377243,17.69102668762207,17.93465333976169,4381700
2024-09-09,17.803466796875,18.07520477954102,17.447398247319814,17.65354300893255,4695200
2024-09-10,17.84095001220703,17.953391968211793,17.597323391219824,17.76598632522697,4349500
2024-09-11,17.90654182434082,17.99087418671862,17.57858283589746,17.79409807875952,2596100
2024-09-12,18.112689971923828,18.26261380240334,17.831583236583008,17.925284290207923,2905400
2024-09-13,18.534351348876953,18.674904712654875,18.328204747251885,18.356316134900663,3144900
2024-09-16,18.12205696105957,18.984119714691303,18.084575117007773,18.45938640859498,5903400
2024-09-17,18.168907165527344,18.55308712426875,18.140797570206004,18.187648087230013,2775300
2024-09-18,18.637418746948242,19.068450992884195,18.131426391634186,18.168906446323238,3498500
2024-09-19,18.787343978881836,19.171523951835773,18.609310577818217,19.059081991925353,3974400
2024-09-20,19.07782554626465,19.15278745895745,18.609313145126386,18.82482842071407,8031200
2024-09-23,18.984121322631836,19.087194615271816,18.60931178653124,19.087194615271816,2902200
2024-09-24,19.199636459350586,19.2558574425969,18.94663935389294,19.002862124372083,3025100
2024-09-25,19.387039184570312,19.527592515022388,18.89041551059158,19.162153498400478,5388700
2024-09-26,19.752479553222656,19.996106176724027,19.555705234567327,19.855552836651267,4846700
2024-09-27,20.57706069946289,20.773836807650866,19.883662664731016,19.97736548828564,5881200
2024-09-30,20.97998046875,21.204866160926098,20.58643006063367,20.605170981789833,6585200
2024-10-01,20.52083969116211,20.970611098908094,20.13665972364166,20.8206872963261,4343400
2024-10-02,20.71761703491211,20.71761703491211,20.295955197976973,20.295955197976973,2972000
2024-10-03,20.286584854125977,20.633284787311275,20.108549656693913,20.53958195775583,4693700
2024-10-04,20.764467239379883,20.96124335602862,20.286584427213263,20.61454343013931,2615200
2024-10-07,19.63066864013672,20.708246712954125,19.349560151206425,20.708246712954125,5561500
2024-10-08,19.724369049072266,20.17414225946909,19.583815702737592,19.761850894618988,3921600
2024-10-09,19.2933406829834,19.874295055362804,18.92790158464045,19.771223543172695,3789800
2024-10-10,19.068452835083008,19.265227162484187,18.862306259063374,19.05908237369732,3740900
2024-10-11,19.374866485595703,19.488005187523903,18.95060039949194,19.12973592826215,2581700
2024-10-14,19.52571678161621,19.57285865644238,19.026025496409346,19.337154677147478,3503900
2024-10-15,19.855703353881836,20.487390110735014,19.59171603943966,19.59171603943966,2924200
2024-10-16,20.223403930664062,20.496819635712566,19.99712650805169,20.025411635447938,2605200
2024-10-17,20.27054214477539,20.411964172176233,20.081978242721835,20.14797686723563,1836400
2024-10-18,19.997127532958984,20.308258555427606,19.978272578673927,20.29883017914563,2258100
2024-10-21,19.42201042175293,19.893418432968883,19.24287487397279,19.79913647106992,3563700
2024-10-22,18.61118507385254,19.29944022795168,18.601756699351085,19.29944022795168,3114000
2024-10-23,18.460336685180664,18.705469054030758,18.375483103721834,18.564047017692292,2753600
2024-10-24,18.564048767089844,18.875177995665478,18.375484835349916,18.592332098055586,2580600
2024-10-25,18.72432518005371,19.073166071492146,18.45090769375127,18.8374620860364,6260500
2024-10-28,19.167448043823242,19.3088700755774,18.83746210421108,18.922315682919315,5353500
2024-10-29,18.903459548950195,19.29944232974269,18.78089426364053,18.81860596747475,3291800
2024-10-30,18.752607345581055,19.327725609910466,18.743178970953522,18.922314492319476,2903600
2024-10-31,18.469764709472656,19.054309594763186,18.469764709472656,18.809179028853432,3101800
2024-11-01,18.347196578979492,18.639470803188583,18.252916427457716,18.535760478580286,2832500
2024-11-04,18.045495986938477,18.57347419261535,17.99835591063241,18.243488263636966,4416800
2024-11-05,17.98892593383789,18.14920469659611,17.73436522858451,17.9040723654201,4703100
2024-11-06,17.970073699951172,18.733756007556188,17.696657976136695,18.5357636987508,5817200
2024-11-07,17.99835968017578,18.41319927201124,17.96064617260937,18.111496606316987,3233300
2024-11-08,17.65894317626953,17.95121742983622,17.394955848246457,17.856935470565638,4118100
2024-11-11,17.16868019104004,17.762655336689935,16.93297616778065,17.762655336689935,6352600
2024-11-12,16.914119720458984,17.20639217999842,16.81040938392484,17.12153859524845,3946100
2024-11-13,17.27238655090332,17.658940915984125,17.04611095658372,17.23467485098934,3773000
2024-11-14,17.159250259399414,17.460951062489567,17.07439668374548,17.347812362191444,2407500
2024-11-15,17.385526657104492,17.66837072337196,17.03668396364781,17.168677621468802,5193000
2024-11-18,16.829265594482422,17.621231161160097,16.753840388050204,17.432667245940166,3926700
2024-11-19,16.433284759521484,16.697272114193968,16.159867229863288,16.62184689881912,4465700
2024-11-20,16.28243064880371,16.48042112006054,16.131580252147486,16.395567547156592,4432200
2024-11-21,16.235286712646484,16.40499383688698,15.91472921092074,16.329568648144352,6530800
2024-11-22,16.60298728942871,17.178103721087,16.57470216723759,16.69726743350882,4583100
2024-11-25,17.611801147460938,18.017212268680517,16.942400929143385,16.942400929143385,8228900
2024-11-26,16.86697769165039,17.64008652516791,16.829265986694782,17.34781406821639,3851000
2024-11-27,17.517518997192383,17.545804121002902,17.055539431292026,17.055539431292026,4235200
2024-11-29,18.139780044555664,18.22463363038426,17.46095315620573,17.762653995472366,3706100
2024-12-02,18.790321350097656,19.31829775550733,18.111492744863725,18.168062994152308,8563400
2024-12-03,18.790321350097656,18.988311827771795,18.32834177057936,18.771464600334795,4932400
2024-12-04,19.36544418334961,19.374870762168896,18.639475331288672,18.752612259910677,9587400
2024-12-05,16.60298728942871,17.064966828879474,15.971300613388182,16.310713088289233,21871300
2024-12-06,16.961261749267578,17.36667296778579,16.65956087919236,17.017830212836923,8900600
2024-12-09,16.68784523010254,17.338387026440326,16.65956010050044,16.99897446260986,7226600
2024-12-10,16.68784523010254,17.05554292353511,16.32014573839102,16.66898847703447,7555500
2024-12-11,16.640701293945312,16.96125886342939,16.480422509203276,16.772696750854404,5128900
2024-12-12,16.35785675048828,16.914118293231912,16.320143250102223,16.640700810269017,5072900
2024-12-13,16.2164363861084,16.357858430523528,16.09386929554412,16.34843005445867,6246400
2024-12-16,16.11272430419922,16.67841421892822,16.037299102120596,16.178721131233182,6638300
2024-12-17,16.2164363861084,16.2164363861084,15.745028372538723,16.075012543414406,6609800
2024-12-18,15.462181091308594,16.329571830001154,15.40561263829871,16.329571830001154,4767000
2024-12-19,15.424468994140625,15.575319397160401,15.273618591120849,15.499894195650512,3368100
2024-12-20,15.735599517822266,15.980731893215427,15.283046471869378,15.320759974981621,9974900
2024-12-23,15.81102466583252,15.905306624976923,15.613032371801392,15.650745874770672,3195500
2024-12-24,15.565892219543457,15.839307921693937,15.481038636532912,15.811024592876283,1778500
2024-12-26,15.603602409362793,15.820451432827658,15.386755184176545,15.537605584156424,3777200
2024-12-27,15.518749237060547,15.867591919985218,15.49046591025494,15.49989428528303,3551200
2024-12-30,15.462181091308594,15.575319795607056,15.141623527121427,15.320759059644537,3189000
2024-12-31,15.716740608215332,15.80159418028791,15.42446819234232,15.565890213037097,4338500
2025-01-02,16.15043830871582,16.2824337798814,15.801597373721389,15.886450962942504,3811700
2025-01-03,16.19757843017578,16.235290133353615,15.952446065544306,16.1787216794475,3319700
2025-01-06,16.235286712646484,16.433278957019844,16.1127214552941,16.301285326289836,3426500
2025-01-07,15.76388168334961,16.404996802706755,15.650744778921098,16.216434695899675,4799300
2025-01-08,15.575318336486816,15.63188678419728,15.19819235461952,15.4056111950769,4618600
2025-01-10,15.418569564819336,15.694071685339022,15.057568723161548,15.494569837378313,5985200
2025-01-13,14.715563774108887,16.197569711349377,14.592063128339756,16.197569711349377,7493200
2025-01-14,15.124067306518555,15.171567698879663,14.715565200605504,14.782066112308906,3913300
2025-01-15,15.304569244384766,15.627570838502594,15.285568724262697,15.49456900963745,4305900
2025-01-16,14.801067352294922,15.295070037549975,14.782067736859197,15.219069763817616,5559900
2025-01-17,15.228568077087402,15.371068345613805,14.848565851025976,15.010066638553024,4772100
2025-01-21,16.378074645996094,16.46357518177365,15.770072446679695,15.817571939005232,7664600
2025-01-22,16.321073532104492,16.644075126559756,16.121571694593026,16.16907299494782,3704900
2025-01-23,16.473073959350586,16.48257421935816,16.159572627058004,16.159572627058004,2712800
2025-01-24,16.425573348999023,16.748573107240393,16.39707257092367,16.463572574443635,3431000
2025-01-27,15.941073417663574,16.482575599512124,15.836572360819302,16.330575050641986,3992900
2025-01-28,15.80806827545166,16.21657034468325,15.789069569804612,15.988569569016825,4259000
2025-01-29,15.580069541931152,15.9125713961897,15.523069793540621,15.808070347482614,3204800
2025-01-30,15.72256851196289,15.855570329804126,15.494567725364007,15.760569549057296,2254800
2025-01-31,15.333066940307617,15.846070069100705,15.200066934467564,15.713070063260652,3242100
2025-02-03,14.725065231323242,15.105066552314383,14.601564575502469,14.886566019243132,4038800
2025-02-04,14.991065979003906,15.12406689277765,14.72506505745102,14.801065320751846,2606800
2025-02-05,15.02906608581543,15.048066604606536,14.677564642131403,14.725065033114562,2844400
2025-02-06,15.247566223144531,15.418567263880817,15.05756647609578,15.200066739379633,3638800
2025-02-07,14.820066452026367,15.238068823449812,14.725065665977047,15.209568044038232,3771400
2025-02-10,14.20256233215332,14.98156637705565,14.155061941879646,14.934065986781976,6011100
2025-02-11,13.756061553955078,14.202563819702048,13.74656219970107,14.060063539950413,4525600
2025-02-12,13.490059852600098,13.632561030356726,13.404559327145046,13.575560378055147,4119300
2025-02-13,13.604061126708984,13.756061667969133,13.461560845776267,13.623061647363848,3018300
2025-02-14,13.642061233520508,13.718061503991787,13.376060286871025,13.670562014443254,2931900
2025-02-18,13.984062194824219,14.107562850578146,13.604059968044142,13.680060232201235,6105000
2025-02-19,13.718061447143555,13.889062507992644,13.623061562445482,13.822562498104524,3464900
2025-02-20,13.670559883117676,13.718059365260745,13.490058589393646,13.613559236153627,3249500
2025-02-21,13.081558227539062,13.898561510799235,12.958057573209977,13.898561510799235,3879200
2025-02-24,13.205059051513672,13.290559581167212,13.11955942785481,13.11955942785481,4074800
2025-02-25,12.692056655883789,13.36655972036083,12.644557167423379,13.271559837445341,4828200
2025-02-26,12.768056869506836,12.96755780056138,12.502055930098997,12.882058178104858,5372400
2025-02-27,12.435555458068848,12.81555678591117,12.3880550655899,12.777556653126938,3979600
2025-02-28,12.435555458068848,12.692056127863758,12.15055400918979,12.49255520424788,5610700
2025-03-03,11.675551414489746,12.644556119484655,11.609051411360737,12.635055860182055,5935600
2025-03-04,11.39055061340332,11.552051406587074,11.219550466381133,11.485551399744814,7464800
2025-03-05,11.51405143737793,11.52355169734643,11.067549184799613,11.333551027949698,5273700
2025-03-06,11.694552421569824,11.80855281997897,11.286050314441075,11.295550574140496,6313700
2025-03-07,12.188553810119629,12.255053814182801,11.56155118325371,11.656551965625045,6642000
2025-03-10,11.495052337646484,12.046054756542462,11.495052337646484,11.941553704203596,6070300
2025-03-11,10.915548324584961,11.533051614249223,10.792047666652108,11.495051481500239,6804900
2025-03-12,10.877547264099121,11.286049335805863,10.76354687557517,11.219549335665528,9682800
2025-03-13,10.431046485900879,11.200550345907429,10.374046736860203,10.44054674607255,15707500
2025-03-14,10.507046699523926,10.678046836988248,10.20304474381979,10.630546446472483,8813600
2025-03-17,11.428549766540527,11.57105093383077,10.887047686423475,11.21004924508788,14031900
2025-03-18,11.504551887512207,11.618552296186767,11.238550933938235,11.305050945833049,7219700
2025-03-19,11.314550399780273,11.514051327237127,11.191049739355112,11.485551453598905,4659900
2025-03-20,11.248050689697266,11.73255308431643,11.172050420658339,11.248050689697266,6144700
2025-03-21,11.51405143737793,11.704052106774663,10.944049429187729,11.020049696946423,10717400
2025-03-24,12.084053993225098,12.13155438566438,11.799052544584034,11.799052544584034,8186100
2025-03-25,11.628052711486816,12.4070568734553,11.618552450805495,12.160055531709324,8641300
2025-03-26,11.381050109863281,11.713551948943872,11.238549839397098,11.637551683895959,5638900
2025-03-27,11.314550399780273,11.580551334391195,11.238550132748582,11.324050659657896,5056400
2025-03-28,10.849047660827637,11.295549873045836,10.71604675127478,11.172049222602736,5450000
2025-03-31,11.03904914855957,11.162549808350034,10.659047815354024,10.659047815354024,6171600
2025-04-01,11.5995512008667,11.618550813557253,11.04854884292173,11.08654897429743,8059300
2025-04-02,12.017552375793457,12.131553673351922,11.438050158845048,11.438050158845048,9424200
2025-04-03,9.91804313659668,11.029548088024915,9.68054209408628,10.697047172107103,17256400
2025-04-04,10.393045425415039,10.811047775786927,9.310041230167482,9.50954214602802,15444500
2025-04-07,9.832544326782227,10.45004672543266,9.367041556820654,9.823044066865844,12666200
2025-04-08,9.167540550231934,10.165045183064155,8.977539883500711,10.070045302695867,9618400
2025-04-09,10.706548690795898,11.143549790670326,9.091540686935256,9.120041467705516,14980300
2025-04-10,10.14604377746582,10.440544532387912,9.80404173175696,10.402544405752982,9135200
2025-04-11,10.227752685546875,10.295040236639405,9.718286917570456,10.150852365234233,6463600
2025-04-14,10.237364768981934,10.602641757069133,9.987439180689977,10.5353542044587,5828200
2025-04-15,9.94898796081543,10.391165223889983,9.852862110124594,10.189301670818468,6057800
2025-04-16,9.881699562072754,10.15085157904516,9.670224155953939,9.90092509902395,6218700
2025-04-17,10.32387638092041,10.42961499612497,9.862474514760937,9.862474514760937,7762100
2025-04-21,10.314264297485352,10.343102603577517,9.891312558765133,10.179689202618231,7233800
2025-04-22,10.602641105651855,10.746829888174997,10.371940153683742,10.429615850037818,5744500
2025-04-23,10.544965744018555,11.265906866671413,10.420002506085174,11.07365608397546,7013600
2025-04-24,10.794893264770508,10.852568968421938,10.44884179303456,10.516129350024388,4120500
2025-04-25,10.766054153442383,10.79489154230461,10.544965977625196,10.669929218326935,3750600
2025-04-28,10.61225414276123,10.86218063873986,10.420003344594637,10.8333432481959,6909200
2025-04-29,10.352716445922852,10.64109220295842,10.17969025832217,10.535354486493658,6363200
2025-04-30,10.122014045715332,10.160464205826607,9.85286292493641,10.122014045715332,5719400
2025-05-01,10.275814056396484,10.564190697919646,10.13162619399694,10.24697666726139,5986800
2025-05-02,10.669931411743164,10.79489376140933,10.410392108457465,10.410392108457465,4357400
2025-05-05,10.67954158782959,10.929468081348423,10.573803879059671,10.59302941704917,4744700
2025-05-06,10.602641105651855,10.756441740297264,10.439227702160085,10.46806600869917,5015600
2025-05-07,10.73721694946289,10.85256742362207,10.593029085944936,10.689154022715545,3258500
2025-05-08,10.91024398803711,11.121719415810384,10.852568288001756,10.93908137969271,4234400
2025-05-09,10.708379745483398,10.987143625374953,10.660316817904006,10.900630539076868,3267300
2025-05-12,11.602346420288086,12.669339952487807,11.43893301295523,11.631184727505024,10776800
2025-05-13,12.22716236114502,12.284837140725104,11.688859223627702,11.708084761303791,9459800
2025-05-14,11.438933372497559,11.77537296681037,11.150557625057028,11.150557625057028,25153700
2025-05-15,11.515832901000977,11.554283975850847,11.189007015293804,11.486995511587654,9759500
2025-05-16,11.881110191345215,12.025298975862274,11.583121686780016,11.621571845973078,7090000
2025-05-19,11.419708251953125,11.640796437569294,11.342807933762796,11.467771180003107,5803600
2025-05-20,11.025592803955078,11.438931744255557,10.881404034034807,11.429319892973417,9151300
2025-05-21,10.227752685546875,10.79489231867158,10.218139916326763,10.708380145862956,8970400
2025-05-22,10.42961597442627,10.612254001064896,10.3334901182644,10.410390436504255,9748200
2025-05-23,10.28542709350586,10.323877252264374,10.06433890982542,10.093176299713281,6030600
2025-05-27,10.669931411743164,10.871795008723955,10.410392108457465,10.496905209552699,9369500
2025-05-28,10.660317420959473,10.967918708110068,10.621867260065647,10.929468547216244,8862300
2025-05-29,10.746829986572266,11.121718807771883,10.621866740597692,10.910243391560238,13645300
2025-05-30,10.535353660583496,10.862180470774948,9.612548926929318,9.747124941927005,19085800
2025-06-02,10.016277313232422,10.516129443517126,9.977827149364368,10.391167098489113,11739600
2025-06-03,9.997050285339355,10.16046368664314,9.83363688403557,10.04511321220354,8126100
2025-06-04,9.862475395202637,9.997050493150912,9.775962308393545,9.997050493150912,5979400
2025-06-05,9.747124671936035,9.977825619778242,9.622161429340487,9.900925303830839,7697300
2025-06-06,9.766349792480469,9.862475650697247,9.708675010929701,9.843250112364242,6655800
2025-06-09,9.958600997924805,10.275815059550386,9.833637743841368,9.843250513399516,9057200
2025-06-10,9.987438201904297,10.141238830926367,9.891312350403473,10.035500210930648,6885500
2025-06-11,9.718286514282227,10.160463796092568,9.66061173480319,10.160463796092568,7091700
2025-06-12,9.679837226867676,9.708675535926616,9.516423809097041,9.670225373905536,6794300
2025-06-13,8.9492826461792,9.574097903317025,8.910832490612625,9.477972056038581,9826200
2025-06-16,9.324172973632812,9.410686067125997,9.055021840217256,9.151147703370611,8703000
2025-06-17,9.42029857635498,9.535649058915554,9.170372072444998,9.179984841839415,7338800
2025-06-18,9.208821296691895,9.401072081406163,9.189596676582495,9.362621924463308,5494300
2025-06-20,9.372234344482422,9.401071731936566,9.218433722428298,9.362621576423034,13067500
2025-06-23,9.324172973632812,9.410686067125997,9.093472002133764,9.256885419459966,7171400
2025-06-24,9.40107250213623,9.593323295454377,9.333784953655902,9.420298039830092,5817200
2025-06-25,9.314559936523438,9.487586118541705,9.218434992854291,9.372235636104241,5305500
2025-06-26,9.247272491455078,9.420298675478653,9.12230923818518,9.36262297522941,6413400
2025-06-27,9.497198104858398,9.602935809193369,9.304947316647514,9.381847631931867,10058500
2025-06-30,9.247272491455078,9.497198997994875,9.199209560701402,9.487586228499309,6461900
2025-07-01,9.795187950134277,10.170077726461392,9.189598112818151,9.228048275770353,8599900
2025-07-02,9.910538673400879,9.997050846544054,9.564486313931653,9.862475743838583,8041500
2025-07-03,9.881699562072754,9.98743818185622,9.766349090537748,9.90092509902395,3193500
2025-07-07,9.526036262512207,9.958600800068956,9.497198871134863,9.795187387723763,6387300
2025-07-08,9.641386985778809,9.775963010111036,9.28572276081953,9.564486662367297,6624800
2025-07-09,9.641386985778809,9.747125618012761,9.497199108563267,9.708675456307006,4583900
2025-07-10,9.727898597717285,9.97782506911527,9.593322593874365,9.689448441865597,7309300
2025-07-11,9.635437965393066,9.713300019111035,9.323989750521195,9.645170954155036,7648100
2025-07-14,9.878756523132324,9.92742053583614,9.606239351455327,9.684101400505897,7655300
2025-07-15,9.7814302444458,10.238870517039173,9.72303323867666,10.015016411144533,10187600
2025-07-16,9.56730842590332,10.024748664949247,9.411584326191221,9.878756625327517,6056000
2025-07-17,9.791162490844727,9.800894550910707,9.392118326096405,9.48944635226699,7045400
2025-07-18,9.674367904663086,9.878756004742739,9.606238847366132,9.849557969928158,3904500
2025-07-21,9.65490436553955,9.92742156548129,9.596507358600425,9.810628479791973,5184100
2025-07-22,9.917688369750977,10.053947430978631,9.76196425874161,9.810628275479267,9211800
2025-07-23,10.530851364135742,10.61844639707331,10.102610115338376,10.277800181213514,17514000
2025-07-24,10.978559494018555,11.815577941637786,10.861766416529822,11.679318887139829,44649600
2025-07-25,11.42626667022705,11.659852823468382,11.114818465905277,11.22187855409367,19861300
2025-07-28,11.708517074584961,11.796112115871825,11.212146720940874,11.543059980640637,19486000
2025-07-29,11.221879005432129,11.87397440559945,11.163482928867568,11.484664134539363,13816500
2025-07-30,10.968827247619629,11.270542460633123,10.81310221875428,11.231611435464,16396100
2025-07-31,10.51138687133789,11.20241325539573,10.51138687133789,10.998025143824007,15111900
2025-08-01,10.452990531921387,10.482189498414845,10.015016244597433,10.355663428176566,13367900
2025-08-04,12.9251127243042,13.032173742159967,10.871499474366665,11.10508563083381,63214800
2025-08-05,11.698784828186035,12.652595422173038,11.581990822867464,12.555267393803852,31784700
2025-08-06,12.47740650177002,12.61366556851014,11.689052925844424,11.70851797641361,16552400
2025-08-07,12.263285636901855,12.535802827356214,12.019966484806096,12.311948724769884,13824800
2025-08-08,12.107560157775879,12.389810326773075,11.727982888407608,12.30221621489577,11735900
2025-08-11,12.243818283081055,12.487137407829389,11.922637112668358,12.165956237416692,11707400
2025-08-12,12.204888343811035,12.302216373626768,11.854509107214385,12.214621332430385,14084100
2025-08-13,13.158699035644531,13.187897071439783,12.175689524712421,12.36061165566745,17968700
2025-08-14,12.302216529846191,12.672061748378013,12.14649149452577,12.603931755366299,16452200
2025-08-15,12.642863273620605,12.769389347630696,12.234087012415369,12.302217008075528,11654200
2025-08-18,12.516336441040039,12.866716602660055,12.44820737769787,12.61366446997646,10612000
2025-08-19,12.29248332977295,12.92511273616594,12.029698207364586,12.623397515832869,10315700
2025-08-20,11.981034278869629,12.273016490107365,11.844775232953555,12.175689395757724,9114100
2025-08-21,11.932372093200684,11.971303122534579,11.727983957150498,11.815579005199,6525600
2025-08-22,12.50660514831543,12.584467204967957,11.883707766906285,11.903172816974951,7217300
2025-08-25,12.165956497192383,12.399542639173161,11.903171391322394,11.971301378875069,10181800
2025-08-26,11.854508399963379,12.156223603651554,11.786378411881511,12.058896507831328,8748600
2025-08-27,12.866716384887695,13.061371511277077,12.165957001697064,12.263285028986184,20491400
2025-08-28,12.8180513381958,13.275491544485936,12.574732217771718,12.934844404616706,10191700
2025-08-29,12.594197273254395,12.993241410698008,12.496870181932291,12.944577400942565,6284800
2025-09-02,13.148966789245605,13.197630803774869,12.26328525193073,12.526069445286554,12913400
2025-09-03,13.256026268005371,13.538276425446286,12.993242086754991,13.1781642196209,25568900
2025-09-04,18.287866592407227,18.346262663471983,16.750087917888393,17.275658126604093,105608400
2025-09-05,18.30733299255371,18.511722051309395,17.42165140282742,18.365730927271255,36278400
2025-09-08,17.830425262451172,18.21973549291084,17.24645898857287,18.210002505102146,18907100
2025-09-09,17.518978118896484,17.74283128266284,17.051805814589898,17.74283128266284,12372400
2025-09-10,18.735572814941406,18.774504766397346,17.149132920664208,17.28539103800476,17510200
2025-09-11,19.085954666137695,19.163816719662684,18.4435922604621,18.70637553087282,9708500
2025-09-12,17.849891662597656,19.037288357834235,17.84015867455748,18.920496214107438,9939900
2025-09-15,19.105417251586914,19.38766833316443,17.489778378521347,17.74283049623227,14625100
2025-09-16,19.339006423950195,19.60178968919414,18.774506082898636,19.115151400136668,10204300
2025-09-17,19.348735809326172,19.88403899278918,19.09568555547394,19.56285782526241,11863000
2025-09-18,19.19301414489746,19.660188330102255,18.8620999478839,19.358471243404242,10429200
2025-09-19,18.3657283782959,19.494728970184635,18.180805323444826,19.407133936643476,11350400
2025-09-22,17.470314025878906,18.492253614664588,17.470314025878906,18.394925592785565,12084300
2025-09-23,17.489778518676758,18.03481471028841,17.343787410929146,17.674701578558484,8335600
2025-09-24,17.421649932861328,17.694168036082345,17.178330794535395,17.36325385944886,6226400
2025-09-25,17.324323654174805,17.324323654174805,16.935013364849798,17.119936448420887,6735300
2025-09-26,17.470314025878906,17.849891269191712,17.29512395777219,17.334054052697233,6866900
2025-09-29,16.779287338256836,17.645502865405636,16.681959312915044,17.557909684613474,8269400
2025-09-30,16.65276336669922,17.051806627703307,16.15639207356242,16.70142645457667,7212200
2025-10-01,16.526235580444336,16.89608171364781,16.35104550222982,16.74035761220773,7565200
2025-10-02,16.497037887573242,16.798753091383773,16.243985767598144,16.497037887573242,6069100
2025-10-03,16.4873046875,16.759820923678056,16.351044713033343,16.681958876716095,7381800
2025-10-06,15.338839530944824,16.351046235711276,15.309640564473346,16.351046235711276,9427700
2025-10-07,15.066320419311523,15.475096641062349,14.910596321156703,15.44589860470553,6963200
2025-10-08,15.153915405273438,15.212312405978235,14.608881063576554,15.056588308350555,6875300
2025-10-09,14.745139122009277,15.192846364873532,14.647812025501556,15.066320304043543,6548000
2025-10-10,14.043457984924316,14.828556192065545,13.79811456121496,14.828556192065545,9138100
2025-10-13,15.005203247070312,15.024831169537748,14.386937728008933,14.386937728008933,7757000
2025-10-14,15.554773330688477,15.64309617645199,14.7598602315298,14.769674193029372,8175000
2025-10-15,14.946321487426758,15.731421596030778,14.946321487426758,15.662724798379145,6878100
2025-10-16,14.622467994689941,14.867811423700921,14.46544834986866,14.808929524848393,4351100
2025-10-17,14.671536445617676,14.857997970412182,14.426193023664501,14.593026625465532,5328600
2025-10-20,15.19166374206543,15.427194130742212,14.632281057768626,14.769673706504179,5070700
2025-10-21,15.417380332946777,15.79030243840019,15.201477864334622,15.30942956659613,5014600
2025-10-22,15.437007904052734,15.652910380839113,15.034644835435547,15.24073335057007,4952400
2025-10-23,16.251548767089844,16.369314440627704,15.407567679474788,15.407567679474788,7056600
2025-10-24,16.261362075805664,16.506705503314674,16.153410368718724,16.40856775794671,5231700
2025-10-27,16.565587997436523,16.820745395838912,16.418382310002574,16.6244717698676,4879300
2025-10-28,16.477264404296875,16.869813488081974,16.290802887565825,16.516518376764544,4907000
2025-10-29,16.663724899291992,17.00720606705948,16.408567513859623,16.438009398578586,4759000
2025-10-30,16.231922149658203,16.781490906120215,16.143598365534796,16.545961439065067,6123800
2025-10-31,16.39875602722168,16.50670774899508,15.908069105447405,16.143600475102467,4994000
2025-11-03,16.222108840942383,16.86000140720754,16.12397109109654,16.30061866645468,5806300
2025-11-04,15.878626823425293,16.143598172629282,15.57440056351452,15.908066836566764,4933200
2025-11-05,16.653911590576172,17.017020695724035,15.800117490295767,15.849185428262468,6262700
2025-11-06,16.29080581665039,16.536149272106506,16.123972192067352,16.408569627048998,4997200
2025-11-07,16.781492233276367,16.977765868766955,16.104343792052227,16.261363449173484,5698300
2025-11-10,17.448823928833008,17.635283572035114,17.05627297682051,17.154410714823634,8225500
2025-11-11,17.1544132232666,17.959139423286143,17.124973207835897,17.41938459307458,6256300
2025-11-12,17.4782657623291,17.9198846934777,17.37031592390978,17.448825748133768,5017900
2025-11-13,17.213294982910156,17.703981815419727,17.06608743569991,17.488078411149615,3819900
2025-11-14,17.232921600341797,17.478265024664857,16.64409700760209,16.830558534197717,5774600
2025-11-17,17.3310604095459,17.645099712487767,16.958139205257904,17.095530932339496,6132300
2025-11-18,17.174039840698242,17.340873445452182,16.840372631190363,17.08571605748605,4057800
2025-11-19,17.164228439331055,17.605847421266137,17.036650662228737,17.546963642460078,4503900
2025-11-20,17.213294982910156,17.83155956827066,16.97776365610245,17.311430851954697,7621100
2025-11-21,18.204483032226562,18.410572501207437,17.174041302788062,17.301619071721397,7214300
2025-11-24,18.74423599243164,18.930697499129785,18.21429335397004,18.449822791568,6918000
2025-11-25,19.293806076049805,19.647101193918125,18.66572753034765,18.8325611280275,8785100
2025-11-26,19.882633209228516,20.26536838833028,19.23492665760001,19.333064410960503,7166600
2025-11-28,20.020023345947266,20.147602976698874,19.784493879738687,19.97095540908699,3597300
2025-12-01,20.85419273376465,20.88363462089174,19.82375101800152,19.951328785241724,12849600
2025-12-02,20.442014694213867,21.04065326771164,20.343876946978224,20.903259672853,17186200
2025-12-03,23.523527145385742,23.955332101722224,22.640291181105237,23.415577310167972,33426600
2025-12-04,23.729616165161133,24.20067508794713,23.33706706283947,23.61185049855375,15167300
2025-12-05,22.6599178314209,24.02402661214902,22.542152169283145,23.59222355189455,13488200
2025-12-08,22.002399444580078,22.68936181502136,21.70798806971774,22.659919928806378,10106900
2025-12-09,23.464645385742188,23.513713322784035,21.845379129677646,21.98277085085227,9449100
2025-12-10,23.709989547729492,24.23993226891246,22.954331314259793,23.091724911504567,10098700
2025-12-11,24.603036880493164,24.622664802550457,23.739428900010676,23.749242861039324,6282500
2025-12-12,24.98577308654785,25.093724790729258,24.514714167646396,24.73061757600921,6287200
2025-12-15,26.50690460205078,26.801315971546025,24.897452288076025,24.94652022571795,14301900
2025-12-16,26.850385665893555,26.889639641474435,26.14379538721941,26.448022589124925,9511000
2025-12-17,26.418581008911133,27.321444919568375,26.310629299127836,26.870012028328826,9174300
2025-12-18,27.02703285217285,27.556973681839207,26.654109794424485,26.820943399875745,6871700
2025-12-19,27.321443557739258,27.62566887617507,26.66392311349298,26.987776354878655,11572500
2025-12-22,26.6933650970459,27.62566897876539,26.585413392242533,27.478463299738287,6620700
2025-12-23,26.10453987121582,27.04665769142476,25.790500597812844,26.97796183434557,7332800
2025-12-24,26.153608322143555,26.34988380780665,25.721803376777796,26.14379436067822,2612600
2025-12-26,25.8690128326416,26.07510042313023,25.59422750683487,26.00640455963402,3597700
2025-12-29,26.428396224975586,26.61485776749798,25.515718309045152,25.672737964278138,5778800
2025-12-30,26.1928653717041,26.51671862765573,25.71199246873482,26.251747271380257,4532500
2025-12-31,25.878826141357422,26.37932509756927,25.83957029359548,26.153609588403636,3353600
2026-01-02,25.8690128326416,26.22230611231095,25.319442181028137,25.849384908265,5623800
2026-01-05,26.349884033203125,27.056472418355256,25.75124548144952,25.859197186669817,5525500
2026-01-06,27.66492462158203,27.92989409315562,26.26155995673458,26.26155995673458,7020900
2026-01-07,26.663923263549805,27.772874710953193,26.59522740466045,27.537345249694642,5300900
2026-01-08,27.23311996459961,27.46864942616132,26.693365182498418,26.722805195305025,4720500
2026-01-09,26.439538955688477,27.898543653548707,25.995923653384622,27.415494877106802,9186800
2026-01-12,25.50301742553711,25.887484410751465,23.541245263325973,23.93557249772097,13322800
2026-01-13,26.311384201049805,26.695851176467094,25.43400819519918,25.89734211971905,4679000
2026-01-14,25.315711975097656,26.567696609634726,25.098831621853748,26.163512889869466,5798300
2026-01-15,25.443866729736328,25.749470518626755,24.96081794508279,25.098831346329067,6016600
2026-01-16,25.079116821289062,25.59173883854496,24.842521610180587,25.374860365101757,5200800
2026-01-20,25.148122787475586,25.335428029235526,24.349613738297048,24.61578216782887,6223900
2026-01-21,25.63117218017578,25.779043951310786,25.118548285302285,25.256563567947662,5670500
2026-01-22,24.783370971679688,26.311384269255107,24.596067607950197,25.710036942830005,5610300
2026-01-23,23.797557830810547,24.783372181784195,23.738409496233793,24.665075512630683,8320100
2026-01-26,23.629968643188477,24.0144375077207,23.551103572567538,23.669402118644744,6143300
2026-01-27,23.107486724853516,23.86656227419148,22.96947145018995,23.846847418060808,5774700
2026-01-28,22.801883697509766,23.334224316582887,22.673728667154126,23.314507579515393,5239800
2026-01-29,22.979331970214844,23.018765446751743,22.565289868035673,22.821601824650557,4836400
2026-01-30,22.979331970214844,23.344084107014545,22.594864975438348,22.67373004822049,4838300
2026-02-02,24.300321578979492,24.320038315811352,23.068053731360944,23.156777166812798,6785300
2026-02-03,23.67926025390625,24.605924354487573,23.501813376686805,24.339755918949983,4856100
2026-02-04,23.836990356445312,23.886280319910977,23.12720284867363,23.659543479502393,4430900
2026-02-05,22.762451171875,24.25103091428746,22.40755744035399,23.66940035664645,5085300
2026-02-06,23.422948837280273,23.669402421157013,23.16663688441347,23.43280720627034,3683500
2026-02-09,23.225784301757812,23.54124457582783,22.93004076489006,23.37365607019169,3477100
2026-02-10,23.29479217529297,24.22145818727882,22.99904862352531,23.107488803309554,3406300
2026-02-11,23.501811981201172,24.241172672186213,23.324365114518127,23.491953613019728,3932700
2026-02-12,24.191884994506836,25.33542948738756,23.70883430948899,24.044011338122132,6186900
2026-02-13,25.118547439575195,25.246704349124393,24.083443196189943,24.280604924301098,4899500
2026-02-17,24.576351165771484,25.68046214524766,23.62011007714712,25.394576971742637,5876200
2026-02-18,24.71436309814453,25.069256832013185,24.08344257597046,24.19188274582843,3712500
2026-02-19,24.5960693359375,24.79323108218189,23.846850187508757,24.2904655267774,3185900
2026-02-20,24.901670455932617,25.60159773484597,23.93557285392899,24.191884807983516,5984200
2026-02-23,23.31450843811035,24.37918783517362,22.535716098179396,24.37918783517362,5420800
2026-02-24,23.422948837280273,23.876422529073494,23.1863536223936,23.314508658681188,3757200
2026-02-25,23.698976516723633,23.93557172151311,23.39337273194879,23.58067797418312,3855700
2026-02-26,24.5566349029541,24.87209518890314,23.83699089059641,23.89613922413895,4191400
2026-02-27,24.221458435058594,24.28060676995887,23.610254587075193,24.12287662336369,4013600
2026-03-02,22.180822372436523,23.560962055107584,22.072382194700186,23.511672090841035,7289300
2026-03-03,21.924509048461914,22.180820983236515,20.899263189655002,21.510466981563173,5932600
2026-03-04,22.131532669067383,22.713163279668926,21.92451068006586,22.151247526831444,10601000
2026-03-05,19.055789947509766,20.702099869485252,18.55302443933014,20.357064495602195,15111800
2026-03-06,18.198131561279297,18.89806071071629,18.168558334876405,18.533308582650545,9083400
2026-03-09,18.207988739013672,18.296712173001293,17.320756279428938,17.8038050420885,11952300
2026-03-10,18.49387550354004,19.528979711007693,17.961534907499672,17.981251643714085,9362900
2026-03-11,17.912246704101562,18.582600758808717,17.813664893651985,18.326288803756473,4564300
2026-03-12,17.310897827148438,17.764373363138606,17.232032761796862,17.67564992958165,5151500
2026-03-13,17.33061408996582,17.73479777388396,17.241890658833405,17.537636056038593,4590800
2026-03-16,17.163026809692383,17.793947359893057,17.094020109550627,17.399622016017634,4308300
2026-03-17,17.28132438659668,17.646074604174594,17.02501245733821,17.577067907891823,4131600
2026-03-18,17.00529670715332,17.606644032983635,16.94614837552312,17.163026845028227,4349000
2026-03-19,17.251750946044922,17.439056197083637,16.630688739315623,16.877142324259122,5831800
2026-03-20,16.97572135925293,17.350331841585525,16.817991223626006,17.24189166823269,7428200
2026-03-23,16.630687713623047,17.498203451792076,16.581395871499428,17.448913489959974,8308200
2026-03-24,16.088489532470703,16.502531625451564,15.980049354694978,16.315226376645754,5773600
2026-03-25,16.28565216064453,16.72926745312451,16.108205291535942,16.39409045153973,4604600
2026-03-26,15.842035293579102,16.482814204165273,15.832176925072664,16.04905727163122,4976800
2026-03-27,15.90118408203125,16.12792280362277,15.625157277071883,15.70402234710193,6266900
2026-03-30,15.8617525100708,16.512389808831273,15.536433860690565,16.265936229594985,4716100
2026-03-31,16.46310043334961,16.739127248570448,16.009624853599913,16.22650333417224,4774400
2026-04-01,17.074304580688477,17.439056724770168,16.49267395219899,16.591255765217692,4472900
2026-04-02,16.601112365722656,17.17288456395955,16.512388931488353,16.906714261256646,5204100
2026-04-06,17.23203468322754,17.251751421836786,16.660262425601186,16.788419346269603,3665500
2026-04-07,17.113737106323242,17.35033231623613,16.808133314930622,16.975721823655366,5198400
2026-04-08,18.05025863647461,18.296712202326006,17.567209873040852,18.089692109550747,6649100
2026-04-09,18.27699851989746,18.533308590187605,17.813664582953226,17.922104760585555,3344100
2026-04-10,18.182708740234375,18.38121068788343,17.95443282557637,18.331584254443733,4607400
2026-04-13,17.944507598876953,18.073532540141763,17.33907836027276,17.954432885598074,7341100
2026-04-14,17.636831283569336,18.252183915868645,17.57727956323982,18.063609147323145,4146600
2026-04-15,19.274465560913086,19.294316134180537,18.23233507408506,18.39113587411495,10774400
2026-04-16,19.026338577270508,19.502740964916654,18.798062669821913,19.185139373152555,5513900
2026-04-17,19.274465560913086,19.750867961002765,19.21491573416559,19.43326636094298,4021400
2026-04-20,19.73101806640625,19.939445306773862,19.11566541838837,19.33401605267618,4605400
2026-04-21,19.1652889251709,20.34637150865552,19.07596324027388,19.75086757369366,4968100
2026-04-22,18.569786071777344,19.572217343852977,18.490385668694863,19.165290041423404,4450600
2026-04-23,18.05368423461914,18.639262911939984,17.765856592894867,18.490385501086784,3860000
2026-04-24,17.775781631469727,18.033833408807038,17.6666053698507,17.994132261652886,2725400
2026-04-27,17.755931854248047,17.90480926969839,17.53758121427184,17.765857141481735,4085700
2026-04-28,17.239830017089844,17.994132909632725,17.071103921718553,17.755931697294717,3915400
2026-04-29,16.991703033447266,17.190203091545435,16.793201082294193,17.051252861571225,3899600
2026-04-30,17.289453506469727,17.34900333266264,17.021476449019353,17.05125230864323,3862400
2026-05-01,16.813051223754883,17.368854022416862,16.664175710745138,17.289453622608008,5013800
2026-05-04,16.277097702026367,16.7733506922897,16.19769729930643,16.555000058073606,4518400
2026-05-05,16.53514862060547,16.753499243418513,16.28702213843185,16.366422537005217,3648000
2026-05-06,16.783275604248047,17.52765507301028,16.773350317497965,17.081026634530986,4205800
2026-05-07,16.51529884338379,17.061178266298395,16.296948210050896,16.86267631377401,2985400
2026-05-08,16.55500030517578,16.862676633676088,16.32672438058055,16.564925592295783,2571900
2026-05-11,15.403693199157715,16.604624521241206,15.373917338383157,16.574850553521564,4548200
2026-05-12,15.542643547058105,15.70144435294196,14.87766446252386,15.244891562762144,6491200
2026-05-13,15.304442405700684,15.403693383079366,14.917364729756786,15.314367692744046,5008300
2026-05-14,15.413617134094238,15.840394995361795,15.314367107038889,15.572417934604744,3471200
2026-05-15,15.175415992736816,15.493017595001165,15.135715792453773,15.324291507166372,3718500
2026-05-18,14.748638153076172,15.373917018416558,14.65931341219392,15.254816417379452,5026100
2026-05-19,15.244891166687012,15.493017656065868,14.579912099429484,14.947140136654339,6323500
2026-05-20,16.277097702026367,16.29694827597008,15.086090714699859,15.314367582415272,5871300
2026-05-21,16.425973892211914,16.63440114103442,15.701444951132016,16.028971862377382,5807900
2026-05-22,16.406124114990234,16.574850203035076,16.23739802694539,16.505373196030245,3579300
2026-05-26,17.00162696838379,17.10087794711929,16.654251382391987,16.7138012124113,5394000
2026-05-27,17.428403854370117,17.845256426758525,17.1604286880921,17.269603054703566,5577500
2026-05-28,17.785707473754883,18.321659725690953,17.219979360523215,17.25967861586239,13381100
2026-05-29,15.681594848632812,15.73122033749314,14.43103707268442,14.540212390955164,18496200
2026-06-01,16.019044876098633,16.19769624384104,15.264741099410765,15.681593659791446,9423800
2026-06-02,15.91979694366455,16.10837171823667,15.671669500332246,15.850320880920517,4446300
2026-06-03,16.217548370361328,16.257247626410724,15.512869064725994,15.681595162309629,5086100
2026-06-04,16.53514862060547,16.604623732725308,15.999196403498965,16.227472312765535,5908600
2026-06-05,16.31679916381836,16.555000376560713,16.098446632346647,16.287023302329953,4522400
2026-06-08,17.160429000854492,17.378779631111897,16.296947980507003,16.3664230949955,5428400
2026-06-09,17.438329696655273,17.98420911932654,17.001626537129244,17.428404409727985,4722000
2026-06-10,17.398630142211914,18.212484725677037,17.21997876670886,17.36885428194311,5021300
2026-06-11,18.152935028076172,18.172783708675837,17.428404234123768,17.70630658612297,5060700
2026-06-12,18.649187088012695,19.02633850350667,18.232334527174725,18.28195906579992,7043300
2026-06-15,18.321659088134766,19.13551556439929,18.192634146453553,18.71866298604132,5969900
2026-06-16,17.40855598449707,18.530086920976423,17.35892954913209,18.222410593933315,4976500
2026-06-17,16.971853256225586,18.242259745450898,16.922226819580853,17.547506669919553,5019300
2026-06-18,17.676530838012695,18.083458135243646,17.12072802353589,17.239829573165515,6205500
2026-06-22,17.65668296813965,17.726158086507912,17.39863117630396,17.607056531408748,3941500
2026-06-23,17.597129821777344,17.80555705309103,17.33907805079865,17.35892862388659,3745700
2026-06-24,18.361360549926758,18.649188191537913,17.636831642019583,17.736082618197738,5318800
2026-06-25,17.914731979370117,18.4010615699637,17.884958011861666,18.4010615699637,4013100
2026-06-26,17.74600601196289,18.093383482056954,17.468105550331572,17.597130494223983,7111600
2026-06-29,16.942075729370117,17.468104547782396,16.723725108755204,17.468104547782396,5160600
2026-06-30,17.071104049682617,17.090952731068352,16.435898918964842,16.97185307053406,3519000
2026-07-01,17.160429000854492,17.219978828551078,16.733651134076705,16.942076477542194,3467300
2026-07-02,16.336647033691406,17.07110310282056,16.197696806423394,17.07110310282056,6773600
2026-07-06,16.3763484954834,16.584773840395926,15.949570625742624,16.267172233069275,4156900
2026-07-07,16.396198272705078,16.832899515037553,16.217546903998695,16.435897525164933,5072100
2026-07-08,16.197696685791016,16.40612391819564,15.731219574111872,16.36642277181196,4144500
2026-07-09,16.55500030517578,16.67409996450592,16.108371850050375,16.277097944980532,3871500
2026-07-10,16.809999465942383,16.860000610351562,16.31999969482422,16.549999237060547,2666500
2026-07-13,16.030000686645508,16.950000762939453,15.920000076293945,16.68000030517578,5934600
2026-07-14,16.149999618530273,16.229999542236328,15.739999771118164,16.209999084472656,4696200
2026-07-15,17.40999984741211,17.520000457763672,16.209999084472656,16.31999969482422,7390800
2026-07-16,17.489999771118164,17.93000030517578,17.239999771118164,17.290000915527344,4949800
2026-07-17,17.030000686645508,17.8799991607666,16.860000610351562,17.229999542236328,3697900
2026-07-20,17.540000915527344,17.8700008392334,17.110000610351562,17.489999771118164,4718300
2026-07-21,17.360000610351562,17.520000457763672,16.979999542236328,17.290000915527344,3633800
2026-07-22,17.81999969482422,17.93000030517578,17.299999237060547,17.420000076293945,3415600
2026-07-23,17.079999923706055,17.6299991607666,16.979999542236328,17.440000534057617,3197100
2026-07-24,17.0,17.329999923706055,16.690000534057617,16.850000381469727,3768300
2026-07-27,17.770000457763672,17.809999465942383,17.34000015258789,17.510000228881836,3977500
2026-07-28,18.139999389648438,18.290000915527344,17.860000610351562,17.940000534057617,4568800
2026-07-29,17.540000915527344,17.940000534057617,17.229999542236328,17.729999542236328,3819600
2026-07-30,17.309999465942383,17.5,17.079999923706055,17.5,2385900
2026-07-31,17.18000030517578,17.420000076293945,16.940000534057617,17.100000381469727,4469000
2026-08-03,17.8700008392334,17.8799991607666,17.309999465942383,17.329999923706055,4596000
2026-08-04,18.079999923706055,18.229999542236328,17.600000381469727,17.68000030517578,4435700
2026-08-05,17.81999969482422,18.43000030517578,17.790000915527344,18.079999923706055,3094000
2026-08-06,17.719999313354492,18.110000610351562,17.600000381469727,17.739999771118164,4971900
2026-08-07,17.969999313354492,18.049999237060547,17.440000534057617,17.75,2756800
2026-08-10,18.31999969482422,18.459999084472656,17.75,18.100000381469727,3972500
2026-08-11,17.360000610351562,18.100000381469727,17.329999923706055,17.969999313354492,4091400
2026-08-12,16.239999771118164,17.25,16.209999084472656,17.229999542236328,8730000
2026-08-13,16.299999237060547,16.40999984741211,15.819999694824219,16.389999389648438,5984100
2026-08-14,16.170000076293945,16.3799991607666,16.09000015258789,16.299999237060547,3278600
2026-08-17,16.350000381469727,16.489999771118164,15.949999809265137,16.010000228881836,4254000
2026-08-18,16.350000381469727,16.670000076293945,16.25,16.549999237060547,3184800
2026-08-19,16.670000076293945,17.0,16.600000381469727,16.6200008392334,4230800
2026-08-20,16.0,16.440000534057617,15.850000381469727,16.43000030517578,4147700
2026-08-21,16.170000076293945,16.389999389648438,16.100000381469727,16.239999771118164,3143400
2026-08-24,16.8700008392334,16.950000762939453,16.34000015258789,16.3700008392334,4394500
2026-08-25,16.729999542236328,16.8799991607666,16.43000030517578,16.8799991607666,4658000
2026-08-26,17.59000015258789,17.799999237060547,17.139999389648438,17.229999542236328,7608200
2026-08-27,16.690000534057617,17.40999984741211,16.610000610351562,17.270000457763672,4277500
2026-08-28,16.8700008392334,17.350000381469727,16.850000381469727,17.059999465942383,4748400
2026-08-31,16.6299991607666,16.770000457763672,16.440000534057617,16.5,4995300
2026-09-01,16.579999923706055,16.940000534057617,16.170000076293945,16.399999618530273,4928200
2026-09-02,16.65999984741211,16.950000762939453,16.459999084472656,16.649999618530273,4387300
2026-09-03,17.010000228881836,17.170000076293945,16.440000534057617,16.799999237060547,5192400
2026-09-04,17.389999389648438,17.389999389648438,16.59000015258789,16.719999313354492,5379800
