Date,Close,High,Low,Open,Volume
2019-03-13,35.13079833984375,35.22041635413628,34.05536507479288,34.59307999796426,306000
2019-03-14,35.811893463134766,36.43026920104977,35.2383301377175,35.39964525032949,279700
2019-03-15,36.76187515258789,36.78875987630644,36.29585390211815,36.3406629145519,164200
2019-03-18,36.61848068237305,37.39816836237853,36.26896563336053,37.39816836237853,581700
2019-03-19,35.4444580078125,37.10241830377464,34.99636118491043,37.10241830377464,2540200
2019-03-20,33.69688034057617,35.71421520116111,33.5714137748266,35.71331608108503,5147900
2019-03-21,34.84401321411133,34.87089793205144,33.91197091349934,34.055361773692894,8865500
2019-03-22,33.5714111328125,34.80815924689936,32.7558751009141,34.73646211856632,4902500
2019-03-25,32.666259765625,33.88508369674335,32.57663834792069,33.66999571296054,4035100
2019-03-26,32.89927673339844,33.47284027342467,32.67522826190642,32.67522826190642,3350900
2019-03-27,32.44221878051758,33.311524509770315,32.316752185700174,32.9351247253181,2871300
2019-03-28,31.967235565185547,32.68419343794132,31.859693251755584,32.38844780262329,2220600
2019-03-29,32.15543746948242,32.4153310972549,31.716300962714524,32.15543746948242,2679200
2019-04-01,32.39739990234375,32.56767545505654,32.209196648737,32.41532076582319,4338400
2019-04-02,31.994112014770508,32.6752176425164,31.55497564913304,32.45116924383973,1491200
2019-04-03,31.814882278442383,32.16439733957842,31.63564282130105,32.06581546721527,2831600
2019-04-04,32.28986358642578,32.325712161209864,31.71630006471347,31.86865479819169,2223200
2019-04-05,33.14124298095703,33.23982483603658,32.2092007021965,32.25401312265643,2116200
2019-04-08,33.024742126464844,33.10539971000979,32.84550609077229,33.10539971000979,1929000
2019-04-09,33.060585021972656,33.221900161352,32.791727595909634,32.98889130375275,1793900
2019-04-10,32.20023727416992,33.203973178628324,32.13750399381048,33.07850661790945,843600
2019-04-11,32.63041687011719,32.711074450716595,31.841765350779447,32.24505325377648,978200
2019-04-12,33.11436462402344,33.23087078592312,32.19128260083112,32.684191970903484,3175200
2019-04-15,33.14124298095703,33.1502068325321,32.68418569315183,33.07850969476235,891200
2019-04-16,33.347373962402344,33.410107261461505,33.096440766165706,33.25775594052023,1869000
2019-04-17,34.24356460571289,34.279413178546406,33.32048607685234,33.32048607685234,2122100
2019-04-18,33.98366928100586,34.38695719879006,33.98366928100586,34.36007247717386,2315200
2019-04-22,33.3742561340332,33.94781957638134,33.25774999146006,33.91197100655764,1665000
2019-04-23,33.69688034057617,33.89404404030122,33.22189879346493,33.356329210315195,5455100
2019-04-24,33.56246566772461,33.8402836171351,33.454923345975665,33.61623511924469,1230800
2019-04-25,33.73274230957031,33.76859089080068,33.195027265950294,33.58935140335772,1422800
2019-04-26,33.97470474243164,34.00158946080006,33.517647436629275,33.87612288347031,2505700
2019-04-29,34.709590911865234,34.87090609468234,33.77754839307942,33.82236082507973,1716800
2019-04-30,34.503456115722656,34.75438924803241,33.95677743286995,34.58411368235186,1810000
2019-05-01,34.71855545043945,34.772324899966506,34.13602801003305,34.64685829279187,1475000
2019-05-02,33.01578903198242,34.7723285544526,32.711082917373595,34.72751953556786,2627700
2019-05-03,33.17708969116211,33.39217425500628,32.83653514325009,33.0336988423635,1229700
2019-05-06,33.43699264526367,33.51765022578867,32.684189699933086,32.908238154868286,1533900
2019-05-07,32.89031219482422,33.35633336762402,32.77828797305622,33.13228492408803,1412300
2019-05-08,32.99785232543945,33.230864605905,32.50494646574224,32.76484346368162,2108700
2019-05-09,34.02847671508789,34.619964434803286,33.11435870848996,34.127058571491744,3458200
2019-05-10,34.10017013549805,34.27940956204768,33.14124313497137,33.965743129616605,1633500
2019-05-13,33.60727310180664,34.18980053638806,33.35633988996657,33.58934881257398,1598400
2019-05-14,33.5893440246582,34.077771435177844,33.52212880429391,33.64311688469127,1663100
2019-05-15,33.365291595458984,33.589340024183834,33.27567359145213,33.3742554470843,873900
2019-05-16,32.54975509643555,33.69688194500176,32.513906527740936,33.41010023286021,2680000
2019-05-17,33.217166900634766,33.43362220066971,32.5407380671594,32.5407380671594,1084400
2019-05-20,33.08187484741211,33.49675031131174,32.95560870105087,32.95560870105087,996400
2019-05-21,33.532833099365234,33.84399147101551,33.045803502128734,33.20814670120757,1272400
2019-05-22,33.07286071777344,33.632044396700095,33.027766147665204,33.460680213595566,830200
2019-05-23,32.928558349609375,33.0367894540904,32.63093141352508,32.82033068562376,1860100
2019-05-24,32.87443923950195,33.154027598653535,32.8293446758157,32.92855133972759,828100
2019-05-28,32.61289978027344,33.32540588627834,32.567805197468495,33.00071938528896,2384600
2019-05-29,31.837247848510746,32.612886748607025,31.819209334497486,32.46858207699572,1437600
2019-05-30,31.395320892333984,32.193505471408166,31.287089792412367,31.891368058574653,1079700
2019-05-31,31.30513000488281,31.39532259303661,30.89025442086168,31.16082530433217,1736500
2019-06-03,30.466354370117188,31.395318999032387,30.051478833589265,31.214937283869578,2219500
2019-06-04,30.74595069885254,31.39532359224549,30.43930277036093,30.691835144237945,2276200
2019-06-05,30.68281364440918,31.17886078927172,30.574585989647105,30.88123387855224,1346900
2019-06-06,30.430280685424805,30.87221227368793,30.304011076854582,30.673792043572625,1209100
2019-06-07,30.37616729736328,30.709871256773585,30.35812878057147,30.52047199120249,925100
2019-06-10,30.430280685424805,30.69904527718766,30.267937486329565,30.53850833798996,1142800
2019-06-11,30.511451721191406,30.70085096980452,30.349108525095893,30.457336175661244,1201800
2019-06-12,31.29611587524414,31.32768242441249,30.484399695921013,30.49342067596673,2240300
2019-06-13,31.512563705444336,31.67490690254781,31.20591582652609,31.53060222073305,1315400
2019-06-14,31.530601501464844,31.710983209742224,31.16984152540501,31.55766099402815,2414700
2019-06-17,32.288204193115234,32.43701937094023,31.60275778208052,31.729023954600446,2288000
2019-06-18,32.315269470214844,33.117964659582334,32.20703835397741,32.54976334107105,2680900
2019-06-19,32.234092712402344,32.540740611844164,31.882346801472863,32.36035888737923,2011500
2019-06-20,31.882343292236328,32.60387011067881,31.846269703710085,32.60387011067881,1879700
2019-06-21,32.36035919189453,33.370492041710335,31.602758694408863,31.891368080070524,4338300
2019-06-24,32.053707122802734,32.27918339107147,31.918419985643563,32.21605031119581,1621000
2019-06-25,31.73803901672364,32.0356693491572,31.47648915426084,31.97253626782188,1853700
2019-06-26,31.84627151489257,32.36937470346931,31.71098436861676,31.98155522067335,2271900
2019-06-27,32.24311065673828,32.576814614881926,31.6207973120117,31.89136818187129,2880900
2019-06-28,32.94659423828125,33.045804355892045,32.17095525386428,32.36937548908586,4921100
2019-07-01,32.43251037597656,33.25324397566328,32.21154456388657,33.20814940347078,2608800
2019-07-02,32.94659423828125,32.982671270229744,32.43250857474816,32.43250857474816,1431200
2019-07-03,32.78424835205078,33.16305027551978,32.748174763549564,33.09991719502409,918900
2019-07-05,32.973655700683594,33.16305496897571,32.53172063417332,32.72111990246543,1190600
2019-07-08,32.58584213256836,33.311876234025306,32.513688051195665,32.79327995577092,910700
2019-07-09,32.47759246826172,32.730128168391424,32.27917573875967,32.450536423441896,1661300
2019-07-10,32.594852447509766,32.838367257421126,32.495642327861226,32.56779639324024,1177600
2019-07-11,32.7481803894043,32.80229250169954,32.3333013656666,32.585837171527686,1206500
2019-07-12,33.33441162109375,33.37950618792822,32.75719290842466,32.75719290842466,1582900
2019-07-15,33.40656280517578,33.559885007315785,33.018743370887435,33.47871341780207,1344900
2019-07-16,33.09089660644531,33.46969853436637,33.018745988100044,33.44264248254876,1613100
2019-07-17,32.62191390991211,33.11796459039119,32.55246750274419,33.02777199371509,1892200
2019-07-18,33.01875305175781,33.15403678028184,32.46859027713811,32.55877942948747,3001300
2019-07-19,32.87443923950195,33.154027598653535,32.64896298057601,33.10893303496728,1934300
2019-07-22,32.757198333740234,33.04580773787487,32.72112129809953,32.89248549714512,1557800
2019-07-23,32.928558349609375,33.14501711807601,32.4595706588399,32.78425365079675,2003200
2019-07-24,33.27128219604492,33.44264638554227,32.86542416893974,32.883462685755006,1233500
2019-07-25,33.75830841064453,33.85751852283611,33.280299805170515,33.289317342417505,1411800
2019-07-26,33.81242370605469,34.29944984518114,33.66811902770335,33.70419261692,915600
2019-07-29,33.99280548095703,34.1280926360867,33.67714003964818,33.767329182737775,885800
2019-07-30,34.137107849121094,34.32651054150147,33.82144242931219,33.82144242931219,1825500
2019-07-31,33.5508918762207,34.00184471477072,33.16487498031895,34.00184471477072,1831300
2019-08-01,33.22618865966797,33.776351397944445,33.09090149958525,33.5147980567154,1757900
2019-08-02,32.973655700683594,33.23520559668423,32.73014088123858,33.226188058406414,1113400
2019-08-05,32.46858215332031,32.90149616917188,32.2431058883667,32.721114469110034,2043700
2019-08-06,32.82935333251953,32.92856002259103,32.333302679684145,32.405456753004046,1536300
2019-08-07,33.181095123291016,33.307361308382816,32.25213037205254,32.51368372145442,1784900
2019-08-08,31.56668281555176,33.67714117569704,31.46747269050933,33.67714117569704,3361100
2019-08-09,31.90038108825684,32.071745251999985,31.458449534434003,31.52158261355155,1337100
2019-08-12,31.395320892333984,31.81921399196024,31.269051275758763,31.81921399196024,1335100
2019-08-13,31.56668281555176,32.044691482943016,31.269052440424485,31.269052440424485,1708100
2019-08-14,30.358131408691406,31.368264353013625,30.09657805331025,31.368264353013625,1372300
2019-08-15,29.59151077270508,30.69183277427265,29.50131818864525,30.349111276331183,2007500
2019-08-16,29.77189064025879,30.024426448536744,29.50131975470677,29.84404471133691,1399300
2019-08-19,30.30401039123535,30.57458467726912,30.03343954569655,30.042460523494988,1622600
2019-08-20,30.08755683898925,30.50243238895132,29.988346720412427,30.213823011543347,1711200
2019-08-21,29.898155212402344,30.22283815590197,29.645619446798328,30.186764566954167,1408700
2019-08-22,29.60052490234375,30.06951596396436,29.51935330628451,29.934228823700664,1438800
2019-08-23,28.355897903442383,29.510337094610296,28.25668778819234,29.456221547975257,1459900
2019-08-26,28.59941291809082,28.698623040056003,28.21159512910836,28.563337604806527,1508600
2019-08-27,28.518245697021484,28.90606352222992,28.509226437796013,28.770778074343458,1763500
2019-08-28,28.46412849426269,28.806853444003632,28.256690704826063,28.56333861975313,1002000
2019-08-29,29.26682472229004,29.582490169265,28.558829270793066,28.66254816340593,1727100
2019-08-30,29.58248710632324,30.042460641999067,29.28486020720504,30.00638361165293,1295500
2019-09-03,29.45532989501953,29.73235377792096,29.21009546762528,29.42808278023932,904800
2019-09-04,30.163787841796875,30.20920086258949,29.550703399118024,29.655156465253302,970400
2019-09-05,30.799579620361328,30.908571560012582,30.18195285435208,30.445353217901285,965300
2019-09-06,30.763240814208984,31.199211938336344,30.63608300277065,30.835904400625463,875100
2019-09-09,30.872238159179688,30.899485273425185,30.254611494483136,30.59067194107691,792500
2019-09-10,31.08114051818848,31.262792564646134,30.66333180288006,30.66333180288006,1421800
2019-09-11,30.85407257080078,31.0902223144747,30.536174553989213,30.97214571024236,1073800
2019-09-12,30.608842849731445,30.99031637078132,30.508932128087537,30.99031637078132,1159600
2019-09-13,30.61792182922364,30.95398577105461,30.381772066523112,30.59067471250962,938800
2019-09-16,30.41810417175293,30.57250912107578,30.290942874627497,30.445351288741417,653100
2019-09-17,29.80955696105957,30.39085185558016,29.718730933087308,30.39085185558016,890000
2019-09-18,29.518909454345703,29.827722799536645,29.09201950119593,29.6823990761992,1207900
2019-09-19,29.03752517700196,29.66423485201509,28.97394626100268,29.582490036474447,629400
2019-09-20,29.13743782043457,29.33725578715137,28.72871200758702,28.96486350602645,1538800
2019-09-23,29.22826385498047,29.36904524638898,28.95578055720445,29.21009795531629,841400
2019-09-24,28.63788795471192,29.382670836076827,28.51981133112801,29.35542371709259,1201700
2019-09-25,29.06477165222168,29.219176588524533,28.592468697098184,28.592468697098184,1456400
2019-09-26,28.58338737487793,29.119271003702323,28.474395445120297,29.119271003702323,1314000
2019-09-27,28.592470169067383,28.80137281029735,28.27457386627651,28.61971901755648,860400
2019-09-30,28.64696884155273,28.928533355946183,28.46531331023052,28.774126674040964,700200
2019-10-01,28.31998634338379,29.073852034795472,28.2745715995428,28.79228928495804,880700
2019-10-02,27.5297908782959,28.338156104935788,27.48437786065801,28.147417619586392,1123900
2019-10-03,27.60245132446289,27.63878312261862,26.94849454921913,27.47529349570881,1061100
2019-10-04,27.688739776611328,27.95668073718359,27.557039600717463,27.7023633353605,996300
2019-10-07,27.69328117370605,28.192833041607724,27.684198223482863,27.711447074152435,951500
2019-10-08,27.280012130737305,27.43895940339037,26.893996335782514,27.43895940339037,1232500
2019-10-09,27.48437690734864,27.62061768793229,27.193729446798024,27.4389621588904,1147600
2019-10-10,27.63424301147461,27.729613123131127,27.293640172060893,27.448046861890937,1161300
2019-10-11,28.301820755004883,28.592468189180767,27.82043485940397,27.838600757138806,1571700
2019-10-14,28.165584564208984,28.27457650354045,27.92489244348932,28.21099758353116,1178700
2019-10-15,28.55613899230957,28.619717903914687,27.97484237392977,28.174663790283464,1148900
2019-10-16,28.687837600708008,28.692379941505173,28.39264954752269,28.4743943579175,1159900
2019-10-17,28.60155296325684,28.810455603352462,28.29273961163919,28.610635912703884,2047600
2019-10-18,28.633346557617188,29.12835611343903,28.5924741453972,28.728714941998604,2453800
2019-10-21,29.14651870727539,29.205555281918965,28.67421571575364,28.801373547165063,1581800
2019-10-22,29.764144897460938,29.845889711162485,28.999377174972008,29.21009710068277,1518800
2019-10-23,29.61882209777832,29.98212969744904,29.518911381811765,29.85497186432473,905100
2019-10-24,28.701461791992188,29.727810758644235,28.33815249992045,29.57340582535969,1454000
2019-10-25,28.79228973388672,29.119268965058733,28.71962787500353,28.71962787500353,1280500
2019-10-28,29.25550842285156,29.66423246770293,28.81045431423306,28.81045431423306,2133600
2019-10-29,29.11018753051757,29.255511264492423,28.919450779323924,29.21009824727362,1105600
2019-10-30,28.483476638793945,29.11926920863664,28.42897894487917,29.04660561675027,1198100
2019-10-31,28.37448501586914,28.392650915141985,28.104728514488965,28.31090610080969,1528000
2019-11-01,28.9376163482666,29.02844238166561,28.319989619738305,28.48347925168939,2991700
2019-11-04,28.97394561767578,29.10110517924646,28.81953893979356,29.10110517924646,1461400
2019-11-05,29.20101547241211,29.47349702598421,28.973945201241403,28.973945201241403,2289200
2019-11-06,29.36450386047364,29.48257700101321,28.76504134955676,29.22826135703161,1425800
2019-11-07,31.10838890075684,31.12201245831764,29.73689649124604,30.109288745335,2728600
2019-11-08,31.27188301086425,31.353627832756267,30.79957998046501,31.00848264423541,1551500
2019-11-11,31.08114051818848,31.18105122261461,30.826821416524503,31.09930641579238,768800
2019-11-12,30.7087516784668,31.21738300851425,30.65879632072413,31.07205927638768,995800
2019-11-13,30.490766525268555,30.84499293107341,30.399940485500093,30.545264228004427,994800
2019-11-14,30.381776809692383,30.681505534712937,30.227368373027826,30.39085802841779,1251300
2019-11-15,30.513471603393555,30.854074414392144,30.327273736948,30.6542529898732,1682400
2019-11-18,31.299131393432617,31.317297295118784,30.47260192306508,30.49985250799006,1344300
2019-11-19,32.18015670776367,32.225569726956955,31.30821426600404,31.48986634277717,1301600
2019-11-20,31.785058975219727,32.28915150185799,31.698775270560485,31.962172191088133,1548900
2019-11-21,31.58977699279785,32.180156635355964,31.50803217251736,31.78959843454821,979500
2019-11-22,31.676055908203125,31.94399507644196,31.56252165763609,31.58068755350165,1139800
2019-11-25,31.65334892272949,31.789591414708728,31.408117980831666,31.68059949999964,1108800
2019-11-26,31.962167739868164,32.05299723842794,31.589775457750825,31.6806049563106,1473000
2019-11-27,31.81684112548828,32.14382036110858,31.69422564452606,32.0620755522035,757300
2019-11-29,31.771425247192383,31.980327858932743,31.44444604106295,31.69876512626944,528700
2019-12-02,31.621566772460938,31.998501417832795,31.557987852132104,31.75326695451103,1014400
2019-12-03,31.1992130279541,31.453532124503244,30.872237272031985,31.37178731932506,1072000
2019-12-04,31.462617874145508,31.644273407915005,31.05389378936193,31.14472328864224,1198100
2019-12-05,31.45807456970215,31.789596168539248,31.290046064563263,31.59885942307785,1203100
2019-12-06,31.42628669738769,31.83501079027329,31.36725012027857,31.68060583562273,892900
2019-12-09,31.598857879638672,31.953084236705152,31.344538766654622,31.48986248916372,1049300
2019-12-10,31.716930389404297,31.93491770121468,31.31729102667452,31.580691351214742,1210700
2019-12-11,32.0529899597168,32.434463372668176,31.80775556648077,31.80775556648077,1647300
2019-12-12,32.66153717041016,32.75236666308323,32.00758214711836,32.134739972069795,1350800
2019-12-13,32.570709228515625,32.79777774966836,32.3708878211682,32.62520345612626,1363600
2019-12-16,32.59796142578125,32.86136178294392,32.5253012893726,32.725119263089795,1097800
2019-12-17,32.91585922241211,32.99760404071709,32.298232476283594,32.57979526671874,1019300
2019-12-18,32.697872161865234,33.061183238469106,32.6615403612466,32.95218783661322,1880800
2019-12-19,32.743282318115234,32.897690724851785,32.55254557872676,32.607043274891,1098600
2019-12-20,32.89768981933594,33.05482154739971,32.56162589942639,32.82502622645036,2579000
2019-12-23,33.27008056640625,33.41540428081496,32.843190639484746,32.843190639484746,1149200
2019-12-24,33.15200424194336,33.42448577563133,33.14292302556306,33.251914946080106,347100
2019-12-26,33.42448806762695,33.47898576401786,33.15200651525428,33.27916434204214,696700
2019-12-27,33.35636901855469,33.56073279493805,33.19742172456173,33.56073279493805,832800
2019-12-30,33.09750747680664,33.47898440649277,33.05209446405112,33.41540549567688,894000
2019-12-31,33.061187744140625,33.17472203795321,32.82957681462129,32.98852413300057,988400
2020-01-02,33.11566925048828,33.379069542372335,32.66607459005885,33.15200104208409,1153800
2020-01-03,32.788700103759766,33.01576867363287,32.706955280013794,32.706955280013794,940300
2020-01-06,32.71149063110352,32.82502489177779,32.45263265535781,32.643369381740825,792600
2020-01-07,33.12476348876953,33.224674212091564,32.54346851466828,32.59796275299568,955700
2020-01-08,33.079345703125,33.533482816884266,33.02485146694026,33.22467290572753,1799500
2020-01-09,33.15200424194336,33.306409173943294,32.87952270825539,33.15200424194336,851000
2020-01-10,32.77507400512695,33.23375345088221,32.688790311317,33.197421650966895,1067100
2020-01-13,32.97035598754883,33.12476441832265,32.53438474473858,32.779619218467744,1207000
2020-01-14,33.18833923339844,33.39724187817155,32.61794108268337,32.8159469597088,1441500
2020-01-15,33.41541290283203,33.47899182774139,33.133846617668056,33.2155914446646,889600
2020-01-16,34.72332000732422,34.75056712283108,33.488066620746984,33.52439841795005,1835100
2020-01-17,35.036678314208984,35.277370425289746,34.795986203128216,34.795986203128216,1662700
2020-01-21,34.886810302734375,35.00488691352599,34.596162849086504,34.87772908565392,1416700
2020-01-22,34.87772750854492,35.059379560267644,34.63249308097029,34.88680872521474,1321200
2020-01-23,33.515316009521484,34.63249274786676,33.33366049475517,34.61432684991106,2407400
2020-01-24,32.73419570922852,33.55164022829857,32.370884724226045,33.55164022829857,2762300
2020-01-27,33.033931732177734,33.07934474928594,32.389057880784335,32.52530039690006,1838800
2020-01-28,33.26099395751953,33.44264945619942,32.852269951687404,33.15200204422778,1353100
2020-01-29,32.68878936767578,33.27008429037583,32.584336312132315,33.04301574464668,876100
2020-01-30,33.11566925048828,33.13383514628618,32.270974152232775,32.33455305513026,978500
2020-01-31,32.99760437011719,33.21558824457906,32.56072191631284,33.015766805663,1604300
2020-02-03,33.45173645019531,33.83320990549329,33.07025953010665,33.15200433692631,1084600
2020-02-04,33.969451904296875,34.123856834462735,33.59705967089556,33.85137530401139,1072200
2020-02-05,34.45084381103516,34.70515950139176,34.01487257122751,34.3418518672811,1984500
2020-02-06,33.15200424194336,34.914054726930225,32.861356810704095,34.7505651137593,2530200
2020-02-07,33.033931732177734,33.11567654888895,32.59796053131497,33.10659533138375,1047900
2020-02-10,33.40633010864258,33.46537015996273,32.78870326191558,32.89769868060275,1442000
2020-02-11,33.25191879272461,33.4699026589755,32.86136061216809,33.4699026589755,926900
2020-02-12,33.75146484375,33.805962536148385,33.35182549386715,33.39723850513714,907700
2020-02-13,34.07844543457031,34.278266849916776,33.56072946280066,33.56072946280066,1059400
2020-02-14,33.88771057128906,34.14202623046562,33.606144330921445,34.0875285328745,750500
2020-02-18,33.80597305297852,33.97400159342919,33.55165387412624,33.84230139442163,965600
2020-02-19,34.087528228759766,34.2601025371965,33.69697006148531,33.824131354730106,674100
2020-02-20,33.18833923339844,33.91495788147687,32.607044314935685,33.76963415186119,1605200
2020-02-21,32.24373245239258,33.46081995679284,32.225566553545896,32.96126986527734,1593500
2020-02-24,31.126554489135746,32.18923354578615,30.96306487045248,32.03482860858018,1503900
2020-02-25,29.818641662597656,31.38087082646483,29.65060969946705,31.2537130013026,1922800
2020-02-26,29.42808532714844,30.345440740314565,29.13743786170227,30.30002772348693,2761100
2020-02-27,28.14741516113281,29.57340700451412,28.14741516113281,29.055689293724623,2763400
2020-02-28,27.656951904296875,28.44714954019355,27.12106995241492,27.42988333934336,3917400
2020-03-02,28.87403678894043,28.87403678894043,27.31180410277064,27.6841963750796,2871300
2020-03-03,28.09638023376465,29.532762835774523,27.757870595658623,28.53553046633877,4065400
2020-03-04,28.05978202819824,28.60871844420724,27.56573873028392,28.39829337066036,2778700
2020-03-05,26.64169692993164,27.48339893892041,26.449568405967103,27.29127041495587,2206300
2020-03-06,26.09276008605957,26.33978172191077,25.20531237467282,25.35169517850597,2821300
2020-03-09,24.8210563659668,25.2785030510714,24.134886338309887,24.473397653096367,4129700
2020-03-10,26.31233787536621,26.51361382179401,24.491699977840074,25.58042201149793,3554900
2020-03-11,25.177867889404297,25.87318711325648,24.976590215776632,25.45233522341561,3077300
2020-03-12,23.38467597961425,24.391059118721778,22.22276262998342,24.2904202813048,3106700
2020-03-13,23.2199935913086,25.415739134759423,22.179760597191017,24.15318527277313,2710400
2020-03-16,21.21637725830078,22.30509908752361,20.74978144076789,21.317014340107075,3320300
2020-03-17,21.76531410217285,22.35999444345733,20.28318607549064,21.49999418735727,3157000
2020-03-18,19.587865829467773,21.28041881942369,18.88339755469912,20.621696257639027,3549300
2020-03-19,20.07276153564453,20.795526408870096,18.389357552535525,19.60616569570469,2025500
2020-03-20,18.34361267089844,20.83212393052599,18.224677292176,20.402122899329367,3236800
2020-03-23,18.12404060363769,18.801061616257403,17.501912715008515,18.41680625828179,2577600
2020-03-24,19.80744171142578,19.880633113441785,18.453399901619367,19.048080261126984,2434900
2020-03-25,21.35361289978028,22.45148571913452,19.4506346259148,19.807442506945595,3077500
2020-03-26,22.50638198852539,22.67106310899354,21.463402140567457,21.463402140567457,2435300
2020-03-27,20.16425132751465,21.91169757791835,20.08191078210122,21.692121626802106,1979800
2020-03-30,21.747020721435547,21.929998389632285,19.68851017533043,20.228297524799675,1575000
2020-03-31,20.932758331298828,22.250205196771503,20.82297211043808,21.91169564659357,2087600
2020-04-01,19.729671478271484,20.29507547890748,19.45062878534935,19.99041588919409,1584700
2020-04-02,19.98127174377441,20.777228014531268,19.41403707511427,19.725100966795534,2515500
2020-04-03,19.75255012512207,20.10020887535357,19.395742230802792,19.880634652309336,1208700
2020-04-06,22.369144439697266,22.524676388274663,20.758931838255,20.841272384267786,1489800
2020-04-07,22.84488677978516,24.189781148090105,22.78084452320313,23.5036111218188,1670400
2020-04-08,23.622547149658203,23.81467566977464,22.87233484591548,22.908931419278865,1529100
2020-04-09,23.45786666870117,24.299568682688395,23.027867390639493,23.714037453834923,1596300
2020-04-13,23.238290786743164,23.338929613847867,22.250206036598826,23.293183899245463,1554400
2020-04-14,23.79637908935547,23.95191104726057,23.229144376695466,23.604250555462915,967100
2020-04-15,23.02786636352539,23.101057763867512,22.46063170210848,23.009568077184703,1167800
2020-04-16,22.991270065307617,23.13765461275999,22.34169659764444,23.01871749514631,1872800
2020-04-17,23.99765396118164,24.08914365208432,23.34808047131196,23.558505538873625,1085600
2020-04-20,23.50361442565918,24.189784548383585,23.293187595141173,23.293187595141173,1896900
2020-04-21,22.91807746887207,23.219992201269672,22.67105759328899,22.78999295967932,1442400
2020-04-22,22.497228622436523,23.67744018931846,22.44233550758684,23.494462558145944,1501900
2020-04-23,22.369144439697266,22.96382480366237,21.875101163620585,22.53382378670214,1512000
2020-04-24,22.43318557739257,22.574992931198526,22.076375980833664,22.39658900542937,1423000
2020-04-27,23.79637908935547,24.00680416622096,22.671060553053103,22.716804528016635,1128200
2020-04-28,24.67467498779297,25.351695911347115,24.24467570723068,24.38190937166369,1157500
2020-04-29,25.571273803710938,25.83659200902473,25.33340128634841,25.369996118623728,1215400
2020-04-30,23.38467597961425,25.06808005902519,23.032441793675588,25.06808005902519,1787900
2020-05-01,22.890634536743164,23.21999499211376,22.570421480253867,22.87233624893903,803100
2020-05-04,22.53382110595703,22.83573582374626,22.1495658519507,22.73509874783017,1180100
2020-05-05,21.820207595825195,22.88148378353224,21.61892993417757,22.70765355166038,1413200
2020-05-06,22.515527725219727,22.61616481525535,21.399356631018737,21.85680334306289,1949600
2020-05-07,22.881486892700195,24.455103101568728,22.74425321521518,24.01595463560833,1810900
2020-05-08,23.540206909179688,23.741484575241145,23.16510075245512,23.43956982116965,949500
2020-05-11,23.284040451049805,23.61340092695407,22.671061731561828,23.61340092695407,845300
2020-05-12,22.771697998046875,23.56765608783733,22.771697998046875,23.41212412753441,995000
2020-05-13,22.0123348236084,22.64818546053098,21.390207029346666,22.616164330975213,1172600
2020-05-14,22.98212432861328,23.055315735120743,21.371911640428333,21.65552812251715,1753200
2020-05-15,23.32978248596192,23.393824746916145,22.58871929560188,22.844888339418773,1056400
2020-05-18,24.5694637298584,24.73872027830476,23.983932467183525,24.391059782325947,1144500
2020-05-19,24.64723014831543,25.141271706244016,24.20807996402018,24.445952471549045,741900
2020-05-20,25.04063606262207,25.39744397206256,24.72957213053825,24.738721275013763,941700
2020-05-21,24.91254425048828,25.27850122310436,24.76616146144185,24.76616146144185,666400
2020-05-22,25.04063606262207,25.14127316181092,24.738721275013763,24.84850751867812,739000
2020-05-26,26.156801223754883,26.32148230726554,25.69020540214821,25.98297099726912,856000
2020-05-27,26.806377410888672,27.1997818739427,26.23914444859464,26.52276092974165,923800
2020-05-28,26.22084617614746,27.09914479685621,26.10191079528084,26.91616540857749,937100
2020-05-29,26.33063316345215,26.467866826966656,25.681057930119778,26.12935549494488,1740100
2020-06-01,26.65999412536621,26.907015771508824,26.34893021800605,26.431270766720253,740700
2020-06-02,26.4129695892334,26.861267084108672,26.147649702153096,26.69658601557889,827600
2020-06-03,27.6480770111084,27.98658832579196,26.72403449807558,26.72403449807558,1326900
2020-06-04,27.396484375,27.840208261417622,27.06254847156949,27.47425122649521,1132000
2020-06-05,27.675525665283203,28.828291571818145,27.55659028973737,28.325099149073303,1659300
2020-06-08,28.983827590942383,29.3223372231165,27.803614088176293,27.803614088176293,2308800
2020-06-09,27.74871635437012,28.691057171067367,27.68467409649159,28.608716626646217,1187400
2020-06-10,27.19977760314941,27.675522541679065,26.641693872393954,27.56573457701049,1454400
2020-06-11,25.26935577392578,26.33063194884605,25.16871694431452,26.26658794680757,1697400
2020-06-12,25.571273803710938,26.18425251325491,24.958295094166967,25.96467653951962,1495500
2020-06-15,26.40382575988769,26.861272488950085,24.57495323453028,24.67467593741773,1310500
2020-06-16,25.635313034057617,27.465099801741605,25.356270272782503,27.172334198115472,1559300
2020-06-17,25.397441864013672,25.708505770278435,25.19616593732148,25.61701607813808,1860900
2020-06-18,26.22084617614746,26.2482936078955,25.141271624348747,25.22361217457209,1398900
2020-06-19,25.452335357666016,26.98020748043492,25.43403706996321,26.6691435695703,2379700
2020-06-22,25.25105857849121,25.40659052869105,24.8576541312198,25.2053128607732,1488100
2020-06-23,25.44318389892578,25.946376294846534,25.41573821488942,25.488929614020723,1278600
2020-06-24,24.71126937866211,25.24190744726079,24.20807699351231,25.058928080838943,1220800
2020-06-25,24.473398208618164,24.53744046678321,23.901589839257927,24.473398208618164,1739700
2020-06-26,23.558507919311523,24.354466042064445,23.238294841306995,24.354466042064445,2615700
2020-06-29,24.509994506835938,24.55573847786319,23.42127089518503,23.7780787552554,1446000
2020-06-30,24.555740356445312,24.61063347488162,24.18978332516864,24.482548950189976,1325600
2020-07-01,24.62435913085937,25.03148645486971,24.26297578335909,24.51914484384873,1851900
2020-07-02,24.290424346923828,25.29680765447514,24.20808378344101,25.1229773821202,1231500
2020-07-06,24.272119522094727,24.76890590663864,23.9702048073127,24.647225630005103,905300
2020-07-07,23.576805114746094,24.06169753649889,23.52191025019156,24.025102705150005,1007600
2020-07-08,23.229143142700195,23.567654472518345,22.963824960968736,23.567654472518345,840900
2020-07-09,22.37005615234375,23.20169452049485,21.98488650789908,23.128503126692863,1099000
2020-07-10,23.229143142700195,23.247441429721867,22.259356615820632,22.259356615820632,809600
2020-07-13,22.91807746887207,23.439568138486617,22.33254628968171,23.219992201269672,1655500
2020-07-14,22.991270065307617,23.311483100009752,22.45148457197856,22.570419944571583,1522600
2020-07-15,24.015953063964844,24.13488844466296,23.17425102011268,23.17425102011268,1449400
2020-07-16,24.14861297607422,24.28127294482442,23.68659080767407,23.741485670962906,977500
2020-07-17,23.11020851135254,24.25382531172616,23.00042053070754,24.25382531172616,2050200
2020-07-20,22.707651138305664,23.165097782494,22.231906209544885,22.94552360268605,1498500
2020-07-21,23.192550659179688,23.53106027821119,22.831167306547485,22.844890150691207,1155700
2020-07-22,23.66829299926757,23.695738684423567,23.04616520876192,23.101058324094573,999500
2020-07-23,23.90616226196289,24.17148216878952,23.677438926431204,23.714035497726144,1029500
2020-07-24,24.23552703857422,24.885102288984765,23.951910560518165,24.22637789476328,864100
2020-07-27,23.50361442565918,24.281274247084347,23.27306052453493,24.13488968215061,1001200
2020-07-28,23.52190589904785,23.887864614965565,23.279459733019777,23.38467225308895,719800
2020-07-29,23.71403694152832,23.887867175721617,23.2575046334457,23.48531359207108,696000
2020-07-30,23.67744255065918,23.796379680552487,23.11020956892763,23.293187218348425,644500
2020-07-31,23.576805114746094,23.60425080200256,23.082761803880064,23.46701713065782,904300
2020-08-03,24.015953063964844,24.079995326265426,23.26574071412241,23.66829432075278,826500
2020-08-04,24.436803817749023,24.757016882192183,23.933613105781777,23.933613105781777,850600
2020-08-05,22.73509788513184,23.93360756845076,22.21360900555873,23.787224786290608,1922600
2020-08-06,23.01871490478516,23.24743822597342,22.62073681452331,22.854033834326334,1575900
2020-08-07,22.771697998046875,23.02786879884605,22.3782935252206,22.81744371873645,1874500
2020-08-10,22.579572677612305,22.918082307670087,22.32340186011974,22.78084862670015,1494200
2020-08-11,22.817445755004883,23.531061611238425,22.75340348534505,22.808296610050483,1603100
2020-08-12,23.06446075439453,23.2108452973272,22.707652902611446,23.027865927426813,1289200
2020-08-13,23.50361442565918,23.531060113754805,22.81744430293477,22.8448899910304,878100
2020-08-14,23.622547149658203,23.86956878479905,23.247440997786843,23.485313489586844,819200
2020-08-17,23.52190589904785,23.72318354180669,23.11935410357114,23.72318354180669,727600
2020-08-18,23.54477882385254,23.741481016186672,23.44871370444208,23.585949090736904,1051900
2020-08-19,23.71403694152832,24.00680254963029,23.55850499409657,23.58595242423888,793100
2020-08-20,23.71403694152832,23.832972315437,23.40297304666481,23.540206707335024,693100
2020-08-21,23.79637908935547,23.83754936483096,23.439571198581746,23.58595401248997,906500
2020-08-24,24.74786949157715,24.87595577344248,23.77808283042476,23.77808283042476,1250000
2020-08-25,24.6655216217041,24.93541520506195,24.18062930738081,24.87594839916748,1205000
2020-08-26,24.83935737609864,24.987570718612925,24.473400336887654,24.519144312406222,1192900
2020-08-27,25.28765106201172,25.47063042586956,25.004034618550552,25.09552430047947,980900
2020-08-28,25.543825149536133,25.584995424515625,25.168718975287813,25.46148459957716,871300
2020-08-31,25.43403625488281,26.01956922746273,25.33797286505276,25.52552594544412,1509100
2020-09-01,25.3602352142334,25.4248117417142,24.972774289770204,25.24030762885169,1343800
2020-09-02,25.821495056152344,25.9690990326697,25.32333207530082,25.443259646379342,1138300
2020-09-03,25.378686904907227,26.508781448020784,25.240308376268075,26.08903224738757,1804100
2020-09-04,25.609315872192383,25.91374930930724,25.26798055926807,25.766145325225995,1433000
2020-09-08,25.68311882019043,26.144381727507675,25.43403642794032,25.45248736653181,1594900
2020-09-09,26.09825325012207,26.255080932045427,25.341780687858314,25.8676218220068,1888100
2020-09-10,25.96910095214844,26.55951866143616,25.78459684765341,26.172057754544785,1913700
2020-09-11,25.959875106811523,26.42113800073257,25.535514089001744,25.96910057583934,1245800
2020-09-14,26.476491928100582,27.01155683716261,26.116705659201752,26.218184063196087,1281600
2020-09-15,26.42113876342773,26.790150496879424,26.227409186986115,26.550293573967167,1101900
2020-09-16,27.177608489990234,27.55584567659522,26.53184150316383,26.55951790986516,2141700
2020-09-17,26.54106903076172,27.02078289332473,26.199733693282315,26.614871028111533,2262900
2020-09-18,25.83072090148925,26.49955241960418,25.48016189204061,26.494938805507964,3251500
2020-09-21,24.806718826293945,25.55396601008813,24.3823577921595,25.452487606456693,2101100
2020-09-22,24.86206817626953,25.055797727561163,24.548409299301834,24.81594083578715,2052200
2020-09-23,23.96721649169922,24.96354414522364,23.851900782913624,24.917418565540626,1276400
2020-09-24,24.18862533569336,24.390658354970235,23.625885805998497,24.096374165289088,922300
2020-09-25,24.70524024963379,24.80671688574869,23.994894998938346,23.994894998938346,1040600
2020-09-28,25.73847007751465,25.73847007751465,25.03735024176428,25.231081579332137,1044700
2020-09-29,25.664669036865234,25.83072397250676,25.14805505009706,25.77537291381906,908600
2020-09-30,25.80304527282715,26.39346296487188,25.50783730659392,25.784596094621275,1455800
2020-10-01,26.024452209472656,26.162832488390578,25.535514657167585,26.024452209472656,928900
2020-10-02,25.987548828125,26.213568397002017,25.49860957765156,25.74769193692547,1109900
2020-10-05,26.651769638061523,26.7071224526238,26.006002637706448,26.2181831481269,601300
2020-10-06,25.941425323486328,26.91930214311694,25.8399469261247,26.725570817206407,1452400
2020-10-07,26.85472869873047,27.0115581673638,26.144383354945468,26.45804229221213,1054800
2020-10-08,27.334436416625977,27.35288735339713,26.80859703569548,27.0761303401426,721700
2020-10-09,26.9377555847168,27.712677441234568,26.90085370603575,27.592748095099587,926100
2020-10-12,26.8731746673584,27.21450997344313,26.71634521746729,27.14993345164884,1253100
2020-10-13,25.341781616210938,26.827048630748525,25.304881501341363,26.827048630748525,1570100
2020-10-14,25.02812385559082,25.59086514936657,24.986610124745425,25.341782764294194,944300
2020-10-15,25.09270095825196,25.120375604461326,24.557636096739344,24.834393116302405,992000
2020-10-16,25.01889991760254,25.30488241660389,24.732915659022904,25.194178548834632,715400
2020-10-19,24.21630477905273,25.1388306753976,24.170179188066893,25.083479614298888,832900
2020-10-20,24.1517276763916,24.48383755428289,24.06870020691878,24.48383755428289,1457600
2020-10-21,24.67756462097168,24.76981755090966,23.902642824817896,24.068697746790605,803400
2020-10-22,25.28643226623535,25.489387310625176,24.668339904254584,24.668339904254584,1828000
2020-10-23,24.84823226928711,25.42942451657935,24.61760081614093,25.203404918281624,1763200
2020-10-26,24.1517276763916,24.78827102249041,23.939547147551487,24.631441553439352,2529900
2020-10-27,23.98106002807617,24.160952285666653,23.87035615286289,24.07792481915129,1178800
2020-10-28,23.08159637451172,23.82884179395177,23.04008264234403,23.57053393162189,2046100
2020-10-29,23.422929763793945,23.56131004302136,22.887864864126733,22.970892327831848,1609500
2020-10-30,24.11482620239257,24.13327714249208,23.32145513347773,23.32145513347773,2209100
2020-11-02,24.806718826293945,24.908197229925385,23.9672204678294,24.39158326154221,2504900
2020-11-03,24.63144302368164,26.62409889081335,24.17018005889044,26.09825939248395,1454900
2020-11-04,23.45983123779297,25.055800440123768,23.164623265058754,25.055800440123768,2861900
2020-11-05,24.327009201049805,24.37313479305994,23.32145581093766,23.68124035543664,1280400
2020-11-06,23.621273040771484,24.29010460771257,23.41370438074448,24.21169075813479,1400000
2020-11-09,24.16094970703125,25.2310794283744,23.84729081357776,24.631438047211493,2287800
2020-11-10,24.63144302368164,24.843623565186736,23.76426815719218,23.819619220285126,1559900
2020-11-11,25.04657745361328,25.148055864140943,24.345457569086253,24.66834198111006,1216900
2020-11-12,23.4782829284668,24.8712953745054,23.30761438410249,24.82516978712921,2251500
2020-11-13,24.17940139770508,24.33161900575101,23.45983236935238,23.45983236935238,3101200
2020-11-16,24.67756462097168,25.13421565639663,24.373131183881146,24.49305876109572,2095100
2020-11-17,25.50784111022949,25.572417642525146,24.17940330450992,24.483838544609764,1601400
2020-11-18,25.02812385559082,25.605626251730072,25.02812385559082,25.52628862573557,1782300
2020-11-19,25.15728187561035,25.35562508614055,24.862073867261746,24.91742492893248,1005000
2020-11-20,25.314109802246094,25.44326285810735,24.972774463726243,25.129603928519945,1248300
2020-11-23,25.86762237548828,26.05674008020617,25.277204710367048,25.33255576161716,1022200
2020-11-24,26.94698143005371,27.113036378119567,25.98755538284225,26.16283580130938,1623000
2020-11-25,26.716344833374023,26.75324670791352,26.43036234400581,26.73479577064377,806400
2020-11-27,26.504165649414062,26.83627549844559,26.439589125342003,26.642544166651096,506000
2020-11-30,26.1812801361084,26.57335463748209,26.09825443702295,26.310434938239823,2144700
2020-12-01,27.399015426635746,27.712674321804474,26.36578581438964,26.430362335234104,1436600
2020-12-02,27.721899032592773,27.740349970523127,26.99310458012673,27.40824012608993,1101100
2020-12-03,27.46359634399414,28.05401235432119,27.39901981281193,27.76802981926634,1142000
2020-12-04,26.98849296569824,27.694226437413523,26.928530052348787,27.694226437413523,1831100
2020-12-07,27.03923225402832,27.159161600261307,26.679447734486217,26.762475202008,2001100
2020-12-08,26.656383514404297,27.09458362298202,26.531842319782523,26.956203344794496,1575600
2020-12-09,26.504165649414062,26.90085202251765,26.36578713217703,26.79937362207395,1601700
2020-12-10,26.462650299072266,26.55951683883154,26.15360502147222,26.2550816561284,981100
2020-12-11,26.49493980407715,26.541067148886665,25.98755132822048,26.2181827735332,1453500
2020-12-14,26.144380569458008,26.92852782907966,26.125929631683785,26.83627489978683,1087300
2020-12-15,26.024452209472656,26.28276006926399,25.48016360134742,26.26430913079782,1245300
2020-12-16,25.932201385498047,26.23663483597592,25.83072298214597,26.070579906701013,976600
2020-12-17,25.97832679748535,26.11670531775497,25.43403642612361,26.10747984845988,2069200
2020-12-18,25.636993408203125,26.218183901173656,25.498613127401143,25.922975920009048,2945800
2020-12-21,25.26797866821289,25.45248451429517,24.92664514041226,25.341780654730176,1257700
2020-12-22,24.88974571228028,25.31410849612336,24.806718249345284,25.194179156515787,1208400
2020-12-23,25.6000919342041,25.683119400162383,24.93587396611621,24.98661140902104,1063000
2020-12-24,25.83072090148925,25.950648474317468,25.60008946486882,25.60008946486882,475800
2020-12-28,26.64254570007324,26.73479863673369,25.830723728533822,25.95065131448752,1022300
2020-12-29,26.554903030395508,26.79937178608532,26.40729905417772,26.790148077202623,694500
2020-12-30,26.476491928100582,26.96542949008411,26.476491928100582,26.707123384757985,756300
2020-12-31,26.64254570007324,26.77170051522923,26.43959064708299,26.476492525578536,650400
2021-01-04,26.208955764770508,27.10380508656244,25.969098864587703,26.762471552917123,1237100
2021-01-05,26.7670841217041,26.910076246661458,26.19050552690897,26.24585833890563,833700
2021-01-06,29.022661209106445,29.15181601933614,27.13148399780449,27.13148399780449,1768000
2021-01-07,27.887954711914062,28.97653544526172,27.860280063845508,28.616750943743824,2343400
2021-01-08,27.32521629333496,28.044785326047247,26.89162802020996,27.88795586207024,1838700
2021-01-11,27.399015426635746,27.61119592643276,26.97465266746348,27.066905594203384,1207000
2021-01-12,26.91930389404297,27.574296386144542,26.78092537200811,27.37134133779864,1251100
2021-01-13,27.03923225402832,27.113034251872303,26.44881627127648,26.7440242626524,1304400
2021-01-14,27.98943328857422,28.183162864577785,26.79937414599796,27.07613294546093,5169000
2021-01-15,28.03556060791016,28.28464301494618,27.555848493103333,27.86028195962121,3611800
2021-01-19,26.910076141357425,28.03555692054514,26.863950557785603,28.01710774286335,1807400
2021-01-20,27.62042617797852,27.92947151255832,26.97465733855233,26.98388280878168,2704400
2021-01-21,27.53739547729492,27.869503568725936,27.417466137951184,27.509719069851368,2285600
2021-01-22,26.910076141357425,27.454366473480377,26.69789564160189,27.454366473480377,1595700
2021-01-25,28.30309295654297,28.41379507160284,26.9100787317278,26.91930420124585,4717200
2021-01-26,30.812360763549805,30.98763938520496,28.52449561780929,28.54294655469242,3088600
2021-01-27,29.95441436767578,34.09655331023844,29.84370873597764,30.812363657974483,6830800
2021-01-28,28.24774169921875,30.424901462307343,28.173939703174703,29.71916976516249,2687200
2021-01-29,27.57429885864257,28.82893465802496,27.454371264679747,27.961759810829577,1688200
2021-02-01,28.27541732788086,28.450697734401693,27.362116935343533,27.54662281163688,1179500
2021-02-02,27.26064109802246,28.5337278934223,27.025397755165216,28.37689841165793,1439200
2021-02-03,26.89162826538086,27.44975598419574,26.81782626751756,27.159161607371846,2419300
2021-02-04,27.05768394470215,27.500495944061715,26.730187680149456,27.02078382454476,2012000
2021-02-05,27.96175765991211,28.183163649904984,26.82705130135673,27.103808348953223,1327700
2021-02-08,29.105690002441406,29.14259188121499,28.02633468241202,28.183164148042906,1600600
2021-02-09,27.389787673950195,29.49314507841274,27.315061912137416,29.49314507841274,1773100
2021-02-10,28.146259307861328,28.39534166906904,27.186831735614515,27.53739248685013,1827500
2021-02-11,28.3676700592041,28.56139964427907,27.920244456180825,28.09091300636031,922600
2021-02-12,29.0134391784668,29.234845175072948,28.238517310556045,28.29386836981297,1003200
2021-02-16,28.27541732788086,29.21639412973572,28.238517208369256,29.068790132532424,965200
2021-02-17,28.28464126586914,28.5521745960481,28.090911689873355,28.20161380199142,474700
2021-02-18,28.653648376464844,28.82892875598311,28.229287389774296,28.2754129719526,1023200
2021-02-19,29.86215782165528,30.02821273974212,28.736677029568582,28.736677029568582,1281600
2021-02-22,30.80313491821289,31.22288583304389,29.779130749750465,29.779130749750465,1278000
2021-02-23,30.32342529296875,31.347429603187795,29.87138957351162,30.88616665401936,1117400
2021-02-24,30.2034969329834,30.27729716871416,29.599240127101503,29.889838013025056,797600
2021-02-25,29.290191650390625,30.64630558679071,29.050334751710487,30.304968536127447,1069700
2021-02-26,29.456249237060547,29.93596307798993,29.004211803731124,29.15181579177427,1290000
2021-03-01,30.80313491821289,31.0429935893039,29.61307582950485,29.68687958035025,989300
2021-03-02,33.25705337524414,33.86592024396997,30.50792699710895,30.738558440098377,3052400
2021-03-03,34.216487884521484,35.2866178538322,32.961852019986736,33.27551098612042,2928100
2021-03-04,33.86592102050781,34.982176385574554,32.9433952273968,34.19803086909284,2013900
2021-03-05,36.015411376953125,36.10766255774412,33.93972813674309,34.78752824219658,2462700
2021-03-08,36.91948318481445,37.140887407565074,35.203584622292134,35.81245151359134,1362400
2021-03-09,35.48130416870117,37.00299126667448,35.16583219427997,37.00299126667448,1608500
2021-03-10,36.14936828613281,36.43700571107234,35.34213233807606,35.74111179804078,1154100
2021-03-11,36.56689453125,37.17928085209249,35.8153280531485,35.85244323368403,972400
2021-03-12,37.11432647705078,37.47155031201328,36.54833243195608,36.61328222013108,1108200
2021-03-15,37.20711898803711,37.80095131429477,36.761747397967945,37.43908357908347,943200
2021-03-16,38.4504508972168,39.09995248639084,37.62465748591649,37.93085245747668,1527500
2021-03-17,37.5318603515625,38.431880289681885,36.41842993853575,38.32053831022852,1432700
2021-03-18,37.48548126220703,38.283436523382136,37.06330398576944,37.20712090699594,1206700
2021-03-19,37.439083099365234,37.986519668800135,37.14216870979025,37.44836366500749,2431100
2021-03-22,38.181373596191406,38.34838838706627,37.14680994935538,37.67568894062618,999700
2021-03-23,36.381324768066406,37.99579984175622,36.34420958487844,37.85661967455067,1358700
2021-03-24,35.21222305297852,36.65967972994777,35.16583084606256,36.4462727465356,1594400
2021-03-25,35.64832305908203,36.149367515260025,35.02665954232368,35.202951388979166,1631000
2021-03-26,33.56063461303711,35.70398866250441,31.51006852169533,35.685431070879304,3864100
2021-03-29,33.23588562011719,33.876106603665974,32.818348657151155,33.63486499145154,1729000
2021-03-30,33.25444030761719,33.82971143996565,32.8276263558586,33.24516328236086,1542400
2021-03-31,32.41008758544922,33.52351814627606,32.34699249090106,33.52351814627606,2810400
2021-04-01,32.475040435791016,32.864739222061225,32.05750349371686,32.64205521262068,2378500
2021-04-05,32.595664978027344,32.85546418459501,31.8348214106517,32.799791409116764,1246600
2021-04-06,33.18948745727539,33.4678442028217,32.26162927912231,32.26162927912231,1090800
2021-04-07,33.319393157958984,33.90394490865966,33.07815154469291,33.44929276044831,1129700
2021-04-08,33.059593200683594,33.57919159881703,32.66989086258489,33.31011537385449,1366200
2021-04-09,33.47712707519531,33.579188508651605,32.76267580401145,33.15237456674903,651700
2021-04-12,33.495689392089844,34.0802412199632,33.375070339282004,33.86683419634258,1118500
2021-04-13,33.7276496887207,34.1359096289927,33.305475978983374,33.38434308944548,1279400
2021-04-14,33.542076110839844,34.13590480606442,33.310111555549106,33.45856872935525,1512400
2021-04-15,34.11735916137695,34.5905654624602,33.653429888374,33.88539452487548,1054500
2021-04-16,34.07096099853516,34.55344778303171,33.885388613805894,34.23519020525383,910000
2021-04-19,33.95034408569336,34.31220834960587,33.66734694812087,33.95034408569336,897500
2021-04-20,34.00600814819336,34.43282211718305,33.69053618426651,33.98745055743313,1092400
2021-04-21,34.66478729248047,34.87819428066936,33.72764841010906,34.00600873683234,1636600
2021-04-22,34.423545837402344,35.01737819715962,34.247254012481584,34.71118322074576,1734400
2021-04-23,34.6462287902832,34.93015320131565,34.40498719156552,34.4420988332539,781100
2021-04-26,34.39570999145508,34.78541235304488,34.038486071205035,34.67406679859131,856900
2021-04-27,34.562721252441406,34.7761282340925,34.182299495672325,34.423541093343594,727600
2021-04-28,34.219417572021484,34.544166584728934,33.95033779606459,34.544166584728934,771400
2021-04-29,34.17302703857422,34.57200289969471,33.92250484240627,34.40499164174836,876700
2021-04-30,33.75548553466797,34.173022472491354,33.57919019453227,34.16374190748501,840100
2021-05-03,33.198768615722656,34.070957677073814,33.18021102510896,33.987450289061435,890500
2021-05-04,33.21733474731445,33.54208735730809,32.76268604862253,33.27300753347036,890300
2021-05-05,32.976078033447266,33.31010751890671,32.79978272751156,33.11154523237268,1024200
2021-05-06,34.052398681640625,34.66478498863478,33.198767246119424,33.272997605511854,791200
2021-05-07,34.488487243652344,34.75756696839036,33.88723624050165,34.108065527108224,1049900
2021-05-10,34.562721252441406,35.11015778432847,34.248176641319255,34.57199827794864,1087400
2021-05-11,34.69261932373047,34.757569117925605,34.15446338047101,34.37714737785481,1041300
2021-05-12,33.85755157470703,34.95242113339838,33.76476361922567,34.71117952814402,1203100
2021-05-13,34.39570999145508,34.80396640595497,33.811158218819806,33.82971581122873,1036700
2021-05-14,33.65341567993164,34.42817638926341,33.5949608710568,34.29363653215523,1364000
2021-05-17,33.25444030761719,34.423540162325146,33.23588271760616,33.98744918531023,1283100
2021-05-18,33.69981384277344,34.14518541088735,33.38434187292209,33.38434187292209,938900
2021-05-19,33.607025146484375,33.801874519061904,33.18948824846243,33.393618185161635,1070400
2021-05-20,33.53279495239258,33.941054827749795,33.440010547719474,33.54207551655878,919600
2021-05-21,33.75548553466797,34.006007697362,33.46784819094553,33.60702835005282,849300
2021-05-24,33.69053649902344,34.126627497718204,33.412176174517924,33.75548629754177,748800
2021-05-25,33.310115814208984,34.089516961211324,33.19877026499531,33.84827181074704,1036600
2021-05-26,33.55135726928711,34.117351420248184,33.16165846734591,33.31939268541773,1217300
2021-05-27,34.15446472167969,34.37714872780805,33.681255014534614,33.8111546080259,2762900
2021-05-28,33.66270065307617,34.34931740674643,33.384343848966154,34.34931740674643,981400
2021-06-01,33.39361953735352,34.010642575500505,33.356504358360205,33.959610089259264,1011700
2021-06-02,33.0224723815918,33.61630104352745,32.80906542742729,33.48640146616628,1409200
2021-06-03,32.62349319458008,33.21732185849766,32.2662693556446,33.01319546746226,1456200
2021-06-04,33.09670639038086,33.21732896965511,32.56782740213836,32.6884499814126,1054100
2021-06-07,33.03175354003906,33.40289826994899,32.82762712413722,33.10598390182044,686300
2021-06-08,32.62349319458008,33.07814525635962,32.428643827888,32.99463787927758,1171000
2021-06-09,33.43073272705078,33.79259689026973,32.91113435504346,33.05031097347466,1105200
2021-06-10,33.27299880981445,33.64414000171486,33.152376241185046,33.41217542946518,622100
2021-06-11,33.588470458984375,33.62558563968067,33.26371793713946,33.3193907081839,591500
2021-06-14,33.36578750610352,33.74620931184806,33.078153664869184,33.63486729393474,808600
2021-06-15,33.38434600830078,33.75549079745271,33.14310437300135,33.46785340888501,813800
2021-06-16,33.33795166015625,33.56991625365052,33.05959485586289,33.32867109429715,850400
2021-06-17,32.883304595947266,33.625594241771736,32.79979718776698,33.31012220414614,927400
2021-06-18,33.198768615722656,33.597747965170846,32.6884472620908,32.73483946887578,2115400
2021-06-21,33.18948745727539,33.662693570754314,33.087422491358865,33.41217143791322,858100
2021-06-22,33.161659240722656,33.337951054355244,32.64205728651788,33.20805145067873,1313500
2021-06-23,33.124542236328125,33.43537391939815,33.02247725633533,33.11526167114776,1284800
2021-06-24,33.66270065307617,33.801880824880584,33.15237925562467,33.208052032246194,1118100
2021-06-25,33.764766693115234,34.228695894261634,33.55135968532776,33.67198226868552,1261800
2021-06-28,33.588470458984375,34.08023421496573,33.43073271077434,33.913219441330845,827400
2021-06-29,32.51216125488281,33.365789338256874,32.45184818976458,33.12454769628133,1109300
2021-06-30,32.66061019897461,32.70700240228388,32.22451570097139,32.651329634613816,865600
2021-07-01,32.99464416503906,33.27300096184252,32.447207597542814,32.72556439434628,815800
2021-07-02,32.8183479309082,33.133819902668215,32.68844833185972,33.133819902668215,529200
2021-07-06,32.224517822265625,32.92969210118074,31.551821981253063,32.68844696489455,1182400
2021-07-07,32.011112213134766,32.47504137564397,31.73275542352897,32.17812699479797,1004600
2021-07-08,31.37089157104492,31.899770538674453,31.15748457879955,31.899770538674453,906000
2021-07-09,32.020381927490234,32.13172744950688,31.31521131887389,31.36160351663192,790200
2021-07-12,32.38225555419922,32.391532579667576,31.57501629801225,31.927603437283626,721900
2021-07-13,31.51934814453125,32.456483486828375,31.46367537132108,32.45184320418621,1134200
2021-07-14,31.8997745513916,32.00183954736929,31.51007216124941,31.51007216124941,659600
2021-07-15,31.435836791992188,32.076057675466,31.333771823721406,31.7420281573064,1279300
2021-07-16,30.962631225585938,31.50079075150525,30.90696199152436,31.435840952101,1377900
2021-07-19,30.24818229675293,30.79561889202632,30.062613449133924,30.73066908745989,2828200
2021-07-20,30.49870491027832,30.61932749449817,30.03477570581623,30.24818271512892,2184700
2021-07-21,31.435836791992188,31.695635955228266,30.415190648782502,30.498698028322405,1705200
2021-07-22,31.31521987915039,31.50079226040808,30.7863408932402,31.50079226040808,774800
2021-07-23,31.55645751953125,31.6306878784773,31.101808959230844,31.389446290899294,515200
2021-07-26,31.84409713745117,32.12245392448687,31.352333362371493,31.352333362371493,815000
2021-07-27,31.51006126403809,31.80697558265463,31.4079963033578,31.65851842334636,694300
2021-07-28,31.56574249267578,31.84409929860261,30.916240919180627,31.51935028160445,951700
2021-07-29,31.491512298583984,32.09926194734615,31.47295470615243,31.69564227583224,1313600
2021-07-30,30.842012405395508,31.38480867824103,30.74922444882023,31.240988230424005,1921200
2021-08-02,30.888402938842773,31.12036750845349,30.832730167916765,30.888402938842773,912800
2021-08-03,30.452306747436523,30.971908629124936,29.57084249304388,30.971908629124936,968900
2021-08-04,30.285295486450195,30.64715967076093,30.044053876742588,30.313130103859127,893800
2021-08-05,31.81626510620117,32.34514410639884,30.78634172492187,30.97191411119272,2500700
2021-08-06,31.305938720703125,32.02038645407026,31.24098538726235,31.760587278300395,1236500
2021-08-09,31.0832576751709,31.231714883681303,30.91624287315931,31.18532266967788,1183400
2021-08-10,31.547182083129883,31.639966496986744,30.84201133512162,31.03686072792013,1240100
2021-08-11,32.04822540283203,32.12245222367874,31.36160872763337,31.575015704377964,2133800
2021-08-12,31.68636512756348,32.11317913335203,31.435842939948763,31.983279526329323,913000
2021-08-13,31.61212921142578,31.997191221464583,31.556456444113525,31.81625915207251,860900
2021-08-16,31.779146194458008,31.927603378166047,31.166759869225032,31.50078941744274,664900
2021-08-17,31.621410369873047,31.779144570974186,31.250265659814183,31.33377304260252,508400
2021-08-18,31.37089157104492,32.196684922624414,31.343053414144286,31.54718338042188,778600
2021-08-19,31.046140670776367,31.389450821202825,30.85129125966871,31.296662859128578,599400
2021-08-20,31.55645751953125,31.68636064768684,30.86984439677193,30.89767901162753,554500
2021-08-23,31.84409713745117,31.955439144365734,31.50079055142377,31.639967175192325,655000
2021-08-24,31.76987266540528,32.0389489070838,31.667807676717388,31.81626487676372,612500
2021-08-25,31.81626510620117,32.103898942397066,31.54718532308338,31.81626510620117,622200
2021-08-26,31.547182083129883,31.96471902448277,31.547182083129883,31.769869631684266,718500
2021-08-27,32.03894805908203,32.08534380871133,31.380169472531545,31.380169472531545,527300
2021-08-30,31.84409713745117,32.07606171656401,31.6678053315449,32.02966950864116,565100
2021-08-31,32.35801696777344,32.516861999987064,31.8347558248331,31.853444104697925,1145500
2021-09-01,31.99360466003418,32.48883160465751,31.91885154001748,32.38604784684702,1067600
2021-09-02,32.25522994995117,32.41407496610668,31.9936011871423,32.13375792532224,907700
2021-09-03,31.89081764221192,32.17113468476948,31.610500599654348,32.09638157239435,752700
2021-09-07,31.806724548339844,32.161791165364455,31.610502960338103,31.769347989360984,1172900
2021-09-08,31.11526870727539,32.09638009322439,31.105926350871336,31.722625241847084,962800
2021-09-09,31.46099281311035,31.56377655531145,30.96576594369533,31.17133342809753,1000000
2021-09-10,31.11526870727539,31.629183855684445,30.993796687476166,31.49836947948117,698600
2021-09-13,31.51706314086914,31.657223461844904,31.15265058364219,31.376906384318406,919200
2021-09-14,30.685449600219727,31.675906925589803,30.62938476746971,31.675906925589803,879900
2021-09-15,31.825416564941406,31.928196767565,30.498577080786053,30.62939148814814,1097400
2021-09-16,32.41407775878906,32.56358043104969,31.647876117900235,31.81606706974655,980700
2021-09-17,32.797176361083984,33.24568791195686,32.32998009631399,32.35801429600893,2712200
2021-09-20,32.26457595825195,32.610303793290726,31.75066073124765,32.610303793290726,1016900
2021-09-21,32.21785354614258,32.862583099433856,31.99360133822586,32.451451675303495,1097900
2021-09-22,33.0961799621582,33.48862665763222,32.43276215618901,32.43276215618901,947700
2021-09-23,33.33912658691406,33.75025802717336,33.068151890995,33.068151890995,801500
2021-09-24,33.927791595458984,34.16138971107635,33.170932417665945,33.170932417665945,812400
2021-09-27,34.507118225097656,34.759404649140166,33.85304270696058,33.862388628827794,912700
2021-09-28,34.44171524047852,34.91825394564706,34.34827383250657,34.4323693174687,1076300
2021-09-29,34.80611801147461,34.88087111678531,34.22586182386094,34.4230172578179,788400
2021-09-30,34.68464660644531,35.54428951048813,34.66595832978957,35.14250047345034,1478800
2021-10-01,35.207908630371094,35.46019502554386,34.67530520648116,35.0677483338003,847300
2021-10-04,35.740516662597656,35.88067697724053,35.189224890453794,35.189224890453794,1092000
2021-10-05,36.095584869384766,36.310494726158325,35.749857062709125,35.85264081256271,802800
2021-10-06,35.843299865722656,35.99280253563957,35.3947918559719,35.80592330713722,940900
2021-10-07,36.291805267333984,36.66556369747824,35.992799948988406,36.17033324287342,982900
2021-10-08,36.51605987548828,37.25422722665892,36.43009308677242,36.44130676607005,989900
2021-10-11,36.34787368774414,36.79638170951823,36.32918540795044,36.516064641462535,438900
2021-10-12,36.27311706542969,36.68424848791064,36.03951893720594,36.31049362140738,512600
2021-10-13,36.54409790039063,36.75900778679714,36.3011538100701,36.40393757409608,773000
2021-10-14,36.82441329956055,37.03932317610997,36.48803138342231,36.80572501928342,857900
2021-10-15,36.41327667236328,37.06734856735238,36.30114700657273,36.87112699885565,1135000
2021-10-18,36.52540588378906,36.68425091054758,36.170335707401165,36.28246538273932,963800
2021-10-19,37.3102912902832,37.32897956725286,36.47868256946751,36.65621585404269,663900
2021-10-20,37.56257629394531,37.85223566520457,37.095380080250536,37.1514413446624,532400
2021-10-21,37.0393180847168,37.74011245886585,36.90850370518356,37.51586025521589,494700
2021-10-22,36.92719268798828,37.07669534808441,36.65621800268138,36.945880966053366,631200
2021-10-25,36.37589645385742,37.12340966172684,36.30114335085841,37.10939434602056,456000
2021-10-26,36.1796760559082,36.56277680990328,36.05820404188315,36.44130479587824,925400
2021-10-27,35.02103042602539,36.1983669705485,34.98365387061286,36.17033277177685,795100
2021-10-28,35.441505432128906,35.46953606463229,34.94627858097308,35.04905875496022,1180800
2021-10-29,34.53514862060547,35.46954119300989,34.11934421103948,35.46954119300989,2311700
2021-11-01,35.67510986328125,35.749859418011056,34.62859114608968,34.62859114608968,761000
2021-11-02,36.14230346679688,36.273117851127765,35.46019734533964,35.61904236504868,942800
2021-11-03,36.095584869384766,36.53474693999826,35.301349070604566,35.880675012611206,1252500
2021-11-04,35.899356842041016,36.10492432522976,34.43236095519719,36.10492432522976,1380200
2021-11-05,36.07688903808594,36.9458742047481,35.83394503212451,36.26376822011228,872500
2021-11-08,35.41347885131836,36.35721375262332,35.030378050769365,36.2544300024523,1565800
2021-11-09,35.22659683227539,35.69379306728057,35.09578245678185,35.43216075186908,976600
2021-11-10,35.329383850097656,35.974113430992674,35.170535261966435,35.329383850097656,561000
2021-11-11,35.712486267089844,35.8713312979634,34.806124305629304,35.13316028944244,851900
2021-11-12,35.64706802368164,35.983446260895896,35.44150057503089,35.44150057503089,814900
2021-11-15,35.899356842041016,36.3758989959014,35.66575872548086,35.66575872548086,736500
2021-11-16,35.14250183105469,35.91804573789484,35.11447119720036,35.91804573789484,779900
2021-11-17,35.07709884643555,35.263978078185595,34.83415477583303,35.142506042884335,749300
2021-11-18,34.49776840209961,35.18922040066404,34.46039541213148,35.030375391132345,1054300
2021-11-19,33.9371452331543,34.47909475246565,33.75026596565295,34.31090376815699,1206700
2021-11-22,33.70354080200195,34.07729926782909,33.572726408289924,33.97451551150538,1093100
2021-11-23,33.96516799926758,34.301549889878515,33.69419686687519,33.974513920909395,1131900
2021-11-24,33.5260009765625,33.76426847691407,33.32043350385993,33.71288017316263,1091500
2021-11-26,32.76914596557617,32.927994550261026,32.292607340370914,32.825210800951645,780000
2021-11-29,32.22720718383789,32.95603238071328,32.14311169462724,32.95603238071328,802100
2021-11-30,31.39558792114257,32.1944966796104,31.14797446832756,32.07769761209956,2355000
2021-12-01,30.10612869262696,32.0122867597692,30.078094492699,31.69459315450805,1440800
2021-12-02,30.75085830688477,31.003144720071653,30.003344988789163,30.255631401976053,1145900
2021-12-03,31.33952522277832,31.3769017781416,30.76019930792112,30.76019930792112,1145200
2021-12-06,31.69459342956543,32.115070787887284,31.554436686407936,31.741315908375945,1094200
2021-12-07,31.722625732421875,32.36735526700463,31.63853026578721,31.86278246719666,960800
2021-12-08,32.03097915649414,32.45145656522804,31.7786927112538,31.85344583477321,1169900
2021-12-09,31.90950965881348,32.3673600502667,31.73197277833468,31.77869169683041,891300
2021-12-10,31.99360466003418,32.13376141342808,31.60115790879639,32.09638485341972,1360600
2021-12-13,31.582469940185547,31.89082121665727,31.09658534856116,31.713284337079617,1813800
2021-12-14,31.27411651611328,31.81138932459506,31.115267945736782,31.460992155015987,1948400
2021-12-15,31.51706314086914,31.591816262569555,30.69479662428972,31.27412262419285,2143700
2021-12-16,32.06835174560547,32.21785440969869,31.517060003432093,31.65722031045528,1724800
2021-12-17,31.974912643432617,32.834552036617296,31.760002795136447,32.29260623752794,13993200
2021-12-20,31.60116004943848,31.834758218677035,31.09658714842114,31.70394381421148,1523300
2021-12-21,31.965564727783203,32.51218345332688,31.601152244087423,31.86278098839736,1101200
2021-12-22,31.89081764221192,32.021632024443804,31.610500599654348,31.85344108602435,883200
2021-12-23,32.24588394165039,32.395386600626566,31.984255179548217,32.00294345747331,784700
2021-12-27,32.348663330078125,32.348663330078125,31.806717600958542,32.29260206827986,472100
2021-12-28,32.48883438110352,32.638337069488244,32.311301052529544,32.311301052529544,383800
2021-12-29,32.12441635131836,32.59161261881806,31.97491368829544,32.44210995579514,724800
2021-12-30,32.47013854980469,32.694394312452246,32.17580620297767,32.217852153485346,457200
2021-12-31,32.02163314819336,32.58226725298307,31.993602512281285,32.54956365627742,785200
2022-01-03,32.694393157958984,33.01208673124382,32.059006011389314,32.16178618603133,1100700
2022-01-04,32.82521438598633,33.29241070519993,32.75980718645043,32.88127566305993,1296500
2022-01-05,32.47948455810547,33.26437446898568,32.40473500510131,32.8345547370435,1028300
2022-01-06,33.15224075317383,33.55402975613465,32.60094911407111,32.64766801953596,1162800
2022-01-07,33.63813400268555,33.84370151776238,33.15224941713798,33.15224941713798,1167400
2022-01-10,33.610103607177734,33.96050083889752,33.212983893022006,33.778294563557225,1492100
2022-01-11,33.507320404052734,33.993205001152035,33.292410526101605,33.68485372120583,652300
2022-01-12,33.84369659423828,33.95114973281457,33.53627924567958,33.58206427735915,622400
2022-01-13,34.42302322387695,34.72202856809365,33.85304317258111,33.90910801128106,1196000
2022-01-14,35.22659683227539,35.2826580992444,34.119340472120335,34.301546718618404,1144900
2022-01-18,34.29220962524414,35.58634182647802,34.12401866967531,35.22660223865992,1022900
2022-01-19,34.08663558959961,34.76874163918918,33.89975638977764,34.451048068819105,877000
2022-01-20,32.95602798461914,34.68465289795444,32.94668206238384,34.08664219419357,924000
2022-01-21,32.53554916381836,33.198967036350965,32.34866993600536,32.79717794410168,933600
2022-01-24,33.507320404052734,33.55403932283776,32.41407916947305,32.423425091885065,2306700
2022-01-25,33.5260009765625,33.66615770069445,32.67570401823488,33.30174522775749,845800
2022-01-26,32.58226776123047,33.86238814236247,32.28326242542184,33.58206752117022,1098100
2022-01-27,32.713077545166016,33.37649888225168,32.582263174717205,32.59160909513456,997000
2022-01-28,34.30154800415039,34.338924559813435,32.50751610541861,32.66636112034975,1269700
2022-01-31,34.74071502685547,34.78743394111107,33.778291848376355,34.152046726845825,1105700
2022-02-01,34.56318283081055,35.09578631206922,34.49777207145397,34.89956116284908,1161100
2022-02-02,34.82481384277344,34.96497059900054,33.93714012896838,34.34827160409624,1019800
2022-02-03,34.993003845214844,35.2733209144313,34.56318410145462,34.8061246109289,707800
2022-02-04,34.80611801147461,35.207907041458995,34.51645507503203,34.91824410501641,808500
2022-02-07,34.74071502685547,35.24995725176345,34.64727719834427,34.95562488397096,797800
2022-02-08,34.899559020996094,35.23594089681502,34.61924197928851,34.91824729903321,913100
2022-02-09,37.30094909667969,37.36635985482148,35.29200724143804,35.33872615631813,1719500
2022-02-10,37.42242050170898,38.22599865615054,36.71228373989126,37.001943145963445,1282400
2022-02-11,36.86178588867188,37.84289732875467,36.74965978351446,37.19816776856874,1080200
2022-02-14,36.20771408081055,37.142106702250814,36.0955879642767,36.99260402539737,972700
2022-02-15,36.54409790039063,37.13276628063248,36.33853037233867,36.46000241749893,1099200
2022-02-16,36.357215881347656,36.49737619695541,35.684452069510264,36.12361773161799,1261700
2022-02-17,36.12361145019531,36.6655607742542,35.90870161754501,36.27031245997072,1321900
2022-02-18,36.01148223876953,36.488020771758926,35.35740687699228,36.06754349887184,1515700
2022-02-22,35.67510986328125,36.26377820113741,35.5629837489741,35.918050371684245,1964600
2022-02-23,34.97431564331055,36.00214608753716,34.908908445828395,36.00214608753716,1355400
2022-02-24,34.815460205078125,34.9275898625213,34.053931661503775,34.479081926021294,1077600
2022-02-25,35.72182846069336,36.006818487175345,34.665963830849016,34.97431509796391,960600
2022-02-28,35.74985885620117,35.93673808672622,35.04906441505086,35.24528956753583,1608500
2022-03-01,35.392539978027344,35.956716527927924,35.16687222760649,35.637017559061526,987500
2022-03-02,36.97223663330078,37.40476957160758,35.57120524901897,35.646426653238635,1097800
2022-03-03,37.16969680786133,37.48939584597355,36.755970117861686,36.99104283450524,845300
2022-03-04,36.73716735839844,36.91112247652519,36.37045445952207,36.8123923565912,782500
2022-03-07,35.759254455566406,36.95812654230336,35.72164555333193,36.62432377159832,1188700
2022-03-08,35.91910934448242,36.53970113016471,35.54299158900993,35.84388435861802,663900
2022-03-09,35.195091247558594,36.5961227823295,35.13867249813999,36.42687370792446,883200
2022-03-10,34.424049377441406,35.13866886149118,34.029125346234274,34.84718098697582,1025900
2022-03-11,34.01972198486328,35.11986051705187,33.95390191474558,34.54628613272971,736300
2022-03-14,33.58719253540039,35.054044062966256,33.446147463784364,34.48046603255133,1297300
2022-03-15,34.43344497680664,34.461656137363484,33.53076675132498,33.93509204570364,806600
2022-03-16,35.1856803894043,35.26090537593018,34.386434635653124,34.593299761674515,1095200
2022-03-17,34.8377685546875,34.950602430582144,33.77523909481722,34.950602430582144,1033100
2022-03-18,35.43015670776367,35.486575445586496,34.301807059779705,34.82837118535213,1781300
2022-03-21,35.298519134521484,36.36104520535152,35.025833928977534,35.39254678412462,2426000
2022-03-22,35.50537872314453,35.994330365353136,35.40194974905448,35.54299121568167,646300
2022-03-23,34.96001052856445,35.58060228286754,34.96001052856445,35.35493092360979,593000
2022-03-24,35.32673263549805,35.48658397093665,34.89419963571795,34.9506148001694,507800
2022-03-25,35.56179428100586,36.003732061474786,35.345527848649084,35.345527848649084,712800
2022-03-28,35.04463577270508,35.58060119933031,34.612102899801286,35.49597489055135,450400
2022-03-29,35.317325592041016,35.5429933872017,35.044640384874,35.411353242203816,449300
2022-03-30,34.63091278076172,35.48657728739943,34.503971510803055,35.28911348823316,1174700
2022-03-31,34.11375045776367,34.97881989399916,34.07614155030335,34.49926955789989,679700
2022-04-01,34.01031875610352,34.54158538875437,33.765844710235626,34.43345036137965,770900
2022-04-04,34.23598861694336,34.2453899468976,33.13585007913166,33.925694511506016,617100
2022-04-05,33.427345275878906,34.37704122135603,33.26749752309252,34.03853587789589,758700
2022-04-06,33.493160247802734,33.5589803226581,33.0230148063072,33.408533924856535,974500
2022-04-07,33.22047805786133,33.63420474811094,32.6751076331948,33.38032578355152,693800
2022-04-08,33.62480163574219,33.87868061392984,33.23928250299616,33.23928250299616,740700
2022-04-11,33.38972473144531,34.12315399459131,33.276890839778524,33.60599477195005,726100
2022-04-12,33.48375701904297,33.93509618686149,33.22987806459664,33.56838333719175,750400
2022-04-13,33.78464889526367,33.869275211152235,33.50256237127671,33.54957619412041,608500
2022-04-14,33.70942687988281,34.226589737513784,33.67181797044835,33.8410706171412,1431500
2022-04-18,33.822265625,34.01032093993125,33.56838664553256,33.7658468783655,719600
2022-04-19,34.03853225708008,34.170172412883566,33.60599929174711,33.97271217917833,667900
2022-04-20,34.30180358886719,34.42404238165195,32.91017381237482,33.972703285513155,925000
2022-04-21,33.73763656616211,34.8471800516376,33.65301024652669,34.48986852574085,1353800
2022-04-22,33.22047805786133,33.76584489560286,33.09353678211912,33.64360607853536,782800
2022-04-25,33.07943344116211,33.22987983846604,32.47764785194638,33.02301469707624,1093500
2022-04-26,31.979291915893555,32.966600229974894,31.941683005974127,32.84436140869266,1104800
2022-04-27,31.76302528381348,32.204963152259054,31.264672257302585,32.016904255882736,1202700
2022-04-28,31.89466857910156,32.33660649110958,31.650194500561778,31.93228107946937,860600
2022-04-29,31.255268096923828,32.120333920241535,31.180043110413703,31.866454971157047,802500
2022-05-02,31.838245391845703,31.94167794832815,31.321086196358028,31.42451516591592,994300
2022-05-03,31.62198066711425,32.11563118587696,31.41511554291385,31.90406719025362,877500
2022-05-04,32.31779861450195,32.36481244413296,31.44332775304918,31.556165248473928,569300
2022-05-05,31.70660781860352,32.31779470369688,31.53735518287308,32.03570817312111,931900
2022-05-06,30.145727157592773,31.631384895284857,29.81662319467026,31.556163489453333,1387800
2022-05-09,28.74468994140625,30.05827560798899,28.650660501168595,29.89184588407333,2421800
2022-05-10,28.114696502685547,29.10200298693853,27.23082258748276,29.04558424374979,1879600
2022-05-11,28.735286712646484,29.32767092854741,28.161710536879,28.161710536879,1747300
2022-05-12,29.01737403869629,29.1584172969746,28.05827701286403,28.67886878405848,2057500
2022-05-13,29.374685287475582,29.65677361229848,29.054986262087105,29.496924099604232,1216700
2022-05-16,29.25244903564453,29.48752174909468,29.036180776238915,29.32767223221008,829100
2022-05-17,30.061098098754883,30.24915519436586,29.51572947259683,29.52513259639675,2167200
2022-05-18,29.04558181762696,29.92945565900142,28.951554173758,29.891844960146308,1163400
2022-05-19,28.951557159423828,29.252449955144066,28.66946881833921,28.923347787276608,1045600
2022-05-20,29.09259796142578,29.39349073158111,28.754092698269847,29.18662740046492,1005100
2022-05-23,29.731996536254883,29.92005362429592,28.989165927124937,29.534534531330024,1718300
2022-05-24,28.208724975585938,29.534534905961483,28.04887546231912,29.534534905961483,1861600
2022-05-25,28.932748794555664,29.10200142813111,28.1899181901884,28.1899181901884,1204600
2022-05-26,29.9106502532959,29.967068993357387,28.98916568717372,29.045582633772803,934100
2022-05-27,30.73810577392578,30.794524514711327,29.854233689834643,29.948263131014794,872700
2022-05-31,30.75691032409668,30.91676162070816,30.465422480097228,30.766315240504515,2440800
2022-06-01,30.2303524017334,31.02019686285423,29.69438510825232,30.935570542486825,1729600
2022-06-02,29.95766830444336,30.28676868090017,29.42170278454221,29.98587588330392,944300
2022-06-03,29.760204315185547,29.957666321451548,29.55334097889669,29.769607438670825,745400
2022-06-06,29.70378875732422,30.023487796929995,29.529835448364828,29.929458351140795,899300
2022-06-07,30.12691879272461,30.192738863299663,29.34647568887067,29.43110200631357,774800
2022-06-08,29.609758377075195,30.38079837344324,29.55334142876715,29.91065115933469,846300
2022-06-09,29.13020896911621,29.67557756915749,29.111402722416965,29.57214679923644,598600
2022-06-10,28.236934661865234,28.876330928617804,28.22753153821943,28.754093908147265,1215100
2022-06-13,27.465896606445312,27.92664073036101,27.25903325199572,27.92664073036101,1551600
2022-06-14,27.87962532043457,28.10999738414112,27.33425666050718,27.484703063696628,1091000
2022-06-15,28.622453689575195,29.036180368139608,28.01126500188748,28.095889527554665,1421600
2022-06-16,28.02066421508789,28.340363220210538,27.45649118813009,28.067679829642582,1525400
2022-06-17,27.917234420776367,28.52842308354211,27.76678803589441,28.001860736455264,2507000
2022-06-21,28.34036636352539,28.754094850182973,28.01126599245261,28.08648919062104,2009300
2022-06-22,27.94544219970703,28.32155995810216,27.71977262074739,28.067681009224163,1309700
2022-06-23,27.89842987060547,28.048876264635,27.5317170093413,27.96424994381057,1026100
2022-06-24,28.537826538085938,28.81991306464885,28.00186106153896,28.13350120147333,1395200
2022-06-27,28.697677612304688,28.754094561999946,28.30275537751288,28.603648167170924,604800
2022-06-28,28.41558837890625,29.09259892770428,28.389260350316324,28.76349677686773,799400
2022-06-29,28.34036636352539,28.59424532989226,27.81380397634643,28.443798933555414,677400
2022-06-30,27.92663955688477,28.46260506584036,27.757386913327736,28.14290602655764,848100
2022-07-01,28.76349639892578,28.782302645803604,27.75738550597358,27.75738550597358,630200
2022-07-05,28.80110740661621,28.80110740661621,27.936039769089906,28.34976823750573,862600
2022-07-06,28.74468994140625,29.177224649114507,28.23693383366275,28.866928751753925,1238800
2022-07-07,28.97976303100586,29.243045108483248,28.772899694499472,28.857526012493544,960800
2022-07-08,28.80110740661621,29.23364212211058,28.66006414045199,29.083195732407088,881800
2022-07-11,28.47200584411621,28.73528611821482,28.274543845079897,28.62245222744752,772700
2022-07-12,28.79170799255371,29.158420867676973,28.312159420912685,28.312159420912685,825100
2022-07-13,28.55663299560547,28.69767625992821,27.72917606957721,28.547229872188964,1199500
2022-07-14,28.2275333404541,28.3685766172214,27.964251241949267,28.236936464700264,640600
2022-07-15,29.177227020263672,29.20543459920364,28.4908133061696,28.63185837471961,642300
2022-07-18,28.8951358795166,29.280654964385807,28.50021367142347,28.91394212596446,1142500
2022-07-19,29.760204315185547,29.82602438612007,29.23364195424692,29.271252654725604,612800
2022-07-20,30.24915313720703,30.39019819115129,29.69438321843986,29.86363584840309,724900
2022-07-21,30.48422813415528,30.48422813415528,29.976471999446247,30.30557416102455,824200
2022-07-22,30.62527275085449,30.80392672137249,30.27736614008788,30.46542502780022,533200
2022-07-25,30.700498580932617,31.001391374737327,30.51714214679928,30.80392756442639,738500
2022-07-26,29.68498420715332,30.63468004982094,29.459314600430737,30.484230058414,527100
2022-07-27,30.183334350585938,30.239753091944976,29.65677377893439,29.910650941200323,1312100
2022-07-28,30.437211990356445,30.48422581266056,29.66617382640989,30.145724139916112,431900
2022-07-29,29.054988861083984,30.394904488559,28.89513933409105,30.352589532261145,1357000
2022-08-01,29.24304580688477,29.308865879460463,28.801107959369418,28.95155614542276,818400
2022-08-02,29.08319664001465,29.5345358232102,29.01737656664811,29.252449282078604,698900
2022-08-03,29.42169952392578,29.619159727916635,29.073791144347457,29.120804966213186,494400
2022-08-04,29.327674865722656,29.760207836448743,29.17722845908205,29.384091819847225,615400
2022-08-05,29.14901351928711,29.32766926560702,28.772897574504896,29.01737338697891,538300
2022-08-08,29.27125358581543,29.57214816652824,29.1584196873278,29.28065670959981,550900
2022-08-09,29.478120803833008,29.731999783552325,29.205435575216864,29.365285103914665,705300
2022-08-10,30.437211990356445,31.020194865086545,29.948262140621647,30.089305400996345,1253400
2022-08-11,31.650192260742188,31.734818587118177,30.73810891945932,30.73810891945932,1615300
2022-08-12,31.73482131958008,31.969894070095485,31.38691465315642,31.744222651353468,998400
2022-08-15,31.56556701660156,31.64079201459276,31.236466617703403,31.49034560553569,1806000
2022-08-16,31.72541618347168,31.84295254463508,31.38691088941308,31.49034346114488,982200
2022-08-17,31.43392372131348,31.73481650941168,31.27407240999101,31.51855004214891,541100
2022-08-18,31.245859146118164,31.65958575773488,31.147129054263868,31.537350550824407,668600
2022-08-19,30.94497299194336,31.170644383393096,30.77572034508733,31.104824308162986,672500
2022-08-22,30.07990264892578,30.65347882065383,29.9294562635418,30.65347882065383,888000
2022-08-23,29.920055389404297,30.503034728225003,29.80251902989629,30.09870936456345,1360900
2022-08-24,30.164531707763672,30.470123359591067,29.72259386750885,29.920054081991903,741100
2022-08-25,30.36199188232422,30.46542444794359,30.141022962487355,30.38079812943,1275500
2022-08-26,29.826026916503903,30.728707119585668,29.750803715702308,30.399606736992784,1019700
2022-08-29,29.835424423217773,30.05169086061978,29.45930849002685,29.7978137266298,1802400
2022-08-30,29.98706817626953,30.186098333674952,29.74065083304177,30.091322154325,1528800
2022-08-31,29.96811294555664,30.441990204109626,29.94915734905707,30.04393352384974,1384400
2022-09-01,29.88281440734864,29.96811278343005,29.57953028811181,29.90176819604048,1302900
2022-09-02,29.60796546936035,30.35669349517196,29.52740689136957,30.19557633919039,840900
2022-09-06,28.95401191711425,29.68378615564278,28.660207385024243,29.68378615564278,2810300
2022-09-07,29.257295608520508,29.361547778355902,28.811848110087,28.92557988628637,1699800
2022-09-08,29.323637008666992,29.333114806878783,28.565429421070142,29.048786283640528,947000
2022-09-09,30.299829483032227,30.36617407655527,29.437369651991364,29.437369651991364,714200
2022-09-12,30.61258888244629,30.71684286204536,30.356693736724186,30.4704273228744,752200
2022-09-13,29.47527885437012,30.271395845738187,29.418413871473888,30.09132129091071,1699400
2022-09-14,29.408935546875,29.541621107160687,28.75498192830021,29.541621107160687,1810200
2022-09-15,30.3566951751709,30.59268749681076,29.389983147255386,29.40893874584529,1273400
2022-09-16,29.560577392578125,30.39460377448985,29.20990607945857,30.337736983580587,3267800
2022-09-19,30.280874252319336,30.304567845026515,29.38998106642844,29.4373682518428,1201200
2022-09-20,30.04393577575684,30.214530733924168,29.788040626947872,30.13871014994803,1144500
2022-09-21,28.81184959411621,30.2903519146306,28.802371794969314,30.16714414113163,829000
2022-09-22,28.328489303588867,28.89714453061108,28.309535515262063,28.82132395418846,685700
2022-09-23,27.930435180664062,28.15789694540026,27.503945049673227,28.15789694540026,760300
2022-09-26,27.44707679748535,28.23371784441916,27.36178022197388,27.7598387410838,848100
2022-09-27,27.21013832092285,28.03468878869569,27.077452745212085,27.61767465512636,903900
2022-09-28,27.65558433532715,27.75036051608032,27.07745125966757,27.257525822328063,1151100
2022-09-29,26.88789939880371,27.36177847182827,26.655697857631388,27.27648009406743,1244800
2022-09-30,27.0111083984375,27.57028587481105,26.906854419135733,26.99215280079985,1153600
2022-10-03,27.52289390563965,27.56080328662196,26.90684974340605,27.361774969128625,1083400
2022-10-04,28.41379165649414,28.499090042876112,27.66506358544786,27.759839771172874,1452100
2022-10-05,27.721923828125,28.17684727248091,27.627147658624583,28.063117315244472,869600
2022-10-06,27.49446487426757,28.12946292383948,27.371255299199973,28.06312014082089,899700
2022-10-07,27.58924102783203,27.73140439241276,27.134315730386348,27.342823685629654,3538500
2022-10-10,27.418642044067383,27.958863870294493,27.35229926648933,27.64610377049432,1134800
2022-10-11,27.03954124450684,27.371255157887205,26.76469050747139,27.24804739116096,709200
2022-10-12,26.81208038330078,27.18170550335346,26.68887080481301,27.039542134695143,970600
2022-10-13,27.845134735107425,27.902001527867952,26.40454366490773,26.42349745478929,1212500
2022-10-14,27.63662910461425,28.233717785894097,27.484987936477705,27.958867038830768,1652700
2022-10-17,25.399917602539062,26.63200427758411,25.15350207523526,26.46140752198516,4539100
2022-10-18,26.1391716003418,26.62252850882016,25.64633689275147,25.91170984477057,2080700
2022-10-19,26.214994430541992,26.63200858865433,25.84536927204782,26.034919847403973,1403500
2022-10-20,25.93066596984864,26.404545088843204,25.888016776830906,26.328724502112287,1168700
2022-10-21,26.167604446411133,26.442453384046683,25.76954593062096,25.85484431312637,929000
2022-10-24,26.28133201599121,26.558077211198487,25.89275133462729,26.385585986793043,1196300
2022-10-25,26.537229537963867,26.62726591597948,26.101261634681578,26.25290280171066,1024500
2022-10-26,25.83115005493164,26.84051308743635,25.79797866112352,26.73625910249345,1279900
2022-10-27,25.18193626403809,26.12969450842164,25.049250688290115,26.082307319284617,1304900
2022-10-28,25.788497924804688,25.854842512570507,25.10611271998861,25.39044124444086,1236100
2022-10-31,25.779024124145508,25.883276298366063,25.49469557554,25.826411311727096,1322600
2022-11-01,27.11536026000977,27.920953211934165,26.357152683068072,26.62252560615344,1495300
2022-11-02,26.698347091674805,27.6555830377283,26.66138494330397,26.925808830186742,1057900
2022-11-03,26.55618476867676,26.72204172791423,26.14864846003007,26.461408588667368,1215800
2022-11-04,26.37611198425293,27.03006568189543,25.864323470054096,26.88790230615717,1116000
2022-11-07,26.00648498535156,26.80260200178005,25.665291461823564,26.641483038747968,1433900
2022-11-08,26.17708206176757,26.575140574766536,25.816932936446698,26.12969306753836,1149100
2022-11-09,25.267234802246094,25.73163612785568,24.973430250881947,25.66529333958365,1581300
2022-11-10,26.252901077270508,26.54670559312744,25.9306631665738,26.12969150733667,1910800
2022-11-11,27.25752639770508,27.39495177231281,26.311662660763787,26.451931555855825,1040600
2022-11-14,27.28595924377441,27.83565892339826,27.25752584721092,27.25752584721092,1267700
2022-11-15,27.475509643554688,28.01099352574428,27.21961449903521,27.484987442356,1083600
2022-11-16,27.352304458618164,27.560810628829422,26.80260473014716,27.560810628829422,1651600
2022-11-17,27.33334350585937,27.484984655896188,26.96371842860778,26.96371842860778,994700
2022-11-18,27.6176700592041,27.75983521832804,27.38073053760433,27.65558125035851,647700
2022-11-21,27.33334350585937,27.80722255165069,27.06323259437473,27.75035757231316,857500
2022-11-22,27.59872055053711,27.71245052622408,27.36651898797604,27.39021258226871,1380300
2022-11-23,27.721923828125,27.79774440218432,27.4470731173443,27.636625456345133,1529000
2022-11-25,27.91147804260254,27.949387428326933,27.646105111710984,27.66506070842578,469700
2022-11-28,27.721923828125,28.02520612436228,27.522895499108696,27.81669999762542,1092700
2022-11-29,28.375883102416992,28.385360902039125,27.51342322156261,27.665064400105884,851800
2022-11-30,28.92557907104492,28.98244405368929,27.96834312595622,28.30005883884125,1423900
2022-12-01,28.698118209838867,29.26013739076589,28.390096079666403,29.020356134180588,984600
2022-12-02,29.01087760925293,29.025093403066315,28.300058995300283,28.43274455810577,1221000
2022-12-05,28.57490921020508,29.115131091980366,28.518044224677496,28.840282155509296,675300
2022-12-06,27.702970504760746,28.783416033350807,27.56080714270304,28.65072866208575,1432200
2022-12-07,27.40916633605957,27.714344943892925,27.058495017931087,27.71244866108677,842000
2022-12-08,27.731409072875977,28.172116842851864,27.352306100774555,27.503947289615123,3296200
2022-12-09,27.87356948852539,28.13041188290417,27.551331544681886,27.731406115113344,1469400
2022-12-12,28.11050796508789,28.11998576397804,27.646106665702508,27.77879223475396,784900
2022-12-13,28.470653533935547,29.18147209251337,28.31901057835028,28.53699631017,1600900
2022-12-14,28.21476173400879,28.783417009224543,28.06312056831196,28.34744730206719,1229800
2022-12-15,27.238569259643555,28.07259745147762,27.22909146113348,27.78826891929114,1547700
2022-12-16,27.18170738220215,27.418646948912134,26.982677206158936,27.07745339438401,3506700
2022-12-19,26.18655776977539,27.124839960610828,26.02543880654868,27.077450966893988,1602600
2022-12-20,26.63200759887696,26.66991698945708,26.09178567724572,26.16760626611141,1153200
2022-12-21,26.9068546295166,27.07745139417872,26.67939287920222,26.745735663747418,600400
2022-12-22,27.04902076721192,27.134317344871267,26.613051041158307,26.68887162729301,796100
2022-12-23,27.342823028564453,27.38073241461254,27.049018507797225,27.049018507797225,575000
2022-12-27,27.162750244140625,27.30017561889604,26.87842350327904,27.24804862794017,536300
2022-12-28,26.679393768310547,27.21013787006484,26.679393768310547,27.21013787006484,329000
2022-12-29,27.08693122863769,27.361781994071585,26.764693272883346,26.821558262808985,722000
2022-12-30,26.963722229003903,26.98267601965112,26.58935729621476,26.89737763476992,903600
2023-01-03,26.85946655273437,27.200660070752715,26.67465399970952,26.95424273081783,1204100
2023-01-04,27.83566093444824,27.88304812443904,26.74573748760578,27.06797544111836,965400
2023-01-05,27.437599182128903,27.79774648395581,27.285958022653872,27.72192590421829,793300
2023-01-06,28.24319076538086,28.309535351107943,27.56080558153412,27.684013339617028,1127300
2023-01-09,27.864089965820312,28.46591662348897,27.84513436848305,28.24319287403928,2975400
2023-01-10,28.41379165649414,28.46118065320934,27.769315762810525,27.82618255886877,3472700
2023-01-11,28.51804542541504,28.631775401258743,28.08207569746649,28.56543261406569,808200
2023-01-12,28.66968536376953,28.797632936863057,28.243193453457785,28.56543138398104,695000
2023-01-13,28.726551055908203,28.83080503826132,28.385359326970875,28.46117991203532,861300
2023-01-17,28.31901359558105,28.897146663286783,28.252670812278154,28.802370483837525,2225300
2023-01-18,27.977821350097656,28.57490819621265,27.963603748441304,28.337968655932773,574200
2023-01-19,27.87356948852539,27.93043447634913,27.4376015690344,27.79774890219194,998900
2023-01-20,28.157894134521484,28.157894134521484,27.745619840074248,27.98729918377814,1336900
2023-01-23,29.086700439453125,29.157781221724573,28.129464415013704,28.186329402371936,774700
2023-01-24,29.02983283996582,29.167258212670028,28.82132668695983,28.94453626514474,699100
2023-01-25,29.693262100219727,30.11027618301019,28.916100723909214,29.209905237652297,1154600
2023-01-26,30.06288719177246,30.127335496529803,29.66482870540784,29.76908267803113,622800
2023-01-27,29.96811294555664,30.13870789093723,29.806993990720656,29.9302017525575,470400
2023-01-30,29.76908493041992,29.96811509251384,29.61744376296994,29.73117554241008,1144100
2023-01-31,30.04393577575684,30.04393577575684,29.64587725795577,29.89229460780456,590500
2023-02-01,30.337736129760746,30.489377285840565,29.598485945797886,29.79751609296839,827500
2023-02-02,31.00116920471192,31.21441696448995,30.309306167058285,30.33773775553114,709000
2023-02-03,30.61258888244629,30.96325840121633,30.546246098230625,30.71684286204536,1819100
2023-02-06,30.14818954467773,30.44199409717344,29.91124998124772,30.44199409717344,606300
2023-02-07,30.138708114624023,30.214528693479856,29.57479267236534,29.996544755232485,1589500
2023-02-08,31.47504997253418,32.517586195507086,31.1717676279557,31.437138775609185,2001000
2023-02-09,31.47504997253418,32.166913047067,31.35184400564405,31.79728791557516,1670200
2023-02-10,31.465574264526367,31.7025138243264,31.219155097704306,31.408707468626485,983700
2023-02-13,31.351842880249023,31.73094398965868,31.1622905178389,31.446617253748787,812700
2023-02-14,31.39923095703125,31.61721491458809,31.04855781123874,31.17176739260937,639300
2023-02-15,32.564979553222656,32.57445554654372,31.30445913224815,31.38028154046229,1071400
2023-02-16,32.21430206298828,32.62183475337574,32.08161288111525,32.15743527075698,1065900
2023-02-17,32.43228912353516,32.58393030196538,31.95840998901436,32.214305155504896,1623400
2023-02-21,31.617212295532227,32.474932259822275,31.598256698783057,32.062659780611675,1662500
2023-02-22,31.92049217224121,32.08160930917545,31.598254282962607,31.655121068862403,964700
2023-02-23,31.816246032714844,32.157439601228305,31.441881068118743,31.873112832604093,2852200
2023-02-24,31.332887649536133,31.617214388776947,31.219154061511293,31.323408042828746,815800
2023-02-27,31.133852005004883,31.531912285307115,31.09594442887961,31.503480699360605,1069500
2023-02-28,30.79959487915039,31.3439595204473,30.646790833227328,31.12430393212888,1241100
2023-03-01,30.599040985107425,30.76139369391868,30.427135973933208,30.675441188331565,1440600
2023-03-02,30.84734535217285,30.904648235368867,30.48443619977097,30.55128774193174,1428700
2023-03-03,30.75184440612793,31.076553460249333,30.637242282066207,30.97149999521949,991900
2023-03-06,30.627689361572266,31.2198045742624,30.517861569243745,30.93329744832432,1749300
2023-03-07,30.532188415527344,30.92375085205898,30.4748873508314,30.675441988051208,1000300
2023-03-08,30.408035278320312,30.790047227190204,30.21702930388537,30.56083932924108,1761200
2023-03-09,29.25245475769043,30.59426736450452,29.2333556160886,30.43668897227284,828200
2023-03-10,29.13785171508789,29.32408154627933,28.80359215628805,29.09009930864903,1047800
2023-03-13,28.39292907714844,29.013695755697647,28.306976571642,28.765390541532327,1949600
2023-03-14,28.83224296569824,29.14740155498748,28.52663485748662,28.78449056031017,1444900
2023-03-15,28.488433837890625,28.74629137047103,28.24967726807204,28.383380364268668,1408500
2023-03-16,28.86089134216309,28.96594480791632,28.26877611344182,28.392928718958235,874600
2023-03-17,28.74629020690918,28.994597248057964,28.631686256545127,28.84179319528456,2422500
2023-03-20,29.319307327270508,29.529412451691726,28.66033868846716,28.74629119881403,882900
2023-03-21,29.634464263916016,29.90187043972653,29.347955304960244,29.56761089839544,1044400
2023-03-22,29.19515037536621,29.863669437875348,29.185599894865465,29.558061348123022,831700
2023-03-23,29.51986122131348,30.026025789227123,29.271554177897425,29.271554177897425,671800
2023-03-24,29.0136947631836,29.271552270882,28.2496745421156,29.271552270882,852000
2023-03-27,29.58671188354492,29.882771323525223,29.070998671522386,29.070998671522386,787700
2023-03-28,28.774940490722656,29.27155458445227,28.71763942500556,28.774940490722656,903400
2023-03-29,29.147401809692383,29.21902768604838,28.90864524536968,29.1091998850481,990400
2023-03-30,29.50076103210449,29.691767015603883,29.300206388841385,29.30975687017316,787800
2023-03-31,29.901870727539062,29.920971689300224,29.574296337450253,29.65356368934789,1149400
2023-04-03,29.95917320251465,30.14540302321551,29.79681867290427,29.892319837266182,940800
2023-04-04,29.758617401123047,30.20747907677766,29.50075987994002,30.0546750245732,718000
2023-04-05,29.624914169311523,29.729965816220243,29.347955687534032,29.519860700834823,664600
2023-04-06,29.35750770568848,29.53896320940394,29.17605220197301,29.37660866851496,755600
2023-04-10,29.78726959228516,29.82069536569657,29.300205980559912,29.300205980559912,559700
2023-04-11,30.054676055908203,30.26955733093444,29.72996697843924,29.72996697843924,826900
2023-04-12,29.6153621673584,30.36028324621348,29.54851062596779,30.255229783132304,615200
2023-04-13,29.76816749572754,29.92097154594879,29.653563547277617,29.76816749572754,651600
2023-04-14,29.36705780029297,29.815919491394737,29.099649788948565,29.663115433931665,877000
2023-04-17,29.81591796875,29.86367037274861,29.32885437737189,29.453008806200327,889100
2023-04-18,29.79681968688965,29.959174222024952,29.52941168149973,29.79681968688965,1725500
2023-04-19,29.66311454772949,29.777718498186964,28.712864457618267,29.36705692293568,1181800
2023-04-20,29.50076103210449,29.777719526021805,29.357507455263978,29.49121055077272,716200
2023-04-21,29.43390846252441,29.4721103865253,28.90386860720409,29.43390846252441,1048700
2023-04-24,28.56483268737793,29.62491232226041,27.95361651958803,29.48165876063064,3620200
2023-04-25,28.38338279724121,28.79404442398124,28.16372717135597,28.39293327944077,1304700
2023-04-26,28.39292907714844,28.774939200750417,28.29742609085596,28.32607753321409,1260500
2023-04-27,28.79404067993164,28.83224260376254,27.963168873857363,28.488432575556367,1044200
2023-04-28,29.16650390625,29.36705855372765,28.65365415952157,28.65365415952157,1243700
2023-05-01,29.242902755737305,29.51508507431496,29.03279582801568,29.07099774998976,957300
2023-05-02,28.96594619750977,29.08055014942649,28.4836587409536,29.07099966830276,678900
2023-05-03,28.62213897705078,29.31453344325936,28.603039834493785,29.080553008214427,783900
2023-05-04,27.34239959716797,28.125522619667134,27.246898433400112,28.00136819226022,1449400
2023-05-05,28.06822204589844,28.16372503909535,27.51908302276035,27.562059278620552,764800
2023-05-08,28.230573654174805,28.354728078899235,27.94406652592564,28.1541716318705,916400
2023-05-09,27.810365676879883,29.080550538229684,27.73873797827828,28.459782007863865,1377800
2023-05-10,27.351951599121094,28.221025353033948,26.8744384674517,28.182825249715776,1505200
2023-05-11,26.893537521362305,27.25644849575473,26.54017884908158,27.151395031340936,1227500
2023-05-12,26.99859046936035,27.04634104959805,26.568827960949587,26.78848354455159,1131100
2023-05-15,27.332853317260746,27.34240197721435,26.778938139978564,26.96039182418665,1093000
2023-05-16,26.94129180908203,27.394929678699864,26.903091703219225,27.36150390298185,1329900
2023-05-17,27.628910064697266,27.65755968676781,26.931741330270764,27.17049789588817,1030400
2023-05-18,27.409255981445312,27.76261469807596,27.07977073681863,27.5429590827036,973800
2023-05-19,27.619359970092773,27.71486296199017,27.39970436382641,27.47610639303071,1216500
2023-05-22,27.65755844116211,27.93929124876505,27.495205732559423,27.76261190820428,859100
2023-05-23,27.676658630371094,28.05866874318032,27.609807088325468,27.609807088325468,1068100
2023-05-24,27.361501693725582,27.762612791522912,27.318525439619872,27.686210764398087,579700
2023-05-25,27.619359970092773,27.772164028501383,27.170498276213497,27.39015388247986,4625500
2023-05-26,27.93451690673828,28.096871436836743,27.66710890964436,27.66710890964436,1988100
2023-05-30,27.97272109985352,28.18760055931934,27.81991521656532,27.905867728978883,1527100
2023-05-31,27.89631462097168,28.03001952856445,27.59070652630465,27.88676596188528,6428400
2023-06-01,27.886768341064453,28.192376461804653,27.676661391879502,27.953619889780363,1137500
2023-06-02,28.497982025146484,28.56483356786316,28.03956988517392,28.05866902483017,1739600
2023-06-05,28.727191925048828,28.7606177008635,28.41203330910468,28.47888486073402,771300
2023-06-06,29.080549240112305,29.17127607559878,28.507533141582257,28.688988634123163,1437600
2023-06-07,29.77771759033203,29.949622599993248,29.15695091666381,29.26200256134838,939000
2023-06-08,30.19793128967285,30.21703043057411,29.66311526994075,29.701317194879344,671000
2023-06-09,29.987823486328125,30.33163351465125,29.882771838893383,30.26478196949241,1346100
2023-06-12,29.94962501525879,30.197932069064205,29.75861902877213,29.987825119615263,935200
2023-06-13,29.77771759033203,30.24568021576093,29.72996518677728,29.997373181980056,1424100
2023-06-14,29.78726959228516,30.24568176041432,29.56761216785124,29.78726959228516,881700
2023-06-15,30.13107681274414,30.26478172354323,29.615363596018422,29.787268608782988,1076400
2023-06-16,30.08332633972168,30.37938396191483,29.93529661784112,30.159728365499525,1735100
2023-06-20,29.6917667388916,30.08332736200495,29.48166161625479,29.959174748985028,1767000
2023-06-21,29.634464263916016,29.806367453407933,29.453008772067488,29.74906639024396,751400
2023-06-22,29.43390846252441,29.663114541825745,29.28588056094097,29.653564060825524,2049700
2023-06-23,29.25245475769043,29.347957751972,29.118751658637105,29.2620052392754,1548300
2023-06-26,29.672664642333984,29.758617148665817,29.262003072430343,29.29065451506361,596500
2023-06-27,30.7040958404541,30.82824663169833,29.663115245549807,29.663115245549807,818200
2023-06-28,30.64678955078125,30.76139166964395,30.417583491488013,30.58948666978206,624800
2023-06-29,30.6658935546875,30.81869760938204,30.455786613306486,30.608590668001032,692600
2023-06-30,30.455785751342773,30.904649243176216,30.360284586037583,30.81869673714717,1023800
2023-07-03,30.770946502685547,30.790047464589907,30.217029536866946,30.3507344486295,309100
2023-07-05,30.58949089050293,30.8425722743486,30.283882769277643,30.61814415652392,1310200
2023-07-06,30.417585372924805,30.49398739741496,30.1501773764253,30.34118334843465,654600
2023-07-07,30.484437942504883,30.713644023688467,30.236130899164,30.29343196406789,984400
2023-07-10,30.188379287719727,30.48443690480799,29.74906628089616,29.959173214338367,1305700
2023-07-11,30.27433204650879,30.3889341733754,30.13107665557359,30.312532148275004,840200
2023-07-12,30.19793128967285,30.93330012906042,30.188380808438204,30.465337477970863,666600
2023-07-13,30.19793128967285,30.408036412131008,29.892321354868205,30.274333317982,633300
2023-07-14,29.729965209960938,30.111977152425062,29.500759137423223,30.111977152425062,677000
2023-07-17,29.940074920654297,29.987825507108937,29.548514282708307,29.78727085811772,631100
2023-07-18,30.43668556213379,30.684992590818187,29.96872112474188,29.96872112474188,602100
2023-07-19,30.255231857299805,30.642016322309686,30.00215048423724,30.436687354634028,682000
2023-07-20,30.3029842376709,30.414722869176018,30.035578037922736,30.33163568260168,561100
2023-07-21,30.00692367553711,30.27433167085436,29.89231972852459,30.245680228709247,933600
2023-07-24,29.739517211914062,30.07377676788424,29.51031112765201,29.99737473979689,1400900
2023-07-25,29.58671188354492,29.87322084272896,29.50075937794651,29.63446428752624,837300
2023-07-26,29.76816749572754,29.94007250761844,29.49120901622154,29.58671200300181,884600
2023-07-27,29.634464263916016,30.140626994739023,29.601038491939704,29.825468414985245,792100
2023-07-28,29.720415115356445,29.987821276284468,29.50075771257833,29.844567715563333,1222100
2023-07-31,29.997373580932617,30.274332060529773,29.77771798636326,29.77771798636326,655800
2023-08-01,29.82546806335449,30.01647403373979,29.76816700086608,29.987822591711616,531000
2023-08-02,29.8541202545166,29.949623242105723,29.691765722085496,29.777718228758904,686500
2023-08-03,29.59626197814941,29.892319592698605,29.347954945390505,29.892319592698605,1714600
2023-08-04,29.68221473693848,30.08332582074445,29.40525808135965,29.624913673985606,1058900
2023-08-07,29.739517211914062,29.97827377738304,29.67266566503364,29.854121164829102,768500
2023-08-08,31.391712188720703,31.534967585169525,30.82824654883063,31.191157548201204,2407700
2023-08-09,31.06700134277344,31.74507271841465,30.96194787711906,31.31531019670849,1103100
2023-08-10,30.818696975708008,31.38216259889653,30.64679196231924,31.16250700248554,1650300
2023-08-11,30.990602493286133,31.238907714922963,30.646792460915115,30.799596514953787,808600
2023-08-14,30.331632614135746,30.9810489060896,30.212254338019765,30.885547742451163,1046000
2023-08-15,30.46533966064453,30.58949228245374,29.873224354218817,30.17883248935056,721100
2023-08-16,30.04512596130371,30.60381546199424,30.016476338643525,30.331634938882093,881900
2023-08-17,29.53896141052246,30.12152799027625,29.53896141052246,30.12152799027625,975100
2023-08-18,29.882774353027344,29.97827552753593,29.43391081793716,29.500762368720423,723600
2023-08-21,29.59626197814941,29.968721616503814,29.472109372553927,29.73951554508819,738100
2023-08-22,29.214252471923828,29.70131606698669,29.16172573791196,29.500759611811173,990200
2023-08-23,29.26200294494629,29.30975534912703,29.090097933031554,29.23335332400581,1517300
2023-08-24,28.9277458190918,29.386157979257003,28.81314186826649,29.18560152070473,997300
2023-08-25,28.79404067993164,29.147401189095543,28.64601277900686,28.93729425116155,635200
2023-08-28,29.06145095825196,29.137852990329883,28.832244862018168,28.88954593068458,673500
2023-08-29,29.398590087890625,29.54789367597472,29.071082716795253,29.099979237190343,690700
2023-08-30,29.754993438720703,29.836871198639816,29.34079283943416,29.36005841085819,594200
2023-08-31,29.398590087890625,29.88021835864664,29.321529638060305,29.754993979381084,1743900
2023-09-01,27.69362449645996,29.53344427254785,27.655093354403306,29.53344427254785,1418800
2023-09-05,27.982601165771484,28.46422942567988,27.491341957459003,27.58766613962788,1136600
2023-09-06,27.92480659484864,28.16080525318544,27.74178733964454,27.89590823752188,922500
2023-09-07,27.41427993774414,27.9826014369244,27.35648506042958,27.97297048842699,1225600
2023-09-08,27.83811378479004,27.84774657071257,27.433545962374065,27.462444320141653,567000
2023-09-11,28.146352767944336,28.65687934714105,27.83811099834099,27.83811099834099,950600
2023-09-12,28.49312400817871,28.579817230459167,28.00186302767804,28.05002694964816,722100
2023-09-13,27.886276245117188,28.63761513482706,27.84774510345721,28.55092190335808,1176500
2023-09-14,28.435333251953125,28.50276091519824,28.0018670778545,28.15598797591933,1004200
2023-09-15,28.223413467407227,28.87842815241322,28.17525137944273,28.51239150699181,2492900
2023-09-18,28.09819221496582,28.23304753721577,27.780317643043816,28.10782500045024,1285300
2023-09-19,28.329376220703125,28.416069460955125,28.088562072728926,28.10782764551074,1206000
2023-09-20,27.67435836791992,28.512392318109885,27.655092797279707,28.425699087494856,1422300
2023-09-21,28.50275993347168,28.666513611683623,27.626196666944804,27.64546223785585,1589300
2023-09-22,27.78994941711425,28.58945221056361,27.770683846846584,28.43533132295404,1357900
2023-09-25,27.703256607055664,27.89590680084759,27.443176916307333,27.74178591090768,915300
2023-09-26,27.491342544555664,27.88627757913338,27.31795607332329,27.462444186928256,968200
2023-09-27,27.578033447265625,27.741787129679167,27.16383468564645,27.597299018670988,1043200
2023-09-28,27.7995834350586,28.136721743364195,27.54913652227016,27.578033041687217,1010800
2023-09-29,27.81884765625,28.093377456383227,27.73215625921416,27.78031835059696,965800
2023-10-02,27.52023696899414,27.81884595933801,27.36611608125112,27.80921501146173,976100
2023-10-03,27.000078201293945,27.43354248933564,26.971179847184835,27.37574761838324,1323300
2023-10-04,27.01934242248535,27.096402864238616,26.60514369635272,26.97118033536426,881400
2023-10-05,26.9519157409668,27.231261000722704,26.66293953325082,27.048241755960763,564000
2023-10-06,27.096405029296875,27.231262191089844,26.672573484421843,26.69183721844998,615600
2023-10-09,27.55877113342285,27.659912632614507,26.836328703883417,26.91338915621031,681800
2023-10-10,27.85737991333008,27.939255839408688,27.587667413907543,27.59730020002257,885700
2023-10-11,27.75141906738281,28.160804179540108,27.62619653160641,27.9633366718342,698300
2023-10-12,27.35648536682129,27.789951544700365,27.25534387107152,27.74178761534377,754000
2023-10-13,27.52987098693848,27.6069314342608,27.356484521146765,27.395015663440915,698300
2023-10-16,28.10782623291016,28.300476439247905,27.635830747073506,27.635830747073506,607100
2023-10-17,28.329376220703125,28.497945389378604,27.40465077436996,27.40465077436996,1078800
2023-10-18,27.95370483398437,28.416067525661465,27.93443926251466,28.252313842700907,640200
2023-10-19,27.46244239807129,28.107824311582675,27.40464752384717,27.99223272586852,1110400
2023-10-20,27.26015853881836,27.558769380195976,27.22066650636028,27.558769380195976,837200
2023-10-23,27.03860855102539,27.45280912298383,27.00007924798544,27.25052614817579,804300
2023-10-24,27.04824447631836,27.4142811653902,26.894123571733783,27.16383607338984,943300
2023-10-25,26.807430267333984,27.183099741676948,26.79779748116287,27.00008231622408,804200
2023-10-26,26.431758880615234,26.817061113252137,26.190944755558924,26.797795542303803,1049400
2023-10-27,26.11388397216797,26.63404152020137,26.05127178602654,26.402860183601423,982200
2023-10-30,26.2198429107666,26.40767948333446,26.051273747615284,26.383596599513343,866200
2023-10-31,26.884490966796875,26.951918633348967,26.277640130561927,26.277640130561927,1212400
2023-11-01,26.874855041503903,27.048241499395207,26.595511621663626,27.028975929125973,1518000
2023-11-02,27.40464973449707,27.712891538245184,25.23732248496881,27.1638355956606,1558800
2023-11-03,28.2523136138916,28.599086548473988,27.33721918641741,27.452810777033545,1302400
2023-11-06,27.809215545654297,28.23304707645612,27.58766515766024,28.08855897107977,1207100
2023-11-07,27.44318008422852,27.85738071273028,27.41428172505416,27.770687472473345,1562300
2023-11-08,27.163833618164062,27.443177043500125,26.95673332686008,27.443177043500125,1029700
2023-11-09,26.682205200195312,27.97778450288837,26.585879184852995,27.87664301354861,1519600
2023-11-10,27.04824447631836,27.16383607338984,26.624411070077723,26.74000266714921,804900
2023-11-13,26.55698204040528,27.04824308751947,26.45102323496907,27.04824308751947,1181400
2023-11-14,27.08677291870117,27.414278430319207,26.961548547928288,26.961548547928288,1201000
2023-11-15,27.41427993774414,27.52023874387585,26.89412236738104,27.17346580545644,1312200
2023-11-16,27.106035232543945,27.669541196983097,26.8555883413783,27.46244091846662,8150400
2023-11-17,27.38538360595703,27.452811269498497,27.154202257843707,27.34685246263846,1821300
2023-11-20,27.58766746520996,27.732157419938,27.25052913688745,27.40465004048234,1878000
2023-11-21,27.250526428222656,27.77068396683593,27.187914243215143,27.64546143408682,2157400
2023-11-22,27.308320999145508,27.443176315574465,27.11566897230481,27.39501422749723,1581400
2023-11-24,27.3950138092041,27.53950190849549,27.36611545443948,27.37574823936102,1046300
2023-11-27,27.202363967895508,27.34685207877995,27.09640516252277,27.34685207877995,2251200
2023-11-28,26.855588912963867,27.22162739140653,26.82669239542661,27.22162739140653,1329600
2023-11-29,26.672571182250977,27.077138958178697,26.455838117063653,27.077138958178697,1813600
2023-11-30,26.643674850463867,26.817061315776392,26.402860723588912,26.643674850463867,4057700
2023-12-01,27.22162818908692,27.375749078021364,26.6388584629744,26.75926552228356,1404900
2023-12-04,27.13493728637696,27.38056690003476,26.95191802609764,27.154202858462373,3508100
2023-12-05,26.45102500915528,27.057877688110143,26.13315040879144,27.01934654272489,2199900
2023-12-06,26.28727149963379,26.653308171439875,26.219841999450807,26.576247722782487,2239700
2023-12-07,26.3257999420166,26.60032789618496,26.200577406029577,26.31616715659207,2187500
2023-12-08,26.98081588745117,27.081957383138267,26.3932288105272,26.3932288105272,1794800
2023-12-11,26.60514640808105,27.0386107481493,26.60514640808105,26.95191751268244,2324100
2023-12-12,26.15241432189941,26.682206513730257,26.07053839905064,26.682206513730257,1944100
2023-12-13,26.59551239013672,26.59551239013672,25.82009061842044,26.09461857225881,2206300
2023-12-14,26.97118377685547,27.645464106183294,26.82669565978982,26.87485775305634,2476000
2023-12-15,26.634042739868164,27.1349365774054,26.5184529849079,26.980815679281022,3906000
2023-12-18,26.61477851867676,26.83632892857943,26.364333424466995,26.768901261887105,2049300
2023-12-19,26.874855041503903,26.874855041503903,26.537714910855925,26.653306495205424,1544400
2023-12-20,26.45102500915528,26.97118444825945,26.422128487382462,26.87485842206244,1904200
2023-12-21,26.865222930908203,26.947100687975304,26.34602810879782,26.5858795040541,1068200
2023-12-22,26.73036766052246,27.183097550474127,26.576246768740365,26.87485576690993,1204800
2023-12-26,26.82669258117676,26.874854668916228,26.402859227459064,26.807427011174617,968400
2023-12-27,26.624408721923828,26.85559005841153,26.59551220315408,26.79779518360609,1297300
2023-12-28,26.682205200195312,26.870039919616566,26.556980829070525,26.682205200195312,852700
2023-12-29,26.634042739868164,26.74963433209446,26.47992184174379,26.653308311450218,1158600
2024-01-02,27.106035232543945,27.36611490843893,26.4510205690747,26.7688969533458,1510700
2024-01-03,26.94228172302246,27.250525324352942,26.80742641056064,26.97118007737821,980700
2024-01-04,26.961549758911133,27.07714134964208,26.74963398604807,27.000080901576784,1257700
2024-01-05,27.0675106048584,27.404650779539093,26.89412412432169,26.9615517918046,1318100
2024-01-08,27.433544158935547,27.510604603983897,26.9422831327776,27.06750750427237,934100
2024-01-09,27.13493728637696,27.40946525816289,27.086775193429485,27.21199773745255,1185300
2024-01-10,27.45280838012696,27.52023603657175,26.759264408781554,26.942281808484328,1283900
2024-01-11,27.568403244018555,27.616565336567792,27.173466368597342,27.43354607780177,1529100
2024-01-12,27.69362449645996,27.83811260464047,27.47207594143212,27.703257281974125,780000
2024-01-16,27.40464973449707,27.62619830128277,27.17346654441992,27.62619830128277,979000
2024-01-17,27.33721923828125,27.6165645110617,27.12530346522664,27.22162948471183,919200
2024-01-18,27.52987098693848,27.655093524862497,27.17346526978152,27.395015663440915,989000
2024-01-19,27.67435836791992,27.74660333918776,27.289056141445315,27.66472558259981,798500
2024-01-22,27.87664604187012,28.04039973456132,27.72252513548618,27.73215792179344,766200
2024-01-23,28.10782623291016,28.29084549060716,27.862194785452008,28.06929508928297,678700
2024-01-24,27.99223518371582,28.290846040836,27.90554194613462,28.290846040836,796600
2024-01-25,28.618350982666016,28.719494315904345,28.17525385520688,28.17525385520688,1149100
2024-01-26,28.647247314453125,28.786919944118,28.56537139605601,28.647247314453125,731500
2024-01-29,28.820632934570312,28.83989850443196,28.52202395077833,28.65687926527809,738100
2024-01-30,28.70504570007324,28.89288227877348,28.656883605390806,28.79173894031454,641900
2024-01-31,28.90732765197754,29.28781440866428,28.6106441075169,28.81100163496918,1813000
2024-02-01,29.01328659057617,29.05181589520076,28.49312719864944,28.9073277876431,927800
2024-02-02,28.47386360168457,28.90732979167401,28.348641056391006,28.76284167409956,1050600
2024-02-05,28.10782623291016,28.37753688923621,28.088560661096565,28.21378504061885,1004100
2024-02-06,28.261945724487305,28.464228706651323,27.963336725321675,28.165619707485693,1037700
2024-02-07,26.431758880615234,29.379323256870016,26.305571779349386,29.379323256870016,2546900
2024-02-08,25.641889572143555,26.70147028265084,25.43960474597684,26.36433196781635,2125000
2024-02-09,26.441390991210938,26.566613524647067,25.632255404692472,25.738212367671995,1916500
2024-02-12,26.98081588745117,27.12530400089932,26.42212716812325,26.45102368845325,1363800
2024-02-13,26.354698181152344,26.80742807049745,25.97902690032909,26.80742807049745,1381400
2024-02-14,26.72073554992676,26.83632714031543,26.27282112272791,26.42212654421619,1097800
2024-02-15,27.106035232543945,27.255340639950145,26.730365814428392,26.78816068553867,1478500
2024-02-16,26.92302131652832,27.125304310209145,26.7592676294822,27.11567152423396,1131100
2024-02-20,26.61477851867676,26.98081704824387,26.576249210823764,26.817063356019872,1216900
2024-02-21,26.45102500915528,26.64367706154929,26.142783195137746,26.59551496708385,1048100
2024-02-22,26.40285873413086,26.60514354084195,26.219839497061933,26.45102082097044,957800
2024-02-23,26.662940979003903,26.9037551109136,26.248740378156672,26.61477705026236,1525100
2024-02-26,26.2198429107666,26.768900693458207,26.162048031581303,26.66294188389676,2275300
2024-02-27,26.11388397216797,26.402860183601423,26.04645631198456,26.287270433934417,1372500
2024-02-28,25.969390869140625,26.13314452563106,25.88269948607225,26.01755479002941,1629500
2024-02-29,26.373964309692383,26.508821480017,26.056089712292977,26.16204852384816,3000200
2024-03-01,25.99829292297364,26.50881953348261,25.858620288409952,26.42212630080625,1286300
2024-03-04,25.593725204467773,25.959763707533323,25.08320042946486,25.959763707533323,1595500
2024-03-05,25.61318016052246,26.050929900246672,25.301892281350632,25.47699217724032,2031600
2024-03-06,25.19488906860352,25.80871101097889,25.112204028612656,25.62291087590025,1577700
2024-03-07,25.399169921875,25.45753593470796,25.16375767734373,25.194886093826504,1239500
2024-03-08,25.60345268249512,25.70073061049202,25.38944272523965,25.447808739868933,1386200
2024-03-11,26.48867988586425,26.673507774568,25.70073214727584,25.72991608404661,1197700
2024-03-12,26.09956932067871,26.595685100220795,26.007156306464665,26.595685100220795,1216600
2024-03-13,26.35249137878418,26.57622932340461,26.11902545542953,26.11902545542953,1786100
2024-03-14,25.982833862304688,26.323305673430948,25.8369179019426,26.30385157269221,1548000
2024-03-15,26.157936096191406,26.44976989843613,25.885560107269715,26.00229214382979,3017900
2024-03-18,26.264938354492188,26.478948295354645,26.002288525645984,26.21630032193045,1771400
2024-03-19,26.362218856811523,26.59568477573188,26.221165950977703,26.303852840936983,1730100
2024-03-20,26.82914924621582,26.965337227711373,26.187117539990936,26.36221743358356,1371200
2024-03-21,27.03343391418457,27.07234397206902,26.644322202807167,26.95561008757137,1051800
2024-03-22,26.576229095458984,27.20853286438231,26.464360124108275,27.08207285276653,846900
2024-03-25,26.79024314880371,26.93615912988809,26.566503332023807,26.731875272032067,1105600
2024-03-26,27.18907928466797,27.35445121406285,26.74160153524913,26.829151489365376,1767800
2024-03-27,27.82138061523437,27.86029067173538,27.25717088030416,27.286352958824395,1649700
2024-03-28,27.840839385986328,27.957571422713382,27.61709958065198,27.87002146745696,1173800
2024-04-01,27.81165313720703,27.90893106334138,27.490637279759166,27.889475107030087,995100
2024-04-02,27.64628028869629,28.1910340591186,27.59764225497757,27.743558211555783,1597500
2024-04-03,27.928386688232425,27.98675456035133,27.48091080118743,27.64628272801324,1369600
2024-04-04,27.64628028869629,28.28344892077504,27.59764225497757,28.0937561362591,1199700
2024-04-05,27.675466537475582,27.9186604372586,27.55873264919397,27.73383255390529,2077100
2024-04-08,27.85056495666504,28.07430475755791,27.48091104047103,27.73383292225524,1986500
2024-04-09,28.01593589782715,28.122941805117783,27.70464800980585,27.94784190425026,823300
2024-04-10,27.59764289855957,27.772740937283515,27.369040052822,27.617096999247497,998700
2024-04-11,27.47118186950684,27.74355969701278,27.159893984026983,27.59764373262187,916300
2024-04-12,26.906970977783203,27.417677759311367,26.872923982709462,27.383630764237623,840300
2024-04-15,27.159894943237305,27.73383269814393,26.887517106111748,27.111256905196623,1080600
2024-04-16,27.18907928466797,27.36417733747821,26.89238242409872,27.14043939047992,1172900
2024-04-17,27.227989196777344,27.45172714256098,27.08693628753113,27.26690111191653,1015800
2024-04-18,27.519821166992188,27.62682521567641,27.22798738909004,27.364175372191102,622100
2024-04-19,28.08403205871582,28.19103611177263,27.685192360409243,27.685192360409243,1084000
2024-04-22,28.18130683898925,28.33208771624656,27.9478409311026,28.278584764464227,826900
2024-04-23,28.38558959960937,28.53150555461857,28.15212370051026,28.16185167823381,962200
2024-04-24,28.51205062866211,28.555825602287666,28.142396738930177,28.210490730031683,1141600
2024-04-25,28.453685760498047,28.570419646670462,28.14239787126784,28.405047723589146,891600
2024-04-26,28.02566337585449,28.502323177804065,28.02566337585449,28.36613519308194,801600
2024-04-29,28.356409072875977,28.44882394464043,28.02566521223133,28.093759209054248,852700
2024-04-30,27.89920425415039,28.21049214648544,27.73480457064929,28.21049214648544,1278100
2024-05-01,28.08403205871582,28.278586063178683,27.821382204497656,27.889476198830767,682600
2024-05-02,28.453685760498047,28.463413738964263,27.98675392665273,28.191035908176744,883900
2024-05-03,28.77470016479492,28.80388409870936,28.502322347859764,28.58987229418099,717600
2024-05-06,29.20272254943848,29.21245052762016,28.8136126992819,28.998438718467447,1050200
2024-05-07,29.037353515625,29.33891344752409,28.940075579567203,29.105447514238765,1093800
2024-05-08,29.757204055786133,29.757204055786133,28.47314063386632,28.79415648934627,1466700
2024-05-09,29.96148681640625,30.584064442946826,29.78638877234581,30.00039872981223,1207300
2024-05-10,30.09767723083496,30.301959213838533,29.89825830938863,30.14631526809614,838100
2024-05-13,29.903120040893555,30.399235791664164,29.89339206278957,30.214407918532658,1035900
2024-05-14,30.11713409423828,30.24359597138945,29.89339613364451,30.010130031366945,720400
2024-05-15,29.776660919189453,30.21440881431428,29.75234004549738,30.21440881431428,571000
2024-05-16,29.4459171295166,29.84475496722516,29.35836717924671,29.8252990104047,890300
2024-05-17,29.69883918762207,29.69883918762207,29.31945544893953,29.455645292112163,750400
2024-05-20,29.747478485107425,29.81557248186813,29.46537451918128,29.582106554936143,1545800
2024-05-21,29.572376251220703,30.005261072673093,29.572376251220703,29.6891101332208,926900
2024-05-22,29.737749099731445,29.747477078154628,29.27762666730573,29.43618919030148,827500
2024-05-23,29.815570831298828,30.01012668734947,29.45564490965393,29.689110823661416,1980500
2024-05-24,30.282501220703125,30.292229198585733,29.844753348518203,29.87393542674396,817800
2024-05-28,30.243593215942383,30.49651509177903,30.07822129156543,30.301959231774784,1583000
2024-05-29,30.41869354248047,30.58406546916044,29.973162138312347,30.09767766779844,1268700
2024-05-30,30.84671211242676,31.050995944816,30.263048260850947,30.52569625189121,1379400
2024-05-31,31.070453643798828,31.29905465149824,30.70079787128628,30.866169799953,4157700
2024-06-03,31.40119361877441,31.513064439982003,31.021811747378283,31.265005635282904,1061600
2024-06-04,31.294187545776367,31.610340340518075,31.13854360678965,31.187185352783928,1342200
2024-06-05,31.381738662719727,31.435241616631664,31.01208475770788,31.29418871184968,960200
2024-06-06,31.109363555908203,31.61520731830237,31.065588579250587,31.24555154754424,674600
2024-06-07,30.905078887939453,31.352554739030708,30.89535091003459,31.031538889858528,543900
2024-06-10,30.545150756835938,30.8078005908168,30.316549772820338,30.8078005908168,1037800
2024-06-11,30.253320693969727,30.584064537251763,30.233864737206748,30.39923665884777,617400
2024-06-12,30.29223251342773,30.535426420839123,30.058766584963468,30.506244339420007,817900
2024-06-13,30.126859664916992,30.219274534389875,29.980943695997222,30.097677584386368,839900
2024-06-14,30.09767723083496,30.204681283893983,29.82529939807468,30.03930935961492,1061100
2024-06-17,30.185226440429688,30.19495441872729,29.67938270148711,30.06849255628057,1861900
2024-06-18,30.360322952270508,30.72025070944003,30.18522491801128,30.18522491801128,866400
2024-06-20,31.04126739501953,31.05099537308963,30.321413716631152,30.321413716631152,1175700
2024-06-21,31.18718338012696,31.255277367198783,30.88562164392028,31.12881551513225,1914200
2024-06-24,31.19691276550293,31.28932763370045,30.94399089033539,31.080180734146943,1352000
2024-06-25,31.33310317993164,31.53738517833272,31.08018314060336,31.323377056084063,754600
2024-06-26,31.226093292236328,31.33309919517461,30.83698530345843,31.284461160432897,853300
2024-06-27,30.905078887939453,31.226092881689567,30.69106708487661,31.226092881689567,776400
2024-06-28,31.148271560668945,31.35255352247823,31.080177573399183,31.099631673031976,1217900
2024-07-01,30.93426322937012,31.60548076595714,30.91480912755921,31.26500708064425,608000
2024-07-02,31.42065048217773,31.459562395968423,30.691068797401886,31.002358541460872,1469700
2024-07-03,31.55683708190918,31.644387028666102,31.323373031120173,31.49847292463402,341200
2024-07-05,31.28446388244629,31.605481619192403,31.192049010805228,31.2163698857143,1147000
2024-07-08,31.265005111694336,31.479016916936548,31.1482730864914,31.38173713689728,547000
2024-07-09,31.868125915527344,31.931358702269872,31.182321071004267,31.25527998063718,834300
2024-07-10,32.03350067138672,32.13077674664361,31.848674644060864,31.858400767248792,678300
2024-07-11,32.34478759765625,32.51988749655622,32.10159370594455,32.10159370594455,658600
2024-07-12,32.44206237792969,32.68525625995568,32.3836982211837,32.4128802995567,377400
2024-07-15,32.636619567871094,32.928451496134784,32.44206371208053,32.500431582070995,598400
2024-07-16,33.28838348388672,33.39538939768631,32.704715875210205,32.73390166769299,448300
2024-07-17,33.90122604370117,33.98877599062916,33.24946821389387,33.24946821389387,789400
2024-07-18,33.66776657104492,34.3973483243816,33.619128529658084,33.72613073637125,999400
2024-07-19,33.3953857421875,33.98877569866417,33.27865000672349,33.80394968377906,800000
2024-07-22,33.4926643371582,33.56075833255961,32.94790866310252,33.444026299134975,662600
2024-07-23,33.609397888183594,33.63371876371561,32.9868220673478,33.4634837675253,913700
2024-07-24,33.531578063964844,33.76504214343054,33.327292355876565,33.63858397990522,672100
2024-07-25,33.521846771240234,33.8720465860509,33.39538861321542,33.482934856073605,702700
2024-07-26,33.96931838989258,34.10648231697348,33.49266047701912,33.70667227266908,626800
2024-07-29,34.231971740722656,34.30006573528346,33.93041368219463,34.07632779446305,697400
2024-07-30,34.82536315917969,34.91291310513081,34.22224337087426,34.32924927268609,583300
2024-07-31,34.46543884277344,34.85941176230557,34.46543884277344,34.82536476568976,1023100
2024-08-01,34.241703033447266,34.84968780424411,34.173609035985585,34.66972297618421,1054000
2024-08-02,33.93041229248047,34.42652619122438,33.72612660632075,34.24170017225003,996100
2024-08-05,33.11328125,33.69694510689725,32.801993364875564,33.49266312806765,1137700
2024-08-06,35.20475006103516,35.37984997800356,32.88954664484345,32.88954664484345,1653100
2024-08-07,35.564674377441406,36.119156127446864,35.29229470823506,35.69113252334152,1629200
2024-08-08,35.69113540649414,35.85164427099966,34.9323716264236,35.49658325528743,1191800
2024-08-09,35.60358428955078,35.90514605140843,35.535490296686845,35.79814014523816,1149400
2024-08-12,35.26311492919922,35.7689586783125,35.185291101253625,35.7689586783125,734300
2024-08-13,35.2728385925293,35.47225935460006,35.18528864761795,35.331206459418226,539700
2024-08-14,35.3409423828125,35.477130384844614,35.19502454586681,35.25339242281403,628000
2024-08-15,35.31175231933594,35.91487213148777,35.17069941690189,35.73977594350664,544000
2024-08-16,35.75922775268555,36.06078951050166,35.72031955074496,35.875963491040054,827600
2024-08-19,35.87596130371094,36.03160523451655,35.65222338510563,35.65222338510563,773300
2024-08-20,36.138614654541016,36.17752285790112,35.749502934184925,35.78841484838941,628600
2024-08-21,36.54718017578125,36.54718017578125,36.0218804442089,36.18725423119036,666600
2024-08-22,36.89737701416016,36.96060608918753,36.52772126506389,36.66390924871929,804200
2024-08-23,37.101661682128906,37.24757950997431,36.88764985751419,37.00438560412832,550600
2024-08-26,37.16002655029297,37.4324025153431,37.009243817488034,37.10165868170613,1757000
2024-08-27,37.07247924804688,37.17948515933576,36.93629125580446,37.130843409953926,1033700
2024-08-28,37.22812271118164,37.33026370402814,37.07247876339016,37.12111680129166,1343700
2024-08-29,37.189208984375,37.40322079372663,37.10652395288705,37.30594101181942,861500
2024-08-30,37.38376235961914,37.40321831471108,37.11138641001999,37.17948039741978,1055900
2024-09-03,36.9946517944336,37.37403365305043,36.86819364879072,37.18920764037262,957500
2024-09-04,37.41593933105469,37.73435277085473,37.15141141509982,37.210196642215976,894900
2024-09-05,36.61255645751953,37.5628969839292,36.59296138366408,37.5628969839292,643400
2024-09-06,36.60276412963867,36.896682789537095,36.387222034936514,36.69094010134605,958600
2024-09-09,36.33823776245117,36.73992748681184,36.15209014197432,36.70073733385502,1250300
2024-09-10,36.10309982299805,36.47539879350261,36.08350848431025,36.38722281989308,727800
2024-09-11,35.69161605834961,36.25985834056261,35.34871155506407,36.11290086945972,732100
2024-09-12,35.30952072143555,35.8385765769306,35.1625595157829,35.8385765769306,861200
2024-09-13,36.03451919555664,36.07370934798322,35.417291113041955,35.52505842614708,940100
2024-09-16,36.02472305297852,36.45580351187297,35.691614236485066,36.03451872226718,1042300
2024-09-17,36.68114471435547,37.0240529696283,36.014927018979684,36.02472642656462,960400
2024-09-18,36.79871368408203,37.26898431979627,36.33823871817529,36.71053770629944,760900
2024-09-19,36.76931381225586,37.16120781995127,36.67134217902112,37.033841706843525,1702500
2024-09-20,36.52438354492188,37.41495973107337,36.51458787586496,36.89668250451917,2930600
2024-09-23,37.05344009399414,37.05344009399414,36.56357440926405,36.68114112713327,1440300
2024-09-24,38.07236099243164,38.18013203928996,36.95546784749727,36.95546784749727,1153400
2024-09-25,37.66086959838867,38.209520468521056,37.54330288956683,38.08215435382673,959700
2024-09-26,37.88621139526367,37.93520095510353,37.55310630757624,37.72945452096072,739600
2024-09-27,38.05276870727539,38.29770156359478,37.856821674744126,37.88621242154124,474800
2024-09-30,38.01357650756836,38.2976995025795,37.86661904411261,38.1605377084027,943300
2024-10-01,38.20951843261719,38.35647961384772,37.76863862630368,38.06255725138665,957700
2024-10-02,37.88621139526367,38.33689067909104,37.81273453026126,38.04297200694532,585500
2024-10-03,37.70986175537109,37.88620996208458,37.42573876351408,37.81762906575752,508500
2024-10-04,37.75884628295898,38.08215567780389,37.6608709077193,37.84702225198549,428700
2024-10-07,37.56290054321289,37.80685419036869,37.11222501396804,37.778442638668494,482300
2024-10-08,37.739253997802734,37.76864474385816,37.26898337402254,37.42574024861594,809400
2024-10-09,37.70986175537109,38.03317116128746,37.60698667350195,37.69026667965214,635100
2024-10-10,37.27878189086914,37.73925688026069,37.22979606457576,37.73925688026069,448500
2024-10-11,37.229793548583984,37.66577372667579,37.229793548583984,37.38655042455656,1334600
2024-10-14,37.4355354309082,37.47962528679615,37.20040199076799,37.28857796516523,709300
2024-10-15,37.68046951293945,38.06256416872549,37.44533606509209,37.60209294278326,600800
2024-10-16,37.9645881652832,38.01357398318209,37.68046518913996,37.68046518913996,520000
2024-10-17,38.278106689453125,38.29770176654797,37.847026205502914,37.847026205502914,1519300
2024-10-18,38.180137634277344,38.52304216327775,38.101757320574926,38.44466558695439,609400
2024-10-21,37.739253997802734,38.21932029114184,37.66087369181669,38.07236282348604,614200
2024-10-22,37.91559982299805,38.08215234024103,37.73924790040072,37.81762445634504,487400
2024-10-23,37.6314811706543,38.03317087643803,37.5580005716032,37.935199235955565,510200
2024-10-24,37.56290054321289,37.74904815641093,37.38654859918168,37.66087218439532,517400
2024-10-25,37.57270050048828,37.94009980292088,37.47472884812451,37.63148573433393,418800
2024-10-28,37.89601135253906,37.984187329201205,37.61188834580785,37.69026865278697,732200
2024-10-29,37.98418426513672,38.12134605390704,37.71965635648892,37.905803964480285,581900
2024-10-30,38.1605339050293,38.3662765757886,37.67556797041718,37.82742512206644,724400
2024-10-31,38.17033767700195,38.434865625871744,37.97439063294518,38.20952783328911,714100
2024-11-01,38.10175323486328,38.37607682864745,38.00378159061998,38.170334133309325,873800
2024-11-04,39.15006256103516,41.27608146402829,38.895334062861984,41.08993012173023,1335600
2024-11-05,39.83587646484375,39.95344318015152,38.9051309366592,38.94432108755462,791400
2024-11-06,41.52101516723633,41.56020158036412,40.55107949778833,41.32506815208357,1200400
2024-11-07,40.72743225097656,41.88351555234743,40.59027045884418,41.88351555234743,1012900
2024-11-08,40.71763610839844,41.02135043390913,40.30614699940735,40.84499849253845,1179400
2024-11-11,41.63858413696289,41.65817921327749,40.73723305076334,40.73723305076334,722400
2024-11-12,42.76527404785156,42.78976508867359,41.57979629818831,41.76594764280354,953100
2024-11-13,42.57422637939453,42.76037398506559,42.10885175914929,42.75547428199103,1151100
2024-11-14,43.32372283935547,43.44128955854317,42.74568117539622,42.74568117539622,1349000
2024-11-15,42.00108337402344,43.519666271328646,41.81983545995578,43.294328501556265,2097800
2024-11-18,41.88351440429688,42.22641887522863,41.70716246570956,41.94229962961879,1574500
2024-11-19,42.33418655395508,42.353781627504524,41.34465963266586,41.46222633658441,1440900
2024-11-20,42.49094772338867,42.579123694633566,42.06966294270511,42.46155697876655,2788100
2024-11-21,43.22574234008789,43.3678038219153,42.20682466549041,42.49094389176705,1733500
2024-11-22,43.47067642211914,43.65682775970343,43.11797255867342,43.27472941605171,878800
2024-11-25,42.82405471801758,43.7548002111862,42.65750218904572,43.68426093213103,3694100
2024-11-26,42.92203140258789,43.108179011956,42.706489311567005,42.941626477896925,1130400
2024-11-27,43.46088409423828,43.6274366329017,43.010208561807005,43.04939497612991,704300
2024-11-29,43.82338333129883,43.98014019957175,43.41679391949207,43.65683079386197,425900
2024-12-02,43.50987243652344,43.80281192331714,43.274735250067216,43.79399544675589,832400
2024-12-03,43.15716552734375,43.61764046108388,42.95142283934951,43.5490595650858,1378200
2024-12-04,43.12777328491211,43.235544328417575,42.854428903586594,42.97101642273464,1041500
2024-12-05,43.35311508178711,43.43149538887112,43.06899207467568,43.08858715144669,1188900
2024-12-06,43.73521041870117,43.77440057285549,43.215953956982254,43.29433052791209,727800
2024-12-09,42.86324691772461,43.86257335149185,42.60851840906012,43.70581648368788,1313400
2024-12-10,43.03960037231445,43.40209994108016,42.726086625698926,42.951424397492666,1059300
2024-12-11,42.873043060302734,43.26493710282957,42.7456806732533,43.05919441232334,1371900
2024-12-12,44.04872131347656,44.26426340993366,42.87304292693197,42.87304292693197,1280900
2024-12-13,43.81359100341797,44.35440093211995,43.73521069461485,44.038928785158696,814900
2024-12-16,43.74501037597656,43.98504353277703,43.59804916473938,43.93115800448198,979300
2024-12-17,45.52811813354492,45.77305097697931,43.960545693137696,43.98994017576727,1525400
2024-12-18,45.5869026184082,46.83116199326911,45.53791679397943,45.82203980799671,1311400
2024-12-19,45.03825378417969,45.63589053788822,44.65615913505553,45.30278171142996,1254600
2024-12-20,45.7044677734375,45.76324926097318,44.57777525554382,45.02845076774993,2504100
2024-12-23,45.66527938842773,45.95429834632431,45.087237735256046,45.54771267143409,1005700
2024-12-24,46.1943359375,46.1943359375,45.62608994468917,45.9200086104216,275900
2024-12-26,45.968994140625,46.27271221113917,45.7681511529752,46.0669695201676,519800
2024-12-27,45.68487548828125,45.998389232211416,45.34196726140982,45.81223787730507,586100
2024-12-30,45.14602279663086,45.50362264957521,44.92068129526773,45.4987229463164,1296700
2024-12-31,44.81291198730469,45.34196405693525,44.695341538606016,45.146020783860855,852600
2025-01-02,45.30278015136719,45.45953702092713,44.89129103291072,45.10683313007261,977300
2025-01-03,45.77305221557617,45.80244296162245,44.66595468682921,45.31257726149814,849700
2025-01-06,46.1159553527832,46.625416114396366,45.94940281358701,46.15514550461004,784300
2025-01-07,45.86122512817383,46.4490624341118,45.689769154678345,46.43926676521016,872400
2025-01-08,45.66527938842773,45.90041282241502,45.067642659527344,45.90041282241502,1211800
2025-01-10,44.93048095703125,45.54771276289982,44.38183004766157,45.54771276289982,818800
2025-01-13,45.00885772705078,45.37429860389568,44.763924884906096,44.763924884906096,781200
2025-01-14,45.59669876098633,45.97389369319738,45.12642815285965,45.12642815285965,1097300
2025-01-15,45.24399185180664,45.94939958562019,45.08723499289011,45.94939958562019,930900
2025-01-16,45.00885772705078,45.63588894233917,44.989262651193776,45.35176594848048,813200
2025-01-17,44.73453521728516,45.37136211715136,44.71494014095619,45.16561568438651,817000
2025-01-21,44.71493911743164,44.90109046960652,44.12710179053278,44.90109046960652,1696300
2025-01-22,44.85210418701172,45.00886106812547,44.38183354367046,44.70514671324318,1470900
2025-01-23,45.0970344543457,45.19500983527018,44.82271086251443,44.97946773461496,1000900
2025-01-24,45.60649490356445,45.64568505565973,44.88149577669476,44.92068219141144,950300
2025-01-27,46.733184814453125,47.08588868841085,45.58885934774823,45.66527752380483,1460800
2025-01-28,46.61561965942383,46.98791488336802,46.45885905475867,46.5666301017767,722100
2025-01-29,46.88014602661133,47.3651157608505,46.58132765041984,46.7331885589396,636000
2025-01-30,47.38960266113281,47.42879281070449,46.68419865573449,46.99771237755116,773000
2025-01-31,47.61494827270508,48.290965383551146,47.37981481122912,47.44839571560786,1080900
2025-02-03,48.19298553466797,48.32035166132135,46.72338845558307,47.08589175933663,1194000
2025-02-04,50.50515365600586,51.47508940053877,49.27069371852454,51.30853311668297,1697300
2025-02-05,50.2308235168457,50.61291812067248,49.48622564603297,50.61291812067248,1011800
2025-02-06,49.43724060058594,50.49535220065835,49.32946955938838,50.45616205160864,854000
2025-02-07,49.08453750610352,49.81933599414326,48.92974276846502,49.55481182734192,1145100
2025-02-10,49.329471588134766,49.43724263376456,48.33014890791664,49.37846114515084,935800
2025-02-11,49.52541732788086,49.691973595211,49.12372763739784,49.14332271222364,524400
2025-02-12,50.40717697143555,50.64231039441717,49.13352700771301,49.30987894363842,3343200
2025-02-13,51.11258316040039,51.22035420777673,50.15734658116197,50.38758404830624,799500
2025-02-14,51.32812881469727,51.4456955393616,50.75008712381101,51.23995283685432,946000
2025-02-18,51.68083190917969,51.84738445503999,50.74029065197404,51.47508920992446,1650100
2025-02-19,52.523399353027344,52.856508168381765,51.367316037231326,51.74941067361875,1943300
2025-02-20,52.28826522827149,52.50870704184016,51.58286114203662,52.37644120622319,1618200
2025-02-21,51.9355583190918,52.97701623448799,51.91596698056992,52.28826221054292,1092100
2025-02-24,53.13082885742188,53.4247475049632,52.072720978797406,52.1217067971579,1301500
2025-02-25,52.2000846862793,53.42474886332135,51.94535618190108,53.42474886332135,1441200
2025-02-26,52.2294807434082,53.47374003330048,52.141304770506274,52.29806164040097,807300
2025-02-27,51.82779312133789,52.88590110146423,51.73961714487913,52.23927851989293,1004100
2025-02-28,52.97407531738281,53.22880756863289,51.95515378713974,51.9747488631881,2593200
2025-03-03,52.366641998291016,53.8852248605209,52.15599960615929,52.92508857512795,1421600
2025-03-04,51.54367065429688,52.317659373820334,51.04400553667894,52.317659373820334,1252900
2025-03-05,51.77016830444336,51.927733818563496,51.14778396017011,51.51412575274497,834900
2025-03-06,50.71644592285156,51.76031975443724,50.26344555989586,51.60275424746752,1362900
2025-03-07,50.81492233276367,51.13005334283833,49.74150615574124,50.54903359529777,1157700
2025-03-10,49.2392692565918,50.43085867100337,49.00291911123058,50.233900842645376,1108300
2025-03-11,48.2446403503418,49.47069717106938,48.21509423261915,49.140794950323375,1157500
2025-03-12,47.68330383300781,48.80596226380227,47.25787735221092,48.5203736167583,1141500
2025-03-13,46.4030876159668,47.79163489824804,46.31445677851658,47.3878730291211,692800
2025-03-14,47.732547760009766,47.80148243490628,46.59019688887852,46.718216281310326,1429700
2025-03-17,47.92950439453125,48.18555070642524,47.50112514282352,47.54543868334849,974600
2025-03-18,47.712852478027344,48.01321231987355,47.31893682282172,48.01321231987355,1164200
2025-03-19,48.33327102661133,48.38250954710466,47.55528963017841,47.663616629258726,857200
2025-03-20,48.648399353027344,48.91428810019652,48.008287352333,48.008287352333,765200
2025-03-21,48.9438362121582,49.32790192557422,48.456368480257744,48.53022438156216,3099600
2025-03-24,48.95367813110352,49.43622459847725,48.52037393583614,49.43622459847725,1172100
2025-03-25,50.086181640625,50.2437471405028,48.92905964871075,49.1013963272243,1705200
2025-03-26,50.38161849975586,50.844468817709526,50.13542216155207,50.3323799834467,1128000
2025-03-27,49.95816421508789,50.43086076881533,49.8449159948154,50.09603357367611,704700
2025-03-28,49.75135803222656,50.4111624360686,49.41653085152308,49.958162061192745,849100
2025-03-31,51.90803909301758,52.085300770879606,49.59379483610308,49.751360354573954,5082000
2025-04-01,50.98233795166016,51.93265596339704,50.76568397282129,51.55351150042903,1258900
2025-04-02,52.19362258911133,52.28225341924595,50.98233708171015,51.0020332391465,1095800
2025-04-03,47.17121887207031,51.28762185744892,47.12197660017884,50.667206046863896,1775200
2025-04-04,45.03423690795898,47.33863494625273,44.86682518937518,46.14704548694765,1503700
2025-04-07,43.85248947143555,46.112573753571226,42.52303078076131,43.27146597741437,2409700
2025-04-08,43.14344787597656,45.73343066209844,42.69044375634567,45.42814960545317,1738000
2025-04-09,46.984107971191406,47.4075659706404,42.78892404881002,42.92679339622914,1547100
2025-04-10,45.30997085571289,46.7773026333517,44.15284885769314,46.32430228839503,1286100
2025-04-11,44.9554557800293,46.04856443709522,44.38427843508368,45.428152329299,1254600
2025-04-14,45.33951950073242,46.33415107510795,45.18195399122765,45.5266273693137,846500
2025-04-15,45.634952545166016,46.1322701908892,45.26073306623961,45.428148526545336,803600
2025-04-16,44.01990509033203,45.497083088285066,43.61614325449119,45.30012527055975,645200
2025-04-17,43.891883850097656,44.50244973055089,43.8377203539562,44.50244973055089,663900
2025-04-21,43.28131484985352,44.14300199060907,42.66680827937312,43.49796506214475,1140300
2025-04-22,44.09868621826172,44.1282323329189,43.33055485701785,43.46842420322491,1835900
2025-04-23,44.36458206176758,45.8220640208107,44.14793182564296,44.925909446106544,1390200
2025-04-24,45.04408645629883,45.32967137108941,43.88203936809727,44.019908724890975,778800
2025-04-25,45.09332275390625,45.25088826200135,44.748645622245824,45.142561270812585,789400
2025-04-28,45.22134017944336,45.52662498163589,44.88651677638158,45.14255930715173,1065000
2025-04-29,45.32966995239258,45.40845458618508,44.512300038414985,44.87666957806003,784100
2025-04-30,45.53647613525391,45.615257009615846,43.946046145625566,45.0933219774118,1648800
2025-05-01,45.17210388183594,45.54632337439795,44.6600150385032,45.42815018183133,1361200
2025-05-02,45.46753692626953,46.324302868980375,45.39860225363642,45.57586391373811,1061800
2025-05-05,45.12286758422852,45.49708709519822,43.675231816611216,44.73880187200145,1588400
2025-05-06,45.27058792114258,45.32475142092575,44.4729103616018,44.4729103616018,873700
2025-05-07,46.60004425048828,46.69852128660572,45.55617038701608,45.615258862681415,1508200
2025-05-08,46.24552154541016,47.10228754937136,46.17658686784889,46.67882952626176,1364600
2025-05-09,46.00917434692383,46.70837106803143,45.85160883573538,46.70837106803143,986000
2025-05-12,47.97874069213867,49.0915453687841,47.63898856381663,48.18554470213567,1809200
2025-05-13,50.30283737182617,50.5785760670961,47.77686055030711,47.99843950757013,1673900
2025-05-14,49.77104949951172,50.39146152793312,49.43622235036747,50.14526520522877,1454100
2025-05-15,50.52933883666992,50.6278158712982,49.800596007783206,49.800596007783206,1436400
2025-05-16,51.06111907958984,51.07096903685395,50.24374918959453,50.52933784372578,1312100
2025-05-19,50.88385772705078,50.91340384236607,50.489945837207806,50.72629221978199,1061800
2025-05-20,51.36640548706055,51.66184035097428,50.83462047802095,50.96264362982488,750800
2025-05-21,50.07633209228516,51.06604239219112,49.87937803332454,50.92324806978416,1328600
2025-05-22,49.74150848388672,50.22405497876918,49.46576977632997,50.07633566734484,1372000
2025-05-23,49.66272735595703,49.75135819103375,49.06397615781064,49.17033466256596,893200
2025-05-27,50.37177276611328,50.425936261552856,49.68242226142068,50.19451110043067,930200
2025-05-28,50.71644592285156,51.15960008515954,50.23784017889055,50.27329176054359,824100
2025-05-29,49.40667724609375,50.85431285528935,48.85519987623473,50.78537818405697,1033100
2025-05-30,49.51500701904297,49.707039864952826,48.9930719769965,49.23926831858944,6652700
2025-06-02,49.81044769287109,50.204359601704766,48.98322780066473,49.11124719879012,1372900
2025-06-03,49.94831466674805,50.12557633209991,49.372212376025466,49.830137718741454,741900
2025-06-04,48.79611587524414,50.10588226195865,48.71733499661505,49.81044739294775,952200
2025-06-05,48.54991912841797,49.475619802191645,48.45144209177139,48.84535399501585,1244800
2025-06-06,49.03246307373047,49.05215923136699,48.50067808751815,48.98322455796813,668000
2025-06-09,48.80596160888672,50.50963975461174,48.70748082330103,49.03246178074704,1540000
2025-06-10,49.544551849365234,49.64302888078469,48.6178669803454,48.93398223325924,1234600
2025-06-11,49.35744094848633,49.61348724455502,49.15063692550178,49.61348724455502,1043000
2025-06-12,48.727176666259766,49.67256966184007,47.94919537010901,49.16048085006961,1373700
2025-06-13,48.54991912841797,48.93694132062215,48.2052457434968,48.54007292741657,959800
2025-06-16,50.00739669799805,50.03694281174167,48.77149384224301,48.94383051967321,1083100
2025-06-17,48.87489700317383,50.0270940366299,48.38250433793799,49.92861700624589,1185400
2025-06-18,49.4559211730957,49.85968301383089,48.76657068102983,48.87489766992477,1131800
2025-06-20,49.96801376342773,50.51949119325946,49.56917311460072,50.10588312088567,4696200
2025-06-23,50.61796951293945,50.65243685061787,49.4165301595922,50.19451150337142,925600
2025-06-24,50.52933883666992,50.96264304835565,50.34715219028372,50.88385841532657,1236700
2025-06-25,50.59827423095703,50.97741495198524,50.28314320768062,50.4111626031842,633700
2025-06-26,51.41564178466797,51.46488030041765,50.52933723119982,50.52933723119982,548500
2025-06-27,51.55351257324219,52.05477097083559,51.27777387200594,51.58305868884468,817000
2025-06-30,50.8444709777832,51.83910257345285,50.13542429150265,51.701233219266776,1389700
2025-07-01,50.80507659912109,51.39594630927652,50.62584644595098,50.73614192482489,988300
2025-07-02,49.99755096435547,50.92324780937332,49.78089699261727,50.75583610878133,950700
2025-07-03,50.98233795166016,52.764800785157256,50.04186614048051,50.19451042405242,1041500
2025-07-07,49.6036376953125,50.98233870653334,49.44607218745795,50.87401171550995,732000
2025-07-08,49.76120376586914,50.03202124649002,49.51500742227128,49.61348821370527,762600
2025-07-09,49.839988708496094,50.0517177155713,49.69719437752369,49.76120407485969,654000
2025-07-10,51.1103630065918,51.45503638882981,49.89907367665111,49.92861979274159,993200
2025-07-11,49.82029342651367,51.59290639127702,49.52485855849614,51.00203665524196,916900
2025-07-14,50.5391845703125,50.59827304453813,49.7365858512024,49.83998786360373,473100
2025-07-15,50.24374771118164,51.12315878209556,50.22405155389097,50.49979024264456,731200
2025-07-16,50.31268310546875,50.48009480985533,49.40963513018213,50.421010093793214,870600
2025-07-17,50.97248840332031,51.11036150883334,50.22405318525389,50.24374934318433,741100
2025-07-18,50.89370727539063,51.2186844879831,50.75583792722061,51.070968939225786,784500
2025-07-21,50.29298782348633,51.05127299830124,49.574094964503935,50.88385753434205,1079400
2025-07-22,50.58842468261719,51.13990585614143,50.16496666229036,50.39146685231152,657700
2025-07-23,51.12020492553711,51.336858894315206,50.53918144653406,50.72628930169654,929700
2025-07-24,50.9035530090332,51.37624952270487,50.67705283102332,51.09066462839725,1202000
2025-07-25,51.3270149230957,51.48458043967499,50.736145175087934,50.90355689291545,1655700
2025-07-28,51.13005447387695,51.70123179018341,50.91340424756937,51.21868530721216,1279100
2025-07-29,50.52933883666992,51.425493375756325,50.27329253598348,51.425493375756325,711200
2025-07-30,50.19451522827149,50.76076385262955,49.89907659006583,50.57858094994885,1175800
2025-07-31,50.3619270324707,50.58842723391483,50.11080569224986,50.1945153100957,808700
2025-08-01,49.95816421508789,50.1620155195683,49.30820598413038,50.12557969098663,1445800
2025-08-04,51.22853469848633,51.50427339618953,50.105879993085566,50.105879993085566,1764500
2025-08-05,49.308204650878906,51.84402780584315,48.87588467195019,51.42549476240047,3213500
2025-08-06,48.74687576293945,49.40175893488799,47.68330576127945,49.38698775541905,1739400
2025-08-07,48.313568115234375,49.12109175977975,48.141227682604914,48.99306861906175,830300
2025-08-08,48.44158935546875,48.73702796177822,48.25448149390963,48.41204699750097,606100
2025-08-11,48.87489700317383,49.00291639134145,48.362808180529605,48.66808922871476,687800
2025-08-12,50.37177276611328,50.3816189668032,49.08170258956938,49.08170258956938,730400
2025-08-13,52.96175765991211,52.96175765991211,50.48009799876825,50.48009799876825,840600
2025-08-14,53.74958419799805,53.81851886938987,52.24286011426501,52.3659582784158,897500
2025-08-15,52.57769012451172,54.0942604907545,52.44966697498264,53.9268450249614,923300
2025-08-18,51.94742584228516,52.6958610356142,51.73077186886928,52.6958610356142,906400
2025-08-19,52.4102783203125,52.93221336156104,51.92280685990992,52.09514730408794,610900
2025-08-20,53.18825912475586,53.35567460038455,52.242866018826014,52.54815085282052,930200
2025-08-21,53.1587142944336,53.33597596314227,52.78449479864216,53.17841045280768,756300
2025-08-22,53.60186767578125,54.30598936147477,53.375367492806426,53.463998325853794,907100
2025-08-25,53.80867004394531,53.94457090087753,53.21780034626064,53.58216986794426,758500
2025-08-26,53.12916946411133,53.96623549445767,52.87312317381528,53.83821234930964,1322100
2025-08-27,53.57232666015625,53.62156517827085,52.86327997800001,52.86327997800001,2095700
2025-08-28,53.47384643554688,53.660958065692206,53.12917304842363,53.660958065692206,1955300
2025-08-29,53.72004318237305,53.99578565076748,53.399987173874514,53.5329353075032,1003600
2025-09-02,54.77375793457031,54.852542562629694,53.18825298312463,53.18825298312463,1431000
2025-09-03,54.308570861816406,55.23895522837645,54.0908244622162,54.53621705610981,1655600
2025-09-04,54.75396347045898,54.833146719904086,54.08092095283621,54.59560074723393,1125900
2025-09-05,55.39731597900391,55.40226210050801,54.546114897804735,54.72427343924946,842200
2025-09-08,56.22872161865234,56.43657199315588,55.06079507287254,55.25874942863722,1795400
2025-09-09,52.477500915527344,53.70481114693813,51.91333344572853,53.605835855124965,8870800
2025-09-10,51.269981384277344,52.33893263116353,49.79522918614562,52.33893263116353,5026900
2025-09-11,52.2993392944336,52.71504002640333,51.091821171857454,51.3293671441724,4918200
2025-09-12,52.24985504150391,52.91299780714778,51.70548338189102,52.061796699984,2462200
2025-09-15,52.536888122558594,52.73483870530529,51.74507068891043,52.14097940573451,2059500
2025-09-16,51.47783279418945,52.53688804375553,51.4679367753331,52.53688804375553,1837900
2025-09-17,53.02186965942383,53.299003481810445,51.46793425418716,51.48773006659551,2289300
2025-09-18,53.46726989746094,54.1007208380491,52.82391916211429,53.00702760849213,2335600
2025-09-19,53.991844177246094,54.38280299418093,53.29900581528141,53.38808508718637,4093500
2025-09-22,55.44680404663086,55.46164996258695,53.91266439530187,55.46164996258695,3016100
2025-09-23,54.86284255981445,55.83281478240853,54.82325093219868,55.37752239182333,1977600
2025-09-24,53.74440002441406,55.02120161207676,53.44747038849988,54.92222632532709,1985700
2025-09-25,53.90276336669922,54.46693081410486,53.59098781176407,53.754300434872334,1846400
2025-09-26,54.72427368164063,54.92222803697437,54.23928569985621,54.37785261589025,5187600
2025-09-29,56.41677474975586,56.436570562397,54.46693062475318,54.78365607568106,2267700
2025-09-30,56.70380783081055,58.68334376813472,56.594932750151294,56.61472856260436,6316000
2025-10-01,55.37752151489258,56.10005171694454,55.03110044223839,56.0406642764613,2124200
2025-10-02,55.30823516845703,55.88724852419956,54.99150972040991,55.25874752513689,1634100
2025-10-03,55.1795654296875,55.83281215190921,55.1102819724568,55.1696694110825,1497100
2025-10-06,54.50652313232422,55.49134122925463,54.45703548775292,55.17956567035668,1241900
2025-10-07,54.50652313232422,55.13007802578538,54.07597269565683,54.45703548775292,1932000
2025-10-08,53.20992660522461,54.85294135230846,52.95258858368077,54.575807517466586,1452700
2025-10-09,52.12118148803711,53.41777889640635,52.06674394727997,53.41777889640635,832800
2025-10-10,50.87407684326172,52.56657922152661,50.725610132607486,52.56657922152661,955100
2025-10-13,51.41844940185547,51.52732448817828,50.497964841064,51.17100739681831,644900
2025-10-14,51.57680892944336,51.680734112021966,50.74540369314938,51.04233332561184,959000
2025-10-15,51.072025299072266,52.051897242172,50.98294603151775,51.77476342118688,961300
2025-10-16,50.74540328979492,51.43824161047701,50.20103167199653,51.22544135003176,703000
2025-10-17,51.35906219482422,51.47783330059555,50.84438236892795,50.91366582860001,856800
2025-10-20,51.57680892944336,51.715375839548166,51.022537513359,51.67578421504247,812800
2025-10-21,51.9331283569336,52.30923747982134,51.547119439637314,51.75496981423296,696200
2025-10-22,51.95292282104492,52.90309917366528,51.72527286354351,51.93312700840718,921400
2025-10-23,52.28944396972656,52.62596145683354,52.15087328156668,52.24985234453802,757600
2025-10-24,52.35873031616211,53.32870253283232,52.30429277243923,52.45770560893167,1184800
2025-10-27,54.24918365478516,54.25907967316692,52.44780625609228,52.45770227447404,1098400
2025-10-28,53.972049713134766,54.91727999840276,53.91266604749056,54.83315062162986,768000
2025-10-29,53.79389190673828,54.21949246949643,53.16044096002815,53.68502059300067,862100
2025-10-30,58.22805404663086,59.37618479126635,55.42700875610138,55.66950086222303,2436600
2025-10-31,57.812347412109375,58.19835631921032,56.98094216002072,58.18846030072846,1541400
2025-11-03,56.73350143432617,58.05979070480059,55.9218919767173,57.53521487323189,2123100
2025-11-04,57.55501174926758,57.950916691015415,55.82291771799927,56.6246273960462,1095600
2025-11-05,57.76285934448242,58.39631024129856,57.15910027855918,57.55500897690185,1846000
2025-11-06,58.73283386230469,59.06539446379718,57.81234931098472,57.96081602274548,1301600
2025-11-07,58.87139892578125,59.36628291517988,58.25774383611321,58.7130362002003,2228600
2025-11-10,59.4355697631836,59.920557761761565,58.55467681589453,58.87140228512958,1448400
2025-11-11,59.37618255615234,60.108608744200176,58.98027385538879,59.65331638128772,1210200
2025-11-12,59.6533203125,59.94035395068612,58.94068611442838,59.00996957527807,1542300
2025-11-13,58.346824645996094,59.60877658688784,58.17856212181135,59.54444302580664,1993700
2025-11-14,57.8618392944336,58.59426931269594,57.74306818562487,58.21815639652525,968500
2025-11-17,57.4659309387207,58.93078711288221,57.08486814766714,57.94101912150293,1552800
2025-11-18,57.92122268676758,58.79716568844162,56.98094234991883,57.29766780170669,1234300
2025-11-19,57.66388320922852,58.63385919183997,57.59459974985133,57.812349922559854,893700
2025-11-20,58.049896240234375,58.782322465165706,57.75296281187615,58.02020063199932,1013400
2025-11-21,58.53487777709961,59.22771611875352,58.129073056021134,58.129073056021134,1168500
2025-11-24,57.119510650634766,58.2329996560306,56.22377181450701,58.21815374006511,5025600
2025-11-25,57.37685394287109,57.882623201525945,57.208591414320814,57.208591414320814,2432300
2025-11-26,57.52531814575195,58.11918124256492,57.25808031853594,57.25808031853594,1612500
2025-11-28,57.66388320922852,58.138975181622655,57.38674937171974,57.941020822402656,955400
2025-12-01,58.73283386230469,59.118842782084286,57.11951094887668,57.11951094887668,1542600
2025-12-02,58.61406326293945,58.95058454025122,57.80245378983436,58.85160547300343,1146400
2025-12-03,58.72293472290039,59.6354978798819,58.51706280653614,58.74272675946242,920200
2025-12-04,59.57413482666016,59.62362624741328,58.63880436453868,58.76252536509089,1091300
2025-12-05,60.266971588134766,60.63318468288034,59.45437292378638,59.45536214806879,971300
2025-12-08,60.63318634033203,61.02909505269822,60.04922306620782,60.494619423703455,1257500
2025-12-09,61.56357192993164,61.66254722219732,60.39564535800281,60.61339553178576,1048100
2025-12-10,62.780982971191406,62.9898225641105,61.38541027713706,61.53387320802316,1241600
2025-12-11,62.79087829589844,63.56289987550407,62.68695311272684,62.89975337607777,1085500
2025-12-12,62.434566497802734,63.35702947731647,62.37517905928093,63.23627615168836,933900
2025-12-15,62.563232421875,63.30555839871452,62.30589441119664,62.68200729664824,1312700
2025-12-16,61.929786682128906,62.98388829776793,61.8605032205751,62.72160036821917,1254400
2025-12-17,62.47415542602539,62.76118905367004,61.820908693672415,61.820908693672415,1423400
2025-12-18,62.76118850708008,63.30556015002239,62.35538377954142,62.61272179733888,1055500
2025-12-19,62.9492416381836,63.38474196318349,62.50384907040124,62.622620170098855,5721400
2025-12-22,63.889530181884766,64.7011396749099,63.2956670908184,63.30556310995338,2137300
2025-12-23,63.84003448486328,64.19635156051314,63.3055588713885,64.03798505963303,1327800
2025-12-24,64.2755355834961,64.31512720919199,63.76580567357356,63.8400352521718,719400
2025-12-26,64.75062561035156,64.98817538514919,64.08748281286991,64.08748281286991,691400
2025-12-29,64.45369720458984,65.05745631048573,64.41410557700132,64.43389761513016,917900
2025-12-30,64.72093200683594,65.06734931311402,64.15676452194565,64.25573981640639,864700
2025-12-31,64.26563262939453,65.0376504141792,64.19634917566592,64.72092497551549,753700
2026-01-02,65.28509521484375,65.35933234432417,63.750959372877375,64.28542743821815,959600
2026-01-05,67.06668090820312,67.4427900247545,65.08219126157314,65.1762204285436,1692300
2026-01-06,67.0369873046875,67.47743374517135,66.74005389592816,66.96770384948769,1072900
2026-01-07,66.38373565673828,67.30916626732129,65.59191828154641,66.9874947062728,1171000
2026-01-08,66.85883331298828,67.41804711391218,66.41343316958279,66.42333296423556,986300
2026-01-09,65.74039459228516,67.37351344774258,65.66616500621805,66.95781266310432,1333700
2026-01-12,66.06700897216797,66.13629242484214,65.05744901158296,65.3147832350413,1551800
2026-01-13,65.83936309814453,66.18578793426686,65.166320565693,65.99772960052394,1470500
2026-01-14,65.53253936767578,66.35404863245374,65.14653044592819,65.76018933371365,1485200
2026-01-15,64.94857788085938,65.89875424010486,64.51307755112295,65.79977895189126,1122200
2026-01-16,64.75062561035156,65.47315962719819,64.6071125621594,64.87930029286639,1134800
2026-01-20,64.4734878540039,65.11683857363099,64.0874789324938,64.34482073061076,1366200
2026-01-21,64.80010986328125,64.99806043570796,63.9786006401829,64.42399320380811,1918100
2026-01-22,64.36461639404297,65.1069424466601,64.33492456015125,64.80011676133763,1181400
2026-01-23,64.8594970703125,64.8990886972282,64.10232513996036,64.1369706452606,870100
2026-01-26,64.67144012451172,65.31479086093259,64.59226442030415,64.85949846858281,1803900
2026-01-27,64.2359390258789,65.00795678934837,64.181501488643,64.4932807974787,1281400
2026-01-28,63.63218688964844,64.7803138657539,63.43422875491942,64.18645456422826,1518100
2026-01-29,64.0379867553711,64.46358729859338,63.60249396907964,64.06768613857035,1390000
2026-01-30,64.89908599853516,64.97826924907386,63.76580498660515,64.03798513942007,1262600
2026-02-02,64.61205291748047,64.96836999654477,64.07757729888401,64.81001104547755,1115700
2026-02-03,62.53354263305664,64.92581171130611,62.38012980104627,64.3052282617946,1990900
2026-02-04,60.17789459228516,64.41410426643084,59.6929103790223,61.24684586143366,3159900
2026-02-05,58.54477691650391,59.663212003757,57.76285931430153,59.663212003757,2670200
2026-02-06,57.752960205078125,59.094099142475706,57.12940909526802,58.84170725002959,1776300
2026-02-09,56.16933441162109,58.67344626175888,56.03076749471209,57.70347406773055,1988400
2026-02-10,56.89186477661133,57.50057376421339,56.47616402462187,56.86217294451646,1771100
2026-02-11,54.88263702392578,57.159102696533445,54.86779110785132,57.0403315922724,2009600
2026-02-12,50.86417770385742,54.97171647775559,50.507860614231085,54.94202086984317,2548200
2026-02-13,51.03244018554688,52.08159186446407,50.54250229990293,52.08159186446407,2001300
2026-02-17,51.072025299072266,52.24490169259594,50.89386676396322,51.11161692368875,2336700
2026-02-18,51.72527313232422,51.91333146552736,50.230725139228056,50.60683802996913,2188000
2026-02-19,50.94336318969727,51.65599362451145,50.740458925343546,51.11162194735746,1779000
2026-02-20,51.71537780761719,51.81435309698288,50.57219698008274,50.9681019132108,1679300
2026-02-23,50.3297004699707,51.5867062625766,50.181237537788014,51.34916406081821,2219600
2026-02-24,50.93346405029297,51.05223893734532,50.102058719254295,50.31980890318472,1604400
2026-02-25,49.11228561401367,49.88430719806284,48.26108455571071,49.062797970646905,1527900
2026-02-26,51.49762725830078,51.705481405491696,49.3597285531354,49.3597285531354,2018700
2026-02-27,51.20069885253906,51.51841353892039,50.587043741747706,50.98294868149538,2265300
2026-03-02,51.458038330078125,51.58670544747038,50.6068372732855,51.0918214633505,1785700
2026-03-03,51.844051361083984,51.96282246954232,50.71571639156611,50.96315840332584,1695100
2026-03-04,52.97844696044922,53.95363201177935,51.729611396468734,51.75448630019183,2035400
2026-03-05,53.23716735839844,53.461060469093184,52.56050773128806,52.78937734105237,1472200
2026-03-06,54.043190002441406,54.21235301315893,52.20227630935631,52.918740345234326,1634100
2026-03-09,53.77451705932617,53.95363307186084,52.80928119132899,53.515792243017565,1946600
2026-03-10,52.81923294067383,53.56554837659999,52.44109872360339,53.56554837659999,1648400
2026-03-11,52.5107536315918,53.157558054121154,52.21222822150467,52.819232039723865,1397200
2026-03-12,52.2221794128418,52.90878826179217,51.973407595633546,52.112719205917095,1346900
2026-03-13,51.77438735961914,53.65510161687256,50.93851393462245,52.560507182309614,3508700
2026-03-16,51.893802642822266,52.82918330996862,51.82414683760694,51.88384964438769,1594000
2026-03-17,52.4510498046875,53.46603928941938,52.19232878118647,52.29183599115839,1970500
2026-03-18,51.88385009765625,52.96849538314354,51.72463628492218,52.12267271473571,2236800
2026-03-19,51.76443862915039,52.779428068461954,51.12758340353292,51.87389883279525,2322700
2026-03-20,51.92365264892578,52.32168906455065,51.49576483071385,51.67488083814938,4115200
2026-03-23,51.37635803222656,52.72967735889648,51.29674922667808,52.66997075473511,2000400
2026-03-24,52.26198196411133,52.868985783959495,51.2370433282109,51.37635493356165,2038500
2026-03-25,52.09281539916992,52.600312016366,51.13753256156816,52.26198220355413,1136000
2026-03-26,52.29183578491211,52.74957502250833,51.87390094953036,52.07291916464598,1244700
2026-03-27,53.11775970458984,53.16751330905692,51.58532439288111,52.69982107596169,1740000
2026-03-30,53.51579284667969,54.15762459950937,52.888890591693546,53.39638343562853,2007100
2026-03-31,52.83913040161133,54.43127224739599,51.734586764768615,53.88397503001485,7924500
2026-04-01,52.620216369628906,53.39638323244306,51.794292106105765,53.04810420322048,2353900
2026-04-02,52.61026382446289,52.95854665264344,51.50571632804348,52.62021682307314,1000200
2026-04-06,53.21726608276367,53.77451631358323,52.530657241540446,52.54060644389586,1006200
2026-04-07,53.485939025878906,53.719785134089285,52.98839540703352,53.07795341026395,796000
2026-04-08,54.21235275268555,54.26210635583655,53.45608811530307,53.45608811530307,1122300
2026-04-09,55.69503402709961,56.05326604078572,53.65012944560517,54.16259876675636,2422500
2026-04-10,54.65516662597656,55.8243933893628,54.11781859818793,55.515918770265216,1171700
2026-04-13,55.97365951538086,56.122924125804566,54.4014197904896,54.4014197904896,793200
2026-04-14,56.54085922241211,56.92894265615679,55.13280980329704,55.86419956502666,1383100
2026-04-15,56.76972961425781,57.24737106197272,56.36174397375403,56.54085999114172,942600
2026-04-16,57.61555480957031,57.94393163681431,56.67022113800197,56.67022113800197,1142400
2026-04-17,58.24245834350586,58.3220671494137,57.27722624559254,57.58570087859341,1064200
2026-04-20,57.70511245727539,58.690246728835454,57.67525725792497,58.06334068587024,894600
2026-04-21,57.34688186645508,58.00363932923363,57.12796144687663,57.4563420762443,773900
2026-04-22,58.28226089477539,58.57083711308776,57.31005945107397,57.32697802997242,804600
2026-04-23,57.45634078979492,58.749953484975705,56.88913755213622,58.51113086933221,952900
2026-04-24,55.89405059814453,57.3866815155436,55.6950361792567,57.27722510353798,817300
2026-04-27,56.83938217163086,57.10805618235074,55.75473692655724,55.75473692655724,753400
2026-04-28,56.302040100097656,57.46629039513466,56.17267769088575,57.346880984454216,728300
2026-04-29,56.34183883666992,56.67021945008987,55.904001814733256,56.19257802726171,603700
2026-04-30,56.73987579345703,57.05830341170512,55.38158001877643,55.794542141052005,918200
2026-05-01,56.65031814575195,57.22746678398173,56.40154633017987,56.82943415664039,817600
2026-05-04,55.7945442199707,56.84933811719226,55.650256106957606,56.69012430213588,818700
2026-05-05,55.63533020019531,56.02341363571995,54.87906553044946,55.79454401466585,751000
2026-05-06,55.94380569458008,56.51100511615308,55.58557368180628,56.26223330683311,1085700
2026-05-07,56.22243118286133,56.82943502953379,55.5955251351226,55.5955251351226,1324900
2026-05-08,56.32193756103516,56.38164416335279,55.36665469969301,55.9338541358622,939700
2026-05-11,60.87944030761719,61.17796573347295,56.92894257745427,57.68521103864273,1657900
2026-05-12,59.17784118652344,61.277475934460576,58.749953356566735,61.277475934460576,1169300
2026-05-13,59.17784118652344,59.50621801186423,58.50118153896199,59.19774338744662,1039500
2026-05-14,58.312110900878906,59.79479256264758,58.04344068580533,59.22759313801388,545900
2026-05-15,57.585697174072266,58.71014681146477,56.988646351999314,58.41162140042829,840500
2026-05-18,58.70019912719727,58.7499527309971,57.56579646239512,57.92402848328457,637800
2026-05-19,57.80461883544922,59.07832930803905,57.75486523185555,58.69024588566913,1080800
2026-05-20,57.09811019897461,58.09319749657145,57.04835659328612,57.80462126923873,911700
2026-05-21,57.34688186645508,57.64540729572591,56.24731086113415,56.90904102729819,779300
2026-05-22,56.958797454833984,58.302163761560095,56.610514630009526,57.28717428262976,1212500
2026-05-26,57.79467010498047,57.85437291139767,56.769727641990805,56.88913705078187,587400
2026-05-27,58.33201599121094,58.98877345205933,57.56579832089502,57.79467173848536,975200
2026-05-28,58.93901824951172,58.93901824951172,57.38170804635552,57.98373538615629,857900
2026-05-29,57.10805892944336,58.64547076541355,56.75977989654746,58.43152684636128,2677200
2026-06-01,59.5460205078125,59.804741519619576,56.869237202606016,57.15283691375995,924400
2026-06-02,58.36186981201172,60.01371452577319,57.7449129724941,59.62562730248048,1336700
2026-06-03,57.15781021118164,58.54098467577821,56.95381929905133,58.14294825782923,802700
2026-06-04,58.44147491455078,59.5460223916599,57.78969396737385,57.99368488383672,588300
2026-06-05,59.5858268737793,59.804743492234834,58.62059100582359,58.62059100582359,918100
2026-06-08,60.0435676574707,60.20278147316477,58.575815412664696,59.1479875717186,1082600
2026-06-09,60.60081481933594,60.939144634923366,59.75498838238907,60.33214080731446,1132700
2026-06-10,60.73017501831055,61.47649047259144,59.79479434882291,60.829686023122015,980000
2026-06-11,61.058555603027344,61.61580204580505,60.65454813605681,61.17796501277161,772300
2026-06-12,58.63053894042969,61.655605091071735,57.8842235030253,61.37698187581355,1534700
2026-06-15,49.70958709716797,52.610263645269406,48.07266805937803,51.77439017482256,6970000
2026-06-16,47.71443557739258,49.38618250243675,46.779051109834114,49.25682009386781,5755900
2026-06-17,46.50042724609375,48.43089516568504,46.27155763160277,47.23679348937674,4020000
2026-06-18,46.7193489074707,48.050773147267165,45.7143086213566,46.589986497227386,10231500
2026-06-22,44.70927047729492,46.7840264839594,43.992806442090135,46.76910078255207,3098800
2026-06-23,44.33113861083984,45.28642151115095,43.95300437264956,45.28642151115095,2263900
2026-06-24,45.14710998535156,46.21185309850541,44.31919661839432,44.50030551438383,2349500
2026-06-25,44.17192459106445,45.21676549572392,43.86344995781608,44.997848871215325,1912400
2026-06-26,45.68445587158203,45.90337628308957,43.93310396739172,44.24157858801781,4230600
2026-06-29,45.48543930053711,46.47057739187932,44.98789565350619,46.29643787460985,2047900
2026-06-30,46.6098861694336,47.03279748448392,45.01277161516528,45.16700892165319,5158100
2026-07-01,48.182125091552734,49.07770517710296,47.52039492407279,47.66468303763126,2486200
2026-07-02,50.311614990234375,50.39121999991863,48.02291117549255,48.11246918386033,2112800
2026-07-06,49.65485763549805,50.3613687052931,49.187165391231865,49.8041184524644,1366500
2026-07-07,48.95829391479492,50.55043201122864,48.9284387157666,50.2519065926419,1586100
2026-07-08,47.71443557739258,49.24687089134252,47.59999887058992,49.14735988630614,1314600
2026-07-09,48.2020263671875,48.38611888011384,47.27659489521264,47.515417512091226,1130700
2026-07-10,48.51050567626953,49.455839366588194,47.943306221269694,48.98814712279798,880200
2026-07-13,49.97328186035156,50.416095373626696,48.66473972466651,48.93839023105296,1188500
2026-07-14,49.25682067871094,50.1324985536448,48.90854164684013,50.05288974867048,1748600
2026-07-15,50.14244842529297,50.73950308269613,49.30657494169397,49.30657494169397,1618400
2026-07-16,50.82905960083008,50.998222614761296,50.15239995319183,50.55043258383059,1106100
2026-07-17,51.37635803222656,51.46591604049021,50.52555885170028,50.93851719362348,1027400
2026-07-20,51.29674911499024,52.64509193938844,51.04797729212805,51.19724190422807,1281400
2026-07-21,51.21714401245117,51.53557164145927,50.84895898219569,51.06290290130645,1035000
2026-07-22,50.38126754760742,51.48581498091466,50.13249573996008,51.48581498091466,1051600
2026-07-23,48.93839263916016,50.5106285646133,48.35129099326058,50.5106285646133,1847300
2026-07-24,49.16726303100586,49.62798969307335,48.45478092347983,48.86873760208037,1396600
2026-07-27,50.56038665771485,51.58532535345751,49.74441538219911,49.75436458489511,1281700
2026-07-28,51.37635803222656,52.07789260032783,51.03802820055908,51.03802820055908,827900
2026-07-29,52.470951080322266,52.520704684430605,51.2967478027734,51.60522622177579,1182100
2026-07-30,52.08286666870117,52.122671069617546,50.968370014738944,51.38630483649106,852000
2026-07-31,51.68482971191406,51.95350372136,51.26689489452476,51.943554519213066,978500
2026-08-03,52.36149215698242,53.39638385000833,51.95350651976447,52.09281813306473,918800
2026-08-04,52.560508728027344,52.63016453249582,51.56542146881296,51.764439679847165,1343200
2026-08-05,51.94355773925781,52.89884063475814,51.48581849299184,52.89884063475814,1627800
2026-08-06,55.09798049926758,55.27709650966588,52.74460125613116,53.46603800093341,1705600
2026-08-07,56.74982452392578,56.89908912946947,55.10793284272817,55.10793284272817,1386800
2026-08-10,56.05326843261719,56.4214496641911,55.02832595062323,55.834348015810505,905600
2026-08-11,55.06813049316406,56.12391892227299,54.72980066449076,55.94380836666381,736700
2026-08-12,55.69503402709961,55.76468983021007,54.24220377204407,54.96862079755012,548700
2026-08-13,57.81456756591797,57.83446976638433,55.79454166804009,55.79454166804009,618800
2026-08-14,61.10831069946289,61.19786870794694,59.446516737094974,59.55597315105833,1069000
2026-08-17,61.18791580200195,61.6954086220593,60.70032138621963,60.97894459754864,659000
2026-08-18,60.92919158935547,62.62084066597745,60.89934018669516,61.41678600989462,1019600
2026-08-19,60.09331893920898,61.17796420291598,59.894300728298624,61.14811279986425,1041100
2026-08-20,60.15302658081055,60.95904484478967,60.08337077518165,60.65057021870648,1090700
2026-08-21,60.75007629394531,61.367029330552384,60.17292765865653,60.5411088809592,564500
2026-08-24,61.28742599487305,61.52624861333769,60.15302709806864,60.69037514264654,805500
2026-08-25,62.38201904296875,62.46162784593018,60.88938815105186,60.988899154753646,739000
2026-08-26,61.924278259277344,62.62084008387689,61.3670280404064,62.17305006835171,671200
2026-08-27,60.103271484375,61.68546036545048,59.75498866891863,61.65560516666721,1701400
2026-08-28,61.01874923706055,61.53619505723912,59.88435039111222,60.202778004151874,943300
2026-08-31,59.92415618896485,60.82968544640215,59.63955813426331,60.81973244803702,1871500
2026-09-01,58.7400016784668,60.20278121356877,58.50118285393389,59.62562876169349,1228400
2026-09-02,60.27000045776367,60.93000030517578,59.11000061035156,59.11000061035156,1390700
2026-09-03,60.470001220703125,61.40999984741211,60.060001373291016,61.0,988700
2026-09-04,58.41999816894531,60.13999938964844,58.2599983215332,60.130001068115234,1039600
2026-09-08,58.2400016784668,58.34000015258789,56.82500076293945,58.040000915527344,995000
2026-09-09,57.099998474121094,57.717498779296875,56.77000045776367,57.470001220703125,1139911
