Date,Close,High,Low,Open,Volume
2016-09-06,89.80311584472656,90.06017979389621,89.18479059571762,89.49743565278847,917200
2016-09-07,88.92146301269531,89.85909626009877,88.82350148948906,89.55121947509453,1434500
2016-09-08,88.10279846191406,88.92847278386769,87.86488804864489,88.83051124266967,1650400
2016-09-09,86.03858947753906,87.58498835026556,86.00360626631185,87.58498835026556,2305100
2016-09-12,86.50740051269531,86.71032234320501,85.38783639479941,85.61874799556935,1820600
2016-09-13,85.6397476196289,86.45842846286436,85.61175784654777,86.27650294559206,1585500
2016-09-14,85.27589416503906,86.05259304448602,84.98200420688087,85.59076978059711,1686400
2016-09-15,85.67471313476562,86.03856940998152,85.19189902131394,85.27586831798004,1158100
2016-09-16,85.23391723632812,85.93364565718561,84.80708247252473,85.33187878816783,2134500
2016-09-19,85.48579406738281,85.74469542674059,84.97499546404507,85.2968697997722,1025500
2016-09-20,86.39544677734375,87.03219670068324,85.79368006295537,85.90563380550287,1360600
2016-09-21,87.42406463623047,87.71095049315583,86.1925412048949,86.30449496855967,1733600
2016-09-22,89.02644348144531,89.15938824248471,87.71095072007986,87.71095072007986,1785100
2016-09-23,88.67655181884766,89.11737863655952,88.4596324596701,89.11737863655952,1367600
2016-09-26,87.82288360595703,88.95643981819065,87.76690407143872,88.50162078111047,1336900
2016-09-27,87.94886016845703,88.32671412730863,87.72494730452688,87.98384338370951,1134900
2016-09-28,88.50163269042969,88.57859788762148,87.60597603311831,88.1937505476507,1422400
2016-09-29,87.6199722290039,88.51562353392187,87.501019707867,88.24272994378289,1229700
2016-09-30,88.26372528076172,88.7675304991972,87.955843127606,87.96284190522404,1920000
2016-10-03,87.29811096191406,87.99783931609115,86.98322999943217,87.82990066736599,1512300
2016-10-04,86.08755493164062,87.52199979939046,85.90562411470843,87.52199979939046,1701900
2016-10-05,85.80765533447266,86.47240023531094,85.33184001097331,86.33245141163363,1954600
2016-10-06,86.2275161743164,86.73831481660189,85.4088300495731,85.63274288013035,1521300
2016-10-07,86.07354736328125,86.82924958630629,85.4507898371627,86.68930611424642,1397800
2016-10-10,85.47880554199219,86.54938890982463,85.30387347957506,86.15054402105366,1036100
2016-10-11,84.93999481201172,85.47878844605827,84.57613854389734,85.34583839689061,1753000
2016-10-12,85.28287506103516,85.72370726418188,84.96799949178987,85.17792009695523,1532900
2016-10-13,85.10794067382812,85.39483180380286,84.44320100650036,84.77907289787291,1688700
2016-10-14,84.31725311279297,85.35984669799609,84.31025433559617,85.24089417816478,1894800
2016-10-17,84.45020294189453,84.8770375951118,84.33124508390569,84.56915546138057,1235500
2016-10-18,84.34524536132812,85.10794660460056,84.1423235246815,84.91202354535638,1869900
2016-10-19,84.11431121826172,84.42219327944726,83.88339967237255,84.41519450391989,1947400
2016-10-20,83.3866195678711,84.17731595723697,83.26766703905608,83.97439411122728,2158800
2016-10-21,83.67349243164062,84.28925127422504,82.93177697155937,83.26764882837946,2216600
2016-10-24,79.70604705810547,82.85482416485911,79.46113790122234,82.0711266075394,5582900
2016-10-25,79.5801010131836,80.4687535952506,79.35618817324128,79.72704331391105,3420800
2016-10-26,79.53112030029297,79.95794964736082,78.81739445227115,79.04130729236553,2294100
2016-10-27,79.64305877685547,79.95793431273977,79.16724341559556,79.68504075803946,2046800
2016-10-28,80.15386199951172,80.46173875641198,79.66404908968956,79.94394141837334,2581200
2016-10-31,80.055908203125,80.30780545087248,79.52411326120773,80.16786194229024,2435900
2016-11-01,79.76900482177734,80.44774194503522,79.2651997266374,79.985918828323,1787900
2016-11-02,79.45414733886719,80.37078966591865,79.43315100638632,79.78301514202467,1586100
2016-11-03,79.52412414550781,79.8669895254134,79.40517161308186,79.75503577092528,1443800
2016-11-04,78.61447143554688,79.80401271835966,78.55149845263192,79.58009988160126,1536800
2016-11-07,79.7550277709961,79.89497128469489,79.11827250511,79.30020334372072,1575600
2016-11-08,80.80462646484375,81.23145581658926,79.6920556913828,79.73403768107833,1869500
2016-11-09,80.72764587402344,81.41337653335788,78.42553941210977,78.97132656421343,2439400
2016-11-10,78.47452545166016,80.07690380819017,77.87975749817157,80.05591281454396,2987200
2016-11-11,79.0063247680664,79.61508497128845,78.17364638429903,78.47452976627775,1530700
2016-11-14,79.13227081298828,79.47514152340071,78.58648359364216,78.74742345143812,2241200
2016-11-15,79.6780776977539,79.83901224598425,79.09030304457575,79.11829282220368,2587100
2016-11-16,79.30719757080078,80.05591192589071,79.0832847435552,79.76902077990266,1758000
2016-11-17,78.6214599609375,79.65006125577759,78.30658441041612,79.34917792013391,2098000
2016-11-18,79.14627838134766,79.35619903311631,78.50252954572956,78.54451154068171,1603800
2016-11-21,79.62906646728516,79.90196002165871,79.14625233023862,79.14625233023862,1710100
2016-11-22,80.1468734741211,80.46174904759962,79.61507851545467,79.69904782635027,1426900
2016-11-23,80.1608657836914,80.4687479188322,79.76901967605974,79.9019697505074,1620800
2016-11-25,81.05651092529297,81.37839059040901,80.22383800980428,80.31480075259647,996900
2016-11-28,81.98715209960938,81.99415087640602,80.72764453984044,80.93755979721733,2108100
2016-11-29,81.51832580566406,82.15508095598321,81.10548877822787,81.98014892635732,2011500
2016-11-30,80.89559936523438,81.75626229292786,80.23085953202384,81.25246233790197,5053900
2016-12-01,79.77601623535156,80.68565972256432,79.27221106040163,80.51772644374857,1985000
2016-12-02,79.84600067138672,80.37779570035114,79.46114795203675,79.9159724371312,1433200
2016-12-05,79.51012420654297,80.1888615065765,79.13227028677677,79.99293843821697,2130200
2016-12-06,80.04190063476562,80.09088139049148,79.44013401384696,79.51010575938359,1458900
2016-12-07,80.65560913085938,80.6767756976632,80.00664100866109,80.26764151470864,1870500
2016-12-08,79.99252319335938,80.65559687757202,79.95725096916489,80.38049075056963,1470600
2016-12-09,80.84605407714844,80.91659314008686,79.95724681512483,80.06305810042522,1854100
2016-12-12,80.96598815917969,81.52325602337717,80.75437092557458,80.92366578881601,1450900
2016-12-13,81.36099243164062,81.57967051863999,80.54978515160744,80.82489125874285,2545800
2016-12-14,80.84605407714844,81.9746952295198,80.71202609031556,81.5796721716362,2334900
2016-12-15,81.39629364013672,81.56558852440503,80.5427583138087,80.76848662009556,1354000
2016-12-16,81.99586486816406,82.24275430480816,81.36100247266062,81.56556954353317,3166900
2016-12-19,81.02948760986328,82.17223481224454,80.97305418753184,82.14401810107881,1437500
2016-12-20,80.71202850341797,81.3398353313753,80.43692238248322,81.05767907118579,1821200
2016-12-21,80.84605407714844,81.3751051218649,80.76845949338052,80.76845949338052,1225200
2016-12-22,81.13529205322266,81.22699770826688,80.4157847680215,80.76848557840755,950100
2016-12-23,80.99418640136719,81.36804827244332,80.8531082777939,81.34688709208586,779200
2016-12-27,81.19876861572266,81.47387477533022,81.00125705311072,81.02947375945335,747000
2016-12-28,80.5216064453125,81.29049172760102,80.4299007784718,81.12119682373907,929000
2016-12-29,81.17760467529297,81.31868282042981,80.65560369835688,81.00830444298525,968500
2016-12-30,80.50045013427734,81.22701308008517,80.27472178818375,81.0436071170753,1417500
2017-01-03,80.8108139038086,81.05770879468821,80.21122355836022,80.52865754015359,1645800
2017-01-04,81.24815368652344,81.42450408040963,80.95188631642347,81.05769762911258,1846000
2017-01-05,81.83363342285156,81.89006145538383,80.83901467718135,81.29752675039556,1660300
2017-01-06,82.1298828125,82.25685527605366,81.42448143315423,81.83361552480328,1829300
2017-01-09,80.8672103881836,81.82655665537564,80.8672103881836,81.487961639161,1883900
2017-01-10,80.66972351074219,80.86017956555813,80.39461733057092,80.76847929942998,2521100
2017-01-11,80.70500183105469,81.00126921947185,80.49337919259257,80.49337919259257,1489200
2017-01-12,80.74026489257812,80.8319651613203,80.40167514507858,80.59918672808449,1236800
2017-01-13,80.83197784423828,81.04360050597035,80.54982147097932,80.54982147097932,1032400
2017-01-17,81.84774017333984,81.86890135854401,80.81785456637253,81.03652732253117,1567900
2017-01-18,82.1087417602539,82.37679241267219,81.71371323136931,81.71371323136931,2015200
2017-01-19,81.75605010986328,82.14401777784374,81.5585385142678,82.1087509253659,2200200
2017-01-20,81.98177337646484,82.65190273200687,81.473883372279,82.32036312473073,2056100
2017-01-23,82.51788330078125,82.5672611985658,81.77015392917447,81.77015392917447,2626700
2017-01-24,85.91084289550781,86.0801377359263,83.42077664811653,83.5547992634626,4207100
2017-01-25,86.05899047851562,86.65152520674937,85.63575061809341,85.64280614060671,3447500
2017-01-26,86.16478729248047,86.51043249246457,85.66395291403406,85.98138141049901,2675500
2017-01-27,85.33944702148438,86.12243747084919,85.10666331345955,86.05895394054308,1634000
2017-01-30,85.06438446044922,85.64986913582713,84.78927824079697,85.64986913582713,2031900
2017-01-31,85.44530487060547,85.86149466671417,85.00795926664627,85.12082073864651,2862800
2017-02-01,85.36065673828125,85.7627354708809,84.91625024629015,85.0150060485576,1952600
2017-02-02,85.64279174804688,86.15067626612975,85.4805470482276,85.66395293024375,1347900
2017-02-03,85.7344970703125,86.28470936712623,85.3747408063242,85.88968625798535,1591800
2017-02-06,85.52290344238281,85.93203773360436,85.24779720078612,85.39593091689295,1400000
2017-02-07,86.37642669677734,86.69386065661551,85.27600188562785,85.70629730676447,2243100
2017-02-08,86.71501159667969,86.77849515207276,86.1436380709954,86.37641648922333,1840300
2017-02-09,87.17353057861328,87.70258177593679,86.48929016898896,86.58804596194638,2439500
2017-02-10,87.15238952636719,87.35695130061895,86.79968864666807,86.99014475371872,1036000
2017-02-13,87.06770324707031,87.37102609301236,86.89840840196821,87.342809388531,1255100
2017-02-14,86.67976379394531,87.1805983830696,85.9038229570174,87.1805983830696,1872300
2017-02-15,87.75900268554688,87.9494587214482,86.73616728745074,87.08886803539016,1710100
2017-02-16,89.31792449951172,89.38846356101759,87.26520390444283,87.75898809855474,2741600
2017-02-17,93.06364440917969,93.2470557463614,89.43082983099886,90.07979812634494,6657000
2017-02-21,94.9752426147461,95.21507650382563,92.3017760855536,92.3017760855536,3755000
2017-02-22,95.10928344726562,96.08274094022394,93.91010307632378,94.44620432966053,3160200
2017-02-23,94.76363372802734,95.71593004641032,94.47441653342837,95.18687892810257,1755600
2017-02-24,94.28397369384766,94.91883078299804,93.71965030150652,94.43210199164847,2785200
2017-02-27,93.55743408203125,94.12880775619871,92.63335954592574,93.64207884455203,1771500
2017-02-28,93.50096130371094,94.03706251335747,93.23995545648627,93.59265616999437,2388700
2017-03-01,93.98768615722656,94.14992546498877,93.4515742059879,93.70551913984539,1581900
2017-03-02,94.87651062011719,95.05286101160439,93.29640723750528,93.84661959785947,1609200
2017-03-03,94.27688598632812,94.67896992176297,93.76194601536926,94.55905298406408,1439400
2017-03-06,94.05120086669922,94.38274049475649,93.87485045873575,93.8960116466054,1820700
2017-03-07,94.08647155761719,94.58730068041599,93.93128234006909,94.10763274513971,2143500
2017-03-08,94.0438232421875,94.37067895128696,93.74537468355047,93.74537468355047,2152500
2017-03-09,94.29964447021484,94.49149035004375,93.85198239909604,93.9514616546307,1471900
2017-03-10,95.13806915283203,95.159385352341,94.02248162298554,94.29960305902316,2159500
2017-03-13,95.0315170288086,95.31574033689809,94.53410997601567,94.89650716261761,2032000
2017-03-14,94.88941192626953,95.42945149002671,94.71888224712617,95.01021823889768,1139100
2017-03-15,95.92682647705078,96.08315254314803,94.860972849528,94.98887008046732,1523000
2017-03-16,95.59284210205078,95.96234100014637,95.2233432039552,95.6994231099524,1847900
2017-03-17,94.69043731689453,96.01920894819808,94.56964186721682,95.6568117567406,5274800
2017-03-20,95.0315170288086,95.32995475502982,94.74018109044113,94.83255854466111,2100100
2017-03-21,94.98885345458984,95.32993436224294,94.76147702524298,95.28730195939177,2189100
2017-03-22,94.39201354980469,95.45786739072594,94.07936135501296,95.32997013417985,1968700
2017-03-23,94.52702331542969,95.04573581479406,94.19305491164587,94.36359542924589,1575800
2017-03-24,94.1148681640625,94.68332557049382,93.90169528134786,94.64779494963751,1557400
2017-03-27,94.05093383789062,94.39911662729273,93.42562951159293,93.85907713006294,1953500
2017-03-28,94.3138198852539,94.67621701267954,93.67431212526651,93.73115894608667,1257400
2017-03-29,94.17170715332031,94.58383846763074,93.97985049059838,94.05801351300937,834500
2017-03-30,93.96566772460938,94.43463512049848,93.75249481242811,94.27120725287689,854700
2017-03-31,93.5322265625,94.18594892049495,93.51091035405427,93.90171473717619,1059300
2017-04-03,93.44693756103516,94.04382383967759,93.18403046607736,93.82353831310807,1259700
2017-04-04,93.9514389038086,94.00828572783774,93.1556050522466,93.5890525983487,1944300
2017-04-05,93.58196258544922,94.47728672725887,93.46826890991375,94.09357328293311,1170900
2017-04-06,93.1627197265625,93.8732888615855,93.08455668801298,93.63879974593696,1060700
2017-04-07,93.31907653808594,93.97279905651816,93.16275040950126,93.28354590114795,1336300
2017-04-10,93.73827362060547,94.08645638009116,93.25509184083649,93.42562148432016,1336700
2017-04-11,94.24280548095703,94.3280703235374,93.56065421303438,93.72408210878895,1127000
2017-04-12,94.57674407958984,94.78280433165364,93.97985784247521,94.36357119793628,1905800
2017-04-13,94.27120208740234,94.57675244135233,93.89460132823487,94.52700739951838,1284500
2017-04-17,94.76860046386719,94.89650854406642,94.39199969607537,94.39199969607537,1200200
2017-04-18,95.1523208618164,95.38680999074462,94.23568055396744,94.44885347503175,2158900
2017-04-19,94.64070892333984,95.35837987749186,94.47016842028269,95.08837096734928,1423000
2017-04-20,93.24799346923828,94.64071387771723,93.16272863445865,94.60518324908386,2697400
2017-04-21,92.34556579589844,93.3758888312193,91.95475061907354,92.78611517208792,3230700
2017-04-24,92.65821075439453,93.04902594665437,90.37018269629418,90.59045739308849,3495900
2017-04-25,94.3777847290039,94.41330450692686,92.87137099723257,93.4185121917767,2725500
2017-04-26,92.46634674072266,94.20013682240642,92.42371433583247,94.20013682240642,2147000
2017-04-27,92.37399291992188,93.02061347254337,92.1537182100547,92.55873700248866,1348900
2017-04-28,92.19634246826172,92.3739847466206,91.1304887981084,92.03291460805032,2340400
2017-05-01,92.06132507324219,92.79321033283405,91.8126324093321,91.9121116433808,1286900
2017-05-02,90.05752563476562,92.46635985573235,89.9438373985297,92.08264647245166,2568500
2017-05-03,90.0788345336914,90.1854209736003,89.21194486142082,89.83724366302866,3076500
2017-05-04,91.0878677368164,91.13050015414721,89.88700405067932,90.07885534988074,1845600
2017-05-05,91.37208557128906,91.60657469489539,91.02391362246371,91.36498378297067,1202700
2017-05-08,91.18022918701172,91.58524792293917,90.8178320185031,91.19443276201011,1197300
2017-05-09,91.10208129882812,91.52131452186724,91.00970383386424,91.22997854961613,2234600
2017-05-10,91.77000427246094,91.96186098487537,90.97417026900126,91.130496354313,1397600
2017-05-11,91.03102111816406,91.63500927826908,90.51941042411467,91.52841739226052,1497200
2017-05-12,90.94572448730469,91.12337215792063,90.54780758342568,90.54780758342568,1365200
2017-05-15,90.9528579711914,91.29392815270421,90.87469492517539,91.01680659727026,997400
2017-05-16,90.54071807861328,91.37919529780771,90.53361629052058,91.07364493102874,1408900
2017-05-17,90.9244384765625,91.4715744010746,90.05754314421786,90.54073043989128,1748900
2017-05-18,90.04331970214844,91.15890758184794,89.68803514235222,90.84626085565152,1832400
2017-05-19,90.38438415527344,90.7680921062499,90.00068162550878,90.27069592232401,1496700
2017-05-22,90.29914093017578,90.78232823348777,90.24940129988836,90.39862019075063,1102600
2017-05-23,90.10015869140625,90.87467636217406,90.02909744866173,90.3914891860544,1179600
2017-05-24,90.97415161132812,91.05941642494773,90.32753661612986,90.61175988981047,1120500
2017-05-25,91.9476318359375,92.37397760802078,90.91020708225066,90.98125748264896,1641900
2017-05-26,92.02581024169922,92.23898316335769,91.74158690777138,91.74868869627076,1070800
2017-05-30,91.64210510253906,91.96185905490246,91.22997369013238,91.91212485194254,2555600
2017-05-31,92.18212890625,93.26929879250946,91.72736510312463,91.91212001348526,5187200
2017-06-01,92.36690521240234,92.58006732385006,91.07366391000983,92.58006732385006,1667900
2017-06-02,92.8287353515625,92.9068983766279,92.26027797312537,92.64399131160006,1084000
2017-06-05,92.94243621826172,93.02770103680525,92.19633652873522,92.59425347183641,831000
2017-06-06,93.05614471435547,93.20535817060721,92.45215657353585,92.75769611700149,1237500
2017-06-07,93.20647430419922,93.38544219300272,92.81990847065019,92.9917106529684,1153800
2017-06-08,91.66734313964844,93.2064624177442,91.30940740768833,93.2064624177442,1365400
2017-06-09,92.18276977539062,92.22572031470435,91.30940573157329,91.61007043010085,1499900
2017-06-12,92.21857452392578,93.02034713150559,92.18277876323042,92.18277876323042,1222200
2017-06-13,92.61229705810547,92.88433173707939,91.9608622624916,92.31163232397613,855000
2017-06-14,93.32818603515625,93.68612186982152,92.90582437185158,92.90582437185158,1202600
2017-06-15,93.65033721923828,93.8436147055573,92.88434928826535,93.0776376979192,994800
2017-06-16,93.2136459350586,93.97962286768755,92.80559387945219,93.49283542240316,1772500
2017-06-19,95.05342864990234,95.06774914020616,93.15637330965612,93.67895651074278,1595700
2017-06-20,95.18942260742188,95.81939294597665,94.26594236810129,95.05340529129475,1545600
2017-06-21,94.37334442138672,95.50442274132511,94.13710550741231,95.16079654463549,1403600
2017-06-22,94.3160629272461,94.64536859838122,93.92233144762737,94.34469297879501,958000
2017-06-23,94.70980834960938,94.9532020552663,94.3160768120273,94.3160768120273,1464500
2017-06-26,95.58317565917969,96.13438890659131,94.72413195468536,94.96035996167129,1555400
2017-06-27,94.10848999023438,95.59749337924175,94.10132428294686,95.42569117769013,1199400
2017-06-28,94.1371078491211,94.89592993652144,94.03688627009336,94.65253623364451,963400
2017-06-29,92.34740447998047,94.09413232795475,92.18991190855132,93.77199240396966,1381600
2017-06-30,92.42617797851562,93.09909899577947,92.41902319528226,92.53355434368191,1351900
2017-07-03,91.93936920166016,93.06329267174128,91.92505963681735,92.78410323065934,800700
2017-07-05,92.10401916503906,92.49058492408868,91.68881243223412,92.16129018921882,1161100
2017-07-06,90.47183227539062,92.003802209737,90.4217214921409,91.81051385886971,1654700
2017-07-07,90.77249908447266,91.19486060459943,90.04230717075222,90.50762469041085,1694100
2017-07-10,90.92283630371094,91.58859698466267,90.65080165153046,90.91567605979412,1105000
2017-07-11,90.06378173828125,91.05884257664854,90.02083120074944,91.00873179563959,1375200
2017-07-12,89.2691650390625,89.9277709048107,88.56761409695966,89.09019718175752,2487300
2017-07-13,88.69646453857422,89.47676171646165,88.30989334030943,89.21189280292728,1793600
2017-07-14,89.1331558227539,89.41234525148974,88.73942434034913,88.90407717708177,1205900
2017-07-17,89.26202392578125,89.6342747228452,88.58194268688274,89.02578500716388,1186000
2017-07-18,89.17610931396484,89.73448818992006,88.87544460562987,89.34791693848969,1053200
2017-07-19,88.73226928710938,89.41951072599271,88.58909717331386,89.00430394965329,1745100
2017-07-20,88.5604476928711,89.24052878032091,88.51749715783865,88.98996942819115,1521000
2017-07-21,89.68435668945312,89.70583195485004,88.0521709793127,88.32420011044789,1879000
2017-07-24,88.6320571899414,89.76313557950343,88.58910664354453,89.69154951495307,1728100
2017-07-25,89.25482177734375,89.41231431581497,87.40787276344928,88.37429779482909,2192400
2017-07-26,87.50812530517578,89.22621789294956,87.22177563026919,89.19042213546156,2400200
2017-07-27,88.91839599609375,88.91839599609375,86.59181368293575,87.60834987511572,2733000
2017-07-28,87.65846252441406,88.87544734494526,86.84952969991348,88.82533655867825,2226800
2017-07-31,88.1667251586914,88.78236954433517,87.67993238318336,87.67993238318336,2298500
2017-08-01,87.11441040039062,88.57478901331727,86.99986833114157,88.16674244953383,1664600
2017-08-02,86.878173828125,87.32201616596753,86.47012725330738,86.94975989250821,1511900
2017-08-03,87.10726928710938,87.5797417723652,86.6992226337062,86.87103031364762,1441500
2017-08-04,86.84951782226562,87.27188478732361,86.57032841386514,86.82804255418333,1046800
2017-08-07,86.92110443115234,87.19313905972592,86.4629471702199,86.84951838319391,1063900
2017-08-08,86.9354248046875,87.18597870304887,86.57032886040929,86.78509246567067,1612300
2017-08-09,87.05712127685547,87.22892888336403,86.59180377513214,86.93542444981462,1461900
2017-08-10,86.67056274414062,87.06429425588591,86.67056274414062,86.9425919493771,1362000
2017-08-11,86.36274719238281,87.04998325551847,86.29116112653536,87.04998325551847,1074100
2017-08-14,87.11441040039062,87.15736094552578,86.36274309052648,86.64909280198266,923400
2017-08-15,87.50096130371094,87.75866997614175,86.94257703872613,87.12154488397806,1114100
2017-08-16,87.57256317138672,87.89470316637579,87.26473820347142,87.46518135250162,1005400
2017-08-17,87.53678894042969,88.64639223903325,87.4222523106711,87.49383838697867,1358800
2017-08-18,86.8996353149414,87.52960022790518,86.86383955759537,87.47233466248356,1085900
2017-08-21,87.8231201171875,87.90902666757265,86.83521936525702,87.03566252115597,1103700
2017-08-22,87.6441421508789,88.03787363443294,87.41506350453811,87.7729992307997,855200
2017-08-23,87.52960968017578,87.87323041814163,86.92828021581849,87.5654054413874,911700
2017-08-24,86.6133041381836,87.68711154789659,86.59182886385605,87.59405020525489,1170900
2017-08-25,86.99271392822266,87.50098756756438,86.67057389474331,86.67057389474331,997400
2017-08-28,87.6011962890625,87.63698658660029,86.9139603133441,87.2504153261963,1127000
2017-08-29,87.60834503173828,88.04502704792257,87.48664819750086,87.50812346687621,1693100
2017-08-30,87.55105590820312,87.62980218250003,86.86381470312755,87.37208809601275,1089800
2017-08-31,88.25980377197266,88.3528651069744,87.21463196772307,87.62983877619203,1520500
2017-09-01,88.20252227783203,88.87544320060964,88.05935016993568,88.4101256574478,1073500
2017-09-05,87.98776245117188,88.13093455635925,87.1716639742735,87.88038064144848,1297400
2017-09-06,86.1264877319336,88.29557723395766,85.92604461066827,88.03070830728508,2521100
2017-09-07,86.32136535644531,86.5883927129173,85.41925260546336,86.53787461910468,1888400
2017-09-08,85.25325012207031,86.00380849200263,84.79136889535174,85.70069996935455,1813000
2017-09-11,86.31414031982422,86.4007451194847,85.26769181103954,85.60688706046955,1832300
2017-09-12,87.03582000732422,87.15850599589058,86.16257569673007,86.35021665375156,1631800
2017-09-13,86.58836364746094,87.47603921306442,86.46567216990667,87.03580789787468,1437300
2017-09-14,87.20179748535156,87.3028336372939,86.53784405657122,86.6027935087953,1206500
2017-09-15,87.39667510986328,87.49771128927577,86.60281705473993,87.11521639492008,2548500
2017-09-18,87.9523696899414,88.11835532052916,87.17294310284059,87.43275196520753,1005700
2017-09-19,87.87299346923828,88.22662009807807,87.55544804396077,88.10393409506042,1130100
2017-09-20,86.71827697753906,88.14000171695788,86.09762310889379,87.95957920877164,1996600
2017-09-21,85.24603271484375,86.9420032714526,85.10890984014516,86.6172394375967,1454400
2017-09-22,84.81300354003906,85.70790307446308,84.56041314970065,85.31097138531875,1547000
2017-09-25,84.79136657714844,85.21716659061046,84.63981231996789,85.07282526992063,1548700
2017-09-26,84.9284896850586,85.1449989136499,84.62538116987747,84.94292106413742,1147200
2017-09-27,84.08409881591797,84.93569318931091,83.65108594095116,84.76248363447824,2109500
2017-09-28,84.40887451171875,84.66146494872828,83.70162128809208,83.918125017218,1372300
2017-09-29,84.9284896850586,84.96457639184328,84.18514977618463,84.32948559120656,1665300
2017-10-02,84.41609191894531,85.24603663555988,84.34392401012198,85.01509602369012,1454300
2017-10-03,83.41293334960938,84.79857685852457,83.39128353010412,84.63258573222114,1765800
2017-10-04,84.57486724853516,84.89240715843097,83.21087335699777,83.27582282513828,1670700
2017-10-05,84.7769546508789,85.62133092294458,84.58209519975011,84.58209519975011,1528400
2017-10-06,83.27582550048828,85.01510139513191,83.11705278741023,84.70477441213178,3332300
2017-10-09,83.34799194335938,84.2717544329058,82.76342469739365,83.47789638758051,2659300
2017-10-10,84.04080200195312,84.32947911588907,83.10260826423378,83.64387578809193,1654800
2017-10-11,85.0439453125,85.36870910985432,84.37999184679349,84.50267782296712,1963200
2017-10-12,84.84186553955078,85.28209683282465,84.17791213220755,85.10167435217329,1870800
2017-10-13,85.5635757446289,85.71513000357446,84.80580444990116,85.00065835252873,1310700
2017-10-16,85.3182144165039,85.7728772501523,85.12335498346948,85.5563734986308,1216100
2017-10-17,85.36150360107422,85.39759030826681,84.28618690064813,85.21716778442077,1579500
2017-10-18,84.65425872802734,85.67905744294451,84.19959039928061,85.67905744294451,1688700
2017-10-19,83.39128112792969,84.29339362171491,83.31189478799197,84.28617518006848,2112900
2017-10-20,81.86852264404297,82.3304038446421,79.62406610391669,81.9767717488254,4934600
2017-10-23,81.21178436279297,83.60057678157811,80.93754411274587,81.92625600505934,4556800
2017-10-24,80.858154296875,81.65923069716082,80.76433657205219,81.48602662592712,3063500
2017-10-25,81.11796569824219,81.58706534916978,80.4179254430814,81.03857934934406,3326600
2017-10-26,81.97676086425781,82.56133348275674,81.56539780252913,81.57983468528873,2142900
2017-10-27,81.12519073486328,81.6520214501282,80.46123162592272,81.53655389165513,2461300
2017-10-30,80.30243682861328,81.19011787336055,80.15810104370577,80.69936849619484,1923800
2017-10-31,81.19734954833984,81.43550308164687,80.16533255048219,80.48287243024429,2299000
2017-11-01,80.8653793334961,81.88295952929084,80.17977042277018,80.75712471537531,2595800
2017-11-02,80.50453186035156,81.16126698006728,79.76118644146896,80.87258984243094,2148600
2017-11-03,79.95602416992188,81.04577745364223,79.81890132786137,80.46842333491513,1900400
2017-11-06,79.2920913696289,80.20863535200608,79.1621869344986,80.20863535200608,1982800
2017-11-07,80.77879333496094,80.9303476331732,79.1477717589636,79.31376294618266,2205800
2017-11-08,81.71696472167969,82.5613407374142,81.24064665779376,81.24064665779376,2005300
2017-11-09,81.76026153564453,82.3592655627757,81.37054827122392,81.49323425093287,1572400
2017-11-10,82.37372589111328,82.60466655422564,81.57986770579328,81.59429908833667,1690800
2017-11-13,83.29023742675781,83.4417916512628,82.21491546718012,82.21491546718012,1751600
2017-11-14,82.66961669921875,83.34078882240324,82.30155314623129,83.07376145948145,1881500
2017-11-15,81.8613052368164,82.9943584316849,81.7602690670364,82.64794477382613,1753400
2017-11-16,82.92220306396484,83.23253006265789,82.00565344886854,82.13555790195072,1453800
2017-11-17,82.50358581542969,83.2541439418414,82.17882757596949,82.37368141843426,1488000
2017-11-20,83.2469482421875,83.52840692822149,82.4314404475324,82.74176739701323,2127700
2017-11-21,84.43773651123047,85.10890848322873,83.41293795365924,83.58614202531932,3337400
2017-11-22,83.75214385986328,84.45217867818371,83.47789807980442,84.10577049061096,1482700
2017-11-24,84.0624771118164,84.48827168788631,83.77379992994126,83.95422248035582,1013000
2017-11-27,84.26451873779297,84.50989067390803,83.92532358582204,84.14904570475721,1424500
2017-11-28,84.71199798583984,84.84912089272628,84.1851671965406,84.4377576781265,1809400
2017-11-29,85.98216247558594,86.42239389960936,84.46661428920538,84.58930029103256,2129000
2017-11-30,86.42963409423828,86.81934752699601,85.52030275113695,86.22756168600692,5125700
2017-12-01,86.97087860107422,86.99252842387864,85.72957070373997,86.31413794369394,2058500
2017-12-04,88.84727478027344,89.07099696476735,86.97088149204934,87.25234020998002,2648800
2017-12-05,88.65961456298828,89.32356803527529,87.86575667168357,88.1039156908923,2056700
2017-12-06,88.16166687011719,88.95552489341374,87.90907092565405,88.1977480721415,1931800
2017-12-07,87.12141418457031,88.41630403204,86.72858149767549,88.26353668993599,1953600
2017-12-08,87.3759994506836,87.46329742642374,86.43029080561604,87.03408931669566,1520600
2017-12-11,86.19750213623047,86.5685115971113,85.44821254572146,86.52486538411196,2048900
2017-12-12,84.6771240234375,86.04475940577899,84.61892535607053,86.04475940577899,2040500
2017-12-13,85.39730834960938,86.02293010346315,84.48797505041844,84.70621726227627,2334800
2017-12-14,85.2954330444336,85.92105457516634,84.89532431543195,85.41183032928062,2162600
2017-12-15,86.21205139160156,86.75037501586104,85.6446284430404,85.6446284430404,4036000
2017-12-18,87.0413589477539,87.50693701620621,86.21931833460503,86.34299184507546,2563800
2017-12-19,87.71063995361328,88.72909421322747,87.14321694400617,87.40510534076779,2413800
2017-12-20,87.62333679199219,87.91432449898615,86.81584854139517,87.65971233666477,1908800
2017-12-21,87.49967193603516,88.1689398008626,87.39055084826067,87.64516856977747,1894200
2017-12-22,87.77610778808594,88.13256480781726,87.44146832451753,87.80520156305568,980600
2017-12-26,88.24895477294922,88.4599207130493,87.25232927159725,87.62333317130863,621800
2017-12-27,88.66361999511719,88.96188394090878,88.26351672775267,88.45265403226858,1139100
2017-12-28,87.46327209472656,88.91820463490241,87.06316342612733,88.69996253382516,1569700
2017-12-29,87.77610778808594,88.3799007459614,87.40509833074098,87.7324560253738,1326900
2018-01-02,86.61943054199219,88.01616480303157,86.52486190092435,87.8852206191761,2058700
2018-01-03,85.17178344726562,87.01954911646439,84.88079572256525,86.92497491461248,2496000
2018-01-04,86.15383911132812,86.96132719501705,85.25178240121832,85.60096313733217,2007200
2018-01-05,85.9647216796875,86.48849848857168,85.6300877295958,86.21206319505141,1421400
2018-01-08,86.88133239746094,86.96863038362656,85.81923187469505,85.84833120341692,2139900
2018-01-09,84.96807861328125,86.89586015299082,84.93170307285614,86.89586015299082,2322700
2018-01-10,83.62955474853516,84.81532323870812,82.14552230585224,84.72075458432,2700000
2018-01-11,81.98546600341797,83.83323143684788,81.70903075279593,83.65864104435651,3252100
2018-01-12,82.18915557861328,82.70565605197616,81.47623607093621,82.11640449916173,3392600
2018-01-16,83.12032318115234,83.39675845090136,82.35648114219241,82.68384439465905,3243800
2018-01-17,84.8662338256836,85.20813837535337,83.28762750214537,83.38220168727227,2679900
2018-01-18,83.9059829711914,84.94626028231059,83.57134904910026,84.6480019050652,2567700
2018-01-19,84.01510620117188,84.58252919443153,83.6295498365277,84.19697282978736,2590400
2018-01-22,85.04811096191406,85.16450271554984,83.70956971926464,83.80413836597675,2452100
2018-01-23,85.72463989257812,85.99380446484322,83.78958210993589,84.53887163122748,3630500
2018-01-24,87.08499908447266,87.33234053803704,85.01172102576639,85.79010982500446,5303500
2018-01-25,89.79844665527344,89.8420928595692,87.0558954493835,87.40508173413275,3703700
2018-01-26,88.91822052001953,89.18737953595554,87.55058013584578,89.18737953595554,3265000
2018-01-29,87.08499908447266,89.2892213126829,87.04862909579977,88.64905290073457,3037400
2018-01-30,86.20475769042969,87.28868093773357,86.03743799716011,86.93222400005357,2401000
2018-01-31,85.11357116699219,86.77219371709765,84.61161756099193,86.73582372616312,3683000
2018-02-01,85.76829528808594,85.90651013905223,84.67709561660935,85.00445329800091,2205100
2018-02-02,84.53888702392578,85.47731953849154,84.25517551372326,85.33182844869053,2614100
2018-02-05,81.38893127441406,85.12810777910286,81.19979402407374,84.4079176640312,3468400
2018-02-06,83.03304290771484,83.4695217872721,80.22502119738536,80.39234096878285,4998600
2018-02-07,81.73812866210938,83.67318648323506,81.65810691065882,83.01847113518996,2418900
2018-02-08,81.25072479248047,82.48013924650485,80.85061604848754,81.73812595325133,2809000
2018-02-09,81.06885528564453,81.73084680637747,79.66484494811952,81.73084680637747,3402800
2018-02-12,82.69110107421875,83.57861093501678,81.47623356646379,81.6653763769932,2695200
2018-02-13,81.95636749267578,82.85842427689198,81.81087088223562,82.3346475795638,1909700
2018-02-14,82.00728607177734,82.60380827127823,81.46168629600966,81.64355288793222,1678600
2018-02-15,84.25516510009766,84.33518685463663,81.85452356418591,82.29100787989978,2087600
2018-02-16,84.45884704589844,85.28815828920733,84.10239006766555,84.27698044780213,2013700
2018-02-20,83.25852966308594,84.02964784343031,82.53106324208866,84.02964784343031,1845600
2018-02-21,81.4325942993164,83.57861805696436,81.38894253924197,83.2439841637453,2168400
2018-02-22,82.06549072265625,82.89480205462782,81.5635426323337,81.75995613722013,1217100
2018-02-23,82.67654418945312,82.67654418945312,81.86905617115201,82.37100968256277,1290500
2018-02-26,83.26583099365234,83.38949899048838,82.35649769315798,82.85845145107247,1249000
2018-02-27,81.72356414794922,83.31671717304029,81.72356414794922,83.10575127313247,1960300
2018-02-28,80.69058990478516,82.55290808174234,80.65421990668177,82.37831211038016,2309600
2018-03-01,81.11254119873047,81.94912905654621,80.45054380380812,80.7488078301263,1830900
2018-03-02,81.87635803222656,82.00730222621033,80.90155002142988,80.90155002142988,1871600
2018-03-05,82.33466339111328,82.66929733419646,81.49079953888932,81.59264996082088,1842100
2018-03-06,82.24008178710938,82.56016324088148,80.77059649659205,82.29827488316806,2015200
2018-03-07,81.3016586303711,81.99274959412871,80.99611847837845,81.73813742590902,1263700
2018-03-08,82.24856567382812,82.25590198645182,81.3016605231782,81.47048531734137,1704000
2018-03-09,82.16778564453125,83.06330821557347,81.7126824493456,82.52011890512203,1692300
2018-03-12,82.98992919921875,83.46705268919688,81.95494358580106,82.06504986814035,3153000
2018-03-13,82.9165267944336,83.73130544259229,82.72567627858646,83.2395037289075,1572000
2018-03-14,81.53656005859375,83.45239070327241,81.29432731036098,83.1073935649238,2500500
2018-03-15,81.43378448486328,82.05037074088025,81.08144548125468,81.62462941158941,1704800
2018-03-16,82.22653198242188,82.42472440886554,81.40441702899071,81.7567504089646,3850100
2018-03-19,81.54388427734375,82.76238415118742,81.24293306528159,82.27058241425755,1434000
2018-03-20,80.83186340332031,82.15312185299454,80.61165086158915,81.7640845494754,1505900
2018-03-21,79.56932830810547,80.72176206643222,78.98209856108737,80.60431387693343,3038400
2018-03-22,78.89401245117188,80.22995471112648,78.84996658309946,79.37847219806831,2225400
2018-03-23,76.88276672363281,79.23901663606435,76.76532412375877,79.15093608621842,2961400
2018-03-26,77.48468017578125,78.19669453817814,77.21309099441584,77.71957099221993,2219600
2018-03-27,78.90868377685547,79.86293056494947,77.34519280275752,77.4479571522154,2527400
2018-03-28,80.34740447998047,80.72176359077984,79.07018619637074,79.202312611933,2641800
2018-03-29,80.83920288085938,82.57886634800971,80.61165401899872,80.9933494260138,3391200
2018-04-02,78.60773468017578,80.83186343168059,78.21136106530075,80.56026871014855,1998600
2018-04-03,79.1876220703125,79.43719665641984,78.17465670375776,78.73986067779309,2441600
2018-04-04,80.22261810302734,80.69239965844723,78.52700047644113,78.87933384288709,2358600
2018-04-05,80.3106918334961,80.6850452774624,79.33442491441537,80.2666459693188,2476700
2018-04-06,79.71614074707031,81.57324702344292,78.95274424132343,80.10517811244627,1832600
2018-04-09,79.53996276855469,80.49420966550372,79.00411522790903,79.84825585209661,1987600
2018-04-10,79.6207275390625,80.3988023602579,79.40051493672009,79.83359822792974,1382600
2018-04-11,79.12157440185547,79.81890489247107,78.82795950045579,79.2830628776372,1598600
2018-04-12,77.92510986328125,79.50327965236846,77.91042603627032,79.15828252072048,1512500
2018-04-13,77.69021606445312,78.29946610054222,77.52873316353732,78.07925909007196,1989200
2018-04-16,78.40221405029297,78.96008177359045,77.88839220004408,78.05721697930952,2248000
2018-04-17,78.24806213378906,78.68114532095738,77.44062545290583,78.59305918113388,2410800
2018-04-18,78.19669342041016,78.96743187595924,78.15999505600799,78.51967038848615,2768600
2018-04-19,75.85513305664062,77.0736331836592,74.98897760280664,76.90480276115147,4086200
2018-04-20,73.42546844482422,75.59087353000535,72.61068972060441,75.42938504769316,5161800
2018-04-23,72.31706237792969,74.62193541082222,71.59036993266277,73.60162250250906,7658100
2018-04-24,73.69705963134766,74.50449640335606,71.27474371508407,71.70048503858904,6222300
2018-04-25,75.09172058105469,75.75968896600105,73.4474795099415,73.4474795099415,4023300
2018-04-26,75.37796783447266,75.9284934409757,74.92286465034516,75.12105140458239,2649800
2018-04-27,76.71392822265625,76.98551733644898,75.12841140600038,75.16511536203382,2214600
2018-04-30,76.00190734863281,77.07359668769037,75.63489022154857,76.8680679925611,2979300
2018-05-01,75.75968170166016,76.0606384617944,74.87884275535433,75.58351503244647,2001900
2018-05-02,74.1888656616211,75.64959272828666,73.96131676185475,75.44406396717658,2563900
2018-05-03,75.1284408569336,75.81109326500368,74.15217348620891,74.31366199568092,1959800
2018-05-04,76.1413803100586,76.4790354156175,75.0476651722243,75.20915361406492,1521100
2018-05-07,75.72300720214844,76.51576026348464,75.23119979528418,76.39097573348829,1437800
2018-05-08,74.76140594482422,76.04596620367082,74.65864157213556,75.73767308560483,1832000
2018-05-09,75.64957427978516,75.92116899086953,74.5925686803832,75.2678789022695,1511000
2018-05-10,76.21477508544922,76.55977206795974,75.73030980782083,75.73030980782083,1232600
2018-05-11,77.00020599365234,77.27179512449764,76.14872344230294,76.457022131724,2677300
2018-05-14,76.92682647705078,77.14703349163122,76.44236096454281,77.05895292589481,1455700
2018-05-15,76.3395767211914,76.73595596465691,75.3266112769382,76.38361699260825,2170200
2018-05-16,76.99285125732422,77.11029942425242,76.25147510424125,76.40562162315689,1675800
2018-05-17,76.97820281982422,77.4846828350104,76.5010792574914,77.07362529219517,1784700
2018-05-18,76.09735107421875,76.98553209820744,75.67160974364081,76.98553209820744,2499500
2018-05-21,76.86807250976562,76.9047708644885,75.9652078599767,76.4349893622326,2081800
2018-05-22,76.9121322631836,77.74893112611615,76.42033050343596,76.90479035028386,1749400
2018-05-23,76.7433090209961,77.03691834006246,76.42033204973654,76.86075162857487,1856400
2018-05-24,76.60381317138672,76.96348837827682,76.08999144725799,76.76530159903767,1562600
2018-05-25,77.41126251220703,77.75625955556718,76.38361329375319,76.55978557136541,1758300
2018-05-29,76.94886016845703,77.93980590916388,76.68460722423649,77.04428266488762,2011400
2018-05-30,77.38191986083984,77.74893713083083,76.06799736224346,77.0736266981048,2165400
2018-05-31,74.02738189697266,77.09564648400796,73.63834448860813,77.09564648400796,6930200
2018-06-01,74.04206085205078,74.84215575619555,73.72642579806735,74.51917878926218,1853300
2018-06-04,74.39440155029297,74.67333826729985,74.13749057429129,74.18153085582321,1423800
2018-06-05,73.99800872802734,74.72470684228301,73.71907766210101,74.72470684228301,1425500
2018-06-06,73.95394897460938,74.23287996706361,73.1978946106587,74.11543740190696,2044800
2018-06-07,75.48865509033203,76.08918176984452,73.86500217890205,74.01328421212693,3113800
2018-06-08,76.56367492675781,76.66747518086763,75.38486242839247,75.44417524320342,1799200
2018-06-11,76.8379898071289,77.1419637302819,76.40057053981839,76.48953410259007,2223700
2018-06-12,76.75643157958984,77.04557445431784,75.83710566138751,76.91953897689913,1982700
2018-06-13,76.28193664550781,77.16419625656661,76.18555757749202,77.00108886732409,1942300
2018-06-14,75.65177917480469,76.34869074363066,75.31814876879159,76.18558329931969,2381900
2018-06-15,76.68970489501953,76.82315588070337,75.42933321769873,75.68881967420049,3448800
2018-06-18,74.68795013427734,76.49695137048649,74.287597123491,76.25229025449795,2222500
2018-06-19,75.87415313720703,76.24484961879912,74.42843912154964,74.56930559459606,2225300
2018-06-20,75.36262512207031,75.86677275918382,74.91779030258937,75.71108085518456,1787200
2018-06-21,74.2431411743164,75.3181594366173,73.66485517631271,74.50262775593559,2918300
2018-06-22,74.85847473144531,75.62952436316226,74.1393223991525,74.21346059027537,2224900
2018-06-25,77.01591491699219,77.19385333757225,74.687940983352,74.687940983352,2535300
2018-06-26,76.60073852539062,77.19385529627931,75.45899241807737,77.02333238632508,2068200
2018-06-27,76.66006469726562,77.34214514322251,75.50348735805427,76.40798804596226,2237300
2018-06-28,77.49783325195312,77.80921705031872,76.50436904105864,76.65264542417137,2178100
2018-06-29,78.09833526611328,78.67662655274195,77.04555857225586,77.4533269814723,2044500
2018-07-02,77.82403564453125,78.12800387824623,77.24574992387987,77.66092825534639,1653200
2018-07-03,77.54972839355469,78.40974722954317,77.3792111233585,78.32819352418629,1201200
2018-07-05,79.1585693359375,79.23271319964505,77.8092335996468,78.03165387800415,2661300
2018-07-06,79.21786499023438,79.76649439315716,78.8842403014095,79.24010588197184,1990900
2018-07-09,77.95748138427734,79.17336555007337,77.84627129400987,78.79525350571602,1747500
2018-07-10,77.66835021972656,78.03163128992624,76.48953213588129,77.95749310406237,2978900
2018-07-11,77.93525695800781,78.27629715884618,77.47559112746147,77.72766210601887,1895000
2018-07-12,77.94265747070312,78.43197964999699,77.55713553314669,78.1724931866051,2023300
2018-07-13,78.30595397949219,79.10665435872083,77.66093984140944,77.79439084734445,1947200
2018-07-16,78.1428451538086,78.5431981643786,77.55714384147737,78.35043434676017,1669100
2018-07-17,78.93612670898438,79.01026489000651,78.12059540497958,78.15766166730033,1669500
2018-07-18,77.03076934814453,78.51355603181861,76.9566311452373,78.5061405146132,2088900
2018-07-19,76.77125549316406,77.14195203218199,75.73330405263782,76.36348703769222,4612100
2018-07-20,77.6090316772461,78.0686974458665,76.51918289074872,76.70453116991139,2120300
2018-07-23,78.17250061035156,78.22439790795843,76.99368248416523,77.6980094161227,3735900
2018-07-24,78.70629119873047,78.73594194398083,76.3634863773342,76.53400927261517,4215200
2018-07-25,78.85456085205078,79.20301647113496,78.20213704073942,78.639556200778,2457300
2018-07-26,80.11494445800781,80.58943563617984,78.92130099706165,79.1288958368453,2379300
2018-07-27,80.10011291503906,80.95271612954096,79.3513042842455,79.75165724556936,2207200
2018-07-30,80.07787322998047,80.35960058193965,79.44027468825858,79.61820745494961,2099500
2018-07-31,84.41502380371094,85.03779132942637,80.1594287421797,80.1594287421797,6699000
2018-08-01,83.2881088256836,84.10364586543,82.56896217776905,84.10364586543,4284300
2018-08-02,85.53453063964844,85.5864279344319,83.32517654090769,83.35483294598123,2880100
2018-08-03,86.52057647705078,88.58906399971957,85.63090697878454,85.63090697878454,3247200
2018-08-06,86.44642639160156,87.09144036567625,85.92745353180351,86.05348898970018,2160100
2018-08-07,84.51882934570312,86.07575401816345,84.25192732683776,86.00903134163788,1733700
2018-08-08,83.13241577148438,84.46692576661513,83.10275936532801,84.27416195478934,1703300
2018-08-09,82.45030975341797,83.43636373998241,82.40582798620973,82.99893895571049,1601900
2018-08-10,81.61995697021484,82.7394620431898,81.46426511074893,82.17600174961314,2372700
2018-08-13,82.31685638427734,82.62824005837298,80.95269610364173,81.94615991805516,3184400
2018-08-14,82.39102172851562,82.89516931516025,82.10929435753637,82.37619635378242,1478300
2018-08-15,86.3426513671875,86.53541518291608,81.86463576177262,82.1241222504181,6018500
2018-08-16,87.67713928222656,87.96628210472372,85.971933090143,86.92833075547198,3645400
2018-08-17,88.64096069335938,88.78182719791145,87.38801015168596,87.52146114116144,3429800
2018-08-20,87.56594848632812,89.32305235007554,87.38801570784138,88.79665821740129,2211300
2018-08-21,86.69853210449219,87.48440717243972,85.97196420018426,87.38802808219127,2175900
2018-08-22,85.9571304321289,86.69852364087555,85.79402302118363,86.69852364087555,1283200
2018-08-23,86.14246368408203,86.44643190524259,85.29727602628687,85.79400803182993,1119800
2018-08-24,86.25367736816406,86.63178946288802,85.72728890425235,86.0535037041225,1198700
2018-08-27,85.43073272705078,86.70592415732581,85.19348715207163,86.49092512757215,1335900
2018-08-28,85.49005889892578,86.33524680135602,85.30471057547385,85.78661734772525,1217500
2018-08-29,85.34915924072266,86.10537756800777,85.28984644663538,85.69760917913189,1924700
2018-08-30,84.800537109375,85.61607400954684,84.42984057525334,85.26020284798274,2841900
2018-08-31,85.66056823730469,85.81626012550532,84.66709844010596,84.98589773205423,1679000
2018-09-04,84.28156280517578,85.44554967646549,84.04431725358744,85.30468318582923,1902000
2018-09-05,86.51315307617188,86.63918853169447,83.90344648536856,83.91086199933456,3171900
2018-09-06,86.78239440917969,87.21611508337098,85.33165720454728,85.9299008800363,2511000
2018-09-07,86.3486557006836,86.62533865424045,85.95232174700314,86.3785684507145,1312500
2018-09-10,86.52066040039062,87.23107548775916,86.42344822655633,86.78986948745823,1152700
2018-09-11,86.10935974121094,86.60290585545951,85.99718835447644,86.43838858228541,967400
2018-09-12,86.976806640625,87.11889077745178,85.64572063858584,86.04205459365663,1104100
2018-09-13,86.78239440917969,86.90203972111279,85.9299008800363,86.90203972111279,1358200
2018-09-14,87.08148193359375,87.14130742254365,86.13925615635969,86.87957803997863,1175300
2018-09-17,87.5600814819336,87.69468599026821,86.40847210596007,87.08148894236007,1394100
2018-09-18,87.5451431274414,87.91904397033734,86.83473380804878,87.91904397033734,1525600
2018-09-19,86.85716247558594,87.77695530681834,86.65525283586013,87.5227054852659,889200
2018-09-20,87.32080841064453,87.43297981493612,86.58048627075947,86.62535255036626,1166600
2018-09-21,87.28337860107422,87.8068372886516,87.18616076961571,87.59745381362065,2131900
2018-09-24,85.23442840576172,87.10393239539678,85.18208252226287,86.99923492312568,1817900
2018-09-25,84.13514709472656,85.72796221182783,84.03045534272587,85.72796221182783,1507400
2018-09-26,84.55391693115234,85.28676492494435,83.97811227588726,84.33705380753301,1231900
2018-09-27,84.44176483154297,85.43634244104145,84.15760224537516,84.5315030875679,1062000
2018-09-28,84.98014831542969,84.99510753797284,84.22486732460997,84.22486732460997,1865600
2018-10-01,84.95025634765625,85.45876163829959,84.5015765512705,85.06242772307097,1130300
2018-10-02,85.70555114746094,85.78780978882322,84.77079904586597,85.00261574137383,1433600
2018-10-03,84.1575927734375,86.63281424447955,84.0229882571869,86.27387267132688,2107300
2018-10-04,84.04540252685547,84.17252740109187,82.8115290224021,83.4322055805287,1838700
2018-10-05,84.83808898925781,85.35407391743313,84.17254602363018,84.17254602363018,2227900
2018-10-08,85.45130157470703,85.89998717901601,83.66405588810618,83.71640178123897,1451000
2018-10-09,85.33161926269531,86.43836215339093,85.15962242825468,85.53352313286547,1481500
2018-10-10,84.45671844482422,86.1392721228219,83.0059814478853,83.52196640149218,2526800
2018-10-11,80.85977935791016,85.1820770991997,80.79995957005801,84.5987870991387,3433300
2018-10-12,81.61505889892578,81.93661378649898,80.40361836091846,81.39819576960683,2237100
2018-10-15,82.47502136230469,83.29760180385465,81.47296446766325,81.57765621266384,1389800
2018-10-16,82.3105239868164,82.73677068149604,81.92914356359562,82.57225341244889,1529100
2018-10-17,81.37576293945312,82.46755249765064,80.53822316502755,81.8917478251082,2733400
2018-10-18,81.86930847167969,82.26564234290186,81.04672228015536,81.44306185665005,1856500
2018-10-19,82.43016052246094,84.7483439939224,82.35537580945204,83.79863290932612,4250700
2018-10-22,79.56609344482422,84.05290316120221,78.41447826632104,83.10319190961566,4258300
2018-10-23,77.87604522705078,79.1398315467371,77.56196997650575,78.81079707172469,4400100
2018-10-24,78.67618560791016,80.56064835477966,78.0031631983139,78.09290142135073,3426400
2018-10-25,78.19762420654297,79.7754862633984,77.99572025614466,78.87064688332775,2931500
2018-10-26,76.50757598876953,77.97326636577624,75.0194524777447,77.69658343918849,3785900
2018-10-29,76.5001220703125,77.62182470650316,75.73736108274906,76.91140961375096,2380400
2018-10-30,79.43894958496094,79.67824581786165,77.03102803218191,77.09084781145292,2894400
2018-10-31,77.9957046508789,79.2669650152405,77.33763562956626,79.12488089377108,2501300
2018-11-01,79.28939056396484,79.43147467184194,77.8536130816272,77.8536130816272,1828700
2018-11-02,78.87808990478516,79.91005372692419,78.16767519014758,79.76049573714343,1666900
2018-11-05,79.91755676269531,80.12694029186959,78.67620340362889,79.15479595753386,1567800
2018-11-06,79.99982452392578,80.43354515303155,79.53618543835363,79.6782695801993,1632400
2018-11-07,80.38119506835938,80.50084606688266,79.26697224466103,80.17929113994337,1639300
2018-11-08,80.17179870605469,80.61300456096463,79.59599405723999,80.14188596120717,1187700
2018-11-09,81.84688568115234,82.08618197325427,80.31389577106219,80.52327931349217,2234200
2018-11-12,82.5423355102539,83.21535806649007,81.6674090397835,81.79453393782998,2141500
2018-11-13,82.23575592041016,83.2153743462447,81.65994540204262,82.53487774895275,1423200
2018-11-14,82.99103546142578,83.67153204402095,82.22827452985186,82.27314080631825,1452400
2018-11-15,82.84892272949219,82.96109408723342,81.81695878987178,82.75171059559499,1610200
2018-11-16,83.2078857421875,83.88090835737954,82.51242999070134,83.11815319701104,1394900
2018-11-19,82.59468841552734,84.11273052906367,82.13852896113751,82.85642355235086,1672100
2018-11-20,83.45464324951172,84.27722372879435,82.31798752082031,82.90127175694303,1790300
2018-11-21,82.75920867919922,83.73135312325877,82.47504610114322,83.23032737828875,1432100
2018-11-23,84.36695861816406,85.11476006158168,82.55728049435878,82.8863092498774,1111000
2018-11-26,84.51654052734375,84.69601703231878,83.3798845222046,84.22489833835168,1865200
2018-11-27,86.33370208740234,86.43839386668186,84.51654376808776,84.55393613437647,2311700
2018-11-28,85.27180480957031,86.58793705750224,85.08485443308516,86.04203944784557,1921100
2018-11-29,85.95979309082031,86.28134801246631,84.98765441755286,85.28677620366344,1329000
2018-11-30,86.27386474609375,86.42342277028985,85.39893261820049,85.6756212387635,2237000
2018-12-03,84.6436767578125,86.30379745464187,83.8659623005017,86.30379745464187,2177900
2018-12-04,84.13514709472656,85.45875321946247,83.82106613345191,85.12224483164205,2532000
2018-12-06,85.19147491455078,85.2291968491178,83.11657855092916,84.0898885067449,2123100
2018-12-07,85.63661193847656,85.89314175740557,84.7991080484312,85.28953913592996,2327100
2018-12-10,85.77997589111328,86.0591400352827,83.9540630176842,85.90824080905254,2570700
2018-12-11,87.34180450439453,87.70396494171315,85.90069217388239,85.98368847335881,2033500
2018-12-12,85.95352935791016,87.73416827124395,85.71963377608304,87.32673335821627,2667400
2018-12-13,89.33370971679688,89.46952132831949,86.1949550311353,86.54202787026267,2746000
2018-12-14,88.59430694580078,89.32618045308126,87.99824507653562,88.98665423626187,2226200
2018-12-17,86.14971160888672,88.97156952201016,85.60646500391356,88.53395356173307,1742400
2018-12-18,85.59136199951172,87.42481608363565,85.00284686868333,86.4439536946301,1711900
2018-12-19,85.92333221435547,87.65115548605938,85.22163984424371,85.70452429717687,2855600
2018-12-20,86.06669616699219,86.67030465101527,84.88211926615753,85.92333785683836,3202800
2018-12-21,87.48518371582031,88.31514696366365,84.67841932321254,85.74981909859815,5489600
2018-12-24,80.61914825439453,86.90419890640578,80.61160156543674,86.90419890640578,2668900
2018-12-26,83.56172180175781,83.57680942184706,80.42296723103567,81.20011494188984,2265500
2018-12-27,85.1612777709961,85.20654638647098,81.86407737491514,83.06374173649034,1922800
2018-12-28,85.41781616210938,86.6627550203772,84.76139238974785,85.44799716092982,1695700
2018-12-31,85.9686050415039,86.2326815725038,84.55767363810929,85.59135120966502,1876200
2019-01-02,84.34642791748047,85.29710936026659,83.75791275266353,85.10848240967461,2634400
2019-01-03,83.47874450683594,85.08584408654704,83.15430591490126,83.95408235976625,3264800
2019-01-04,84.4143295288086,84.77649580108108,82.79214238438395,83.60700642323123,2257400
2019-01-07,85.55364227294922,86.08179545069353,84.39169952547384,84.56523885898291,1729700
2019-01-08,86.73065185546875,86.90419114738172,84.95756003353812,86.27794841784934,2753800
2019-01-09,86.02144622802734,87.12302705764495,85.60646458557896,86.72313879661563,1982200
2019-01-10,88.02088928222656,88.07370460191194,85.734725642147,86.17988827072789,2358400
2019-01-11,88.42831420898438,88.47358859256597,87.66626545535446,88.14914999968072,1688900
2019-01-14,87.71151733398438,88.23967040460357,87.15318326555312,87.77942026173396,3143400
2019-01-15,88.0510482788086,88.7527406859357,87.52289517943852,87.69643448719557,2000800
2019-01-16,86.57221984863281,88.22459370566887,86.38359290628395,87.6662595681187,2878700
2019-01-17,86.2930679321289,86.74577150686981,85.56119437068595,86.45151389546632,2400100
2019-01-18,88.17932891845703,89.00928634961797,87.63608237982436,87.93788665200226,2683200
2019-01-22,86.94193267822266,88.3604052103774,86.0289732128708,88.18686589082758,2886400
2019-01-23,84.6180419921875,86.39868067280521,82.55069245014175,83.80317227262947,4922000
2019-01-24,84.08234405517578,85.07074734860745,83.50891656324085,84.59540954660447,3128000
2019-01-25,81.57738494873047,84.67086576001502,81.53965725636795,84.07480391060056,3053800
2019-01-28,81.52457427978516,82.62615503359129,81.32085393971671,81.48684658527235,2571400
2019-01-29,81.60001373291016,82.30170616567258,81.06431392499606,81.66037573402542,2460200
2019-01-30,81.38874816894531,82.21870549273247,81.10203155707264,81.88672026064282,2305300
2019-01-31,84.03707122802734,84.37660316981535,81.20766716198054,81.25294154141466,4330900
2019-02-01,84.3086929321289,84.8972080460396,83.99180106409042,84.19551562027596,2203000
2019-02-04,85.08585357666016,85.10094695830587,84.38416099753476,84.58033466385973,1895000
2019-02-05,84.67086791992188,85.2292020912166,84.135168062047,85.05566851737261,2021900
2019-02-06,86.13459777832031,86.28549700870856,84.1955075535677,84.48977083876709,2173200
2019-02-07,85.53101348876953,86.08934770654434,84.92740488394824,85.89317404651167,1735800
2019-02-08,87.28901672363281,87.30410434809652,85.30465735502335,85.46310331586396,2204600
2019-02-11,88.11894989013672,88.14913088716798,87.14563432251545,87.14563432251545,1955200
2019-02-12,87.52289581298828,88.4207618448538,87.28145357203752,88.27740353551404,2118900
2019-02-13,87.59080505371094,88.05105525811643,87.29654748124676,87.31918754996036,1765400
2019-02-14,88.16423797607422,88.63958158873736,86.77594634468988,87.18338125992777,1511900
2019-02-15,89.36389923095703,89.59024810077476,88.3226748579088,88.64711341877441,1854000
2019-02-19,90.21649932861328,90.4579415994751,88.8206610203047,89.34127325540337,1964800
2019-02-20,89.46953582763672,90.37494288022535,89.17527824772354,90.24667793645553,2270900
2019-02-21,90.33722686767578,90.42776412500857,88.94892943871362,89.5072636325385,1540300
2019-02-22,89.86184692382812,90.24664738129182,88.98662117017943,89.68831341311409,1571600
2019-02-25,88.86592102050781,90.20140294878682,88.60184446183145,90.20140294878682,1696200
2019-02-26,88.8583755493164,89.25826949386479,88.66974861104234,89.00928055379806,1192700
2019-02-27,88.0284194946289,88.81310826040972,87.93788224701713,88.39058575438828,1349800
2019-02-28,88.1491470336914,88.42831123360192,87.68889681842326,88.1868689695627,1663600
2019-03-01,87.28144836425781,88.27739826830948,86.82119822046366,88.14913334467812,1790700
2019-03-04,87.85487365722656,88.04350057197915,86.8664647095461,87.598338059816,1644300
2019-03-05,88.03594970703125,88.57164942874182,87.78696080982544,88.0133153993646,1389100
2019-03-06,87.6209945678711,87.90016454475153,87.08529468502329,87.84734922549718,1139600
2019-03-07,87.68189239501953,88.839004582422,87.25558882196871,87.92549526647008,1456500
2019-03-08,88.21476745605469,88.26805540002493,87.48395887819822,87.55247526784586,1255300
2019-03-11,89.51652526855469,89.56220479992709,88.08535912448215,88.2528371876296,1248000
2019-03-12,89.66114044189453,90.30060142392115,89.4556029382121,89.56217880055839,1021700
2019-03-13,90.18643951416016,90.41481394426663,89.60788050357914,89.83626074163632,1043400
2019-03-14,90.17119598388672,90.73453226140816,89.85908257256514,90.3310656085548,1296700
2019-03-15,91.49581146240234,91.5414851889835,90.02657990854802,90.02657990854802,2872100
2019-03-18,91.0238265991211,91.64044512807757,90.68126204035659,91.28265793005835,988800
2019-03-19,91.30548095703125,91.40444261706807,90.63556877232054,90.9705248646759,1387100
2019-03-20,91.0238265991211,91.5490976766475,90.21689313575081,91.5490976766475,1487800
2019-03-21,92.46259307861328,92.56916896115807,90.83349795062855,90.83349795062855,1220700
2019-03-22,92.9117431640625,93.55119848608942,92.1048039808068,92.41692322699869,1393400
2019-03-25,92.80516815185547,93.16295531420009,92.43976095871695,92.87367873359689,1555300
2019-03-26,93.69583129882812,94.47231352154782,93.04114758981262,93.08682130645798,1064000
2019-03-27,93.90135955810547,93.91658800078314,93.01830154512314,93.3380291459642,1245800
2019-03-28,94.31244659423828,94.7768153913136,94.08406640264566,94.24393602153022,999100
2019-03-29,94.32005310058594,94.61694384060061,93.67298368793728,94.27437358123433,1872300
2019-04-01,93.4598388671875,94.35812543068387,92.50065594951754,94.23632691438682,1776200
2019-04-02,93.36849975585938,93.81764017367401,92.92696775302608,93.2619238666169,1167400
2019-04-03,92.69856262207031,93.19338243657475,92.11239538873042,93.14770872715701,1115200
2019-04-04,92.86605072021484,93.1020451297188,92.6072252614711,92.99546925753616,673400
2019-04-05,92.81277465820312,93.02592642983818,92.08958031759133,92.72142721775964,1259400
2019-04-08,92.59961700439453,92.80516034823609,92.21137298332145,92.57678014573432,1171100
2019-04-09,92.3712387084961,92.59200469335127,91.93732096114623,92.3712387084961,1314300
2019-04-10,92.61482238769531,92.78990879912696,92.1961273900138,92.1961273900138,895600
2019-04-11,93.30760192871094,93.4065635996251,92.46260319044559,93.15535231069673,1307000
2019-04-12,93.7719497680664,93.83285192478363,92.90411436266864,93.33041784379053,928000
2019-04-15,93.63491821289062,94.00793374052111,93.42176648281605,93.68820614540927,1004600
2019-04-16,93.87853240966797,94.01555936819061,92.83560468047067,93.90136926809679,1225100
2019-04-17,93.97752380371094,94.2896431222043,93.57405702259636,93.93946429693597,1174500
2019-04-18,94.05363464355469,94.97475814820042,93.18579908354299,94.16021053282276,1405000
2019-04-22,99.15408325195312,100.84408084010694,97.38796084976421,97.38796084976421,6569300
2019-04-23,95.62945556640625,99.34440119852307,95.46959170970759,98.96377130887355,5403900
2019-04-24,94.7007064819336,95.72079167747152,94.67786962053357,95.58376470112086,2602200
2019-04-25,94.40379333496094,94.6473961455169,93.4978926607298,94.13735366840741,1875300
2019-04-26,95.72079467773438,95.72079467773438,94.58651933169318,94.87579593174476,1722100
2019-04-29,95.34774780273438,96.05571933610257,95.07369393124031,95.43148680835472,1124300
2019-04-30,97.73052215576172,97.86754332353914,95.40106356838731,95.46196573714427,1934200
2019-05-01,95.51524353027344,97.63154430205178,95.51524353027344,97.36510460199872,1526800
2019-05-02,96.87791442871094,96.93881079279343,95.1879169064676,95.4771935116995,1013800
2019-05-03,97.06060028076172,97.22046410191722,96.61906831302753,96.84744851922105,1073900
2019-05-06,97.36511993408203,97.67723340102128,96.0405296395566,96.70282188284392,1821000
2019-05-07,96.05572509765625,97.63914046265995,95.45432938846889,96.84743568413266,1174300
2019-05-08,96.59622955322266,97.25852749179154,95.55330181712102,96.11663809919332,1047100
2019-05-09,96.22321319580078,96.83221738213354,95.69794222093087,96.69519042381746,1184200
2019-05-10,97.01493072509766,97.20524563577435,95.29448230635425,95.8502044010283,942100
2019-05-13,97.45645904541016,97.73812138552728,95.91871137254125,96.20037952060831,1538500
2019-05-14,97.09867095947266,98.16442982617252,96.6799758275904,97.14434468005973,1272300
2019-05-15,97.9512939453125,98.11116360920637,96.91598018572545,97.44125128950229,1138200
2019-05-16,97.9893569946289,98.65164926710565,97.50215121406744,98.20250879763067,1248100
2019-05-17,98.14920043945312,98.65925462351869,97.30420757694439,97.52497357091521,1028100
2019-05-20,99.04752349853516,99.42054502163795,97.83712307657653,98.05027491380557,1495100
2019-05-21,99.02464294433594,99.43571798737823,98.77342590073835,99.21495783046454,1427600
2019-05-22,99.70980072021484,100.07521377069205,98.87242194865114,99.35962773338522,1049600
2019-05-23,99.65650939941406,100.00668235399563,99.00943401269875,99.34439013683838,1187400
2019-05-24,99.443359375,100.29596653088763,99.36722875783803,99.74025019648953,871900
2019-05-28,97.9132080078125,100.25028060253514,97.78379526711286,99.66410744627215,1720900
2019-05-29,97.76095581054688,97.9893360122608,97.08343523553198,97.96649915367935,1243400
2019-05-30,99.13124084472656,99.45857694597643,97.80664476119826,97.97412282748004,889300
2019-05-31,97.35749053955078,98.90284661034526,97.25852888164002,98.90284661034526,1474900
2019-06-03,99.74784088134766,99.81635145507467,97.44122530534464,97.75334451796664,1793700
2019-06-04,100.05233764648438,100.67657605664479,99.58798046962221,99.86964278762686,2108000
2019-06-05,101.62816619873047,102.00118761968604,99.79352760163383,100.40253766233447,1504700
2019-06-06,102.479736328125,102.87867254612786,101.6972107444859,101.88133785422994,1193500
2019-06-07,103.50009155273438,104.16753334233555,102.80195605658884,102.99375075072426,1813600
2019-06-10,103.34663391113281,103.57677812516735,102.37231381559322,103.53074928236045,899000
2019-06-11,103.26992797851562,104.11382925309337,102.832630489084,103.33897125383065,1148300
2019-06-12,104.57410430908203,104.71987010383276,103.61513113963302,104.09077808569079,1244900
2019-06-13,105.34896850585938,105.40266491937037,104.14449251305976,104.7812521409058,1464900
2019-06-14,105.60214233398438,106.19287320491595,105.04977273891913,105.34898366694583,1374700
2019-06-17,105.25690460205078,105.7939272962324,104.34396016883365,105.46404610774111,2083200
2019-06-18,104.39767456054688,106.62248801556593,103.56145262180404,106.20821668552463,1780100
2019-06-19,104.2442398071289,104.52042459228966,102.94770600196365,104.19053168207836,2401000
2019-06-20,104.57410430908203,105.00372241600073,103.78391135395329,104.6661619873602,1853000
2019-06-21,104.02174377441406,104.94235575502849,103.65350132341159,104.85796564060954,2792500
2019-06-24,105.7095718383789,105.85533769735238,104.41304937527208,104.7045693869984,1468400
2019-06-25,104.97305297851562,105.77859287842638,104.84263401662027,105.38732428652345,1212800
2019-06-26,102.34930419921875,104.63549324695126,102.24189965888816,104.61247882446735,1306200
2019-06-27,102.7405776977539,103.30061491243218,102.2035549092803,102.44137845087441,1286700
2019-06-28,102.24954986572266,103.73787803340723,102.24954986572266,103.05508963450414,5526900
2019-07-01,103.89130401611328,104.09076619834218,102.45668406444261,102.97069221982079,1950000
2019-07-02,104.3900146484375,104.79661843587338,103.60748907180579,103.83764503037021,1182600
2019-07-03,106.13916015625,106.36930436295864,105.11881125038296,105.1801869409106,1358900
2019-07-05,105.1495132446289,105.87066311273959,104.03710644447058,105.74791170833389,872500
2019-07-08,106.24658203125,106.40001542950677,105.04977342992429,105.04977342992429,1443800
2019-07-09,105.00373840332031,106.0547811172892,104.3056147263925,106.0547811172892,1175700
2019-07-10,105.71721649169922,106.44603384162373,105.28759833621599,105.48706056377127,1291000
2019-07-11,105.42567443847656,105.80159614043926,104.4590336842783,105.67884476352707,921700
2019-07-12,106.45369720458984,106.56110173921404,105.4793888212905,105.87064568894657,1079100
2019-07-15,106.82964324951172,107.13651007366545,106.10849333590957,106.59948727828693,975200
2019-07-16,106.26956939697266,107.88063722778014,106.14681802713544,107.23621009545714,1421700
2019-07-17,105.89366912841797,106.39233057316567,105.37966083278374,106.37699542849644,1604400
2019-07-18,105.51777648925781,105.57148462907251,104.65853990198683,105.18022762013031,2152600
2019-07-19,104.13682556152344,105.95503506581468,104.06010302037532,105.86297738140992,1496900
2019-07-22,103.00141906738281,104.51276220457152,102.57948010221598,104.26727108154095,2559300
2019-07-23,103.60746765136719,105.40266268582717,102.05776367072818,104.71987423052148,4423100
2019-07-24,103.30060577392578,104.7889343033294,102.80961188129737,104.32095483486968,1833800
2019-07-25,103.86833953857422,104.61250392736974,102.22657733886673,102.6561956032807,1518300
2019-07-26,105.2339096069336,105.51776200349892,103.38500597701277,104.17519916708834,1834300
2019-07-29,106.06243896484375,106.63782290136189,105.333621653164,105.60212713314277,1186300
2019-07-30,106.100830078125,107.40503169315514,105.83999209636286,106.34632120618951,1493100
2019-07-31,104.06779479980469,106.11617240402502,102.91702665219364,105.86300200680432,1838700
2019-08-01,103.75325012207031,105.18787052461393,103.27759137462796,103.69187442219976,1480900
2019-08-02,104.23654174804688,105.05742838328555,103.3542911326884,103.91432817444948,1407800
2019-08-05,102.51808166503906,104.56644715428291,101.84296074050627,104.1828578482923,1614000
2019-08-06,103.20088195800781,103.63816772958917,101.9733913560408,102.53342852906245,1498400
2019-08-07,104.43604278564453,105.14184580252828,101.51309373862856,102.84797721799244,1751900
2019-08-08,106.28495025634766,106.54579995600835,104.19055532229959,104.66620245224676,1329800
2019-08-09,106.15449523925781,107.2132054143836,105.21853644511796,106.58411336649263,1380900
2019-08-12,105.97040557861328,107.12117371550559,105.62516577257051,106.1468534151955,881800
2019-08-13,106.9600830078125,107.90370979625509,105.66354876745787,106.185236517299,2010700
2019-08-14,104.88101196289062,107.88067197579446,104.77360740624214,106.15451978994597,1888500
2019-08-15,106.844970703125,107.36664655071132,105.31061344850615,105.6251477889782,1307600
2019-08-16,107.9573745727539,108.71688560833847,107.3129473520124,107.42035188880266,1660500
2019-08-19,109.50708770751953,109.82930134457796,108.01107993416737,108.13383133101367,1678200
2019-08-20,107.52009582519531,109.79095004837345,107.35131556574606,109.78328247520524,2087600
2019-08-21,108.87032318115234,109.18486923179995,107.919017457078,108.14150581727928,1144300
2019-08-22,108.77058410644531,109.56077715072263,108.18753256787875,109.10047700118591,989200
2019-08-23,106.18519592285156,108.98539321178139,105.54076868960664,108.57112190647157,1427500
2019-08-26,107.59678649902344,108.03408387062304,106.56877010060995,106.93701250928349,1111500
2019-08-27,108.27959442138672,108.61715490109424,107.66584915884734,108.31027641671594,1346500
2019-08-28,108.90100860595703,109.0697888479027,107.86532443716388,108.31027775914717,860400
2019-08-29,108.81661987304688,109.69888236832927,107.73489513756496,109.54543726917231,1057800
2019-08-30,108.25656127929688,109.3766470677194,107.84995760074302,109.35362094243249,1316700
2019-09-03,108.56341552734375,108.82426509053604,107.16715687053087,108.18750558823183,1526900
2019-09-04,109.46105194091797,109.49174564458058,108.58646868602197,108.75524893751225,1295100
2019-09-05,107.7841567993164,110.24153050409006,107.62960773788089,109.53831871452027,2360100
2019-09-06,106.67912292480469,108.21690204931842,106.16137706863462,107.93098568774309,2134500
2019-09-09,102.98535919189453,107.30506927130662,102.0503177567832,107.30506927130662,3430900
2019-09-10,101.34709930419922,102.32850422305455,100.87571695337945,102.09667471109849,3040400
2019-09-11,101.93440246582031,101.97304268309645,99.84796043763575,101.26209570096418,2624700
2019-09-12,103.22490692138672,104.10584964689835,102.31304730510544,102.6453390285149,1728600
2019-09-13,102.32079315185547,103.44901216512383,101.8494107445748,102.07350516512585,1672000
2019-09-16,99.51569366455078,101.9498746757261,99.1370383064681,101.6484997715678,2265600
2019-09-17,101.94212341308594,102.0580440622084,99.42293930942755,99.42293930942755,1925700
2019-09-18,102.84625244140625,103.03171841342873,101.68711664677862,102.3439649802699,1547900
2019-09-19,103.64216613769531,104.27583254408422,102.80758715411137,103.03941661477405,1501400
2019-09-20,104.35313415527344,104.57724036157548,103.5494718011259,103.98221397576995,2773500
2019-09-23,105.73636627197266,106.4086612448204,105.10269972502377,105.79818826128515,2271100
2019-09-24,106.4859390258789,107.28187795751842,105.58181456347302,106.23865107479088,1518800
2019-09-25,106.31591796875,107.32822783301168,105.78271370953749,106.60183430836489,1894100
2019-09-26,108.2710189819336,108.44874984820773,106.61731893533725,106.74868625313464,1684000
2019-09-27,109.77788543701172,110.03289672679148,108.8042156144028,109.7547036644262,1546000
2019-09-30,109.77015686035156,110.89065238330895,109.3760431625675,109.43786515028536,1399800
2019-10-01,109.46878051757812,109.99424971886523,108.34054989225825,109.47650384418353,1169600
2019-10-02,108.02371978759766,109.994252932676,106.56320920549746,109.35286306553779,1864000
2019-10-03,107.96961975097656,108.74237682804261,107.28186642404125,108.27871786526809,1098900
2019-10-04,109.42243957519531,109.43788623159644,107.99283383825986,107.99283383825986,1294500
2019-10-07,108.3096694946289,109.52289236329987,108.20148394078983,109.33743815177061,1212500
2019-10-08,105.95276641845703,108.28649704232399,105.86003930470801,107.9773870109239,1593200
2019-10-09,106.13819122314453,106.74866413717827,105.38088078378944,106.41638424770942,1409400
2019-10-10,106.55551147460938,107.02689393398674,105.39637543922325,105.8059358950857,1140500
2019-10-11,106.35455322265625,107.09639336419615,105.88317096531543,106.43955696713857,1154600
2019-10-14,104.39949798583984,106.56320862052655,104.00538428418443,106.56320862052655,1275600
2019-10-15,103.4489974975586,104.92496650681204,102.87716474416926,104.75495898787507,1621500
2019-10-16,104.09040069580078,104.113582470323,102.86171948076345,103.75038561435497,1513900
2019-10-17,104.80133819580078,105.01770929018217,104.04403936546596,104.04403936546596,1082000
2019-10-18,106.03776550292969,106.47050773636599,103.90495944184734,104.67771679908114,1765800
2019-10-21,107.56007385253906,107.838266909204,105.62044578280849,105.86001041351511,2447100
2019-10-22,99.97933197021484,106.06092746202168,99.97933197021484,105.86773815881216,4576800
2019-10-23,103.7735595703125,104.02084753503817,100.38889104033885,100.89117850559653,2992700
2019-10-24,104.46904754638672,105.1490776542598,103.94356651993776,104.09039227425937,1761100
2019-10-25,103.70401000976562,105.27270612388854,103.68855156476783,104.47676718091341,1891900
2019-10-28,101.91121673583984,104.3222152710992,101.4243759580131,103.8817380356677,1940600
2019-10-29,102.7303466796875,103.2789977025573,101.28529445199052,101.76440015500462,1252300
2019-10-30,103.29444885253906,104.19857332082056,102.48305147084893,103.70400920676902,1122200
2019-10-31,102.68397521972656,103.58809968219221,102.05804380658408,103.02399025682581,1477900
2019-11-01,102.03485107421875,103.30217235559724,101.71802959737808,102.70715782716915,1008400
2019-11-04,99.96388244628906,102.44443850908132,99.69341268112025,101.9266807538907,1697800
2019-11-05,100.74435424804688,101.26983528523074,99.83250639507925,99.9252334875602,1557600
2019-11-06,101.7875747680664,102.32850242556951,101.09982136252563,101.21573022079824,1602300
2019-11-07,101.81848907470703,102.27442480493632,101.07664873199502,101.68712175967136,1224600
2019-11-08,101.58666229248047,102.80760823912685,100.95299575613163,101.84166178103797,1092500
2019-11-11,101.38573455810547,102.09666971298532,101.13845840443946,101.60210561431506,610400
2019-11-12,101.50167083740234,102.06578033573756,101.14619730954317,101.43211372257032,1271100
2019-11-13,102.32849884033203,102.90034336756474,101.81075297262348,101.94984359767734,1164600
2019-11-14,102.30531311035156,103.10897531490627,101.95757476983596,102.13530560319501,936400
2019-11-15,101.71803283691406,102.18941519513488,101.38574111324743,101.80303659958795,1190300
2019-11-18,102.40577697753906,103.85082902059567,101.56346275422366,101.56346275422366,1810900
2019-11-19,102.7303466796875,102.86171399208364,102.11986187293785,102.49079382818044,1697900
2019-11-20,104.01313781738281,104.20632714335022,102.69944096773196,103.00855096408422,1200100
2019-11-21,103.05491638183594,104.24495746315463,102.88490882859884,103.78131014724151,1148800
2019-11-22,103.18626403808594,103.98993809859086,101.8493974346371,103.26354447167479,1136900
2019-11-25,103.04718017578125,103.69629341174479,102.48305891447393,103.67311163841319,1382000
2019-11-26,103.98995208740234,104.02085719019206,102.78444083447863,103.34856213461826,2000600
2019-11-27,105.29590606689453,105.50455384068614,104.11358833430998,104.11358833430998,1179800
2019-11-29,105.35771942138672,105.68227604768714,104.9713408008377,105.50454518380971,1107400
2019-12-02,105.32679748535156,106.06863771508571,104.76268809108778,105.11042643573427,1523100
2019-12-03,105.1181640625,105.65136843278708,104.4458690519673,105.12588738984493,1280800
2019-12-04,106.24639892578125,106.33912602288274,104.6545090803862,104.73178952219739,1502800
2019-12-05,106.29310607910156,106.40988982251848,105.7714522246058,106.0595267119276,1689700
2019-12-06,106.6512680053711,107.69458776289287,106.41768860054258,106.41768860054258,1046700
2019-12-09,106.6512680053711,106.89262903423514,105.90382816633027,106.67462475781974,1617300
2019-12-10,105.9816665649414,106.8303386905301,105.86488281755516,106.63569119132599,976700
2019-12-11,106.58895874023438,106.99382883821258,105.94273954045076,105.99723465883527,1324400
2019-12-12,105.82597351074219,107.04836576900227,105.6079692155679,106.80699283902648,1011100
2019-12-13,105.84149932861328,106.41764817728304,105.0317592835037,105.32762720925575,1168100
2019-12-16,105.74808502197266,106.75246075708883,105.6780029025105,106.26973882489924,2118900
2019-12-17,105.27313995361328,105.7870002309634,104.79040616290355,105.45999391616299,1132700
2019-12-18,105.2575912475586,105.88824729012309,104.81378921444053,105.29652312630706,1057700
2019-12-19,106.46438598632812,106.51109947894007,105.13299204519309,105.5456437370505,1139100
2019-12-20,107.45319366455078,107.9592842552715,106.28530875105024,106.9548965766708,2433800
2019-12-23,106.64347076416016,107.71013523758315,106.47996164062234,107.29748349763088,1310900
2019-12-24,106.84588623046875,107.07946557124605,106.24638057489155,106.51109828361437,342000
2019-12-26,106.84588623046875,107.28189466373901,106.56559339760376,106.74467762439166,889600
2019-12-27,107.49993133544922,107.60893346462903,106.87705693427557,107.05612931499789,1121300
2019-12-30,106.58116912841797,107.29747039863048,106.1218039464891,107.28189527439966,729800
2019-12-31,107.09503936767578,107.18068472888771,105.85708432134415,106.66681256161617,972500
2020-01-02,105.75586700439453,107.11061770042156,105.11741758708118,106.9782469633969,1421300
2020-01-03,105.7247314453125,106.48775820329068,104.81378256601917,105.09407544275102,1352900
2020-01-06,105.95831298828125,106.26196262091852,105.36658884990477,105.76366548324862,1181300
2020-01-07,105.86488342285156,106.45660754689271,105.33543604421214,105.49116354873824,1608500
2020-01-08,106.89260864257812,107.49212622852293,105.83372583898591,106.16074407156655,1741300
2020-01-09,108.58216857910156,108.68337720228918,106.60454329056326,107.0950588010892,1727500
2020-01-10,109.18168640136719,109.60991333245468,107.95151261767134,108.44980980647985,1270000
2020-01-13,109.70330810546875,110.23275539568749,109.08044571274829,109.2128045652183,1216100
2020-01-14,109.77342987060547,109.8201433788975,109.12719861843226,109.63327746538647,2187500
2020-01-15,110.68436431884766,110.91015020591497,109.91355589270636,109.91355589270636,1245100
2020-01-16,111.67312622070312,111.67312622070312,110.73103924176593,110.91790506551563,1610800
2020-01-17,112.50626373291016,112.69312962433759,111.65760341831756,111.74324880017912,1640000
2020-01-21,112.57630920410156,112.77095667635999,111.3850676243071,112.58410270640877,1493600
2020-01-22,112.42060852050781,113.53399838734838,112.38167664482212,112.80990351668387,2088200
2020-01-23,112.623046875,116.18899075796753,107.67900714643115,109.08825324727108,3703300
2020-01-24,111.66536712646484,114.1412892991912,111.43178776974128,113.29261724041761,2107600
2020-01-27,112.0858154296875,112.9578323797613,110.64541925719641,111.23714334755506,2425900
2020-01-28,112.80989074707031,113.25369269503788,112.09358946082958,112.21816669678599,1203300
2020-01-29,111.49407958984375,113.0279027572601,111.33836397433925,112.77096664552468,1107800
2020-01-30,112.60746765136719,112.76318326444348,111.24493524635507,111.64201184175059,990300
2020-01-31,111.52521514892578,114.96658088367514,111.49406490172463,113.01231274347604,1712000
2020-02-03,111.94566345214844,112.55296267027047,111.4473663531678,111.88337482973337,1240200
2020-02-04,111.63424682617188,113.26149720352102,111.42402418305883,112.28047800289602,1334600
2020-02-05,112.9500732421875,112.96563649057993,111.52525191169008,111.75881944099926,1214300
2020-02-06,112.5296401977539,113.73645737891277,112.51406506732106,113.02015582346823,1063400
2020-02-07,112.75543975830078,113.07465271489656,112.45177817169213,112.68535761043675,1005200
2020-02-10,113.83766174316406,114.08680439299766,112.90334413534787,112.95006952001219,1241700
2020-02-11,113.0901870727539,114.18020822011454,112.78653747596492,113.7208430137511,1070700
2020-02-12,112.34271240234375,113.07458868515006,112.03906286802379,112.53735984435237,954200
2020-02-13,112.69312286376953,113.35491724723302,112.25710247659615,112.49847536033778,1100100
2020-02-14,113.3315658569336,113.38607286303582,112.31939641515274,112.80213032512471,941400
2020-02-18,111.99237823486328,112.95783407287317,111.74323562268208,112.87218870111148,1381800
2020-02-19,111.93787384033203,112.88775447377287,111.63422425294286,112.02351920499765,1047800
2020-02-20,110.692138671875,112.00017604725937,110.41963930057781,111.62644429409781,1364300
2020-02-21,110.05367279052734,111.03469165989785,109.87458858299613,110.27945860478573,1562200
2020-02-24,109.09601593017578,110.55976878338268,108.7534344640772,109.5709562572053,2669800
2020-02-25,108.20843505859375,110.08483981308505,107.9437173094227,108.96366831031281,1387500
2020-02-26,107.6478500366211,110.06926543238384,107.34420040925782,108.4186584200851,1703300
2020-02-27,104.33885192871094,108.42644983244632,104.2921384249515,107.17291933342047,2804200
2020-02-28,102.14321899414062,103.27217206273507,98.77192303374925,102.08093037155294,4069200
2020-03-02,109.85902404785156,109.92130077631313,102.87507268578334,102.87507268578334,3094700
2020-03-03,109.61764526367188,111.91449452181944,107.60889417090863,110.29502642225815,2939600
2020-03-04,115.42597961425781,116.08778593585235,111.28387467696962,111.59531783786073,3070500
2020-03-05,112.39091491699219,115.26911224431267,111.24591611577365,113.37122784728025,2588300
2020-03-06,114.86128234863281,115.55141434395829,108.72844042551128,109.12056550090142,3375700
2020-03-09,110.83026885986328,115.70045699256522,108.97158733172319,109.48135725605563,3688100
2020-03-10,110.59498596191406,113.11242284431782,105.5051969627416,112.47718198551894,3858200
2020-03-11,105.21501159667969,109.2382070576896,103.39554535593004,108.22652954684264,2985600
2020-03-12,95.92166900634766,103.238727017393,95.50601723219789,99.66254694040755,3817000
2020-03-13,105.23069763183594,105.8345737027368,98.21166594880759,100.32129514947385,4477400
2020-03-16,105.64637756347656,109.54409107582768,95.90598296384577,95.90598296384577,4316200
2020-03-17,112.98695373535156,115.16716875230428,104.7444748932814,107.77168172474039,5317100
2020-03-18,105.36405181884766,113.7241524477256,103.65437963017216,108.885328649727,4329400
2020-03-19,99.13707733154297,107.1050627722491,96.90195932430974,106.48549837116069,4362300
2020-03-20,92.76112365722656,99.93701503163895,92.26704812686523,98.70574231151369,3866100
2020-03-23,88.10267639160156,95.49815700707838,87.16942259733389,92.51800943809435,3541000
2020-03-24,92.05531311035156,92.6435009315159,86.78515525873809,91.15342990458433,3076800
2020-03-25,91.25537109375,95.43542689017453,89.09868263387139,92.21999567239854,3060600
2020-03-26,97.25489044189453,97.76465438107238,91.50633377115936,91.91414133248834,3381700
2020-03-27,97.94502258300781,101.8662742069039,95.31778519166848,95.68638380165153,2288300
2020-03-30,103.85826110839844,104.27392477526438,99.09786802734834,101.13692358663887,2413500
2020-03-31,100.2820816040039,103.6465158939192,99.81937084524029,102.9485336502094,2394600
2020-04-01,98.54889678955078,99.4194091286368,96.27456969473505,97.9371765219626,1951000
2020-04-02,101.38787078857422,102.16428283969323,97.39603991068738,97.58425829428235,2494100
2020-04-03,101.88980102539062,103.05048815841606,99.7644833576914,100.86243501192058,1398400
2020-04-06,104.42293548583984,105.35619537215695,101.67805909865369,103.7641680249259,2270100
2020-04-07,103.04264068603516,106.2188566170667,102.67404210827517,105.81888132770075,2132700
2020-04-08,104.02296447753906,104.61899042711313,102.30545432059989,104.11707068886379,1929800
2020-04-09,103.12108612060547,106.91685506373615,102.36036229949026,103.65437063160402,2256900
2020-04-13,104.07786560058594,104.7131064473586,102.22703436017274,102.8544250450231,1858100
2020-04-14,109.8656234741211,110.2891253444909,106.04632827922919,106.83841678732885,2554000
2020-04-15,107.96776580810547,109.79507092449731,107.23841858098643,108.78339303633247,1857200
2020-04-16,109.58329010009766,110.28127238226223,107.37171049632722,108.84609290993758,1577000
2020-04-17,111.31648254394531,111.41843890592438,107.64618514649968,110.35969628036854,1949200
2020-04-20,109.57544708251953,110.92435848456938,109.25390160450212,110.6733926578116,1814600
2020-04-21,109.37937927246094,110.43812185741945,107.97556467561348,108.17947739175261,2020200
2020-04-22,111.9909439086914,112.41443380032993,107.67756730971085,110.54007608416859,3091100
2020-04-23,110.0773696899414,113.40259518245242,109.48918198041979,111.91251247163856,2415000
2020-04-24,111.09689331054688,111.32432061774304,109.38722154249592,109.9361943242704,1511900
2020-04-27,110.0773696899414,111.5596022392675,109.61466489712804,111.3792280256929,1318900
2020-04-28,110.57928466796875,111.25374035808713,108.83040997035246,110.65771447923959,1513800
2020-04-29,108.97941589355469,110.2891123256347,107.85793185567958,110.11657631980776,2495800
2020-04-30,108.60295104980469,110.01460363032739,107.91281909565453,108.85391682710069,3357900
2020-05-01,107.2697525024414,109.44212913198825,106.79135935225332,108.2108504465153,1454200
2020-05-04,106.44628143310547,107.91283751525262,106.22669232384335,107.65403350075606,2393300
2020-05-05,107.54424285888672,108.6265000891373,106.42275875526556,106.82273404981653,1992300
2020-05-06,105.69342041015625,108.01479468747362,105.52088438008005,107.45013349208067,1729100
2020-05-07,107.20703125,108.43831016754069,106.60315506899607,106.94038897615323,1861600
2020-05-08,108.62651062011719,109.08137725472412,107.77951881430191,108.846099758657,1138100
2020-05-11,108.6735610961914,109.48133788304706,107.87362250369134,108.57944293037974,1428700
2020-05-12,108.08539581298828,109.69309955874107,107.85011829977451,109.01080554046138,1231900
2020-05-13,107.45012664794922,109.38722579856555,107.05016331281789,107.79519868612195,1398600
2020-05-14,107.12074279785156,107.959896340882,105.26207346490584,107.39523518234235,1396200
2020-05-15,108.72846221923828,108.7755153230433,106.61098878104286,107.1677997983488,1928100
2020-05-18,108.01478576660156,109.51270664640971,106.90115182508154,109.14410806411746,1740600
2020-05-19,106.08553314208984,107.57560380897084,105.96788842625674,107.24622014471427,1104900
2020-05-20,107.32466125488281,107.7952042676292,105.28560563285114,106.40707784827141,1523300
2020-05-21,107.80305480957031,108.1716414525014,106.509034594858,107.2305434569808,1597500
2020-05-22,109.59114074707031,109.9832658953423,106.92468255879488,107.7324594068984,1442500
2020-05-26,106.65807342529297,110.50874644817327,106.47769915179764,110.07740625789003,2003200
2020-05-27,108.55591583251953,108.56375402683554,105.50518290434957,106.79919100231466,1904200
2020-05-28,110.4224624633789,110.86947898387,108.85396161011134,109.63821203674512,1961600
2020-05-29,110.9243392944336,111.21450801055188,109.45779539399942,110.59495567883,1945500
2020-06-01,110.79888153076172,111.90467732681101,110.30480001195035,110.97141755426061,846400
2020-06-02,111.40274810791016,111.43411285191117,109.9518803886539,110.30479060053251,1215700
2020-06-03,111.09689331054688,112.43011634248751,110.84592748647333,112.43011634248751,1417800
2020-06-04,108.82898712158203,111.2470558984084,108.59191895452716,110.67809712059186,1515600
2020-06-05,110.06170654296875,111.16011052242895,107.03516618338315,108.96330256350853,2427300
2020-06-08,109.77721405029297,110.06169335191763,108.32321408989326,108.43384425953705,1959700
2020-06-09,109.50856018066406,110.07751887575517,108.18098587285613,109.98268438804925,1595200
2020-06-10,109.4532470703125,110.27508171573191,108.93171160978952,109.70612297899139,1470500
2020-06-11,108.2363052368164,110.98626417988315,107.88070907260891,110.40940764426718,2108200
2020-06-12,107.42235565185547,109.33468387984216,106.85339709800022,108.48914389699672,1634400
2020-06-15,109.92739868164062,110.2513914630933,105.70763084454579,106.56896692010552,1893700
2020-06-16,111.13639068603516,111.74486264298565,109.96687003683677,111.2154174027554,1450700
2020-06-17,112.25060272216797,113.08033501986446,111.13639112405507,111.48408938654,1381300
2020-06-18,112.53511810302734,112.89861217923298,111.88713257740899,112.2585365625243,1137300
2020-06-19,113.75994110107422,114.4711334314475,111.95823055240908,114.21825754469242,5321200
2020-06-22,112.25853729248047,113.34113373480321,111.46042024363231,112.77218700564212,1098900
2020-06-23,111.07318115234375,113.26998901645472,110.76499622342992,112.62991355315559,1775800
2020-06-24,108.9791030883789,111.19961650643647,108.90798627361477,110.6306578727538,1622300
2020-06-25,109.67450714111328,109.73772611809832,108.16519777507322,109.45324675055913,1306200
2020-06-26,108.17308807373047,110.59115650010956,107.46979358332749,109.83255294482277,2516200
2020-06-29,110.19603729248047,110.66226360926377,108.37853117838286,109.12924887566027,1073300
2020-06-30,111.69744873046875,112.06094267989536,110.44099148864227,110.52001820344829,1504600
2020-07-01,112.12419128417969,112.79588236426478,111.42879459494213,111.54733469849143,954600
2020-07-02,113.15936279296875,113.82314388493683,112.52718515680536,113.10405373086415,1049900
2020-07-06,112.78794860839844,114.13131842674265,112.03724300912823,113.6255787754442,1076400
2020-07-07,112.62201690673828,113.70461309411331,111.99773713522937,112.45606560888072,1313200
2020-07-08,113.27792358398438,113.39645163714506,112.29804746596784,112.51930787039292,1210100
2020-07-09,112.38495635986328,113.68091514381675,112.17950374381938,113.00922411562601,1209600
2020-07-10,113.19095611572266,113.61766900325017,112.05303900527178,112.748423416716,1073400
2020-07-13,112.3217544555664,114.32890587971771,111.97405608497614,113.08037017847134,1473600
2020-07-14,113.75994110107422,114.03651053720341,112.34544223233308,112.39285344665318,1408700
2020-07-15,113.22259521484375,114.58177307386008,112.78797228473034,113.96540312125813,1281800
2020-07-16,113.53864288330078,114.28145055969792,112.53507358736977,113.56236054285978,1048900
2020-07-17,114.08391571044922,114.51064073230562,113.5544704156006,114.09972346698083,1212200
2020-07-20,112.75637817382812,114.29730318309143,112.44028326308953,114.16296736769802,1884600
2020-07-21,113.63350677490234,114.40791810161562,112.68524628495743,113.75203481447559,1128800
2020-07-22,114.02862548828125,114.42373506235168,112.53511178060656,113.61770815506758,1259600
2020-07-23,116.4229507446289,118.02709412993036,114.58173928029431,114.92943752183848,3576600
2020-07-24,116.43085479736328,117.6635944046885,115.8935117101842,116.7706552089016,1759300
2020-07-27,116.46250915527344,117.12629038712895,115.45102954736372,116.26495435595064,1652500
2020-07-28,119.14922332763672,119.15712117706425,116.55730589672558,116.71534728977423,2568200
2020-07-29,120.14488220214844,120.69013519940378,118.53284087171807,119.1413128310391,1860900
2020-07-30,120.08167266845703,120.12117396832204,118.69878955523444,120.12117396832204,1193500
2020-07-31,120.14488220214844,120.52419597454248,118.86473137922479,119.3941766215177,1908200
2020-08-03,119.7972183227539,120.49260291949932,119.37840317157992,119.78930841490656,1067400
2020-08-04,123.5112533569336,123.5191512074895,119.67078787401732,120.11330866089045,1895900
2020-08-05,123.14775085449219,123.72461952221506,122.59459985470565,123.06082626468377,1343400
2020-08-06,123.64557647705078,123.96956918340801,122.6578026584879,123.01339882161336,1093900
2020-08-07,124.26985931396484,125.09959183386205,123.62978373106303,123.66929710016048,1648400
2020-08-10,124.92572784423828,125.58950895833988,124.1987277586338,124.5464260730068,1841100
2020-08-11,123.10821533203125,125.15489174962939,122.618283400066,124.7597822411967,1643400
2020-08-12,125.51842498779297,126.56152020391119,123.39273323859159,123.74043164396433,1096900
2020-08-13,125.21810150146484,125.7554446056462,124.71236185020645,125.42355408992518,837100
2020-08-14,125.03639221191406,125.41570614462692,124.64919248506318,125.19443365498316,1174000
2020-08-17,124.70449829101562,125.55003867881562,124.50694347791718,124.8151285040392,1201700
2020-08-18,124.55435180664062,125.24974859106445,123.40853632887946,124.62548070162113,2209100
2020-08-19,124.34099578857422,125.19442191266,124.08811985715023,124.81512007331209,1065400
2020-08-20,124.51484680175781,124.78351843949216,123.55077840020448,124.06441606397827,746700
2020-08-21,124.30144500732422,124.55430880485828,123.38478811847126,124.36466397115385,1354600
2020-08-24,124.39627838134766,124.93363359233902,123.92215419753992,124.32516156244432,1003800
2020-08-25,123.31367492675781,124.60172367203177,123.10821027383223,124.60172367203177,1169600
2020-08-26,123.27418518066406,123.87474738304856,122.86326785388145,123.1477472250714,1238500
2020-08-27,123.43223571777344,124.53063991535801,123.38482449536933,123.72462501891212,899300
2020-08-28,123.66928100585938,123.73249997663054,122.20737094401767,123.36899390914284,897600
2020-08-31,124.6649169921875,124.78345705013241,123.59812881737707,123.6060266647938,1147900
2020-09-01,121.899169921875,124.61752501761605,121.63839622350382,124.37255907429942,1418800
2020-09-02,123.67719268798828,124.34098592643325,121.73326036494923,121.73326036494923,1365500
2020-09-03,121.13904571533203,124.46489349097222,120.14447226939335,123.90793478940438,1543100
2020-09-04,121.12315368652344,122.75425689656566,119.4204440876519,121.21067665313424,1592800
2020-09-08,118.52930450439453,121.735808824388,118.02008330605489,121.17885003570261,2038600
2020-09-09,120.50251770019531,121.79149315704086,119.77846530923982,120.00126093327859,1730900
2020-09-10,117.87682342529297,120.62980767952,117.78134827292482,120.2240261411679,1723600
2020-09-11,118.15530395507812,118.5849542638776,117.16073068946298,118.2348746726421,2101200
2020-09-14,118.15530395507812,119.07827085935783,117.87681858439112,118.76000012988882,1583500
2020-09-15,116.54810333251953,118.99078179572876,116.47649695080217,118.15533758665494,1811500
2020-09-16,117.55855560302734,118.48947468796405,116.62763651809064,116.77084923541022,1476600
2020-09-17,116.65946960449219,117.61426971534536,115.68081284573421,116.77882568874271,1450400
2020-09-18,116.14230346679688,117.23235202004614,115.11589692678085,116.19799326357308,1949400
2020-09-21,116.06272888183594,116.81064999074906,114.86128863417454,116.04682444945044,1238800
2020-09-22,116.93003845214844,117.66204319055412,115.80815647816944,115.81610869656387,1075400
2020-09-23,115.22732543945312,117.1846394957766,115.06818394997747,117.05733116051249,1446100
2020-09-24,116.54810333251953,117.09710987393349,115.00452324239637,115.1477481466215,1110900
2020-09-25,116.50033569335938,116.85042743472506,115.68876048753778,116.17411273974253,1013700
2020-09-28,117.40740203857422,118.09962125913005,116.40487639423934,116.93796629453725,1483300
2020-09-29,116.43666076660156,117.70971920969039,116.18205636245484,117.43919823628917,965800
2020-09-30,117.48697662353516,118.01211432432467,116.70722228934855,116.91410133918102,1578800
2020-10-01,117.46305847167969,118.27462133282377,116.5639605563985,117.82110233874728,1181700
2020-10-02,117.30393981933594,118.16325255140272,116.03089336281172,116.65945830548249,1101800
2020-10-05,118.97483825683594,119.0464446223255,117.232343851864,117.232343851864,1345900
2020-10-06,119.34879302978516,120.51045995722137,118.72818027729323,118.97483250702886,1626400
2020-10-07,120.02510070800781,120.69345099617748,119.00665870485794,119.7306987799819,1139300
2020-10-08,119.59548950195312,120.3036254502619,119.16583903004991,120.3036254502619,1342300
2020-10-09,121.32998657226562,121.5368534414827,119.74662155772928,119.82619227554422,1221300
2020-10-12,122.04605865478516,122.79397959849727,121.36179184891931,121.7914542441854,1131100
2020-10-13,122.70647430419922,123.6851310150078,121.97446982498747,122.55529722269482,1856200
2020-10-14,121.44932556152344,123.53394716286816,120.35131283249198,122.30863828761937,1790900
2020-10-15,122.78604888916016,123.32709094443516,121.1390296534855,121.65620292048587,1080500
2020-10-16,121.99834442138672,122.68261135813323,121.4811590052574,122.57121963079253,1357300
2020-10-19,119.99330139160156,122.6507988633036,119.68299494599312,121.99836496211216,1132700
2020-10-20,118.17123413085938,121.52891483338202,117.76544042166897,121.17085870391088,1637300
2020-10-21,118.05982971191406,118.96688005147885,117.03342329508807,117.59834625623554,2179200
2020-10-22,109.87251281738281,113.32566884539438,108.24140996740663,111.98896798582432,6301600
2020-10-23,108.90975952148438,110.80341884621872,108.77449900834532,110.24646022129686,2661600
2020-10-26,107.96293640136719,109.3235060482813,107.07180249738653,108.22550524253053,2295100
2020-10-27,107.22295379638672,109.66563164513491,107.22295379638672,108.68697491880963,1899700
2020-10-28,105.81465911865234,106.68192422257329,104.33473339179046,105.8623967000368,2728000
2020-10-29,105.68736267089844,106.72967378408492,103.8732615299285,105.33727084706386,2613300
2020-10-30,105.49638366699219,107.06383227053627,104.27107461619141,106.10109204650456,2140000
2020-11-02,106.8967514038086,108.48010444970342,106.37956596335593,106.83309725079341,1965100
2020-11-03,107.69242095947266,109.09277604458124,107.09567687319732,107.4616731139374,1821900
2020-11-04,107.50940704345703,109.60199345324297,107.32640892930814,108.34485116399892,2240900
2020-11-05,106.87288665771484,108.79041497390054,106.77739935418504,108.67902323710639,1962500
2020-11-06,108.35277557373047,108.96543605700286,106.89673111028485,106.93650432517893,1681900
2020-11-09,105.5521011352539,108.60742806595717,105.3134010629949,107.54124816942895,3282900
2020-11-10,108.64718627929688,109.0529678021623,104.3426702594321,105.34519574339862,2420700
2020-11-11,109.62584686279297,109.72928637143636,107.89926906435358,109.22801754128747,2335800
2020-11-12,109.90435028076172,110.46926121116714,108.64720796159797,109.81682733003547,2299400
2020-11-13,111.66275024414062,111.67071460204394,109.74520967101944,110.02369510026722,1655400
2020-11-16,113.05512237548828,113.35747651467405,110.32601933022295,110.73180082693054,3730800
2020-11-17,114.43960571289062,114.92495806250162,111.90940443663982,111.90940443663982,3224800
2020-11-18,112.23558807373047,114.88513238298636,112.21171928956662,114.57482604807092,2753700
2020-11-19,112.77665710449219,114.3997953464105,111.87755897935847,113.23017620442157,2377400
2020-11-20,111.20125579833984,113.26202106310205,110.83525959433534,112.68118146939199,2629900
2020-11-23,110.77159881591797,111.3922115949698,110.02367773839715,111.21716571977183,2085800
2020-11-24,110.75572204589844,112.5618712395451,110.63637806118713,111.22515790681882,2575200
2020-11-25,111.94918060302734,112.72892275705755,111.49566144127104,111.5195302318483,1375300
2020-11-27,112.48226165771484,113.76327259481312,111.9889571701524,112.02077817482609,1174200
2020-11-30,110.8432388305664,113.35752385506605,110.66819290222837,112.57778153660927,7673600
2020-12-01,112.4106674194336,112.522059158991,110.16691605383753,110.99439581329412,1971300
2020-12-02,110.07140350341797,112.48224799582528,109.6576697889727,112.22764356699636,2453100
2020-12-03,110.51246643066406,110.61670001938701,109.41390876386176,109.56626428056302,2363500
2020-12-04,110.17565155029297,110.70488253085082,109.11720182460012,110.46432188192244,2131000
2020-12-07,109.79078674316406,110.3200178437002,109.11722656180477,109.8549370797829,1772300
2020-12-08,109.51014709472656,110.30398154134392,108.38753451285868,109.01298502522282,1733100
2020-12-09,108.86060333251953,109.62238077959708,108.41156330187792,109.4539846503949,2162700
2020-12-10,107.49745178222656,109.29362429362828,107.40924660900095,108.92476295956907,2076100
2020-12-11,109.05306243896484,109.63040316012271,107.17671121291384,107.18472541569345,1816700
2020-12-14,109.05306243896484,110.57659297592781,109.00495275143903,109.65445800388561,1959700
2020-12-15,108.90872955322266,109.62238510912594,108.53986823609993,109.32568832075866,1419900
2020-12-16,109.06108093261719,110.07143335210654,108.57997180300639,109.18136739158831,2077200
2020-12-17,109.30966186523438,110.72894656443113,108.57193921783211,109.37379995721173,2452200
2020-12-18,108.31535339355469,109.45399420938676,107.93046365302288,109.29362450378387,4072700
2020-12-21,107.64179229736328,108.09884656589318,106.03807078525645,107.85027168918448,1804900
2020-12-22,106.38285827636719,107.77007387025863,105.90976339686424,107.52952544706957,1600500
2020-12-23,107.04843139648438,107.77812776048337,106.39089957782336,106.67956999460172,1309800
2020-12-24,107.36112976074219,107.72999107020101,106.68756970217223,107.10454069646842,529800
2020-12-28,107.40924072265625,108.07478658680768,106.9842555209753,107.66584202540436,1059100
2020-12-29,107.5535888671875,108.74033937945359,107.25689206255272,107.59367211730023,1044200
2020-12-30,106.75171661376953,107.40122180915324,106.57530628472419,107.35311212585415,1196400
2020-12-31,108.11490631103516,108.17905665110581,106.76777364040406,107.0965395449813,1480700
2021-01-04,106.96824645996094,108.1710378919789,106.238562290128,107.73002415524738,1837000
2021-01-05,107.0804672241211,107.24084914456604,105.38052653912433,107.20075366445481,2246200
2021-01-06,106.51915740966797,107.93043987304823,106.22247290789898,107.20875800370472,1821800
2021-01-07,105.52486419677734,106.32672482977588,104.41829260790423,106.13427387310422,1957000
2021-01-08,105.65316009521484,105.98994011671806,104.51451938382117,105.44468072059566,1650000
2021-01-11,105.40458679199219,106.71963785337088,105.22016225651865,105.91777715166623,2269600
2021-01-12,104.49850463867188,105.70129583072605,103.69664384396907,105.25224350793573,2196100
2021-01-13,105.58099365234375,105.98192399000834,104.37820263934996,104.57065360618121,1694600
2021-01-14,105.5008316040039,106.06213171838203,105.05177927707656,105.80553038870927,1848300
2021-01-15,105.27629089355469,105.74939802782995,104.2579365659438,105.58901609191354,3343200
2021-01-19,105.56497955322266,106.42297656453863,104.88340514909059,106.00600548261751,1865800
2021-01-20,105.35648345947266,105.65316802165495,104.33010267824433,105.07582730278601,2013500
2021-01-21,105.05178833007812,105.54092395092212,104.68293918116841,104.88340439896635,1745000
2021-01-22,106.01400756835938,106.57530760618013,104.78714945190544,105.70128238761473,2497600
2021-01-25,109.46198272705078,113.04630047739688,106.8479216563818,107.1285777518992,4608900
2021-01-26,109.95915985107422,110.14358438304404,106.67152614237477,109.05305336002685,3134800
2021-01-27,111.17796325683594,112.87791598716497,109.9591439986182,110.1996923815419,2906300
2021-01-28,108.3794937133789,111.49873130565814,108.10686401549056,110.92940483261071,2421500
2021-01-29,105.92578887939453,109.34171058953346,105.83758372503918,107.99457843532635,4039500
2021-02-01,106.83991241455078,107.4733769148419,106.05408020479479,106.08616148113116,1563200
2021-02-02,106.12626647949219,107.04038717033418,104.9234754528357,106.83992199922477,1799200
2021-02-03,106.15834045410156,106.1984359372704,104.45037320158274,105.68524556481069,1734400
2021-02-04,105.44469451904297,106.07815916336517,104.8272582811114,105.8215700714431,1674100
2021-02-05,105.98194122314453,106.14231093720262,105.20413526276667,105.59705146232014,1550600
2021-02-08,105.99800109863281,106.38289092929588,105.18009950247504,105.99800109863281,1451000
2021-02-09,106.19042205810547,106.51117372596659,105.21216311854796,106.26259883051489,1837200
2021-02-10,106.48709106445312,107.43328070777966,106.15832527905789,106.64746073878045,1543300
2021-02-11,105.91777801513672,106.75172000354513,105.64514831083618,106.68756967863499,1275500
2021-02-12,105.94985961914062,106.24654416676137,105.28431376101501,105.87768285625648,1721900
2021-02-16,104.4343490600586,106.40691966408758,103.22353149021707,105.54893501928164,2960400
2021-02-17,104.85932922363281,105.25223314367584,103.2796626347852,103.84897689112556,1752200
2021-02-18,105.99800109863281,106.27864509030141,104.39427919620502,104.57068958430625,1453300
2021-02-19,104.74707794189453,106.07014333895813,104.52255790161009,105.7413774816043,2058800
2021-02-22,105.09187316894531,105.25224287984392,104.13765687127531,104.2419026893005,1786000
2021-02-23,105.83760070800781,107.08850147200894,104.8913986971457,106.01401104502578,1914100
2021-02-24,104.89140319824219,105.76542848297687,104.77914318217924,105.25223809019995,1932100
2021-02-25,104.69091796875,106.27058432943916,104.5225340946016,104.89138311873165,1611600
2021-02-26,102.90277862548828,105.28430573349684,102.79853282571109,105.0437450915462,3012100
2021-03-01,102.95089721679688,104.570659294998,102.75043203705894,103.61644308177765,2291900
2021-03-02,103.54427337646484,104.18575213121409,102.65420753351385,102.8225914242375,2413000
2021-03-03,104.66690063476562,105.49281636980581,103.28769892985024,103.71268422126214,2975100
2021-03-04,104.09255981445312,106.24430527656564,103.8498919635007,104.82060039699263,2331700
2021-03-05,106.4465103149414,107.40913369573926,103.97928491525458,104.35139609980749,2541900
2021-03-08,107.70845031738281,108.94610563138659,105.60525093652069,106.40607946721346,1896600
2021-03-09,107.0451431274414,108.33941688703081,106.93997883290979,107.49005474673626,2022400
2021-03-10,108.75194549560547,109.56087099040381,106.15528922628444,107.69225507233539,2193900
2021-03-11,107.22308349609375,108.33130754330163,107.20690152908526,107.93492958255153,1964100
2021-03-12,107.96730041503906,108.92992385034933,107.66800189399218,108.32322965262185,2109700
2021-03-15,108.5982666015625,109.30202795484657,107.63564312008506,108.38795037982462,2292600
2021-03-16,108.7438735961914,109.13216681099459,108.04820935859499,108.7438735961914,2157100
2021-03-17,107.22308349609375,109.55278067312035,107.15836797128408,109.32628250789867,2189300
2021-03-18,107.10173797607422,107.83786318958975,105.54051758796093,107.19072028038076,2727700
2021-03-19,105.419189453125,107.65181965150936,105.16032733800651,106.26855145319811,6552900
2021-03-22,107.61136627197266,107.6760817979672,105.24930511768235,105.24930511768235,2682800
2021-03-23,109.43146514892578,109.84401280271466,107.04513685838764,107.8378805697418,2198100
2021-03-24,109.7550277709961,109.90872562151803,108.26660751697759,108.65490072142018,2136000
2021-03-25,109.7469482421875,110.93607000869302,109.21305431779182,110.41835805440145,1837200
2021-03-26,110.927978515625,110.9684149236104,108.99464670269433,109.52852825171522,1722300
2021-03-29,112.36786651611328,113.07971270429968,110.40217074168164,110.6691176909613,2511200
2021-03-30,111.88251495361328,112.80468978559112,111.42143370923786,111.76118103225843,1861200
2021-03-31,112.48111724853516,115.03732533643588,112.08473922538259,112.92602883712962,3490600
2021-04-01,110.806640625,111.83397973581953,109.04318849677175,111.58321473989962,3235300
2021-04-05,111.97958374023438,112.89367377199608,110.79047426375946,111.40525337972515,2035300
2021-04-06,111.67218780517578,111.87441921650597,110.87944412886466,111.34052532822008,1882800
2021-04-07,110.7742691040039,112.48918735596601,110.31317560613226,112.02810620131895,1498400
2021-04-08,111.26768493652344,111.32430329284115,110.27271020698026,110.81468871309634,1527400
2021-04-09,110.57203674316406,111.82587382948974,109.81972955407888,110.98458433509822,1487100
2021-04-12,111.00883483886719,111.63979569554023,110.48303823938056,110.79851866771708,1716700
2021-04-13,110.99268341064453,111.45376456922757,110.52350509665979,111.17873283651315,1616900
2021-04-14,110.23228454589844,110.79044513204167,109.28584316456927,110.71763245407487,1603900
2021-04-15,112.38404083251953,112.58627225618122,110.47498804265076,110.74192265984482,2318000
2021-04-16,112.61859893798828,113.08777716684993,111.7692247709667,112.97452810079521,3629100
2021-04-19,112.38404083251953,113.09589939364113,111.41333246758879,112.20608853546568,1840600
2021-04-20,115.18292236328125,115.57930037380606,112.14945118754007,112.44066491414024,2518300
2021-04-21,114.4386978149414,115.97565141283386,113.99378629663856,115.61163738630398,2131900
2021-04-22,113.51653289794922,114.93215272250087,113.24958596413245,113.75111589499865,2282700
2021-04-23,106.8671646118164,109.5527912632964,106.38990145633667,108.79241154553355,8340700
2021-04-26,105.58096313476562,106.77816945742802,104.55362426039827,106.60828966590901,4150700
2021-04-27,104.71540832519531,105.2978356994556,104.3756610807475,105.23312017529067,3671100
2021-04-28,104.8691177368164,105.52434551943458,104.06019211023089,105.02281558078373,3156000
2021-04-29,107.28780364990234,107.40913754964032,105.1603254241812,105.2088589840764,3110300
2021-04-30,107.84595489501953,108.25850246147128,106.89950118648387,107.255430385724,3209000
2021-05-03,108.99463653564453,109.85209567114573,107.58710159007809,107.82978173148261,2006300
2021-05-04,108.97843170166016,109.98958845932609,108.62250254804621,109.4476099184038,2046300
2021-05-05,109.6660385131836,110.03813733964225,108.34748596765121,108.80856709491064,1991300
2021-05-06,110.11905670166016,111.2758144986122,109.42338012355167,109.96535884763686,2488100
2021-05-07,109.60942840576172,110.20803784578264,109.2858630746957,109.73885947547859,1509700
2021-05-10,110.74192810058594,111.44570188289897,109.99771790613516,110.07053060308283,2826000
2021-05-11,108.56591033935547,111.55083543868486,108.27469662927149,110.98458998663966,2254400
2021-05-12,107.5709228515625,108.95419105883443,107.53047410291009,108.58207985174737,2729000
2021-05-13,108.19380187988281,108.97037590757256,107.12601413471259,107.56284088254601,2198200
2021-05-14,108.5416488647461,109.89256570009387,108.49311529571125,108.85714174992681,2139300
2021-05-17,108.09674835205078,109.45573764241615,108.02393565610286,108.40413173350372,1542200
2021-05-18,107.53858947753906,107.95113715994641,106.55169909070372,107.50622553584405,2254600
2021-05-19,107.24736022949219,107.37679129112506,106.17148767321655,107.33634254146162,1826700
2021-05-20,107.3282470703125,108.25043414150315,106.95614819130896,107.15029478680576,2092200
2021-05-21,107.06131744384766,108.16954166276469,106.95615315683469,107.44151349649715,2329900
2021-05-24,106.87525939941406,107.54666921075471,106.58404565405218,106.97233887668577,1602700
2021-05-25,106.85907745361328,107.03704207433088,105.72657419966264,106.87524707860565,2172800
2021-05-26,105.99352264404297,106.9642309161275,105.75893964605247,106.89143057294687,2539800
2021-05-27,107.47386932373047,107.58711842834704,105.37875471671074,105.71040487387069,6780100
2021-05-28,105.66995239257812,106.92377716613622,105.58097008511032,106.54359349956442,4278200
2021-06-01,105.16841125488281,106.64874656214589,104.8205791767823,106.37371482459316,2693500
2021-06-02,105.75895690917969,105.98545513153007,105.19269901007635,105.38684563347414,3056500
2021-06-03,105.75895690917969,106.81164470189692,105.04083658434807,106.3057030831121,3778700
2021-06-04,106.55050659179688,106.82795761430964,105.65285628154896,106.0200723350865,2423600
2021-06-07,106.9666748046875,107.09724437634857,105.87318265857539,106.62393901792697,2515100
2021-06-08,105.85684204101562,107.24410928374489,105.73444086881514,107.07274764266421,2484200
2021-06-09,105.51412963867188,107.25228892725497,105.37540412890331,105.85686544841785,1938800
2021-06-10,105.79973602294922,106.61577721850394,105.60389410516838,105.73446368488925,1576800
2021-06-11,105.8731918334961,106.02822920500441,105.17139588975017,106.02822920500441,1508500
2021-06-14,105.69364166259766,106.24854360698012,105.04896225167273,106.08533788520872,1549300
2021-06-15,105.44884490966797,106.08535604982286,105.36723580890943,105.97111077984123,1880400
2021-06-16,105.1795425415039,106.20774990019255,104.95105201735088,105.75893723247746,2096200
2021-06-17,106.15064239501953,106.45257365900801,104.8612957853109,105.10611063937216,2369100
2021-06-18,105.01634216308594,105.87318789829281,104.90209689517837,105.72629400995434,3144800
2021-06-21,105.64472198486328,105.79160345563479,105.1877283549222,105.38358276775409,1462700
2021-06-22,106.19143676757812,106.41175890849479,105.33459108639248,105.75076758214573,2279600
2021-06-23,106.3301773071289,106.80348272608586,106.08536244190272,106.2648925129485,2638600
2021-06-24,106.9585189819336,107.03195969664087,106.24855471769743,106.29751519416894,1957300
2021-06-25,108.5905990600586,108.72115617738771,106.82794723222113,107.10539822776978,4882200
2021-06-28,107.69296264648438,109.11287887628431,107.39103137448251,108.39475860579225,2873700
2021-06-29,108.15811157226562,108.64774134724217,107.71745473622866,107.94594531073707,1890700
2021-06-30,109.16999053955078,109.37400083917646,108.2397040713297,108.2397040713297,1987700
2021-07-01,108.95782470703125,109.61881608793539,108.68036123516238,109.30871644679989,1594600
2021-07-02,109.63513946533203,110.17371719035106,108.8680587501892,108.99862832974553,1896300
2021-07-06,109.87178039550781,110.27164504332103,108.99862283630728,109.9125849435377,2376600
2021-07-07,110.75312042236328,111.1203364977398,109.79835364566377,110.00236395996198,2464800
2021-07-08,110.41036224365234,111.52017862690151,109.85544782612831,110.35323339034593,1656800
2021-07-09,110.1818618774414,110.91629381385934,110.1655375705572,110.6061942420484,1741700
2021-07-12,109.92073822021484,110.7204550447456,109.59432674745113,109.75753248383299,1962300
2021-07-13,109.62696075439453,110.68781669767738,109.24342043296305,110.09211016830905,1752300
2021-07-14,110.3614273071289,110.6307224240313,109.10471676158443,109.75755227663855,2368300
2021-07-15,111.09585571289062,111.15298457747944,109.52905800095836,110.17372511219558,1422200
2021-07-16,113.03803253173828,113.2175625950925,111.19377141760869,111.61811633570055,2327100
2021-07-19,113.46234130859375,114.57215762679546,111.9853090108558,113.19305872158583,2789100
2021-07-20,112.39335632324219,114.89860890299587,112.23830649559605,113.66637866336673,1957500
2021-07-21,110.52462768554688,112.39335664885095,110.3287733050368,112.36072047799986,2256300
2021-07-22,110.124755859375,111.42225836020619,109.63513861752568,109.72490364630144,1686500
2021-07-23,110.70417785644531,111.10403016803212,105.79160520655073,106.45259673956876,5014000
2021-07-26,110.2471694946289,111.50386744552897,109.34951920698575,109.68409908254368,3038800
2021-07-27,111.18561553955078,111.55283159592676,109.07207178121278,109.7004145514425,2082200
2021-07-28,110.07577514648438,111.18559145652603,109.44742006055688,110.99790550424049,2133900
2021-07-29,111.12848663330078,111.44675466074051,109.9615536732248,110.45118338273127,1695800
2021-07-30,110.75312042236328,111.53651305625966,110.52462986649338,111.23458177567474,2687200
2021-08-02,109.8962631225586,110.87551003845186,109.71673306860149,110.72862860437792,1587600
2021-08-03,110.68781280517578,110.97343216702284,108.95780968120758,109.07205493558664,1461000
2021-08-04,109.10472106933594,110.92448971101473,108.73750496880737,110.64703865299778,1274400
2021-08-05,108.86803436279297,109.7085556087269,107.97038426917533,109.5779860584193,1733000
2021-08-06,108.73750305175781,109.30057354014905,108.24787329181707,109.17000394392457,1339500
2021-08-09,109.55353546142578,109.59434001341035,108.74565015861494,108.96598477789081,1550600
2021-08-10,109.25975036621094,109.51272113341155,108.63956356753204,109.2515944372625,1735700
2021-08-11,109.50457763671875,109.85546939833763,109.1047129404495,109.56169404944217,1005600
2021-08-12,109.5780029296875,109.87177823721211,109.13734619430036,109.87177823721211,976200
2021-08-13,111.37329864501953,111.69155421253437,109.67593146767358,110.0186797266592,1425400
2021-08-16,113.0788345336914,113.61741225981214,111.13665250216967,111.38962328070224,1833100
2021-08-17,113.60924530029297,114.03359016761962,112.54023342935406,112.89112513278623,1534000
2021-08-18,111.48755645751953,113.34812959260053,111.40595980003812,113.34812959260053,1279400
2021-08-19,113.35627746582031,113.85406305806268,111.59362561934249,111.65075447586518,1452900
2021-08-20,112.80137634277344,113.96015340138648,112.76057179069389,113.34812247559643,1505100
2021-08-23,112.18932342529297,112.89928762726483,112.01796177267119,112.73606945094114,1303000
2021-08-24,110.81838989257812,112.16485280002952,110.80206558318729,111.92820634696098,1052100
2021-08-25,110.75312042236328,111.13666080938805,110.00236395996198,110.37773596526193,1114300
2021-08-26,111.25090026855469,111.52019536355954,110.39405450295757,110.81839942100771,1351400
2021-08-27,111.26721954345703,112.05061210092364,110.78574578531797,112.05061210092364,1254200
2021-08-30,111.58547973632812,111.7650097989912,111.05504547780517,111.22641961100199,860500
2021-08-31,112.4586410522461,112.53208177525718,111.25905943586062,111.78949371180994,1875600
2021-09-01,113.98462677001953,114.2947264049666,112.43415349888485,112.45863373829643,2108900
2021-09-02,114.61296844482422,114.91491211493826,114.066222409481,114.24575244518161,1750100
2021-09-03,114.85779571533203,115.17605127643573,114.32737393075928,114.53954015422835,1426800
2021-09-07,114.13151550292969,114.75987067364454,113.24203363968641,114.52321176762217,2707000
2021-09-08,115.46168518066406,115.73913622740957,113.7561494422304,113.7969539965875,2390700
2021-09-09,113.36387634277344,115.33827841301341,113.04303569253588,114.9845365012135,2923800
2021-09-10,112.74687957763672,113.43791908033592,111.89129610034387,113.14997967773984,2133400
2021-09-13,113.67647552490234,114.6307752418952,112.87026285851805,112.97721391990527,2278300
2021-09-14,113.62713623046875,114.51562102285733,113.22403610679955,113.90685347186513,2165300
2021-09-15,112.72216796875,113.83276415916427,112.51650061279115,113.57773864624556,1374300
2021-09-16,111.8337173461914,113.09240094153455,111.45528377334999,112.48362086450895,1859000
2021-09-17,111.20845794677734,112.94429110891359,111.18377886579906,111.85837388704711,5852300
2021-09-20,110.65728759765625,111.67740245962477,109.77703761961133,111.08507932079691,2115400
2021-09-21,110.64905548095703,111.88305981717588,110.12254746628797,110.74777181091333,2083300
2021-09-22,109.77703094482422,111.33187595147236,109.62072171589563,111.20024580574915,1406500
2021-09-23,109.89219665527344,110.32821049928589,109.2998735930413,109.46440498745228,1015200
2021-09-24,109.40681457519531,110.35287942066026,109.28340662604363,110.04849574137737,920000
2021-09-27,108.94611358642578,109.89219102345008,108.80626128069665,109.29986799157368,972600
2021-09-28,109.82637786865234,110.245934793137,108.62527487952914,108.71576902633254,1951300
2021-09-29,111.70207214355469,112.2532592438376,109.69475640345492,109.83460872266627,1652800
2021-09-30,108.954345703125,112.14630723694326,108.8720737356378,112.03112146128527,1850200
2021-10-01,108.7404556274414,109.40682851068347,107.90134172043946,109.07775315730322,1709300
2021-10-04,108.71578216552734,109.7852551516565,108.09877996809998,108.7404612491891,1758000
2021-10-05,108.53479766845703,108.9461324812133,107.90135109493082,108.2633277386271,1744200
2021-10-06,109.4561767578125,109.62893031886068,107.86019595911574,108.32911103490085,1530900
2021-10-07,109.99090576171875,110.83003213695892,109.73588023418004,109.99090576171875,1709500
2021-10-08,109.3080825805664,110.23770304858834,108.59236419711686,110.22124614525063,1038400
2021-10-11,109.04486083984375,109.50555381941058,108.89677378044456,109.40683748177261,845600
2021-10-12,109.06952667236328,109.9333321805703,108.65819191159238,108.65819191159238,940100
2021-10-13,109.04486083984375,109.5466898110738,108.13991923502158,109.0530830169995,1051900
2021-10-14,109.66184997558594,109.96623368229119,109.00371184630313,109.23405830861101,1074000
2021-10-15,109.68653106689453,110.31175539705211,109.11888707689864,109.68653106689453,1210400
2021-10-18,108.20573425292969,109.63718391262195,108.1892773456848,109.46441776890615,1278400
2021-10-19,106.75782775878906,107.4900031338166,105.42509459248015,107.24319976576379,3702600
2021-10-20,108.28800201416016,109.05307870649798,106.75783607654277,106.75783607654277,1694800
2021-10-21,108.00004577636719,108.96256753885434,107.86019347442698,108.7157641901023,978600
2021-10-22,109.44794464111328,109.4644015459192,107.95069268022358,107.95069268022358,2155000
2021-10-25,107.03752136230469,107.41595482807507,103.05579800812997,105.449762815253,5884900
2021-10-26,109.63715362548828,110.22947659325365,105.87754847044805,106.18194468214945,2892700
2021-10-27,106.33824920654297,110.13899062365195,106.10790276343815,109.91686635603669,2704400
2021-10-28,106.99641418457031,107.4653419171183,106.04211436436036,106.33827594466887,1965400
2021-10-29,106.52749633789062,107.31725216364538,106.17374186471145,106.85655917313136,1751300
2021-11-01,107.17738342285156,107.55581692309093,106.552159110435,106.61797417799579,1249100
2021-11-02,108.23863983154297,108.70755495233375,106.87300535179915,107.53114350915266,1204000
2021-11-03,108.68287658691406,108.79804982374026,107.58872456059457,108.1399116620443,1093500
2021-11-04,107.97537231445312,108.73222675118063,107.6216304534248,108.13990370453469,1147400
2021-11-05,108.78158569335938,109.16824136694231,108.2386333574889,108.86385766546063,1069400
2021-11-08,109.03662109375,109.29165920915266,107.73681419817078,108.7569164480148,1056700
2021-11-09,108.9708251953125,109.82639609100394,108.61707072531705,109.12712188123257,1102500
2021-11-10,110.82180786132812,111.20022878116966,109.13533296715343,109.60424802920745,1654500
2021-11-11,110.2541732788086,110.74776746214928,109.69475147416024,110.59145824389547,1345600
2021-11-12,110.1636734008789,111.01102196351562,110.0978583359341,110.77244078397318,1232300
2021-11-15,110.87940979003906,110.8958666971754,109.92511002320505,110.14723433424827,1281200
2021-11-16,110.1060791015625,112.00644357309778,110.04849876606079,110.99456363752833,1042800
2021-11-17,110.57501220703125,110.84649465255626,109.20937780333838,109.99091132976098,1429900
2021-11-18,109.4561767578125,110.39401946232276,108.93789096878787,110.31998222187354,1014200
2021-11-19,110.59971618652344,111.4799662356852,110.07320808202147,110.45162911338107,1739100
2021-11-22,111.42237854003906,112.51653067240358,110.30354732260142,110.64906706656771,1235600
2021-11-23,111.71029663085938,112.36843480477579,111.09329444648928,111.42236980991828,1452100
2021-11-24,111.24957275390625,111.88303166861742,110.45981720706723,111.51283297147799,1017100
2021-11-26,111.28252410888672,113.07593787274813,111.03572070986608,111.59513003156668,1184800
2021-11-29,111.0932846069336,112.26148635246169,111.06860552597995,111.40590303626708,1025000
2021-11-30,107.20207977294922,110.82183375424474,107.09512870181692,110.61616634233962,2652700
2021-12-01,108.39494323730469,110.08965317748114,107.56405145070256,107.81085484416064,1850800
2021-12-02,109.24229431152344,110.11433466113775,108.7075640748298,108.7075640748298,1493700
2021-12-03,111.3812255859375,111.62802895202763,109.67007148143739,110.04027025410227,1749700
2021-12-06,112.22857666015625,113.85745882756184,111.8419209737757,111.91595821935302,1732100
2021-12-07,112.60700225830078,113.32272068780928,111.85837001999874,111.89950600452063,2339800
2021-12-08,112.615234375,113.33095286768767,111.4717242008141,112.68104944545674,1464400
2021-12-09,112.49906921386719,113.32035596260474,112.11745777732659,112.2999659437127,935000
2021-12-10,112.88068389892578,113.36182799685723,112.68987184598659,113.23739636090178,1213800
2021-12-13,115.54365539550781,115.90867184373155,112.52399113069225,112.83093102653527,2144200
2021-12-14,114.55643463134766,115.8173968639157,113.9425549502693,115.7012564384395,2681100
2021-12-15,114.73065948486328,115.6183015137964,114.28268019983635,114.67258293895472,2440900
2021-12-16,117.6507797241211,117.70055238795943,114.5979255390035,114.87997907299275,2471700
2021-12-17,115.6183090209961,118.25637426423027,115.46068713856164,117.20280641192527,3237600
2021-12-20,117.2193832397461,117.45166408552244,114.81359925369586,115.02929765217154,2209400
2021-12-21,115.55192565917969,117.21938570804774,114.86338698935909,117.11153650653891,1496700
2021-12-22,115.49385070800781,116.25706095254277,114.78041311836664,115.94181726040772,980600
2021-12-23,115.22012329101562,115.84230698205178,114.76385271925052,115.49388563407469,1115600
2021-12-27,115.97503662109375,115.98332784620824,114.85510097104974,115.67638795830595,825200
2021-12-28,115.96672821044922,116.62210206131823,115.52705278772575,116.0828686493128,1187900
2021-12-29,117.02859497070312,117.51804303816165,116.04139495298843,116.4478801426183,1239400
2021-12-30,117.40189361572266,117.75860611468796,117.00368702266196,117.5429203705478,778300
2021-12-31,118.56332397460938,118.86197265599064,117.51805991895479,117.57612381508906,1230600
2022-01-03,118.15681457519531,118.50524855154796,115.81741068056073,117.70055670105249,1994200
2022-01-04,118.79557037353516,120.21415436268043,117.89133336638227,118.02406888808069,2027100
2022-01-05,119.509033203125,120.5543098341696,118.65456867167795,118.65456867167795,1935600
2022-01-06,118.7292251586914,120.52111706682203,118.60479349494281,119.2684585711051,1692700
2022-01-07,119.24356842041016,119.72472526876315,118.04897385323832,118.994692442523,1305300
2022-01-10,119.94869232177734,120.94418349251787,119.08593668269744,119.08593668269744,2706400
2022-01-11,118.74581146240234,119.58368080569001,117.11154155509625,118.91172455455191,2442000
2022-01-12,118.70433044433594,119.35970424942577,117.6507753433658,117.84986599130595,1293900
2022-01-13,118.53839111328125,119.03614293967004,117.58438154744996,118.58816376424917,1303700
2022-01-14,118.79557037353516,119.23524571309963,117.67564763738939,118.62965730059017,1367800
2022-01-18,116.87098693847656,118.23149475082472,116.2073218123254,118.2066084162005,2214300
2022-01-19,118.36421203613281,119.20209412327772,116.79630973736516,117.03689450513583,1712200
2022-01-20,117.4433822631836,118.73752212420638,117.27745651004099,117.96600787883803,2151600
2022-01-21,118.89514923095703,119.84915906175401,118.22318028119378,118.72093224582768,2579700
2022-01-24,117.63417053222656,119.93210528503987,115.13713248954079,119.30161786295528,2762000
2022-01-25,115.83399200439453,117.53461695115394,114.57302977145144,117.53461695115394,2483200
2022-01-26,111.86030578613281,112.6318199864438,108.05254541934173,108.21845850443707,5636700
2022-01-27,114.05038452148438,115.2615740202861,111.9266667806844,111.95155310902533,2829300
2022-01-28,115.24498748779297,115.3528366908635,112.52397234769528,113.63560395746602,1965900
2022-01-31,114.19141387939453,114.71405210321737,113.46139380077396,114.33245328769317,2283100
2022-02-01,113.86791229248047,114.79704859120017,112.39956782334671,114.42372823150696,1552300
2022-02-02,112.50740051269531,113.68540013275707,112.25853715929901,112.35808250065753,3039600
2022-02-03,113.22079467773438,114.125044260438,112.20041734712393,112.70646040119748,1990700
2022-02-04,110.05182647705078,112.67329613700252,109.99374993789534,112.52396550657166,2209800
2022-02-07,110.55786895751953,111.21323003957542,109.41304721141377,110.78184591434832,1888000
2022-02-08,110.52466583251953,111.41232030778858,110.04350910644213,110.65740134144188,1595500
2022-02-09,109.41304779052734,111.22153451001087,109.40475656709006,110.98924101184653,1900400
2022-02-10,108.63324737548828,109.13929051216519,107.99446870760107,108.79916046032267,2103800
2022-02-11,109.77808380126953,110.15968268137765,108.69133839375141,109.13101382338304,1472700
2022-02-14,109.81124877929688,110.15967006144676,107.72072108639765,109.77807122505475,1583300
2022-02-15,109.08953094482422,110.55788787146375,108.58348774741502,110.07673100684858,1685900
2022-02-16,108.69132232666016,109.66192715001206,107.46353766846808,108.956780726839,2003400
2022-02-17,109.1973648071289,109.57896362856059,108.04425180247425,108.60006758732942,1566600
2022-02-18,110.45832824707031,110.56617745982047,109.25544243251515,109.4130643101167,1327100
2022-02-22,110.20947265625,110.70721199804852,109.41307198766951,110.64084422080354,1555300
2022-02-23,109.45452117919922,110.72377448141187,109.28860811415383,110.6905842733895,1411800
2022-02-24,106.65886688232422,109.288628051009,105.33153680311348,108.95678920202744,2213200
2022-02-25,109.3467025756836,109.73660534969426,107.04876737407255,107.28106092013675,1736600
2022-02-28,107.96959686279297,108.2848406271207,106.84137001285858,108.2682455189038,2039400
2022-03-01,106.74181365966797,108.25994311662816,105.80439267593636,107.60458198084842,1847000
2022-03-02,107.69583892822266,107.9530061232227,106.23577331786208,106.75010770786218,1993500
2022-03-03,108.44080352783203,109.22763963484078,107.48655847246661,107.8632317993901,1622300
2022-03-04,108.08927154541016,108.41572355761686,106.9173894159853,107.39451207892152,1534800
2022-03-07,107.09314727783203,108.05575837189708,105.77059478788755,107.63722958795839,1616600
2022-03-08,103.11714172363281,106.84204599254765,103.05854793916372,106.31470193232572,1989700
2022-03-09,103.42683410644531,105.17628779596734,102.84926871014946,105.0005064678562,1782300
2022-03-10,100.27111053466797,103.23429460997302,99.24152708347431,102.95806412474528,2909900
2022-03-11,98.37940216064453,101.04124621869934,98.28732529179325,99.85262567602086,2513400
2022-03-14,99.71031188964844,101.47650408318866,98.20360553005477,98.59702365651773,2295800
2022-03-15,101.3258285522461,101.69412956638746,100.19579564402038,100.27950651592073,2267200
2022-03-16,101.63553619384766,102.03732666734867,100.08698085114804,101.83643462371963,1916800
2022-03-17,101.56858825683594,102.02060022570711,100.70641976271361,101.74437601104478,1764800
2022-03-18,101.1584243774414,102.0624482494619,100.52225872088141,101.62718104417996,4134000
2022-03-21,101.05797576904297,102.48097126002288,100.50551463893153,101.54346436630797,2515200
2022-03-22,102.44747924804688,102.79067592976143,100.991000810845,101.7192368363246,2114100
2022-03-23,100.95751953125,103.1589787612924,100.66455064303034,103.12549569031833,1964600
2022-03-24,100.52224731445312,101.36767730547938,100.3966937794556,100.90729944258844,2818200
2022-03-25,100.6812973022461,101.52672735201116,99.95306120369258,101.14168158336652,1860000
2022-03-28,102.48097229003906,102.50608299870684,101.04123205481619,101.15841961942799,1499600
2022-03-29,103.8453598022461,104.44804227277136,102.69022265790095,102.69022265790095,1585200
2022-03-30,103.6695785522461,103.95418144630192,102.91622546356002,102.9580808964702,1247200
2022-03-31,103.0920181274414,104.14670611604829,102.38051405122785,103.38498701316554,1815600
2022-04-01,104.65731811523438,104.69917355269453,102.45585877043325,103.33476548090832,1529000
2022-04-04,104.6489486694336,104.68243174308702,102.6651260488535,103.92908493773642,1943300
2022-04-05,104.74100494384766,105.64502859612,104.1969226660605,104.31411020769853,1391900
2022-04-06,105.44412994384766,105.46924064601232,104.12157761574728,104.42291881420665,1529000
2022-04-07,106.04682159423828,106.5574272036134,104.73264151426682,105.72036966512859,1806300
2022-04-08,105.5362319946289,106.88389534692834,105.31859521345972,106.50721556572282,1610700
2022-04-11,105.91290283203125,106.4653639432947,104.79961463114677,105.92964756123239,1426400
2022-04-12,105.4190444946289,106.24772979578144,104.78287888035105,105.67015796267107,1606800
2022-04-13,105.79571533203125,105.90453052692774,105.07584524581002,105.36044816620222,1444700
2022-04-14,105.8208236694336,106.59928751796971,105.50274407023068,106.42350618265418,1255500
2022-04-18,104.59871673583984,106.10542296754514,104.36434163007294,105.83756479149116,1623500
2022-04-19,106.19750213623047,106.32305566974885,103.66958455734687,104.38945461865204,2055200
2022-04-20,106.80854797363281,107.34427071042246,106.30631469327531,106.30631469327531,1174200
2022-04-21,107.22708129882812,108.49103364879478,106.75832471054458,107.00107217552798,2369100
2022-04-22,115.94085693359375,118.35995316535966,114.8443133948762,116.11664466973698,6935300
2022-04-25,120.10103607177734,120.9799492175103,115.78182801622415,116.05804581939536,4790200
2022-04-26,116.50167083740234,120.86274656078993,116.46819415323837,120.37725161925742,3631100
2022-04-27,117.58985137939453,118.52736460305593,115.9492255898371,116.50167391428806,2652300
2022-04-28,118.85381317138672,119.18863110224973,116.58538145646096,117.74889100906515,2122800
2022-04-29,116.20870971679688,118.61943972468809,116.06641145556519,117.9330463525858,2926800
2022-05-02,113.85655975341797,117.03738066898701,112.55075215404874,116.97041453921382,2241900
2022-05-03,114.92801666259766,116.11663698010693,113.87331586055764,114.30858941016916,2087500
2022-05-04,116.46822357177734,116.93697390338615,113.86497326285333,114.18305931894012,2008900
2022-05-05,114.40904235839844,116.07479180938736,113.48828653536663,116.07479180938736,2130600
2022-05-06,115.17912292480469,115.35489785608925,113.48826311313158,114.5848064499026,2051900
2022-05-09,117.47267150878906,119.05471000989766,114.67690192862662,115.17914164460792,3018700
2022-05-10,116.30914306640625,118.1423011295056,115.539051659405,117.53125269930064,2040400
2022-05-11,116.27568054199219,117.79075283597011,115.6897427449408,116.51005566081275,1559300
2022-05-12,116.86161804199219,117.6986756849339,115.55581016260086,116.28404622476464,1323200
2022-05-13,116.48493957519531,117.33036315958759,115.1037868611064,117.33036315958759,1417800
2022-05-16,116.29240417480469,116.72767769538117,115.07030725306991,116.16685064602547,1363200
2022-05-17,116.06639862060547,116.63559160258926,114.35042815259229,116.01617721307562,1819400
2022-05-18,110.91851043701172,115.46374035725464,110.57532648955188,115.45536160592285,2169900
2022-05-19,108.02228546142578,110.55020298099114,106.42350238555095,109.7382560899965,2655800
2022-05-20,107.42796325683594,108.31524221917238,105.01723980391162,108.04739044397866,2110600
2022-05-23,108.3236312866211,108.86771363874873,106.67462672880636,107.88835774142747,1521300
2022-05-24,110.61715698242188,110.78457872079068,108.03065205793962,108.37384874011614,1232000
2022-05-25,109.96426391601562,110.6004359305718,109.13558498282407,110.6004359305718,1426400
2022-05-26,110.83480834960938,112.17409294844474,110.62554393362075,110.88502976584883,1250800
2022-05-27,111.68860626220703,111.72209572384375,110.49998582384907,111.29520088163017,1188300
2022-05-31,111.34541320800781,111.8560188901247,109.48714418604052,110.49161082082348,2843100
2022-06-01,109.98937225341797,112.34988100340475,109.37832373325631,111.68023231580298,1577500
2022-06-02,110.31581115722656,110.50834359386437,107.10988552851593,110.07307008264107,1518900
2022-06-03,110.02285766601562,110.96035813068494,109.562473411942,110.01447891526873,994100
2022-06-06,110.39115142822266,111.36212845843812,109.964243912432,110.14839759130555,1058400
2022-06-07,110.57532501220703,110.7176232855915,108.9012096465263,109.16069548460895,1229500
2022-06-08,109.49552154541016,110.31583455895561,109.20255899824484,110.24888117916572,1074300
2022-06-09,107.64594268798828,110.34004280704772,107.35879984658244,109.8079870448575,1493300
2022-06-10,107.8993148803711,108.836756021297,105.93151903631079,106.8014013214977,1776300
2022-06-13,107.18144226074219,108.27090201115325,106.64092635672678,106.65782090177343,1713000
2022-06-14,104.1410903930664,107.62062641566347,103.74415226494068,107.13078760038566,2224800
2022-06-15,103.38098907470703,105.14608900207946,102.13105682818883,104.64780942412968,1784600
2022-06-16,102.7391128540039,104.267740401109,101.87767156550842,102.50264079626172,1899000
2022-06-17,102.85735321044922,103.06004263370177,101.2442657662419,101.35406097151332,3203100
2022-06-21,105.63591003417969,106.1088541567651,103.42319520866289,104.84203401979954,1911800
2022-06-22,107.73885345458984,108.05133814367944,105.23899527201858,105.80484017843486,1704600
2022-06-23,111.54776000976562,111.66599606444098,108.23713759209222,108.39760357060095,2122000
2022-06-24,113.55776977539062,113.83645888242043,111.57307961661594,111.6659802812131,2431600
2022-06-27,112.82300567626953,113.9800435732869,112.32472614933214,113.25373279850496,1305800
2022-06-28,111.93624877929688,113.07639233378207,111.708230377811,112.64567802198924,1162600
2022-06-29,113.38041687011719,113.53242912049816,112.15582649058574,112.3838577529197,1230400
2022-06-30,114.14051818847656,114.8583882698689,112.40075348685934,112.73858000794684,1715400
2022-07-01,115.5002212524414,115.74514705274116,114.14895403987538,114.54589208579944,1612900
2022-07-05,114.93436431884766,116.02383684486901,113.84490467958705,115.01882414870198,1359400
2022-07-06,115.68604278564453,116.72484485915462,115.491800586736,115.76206180849078,1296800
2022-07-07,114.60497283935547,115.08637059454657,113.50705966479137,114.86678022757857,1240400
2022-07-08,113.33817291259766,114.79923520294554,113.245272253283,114.13204893096638,1309700
2022-07-11,113.77735900878906,114.49522902603262,113.39731548244485,113.6675637884014,836100
2022-07-12,114.25029754638672,115.79581983789363,113.8111295733667,114.22496217167041,1240700
2022-07-13,114.90060424804688,115.67758582208403,113.61688939727298,113.91248595649651,1192800
2022-07-14,114.1236343383789,114.33477107747203,112.83991935639884,113.16929215391356,1475200
2022-07-15,113.74357604980469,114.69791821875809,113.21996106912904,114.68947738856656,1050500
2022-07-18,111.53931427001953,113.40575568572174,111.42106533378575,113.21995433844421,1631200
2022-07-19,111.68289947509766,112.24029069894,110.96502937324665,112.24029069894,1858000
2022-07-20,110.93125915527344,111.95315385981692,110.05292301473678,111.95315385981692,1341500
2022-07-21,110.25558471679688,110.46672141181688,109.30968356010968,109.99377727685386,1487500
2022-07-22,111.8179931640625,112.07135978594377,110.12889953386964,110.3653716111557,1256000
2022-07-25,112.679443359375,112.94970454704367,111.42951758331415,111.63220058730295,1433100
2022-07-26,113.14395141601562,113.16084596263659,109.65596852767455,109.74886920394495,1757800
2022-07-27,111.52243041992188,113.3719903536347,110.61031814219648,113.3719903536347,1650600
2022-07-28,112.54432678222656,113.10173088614235,111.09170493449933,111.56466207182335,1081100
2022-07-29,111.30284118652344,111.80113370028712,110.26405200603422,111.80113370028712,2902500
2022-08-01,114.32633972167969,115.02731537898565,111.69979765816048,111.69979765816048,2070300
2022-08-02,112.32473754882812,115.05262042386316,111.87712872337157,114.85837824541822,1712500
2022-08-03,113.80269622802734,114.08139825499735,111.54775752264796,111.91090650863838,1318900
2022-08-04,112.12202453613281,113.90401873614697,111.40416751375238,113.5746460113463,1211700
2022-08-05,112.64564514160156,112.73854579586312,111.42104209358293,112.11357658657995,781400
2022-08-08,113.41419982910156,114.06450456357328,112.80613790460148,112.96659099397206,889200
2022-08-09,113.52400207519531,114.22497760617726,113.10172859051444,113.59156737915595,754200
2022-08-10,114.57122039794922,114.63878568742713,113.74355526691566,114.05604634159621,1178300
2022-08-11,113.70135498046875,115.33977805298747,113.45642915919856,114.8077093742227,921300
2022-08-12,114.4192123413086,114.50367218744405,113.49021846763459,114.01383343073745,690600
2022-08-15,115.23841094970703,115.86338023540536,114.63033620869294,114.95970895284543,976000
2022-08-16,116.03228759765625,116.43766646475635,115.12017548160966,115.1455108553808,1043100
2022-08-17,115.5593490600586,115.97318166305605,115.42421846886403,115.78738032185413,882400
2022-08-18,115.78739166259766,115.83806241756793,114.63880729847114,115.1877576596674,997300
2022-08-19,115.66068267822266,116.36165807466783,115.3904344010124,115.73668879805413,1147900
2022-08-22,115.03572845458984,115.7113556037189,114.51210066122445,115.66913857196971,1179400
2022-08-23,113.37197875976562,114.52056304165392,113.28751891635332,114.4361031982416,1063500
2022-08-24,112.9074935913086,113.58313378720851,112.6287915272462,113.29597800538475,955300
2022-08-25,112.2318344116211,112.55276634991067,111.40418207719098,112.51053642854161,1425000
2022-08-26,109.38570404052734,112.3922885563073,109.24213263238744,112.2487171481674,1434400
2022-08-29,109.43638610839844,110.31470919223172,108.51583310326991,109.15768409196488,813300
2022-08-30,108.802978515625,109.9008920613854,108.52427649261762,109.9008920613854,1279600
2022-08-31,107.69662475585938,109.5208428262265,107.59528324512793,109.13235844391339,1828100
2022-09-01,108.5411605834961,108.96343399220758,106.81828430274749,107.67971922143136,1410000
2022-09-02,106.81829071044922,109.588396963445,106.59870672060043,108.80297456177217,1513100
2022-09-06,106.16798400878906,107.37568626507854,105.5092384950641,106.38756799449109,1662400
2022-09-07,107.62907409667969,107.94999964408355,106.40447705385759,106.76763252953829,1294400
2022-09-08,106.9642562866211,107.62905301436581,105.54942714597888,107.13471465178698,1291100
2022-09-09,108.1063461303711,109.17172721334575,106.67448019732043,107.17733694725082,1395300
2022-09-12,108.16600036621094,108.90750134681804,107.85064526363882,108.10633279045982,1343000
2022-09-13,105.48125457763672,108.06373734341051,105.27669672301901,107.67167787591526,1139200
2022-09-14,103.81924438476562,105.61760801179649,103.14592282038525,105.3619204763488,2091200
2022-09-15,103.48685455322266,104.3476842826474,103.14593130866702,104.29654807186358,1462200
2022-09-16,103.99824523925781,104.2539393206181,103.46982034155009,103.73403279040396,2236500
2022-09-19,104.68008422851562,104.69712746484261,103.6828890878486,103.78516151095077,1154500
2022-09-20,103.60617065429688,104.24539926199134,102.8902377349125,104.24539926199134,1223400
2022-09-21,102.89876556396484,104.71417252111836,102.89876556396484,103.57208066117856,1234200
2022-09-22,102.8817138671875,103.59765329610802,102.21691714912755,102.53227227291715,1252700
2022-09-23,102.52375030517578,102.98399570052639,101.49246222585253,102.66011569866676,1365700
2022-09-26,101.23677062988281,102.93285548725618,100.59754198236033,102.68569279914247,1854600
2022-09-27,99.88159942626953,102.33623485610048,99.78784538009761,101.56915925222535,2040300
2022-09-28,99.87307739257812,100.67424599076281,99.44692498972579,100.67424599076281,2026000
2022-09-29,97.99801635742188,99.81342338114354,97.90426230195281,99.44693202864723,2010400
2022-09-30,95.91839599609375,98.83327724725919,95.78202408834379,98.42417452915025,2293700
2022-10-03,97.2309341430664,97.52923952561574,95.37290939988385,96.31044338899733,2103900
2022-10-04,99.06339263916016,99.50658828688753,97.23093596548296,97.60594566661544,1713800
2022-10-05,97.65708923339844,98.77360648275015,97.42696328726697,98.73951350915401,1388500
2022-10-06,95.6200942993164,97.69119558527663,95.44111104035328,97.69119558527663,1535900
2022-10-07,93.40408325195312,96.09736963752891,93.33590380746713,95.75644640481973,2047600
2022-10-10,93.88993072509766,94.17118645951638,92.67965256965834,93.45525331361894,1479700
2022-10-11,94.92119598388672,95.52633166300636,94.05184137256488,94.29048569643516,1569600
2022-10-12,96.1911392211914,97.13719825600006,95.5263423864763,95.96953810876275,2493800
2022-10-13,97.65708923339844,98.04914867589926,94.97232771147355,95.1598358149674,1827000
2022-10-14,96.48944091796875,98.13438970273967,96.43830470268767,98.01506753203675,1369200
2022-10-17,97.31616973876953,98.19404270924487,96.98377136164916,97.06900054762897,1730500
2022-10-18,98.42416381835938,99.17418972165284,97.86163951396196,98.15994490148948,1410100
2022-10-19,97.96392822265625,99.25942882190101,97.40140386204878,98.72247907069693,1192300
2022-10-20,95.73088836669922,98.04063391989,95.56894835105568,97.76789660555748,1975600
2022-10-21,97.12866973876953,97.30765299504412,95.3303058033721,95.97805937553537,1678200
2022-10-24,98.74803924560547,99.00373329853761,97.16275172359387,97.75084414379587,2626600
2022-10-25,101.84191131591797,101.84191131591797,97.48663272952925,98.02358898152563,2773500
2022-10-26,102.45557403564453,103.09480272803255,100.9896085273567,101.91009940501239,2201300
2022-10-27,103.38456726074219,104.5010843860555,102.88170408427656,102.95841489198821,1899800
2022-10-28,105.92445373535156,106.11196185695584,103.5294790063906,103.5294790063906,1766900
2022-10-31,106.07786560058594,106.49549317506664,105.57500883780288,105.87331424814624,2920000
2022-11-01,105.98411560058594,107.2966659589217,105.37045501720085,106.07786966207924,1883300
2022-11-02,104.21131896972656,106.67448615345866,104.03233571810175,105.68580933202206,1779900
2022-11-03,103.99824523925781,104.17723499775238,102.92434570371404,103.35901653842768,1837500
2022-11-04,104.42438507080078,105.49829097896918,103.53799376850125,104.80792614643154,1929600
2022-11-07,105.95854949951172,106.17162573374519,104.91873643604114,105.09771969248878,1212000
2022-11-08,106.18013763427734,106.85345923251953,105.43863008879221,106.30798465971546,1290700
2022-11-09,105.54090881347656,106.7170871396672,105.42158665730808,106.22274877692932,941200
2022-11-10,108.90751647949219,109.12911106634704,106.86198346785146,107.44155104610682,1899100
2022-11-11,108.62626647949219,109.11208655778526,105.87332505125687,108.9416216612164,1633000
2022-11-14,108.72000122070312,111.14054379856286,108.48135691049946,108.76261906291224,1511400
2022-11-15,109.21434783935547,110.347914901129,108.20862781130914,109.69163649586211,1317400
2022-11-16,109.9558334350586,110.7399522609822,109.41889027472642,109.41889027472642,1033500
2022-11-17,109.8365249633789,109.9047109139236,108.83932982130095,109.38480442051814,1168400
2022-11-18,111.99287414550781,112.22300014177148,110.85078854280185,111.15761886943925,1350500
2022-11-21,113.77418518066406,113.93611218648883,112.16332944839566,112.50424620453498,1375400
2022-11-22,115.04411315917969,115.24015265226429,113.80827364018343,114.20885798846469,1789400
2022-11-23,114.2088623046875,115.48731971854593,114.12362660837373,115.2827618504777,1304800
2022-11-25,115.08673858642578,115.08673858642578,114.20886551133951,114.3963736443814,540500
2022-11-28,113.62075805664062,115.07820507989287,113.62075805664062,114.98445102570541,1220600
2022-11-29,113.492919921875,113.52700639450684,112.12070855720384,113.04119937994663,1421100
2022-11-30,115.59811401367188,115.6236821194345,112.93039560122078,113.2287075086386,1798300
2022-12-01,116.42485046386719,117.10668395587103,115.76005370556528,115.91346233972408,1447300
2022-12-02,117.55841064453125,117.75445013861776,115.62368785182375,116.03279056944874,1932700
2022-12-05,116.91065979003906,117.18340359634853,115.67482030490801,116.08392300923171,1234400
2022-12-06,115.92196655273438,116.89359346586039,115.18898393369975,115.74298983473514,1476100
2022-12-07,116.51006317138672,117.47317175382736,116.15209671719424,116.53563127489053,1288900
2022-12-08,117.55877685546875,117.58456378105335,116.04588704992233,116.25219557104143,1193200
2022-12-09,117.07740020751953,118.02296450779593,116.7937309174366,117.36966076708062,2315300
2022-12-12,118.5903091430664,118.64188299545262,115.77081175367472,117.3524842200268,1764800
2022-12-13,119.2350082397461,120.11178996105689,118.2292656548993,119.65620344416719,1618500
2022-12-14,119.57023620605469,120.69630889216113,118.46134605755714,119.28656693821672,1644700
2022-12-15,117.26654052734375,119.0029348687994,116.48430197907295,118.6504959910363,1392800
2022-12-16,116.32097625732422,117.63616205430633,115.36682056966626,117.06021901705206,3718300
2022-12-19,116.61321258544922,117.68771141927554,115.61607451971258,116.31234766540152,1305000
2022-12-20,116.3725357055664,116.79373088940868,115.2980367811656,116.53586164070605,1211700
2022-12-21,117.73072052001953,117.8080813055382,116.51868241445192,116.71638657181421,1195100
2022-12-22,118.1433334350586,118.20349856731254,116.7507867245429,117.50722521205468,1174800
2022-12-23,117.8940200805664,118.62468461644755,117.59316824307125,118.12611552741983,888400
2022-12-27,118.95133209228516,119.2092013387509,117.77367236217695,118.30663274323712,907000
2022-12-28,117.35249328613281,119.38973931143211,117.12898908660216,119.26939594108623,778600
2022-12-29,117.97140502929688,118.3840089940254,117.47283589354663,117.69632697518216,742000
2022-12-30,116.69058227539062,117.98857224397499,115.9083439166114,117.98857224397499,1114000
2023-01-03,117.85963439941406,117.8940125925514,115.8997494795481,116.95705271137122,1603300
2023-01-04,117.60175323486328,118.22066564913816,116.87969312368979,117.59316196560226,1551800
2023-01-05,116.51007080078125,117.71351756101758,116.32097104227914,117.36107873803418,1207200
2023-01-06,119.01151275634766,119.20062563941914,117.49001842125189,117.76509647533537,1136700
2023-01-09,117.78228759765625,119.65620758228187,117.74789628399827,118.81380402786394,2025800
2023-01-10,116.78514099121094,117.97139201493968,116.30376756605786,117.81665734745927,1246500
2023-01-11,117.17195892333984,118.16050582317558,116.38112927333658,117.62754542696736,1401900
2023-01-12,117.11180114746094,117.63615719046554,116.34675837485844,117.19775319863558,1579200
2023-01-13,117.61895751953125,117.8338573147983,116.6476062476626,116.6476062476626,1479400
2023-01-17,117.64472961425781,118.89975003163252,117.2750951924479,118.25505072710818,1534400
2023-01-18,114.18916320800781,117.24933449259869,114.08601549347584,117.04303906353476,1999900
2023-01-19,113.6046371459961,114.6361535965396,112.98572465238132,113.49288504906909,2109500
2023-01-20,116.15764617919922,116.40692418044084,113.08027941396328,113.70778316862788,2327200
2023-01-23,115.38399505615234,116.36393760346648,115.04875189829336,116.11465961077859,1744000
2023-01-24,115.72784423828125,115.81379628822616,113.57884624301609,115.01437532988008,1952300
2023-01-25,113.51866912841797,114.16336853338757,110.91408458165618,111.37827549844236,3729600
2023-01-26,111.97998809814453,112.86537419827495,110.51006773899493,112.72783518245367,2775300
2023-01-27,110.81953430175781,111.55879018518945,109.99431980453173,111.24933392895193,2374000
2023-01-30,110.87970733642578,111.84245425884961,110.51007285385323,111.06021582615871,1417300
2023-01-31,111.7564926147461,111.82526212800809,110.47569814001656,111.23213655301147,2930600
2023-02-01,111.7564926147461,112.54732234259376,110.55305892376998,111.16338015619297,1425700
2023-02-02,111.9026107788086,112.52152321461793,110.00290400713885,110.5960295178263,2047700
2023-02-03,112.83099365234375,112.92555009518806,110.75936941329888,112.1347203534191,1766200
2023-02-06,112.08313751220703,113.12325830011953,111.65333791853857,112.82239333797452,1392600
2023-02-07,111.97998809814453,112.22926608743342,110.41551130517311,110.95706298219282,1635700
2023-02-08,111.74788665771484,112.17768622178298,111.40405225303705,111.55877380020952,1353400
2023-02-09,110.24359893798828,112.53872726003405,110.20922074074353,111.9456017051286,1455500
2023-02-10,110.8281021118164,111.3180798789901,110.11464642417198,110.29515488417424,1735700
2023-02-13,111.83384704589844,111.98856858646998,111.1031825715785,111.17195207286848,1923100
2023-02-14,110.52725982666016,112.36680147544119,110.18341229820825,112.0573452580555,1809400
2023-02-15,109.83099365234375,110.33816062180668,108.93701620060425,110.20922598045512,1260600
2023-02-16,108.71350860595703,109.09173434122042,107.63041181020725,108.46422405846265,1741800
2023-02-17,109.3668212890625,109.49575593685337,108.23215048094772,108.68773705840123,2797200
2023-02-21,111.08600616455078,111.72211432436795,108.67053439765202,109.04876016205988,1936100
2023-02-22,110.48428344726562,111.92841691493527,110.32956188810967,111.24073493587558,1257600
2023-02-23,109.35820770263672,110.85391498371949,109.04875147608313,110.2607894564549,1220700
2023-02-24,108.48139953613281,109.08312281743268,108.05160000301308,108.61034070771281,1169000
2023-02-27,108.52438354492188,109.3581956994932,108.14615785215456,108.89401141061161,1052200
2023-02-28,107.49288177490234,108.12038551357928,107.18342554057185,108.06881166059799,2183600
2023-03-01,107.20922088623047,107.6132335882348,106.33242596736535,107.20922088623047,1338700
2023-03-02,108.88544464111328,109.09175320049782,107.00292658384146,107.3381697950634,1763000
2023-03-03,108.73070526123047,109.28084824627643,108.14617751984142,109.28084824627643,1055000
2023-03-06,108.4642333984375,108.91122212187662,108.07741636004252,108.39546388460938,1165300
2023-03-07,106.24646759033203,108.6275612213382,106.15191114674857,108.6275612213382,1464600
2023-03-08,106.41840362548828,106.66768166920095,105.9026387617751,106.32384717102238,1035400
2023-03-09,106.40970611572266,107.49454529672356,105.92370028146078,107.01721340855,1363100
2023-03-10,106.17536926269531,106.93910022707702,105.85426112660973,106.73081297376038,1347400
2023-03-13,106.81761169433594,109.15218121834083,106.4531073016214,106.505177465914,1805000
2023-03-14,107.31228637695312,107.51189306578912,106.29687855635481,107.21682000530721,1414900
2023-03-15,109.19556427001953,109.30838515282797,106.80891824815575,106.80891824815575,1936800
2023-03-16,110.14154052734375,110.28907704672102,109.01330528442251,109.4732759750293,1839200
2023-03-17,108.80502319335938,110.5320851617622,108.3363719143357,110.08946896135112,5456000
2023-03-20,111.50411224365234,112.06823659156026,109.96798279998471,110.03741410015797,1559100
2023-03-21,111.10488891601562,111.86860666450349,110.36719300477316,111.46070608901627,1528100
2023-03-22,110.57546997070312,112.52818012126465,110.54075432902223,111.34787478944094,1429200
2023-03-23,110.54078674316406,111.43468663790797,110.23702644471683,110.23702644471683,1385000
2023-03-24,113.2398452758789,113.32663770429376,111.03545796639385,111.20902958055825,1569800
2023-03-27,113.10099029541016,114.40279720078459,112.71912481767397,113.69113640270086,1251000
2023-03-28,114.18583679199219,114.39411743506068,113.04891423035943,113.54360724297813,1557500
2023-03-29,114.97557067871094,115.41819345758728,114.50692606640675,114.56767016306502,1349200
2023-03-30,115.43555450439453,115.4963118506415,114.8106861216548,114.83673444337839,1280900
2023-03-31,116.48568725585938,116.53775741517174,115.73064346049995,115.73064346049995,1660400
2023-04-03,117.17131805419922,117.6052537731147,115.73933547884499,116.4336352776432,1905300
2023-04-04,116.69397735595703,118.54253416499503,116.39889105830322,117.63995386659755,1642300
2023-04-05,117.73541259765625,118.71609806886437,117.09318312905617,117.49240971605921,1421100
2023-04-06,118.45574951171875,118.98515149423547,117.78748495350423,118.2040594379335,1465700
2023-04-10,117.6573257446289,118.05653915132616,116.94566487831463,117.6746736369786,1015200
2023-04-11,118.02182006835938,118.23010070013707,117.4142995785683,117.80485224848107,1317600
2023-04-12,118.66405487060547,119.15874793365892,117.19735006035953,117.51847148893815,1119100
2023-04-13,119.297607421875,119.55795824545262,117.7788324852285,118.04787049803639,1527100
2023-04-14,119.18477630615234,119.67078215238466,118.733479487794,118.733479487794,1183500
2023-04-17,120.31299591064453,120.47789356736212,119.40172844744932,119.5666261041669,1402600
2023-04-18,120.39978790283203,120.67751308952461,119.81831569119346,120.10471482397051,1730400
2023-04-19,120.11339569091797,120.98126708533982,119.9398240605669,120.98126708533982,946600
2023-04-20,120.75562286376953,121.01598692539781,120.08735819554572,120.47791090932128,1564500
2023-04-21,122.86456298828125,123.06416970645103,121.1461680461233,121.1461680461233,2005800
2023-04-24,123.61090087890625,123.67165822539086,122.61285419731115,122.79511299410007,1939700
2023-04-25,125.55493927001953,128.33212477901222,124.73046418428709,125.71983693569902,4344000
2023-04-26,124.63500213623047,126.44885003631143,124.14899631062653,124.44406938436241,2559300
2023-04-27,127.03900146484375,127.07371048906927,124.84328819863325,124.9127062470843,1636400
2023-04-28,125.74585723876953,127.65517122417049,124.79988081201438,127.20388773632209,2165700
2023-05-01,126.57903289794922,127.0997477261626,125.69380047452206,125.94547732175879,1606600
2023-05-02,126.60508728027344,127.01298790803085,125.70249358549096,126.52696878786577,1398500
2023-05-03,126.3447265625,127.59446356222846,126.09303642753582,126.70923098030957,1674500
2023-05-04,125.32929229736328,126.83937982003094,124.96478795593784,126.1884763726288,2222000
2023-05-05,125.99755096435547,126.57903639807012,124.81725869070213,125.09497062489548,1636600
2023-05-08,125.61569213867188,126.20583824462544,125.25118779511267,125.83265995574267,1421800
2023-05-09,124.9040298461914,126.42280454749626,124.6783880864996,126.02359118475965,1372300
2023-05-10,124.46145629882812,125.19913913596545,123.72376021902251,124.7999256576719,1678800
2023-05-11,124.69572448730469,125.14702120776965,123.99275095201426,124.86930931701961,1618300
2023-05-12,125.5375747680664,125.58965816846136,124.39199157000752,124.86932342030903,1094400
2023-05-15,124.84329223632812,126.09301578883655,124.42670447616017,125.85001288340447,1720600
2023-05-16,125.5462646484375,125.78926755149945,124.21842262718292,125.02553657463903,1617100
2023-05-17,125.711181640625,125.91078836111465,124.53954991577906,125.67645936761207,1403700
2023-05-18,124.7999038696289,125.19911727822624,123.64563337491748,125.19044333201012,1273900
2023-05-19,125.86736297607422,126.08433078279609,124.49612484847236,125.0342140141541,1745600
2023-05-22,122.10948944091797,125.66776707321321,121.94459177484921,125.2772276361723,1751800
2023-05-23,120.26094818115234,121.90122462372416,120.05265427445534,121.73632693625572,1825100
2023-05-24,119.46248626708984,120.62544394281973,119.36701988869409,120.61675675399637,1081900
2023-05-25,118.9330825805664,119.37570543917474,118.36029756071882,118.794233230623,1268000
2023-05-26,118.29087829589844,119.0893184206124,117.63128753525038,118.72481400993865,1257600
2023-05-30,115.92157745361328,117.16262707279391,115.5223508234814,116.94565924488133,1941100
2023-05-31,116.53777313232422,117.18867669684465,115.24463995011688,116.36420149698549,5126100
2023-06-01,116.23399353027344,117.17129609660289,115.73931378959843,117.12791312697496,1546500
2023-06-02,118.10858154296875,118.14330380483574,115.84343731334047,116.04305721241862,1869500
2023-06-05,118.56858825683594,120.21755188783737,117.67468176047909,117.67468176047909,1568500
2023-06-06,117.70072174072266,119.01121610474345,117.0758532376842,118.76821315830264,1520600
2023-06-07,117.1626205444336,117.54448601910845,115.70460317858185,116.3728545165983,1893200
2023-06-08,117.95059204101562,118.10817994540307,117.13634779003982,117.27643483356363,1419100
2023-06-09,117.75798797607422,117.9768689946171,117.20640353432624,117.37275524592879,1033200
2023-06-12,117.89805603027344,118.12568744346886,116.9962674479906,118.12568744346886,1762100
2023-06-13,117.72296142578125,117.95934328399069,117.0050253423532,117.4515377672958,1362300
2023-06-14,118.30081939697266,118.65978750632785,117.53036722597814,117.86305732003366,1335100
2023-06-15,119.35145568847656,119.66663154988424,118.15197854722153,119.01875224440667,1493100
2023-06-16,120.54214477539062,120.70849648237832,119.91177975015657,120.3320275534582,2594500
2023-06-20,119.4127197265625,121.2950910127537,119.38645507489929,120.77853505079526,1585100
2023-06-21,120.95364379882812,121.22506747992426,119.28140299389403,119.49152021869493,1359800
2023-06-22,120.37579345703125,121.87293193972631,120.25322063763261,121.65405095084051,1288300
2023-06-23,119.9205322265625,121.54025709024637,119.72791586354808,120.82232094456772,3228900
2023-06-26,119.4127197265625,120.41956699881617,118.10818413639853,119.8942606061154,1674000
2023-06-27,121.05870056152344,121.10247943100248,119.14130096948475,119.40396082692374,1292600
2023-06-28,119.91179656982422,120.60345478809658,118.61601117544664,120.5947043557676,1254600
2023-06-29,120.0868911743164,120.56843211087609,118.93995671778923,119.50904205044478,1232500
2023-06-30,120.87484741210938,121.1287568662274,120.08688111605602,120.42833495893737,1593700
2023-07-03,120.3670425415039,120.76102569175042,119.17632930023292,119.80670768440207,1012100
2023-07-05,120.50712585449219,120.8048008157094,119.72791000928453,120.45459655068166,1847300
2023-07-06,120.70849609375,120.72601031533358,119.36019493942298,119.92928022624015,1672800
2023-07-07,118.51093292236328,120.03434953993931,118.24827304216929,119.99057066666757,1610100
2023-07-10,118.35333251953125,119.8329702747004,118.05565755419593,118.95744624058247,1717200
2023-07-11,118.3796157836914,118.63351188669878,117.39901973755383,118.50218861952897,1305500
2023-07-12,117.89805603027344,118.42336237444019,117.51282336222349,118.29203912825726,1800900
2023-07-13,118.00314331054688,118.35334762511644,117.3114851134686,118.35334762511644,1097300
2023-07-14,118.3095703125,118.55471598015068,117.49532599110262,118.07317507603793,1319300
2023-07-17,117.79300689697266,118.51969350533301,117.41653794534852,118.28331161640337,1059100
2023-07-18,117.23268127441406,118.63352529323883,117.10135799240365,117.6266778393226,1363600
2023-07-19,118.50218200683594,118.71229922258264,117.32021923051515,117.37274853445182,1685200
2023-07-20,118.0819320678711,118.13446137679522,114.53607012111627,116.43595583068542,2282500
2023-07-21,120.07811737060547,120.42833500410018,118.30080462885955,118.43214125120883,2080700
2023-07-24,120.09562683105469,120.96240041022531,119.570320440793,120.27072896114191,2589800
2023-07-25,116.3746566772461,119.75418008976277,114.88626844425355,119.75418008976277,3840500
2023-07-26,115.47285461425781,116.89119915522747,115.12265037383717,116.30459970483341,2739400
2023-07-27,114.09829711914062,115.78805207143436,113.81812301917934,115.78805207143436,3376800
2023-07-28,114.18585205078125,115.52540286126629,114.01074990185307,114.5885990168099,1816000
2023-07-31,113.0301513671875,114.36093820041226,112.4960812040395,113.94944086030958,3115200
2023-08-01,112.94258880615234,113.888156269057,112.5486057031342,112.96010302567888,2011400
2023-08-02,113.35409545898438,114.14206172987895,112.73246752926013,112.90758302006896,1443900
2023-08-03,112.6449203491211,114.0720153758725,112.44354021157346,113.5029301231689,1215500
2023-08-04,111.8656997680664,112.9688618904889,111.79566292388381,112.63615849181967,1355400
2023-08-07,112.57489013671875,113.14397545670818,112.01455524831282,112.01455524831282,1116600
2023-08-08,111.6643295288086,113.03015148370687,111.63806487808864,113.03015148370687,1177100
2023-08-09,111.90071868896484,112.77624267634044,111.56802197846058,111.62930839038815,1191100
2023-08-10,111.87445831298828,113.06517151569545,111.56802624164118,111.76064259497883,1498500
2023-08-11,112.03205108642578,112.46981976945735,111.81317008476903,112.4435417585773,918700
2023-08-14,111.56803131103516,113.08269087497085,111.4804802409176,112.64492884466462,1324100
2023-08-15,110.7537841796875,111.80441029053254,110.57868205445263,111.39291962825881,1179200
2023-08-16,110.6224594116211,111.62055626744723,110.51740080346144,111.14777249157409,1268600
2023-08-17,111.05146026611328,111.74312502339671,110.51739677476074,110.65747714044001,1711100
2023-08-18,112.27720642089844,112.7499835189645,110.61370274817283,110.92014150245916,2220600
2023-08-21,110.92888641357422,112.60989086445997,110.60494681360063,111.83068173059904,1203300
2023-08-22,112.02330017089844,112.33848936509149,110.58744125500496,110.85010114340531,1336600
2023-08-23,112.68870544433594,113.15273211833663,112.12837059123491,112.56613261270249,1597500
2023-08-24,112.53984832763672,114.18583771162527,112.53109789709232,112.94259524308947,1397000
2023-08-25,113.12646484375,113.54671263397607,112.11960420204966,113.1177010534843,1165800
2023-08-28,113.3716049194336,113.80936690920129,112.81127010690838,113.17022478534675,1486800
2023-08-29,113.38910675048828,113.64301618801022,112.29470176670435,113.64301618801022,1235300
2023-08-30,113.3453369140625,113.9844656595647,113.06516283637448,113.43288129376351,930300
2023-08-31,112.79375457763672,113.58172080629946,112.76748992731034,113.31906094360002,1795500
2023-09-01,111.59429168701172,113.03890766759802,110.7712969640691,112.90758440731418,2271700
2023-09-05,111.20905303955078,111.69059390060691,110.75378350886687,111.06021556603083,2198100
2023-09-06,110.83257293701172,112.014535605957,110.83257293701172,111.14776209143477,2136000
2023-09-07,112.35265350341797,113.0508262482242,110.77955832204864,111.2302788013678,1723800
2023-09-08,112.6619873046875,113.04200524983209,112.0787011245529,112.53825441649623,1261300
2023-09-11,113.16573333740234,113.72249425968634,112.92711380777278,113.14805432054196,1311900
2023-09-12,110.32001495361328,113.20992054477483,110.15209801161461,113.15688349587658,1788100
2023-09-13,110.46141815185547,111.16843049790972,110.24047763653469,110.7972520503875,1356400
2023-09-14,111.2479476928711,111.46888817213745,110.33767399710464,110.69118011244447,982100
2023-09-15,110.47907257080078,112.08751889451335,110.26696486866852,111.09770317893333,2274300
2023-09-18,110.5762939453125,111.15957330683898,110.06371041309008,110.81490669717144,1378100
2023-09-19,109.9134750366211,110.41721907332102,109.45391505143293,110.24046263956845,942900
2023-09-20,110.40837860107422,111.21259845427224,109.81625972395712,110.38186682188517,1212200
2023-09-21,110.70885467529297,111.69867047021614,110.55861676449892,111.00049773217683,1675800
2023-09-22,109.55998229980469,111.06237508616559,109.36555357020212,110.54095871365811,1439800
2023-09-25,109.12693786621094,109.92231829503811,108.7115686354501,109.5511398625762,1142900
2023-09-26,109.1711196899414,109.8516202114446,108.59667303664585,108.59667303664585,1375400
2023-09-27,107.51848602294922,109.5246227564112,106.91752760517124,109.21530741106272,1466900
2023-09-28,107.4654541015625,108.05757300268442,106.89100747309358,107.92501410136514,1319100
2023-09-29,106.80264282226562,108.04875055419582,106.36960130394854,108.03991104574095,1710200
2023-10-02,105.17650604248047,106.5816842328669,104.43414253727069,106.2812084220553,1742300
2023-10-03,106.5374984741211,107.24450394016607,105.17650435521014,105.24720018201695,1720200
2023-10-04,106.95286560058594,107.04124718747435,105.33558639608165,106.64355027418175,1564000
2023-10-05,104.71695709228516,106.65239802251797,104.54904689787311,106.34308267221269,1598500
2023-10-06,104.99977111816406,105.35327730053301,102.79920541533608,104.53137829211731,1260000
2023-10-09,104.78765106201172,105.36209766114203,103.70062092873015,104.97324025694888,1188200
2023-10-10,105.7951431274414,106.17516103888433,104.95557196481033,105.66257748529738,1212400
2023-10-11,105.47698211669922,106.30772046583593,104.84951197264192,106.1928338453978,1068300
2023-10-12,105.83049774169922,106.39610487289653,104.60206912151423,106.03376596505241,2032600
2023-10-13,106.41378784179688,106.93520419607181,106.00725137998735,106.11330524949015,1370800
2023-10-16,107.5538330078125,108.04874431416214,106.62588695072381,107.03241666276776,1408600
2023-10-17,107.6156997680664,107.81012849409483,106.86450338869508,107.31522391334556,1392100
2023-10-18,109.0827407836914,109.41856790668112,108.24316960493273,108.51713365940937,2036600
2023-10-19,108.57899475097656,109.77207204633082,108.03989941693442,109.14460186496034,1696700
2023-10-20,108.78225708007812,109.54229290969566,108.39340640026519,109.22413806275954,2082700
2023-10-23,107.65103912353516,108.98552153304162,107.53615249933243,108.86179540157146,2921900
2023-10-24,106.49332427978516,109.12693808762565,104.61974635475781,108.26084833422144,3814700
2023-10-25,104.9732437133789,107.31521423767393,104.6992796655321,106.88217276856187,3675900
2023-10-26,106.20167541503906,107.93384808504523,104.68160373210722,104.77881808921813,3365100
2023-10-27,103.27642059326172,105.91002739213233,103.07315238083257,105.6183910770032,2507300
2023-10-30,105.62723541259766,105.73328928407852,103.80668777887597,104.01878877926848,2026100
2023-10-31,105.7332763671875,106.38725830500287,104.95556829904403,105.98072862784367,2835700
2023-11-01,105.58305358886719,106.0514463983153,105.07046997972535,106.0514463983153,1973700
2023-11-02,106.97937774658203,107.05891307895946,105.49465752575786,106.25469327823737,2037600
2023-11-03,105.51234436035156,107.67755855757312,105.28256435304255,107.1914935044055,2482000
2023-11-06,106.74960327148438,106.94403197296046,105.51233523328341,105.51233523328341,1603300
2023-11-07,106.41378784179688,107.35057342341307,106.21935911899295,106.54634675046398,1484700
2023-11-08,106.63470458984375,107.12960905212854,105.89234115384895,106.811454257069,1252500
2023-11-09,106.15748596191406,106.93519403667432,105.16767016829954,106.73192582508109,2289100
2023-11-10,106.79378509521484,107.04124409174989,105.67141044541728,106.70541025345072,1319000
2023-11-13,107.12962341308594,107.36823617008335,106.6965819505366,106.74960550929858,1097900
2023-11-14,107.05891418457031,107.83662221586474,106.86448549110467,107.27985465576887,1236700
2023-11-15,107.42127227783203,107.8808255446025,106.90868870686465,107.11195018815141,1966100
2023-11-16,107.56265258789062,108.64084311000389,106.7407538081295,107.64219465951537,2568700
2023-11-17,107.11195373535156,108.2520075460916,107.00590660858353,108.04874605807348,1934100
2023-11-20,106.5286636352539,107.10311023710254,106.27237186696549,106.67006203763155,1733200
2023-11-21,107.42127227783203,107.58918247051048,106.37843286287753,106.74077177161732,1500800
2023-11-22,108.10176086425781,108.32270135055188,107.58034455303672,107.8896598853347,1427200
2023-11-24,108.19898986816406,108.4376026589405,107.56268010266756,108.21666214273031,666500
2023-11-27,108.1724624633789,108.33153988177997,107.46545021658115,108.33153988177997,1387400
2023-11-28,107.81011962890625,108.72039336903396,107.65988171389985,108.1371139814808,1802400
2023-11-29,107.6156997680664,108.2343372365722,107.25336084075191,107.56267620372019,1657500
2023-11-30,109.3478775024414,109.40090106592284,106.8733411539146,107.50081137786502,2741400
2023-12-01,109.62183380126953,109.63950607365449,108.7999349127123,109.35670251751483,1802300
2023-12-04,109.73672485351562,110.35536229303469,109.23298078812225,109.39205821627641,1693500
2023-12-05,107.3328857421875,110.01069010475796,106.90868378356049,109.78091011066999,2001900
2023-12-06,108.21664428710938,108.23432330132808,107.07659734503227,107.62452541958163,2415600
2023-12-07,108.41297149658203,109.23394905972225,107.75262604656123,108.41297149658203,2007000
2023-12-08,107.0298080444336,108.36834988867842,106.71747616756909,108.26126409019552,1795500
2023-12-11,107.9489517211914,107.99356570300932,106.71748872237778,107.35998997251068,1337300
2023-12-12,108.66282653808594,108.71637284270535,107.85078133993187,108.18095745374346,1650700
2023-12-13,110.31370544433594,110.34940071302181,107.79724687148125,108.11849748147772,2310700
2023-12-14,107.83291625976562,110.22444437332243,107.66337227371517,110.22444437332243,2112100
2023-12-15,106.58363342285156,106.99411879452035,105.51279580233728,106.70856345735179,5048900
2023-12-18,107.60984802246094,108.04710996997612,106.64610297365815,106.8870375338147,1710100
2023-12-19,107.77046966552734,107.98464127635418,107.1011987000902,107.52953511356755,1277800
2023-12-20,106.01251983642578,107.4581407125543,105.9768245692382,107.26182014711065,1801100
2023-12-21,106.57471466064453,106.73533997349658,105.35217717903865,106.49439860013017,1369500
2023-12-22,107.27074432373047,107.71692494572827,106.75317316825078,106.84241473919113,1134000
2023-12-26,107.16366577148438,107.44030240539291,106.79780117695258,107.27967709828283,792600
2023-12-27,107.35999298095703,107.42245800379386,106.6907219613437,106.78888225554113,941800
2023-12-28,107.81509399414062,107.87755901397259,107.16366723745602,107.38675756659538,1129700
2023-12-29,108.43083190917969,108.52006668449013,107.76156088208589,107.81510038563677,1765800
2024-01-02,109.1893310546875,110.01030183057502,108.15418866129988,108.15418866129988,2347700
2024-01-03,108.63606262207031,110.00137432008253,108.24342828011329,109.6087399781255,1742500
2024-01-04,109.34103393554688,109.91214464867376,108.53790736765698,108.76099770272769,2018600
2024-01-05,109.0911636352539,109.7782788073386,108.3951229443126,109.33209817897354,1394100
2024-01-08,109.94783020019531,110.00136969726299,108.97515969319312,109.71581436594182,1535700
2024-01-09,110.33155059814453,110.3404761174348,109.35888004897402,110.02815102403952,1403200
2024-01-10,110.00138092041016,110.59034268094933,109.26964488373157,110.36725234283784,1899500
2024-01-11,110.49217987060547,110.67064941375853,109.56412326822085,110.25124530653116,1608400
2024-01-12,110.80449676513672,111.22390764946445,110.39401139975831,110.94727783562112,1201800
2024-01-16,109.82289123535156,110.85803348230327,108.97515082924586,110.7330966523474,2725600
2024-01-17,110.04598999023438,110.94727676649764,109.50164907856632,109.55518857539397,1822200
2024-01-18,109.796142578125,110.06384690128408,109.0108670320774,109.19826210074181,1348000
2024-01-19,109.55519104003906,110.26908278528977,109.26071699268618,109.91213691266441,1806000
2024-01-22,109.17147064208984,109.76043232738074,108.80560607458341,109.41241198904555,1925000
2024-01-23,111.50053405761719,111.99133546219599,109.98352267502514,110.38508250918893,3656800
2024-01-24,105.33432006835938,107.99355271265235,105.0933787244536,106.82456168371775,6020600
2024-01-25,107.5206069946289,107.60092304879106,105.2272388141768,105.43248490087906,2769500
2024-01-26,108.1274185180664,108.17203930692752,107.02981791711885,107.50276832306994,2579700
2024-01-29,108.21664428710938,108.48435538165717,107.50275938194184,108.25233955359415,1823100
2024-01-30,108.6003646850586,108.72529471918153,107.01196270134439,108.28803959975123,1949800
2024-01-31,107.9489517211914,109.18040791182834,107.20829017961171,109.03763363856363,2586300
2024-02-01,110.14414978027344,110.18877056621417,106.77102533170559,107.70800056287662,1939700
2024-02-02,109.10008239746094,110.5278589581706,108.89483632552657,110.25122916433251,2485800
2024-02-05,107.95785522460938,109.2696203999118,107.8686136628195,108.95729535817313,2232500
2024-02-06,108.27020263671875,108.67176251504075,107.60985034554578,107.91325674033436,1741500
2024-02-07,108.03817749023438,108.88591796407663,107.65446187605633,108.88591796407663,1903500
2024-02-08,107.32428741455078,107.97571414008436,106.81564176076338,107.87755385530292,1985800
2024-02-09,106.91381072998047,107.50277248650957,106.28916051079214,107.15475210607939,1612700
2024-02-12,107.14582061767578,107.15474613693178,106.0303689968504,106.63717495090647,1651100
2024-02-13,105.78943634033203,107.78832377442403,105.38786966472449,107.45814763779248,1789200
2024-02-14,105.65558624267578,105.842981311041,105.00415945515938,105.2718705860679,1590600
2024-02-15,106.00360107421875,106.03929634368153,105.34325560959853,105.87867103518725,1591000
2024-02-16,105.55743408203125,106.28024465973108,105.23618342345857,106.28024465973108,1731300
2024-02-20,106.32484436035156,107.51168645749713,105.88758925388912,106.01251928430696,2293200
2024-02-21,107.48492431640625,107.51170087638066,106.55687448260186,106.7085742815721,1301100
2024-02-22,108.02032470703125,108.20771973983614,105.85188674432389,106.86917795565074,1679800
2024-02-23,108.54681396484375,109.44810066770141,107.9310825687699,108.29695392242988,1488300
2024-02-26,108.18095397949219,108.93945965684333,108.0381729159939,108.3951187665638,1413500
2024-02-27,108.145263671875,108.4218934848661,107.52060670269437,107.96678733431932,1162600
2024-02-28,108.18095397949219,108.50219775601168,107.5562970389509,108.05601714484327,1080400
2024-02-29,108.1274185180664,108.73422448242434,107.5652333425696,108.15418826811246,3266000
2024-03-01,109.67120361328125,109.82290339821868,107.97571580511932,108.6271425406982,2340800
2024-03-04,110.19769287109375,111.43807450913107,109.74259351889967,109.8229027664011,3453100
2024-03-05,110.31370544433594,111.00974616326948,109.75151347275396,110.45647971090305,2359100
2024-03-06,111.3756103515625,111.52731694497474,109.98352891871286,110.26908425899424,2563600
2024-03-07,113.45731353759766,113.59249042359049,111.25845635990153,111.74508902424651,2629200
2024-03-08,113.23202514648438,113.67359657313213,112.50207268567058,113.28609315269937,2004100
2024-03-11,114.25035095214844,114.31343258787342,113.39424205654034,113.65558222608176,1261000
2024-03-12,114.18726348876953,114.98029070817975,113.82679407071677,114.07912060073902,1888400
2024-03-13,115.25965118408203,115.30470556151477,114.03405936164924,114.43057638519569,1829600
2024-03-14,112.47503662109375,115.22360814301737,112.16864209098142,114.88116598429498,2560200
2024-03-15,112.16865539550781,113.05179833736806,111.19538993374175,111.19538993374175,6511100
2024-03-18,111.95236206054688,112.98870215221324,111.90730080639526,112.10555932405103,2156000
2024-03-19,112.69132995605469,112.97069050230434,111.93434345520232,112.44801016545183,1668500
2024-03-20,112.12358856201172,112.84452743312349,111.89829602421213,112.57417363761091,1326900
2024-03-21,112.47503662109375,112.6011998835379,110.86194133654963,111.77212505165286,1799900
2024-03-22,112.58316802978516,113.16892990306525,112.42095715526732,112.86252852880645,1440400
2024-03-25,112.80846405029297,114.07010346088127,112.60119191929093,112.79945042493245,2332000
2024-03-26,113.6285400390625,114.05209110636493,112.85354004137733,113.04278494637536,2045500
2024-03-27,114.6919174194336,116.51227802511391,113.81778818390174,116.51227802511391,2416400
2024-03-28,116.56634521484375,117.12506621562792,115.7012159629158,116.1518009637451,3204100
2024-04-01,116.0707015991211,116.755585865657,115.68319133921288,115.89047034484989,2093400
2024-04-02,115.07042694091797,116.84573336433557,115.0433929345322,115.80037261486572,2287100
2024-04-03,113.60150146484375,115.16052877480008,113.43929057060195,114.94424987427178,2100900
2024-04-04,113.9980239868164,114.71896285704418,113.61052054726093,114.19628251989818,2009200
2024-04-05,113.82678985595703,113.98900074430533,112.86253815171489,113.61051096328663,1558500
2024-04-08,113.59249114990234,114.55674285892302,113.27707612210828,113.62853190270765,1343600
2024-04-09,115.29571533203125,115.38582409980842,113.6555858751404,113.73668789136958,1884900
2024-04-10,114.59278869628906,114.89918321802044,113.96196552594134,114.64685670003414,1690700
2024-04-11,113.61953735351562,115.32274843482598,113.51139445734029,115.32274843482598,1988700
2024-04-12,111.64596557617188,113.75470723140393,111.60090432003531,113.42127181198751,2661600
2024-04-15,113.00672912597656,113.16894001498835,112.37590594631646,112.62823934340975,2340800
2024-04-16,112.8985824584961,113.74568450332647,112.55614031556001,113.35818110785958,2296000
2024-04-17,113.51139068603516,113.72766959581736,112.69132942894541,113.17795525710972,2290800
2024-04-18,113.19597625732422,114.06109872404654,112.58318031730647,113.79975857127904,2350800
2024-04-19,114.29540252685547,114.37650453360979,112.15962696902511,112.5471303771872,4795600
2024-04-22,116.1878433227539,116.28697257433988,114.30440129338366,114.90819042814772,2705600
2024-04-23,122.59518432617188,125.93853171947292,121.63994614259032,125.22661333289827,5773600
2024-04-24,124.16322326660156,124.55974033623579,121.17134549250164,122.25274693192613,3551300
2024-04-25,122.94661712646484,125.5780456405523,122.3878961238604,124.34343338373897,3024200
2024-04-26,121.87425994873047,123.1989812118184,121.86523944645114,122.78443687917384,2123900
2024-04-29,122.49604034423828,122.51406759575353,121.09021724285545,121.87424454998352,2148100
2024-04-30,123.03675842285156,123.55943875545483,120.90999633708469,122.07251352103002,2875700
2024-05-01,122.9826889038086,124.01002230333667,121.87425349265685,121.87425349265685,2105600
2024-05-02,123.00971984863281,123.43327089982114,122.36087627024918,122.4600055322457,1687200
2024-05-03,122.64022827148438,123.15390179811921,121.46870446142152,122.36987450750624,1907300
2024-05-06,122.53208923339844,122.92860624398367,121.45068795501535,122.57715048474009,1796200
2024-05-07,122.54109191894531,123.80273816084897,122.2346974212058,123.39720066298821,2614100
2024-05-08,122.49604034423828,123.18093839417838,122.09051656511076,123.03674788358427,2180700
2024-05-09,123.15390014648438,123.32512465306634,122.06347835500969,122.676281128526,1164700
2024-05-10,123.16291046142578,123.5504207376586,122.54110091984643,123.22599896599823,1048900
2024-05-13,122.82046508789062,123.88385294078351,122.46900930404557,123.18994812368688,1194200
2024-05-14,121.74808502197266,123.3161121827544,121.15330946061749,122.8114591309734,1454900
2024-05-15,120.85591888427734,122.09953798365882,120.77481687799526,121.70302095192768,2166700
2024-05-16,121.36058044433594,121.66697499008762,120.63063483502427,120.98209063768414,1631800
2024-05-17,121.01811981201172,121.41463683363537,120.39632402893498,121.41463683363537,1418800
2024-05-20,120.41433715820312,121.01811943899129,120.2160786480024,121.00010593861933,1796400
2024-05-21,120.52249145507812,121.2704642716046,120.16201517260286,120.75679072561393,1384900
2024-05-22,120.63961791992188,120.67567241868153,119.73844796160287,120.01780844855979,1518500
2024-05-23,118.81024932861328,120.11694307657777,118.5669433295132,120.10793632686541,1568900
2024-05-24,118.90037536621094,119.51316438319287,118.41373585200684,119.1527018732933,1413900
2024-05-28,116.3861083984375,118.43176829627158,116.14280238142919,118.2425302830429,2189600
2024-05-29,115.49396514892578,116.3861147615938,115.30471337458623,116.1608222330187,1608500
2024-05-30,116.85472869873047,117.40444302614043,115.4939667574602,115.4939667574602,2681000
2024-05-31,120.12596130371094,120.4503830471344,116.55732212605285,116.85470987008792,4228800
2024-06-03,121.558837890625,122.09954546717375,120.53150449579424,121.31551810610156,2184300
2024-06-04,123.81175231933594,124.93821487910527,121.94633747075504,122.32482724074589,3553400
2024-06-05,123.31611633300781,124.0010144269877,122.08151766472382,123.6044973727393,1593400
2024-06-06,123.46028900146484,123.70360874971051,122.47801700959246,123.38819375195638,1791200
2024-06-07,122.27825927734375,123.91494314747699,122.20551623041365,123.44212027959016,2185200
2024-06-10,123.17843627929688,123.8058329058227,121.32352330745378,121.7963461653789,1938800
2024-06-11,123.34209442138672,123.39666210971093,122.22369961128598,123.0147576630259,1910800
2024-06-12,122.92383575439453,123.44211084698176,121.89635937220635,123.44211084698176,1908700
2024-06-13,126.77912139892578,126.88824289949447,125.59708511635101,126.2153801642014,3493800
2024-06-14,126.83368682861328,127.2428542940915,125.86985194138305,126.25175637510023,1736300
2024-06-17,127.70658874511719,128.27034390227624,125.6698388848817,125.9607972044934,2006600
2024-06-18,128.81588745117188,128.9340966314424,127.39743278519332,127.59747268673561,1433100
2024-06-20,127.406494140625,129.29777126263122,127.00641442019679,128.20665358148142,1752900
2024-06-21,126.81549835205078,128.2521422026899,126.71547840440134,127.84297473478452,3481100
2024-06-24,127.02462768554688,128.26123165802963,126.77003397424014,127.26104604198648,1468500
2024-06-25,125.86077880859375,127.19740285811484,125.65165121306102,127.11557213042613,1617300
2024-06-26,126.54271697998047,126.81549992006238,124.56960878315076,125.26974842535377,1818400
2024-06-27,126.70640563964844,127.06101933681111,125.93352287372862,126.5700072180824,1421900
2024-06-28,125.66075134277344,126.99737552473728,125.54255601583962,126.45182341177043,4428300
2024-07-01,125.31522369384766,127.50654730298952,125.30612214144773,126.51544929363514,2052800
2024-07-02,125.46979522705078,126.23357640185354,124.55142640738602,125.47888290497077,1726800
2024-07-03,125.04241943359375,125.51522835104838,124.39683366746658,125.15152704926554,736900
2024-07-05,125.74256134033203,126.00625661128058,124.26955284164399,125.0606109058554,1221400
2024-07-08,126.6427230834961,126.84276295939878,125.76073286910203,125.91530661424225,1348600
2024-07-09,126.77912139892578,127.3155996014038,125.96987413081767,126.46997387500058,1875300
2024-07-10,128.0157012939453,128.03389051967216,126.81547600794079,127.14281269945367,1298500
2024-07-11,128.22486877441406,128.87044073867563,127.72476902260215,128.26123335894724,1396800
2024-07-12,128.6885986328125,129.4887582889697,127.65203447566238,128.3976403142303,1478800
2024-07-15,128.2157440185547,129.30687559751806,128.17937944060262,128.6976544537273,1863300
2024-07-16,129.5342254638672,129.70697459617497,128.17032451596074,128.25215524299884,1917000
2024-07-17,130.5253143310547,131.78009368054944,129.4796486864393,129.77970853884284,2296300
2024-07-18,130.98904418945312,132.4074989485889,129.57058943031734,129.7706293449973,2316500
2024-07-19,130.59803771972656,132.0528567518731,130.33434249170193,131.9164722369051,4086100
2024-07-22,131.061767578125,131.27999669076368,129.8342513652956,130.47983715207098,2620400
2024-07-23,123.55123901367188,127.88843382926692,123.30573297008361,127.17011880272295,5074500
2024-07-24,127.76113891601562,127.8157066065582,122.45102139723679,122.54195367382363,3581800
2024-07-25,128.2703399658203,129.93428685438832,127.80660478026627,128.20668459748254,2704900
2024-07-26,128.9431610107422,129.57964518504681,128.2430214818499,128.82495185183046,2064500
2024-07-29,128.0702667236328,128.7885815726258,127.12462124282884,128.56126481512862,3083100
2024-07-30,124.00587463378906,125.44251858428079,123.12388427257379,124.77874348814643,3517800
2024-07-31,122.7965316772461,123.8149064479106,121.87816297397872,123.68760960157755,3375600
2024-08-01,125.9153060913086,126.21536590391646,123.24205855563407,123.76943514679502,2497300
2024-08-02,127.38834381103516,129.27960743021256,125.01515579808951,127.40651916603261,2401700
2024-08-05,125.16062927246094,128.30670000836105,124.44231426194406,127.42470968099816,2547200
2024-08-06,126.46088409423828,128.0339124685807,126.19718883609288,126.26084419989226,2077300
2024-08-07,127.31559753417969,128.7613290558114,126.59726867483957,126.62454558095968,2392200
2024-08-08,128.4340057373047,128.47037032449504,126.5245388633415,126.5245388633415,2144200
2024-08-09,127.58837890625,128.14301857344012,126.98825923032842,127.96116791009558,1485200
2024-08-12,125.75164794921875,126.87004264405219,125.22427134430721,126.87004264405219,2394100
2024-08-13,125.87894439697266,126.31538873699097,125.38793237442606,125.91530897767609,1777100
2024-08-14,128.04299926757812,128.24302526456154,125.04241507241909,125.47885939419945,2167100
2024-08-15,128.91590881347656,129.03411799504138,127.34288036532216,128.70678123205323,1875600
2024-08-16,129.5342254638672,129.72516382695608,128.5522151164564,129.08867949279664,1552600
2024-08-19,130.44349670410156,130.62534739445385,129.77972156655414,129.77972156655414,1311700
2024-08-20,131.15272521972656,131.2709205385819,130.23435633304115,130.23435633304115,1092500
2024-08-21,131.4618377685547,132.46202324472668,130.79807667649428,131.37090550966872,1447300
2024-08-22,131.48004150390625,132.0710596289392,130.8617325987442,132.0710596289392,1420900
2024-08-23,130.57986450195312,131.56187475306106,129.67059729251798,131.47094248239094,1252000
2024-08-26,131.061767578125,131.13451061567122,130.1888650018861,130.45256024728062,1148400
2024-08-27,130.51620483398438,131.76191030436993,129.99792975634054,130.9799399750677,1265100
2024-08-28,130.8071746826172,132.0619678078991,130.21615657612935,131.0344914734688,1467100
2024-08-29,130.22528076171875,131.04361588847874,129.73426858620695,130.96178515066669,1879200
2024-08-30,131.53460693359375,131.58007307206978,130.41619819921704,130.46166433769307,2421700
2024-09-03,133.98052978515625,134.5897371547665,131.84374627850215,131.84374627850215,1904100
2024-09-04,134.88980102539062,135.36261000216038,134.062364504568,134.34423512995838,1853600
2024-09-05,134.61700439453125,135.76267600930672,133.96233093628365,135.35350856648088,1788200
2024-09-06,134.6903839111328,135.81807156086106,134.5620293330304,134.61703643941718,2160600
2024-09-09,134.9379119873047,135.33215288767428,134.20446527056015,134.48867797173855,1836500
2024-09-10,134.08526611328125,135.98309505635348,133.84689734311314,134.93790416740455,1498600
2024-09-11,131.28892517089844,133.6634911111556,130.546301489857,133.6634911111556,2350400
2024-09-12,130.5371551513672,131.78403395872175,129.89536839098395,131.48148094043748,1977100
2024-09-13,131.5823516845703,131.7382098101695,129.73036656283986,129.97791252213236,1960400
2024-09-16,132.20579528808594,132.77423472343673,131.77488761482343,132.12328462459323,1650900
2024-09-17,129.8770294189453,131.9765459917506,129.64782388092922,131.66482981755172,1851200
2024-09-18,129.40029907226562,130.5371637623646,128.66683843315656,129.73035566038482,1717300
2024-09-19,128.4468231201172,129.73953206481835,128.32763173210947,129.1344399162857,1553500
2024-09-20,129.04273986816406,129.39113682192183,127.66750640598114,128.15342111011793,5576100
2024-09-23,129.4644775390625,129.96871859057552,128.4193007218505,128.78602403015043,1776900
2024-09-24,129.3177947998047,130.14292931599422,128.7126886934797,128.91439072892135,1858500
2024-09-25,129.45530700683594,130.69302271766404,129.17109432987792,130.1887676506749,1683100
2024-09-26,130.35379028320312,130.82137861809824,128.69434412818705,128.73102485503287,1478700
2024-09-27,130.68385314941406,131.46315775191223,130.17043486571603,130.39047726855762,1689400
2024-09-30,130.44546508789062,131.5639893218504,129.76701160495858,131.38979086071942,1962200
2024-10-01,130.56466674804688,131.22477992143277,129.69368836331768,130.50965964853106,1849600
2024-10-02,129.96871948242188,130.42713061574113,129.11608148945487,130.25294613634176,1587600
2024-10-03,128.3917999267578,129.67535965238724,128.2634453531548,129.64785610015798,1436000
2024-10-04,129.1710968017578,129.45530948415467,127.0348991058868,127.5483173695196,1593000
2024-10-07,129.07025146484375,130.79388198824043,128.8777266023106,129.99623701752012,2037100
2024-10-08,130.19790649414062,130.43628920283638,128.82267329017193,129.44611961722745,1527300
2024-10-09,130.35379028320312,130.8305418050105,129.71201745938453,130.0512512295159,1249400
2024-10-10,129.32691955566406,130.94053535968828,128.923515604658,130.39959970378763,1296500
2024-10-11,130.41796875,130.55548649554933,129.36362872852803,129.9778979746445,1384400
2024-10-14,131.6006622314453,131.8115414256567,130.31711665171227,130.39962729835278,1366600
2024-10-15,133.1500701904297,134.34194172304382,131.95819865781556,132.02238292007402,1964000
2024-10-16,133.80104064941406,134.23194822365383,131.71985023655358,132.42580728216302,1819300
2024-10-17,133.9385528564453,134.45197105400422,133.32428365653755,133.71852448011813,2537200
2024-10-18,133.3151397705078,133.57184890645058,131.2156087784632,132.80172149862227,3915400
2024-10-21,132.2149200439453,133.97521678184995,132.0223812492018,133.31510375643634,2508300
2024-10-22,126.29228210449219,127.86005452052333,125.36629654237741,125.65050924017505,4180200
2024-10-23,125.5038070678711,127.01655830295657,124.96288525552886,125.54965098187941,2640900
2024-10-24,125.61381530761719,126.33811274161427,124.83452476485813,125.64131885679706,1835300
2024-10-25,124.24777221679688,125.81553064437236,124.07357372715533,125.2837719879505,2273900
2024-10-28,124.33943176269531,125.36628221787278,123.95436808810288,124.96287818079567,2036400
2024-10-29,123.32176208496094,124.55031459455473,123.23008824905563,123.55096765912126,1608800
2024-10-30,123.23007202148438,123.58763211050518,122.43242721551779,123.08337711583579,1636300
2024-10-31,123.01922607421875,123.85353783713485,122.73501336126051,123.1842613850461,3322500
2024-11-01,123.41344451904297,124.22025258151255,122.9825369392783,123.4226077053538,1678200
2024-11-04,122.61581420898438,124.63282038504427,122.50578602475011,123.81684913242741,1537700
2024-11-05,123.61515808105469,123.64266163215356,122.39578268714254,122.75334284102665,1414800
2024-11-06,120.69046783447266,124.92618171073833,119.9661844879858,124.82533071417983,2235400
2024-11-07,121.24974822998047,122.7258326810598,121.11223048189152,121.26808859292498,1879900
2024-11-08,122.49663543701172,123.21175575489487,121.20391255868488,121.51562880194699,1703500
2024-11-11,122.17573547363281,123.39511081948763,122.0015509867377,122.23075656326083,1569800
2024-11-12,121.14889526367188,123.07422764344345,121.03888106697559,122.85418526045312,2525000
2024-11-13,121.19474029541016,122.4049384390456,120.9838750865945,122.4049384390456,1494800
2024-11-14,120.72714233398438,121.71731200311349,119.9570150323051,120.75465987081277,1543400
2024-11-15,122.92753601074219,123.97271287611701,120.56213279129429,120.62631706748307,3199100
2024-11-18,124.69697570800781,124.9812023260481,122.34075005477796,122.6157994979679,2038300
2024-11-19,124.33026123046875,125.28375017937267,123.67014811599802,124.43111223377946,1771300
2024-11-20,125.02706146240234,125.15541603394304,123.4501258751314,124.05523199365146,1883400
2024-11-21,125.63215637207031,126.51231191953589,124.73367445144761,125.14624168104798,1618500
2024-11-22,126.90652465820312,127.5299710160841,126.05388674459087,126.3014186610353,1977600
2024-11-25,127.56665802001953,128.1259201990771,126.40228974763443,127.51165091873493,4025000
2024-11-26,128.10755920410156,128.60265101512684,127.27326165298221,127.48412683714677,2305200
2024-11-27,127.62166595458984,128.90522561453804,127.41996392216369,128.22677205186835,1466800
2024-11-29,127.75920104980469,128.17176831255432,126.53064845927165,126.53982563618541,1213100
2024-12-02,127.95171356201172,128.7218409100994,126.86069282408873,128.13507521780437,2397100
2024-12-03,125.43045806884766,128.12591790021838,125.15540857776118,127.70417348193934,2187700
2024-12-04,125.41210174560547,125.41210174560547,124.09188953767737,124.73366227547501,2068200
2024-12-05,126.65898132324219,126.81485340807372,125.23791810504194,125.68715202966142,2201700
2024-12-06,124.62400817871094,127.43598815184068,124.41126424388695,126.83473565535243,2207200
2024-12-09,122.97753143310547,124.95701129958317,121.71954330487962,124.4112700821794,3423800
2024-12-10,123.08853149414062,123.92101756143335,122.08028080381044,122.30228367506687,2662500
2024-12-11,120.81305694580078,123.85627066888044,120.6095578271977,123.15328269549559,2094200
2024-12-12,121.07203674316406,122.00627230441584,120.35054509898178,121.17378628858661,1763100
2024-12-13,121.48828125,122.12652712332172,120.2765456304419,120.74828583000033,1621600
2024-12-16,121.5068130493164,123.06079108701358,121.46056067847596,122.31155066782088,2792400
2024-12-17,121.30329132080078,122.08953913595332,120.24880238751065,120.44305666317116,3378700
2024-12-18,120.59105682373047,122.10804130631948,120.2488147137944,120.53555962906417,3048400
2024-12-19,121.59004211425781,122.40403856344795,120.57256066701012,120.9333065271303,3447600
2024-12-20,121.46980285644531,122.38553474718789,121.22005137977006,121.71954021888057,5579500
2024-12-23,121.58079528808594,121.65479624718107,120.35980063437572,121.07204751570667,1705200
2024-12-24,122.26527404785156,122.6907760152543,121.12753934488389,121.2940450240377,619600
2024-12-26,123.14402770996094,123.21802866646145,121.83978731583802,121.83978731583802,1017500
2024-12-27,121.91380310058594,123.39378006788642,121.4698114218199,122.38554337713481,1525000
2024-12-30,120.8222885131836,121.90452600830356,119.98980247516482,121.90452600830356,1415200
2024-12-31,121.21076965332031,121.71951733823258,120.35977994139313,121.31251919030277,942300
2025-01-02,120.83155822753906,122.04329397248644,120.5540581520439,121.60854714753339,1390200
2025-01-03,120.02680206298828,121.45129581007232,119.85106566557886,120.83155366294757,1563000
2025-01-06,116.65984344482422,119.98056412091962,116.43784056939869,119.98056412091962,2412000
2025-01-07,117.7513427734375,118.24158681455599,117.1408454004157,117.2148463651069,1891300
2025-01-08,117.26109313964844,117.37209458807152,116.57660185050737,117.15009874834587,1820200
2025-01-10,115.12435150146484,116.5488381479047,114.7913542564727,115.83659835324457,2280000
2025-01-13,116.02159881591797,116.04934741137424,114.976361730052,115.8735968973246,2337100
2025-01-14,116.71534729003906,117.43683903351076,115.78110454310047,116.1141018181059,1779000
2025-01-15,116.141845703125,117.68658574394571,116.09560039615717,117.196334678823,1484800
2025-01-16,117.15009307861328,117.3165917146296,115.64235346993227,115.9383502609479,2090400
2025-01-17,117.67733764648438,118.2970798253319,116.69684959892737,117.26108752765948,2056600
2025-01-21,117.02983093261719,118.75032141322367,116.78933840980865,118.20457318074662,1836500
2025-01-22,116.65984344482422,119.02781060195149,116.52109341196321,119.02781060195149,2125900
2025-01-23,117.50157928466797,118.01032704357499,116.30834031505668,116.54883989718725,2216900
2025-01-24,118.778076171875,118.85207713217329,117.30733707870647,117.61258574709692,1785500
2025-01-27,121.55306243896484,122.16355984490517,120.08233023630628,120.5448257048838,3127600
2025-01-28,119.7308120727539,123.37527810319722,119.52731296648878,121.72879559922632,3388800
2025-01-29,119.94356536865234,121.2200572959139,119.77707378556988,120.0453149297274,1881100
2025-01-30,121.0350570678711,121.57153933457603,120.19331201599661,121.17380004818442,1871500
2025-01-31,120.22105407714844,121.2477944183764,119.24981092502912,119.39781283881175,5058300
2025-02-03,120.6650390625,121.46053166249614,119.5180595794162,119.86954646250386,2601800
2025-02-04,119.60131072998047,121.07204268341643,119.04631061603823,120.36905477143024,2136200
2025-02-05,119.55506134033203,120.12855112188761,118.72257526296171,119.8973034210359,2517200
2025-02-06,119.03707885742188,120.52631474194348,118.59308718606957,120.43381000805141,2090300
2025-02-07,120.52630615234375,120.59104817006161,118.79656372867333,118.88906845597283,2248500
2025-02-10,121.571533203125,121.68254169601707,120.00831061822213,120.3690564630827,1555700
2025-02-11,123.19953918457031,123.28278497744655,120.80381616130342,121.57154618126111,1512800
2025-02-12,123.83779907226562,123.89329627375186,121.93231987861166,122.5890555818554,1871800
2025-02-13,125.20674896240234,125.41024805731807,123.49551042267616,123.83776659916468,1872600
2025-02-14,122.71852111816406,124.89225502652558,122.67226875781279,124.83675783979953,1976400
2025-02-18,125.46576690673828,125.6507622665372,121.67329851677488,122.11730431738177,2695400
2025-02-19,127.583984375,127.65798533857031,125.0680221848128,125.63226718207582,1845200
2025-02-20,128.5459747314453,129.2674664382405,126.2797500568071,126.52024258765893,2132800
2025-02-21,129.7392120361328,130.05371965315842,127.89848927070572,128.57372864180127,2316600
2025-02-24,129.5357208251953,131.79270090385754,129.12873668076085,129.12873668076085,2269700
2025-02-25,130.70120239257812,132.18117919870937,129.7577078279858,130.09070507935724,2693300
2025-02-26,128.7217254638672,130.94169777867344,128.26847488247168,129.99820319347288,1808800
2025-02-27,129.67446899414062,130.25721774383533,128.00948264804163,128.39797710975802,1711500
2025-02-28,131.35792541503906,132.30141988956703,129.6559458990484,130.6641823837587,2683900
2025-03-03,132.59742736816406,132.8194161112174,130.60868882146744,130.60868882146744,1946800
2025-03-04,130.55320739746094,135.28915601088562,130.51621397389863,133.47618185728908,2530000
2025-03-05,131.00645446777344,132.1441892253817,129.94270655529888,130.1739542605012,2060700
2025-03-06,131.7279510498047,132.26444743942102,130.03521609142226,131.27470044972185,1991700
2025-03-07,135.1249542236328,137.04745681743333,130.9066840607442,131.27997751649687,2966800
2025-03-10,137.5607452392578,140.40715439906052,135.86224133683658,135.9835681299502,3193800
2025-03-11,134.47169494628906,137.47675451240696,134.3037171490417,137.47675451240696,2507300
2025-03-12,130.62672424316406,133.78110705317428,130.30942333949903,132.0639199034456,2099400
2025-03-13,130.78538513183594,132.3252387650366,130.31876109265568,130.37475369891962,1805000
2025-03-14,130.31874084472656,130.90669159961777,129.5628122971426,129.84278952519716,1324100
2025-03-17,130.5707244873047,131.0746721160884,129.572142342547,130.39340509784427,1469900
2025-03-18,130.216064453125,131.58793985895818,129.53479754608455,130.5520342308848,1661900
2025-03-19,130.32806396484375,130.58004488593247,129.17084567881076,130.06675569120839,1716800
2025-03-20,129.79612731933594,130.37473649469092,127.89229351617811,130.0387666612062,1665400
2025-03-21,129.4134979248047,130.92535512178046,128.26560687673916,129.79613302090465,7442700
2025-03-24,128.6202392578125,129.90811174498805,127.94829959483673,129.07752163939767,1979700
2025-03-25,127.84564208984375,128.56423276002164,126.91239413770593,128.55490540698437,1801000
2025-03-26,130.29074096679688,130.58937289234706,128.07894798236828,128.10694428038133,2209900
2025-03-27,131.1773223876953,131.62527739189102,130.17875454081815,131.2519839284334,1052600
2025-03-28,131.3173065185547,133.08114432203826,130.67336324676629,132.60517882189993,1227300
2025-03-31,132.7265167236328,133.21180961614266,131.65328734081947,131.83993407171317,1974100
2025-04-01,133.48245239257812,133.93040741877329,132.53987709490562,133.32380195080552,1725400
2025-04-02,133.36111450195312,134.15438088501833,132.11056577779377,133.42644868795648,1845500
2025-04-03,135.52626037597656,137.29942567940031,134.7983281574988,135.32094469997176,2384900
2025-04-04,128.7042236328125,137.18744377947948,128.46157006067784,136.08621807288807,2554900
2025-04-07,125.5591812133789,128.88155609643007,124.50462064364369,126.14713201755455,2827200
2025-04-08,124.38328552246094,127.55632285345116,123.41271392105577,127.47233395568442,2543100
2025-04-09,126.12845611572266,128.46157601605222,122.7407757038031,123.04874923947465,2436400
2025-04-10,128.312255859375,129.57213195040464,125.80181678937858,126.32443332256709,2281800
2025-04-11,130.43072509765625,131.32664937291221,126.89372172147642,127.58433031365777,1721600
2025-04-14,133.0438232421875,133.32380047053852,129.38549304837207,130.49606036868332,1676800
2025-04-15,132.02659606933594,133.51045697583947,131.93326557298056,132.73585942483987,1855700
2025-04-16,130.37472534179688,133.11847637383565,130.07609342659785,132.66117978841837,2004900
2025-04-17,133.2771453857422,133.86509618607658,130.8600364691766,131.0560105757984,2108300
2025-04-21,130.7200469970703,133.9210806254894,129.4228186778786,133.87441538001218,2615600
2025-04-22,128.7135467529297,129.14284704627423,124.12196886175872,124.19663040148092,3834600
2025-04-23,124.49525451660156,127.45366266175543,122.36745060870659,126.47374959464365,4583400
2025-04-24,123.50602722167969,124.42062044296068,122.86208387371583,124.13130162384124,2709000
2025-04-25,122.82476806640625,124.33662524758171,121.17291514312268,124.08465854420858,2627000
2025-04-28,122.16214752197266,123.18872593418415,121.93817713402339,122.93674500750801,1746400
2025-04-29,121.83551788330078,122.32081078529858,119.67037588995147,121.44355546869093,1964200
2025-04-30,122.98340606689453,123.1887217423504,120.53830114676174,122.8154282816485,2928800
2025-05-01,121.20091247558594,122.25548726613059,119.92236728013572,121.64888176586564,1965600
2025-05-02,121.64888000488281,122.81543998099318,120.63162888313667,121.66753471153204,2258400
2025-05-05,122.16214752197266,122.76876721654607,121.54621471487897,122.47946263862279,1459500
2025-05-06,123.9073257446289,124.45793857941598,121.0982404955357,121.83551429960818,3014000
2025-05-07,124.6725845336914,125.4565093582627,123.46870099883071,123.65534773226678,2953500
2025-05-08,124.62593841552734,125.87650162595128,124.18732493274723,124.83125412588493,2165900
2025-05-09,124.16864776611328,125.5125271485118,123.97265942274925,124.28996032130605,1864200
2025-05-12,127.54698944091797,127.65897463262007,123.19805078686917,123.56201690013394,3112800
2025-05-13,125.08322143554688,127.07104412331957,123.86999625408826,126.81906318988399,3058800
2025-05-14,124.59793090820312,125.20455063070122,123.7300171344804,124.67259245436753,2139300
2025-05-15,128.18161010742188,128.29359530321815,124.72858134121317,125.4845241335384,2625800
2025-05-16,129.78680419921875,130.04811249598114,127.89229768734025,128.4709211218005,2310000
2025-05-19,131.3919677734375,133.69709126422,130.32806571924812,131.6812865890733,3259500
2025-05-20,132.1759033203125,132.2692195652454,130.98134715940262,131.36396797202315,2421600
2025-05-21,131.65328979492188,132.86650068846234,131.27065473330592,131.46662882031592,2475800
2025-05-22,130.42138671875,131.10265366032002,129.09617648381666,131.10265366032002,2743800
2025-05-23,132.1012420654297,132.19455831056408,128.84420179328242,130.73869387632652,2582900
2025-05-27,133.31446838378906,133.52911141380193,131.72793555954757,132.1852321576238,2594100
2025-05-28,133.15579223632812,134.2663594215163,132.80116774778193,133.42644207888964,1748600
2025-05-29,134.23838806152344,134.67701575799478,132.12925272121868,132.72653086786818,1716200
2025-05-30,134.16371154785156,134.60233919539613,133.51044087285948,133.51044087285948,3382800
2025-06-02,132.22256469726562,134.0144133194573,131.71861706243496,134.0144133194573,2048300
2025-06-03,130.18807983398438,131.60662060510367,130.15075618432215,131.5319590655466,1937300
2025-06-04,129.18951416015625,131.0186865108924,129.04953265586482,130.13210375649982,2047300
2025-06-05,126.2684326171875,127.7429658783822,124.32727544701592,127.6216391051741,3515400
2025-06-06,125.8068618774414,126.91843935543571,125.52425280493784,126.38149505436401,2576800
2025-06-09,124.99671936035156,126.46626923936738,124.94961545415869,125.80685767494926,2008100
2025-06-10,125.32640838623047,126.02350877201349,124.51627013349079,124.82713864171458,1891800
2025-06-11,125.14745330810547,125.87279888363499,124.7047024377979,125.29816569285889,1680000
2025-06-12,126.12713623046875,126.15539569824358,124.83657262177293,125.51482859655597,1551700
2025-06-13,123.25396728515625,126.23075572058829,122.99963208193195,126.00466561029582,1837800
2025-06-16,123.09384155273438,124.18658900039001,122.84892134857499,123.48948851672797,1989200
2025-06-17,121.4547119140625,122.78296444107468,121.32282960192545,122.74528994079007,2883000
2025-06-18,120.54096221923828,121.68080634998454,120.35256096295107,121.3793672147439,3088900
2025-06-20,120.85181427001953,121.36051343433834,120.3337072615909,120.54095293978102,5306900
2025-06-23,122.58514404296875,122.91484262519168,120.71051789317725,120.87065966867299,3205900
2025-06-24,122.41557312011719,122.77354554497583,121.94456282386888,122.4061580888659,2760900
2025-06-25,120.71994018554688,122.22717897066097,120.35255989516047,122.15181559399583,1820300
2025-06-26,119.48590087890625,121.10617761575709,118.97721603086936,120.8801018495607,2369300
2025-06-27,120.47502136230469,121.07791400838909,119.5235784854648,119.5235784854648,1950900
2025-06-30,121.44530487060547,121.7938479240159,120.27720123468201,120.45618746451815,2172600
2025-07-01,123.97933959960938,124.80832237986584,121.80327417553066,122.13297278197301,2829800
2025-07-02,124.68585205078125,124.79888992747712,123.31992500236093,124.09237444993961,2137900
2025-07-03,124.45976257324219,125.03439573960394,123.82861046823736,125.03439573960394,1016000
2025-07-07,124.01701354980469,125.25107268277758,123.59310712963878,124.56338725489866,2158100
2025-07-08,123.781494140625,124.42207558718812,122.81121412702906,123.64019680819563,1620500
2025-07-09,123.86628723144531,124.44092034161801,122.71702101109989,123.90396172882537,1448400
2025-07-10,124.29961395263672,125.37351685007388,122.90542750444136,123.80975922118137,1959200
2025-07-11,121.87863159179688,124.29961709430984,121.7184898123702,124.29961709430984,1847100
2025-07-14,120.0699462890625,121.86920191990873,117.89388097617638,121.74674901478761,3283800
2025-07-15,119.40110778808594,120.48443288589998,118.88299359742155,120.05110428418368,2226500
2025-07-16,120.23008728027344,120.28661340378949,119.00546480547739,119.53299404464819,2022200
2025-07-17,120.49386596679688,121.04023967401851,118.94894547364152,119.63662371715114,1942700
2025-07-18,120.1358871459961,121.13442669193172,119.72139577807705,120.93661041348457,3787100
2025-07-21,119.36343383789062,120.44675900590842,119.20329205477896,119.90038531253637,2115100
2025-07-22,121.41703796386719,121.65254312047134,119.19386871056034,119.41995164852715,2040700
2025-07-23,120.32429504394531,121.83152657459851,120.06994545583852,121.36993130345562,1947500
2025-07-24,120.34313201904297,120.65400054288752,119.80618056287824,120.34313201904297,1573400
2025-07-25,119.99459075927734,120.85182583458469,119.30691969261997,120.5127050043321,1549400
2025-07-28,119.5047378540039,120.12646773335749,119.03372753838416,119.47647838499424,1911800
2025-07-29,120.51268768310547,121.11558743935443,119.18443527508177,119.5141482129348,1995900
2025-07-30,118.0257568359375,121.16267983887695,117.6583693924667,120.66341009195747,2123300
2025-07-31,117.39460754394531,118.61922998860697,117.1591023983896,117.84677339866613,4597500
2025-08-01,123.06558227539062,126.69236767883959,121.03081413671647,124.9967275632778,5425900
2025-08-04,125.4206314086914,126.05178353259868,123.5836939773054,123.74383576628831,3226000
2025-08-05,126.42860412597656,126.65467989393764,124.53513332473196,125.35470110587616,2860300
2025-08-06,128.75537109375,128.9626167795169,126.36264505002369,126.81481092165427,3327300
2025-08-07,128.84017944335938,129.4901760478052,127.81336592193998,129.1604630422152,2473200
2025-08-08,128.26553344726562,129.3300069932191,127.78509372273726,128.63292092091393,1654000
2025-08-11,126.37205505371094,128.45392686005184,126.07061594264817,128.42566739258012,2544700
2025-08-12,125.89164733886719,126.66411122204072,123.9887614764526,126.37207272716843,3181100
2025-08-13,126.9937973022461,127.26699133115126,125.41120956245555,125.96699827768481,1849500
2025-08-14,125.6561279296875,126.51337013004523,125.27932543731387,126.17424213727149,1527500
2025-08-15,125.23220825195312,126.24016271791523,124.86482082991577,126.13653988738714,2123800
2025-08-18,123.71556854248047,125.23222230084724,123.0184681158078,125.23222230084724,2566400
2025-08-19,125.24164581298828,125.69381171204878,123.49891618943879,123.7344213580883,2288400
2025-08-20,125.53366088867188,128.2749443042681,125.43946745244723,125.9858411292876,1678900
2025-08-21,125.26046752929688,125.34524592484937,124.56336718187245,124.80830171225809,1512700
2025-08-22,125.7503433227539,126.58874113682144,124.98729451242977,126.05178246001127,1842600
2025-08-25,123.169189453125,126.17423736946532,123.04672217938914,125.7597460190607,1721500
2025-08-26,122.28369140625,123.62135892920307,121.88804448037038,122.83948010874087,3165300
2025-08-27,122.66051483154297,122.79239714722486,122.08588166162309,122.08588166162309,1411900
2025-08-28,121.25688934326172,122.79238747742723,120.59747781678038,122.66050517213095,1757400
2025-08-29,121.65254211425781,122.2931236094516,121.09675339905165,121.21920630508903,1785600
2025-09-02,121.36993408203125,122.50035595913867,120.61631470592827,121.85037380102008,2027300
2025-09-03,120.5786361694336,121.82211025449578,119.73081619645791,121.36993001951305,2562900
2025-09-04,121.68080139160156,121.90689151438993,120.42791224590876,121.04964930300633,2049200
2025-09-05,123.56438446044922,124.23981400062965,121.76642763305743,121.92814692787486,2187000
2025-09-08,123.45972442626953,123.79268526379455,121.54760921460863,122.9460287649576,2916800
2025-09-09,124.59178924560547,125.12451503890215,123.08873317698172,123.6214589702784,2325500
2025-09-10,121.77592468261719,124.45859802262856,120.82463180837571,123.89733442846325,2279100
2025-09-11,123.16484069824219,123.6880587226077,121.64276179714889,122.00425326808208,1745000
2025-09-12,121.75691223144531,123.54535401908727,121.7188593519834,122.6225916512087,1442300
2025-09-15,119.35963439941406,121.55713548632562,118.9600900668564,121.21466684189208,3077600
2025-09-16,118.95056915283203,119.9208920921984,118.41784340242258,119.2930377803364,2084500
2025-09-17,119.47378540039062,120.79609931981602,119.21693754679443,119.21693754679443,2304400
2025-09-18,119.39768981933594,120.26336922497391,118.32271595115022,118.64616179237643,1821900
2025-09-19,118.55103302001953,120.38704268832952,118.18953430057492,119.97798331379896,6928100
2025-09-22,118.0278091430664,119.03618497804304,117.77096129640327,118.37027777718001,2683800
2025-09-23,117.78998565673828,118.3702793356351,116.61037548917417,118.07537860820513,2452100
2025-09-24,117.8946304321289,118.48443915072164,117.01943601706431,117.15261746032004,1459900
2025-09-25,115.7922592163086,118.43687255877555,115.12634473476547,118.26563823584667,4024700
2025-09-26,116.27742767333984,116.92431210540543,115.5734602934324,115.88739110410643,2292600
2025-09-29,116.68648529052734,116.8386895475022,115.45930716921325,116.61988730941052,2851200
2025-09-30,118.28465270996094,118.63663636502118,116.22984823747029,116.54377901702317,2044300
2025-10-01,117.22872161865234,119.21693546434155,117.04797226619178,118.74128538552469,1921500
2025-10-02,116.64842224121094,117.2382236650997,116.13471931025231,117.22871588963584,1695900
2025-10-03,116.61038208007812,117.37141789726361,115.83031619420231,116.37255702636179,1898200
2025-10-06,114.66973114013672,116.2393779786658,114.5841103449505,116.05862861159642,2143300
2025-10-07,116.37255096435547,116.80063313560763,113.80403616330968,114.66972279750777,2254600
2025-10-08,113.80403137207031,116.22984959462177,113.718417844562,116.22984959462177,1802600
2025-10-09,113.72793579101562,114.43189586954306,113.54718644007642,113.79452651117573,1851300
2025-10-10,113.74696350097656,114.84096017174747,113.55670636599226,114.34628000823713,1855200
2025-10-13,113.46157836914062,113.68989565628831,112.42466457359687,113.68989565628831,1968400
2025-10-14,114.31774139404297,114.73631579760342,113.2903354532188,113.77550057935984,1708600
2025-10-15,114.07992553710938,115.31661877932918,113.81356262533157,114.34628844888718,2704800
2025-10-16,113.8706283569336,115.44027510156108,113.56621259041175,114.62215636818783,2337200
2025-10-17,115.52589416503906,115.57345481850219,114.04186097481082,114.26066320584285,2076700
2025-10-20,114.8219223022461,115.9539717746684,114.74582380812939,115.6019881152332,1547700
2025-10-21,114.2035903930664,115.13586051226477,114.10845456805704,114.91706553356991,1876200
2025-10-22,114.35579681396484,116.04911001822948,113.71842741826426,114.27018327924891,1924100
2025-10-23,112.97640991210938,114.508003762244,111.76825463512404,114.48897369450327,2687900
2025-10-24,113.13812255859375,114.0799076368456,112.43416250823283,113.15714536737372,2423700
2025-10-27,114.74583435058594,114.94560652445415,112.6910224059221,113.0620289085123,3924400
2025-10-28,114.78388977050781,116.04911356634227,113.7564837754369,114.27969454966843,3297100
2025-10-29,111.03575897216797,114.27018105907874,110.59816175715129,113.9181973771146,4365200
2025-10-30,114.35579681396484,117.09553879254358,113.6423216599537,114.82193188238897,4659700
2025-10-31,113.88014221191406,114.24163366283989,112.39611627271465,113.3474164404772,4396700
2025-11-03,97.28946685791016,101.22785630634672,97.22287613518398,99.5916188246815,36751500
2025-11-04,95.73884582519531,97.74608970785272,94.74949280538621,97.20384891657547,15963800
2025-11-05,95.1775894165039,96.49038110041592,94.38800849614948,95.66274730051909,12418400
2025-11-06,95.86251831054688,96.79479570340227,94.74949881436588,95.24417898456493,9007400
2025-11-07,98.79251861572266,99.48697091508762,95.60566458124981,95.87202746061914,10218700
2025-11-10,98.06952667236328,98.81154686849419,96.66160654788145,98.7544639255032,7028800
2025-11-11,98.012451171875,98.71641123544221,97.60339182591487,98.34540476559975,4520900
2025-11-12,99.04936981201172,100.16238919597485,98.4310232905287,98.73543903463427,6539800
2025-11-13,99.36329650878906,100.55242168126304,99.22060729436744,99.90553729712343,5312400
2025-11-14,98.95423889160156,100.69511991646482,98.6117775131499,99.89603127033728,5752400
2025-11-17,98.61177825927734,100.72365852195536,97.5082665877869,98.83057323210593,9323800
2025-11-18,98.22174072265625,99.51550951038125,97.03261553230932,99.26816943859271,6676300
2025-11-19,97.38460540771484,98.30736051764136,96.80431169721638,98.12661841252412,5856900
2025-11-20,98.7069091796875,99.14450639363288,97.25142105860199,97.61291251590181,5332000
2025-11-21,100.05775451660156,100.6475632486526,98.55469847088227,99.12547713469436,5876200
2025-11-24,99.91505432128906,100.39070439975495,98.69739128167147,100.0101828854134,6826000
2025-11-25,100.84733581542969,101.11369870906849,99.93408849816328,100.20045139180208,4303900
2025-11-26,103.01630401611328,104.45276941287915,100.96149201084465,101.21834714042565,7267300
2025-11-28,103.8058853149414,104.02468030683022,102.41698782861472,103.13997078894157,2756400
2025-12-01,103.25411987304688,104.67155507424958,103.02580986764876,103.69171707416166,5934900
2025-12-02,101.7415542602539,103.39682184648454,101.17077558748402,103.0924060704843,7354300
2025-12-03,100.96149444580078,102.26477842082528,100.18142851932316,102.1601348111159,6852000
2025-12-04,99.8294448852539,101.77960593223983,99.77236193816279,101.08516085359099,5654100
2025-12-05,99.13617706298828,100.74415332215275,99.0880384160592,99.67537692329562,5449000
2025-12-08,98.06739807128906,98.98212049132248,97.86519812901986,98.92434383206917,5917400
2025-12-09,99.06877899169922,99.12654830754745,97.94223325637483,98.25034851764426,4269300
2025-12-10,99.30950164794922,100.26273216050781,98.98213237242221,99.31913231665526,7243100
2025-12-11,99.60798645019531,100.51307831301663,98.7895559137952,99.46356314957305,5513300
2025-12-12,99.31912994384766,100.28199110210882,99.20358396027916,99.67538387093379,4961600
2025-12-15,98.98212432861328,99.70427015587637,98.29848648094932,99.38652422882927,7624200
2025-12-16,98.73178100585938,99.44429618411341,98.13480446156427,99.17469624347932,5696400
2025-12-17,99.1169204711914,99.94498157552168,98.39477467179037,98.4236593283989,6576200
2025-12-18,97.74003601074219,98.85695110899732,97.4993207266474,98.84732778678772,7977900
2025-12-19,96.91197204589844,97.85557181850199,96.49794147537521,97.76891784483416,7700200
2025-12-22,96.07428741455078,96.85420262001746,95.90097210821953,96.54608733610057,4804300
2025-12-23,96.39203643798828,96.83495171360106,95.90097516339773,95.9972598153052,3689200
2025-12-24,97.32600402832031,97.37414267681835,96.34388156955382,96.37276622786212,1200100
2025-12-26,97.24897003173828,97.97111584880564,96.96010876649248,97.41265465388891,2673500
2025-12-29,97.2778549194336,97.74965479747509,97.0178856569344,97.24897026205004,3202600
2025-12-30,97.79781341552734,97.95187473619082,96.78680620030552,97.05641351146662,3115500
2025-12-31,97.14305877685547,97.88446596042789,97.1238047865245,97.55708935642194,2808100
2026-01-02,97.63412475585938,98.19258600122107,96.5364636024507,97.43192479034175,4347900
2026-01-05,94.42779541015625,97.46080958934434,94.02339547854392,97.46080958934434,9673200
2026-01-06,94.01375579833984,94.88033224447902,93.9463558161983,94.46630168388181,5526500
2026-01-07,93.93673706054688,94.48556765502425,92.68502189832466,93.90785239968723,5871000
2026-01-08,95.19808197021484,95.89133580878415,93.68639029944411,93.86932891768373,5797700
2026-01-09,94.28335571289062,95.40990141968054,94.05227110930356,95.0343861840839,7054600
2026-01-12,94.620361328125,96.13205302939662,94.14856142475995,94.24484606988888,7202200
2026-01-13,95.06327819824219,95.73727801963483,94.17744041663703,94.85144758407677,6483900
2026-01-14,95.46768188476562,95.83356646719724,94.79367469054223,94.91885133809448,5552300
2026-01-15,96.6808853149414,97.41265445223424,94.98624774417155,95.34250164505048,5939100
2026-01-16,95.63136291503906,96.53645468800882,94.89958643165825,96.3823933879088,6728900
2026-01-20,97.71115112304688,97.76892044035905,94.63962175445981,95.42916759059865,9043800
2026-01-21,96.30537414550781,98.00964258601584,95.74692023161259,97.66301196577855,6802300
2026-01-22,98.39478302001953,98.65475229760013,95.63136888194161,95.94911482368823,6491800
2026-01-23,98.43329620361328,98.70289614369105,97.691889022352,98.39478087702396,4246600
2026-01-26,97.38377380371094,99.145811429292,96.49794332986215,98.50069623720957,8808700
2026-01-27,96.90234375,99.27098125351705,96.430543852149,98.69326604344782,9529400
2026-01-28,95.84320068359375,97.53783838094962,94.73590888112744,97.09491578312496,6778900
2026-01-29,94.99588012695312,96.19945650796937,94.3892729294507,95.99724921143707,8043900
2026-01-30,96.27648162841797,96.6616275468136,94.50482068826436,95.45805114310686,10270500
2026-02-02,95.80467987060547,96.91197160967619,94.9669880653508,96.70977165931414,6355500
2026-02-03,97.02751922607422,97.7689264587746,95.09217351650635,95.39065813572323,5877500
2026-02-04,99.37689971923828,100.10867625977257,97.46080806238761,97.48006205338034,8049900
2026-02-05,100.38790130615234,100.90784718666708,98.35626377797425,100.10867070294735,7461100
2026-02-06,100.4552993774414,101.13892987046015,99.81018420958462,100.13755345439058,5233200
2026-02-09,100.81156158447266,101.08116888281666,99.7716771036225,100.33013099935856,3899500
2026-02-10,101.9477310180664,102.92022278972418,100.90784660903685,101.1870698645962,6336000
2026-02-11,103.6038589477539,103.8253202459619,100.63824482332471,101.66850596671469,5644900
2026-02-12,104.23934936523438,106.66575621256905,103.29574221313072,103.45942684433774,6670600
2026-02-13,105.34663391113281,105.73177246491406,103.96011161016978,104.6533727606513,5233700
2026-02-17,103.52682495117188,106.03026975357643,103.22834035308948,105.63549316613432,4213900
2026-02-18,105.81844329833984,106.58872782122356,103.29574440633482,103.52682902859516,5742700
2026-02-19,104.64374542236328,106.23246771842275,103.79643029262029,105.50069122007133,4063100
2026-02-20,104.97111511230469,105.53920698786563,104.36451525681682,104.74003050250654,4872800
2026-02-23,106.4057846069336,106.69463853579066,104.12380110412113,104.59560099682083,5238300
2026-02-24,106.9834976196289,107.27235888861735,105.84732122554676,106.34800576627322,3907300
2026-02-25,105.15406036376953,106.98349793192652,104.18156859111998,106.67538267226146,5370000
2026-02-26,106.28060150146484,106.49243211071646,105.25997112530365,105.70288633280845,5375200
2026-02-27,107.3012466430664,107.66713122777044,105.92435493377195,106.39615483042535,4413000
2026-03-02,105.66437530517578,106.66575173305239,105.33700605650988,106.56946709203578,3075100
2026-03-03,100.7537841796875,105.0962897658319,100.33012294804986,105.00000512574529,6364400
2026-03-04,100.84044647216797,101.57221562073313,99.57909343289253,101.08116174773349,5415800
2026-03-05,101.01376342773438,101.13893272851251,99.18432583410302,100.29161758914678,6272000
2026-03-06,101.93978118896484,102.17372008062797,99.12274255577636,100.3996679922174,5063200
2026-03-09,100.25344848632812,100.96502218613333,99.34692695914823,100.9455229413261,5291500
2026-03-10,99.1422348022461,100.42890986724602,98.46965211936546,100.28269527051762,4168800
2026-03-11,97.51439666748047,99.1422341563866,96.80282293432224,99.1422341563866,4245200
2026-03-12,95.3504409790039,98.13823816003038,95.26271668406281,96.98802808228672,5602600
2026-03-13,96.34468078613281,97.26095191635292,96.18872401488544,96.38367183814034,3651100
2026-03-16,97.72885131835938,97.83607486778011,96.48116721977325,97.03677677732438,3407100
2026-03-17,97.94329071044922,99.1324844105525,97.7288436284817,98.24546208770347,3465000
2026-03-18,96.22772216796875,96.92954628232957,95.35044202501774,96.92954628232957,4352500
2026-03-19,96.09126281738281,96.74434629215921,95.08726726489114,95.98403926937071,5110000
2026-03-20,95.7208480834961,97.08550528858694,95.33095239928456,96.43242183707078,13109700
2026-03-23,96.93928527832031,98.09924495342634,96.07175478683561,97.17323159993059,5634500
2026-03-24,96.42266845703125,97.64111101467707,95.35044049365956,96.09125565100751,5254100
2026-03-25,96.8515625,97.18297530562305,95.5746370809016,97.18297530562305,3455400
2026-03-26,96.35443878173828,98.27470549848368,96.08150883075012,96.65661760186096,2999200
2026-03-27,96.16923522949219,97.2024721114227,95.92554672437402,96.35443343636956,3251900
2026-03-30,93.91754913330078,96.59812271095316,93.7031020572033,96.47140736452423,6363600
2026-03-31,94.03453063964844,94.2197363012214,92.15325490071298,93.9078078451896,5900300
2026-04-01,95.10675048828125,95.54538682743078,93.43017236540945,93.7518429804034,4287500
2026-04-02,93.7031021118164,94.94104389299771,93.26446577356722,94.71684719418793,4644200
2026-04-06,94.54139709472656,94.75584418438453,93.13775626231862,93.70310798249093,3897600
2026-04-07,90.70086669921875,94.20023014483391,90.0867668924294,94.01502449684561,7849100
2026-04-08,94.55113983154297,94.62912193788144,92.16299545999554,92.57239036309802,7469500
2026-04-09,95.48690795898438,96.31544743246567,93.29371129794266,93.75184690146783,7145100
2026-04-10,94.8240737915039,96.17898134031259,94.49266098067395,95.48690684994712,3259000
2026-04-13,94.16123962402344,94.74609056593003,93.04027098057894,94.1319981924456,4792800
2026-04-14,94.70710754394531,95.27245924383327,93.19623578413373,93.48866497531768,3578300
2026-04-15,94.36593627929688,95.0385189470001,93.44967253825628,95.0385189470001,3043800
2026-04-16,95.49665832519531,95.90605325361452,94.05401901585373,94.05401901585373,4022500
2026-04-17,96.34468078613281,97.50464041381294,95.37967641849035,95.49664957451296,4075200
2026-04-20,96.0522689819336,96.88080847160238,95.62337480229084,96.12050147080552,3698700
2026-04-21,94.16123962402344,96.05226485841185,93.74209508558013,95.88655845494857,4557800
2026-04-22,94.30745697021484,95.08726320669743,93.58614103537768,94.16124237127643,3876700
2026-04-23,95.4576644897461,95.5746376530809,94.0150252224163,94.05401627686123,3292400
2026-04-24,95.37968444824219,96.70535058097141,94.98978133212475,96.10100037915022,3386700
2026-04-27,95.76958465576172,96.64686478118641,94.9410452071652,95.18473371773966,7024600
2026-04-28,95.95478820800781,97.90429625002807,95.03851704848773,96.97827546799864,6637600
2026-04-29,93.67386627197266,96.22772465711735,92.55289758458235,95.8768125908598,5381300
2026-04-30,95.9450454711914,96.26671610603802,93.89806336752086,93.94679660999901,5903200
2026-05-01,95.20423126220703,96.65662022721732,94.41468282014817,96.5396470578523,4872400
2026-05-04,93.2352294921875,94.63887031418108,92.80633531605375,94.26846644001868,4366800
2026-05-05,94.74608612060547,95.21397131424828,92.27995968280393,93.23522187796588,4259900
2026-05-06,96.68585205078125,97.26095334357024,95.10674788682667,95.47715173115944,3872900
2026-05-07,97.0465087890625,97.95303033389236,95.47715420675725,96.80282028170807,4621200
2026-05-08,95.82807159423828,97.57288229657475,95.73059767321942,97.29020271987162,3181500
2026-05-11,93.33270263671875,95.89630317550358,92.8940662778914,95.78907963236206,5169000
2026-05-12,94.88256072998047,95.30170529136022,92.91356071589789,93.82008232833392,5347800
2026-05-13,94.59013366699219,95.73059411780166,93.97604129427553,94.69735720716572,4302600
2026-05-14,94.22947692871094,95.37968706255319,93.89806410483645,95.18473921754274,3366300
2026-05-15,93.48866271972656,95.52589507566393,93.08900999720312,95.1554912209798,4829200
2026-05-18,94.1027603149414,95.49665895480155,93.47891829510868,93.57639221631064,4677200
2026-05-19,94.03453063964844,95.44792113131992,93.08901795845725,94.34645165889653,4769100
2026-05-20,95.0872573852539,95.34068807532927,93.28395650338774,93.83956599591139,3073000
2026-05-21,96.23746490478516,96.54938588476176,93.36193616624257,94.66811038268274,3391500
2026-05-22,96.63711547851562,97.27070709546423,96.30570267269268,96.40317658988866,2265500
2026-05-26,96.27645111083984,97.28045399653996,96.21796824951511,96.6858534504619,3850500
2026-05-27,97.65086364746094,99.38592471314539,97.06601268911994,97.06601268911994,5012400
2026-05-28,97.61186981201172,98.25521105361284,96.9685360071938,97.66061048914509,3231300
2026-05-29,95.13599395751953,98.00177324925671,94.68760798615644,97.71909368185284,8724900
2026-06-01,95.47715759277344,96.03276711177446,94.71685061274923,95.1262455347956,4636400
2026-06-02,95.02877807617188,96.26671998619352,93.92730858622693,95.8670672231331,4639800
2026-06-03,92.36769104003906,95.44790981016884,92.06551224329584,94.90204995042546,6698100
2026-06-04,92.08501434326172,94.16123774855069,90.9640457221443,93.25471620377715,6081100
2026-06-05,97.86565399169922,98.43877856750535,92.83600372439386,92.88541387500597,6361000
2026-06-08,96.5909423828125,98.06327279518975,96.23521043179208,96.64035253003811,3816500
2026-06-09,99.32809448242188,99.40714770266803,96.09687137889318,97.24312045567231,3724500
2026-06-10,100.37553405761719,100.8696053917788,99.03165942558317,99.60478398255391,3393900
2026-06-11,100.33600616455078,101.38343496713618,100.03956035226841,100.35576570053553,3247500
2026-06-12,101.07711791992188,101.99609093459067,99.9012256917622,100.79055563159176,3489400
2026-06-15,101.91703796386719,102.83601098083349,100.99806494690088,101.28462723594743,4456800
2026-06-16,103.04351806640625,103.69569585770446,102.25300844114436,102.5395631857604,3039400
2026-06-17,100.26683807373047,103.76486403517707,100.00003533065006,102.88541766074073,4038200
2026-06-18,101.34391021728516,101.9960880007107,100.43482076668924,100.97830225287719,8851300
2026-06-22,99.30834197998047,101.95656473433716,99.21941275510298,100.79055603938316,3600500
2026-06-23,102.7174301147461,102.96446578846019,100.05933139205521,100.71150165041657,4012400
2026-06-24,105.46446990966797,106.42296196162658,103.20162230306705,103.56723026405294,8327800
2026-06-25,106.81822204589844,107.83600779859923,105.31624849159763,105.31624849159763,4947600
2026-06-26,108.07316589355469,108.60676383687449,107.12454984062956,107.65814024501913,12507600
2026-06-29,108.60676574707031,108.85380141745604,106.78857929278753,107.72731182468117,4445400
2026-06-30,108.46841430664062,108.86367287053949,107.17394986032865,108.30043186713588,4281300
2026-07-01,110.11862182617188,110.42494364216223,108.14233648134571,108.74510411463211,4782100
2026-07-02,113.35972595214844,113.65616422362801,110.62256659134654,110.67197673939154,4662600
2026-07-06,111.67000579833984,113.2609161080004,109.78264967064516,113.13245273535145,3755500
2026-07-07,113.37948608398438,115.43482461500585,113.1423339577681,113.5672356008261,3325600
2026-07-08,109.66407775878906,112.53956903250122,109.64431068342137,112.53956903250122,3999800
2026-07-09,108.62652587890625,109.58502549148487,108.1225709976569,109.34787335751534,4158500
2026-07-10,111.07711791992188,111.77869829052717,108.82414636520464,109.32810122313495,3342900
2026-07-13,108.8735580444336,113.54747612035581,107.46051374603202,111.6700035678115,7140600
2026-07-14,105.55339813232422,108.91308466796268,105.2866029325358,108.49806656210062,4164300
2026-07-15,105.26683807373047,107.5296857065642,104.73324012399004,105.54351681679654,4027000
2026-07-16,107.69766998291016,108.08304503000754,105.46447292509723,105.46447292509723,3333500
2026-07-17,107.06525421142578,109.8616997096049,106.46248659411,108.9526102844149,3436700
2026-07-20,107.19371795654297,107.5000397654922,106.3537906731542,106.7194061675579,2513900
2026-07-21,106.7688217163086,107.1443132281731,105.70162579130775,106.88739401535501,2319700
2026-07-22,107.58897399902344,108.30043794619085,107.19372295186864,107.70755383652818,2291700
2026-07-23,106.03759002685547,106.5514284492757,105.25695639432008,105.95854434096275,2763100
2026-07-24,108.39924621582031,108.48818297499585,105.79055021026676,106.49213059050204,2602200
2026-07-27,110.11862182617188,111.0079442001994,109.38739082055638,109.49608711763624,2595300
2026-07-28,111.74905395507812,114.100838398223,111.6601247310586,112.13443654262083,3917300
2026-07-29,111.86763000488281,111.9862098384909,108.75497910777518,109.58502286517133,3139500
2026-07-30,108.8834457397461,110.30636609100544,107.50992799977196,110.30636609100544,2882900
2026-07-31,108.01387023925781,108.95261027646757,106.45261058791237,107.64826228509399,4521500
2026-08-03,106.28462219238281,111.36367486621968,104.85181834967098,109.63442520967011,7490000
2026-08-04,110.24707794189453,110.79055942868561,104.51584741164982,107.89530108954379,8623300
2026-08-05,111.03759765625,111.10676734353282,107.14431301479512,109.8419458966865,4580600
2026-08-06,107.37158966064453,111.36367954405095,106.81822462083203,111.25498324367335,3895500
2026-08-07,108.37948608398438,108.52770898917525,105.86960284992395,107.20359391878158,2705200
2026-08-10,106.73916625976562,107.80636213634685,106.01782634352604,107.08502222010725,3136400
2026-08-11,107.28264617919922,107.42098554575698,106.00794126826275,106.14628063482051,2066500
2026-08-12,107.63838195800781,108.25103313091375,106.12652487052172,106.32415039007573,2266900
2026-08-13,109.38739013671875,109.74312209967802,108.15221180392413,108.5573539157673,1865100
2026-08-14,109.08106994628906,109.88146310539595,108.92297103758182,109.57514128676104,1739000
2026-08-17,106.63047790527344,108.05339820714569,106.11663950101469,107.97434498511662,2958400
2026-08-18,106.4427261352539,108.48818109365848,106.38343998945176,107.5395650661739,2392100
2026-08-19,108.57711029052734,108.79450287699822,107.0454937258162,107.56920811744331,3669100
2026-08-20,107.40122985839844,108.6956943513983,106.80833822170109,108.09292671597157,2431400
2026-08-21,108.01387023925781,108.57711124601163,106.78857546892023,107.58896859985194,2102600
2026-08-24,110.04945373535156,111.04747242092093,108.56723970525364,108.59688277962674,2684900
2026-08-25,109.70359802246094,109.90123108363147,108.52771334895064,109.75300817248618,2805400
2026-08-26,109.03166198730469,110.51387603850087,108.94273276291956,110.41506327620723,3951800
2026-08-27,108.67593383789062,109.01189872599677,107.32217567003464,107.82613054112413,3343800
2026-08-28,108.25102996826172,110.06920881961588,108.2213793561576,109.63442364258331,2433400
2026-08-31,106.66999816894531,108.14233617469564,106.13640776161397,107.63838130229351,4491100
2026-09-01,105.81031799316406,107.59885379785914,105.49411264306995,106.71940743231833,3623200
2026-09-02,107.99411010742188,108.11268993832141,105.65220933493401,106.1956908028943,3946600
2026-09-03,106.66999816894531,108.69569365722016,106.22533698319243,108.44865798981739,3193900
2026-09-04,104.95999908447266,106.93000030517578,104.8499984741211,106.51000213623047,4149000
