Date,Close,High,Low,Open,Volume
2016-10-12,27.314172744750977,29.29633331298828,27.19524383544922,28.969276428222656,1282136.0
2016-10-13,27.046581268310547,27.85926628112793,26.630327224731445,26.759166717529297,1058138.0
2016-10-14,26.4420223236084,27.472745895385746,26.184341430664062,27.115955352783203,1358921.0
2016-10-17,25.5996036529541,26.630327224731445,25.57978248596192,26.4420223236084,1102333.0
2016-10-18,26.114965438842773,26.26362609863281,25.659067153930664,25.916748046875,838983.0
2016-10-19,25.73835563659668,26.184341430664062,25.441030502319336,26.065410614013672,955927.0
2016-10-20,26.828542709350582,26.897918701171875,25.589693069458008,25.649158477783203,877225.0
2016-10-21,26.392467498779297,26.8087215423584,26.26362609863281,26.630327224731445,1318359.0
2016-10-24,26.382556915283203,26.77898979187012,26.095144271850582,26.461843490600582,570892.0
2016-10-25,26.10505485534668,26.759166717529297,26.05550003051757,26.13478660583496,577047.0
2016-10-26,26.16451835632324,26.937562942504883,25.79781913757324,26.14469718933105,702466.0
2016-10-27,25.877105712890625,26.83845329284668,25.807729721069336,26.40237808227539,715381.0
2016-10-28,25.70862197875977,26.30327033996582,25.292369842529297,25.68880081176757,1169734.0
2016-10-31,25.86719512939453,25.98612594604492,25.53022766113281,25.748266220092773,622048.0
2016-11-01,26.20416259765625,26.293359756469727,25.480674743652344,25.78790855407715,651612.0
2016-11-02,25.371654510498047,26.17443084716797,25.242815017700195,25.956392288208008,930197.0
2016-11-03,24.291378021240234,25.76808738708496,24.083251953125,25.68880081176757,1338035.0
2016-11-04,25.16352844238281,25.609514236450195,24.21209144592285,24.23191261291504,1565665.0
2016-11-07,25.143707275390625,25.460851669311523,24.53914833068848,25.441030502319336,1222101.0
2016-11-08,25.559959411621094,26.07532119750977,24.608522415161133,24.7670955657959,986197.0
2016-11-09,27.869176864624023,28.235876083374023,26.3330020904541,26.98711585998535,2215159.0
2016-11-10,29.157581329345703,29.484638214111328,26.897918701171875,27.888999938964844,1809843.0
2016-11-11,29.435083389282227,29.5341911315918,28.44400405883789,28.999008178710938,1621362.0
2016-11-14,31.694747924804688,31.714569091796875,29.09811782836914,29.544103622436523,2055636.0
2016-11-15,32.368682861328125,32.55698776245117,30.931615829467773,31.714569091796875,1647293.0
2016-11-16,30.227947235107425,32.60654067993164,30.208126068115234,32.16055679321289,2926806.0
2016-11-17,31.139741897583008,31.139741897583008,29.88106918334961,30.406343460083008,891552.0
2016-11-18,30.911794662475582,31.565906524658203,30.693756103515625,31.07036781311035,1151269.0
2016-11-21,30.7333984375,31.397422790527344,29.5837459564209,30.624380111694336,1400795.0
2016-11-22,30.079286575317383,31.10009956359864,29.990089416503903,31.060455322265625,1089518.0
2016-11-23,31.04063415527344,31.090187072753903,29.24677848815918,29.44499588012696,646264.0
2016-11-25,31.397422790527344,31.397422790527344,30.72348976135254,31.060455322265625,464544.0
2016-11-28,30.11893081665039,31.298315048217773,29.69276428222656,31.110010147094727,1349134.0
2016-11-29,30.079286575317383,30.65411376953125,29.78196144104004,30.16848373413086,849477.0
2016-11-30,28.919721603393555,30.188304901123047,28.71159553527832,30.138750076293945,1311195.0
2016-12-01,27.5916748046875,29.17740249633789,27.52229881286621,29.17740249633789,1342878.0
2016-12-02,28.02775001525879,28.7413272857666,27.34390449523925,27.700693130493164,1025144.0
2016-12-05,29.68285369873047,29.78196144104004,27.98810768127441,28.285430908203125,1421076.0
2016-12-06,30.21803855895996,30.227947235107425,29.108028411865234,29.712587356567383,1186483.0
2016-12-07,29.73240852355957,30.09910774230957,28.88998985290528,29.29633331298828,1682810.0
2016-12-08,30.079286575317383,30.15857315063477,29.04856300354004,29.70267677307129,1455281.0
2016-12-09,29.56392478942871,30.68384552001953,29.454906463623047,30.327056884765625,988013.0
2016-12-12,28.17641258239746,29.375619888305664,28.14668083190918,29.2170467376709,1154700.0
2016-12-13,28.453914642333984,29.08820533752441,28.364717483520508,28.68186378479004,1216955.0
2016-12-14,27.85926628112793,29.01883125305176,27.62140655517578,28.44400405883789,1226843.0
2016-12-15,28.12685775756836,28.235876083374023,27.502477645874023,27.948463439941406,1050470.0
2016-12-16,28.09712600708008,28.919721603393555,27.918731689453125,28.02775001525879,2380635.0
2016-12-19,28.38453865051269,29.127849578857425,28.057483673095703,28.15659141540528,1120293.0
2016-12-20,26.97720527648925,28.61248779296875,26.848365783691406,28.56293487548828,1367296.0
2016-12-21,25.896928787231445,27.244796752929688,25.86719512939453,26.90782928466797,1150260.0
2016-12-22,25.371654510498047,26.16451835632324,25.183349609375,25.76808738708496,1058643.0
2016-12-23,25.55005073547364,25.916748046875,24.79682922363281,24.84638214111328,1218973.0
2016-12-27,25.371654510498047,26.025768280029297,25.34192276000977,25.66897964477539,892662.0
2016-12-28,24.32110977172852,25.38156509399414,24.28146743774414,25.203170776367188,1290107.0
2016-12-29,24.69772148132324,25.08424186706543,24.103071212768555,24.370664596557617,1828308.0
2016-12-30,24.083251953125,24.876115798950195,23.79583740234375,24.757184982299805,1184162.0
2017-01-03,24.588701248168945,24.608522415161133,23.65708541870117,24.23191261291504,1222908.0
2017-01-04,25.79781913757324,25.9663028717041,24.519325256347656,24.519325256347656,1292731.0
2017-01-05,25.5996036529541,26.30327033996582,25.173439025878903,25.88701629638672,1234612.0
2017-01-06,26.16451835632324,26.26362609863281,25.391477584838867,25.68880081176757,756245.0
2017-01-09,26.15460968017578,26.580772399902344,25.70862197875977,26.342914581298828,759071.0
2017-01-10,26.26362609863281,26.3330020904541,25.55005073547364,26.25371742248535,667453.0
2017-01-11,25.173439025878903,26.709613800048828,25.11397361755371,26.20416259765625,1110505.0
2017-01-12,25.03468894958496,25.16352844238281,24.21209144592285,24.90584754943848,1251564.0
2017-01-13,24.54905891418457,25.52031707763672,24.38057518005371,25.15361785888672,1046636.0
2017-01-17,24.519325256347656,24.658077239990234,23.59762191772461,24.311199188232425,1678572.0
2017-01-18,24.84638214111328,24.86620330810547,24.18235969543457,24.737363815307617,981353.0
2017-01-19,23.51000022888184,25.06999969482422,23.200000762939453,25.030000686645508,1806400.0
2017-01-20,23.309999465942383,23.799999237060547,23.06999969482422,23.559999465942383,1217400.0
2017-01-23,22.09000015258789,23.38999938964844,21.979999542236328,23.200000762939453,1613000.0
2017-01-24,21.64999961853028,22.43000030517578,21.14999961853028,21.979999542236328,2150800.0
2017-01-25,21.13999938964844,22.0,21.059999465942383,21.88999938964844,1741900.0
2017-01-26,20.780000686645508,21.75,20.700000762939453,21.1200008392334,1203900.0
2017-01-27,21.600000381469727,21.63999938964844,20.600000381469727,20.8799991607666,1156100.0
2017-01-30,21.0,21.89999961853028,20.600000381469727,21.89999961853028,1178000.0
2017-01-31,21.15999984741211,21.56999969482422,20.40999984741211,20.88999938964844,1700000.0
2017-02-01,20.489999771118164,21.239999771118164,20.43000030517578,21.200000762939453,1234700.0
2017-02-02,20.940000534057617,21.950000762939453,20.38999938964844,21.01000022888184,3462300.0
2017-02-03,22.040000915527344,22.059999465942383,20.96999931335449,21.18000030517578,1696000.0
2017-02-06,21.43000030517578,22.38999938964844,21.21999931335449,22.209999084472656,1578300.0
2017-02-07,21.40999984741211,22.1200008392334,21.229999542236328,21.420000076293945,1313400.0
2017-02-08,21.32999992370605,21.6299991607666,21.09000015258789,21.31999969482422,1010900.0
2017-02-09,21.64999961853028,21.8799991607666,21.46999931335449,21.530000686645508,1007900.0
2017-02-10,21.850000381469727,21.96999931335449,21.350000381469727,21.68000030517578,726200.0
2017-02-13,22.270000457763672,22.5,21.770000457763672,22.0,1132000.0
2017-02-14,23.290000915527344,23.34000015258789,22.1299991607666,22.25,1351900.0
2017-02-15,23.64999961853028,23.75,23.15999984741211,23.239999771118164,1309800.0
2017-02-16,23.56999969482422,23.96999931335449,23.049999237060547,23.90999984741211,1344800.0
2017-02-17,23.43000030517578,23.709999084472656,23.11000061035156,23.350000381469727,869700.0
2017-02-21,23.299999237060547,23.700000762939453,23.100000381469727,23.530000686645508,898400.0
2017-02-22,22.32999992370605,23.46999931335449,22.32999992370605,23.25,1122700.0
2017-02-23,22.030000686645508,22.59000015258789,21.86000061035156,22.40999984741211,857300.0
2017-02-24,21.90999984741211,22.270000457763672,21.520000457763672,21.790000915527344,838600.0
2017-02-27,22.959999084472656,23.020000457763672,21.75,21.82999992370605,1101400.0
2017-02-28,22.26000022888184,23.049999237060547,22.209999084472656,22.940000534057617,879300.0
2017-03-01,21.799999237060547,23.049999237060547,21.700000762939453,22.6299991607666,1546500.0
2017-03-02,23.559999465942383,24.0,20.200000762939453,21.11000061035156,4021100.0
2017-03-03,22.920000076293945,23.489999771118164,22.780000686645508,23.459999084472656,1467900.0
2017-03-06,22.729999542236328,22.920000076293945,22.3799991607666,22.850000381469727,848200.0
2017-03-07,22.25,22.770000457763672,22.0,22.34000015258789,1240400.0
2017-03-08,22.82999992370605,23.26000022888184,22.309999465942383,22.309999465942383,832000.0
2017-03-09,22.90999984741211,23.21999931335449,22.56999969482422,22.71999931335449,600900.0
2017-03-10,23.780000686645508,23.84000015258789,22.82999992370605,22.88999938964844,811000.0
2017-03-13,22.86000061035156,23.739999771118164,22.790000915527344,23.739999771118164,1807400.0
2017-03-14,20.82999992370605,22.75,20.799999237060547,22.6299991607666,2136000.0
2017-03-15,21.15999984741211,21.31999969482422,20.450000762939453,20.81999969482422,1494600.0
2017-03-16,21.3799991607666,21.479999542236328,20.950000762939453,21.190000534057617,1001900.0
2017-03-17,20.989999771118164,21.59000015258789,20.809999465942383,21.100000381469727,2238900.0
2017-03-20,20.68000030517578,21.14999961853028,20.530000686645508,20.979999542236328,824800.0
2017-03-21,19.309999465942383,21.030000686645508,19.25,20.76000022888184,1800300.0
2017-03-22,19.190000534057617,19.5,18.549999237060547,19.239999771118164,1367100.0
2017-03-23,18.93000030517578,19.51000022888184,18.850000381469727,19.059999465942383,792000.0
2017-03-24,19.13999938964844,19.350000381469727,18.780000686645508,18.93000030517578,715500.0
2017-03-27,20.020000457763672,20.13999938964844,18.86000061035156,18.89999961853028,932200.0
2017-03-28,19.950000762939453,20.229999542236328,19.459999084472656,19.700000762939453,719500.0
2017-03-29,20.229999542236328,21.0,19.920000076293945,19.989999771118164,1100700.0
2017-03-30,19.71999931335449,20.21999931335449,19.700000762939453,20.200000762939453,790900.0
2017-03-31,19.81999969482422,20.1200008392334,19.690000534057617,19.75,512000.0
2017-04-03,19.3700008392334,20.200000762939453,19.239999771118164,19.89999961853028,901700.0
2017-04-04,19.280000686645508,19.57999992370605,18.86000061035156,19.350000381469727,822200.0
2017-04-05,18.920000076293945,19.64999961853028,18.59000015258789,19.32999992370605,1315800.0
2017-04-06,19.020000457763672,19.040000915527344,18.40999984741211,18.8700008392334,1220500.0
2017-04-07,19.21999931335449,19.239999771118164,18.6299991607666,18.88999938964844,954900.0
2017-04-10,20.190000534057617,20.43000030517578,19.14999961853028,19.25,1322100.0
2017-04-11,19.68000030517578,20.43000030517578,19.290000915527344,20.190000534057617,1242900.0
2017-04-12,19.8700008392334,20.059999465942383,19.559999465942383,19.700000762939453,926700.0
2017-04-13,19.670000076293945,20.200000762939453,19.57999992370605,19.86000061035156,902500.0
2017-04-17,19.5,19.959999084472656,19.440000534057617,19.690000534057617,616300.0
2017-04-18,19.32999992370605,19.46999931335449,18.739999771118164,19.46999931335449,1088500.0
2017-04-19,20.1200008392334,20.3700008392334,19.209999084472656,19.440000534057617,1229400.0
2017-04-20,20.299999237060547,20.440000534057617,20.0,20.25,800100.0
2017-04-21,20.170000076293945,20.43000030517578,20.020000457763672,20.299999237060547,1037100.0
2017-04-24,20.270000457763672,20.600000381469727,20.200000762939453,20.5,618000.0
2017-04-25,21.1299991607666,21.25,20.26000022888184,20.43000030517578,993400.0
2017-04-26,21.32999992370605,21.440000534057617,21.0,21.1200008392334,878900.0
2017-04-27,21.46999931335449,21.75,21.190000534057617,21.40999984741211,855900.0
2017-04-28,20.84000015258789,21.670000076293945,20.6299991607666,21.530000686645508,542100.0
2017-05-01,21.030000686645508,21.170000076293945,20.64999961853028,20.8799991607666,325900.0
2017-05-02,21.18000030517578,21.40999984741211,20.61000061035156,21.11000061035156,689000.0
2017-05-03,21.13999938964844,21.420000076293945,20.76000022888184,21.059999465942383,497500.0
2017-05-04,21.1299991607666,21.290000915527344,20.75,21.229999542236328,492200.0
2017-05-05,20.56999969482422,21.170000076293945,20.450000762939453,21.170000076293945,653300.0
2017-05-08,19.36000061035156,20.68000030517578,19.21999931335449,20.440000534057617,994300.0
2017-05-09,19.440000534057617,19.65999984741211,18.88999938964844,19.459999084472656,1252900.0
2017-05-10,19.559999465942383,19.600000381469727,18.93000030517578,19.440000534057617,1015700.0
2017-05-11,23.6200008392334,23.89999961853028,20.1200008392334,20.709999084472656,5324000.0
2017-05-12,24.13999938964844,24.26000022888184,22.90999984741211,23.6200008392334,1862000.0
2017-05-15,25.670000076293945,26.989999771118164,24.209999084472656,24.25,2869700.0
2017-05-16,24.25,26.170000076293945,24.190000534057617,25.63999938964844,1700800.0
2017-05-17,23.75,24.90999984741211,23.63999938964844,23.86000061035156,1302900.0
2017-05-18,24.280000686645508,24.36000061035156,23.6200008392334,23.81999969482422,777000.0
2017-05-19,23.489999771118164,24.46999931335449,23.26000022888184,24.270000457763672,828900.0
2017-05-22,22.479999542236328,23.709999084472656,22.239999771118164,23.56999969482422,1273000.0
2017-05-23,22.93000030517578,23.01000022888184,22.309999465942383,22.39999961853028,898300.0
2017-05-24,23.229999542236328,23.63999938964844,22.950000762939453,23.0,928000.0
2017-05-25,22.11000061035156,23.36000061035156,21.89999961853028,23.34000015258789,1151100.0
2017-05-26,21.88999938964844,23.020000457763672,21.799999237060547,22.0,810900.0
2017-05-30,21.799999237060547,22.51000022888184,21.670000076293945,21.920000076293945,789200.0
2017-05-31,21.31999969482422,22.049999237060547,20.13999938964844,22.040000915527344,2288700.0
2017-06-01,21.82999992370605,21.940000534057617,21.13999938964844,21.290000915527344,1021800.0
2017-06-02,22.06999969482422,22.13999938964844,21.36000061035156,22.030000686645508,880400.0
2017-06-05,21.81999969482422,22.520000457763672,21.530000686645508,22.280000686645508,961800.0
2017-06-06,21.959999084472656,22.229999542236328,21.530000686645508,21.780000686645508,498700.0
2017-06-07,22.020000457763672,22.13999938964844,21.729999542236328,21.799999237060547,552400.0
2017-06-08,22.64999961853028,23.040000915527344,21.799999237060547,22.030000686645508,807600.0
2017-06-09,22.350000381469727,23.25,22.25,22.68000030517578,843900.0
2017-06-12,23.15999984741211,23.280000686645508,21.8700008392334,22.26000022888184,1038800.0
2017-06-13,22.780000686645508,23.46999931335449,22.440000534057617,23.280000686645508,831500.0
2017-06-14,23.479999542236328,23.940000534057617,22.709999084472656,22.739999771118164,726200.0
2017-06-15,22.81999969482422,23.84000015258789,22.65999984741211,23.350000381469727,609300.0
2017-06-16,22.559999465942383,22.90999984741211,22.3700008392334,22.82999992370605,2218800.0
2017-06-19,23.39999961853028,23.59000015258789,22.459999084472656,22.739999771118164,912600.0
2017-06-20,23.299999237060547,23.920000076293945,23.21999931335449,23.299999237060547,727500.0
2017-06-21,23.950000762939453,24.18000030517578,23.26000022888184,23.36000061035156,759200.0
2017-06-22,25.290000915527344,25.6299991607666,23.76000022888184,24.049999237060547,1230600.0
2017-06-23,25.36000061035156,25.799999237060547,24.780000686645508,25.18000030517578,1115700.0
2017-06-26,25.3799991607666,25.8799991607666,24.850000381469727,25.36000061035156,748500.0
2017-06-27,24.06999969482422,25.459999084472656,24.040000915527344,25.34000015258789,868900.0
2017-06-28,24.93000030517578,25.11000061035156,23.8799991607666,24.32999992370605,668600.0
2017-06-29,24.13999938964844,25.18000030517578,23.81999969482422,24.93000030517578,808700.0
2017-06-30,24.09000015258789,24.549999237060547,23.71999931335449,24.21999931335449,666800.0
2017-07-03,24.39999961853028,24.71999931335449,23.979999542236328,24.170000076293945,327200.0
2017-07-05,25.1299991607666,25.299999237060547,24.25,24.450000762939453,854300.0
2017-07-06,24.15999984741211,25.14999961853028,24.059999465942383,24.940000534057617,959000.0
2017-07-07,24.229999542236328,24.799999237060547,24.11000061035156,24.31999969482422,572600.0
2017-07-10,23.5,24.350000381469727,23.43000030517578,24.21999931335449,597100.0
2017-07-11,23.13999938964844,23.71999931335449,22.89999961853028,23.479999542236328,529900.0
2017-07-12,23.549999237060547,23.82999992370605,23.209999084472656,23.280000686645508,443700.0
2017-07-13,24.1200008392334,24.450000762939453,23.049999237060547,23.5,598100.0
2017-07-14,23.1299991607666,24.479999542236328,23.09000015258789,24.1200008392334,947100.0
2017-07-17,22.82999992370605,23.57999992370605,22.790000915527344,23.07999992370605,564500.0
2017-07-18,22.920000076293945,23.06999969482422,22.43000030517578,22.799999237060547,495600.0
2017-07-19,23.0,23.290000915527344,22.76000022888184,22.959999084472656,511800.0
2017-07-20,23.64999961853028,23.739999771118164,22.96999931335449,23.0,605800.0
2017-07-21,23.61000061035156,23.84000015258789,23.40999984741211,23.5,390900.0
2017-07-24,23.059999465942383,23.799999237060547,23.030000686645508,23.51000022888184,581200.0
2017-07-25,23.190000534057617,23.39999961853028,22.790000915527344,23.239999771118164,594700.0
2017-07-26,23.1200008392334,23.450000762939453,22.950000762939453,23.209999084472656,342000.0
2017-07-27,22.489999771118164,23.63999938964844,22.43000030517578,23.229999542236328,642900.0
2017-07-28,22.549999237060547,22.59000015258789,21.940000534057617,22.38999938964844,440400.0
2017-07-31,21.59000015258789,22.51000022888184,21.559999465942383,22.51000022888184,582000.0
2017-08-01,21.3799991607666,21.65999984741211,20.729999542236328,21.6299991607666,926600.0
2017-08-02,21.09000015258789,21.690000534057617,20.600000381469727,21.38999938964844,658800.0
2017-08-03,21.31999969482422,21.39999961853028,20.93000030517578,21.049999237060547,657500.0
2017-08-04,21.64999961853028,21.700000762939453,21.21999931335449,21.31999969482422,495900.0
2017-08-07,21.5,21.93000030517578,21.43000030517578,21.64999961853028,557600.0
2017-08-08,20.65999984741211,21.65999984741211,20.6299991607666,21.46999931335449,703400.0
2017-08-09,20.979999542236328,21.100000381469727,20.190000534057617,20.479999542236328,987300.0
2017-08-10,18.65999984741211,20.780000686645508,17.739999771118164,20.01000022888184,2988500.0
2017-08-11,19.64999961853028,19.68000030517578,17.700000762939453,18.520000457763672,2111600.0
2017-08-14,18.549999237060547,20.5,18.51000022888184,19.989999771118164,2100000.0
2017-08-15,18.6299991607666,18.8700008392334,17.81999969482422,18.57999992370605,1527700.0
2017-08-16,18.209999084472656,18.809999465942383,17.959999084472656,18.63999938964844,1072300.0
2017-08-17,17.6200008392334,18.32999992370605,17.59000015258789,18.14999961853028,1247800.0
2017-08-18,17.299999237060547,17.75,17.049999237060547,17.65999984741211,1084900.0
2017-08-21,17.389999389648438,17.829999923706055,17.040000915527344,17.329999923706055,1020900.0
2017-08-22,17.81999969482422,17.889999389648438,17.270000457763672,17.43000030517578,672700.0
2017-08-23,18.030000686645508,18.14999961853028,17.299999237060547,17.770000457763672,717000.0
2017-08-24,18.670000076293945,18.68000030517578,17.770000457763672,18.25,812700.0
2017-08-25,17.729999542236328,18.75,17.690000534057617,18.670000076293945,1155800.0
2017-08-28,18.11000061035156,18.270000457763672,17.770000457763672,18.020000457763672,1176400.0
2017-08-29,19.040000915527344,19.3700008392334,17.670000076293945,17.75,1573100.0
2017-08-30,19.170000076293945,19.290000915527344,18.709999084472656,19.01000022888184,1006200.0
2017-08-31,19.729999542236328,19.989999771118164,19.049999237060547,19.18000030517578,1036500.0
2017-09-01,20.170000076293945,20.670000076293945,19.61000061035156,19.64999961853028,1296500.0
2017-09-05,20.040000915527344,20.46999931335449,19.5,20.0,907700.0
2017-09-06,19.959999084472656,20.36000061035156,19.670000076293945,20.18000030517578,660300.0
2017-09-07,19.81999969482422,20.100000381469727,19.549999237060547,19.89999961853028,573800.0
2017-09-08,19.850000381469727,20.25,19.75,19.799999237060547,490300.0
2017-09-11,19.850000381469727,20.25,19.63999938964844,20.06999969482422,612600.0
2017-09-12,19.809999465942383,20.06999969482422,19.59000015258789,19.90999984741211,572500.0
2017-09-13,19.82999992370605,20.020000457763672,19.450000762939453,19.690000534057617,803800.0
2017-09-14,18.88999938964844,19.81999969482422,18.61000061035156,19.81999969482422,1197300.0
2017-09-15,19.3700008392334,19.46999931335449,18.850000381469727,18.920000076293945,1527000.0
2017-09-18,19.46999931335449,19.700000762939453,19.36000061035156,19.3700008392334,673900.0
2017-09-19,18.809999465942383,19.489999771118164,18.71999931335449,19.479999542236328,923800.0
2017-09-20,18.88999938964844,19.190000534057617,18.64999961853028,18.790000915527344,696300.0
2017-09-21,18.75,19.040000915527344,18.559999465942383,18.90999984741211,568400.0
2017-09-22,18.75,18.920000076293945,18.520000457763672,18.65999984741211,502600.0
2017-09-25,18.700000762939453,19.059999465942383,18.549999237060547,18.65999984741211,908800.0
2017-09-26,18.690000534057617,18.940000534057617,18.39999961853028,18.940000534057617,527200.0
2017-09-27,19.01000022888184,19.350000381469727,18.65999984741211,18.68000030517578,785100.0
2017-09-28,18.81999969482422,19.229999542236328,18.75,19.049999237060547,626600.0
2017-09-29,19.01000022888184,19.299999237060547,18.65999984741211,18.8700008392334,826100.0
2017-10-02,19.40999984741211,19.57999992370605,18.959999084472656,19.06999969482422,828900.0
2017-10-03,19.46999931335449,19.5,19.209999084472656,19.43000030517578,474800.0
2017-10-04,19.81999969482422,19.8799991607666,19.32999992370605,19.3799991607666,785800.0
2017-10-05,20.38999938964844,20.489999771118164,19.600000381469727,19.940000534057617,1023100.0
2017-10-06,19.170000076293945,20.350000381469727,19.11000061035156,20.280000686645508,1150100.0
2017-10-09,18.8799991607666,19.26000022888184,18.600000381469727,19.07999992370605,827100.0
2017-10-10,18.799999237060547,19.200000762939453,18.76000022888184,18.920000076293945,670900.0
2017-10-11,17.969999313354492,19.049999237060547,17.920000076293945,18.670000076293945,1442600.0
2017-10-12,18.11000061035156,18.309999465942383,17.75,17.950000762939453,1068500.0
2017-10-13,17.989999771118164,18.32999992370605,17.950000762939453,18.06999969482422,592200.0
2017-10-16,17.940000534057617,18.25,17.75,18.049999237060547,702500.0
2017-10-17,17.989999771118164,18.190000534057617,17.770000457763672,17.809999465942383,735200.0
2017-10-18,18.239999771118164,18.729999542236328,17.959999084472656,18.100000381469727,1152600.0
2017-10-19,18.21999931335449,18.64999961853028,17.979999542236328,18.200000762939453,932600.0
2017-10-20,17.8799991607666,18.34000015258789,17.75,18.229999542236328,1592500.0
2017-10-23,17.3700008392334,18.11000061035156,17.34000015258789,17.899999618530273,1067700.0
2017-10-24,17.06999969482422,17.6200008392334,17.010000228881836,17.40999984741211,1254000.0
2017-10-25,16.75,17.170000076293945,16.280000686645508,17.049999237060547,1274100.0
2017-10-26,16.299999237060547,16.610000610351562,16.110000610351562,16.3700008392334,1234400.0
2017-10-27,16.889999389648438,16.90999984741211,16.190000534057617,16.31999969482422,1056800.0
2017-10-30,16.579999923706055,17.209999084472656,16.450000762939453,16.8799991607666,1033400.0
2017-10-31,16.350000381469727,16.799999237060547,16.229999542236328,16.68000030517578,900700.0
2017-11-01,15.890000343322754,16.639999389648438,15.710000038146973,16.450000762939453,1414300.0
2017-11-02,15.829999923706056,16.290000915527344,15.619999885559082,15.93000030517578,993800.0
2017-11-03,16.43000030517578,16.450000762939453,15.68000030517578,15.789999961853027,803300.0
2017-11-06,15.9399995803833,16.5,15.9399995803833,16.43000030517578,593100.0
2017-11-07,15.56999969482422,16.1200008392334,15.539999961853027,15.979999542236328,711200.0
2017-11-08,15.800000190734863,15.93000030517578,15.399999618530272,15.56999969482422,959700.0
2017-11-09,15.880000114440918,16.219999313354492,15.550000190734863,15.800000190734863,894200.0
2017-11-10,11.8100004196167,15.40999984741211,11.800000190734863,15.039999961853027,8800100.0
2017-11-13,12.579999923706056,12.84000015258789,10.260000228881836,11.630000114440918,7219700.0
2017-11-14,12.68000030517578,12.6899995803833,11.619999885559082,12.470000267028809,2820700.0
2017-11-15,12.649999618530272,12.81999969482422,11.899999618530272,12.470000267028809,2328200.0
2017-11-16,13.619999885559082,13.869999885559082,12.800000190734863,12.93000030517578,2971400.0
2017-11-17,12.850000381469728,13.670000076293944,12.59000015258789,13.510000228881836,1593900.0
2017-11-20,12.5,13.18000030517578,12.3100004196167,12.920000076293944,1316000.0
2017-11-21,12.369999885559082,12.550000190734863,12.220000267028809,12.470000267028809,997800.0
2017-11-22,13.34000015258789,14.09000015258789,12.34000015258789,12.369999885559082,2727300.0
2017-11-24,13.050000190734863,13.550000190734863,12.899999618530272,13.510000228881836,697200.0
2017-11-27,13.039999961853027,13.449999809265137,12.869999885559082,13.050000190734863,968900.0
2017-11-28,12.9399995803833,12.979999542236328,12.579999923706056,12.899999618530272,1078100.0
2017-11-29,13.539999961853027,13.789999961853027,12.800000190734863,12.979999542236328,1463000.0
2017-11-30,13.640000343322754,14.010000228881836,13.479999542236328,13.600000381469728,1469000.0
2017-12-01,13.550000190734863,14.010000228881836,13.229999542236328,13.539999961853027,1136200.0
2017-12-04,13.420000076293944,14.100000381469728,13.369999885559082,13.770000457763672,1315100.0
2017-12-05,12.9399995803833,13.890000343322754,12.90999984741211,13.529999732971191,906700.0
2017-12-06,12.640000343322754,13.109999656677246,12.449999809265137,12.9399995803833,948300.0
2017-12-07,13.119999885559082,13.170000076293944,12.460000038146973,12.640000343322754,956700.0
2017-12-08,13.279999732971191,13.43000030517578,13.100000381469728,13.329999923706056,783800.0
2017-12-11,12.989999771118164,13.600000381469728,12.949999809265137,13.270000457763672,986200.0
2017-12-12,12.729999542236328,13.199999809265137,12.630000114440918,12.989999771118164,1029800.0
2017-12-13,13.1899995803833,13.40999984741211,12.6899995803833,12.720000267028809,970700.0
2017-12-14,12.34000015258789,13.34000015258789,12.199999809265137,13.199999809265137,1395300.0
2017-12-15,12.640000343322754,12.6899995803833,12.149999618530272,12.399999618530272,2033100.0
2017-12-18,12.31999969482422,12.739999771118164,12.220000267028809,12.729999542236328,1401100.0
2017-12-19,11.960000038146973,12.369999885559082,11.81999969482422,12.170000076293944,1485800.0
2017-12-20,11.989999771118164,12.289999961853027,11.579999923706056,11.899999618530272,1165100.0
2017-12-21,11.979999542236328,12.140000343322754,11.829999923706056,11.989999771118164,1087200.0
2017-12-22,11.699999809265137,12.06999969482422,11.510000228881836,12.0,1475000.0
2017-12-26,11.479999542236328,11.829999923706056,11.380000114440918,11.449999809265137,1240500.0
2017-12-27,11.609999656677246,11.979999542236328,11.31999969482422,11.449999809265137,1187500.0
2017-12-28,11.329999923706056,11.640000343322754,11.170000076293944,11.510000228881836,1524500.0
2017-12-29,11.520000457763672,11.920000076293944,11.109999656677246,11.329999923706056,1924900.0
2018-01-02,13.470000267028809,13.489999771118164,11.68000030517578,11.770000457763672,3848100.0
2018-01-03,14.079999923706056,14.270000457763672,13.5,13.520000457763672,2898200.0
2018-01-04,12.890000343322754,14.029999732971191,12.6899995803833,13.979999542236328,2375400.0
2018-01-05,13.149999618530272,13.399999618530272,12.539999961853027,13.18000030517578,1736400.0
2018-01-08,12.720000267028809,13.199999809265137,12.229999542236328,13.149999618530272,1776200.0
2018-01-09,13.68000030517578,13.8100004196167,12.539999961853027,12.640000343322754,2504400.0
2018-01-10,13.399999618530272,13.880000114440918,13.18000030517578,13.56999969482422,2210600.0
2018-01-11,13.220000267028809,13.489999771118164,13.050000190734863,13.359999656677246,1421300.0
2018-01-12,14.710000038146973,15.010000228881836,13.210000038146973,13.210000038146973,2546000.0
2018-01-16,13.770000457763672,15.31999969482422,13.5600004196167,15.0,2989000.0
2018-01-17,14.25,14.510000228881836,13.1899995803833,13.350000381469728,4260100.0
2018-01-18,13.630000114440918,14.779999732971191,13.539999961853027,14.75,2139500.0
2018-01-19,13.0,13.670000076293944,12.600000381469728,13.649999618530272,5716900.0
2018-01-22,13.65999984741211,14.539999961853027,13.149999618530272,13.1899995803833,4044200.0
2018-01-23,14.140000343322754,14.199999809265137,13.609999656677246,13.960000038146973,2428200.0
2018-01-24,13.93000030517578,14.4399995803833,13.670000076293944,14.09000015258789,1702900.0
2018-01-25,14.68000030517578,14.989999771118164,13.970000267028809,13.970000267028809,2636900.0
2018-01-26,14.359999656677246,14.920000076293944,14.149999618530272,14.8100004196167,1583900.0
2018-01-29,14.09000015258789,14.779999732971191,14.039999961853027,14.229999542236328,1691700.0
2018-01-30,13.289999961853027,14.199999809265137,13.270000457763672,13.850000381469728,1920500.0
2018-01-31,13.0,13.630000114440918,12.899999618530272,13.460000038146973,1695900.0
2018-02-01,13.210000038146973,13.279999732971191,12.770000457763672,12.960000038146973,1555200.0
2018-02-02,12.699999809265137,13.210000038146973,12.6899995803833,13.029999732971191,1476900.0
2018-02-05,12.010000228881836,13.029999732971191,12.0,12.550000190734863,1919400.0
2018-02-06,13.020000457763672,13.149999618530272,11.65999984741211,11.789999961853027,1847000.0
2018-02-07,13.579999923706056,13.829999923706056,12.699999809265137,12.789999961853027,2038300.0
2018-02-08,12.600000381469728,13.81999969482422,12.600000381469728,13.199999809265137,1661900.0
2018-02-09,12.369999885559082,12.859999656677246,11.869999885559082,12.760000228881836,2397300.0
2018-02-12,12.649999618530272,12.81999969482422,12.220000267028809,12.5,901400.0
2018-02-13,13.100000381469728,13.199999809265137,12.329999923706056,12.43000030517578,1002000.0
2018-02-14,13.460000038146973,13.630000114440918,12.890000343322754,12.93000030517578,1276200.0
2018-02-15,13.619999885559082,13.979999542236328,13.359999656677246,13.579999923706056,1113100.0
2018-02-16,13.25,13.649999618530272,13.18000030517578,13.550000190734863,752700.0
2018-02-20,12.84000015258789,13.34000015258789,12.760000228881836,13.119999885559082,858100.0
2018-02-21,12.850000381469728,13.350000381469728,12.84000015258789,12.890000343322754,929600.0
2018-02-22,12.770000457763672,13.449999809265137,12.6899995803833,12.960000038146973,1022500.0
2018-02-23,13.289999961853027,13.329999923706056,12.619999885559082,12.850000381469728,1013500.0
2018-02-26,13.170000076293944,13.359999656677246,12.760000228881836,13.350000381469728,806900.0
2018-02-27,13.06999969482422,13.420000076293944,12.859999656677246,13.100000381469728,1038500.0
2018-02-28,13.020000457763672,13.380000114440918,12.869999885559082,13.06999969482422,1081700.0
2018-03-01,12.899999618530272,13.25,12.619999885559082,13.130000114440918,1105500.0
2018-03-02,16.09000015258789,16.329999923706055,13.100000381469728,13.279999732971191,6199400.0
2018-03-05,15.579999923706056,16.75,14.880000114440918,16.0,3159700.0
2018-03-06,15.739999771118164,15.920000076293944,15.350000381469728,15.649999618530272,1348400.0
2018-03-07,15.859999656677246,16.100000381469727,15.449999809265137,15.449999809265137,1682000.0
2018-03-08,15.81999969482422,16.09000015258789,14.90999984741211,15.90999984741211,1779100.0
2018-03-09,16.75,16.920000076293945,15.68000030517578,15.93000030517578,2420100.0
2018-03-12,16.84000015258789,17.0,16.06999969482422,16.90999984741211,1775200.0
2018-03-13,16.65999984741211,17.489999771118164,16.520000457763672,16.93000030517578,1651200.0
2018-03-14,16.780000686645508,17.139999389648438,16.469999313354492,16.670000076293945,1141800.0
2018-03-15,16.84000015258789,17.079999923706055,16.68000030517578,16.81999969482422,1334900.0
2018-03-16,17.100000381469727,17.31999969482422,16.65999984741211,16.829999923706055,1321700.0
2018-03-19,17.059999465942383,17.670000076293945,16.799999237060547,17.100000381469727,2061500.0
2018-03-20,15.899999618530272,17.200000762939453,15.770000457763672,17.030000686645508,1373100.0
2018-03-21,16.559999465942383,16.68000030517578,15.899999618530272,15.899999618530272,1048900.0
2018-03-22,16.309999465942383,16.8700008392334,16.049999237060547,16.299999237060547,994100.0
2018-03-23,15.800000190734863,16.290000915527344,15.670000076293944,16.260000228881836,1236100.0
2018-03-26,16.65999984741211,16.799999237060547,15.84000015258789,16.15999984741211,1064100.0
2018-03-27,16.030000686645508,16.850000381469727,15.949999809265137,16.709999084472656,1096400.0
2018-03-28,15.81999969482422,16.270000457763672,15.720000267028809,16.110000610351562,906500.0
2018-03-29,15.329999923706056,16.149999618530273,15.100000381469728,15.960000038146973,1383900.0
2018-04-02,15.09000015258789,15.399999618530272,14.899999618530272,15.199999809265137,1379100.0
2018-04-03,16.15999984741211,16.540000915527344,15.15999984741211,15.210000038146973,2112000.0
2018-04-04,16.90999984741211,17.09000015258789,15.609999656677246,15.779999732971191,1653200.0
2018-04-05,17.290000915527344,17.350000381469727,16.649999618530273,17.010000228881836,1280900.0
2018-04-06,17.100000381469727,17.760000228881836,16.899999618530273,17.139999389648438,1088800.0
2018-04-09,17.389999389648438,17.6200008392334,17.1200008392334,17.5,918500.0
2018-04-10,18.14999961853028,18.25,17.489999771118164,17.65999984741211,1284300.0
2018-04-11,19.059999465942383,19.18000030517578,17.920000076293945,18.020000457763672,1622000.0
2018-04-12,19.8700008392334,19.89999961853028,18.809999465942383,19.100000381469727,1857100.0
2018-04-13,19.6200008392334,20.15999984741211,19.07999992370605,19.90999984741211,1598300.0
2018-04-16,18.86000061035156,20.1299991607666,18.670000076293945,20.1299991607666,1286000.0
2018-04-17,19.14999961853028,19.31999969482422,18.75,18.979999542236328,969900.0
2018-04-18,18.8700008392334,19.299999237060547,18.420000076293945,19.15999984741211,1057300.0
2018-04-19,18.07999992370605,18.90999984741211,17.959999084472656,18.790000915527344,1248100.0
2018-04-20,17.940000534057617,18.290000915527344,17.829999923706055,18.1200008392334,3059000.0
2018-04-23,18.0,18.71999931335449,17.799999237060547,17.969999313354492,1131300.0
2018-04-24,17.860000610351562,18.440000534057617,17.450000762939453,18.0,848300.0
2018-04-25,18.020000457763672,18.229999542236328,17.459999084472656,17.899999618530273,750600.0
2018-04-26,18.07999992370605,18.64999961853028,17.829999923706055,18.059999465942383,1066100.0
2018-04-27,18.75,18.959999084472656,18.09000015258789,18.270000457763672,888500.0
2018-04-30,18.18000030517578,19.11000061035156,18.049999237060547,18.790000915527344,961600.0
2018-05-01,18.31999969482422,18.440000534057617,17.559999465942383,18.21999931335449,652000.0
2018-05-02,18.299999237060547,18.600000381469727,18.030000686645508,18.18000030517578,546600.0
2018-05-03,17.93000030517578,18.489999771118164,17.600000381469727,18.280000686645508,799200.0
2018-05-04,17.8799991607666,18.059999465942383,17.6200008392334,17.899999618530273,774500.0
2018-05-07,18.309999465942383,18.40999984741211,17.940000534057617,18.0,762600.0
2018-05-08,18.32999992370605,18.479999542236328,18.049999237060547,18.280000686645508,580600.0
2018-05-09,18.6200008392334,18.739999771118164,18.31999969482422,18.38999938964844,911300.0
2018-05-10,18.63999938964844,19.190000534057617,18.520000457763672,18.61000061035156,1490100.0
2018-05-11,14.979999542236328,17.1299991607666,14.630000114440918,17.1299991607666,5275100.0
2018-05-14,15.449999809265137,15.68000030517578,14.75,14.800000190734863,1857500.0
2018-05-15,16.200000762939453,16.389999389648438,15.4399995803833,15.4399995803833,1734900.0
2018-05-16,16.110000610351562,16.219999313354492,15.520000457763672,16.200000762939453,1644300.0
2018-05-17,15.949999809265137,16.170000076293945,15.6899995803833,15.920000076293944,1121600.0
2018-05-18,15.789999961853027,16.0,15.68000030517578,15.84000015258789,969300.0
2018-05-21,15.479999542236328,16.030000686645508,15.43000030517578,15.829999923706056,858900.0
2018-05-22,15.510000228881836,15.68000030517578,15.3100004196167,15.449999809265137,773900.0
2018-05-23,15.600000381469728,15.670000076293944,15.300000190734863,15.359999656677246,730400.0
2018-05-24,15.5,15.979999542236328,15.399999618530272,15.510000228881836,762700.0
2018-05-25,15.65999984741211,15.800000190734863,15.3100004196167,15.350000381469728,643600.0
2018-05-29,15.40999984741211,15.899999618530272,15.1899995803833,15.529999732971191,1003800.0
2018-05-30,16.110000610351562,16.299999237060547,15.460000038146973,15.510000228881836,1193500.0
2018-05-31,16.579999923706055,16.670000076293945,16.020000457763672,16.020000457763672,1061200.0
2018-06-01,16.510000228881836,16.760000228881836,16.219999313354492,16.639999389648438,1063300.0
2018-06-04,17.0,17.0,16.479999542236328,16.56999969482422,825800.0
2018-06-05,16.899999618530273,17.020000457763672,16.65999984741211,16.920000076293945,701500.0
2018-06-06,16.969999313354492,17.100000381469727,16.780000686645508,16.93000030517578,575400.0
2018-06-07,16.920000076293945,17.09000015258789,16.799999237060547,16.969999313354492,397900.0
2018-06-08,16.8799991607666,17.149999618530273,16.81999969482422,16.860000610351562,572500.0
2018-06-11,17.059999465942383,17.200000762939453,16.760000228881836,16.920000076293945,750300.0
2018-06-12,17.219999313354492,17.600000381469727,17.049999237060547,17.15999984741211,792900.0
2018-06-13,16.969999313354492,17.3799991607666,16.940000534057617,17.270000457763672,579100.0
2018-06-14,16.56999969482422,17.1200008392334,16.510000228881836,17.06999969482422,845900.0
2018-06-15,16.149999618530273,16.600000381469727,15.779999732971191,16.5,1615100.0
2018-06-18,16.459999084472656,16.530000686645508,15.489999771118164,16.09000015258789,1085900.0
2018-06-19,16.989999771118164,17.139999389648438,16.280000686645508,16.290000915527344,1220000.0
2018-06-20,17.0,17.280000686645508,16.489999771118164,17.239999771118164,966100.0
2018-06-21,15.729999542236328,17.0,15.649999618530272,16.899999618530273,1202500.0
2018-06-22,15.510000228881836,15.800000190734863,15.0,15.75,8279400.0
2018-06-25,14.260000228881836,15.399999618530272,13.93000030517578,15.390000343322754,2831500.0
2018-06-26,14.149999618530272,14.390000343322754,14.010000228881836,14.279999732971191,985400.0
2018-06-27,13.260000228881836,14.149999618530272,13.199999809265137,14.149999618530272,1583600.0
2018-06-28,13.369999885559082,13.579999923706056,12.789999961853027,12.789999961853027,1866100.0
2018-06-29,13.9399995803833,14.859999656677246,13.619999885559082,13.800000190734863,9847300.0
2018-07-02,13.770000457763672,14.079999923706056,13.199999809265137,13.609999656677246,1365800.0
2018-07-03,14.289999961853027,14.380000114440918,13.770000457763672,13.800000190734863,695300.0
2018-07-05,14.149999618530272,14.399999618530272,13.979999542236328,14.300000190734863,1535700.0
2018-07-06,14.5600004196167,14.880000114440918,14.09000015258789,14.15999984741211,1093800.0
2018-07-09,14.979999542236328,15.109999656677246,14.68000030517578,15.010000228881836,1487200.0
2018-07-10,15.300000190734863,15.350000381469728,14.869999885559082,14.970000267028809,1202400.0
2018-07-11,14.869999885559082,15.1899995803833,14.770000457763672,15.09000015258789,888000.0
2018-07-12,15.289999961853027,15.329999923706056,14.510000228881836,14.920000076293944,976000.0
2018-07-13,15.380000114440918,15.65999984741211,15.18000030517578,15.300000190734863,807000.0
2018-07-16,14.5600004196167,15.270000457763672,14.130000114440918,14.31999969482422,1484400.0
2018-07-17,14.640000343322754,14.90999984741211,14.510000228881836,14.510000228881836,990000.0
2018-07-18,14.350000381469728,14.75,14.300000190734863,14.539999961853027,1047300.0
2018-07-19,14.670000076293944,14.869999885559082,14.25,14.3100004196167,1079000.0
2018-07-20,14.75,15.0,14.600000381469728,14.6899995803833,2420900.0
2018-07-23,14.609999656677246,14.859999656677246,14.199999809265137,14.720000267028809,904100.0
2018-07-24,13.970000267028809,14.729999542236328,13.859999656677246,14.720000267028809,1364300.0
2018-07-25,13.989999771118164,14.300000190734863,13.8100004196167,13.90999984741211,850600.0
2018-07-26,14.640000343322754,14.800000190734863,13.800000190734863,13.979999542236328,1408900.0
2018-07-27,13.789999961853027,14.649999618530272,13.729999542236328,14.630000114440918,1564900.0
2018-07-30,14.010000228881836,14.25,13.59000015258789,13.789999961853027,1035500.0
2018-07-31,14.65999984741211,14.699999809265137,13.979999542236328,14.020000457763672,870200.0
2018-08-01,14.579999923706056,14.899999618530272,14.460000038146973,14.670000076293944,844800.0
2018-08-02,14.81999969482422,14.880000114440918,14.399999618530272,14.479999542236328,541700.0
2018-08-03,14.720000267028809,15.010000228881836,14.56999969482422,14.760000228881836,707700.0
2018-08-06,14.59000015258789,15.020000457763672,14.489999771118164,14.800000190734863,711600.0
2018-08-07,15.59000015258789,15.729999542236328,14.329999923706056,14.59000015258789,1255500.0
2018-08-08,15.270000457763672,15.670000076293944,14.9399995803833,15.609999656677246,795900.0
2018-08-09,15.390000343322754,16.1299991607666,15.270000457763672,15.390000343322754,1601600.0
2018-08-10,15.050000190734863,15.329999923706056,13.399999618530272,14.0,3025000.0
2018-08-13,14.100000381469728,14.960000038146973,13.970000267028809,14.960000038146973,1568700.0
2018-08-14,14.1899995803833,14.369999885559082,13.960000038146973,14.100000381469728,719100.0
2018-08-15,13.739999771118164,14.1899995803833,13.59000015258789,14.100000381469728,1116700.0
2018-08-16,14.199999809265137,14.25,13.420000076293944,13.779999732971191,950600.0
2018-08-17,14.359999656677246,14.489999771118164,14.06999969482422,14.199999809265137,624400.0
2018-08-20,14.5,14.56999969482422,14.25,14.479999542236328,644900.0
2018-08-21,14.829999923706056,15.050000190734863,14.539999961853027,14.619999885559082,790600.0
2018-08-22,14.989999771118164,15.130000114440918,14.8100004196167,14.84000015258789,772100.0
2018-08-23,14.970000267028809,15.140000343322754,14.699999809265137,14.93000030517578,736800.0
2018-08-24,15.15999984741211,15.40999984741211,14.899999618530272,15.020000457763672,712500.0
2018-08-27,15.31999969482422,15.489999771118164,15.06999969482422,15.210000038146973,748600.0
2018-08-28,15.600000381469728,15.739999771118164,15.199999809265137,15.279999732971191,667900.0
2018-08-29,15.649999618530272,15.970000267028809,15.5,15.68000030517578,779000.0
2018-08-30,15.220000267028809,15.760000228881836,15.140000343322754,15.550000190734863,693200.0
2018-08-31,15.380000114440918,15.390000343322754,15.130000114440918,15.15999984741211,533400.0
2018-09-04,15.09000015258789,15.529999732971191,14.65999984741211,15.40999984741211,943900.0
2018-09-05,14.789999961853027,15.15999984741211,14.619999885559082,14.75,684700.0
2018-09-06,13.880000114440918,14.9399995803833,13.859999656677246,14.770000457763672,910700.0
2018-09-07,13.649999618530272,14.15999984741211,13.56999969482422,13.800000190734863,837100.0
2018-09-10,14.109999656677246,14.140000343322754,13.510000228881836,13.65999984741211,721700.0
2018-09-11,14.5600004196167,14.649999618530272,13.880000114440918,14.09000015258789,706800.0
2018-09-12,14.609999656677246,14.699999809265137,14.329999923706056,14.56999969482422,563700.0
2018-09-13,14.5600004196167,14.81999969482422,14.40999984741211,14.6899995803833,511200.0
2018-09-14,14.3100004196167,14.720000267028809,14.289999961853027,14.520000457763672,690400.0
2018-09-17,13.970000267028809,14.329999923706056,13.8100004196167,14.25,658600.0
2018-09-18,14.25,14.399999618530272,13.960000038146973,14.050000190734863,747800.0
2018-09-19,14.350000381469728,14.449999809265137,13.920000076293944,14.220000267028809,854300.0
2018-09-20,14.529999732971191,14.619999885559082,14.199999809265137,14.43000030517578,817200.0
2018-09-21,14.5,14.770000457763672,14.399999618530272,14.529999732971191,2411600.0
2018-09-24,19.06999969482422,19.940000534057617,15.770000457763672,15.989999771118164,19529000.0
2018-09-25,17.290000915527344,19.209999084472656,16.809999465942383,18.31999969482422,4499400.0
2018-09-26,17.559999465942383,18.049999237060547,16.90999984741211,17.219999313354492,2782200.0
2018-09-27,17.1200008392334,17.940000534057617,16.860000610351562,17.639999389648438,2020800.0
2018-09-28,17.219999313354492,17.93000030517578,16.899999618530273,17.049999237060547,2700300.0
2018-10-01,16.170000076293945,17.780000686645508,16.020000457763672,17.110000610351562,2085000.0
2018-10-02,16.09000015258789,16.139999389648438,15.56999969482422,15.90999984741211,1934200.0
2018-10-03,16.059999465942383,16.239999771118164,15.43000030517578,16.100000381469727,1172500.0
2018-10-04,16.18000030517578,16.260000228881836,15.550000190734863,16.0,1257400.0
2018-10-05,16.489999771118164,16.6200008392334,15.899999618530272,15.920000076293944,1251900.0
2018-10-08,16.110000610351562,16.889999389648438,15.869999885559082,16.200000762939453,1712700.0
2018-10-09,15.760000228881836,16.399999618530273,15.520000457763672,16.010000228881836,1220700.0
2018-10-10,16.049999237060547,16.440000534057617,15.8100004196167,15.850000381469728,1458400.0
2018-10-11,15.109999656677246,16.270000457763672,14.81999969482422,16.0,1522800.0
2018-10-12,15.119999885559082,15.649999618530272,14.579999923706056,15.449999809265137,1229600.0
2018-10-15,14.420000076293944,15.300000190734863,14.40999984741211,14.970000267028809,1133800.0
2018-10-16,15.149999618530272,15.229999542236328,14.100000381469728,14.5,1280000.0
2018-10-17,15.079999923706056,15.350000381469728,14.789999961853027,15.079999923706056,870900.0
2018-10-18,14.470000267028809,15.210000038146973,14.279999732971191,14.880000114440918,983100.0
2018-10-19,13.949999809265137,14.789999961853027,13.390000343322754,14.270000457763672,2102300.0
2018-10-22,13.609999656677246,14.100000381469728,13.359999656677246,13.9399995803833,1350300.0
2018-10-23,13.470000267028809,13.75,12.90999984741211,13.3100004196167,1464000.0
2018-10-24,11.399999618530272,13.609999656677246,11.390000343322754,13.460000038146973,2636700.0
2018-10-25,11.6899995803833,12.25,11.130000114440918,11.31999969482422,1635700.0
2018-10-26,11.739999771118164,12.0,11.300000190734863,11.4399995803833,1151600.0
2018-10-29,11.170000076293944,12.06999969482422,10.880000114440918,11.949999809265137,995000.0
2018-10-30,11.489999771118164,11.670000076293944,11.029999732971191,11.170000076293944,1215300.0
2018-10-31,11.5600004196167,11.960000038146973,11.479999542236328,11.699999809265137,1142100.0
2018-11-01,12.68000030517578,12.739999771118164,11.619999885559082,11.619999885559082,1461400.0
2018-11-02,12.960000038146973,13.09000015258789,12.399999618530272,12.699999809265137,943300.0
2018-11-05,12.65999984741211,13.149999618530272,12.229999542236328,13.029999732971191,717100.0
2018-11-06,12.760000228881836,13.020000457763672,12.510000228881836,12.59000015258789,1038300.0
2018-11-07,13.34000015258789,13.6899995803833,12.699999809265137,12.880000114440918,1050900.0
2018-11-08,13.220000267028809,13.510000228881836,12.960000038146973,13.4399995803833,842700.0
2018-11-09,10.770000457763672,12.770000457763672,10.369999885559082,12.229999542236328,2685500.0
2018-11-12,10.0,10.890000343322754,9.979999542236328,10.720000267028809,1955300.0
2018-11-13,10.09000015258789,10.59000015258789,9.949999809265137,10.15999984741211,1822400.0
2018-11-14,9.789999961853027,10.390000343322754,9.520000457763672,10.289999961853027,2376400.0
2018-11-15,10.3100004196167,10.380000114440918,9.68000030517578,9.739999771118164,1641900.0
2018-11-16,10.149999618530272,10.40999984741211,9.869999885559082,10.170000076293944,1397800.0
2018-11-19,9.5,10.239999771118164,9.130000114440918,10.029999732971191,1443300.0
2018-11-20,9.8100004196167,9.8100004196167,9.0,9.25,4920300.0
2018-11-21,10.149999618530272,10.359999656677246,9.800000190734863,9.899999618530272,935800.0
2018-11-23,9.989999771118164,10.31999969482422,9.93000030517578,9.979999542236328,483000.0
2018-11-26,9.869999885559082,10.34000015258789,9.770000457763672,9.949999809265137,1082700.0
2018-11-27,9.100000381469728,9.800000190734863,9.020000457763672,9.760000228881836,1531100.0
2018-11-28,9.710000038146973,9.729999542236328,8.920000076293945,8.949999809265137,2032200.0
2018-11-29,9.68000030517578,9.949999809265137,9.40999984741211,9.600000381469728,920200.0
2018-11-30,9.800000190734863,9.899999618530272,9.520000457763672,9.640000343322754,1149400.0
2018-12-03,10.039999961853027,10.229999542236328,9.56999969482422,10.010000228881836,1058600.0
2018-12-04,9.31999969482422,10.130000114440918,9.260000228881836,10.010000228881836,1255600.0
2018-12-06,9.390000343322754,9.479999542236328,9.039999961853027,9.140000343322754,1178200.0
2018-12-07,9.0600004196167,9.68000030517578,9.010000228881836,9.350000381469728,842400.0
2018-12-10,8.770000457763672,9.239999771118164,8.729999542236328,9.039999961853027,1436300.0
2018-12-11,8.819999694824219,9.039999961853027,8.510000228881836,8.9399995803833,879900.0
2018-12-12,8.850000381469727,9.289999961853027,8.819999694824219,8.989999771118164,1027400.0
2018-12-13,8.640000343322754,8.970000267028809,8.520000457763672,8.890000343322754,1130000.0
2018-12-14,8.289999961853027,8.84000015258789,8.25,8.510000228881836,1127200.0
2018-12-17,7.820000171661377,8.25,7.730000019073486,8.199999809265137,1523500.0
2018-12-18,7.300000190734863,8.050000190734863,7.289999961853027,7.929999828338623,2030400.0
2018-12-19,7.130000114440918,7.730000019073486,6.989999771118164,7.360000133514404,1970200.0
2018-12-20,7.079999923706055,7.699999809265137,7.0,7.170000076293945,2432400.0
2018-12-21,6.769999980926514,7.050000190734863,6.690000057220459,7.050000190734863,5446800.0
2018-12-24,7.039999961853027,7.320000171661377,6.690000057220459,6.760000228881836,989700.0
2018-12-26,6.920000076293945,7.420000076293945,6.730000019073486,7.159999847412109,2004100.0
2018-12-27,6.75,7.150000095367432,6.5,6.769999980926514,1833300.0
2018-12-28,6.800000190734863,7.050000190734863,6.550000190734863,6.650000095367432,1815500.0
2018-12-31,6.539999961853027,6.940000057220459,6.210000038146973,6.800000190734863,2837000.0
2019-01-02,7.150000095367432,7.21999979019165,6.349999904632568,6.360000133514404,2166800.0
2019-01-03,6.940000057220459,7.25,6.71999979019165,7.070000171661377,1733100.0
2019-01-04,7.260000228881836,7.380000114440918,6.889999866485596,7.03000020980835,2134500.0
2019-01-07,7.539999961853027,7.659999847412109,7.199999809265137,7.360000133514404,1556300.0
2019-01-08,7.610000133514404,7.789999961853027,7.400000095367432,7.619999885559082,1646100.0
2019-01-09,7.75,7.880000114440918,7.550000190734863,7.670000076293945,1271600.0
2019-01-10,7.769999980926514,7.800000190734863,7.460000038146973,7.639999866485596,1365300.0
2019-01-11,7.820000171661377,7.989999771118164,7.579999923706055,7.699999809265137,1039200.0
2019-01-14,7.860000133514404,8.079999923706055,7.690000057220459,7.739999771118164,1889400.0
2019-01-15,8.229999542236328,8.25,7.840000152587891,7.880000114440918,1306500.0
2019-01-16,8.239999771118164,8.800000190734863,8.210000038146973,8.300000190734863,1617400.0
2019-01-17,8.40999984741211,8.569999694824219,8.149999618530273,8.199999809265137,1457700.0
2019-01-18,8.829999923706055,9.100000381469728,8.109999656677246,8.420000076293945,6350400.0
2019-01-22,8.039999961853027,8.770000457763672,7.909999847412109,8.75,2337600.0
2019-01-23,7.760000228881836,8.15999984741211,7.420000076293945,8.15999984741211,1571800.0
2019-01-24,7.849999904632568,8.050000190734863,7.610000133514404,7.739999771118164,878800.0
2019-01-25,7.909999847412109,8.029999732971191,7.670000076293945,7.900000095367432,1251100.0
2019-01-28,7.5,7.840000152587891,7.480000019073486,7.789999961853027,967800.0
2019-01-29,7.440000057220459,7.619999885559082,7.230000019073486,7.550000190734863,729000.0
2019-01-30,7.699999809265137,7.710000038146973,7.329999923706055,7.449999809265137,935600.0
2019-01-31,7.659999847412109,7.860000133514404,7.559999942779541,7.679999828338623,896100.0
2019-02-01,7.699999809265137,7.869999885559082,7.449999809265137,7.659999847412109,832000.0
2019-02-04,7.769999980926514,7.869999885559082,7.639999866485596,7.730000019073486,532800.0
2019-02-05,8.0,8.369999885559082,7.78000020980835,7.800000190734863,1284300.0
2019-02-06,8.0600004196167,8.199999809265137,7.909999847412109,8.0,864400.0
2019-02-07,7.449999809265137,8.100000381469727,7.380000114440918,8.100000381469727,1119300.0
2019-02-08,7.409999847412109,7.519999980926514,7.119999885559082,7.380000114440918,1008300.0
2019-02-11,7.5,7.519999980926514,7.21999979019165,7.440000057220459,691000.0
2019-02-12,7.760000228881836,7.840000152587891,7.510000228881836,7.550000190734863,939000.0
2019-02-13,7.690000057220459,7.920000076293945,7.539999961853027,7.789999961853027,802300.0
2019-02-14,7.579999923706055,7.849999904632568,7.429999828338623,7.650000095367432,1026900.0
2019-02-15,8.039999961853027,8.069999694824219,7.510000228881836,7.610000133514404,1177200.0
2019-02-19,7.820000171661377,8.149999618530273,7.760000228881836,8.020000457763672,1102800.0
2019-02-20,7.949999809265137,8.029999732971191,7.75,7.809999942779541,617000.0
2019-02-21,7.920000076293945,8.170000076293945,7.78000020980835,7.900000095367432,959100.0
2019-02-22,8.270000457763672,8.350000381469727,7.920000076293945,7.940000057220459,1174400.0
2019-02-25,8.479999542236328,8.579999923706055,8.300000190734863,8.390000343322754,1276700.0
2019-02-26,8.140000343322754,8.489999771118164,8.119999885559082,8.40999984741211,984900.0
2019-02-27,8.279999732971191,8.4399995803833,8.020000457763672,8.029999732971191,1280200.0
2019-02-28,7.96999979019165,8.300000190734863,7.900000095367432,8.15999984741211,1656700.0
2019-03-01,5.059999942779541,6.099999904632568,4.880000114440918,6.039999961853027,14315400.0
2019-03-04,4.139999866485596,5.230000019073486,4.050000190734863,5.21999979019165,11908200.0
2019-03-05,5.019999980926514,5.119999885559082,4.150000095367432,4.320000171661377,7863300.0
2019-03-06,4.610000133514404,5.099999904632568,4.570000171661377,4.989999771118164,3546700.0
2019-03-07,5.03000020980835,5.150000095367432,4.599999904632568,4.599999904632568,3715700.0
2019-03-08,5.059999942779541,5.070000171661377,4.670000076293945,4.940000057220459,2447200.0
2019-03-11,5.269999980926514,5.28000020980835,4.880000114440918,5.099999904632568,2767900.0
2019-03-12,5.389999866485596,5.489999771118164,5.079999923706055,5.239999771118164,1822900.0
2019-03-13,5.630000114440918,5.699999809265137,5.25,5.400000095367432,2196600.0
2019-03-14,5.630000114440918,5.760000228881836,5.460000038146973,5.610000133514404,1715300.0
2019-03-15,5.480000019073486,5.679999828338623,5.28000020980835,5.650000095367432,3914400.0
2019-03-18,5.619999885559082,5.760000228881836,5.409999847412109,5.480000019073486,1797600.0
2019-03-19,5.619999885559082,5.889999866485596,5.510000228881836,5.639999866485596,1976400.0
2019-03-20,5.449999809265137,5.730000019073486,5.420000076293945,5.599999904632568,1899400.0
2019-03-21,5.760000228881836,5.789999961853027,5.309999942779541,5.380000114440918,1483400.0
2019-03-22,5.369999885559082,5.800000190734863,5.340000152587891,5.760000228881836,1984500.0
2019-03-25,4.989999771118164,5.460000038146973,4.929999828338623,5.369999885559082,3171400.0
2019-03-26,5.300000190734863,5.369999885559082,4.949999809265137,5.039999961853027,1853900.0
2019-03-27,5.079999923706055,5.300000190734863,5.019999980926514,5.28000020980835,1476200.0
2019-03-28,5.070000171661377,5.130000114440918,4.909999847412109,5.079999923706055,1417600.0
2019-03-29,5.260000228881836,5.269999980926514,5.099999904632568,5.119999885559082,1164500.0
2019-04-01,5.349999904632568,5.5,5.260000228881836,5.300000190734863,1495200.0
2019-04-02,5.449999809265137,5.590000152587891,5.329999923706055,5.329999923706055,1168500.0
2019-04-03,5.519999980926514,5.619999885559082,5.369999885559082,5.559999942779541,1361000.0
2019-04-04,5.440000057220459,5.510000228881836,5.320000171661377,5.510000228881836,1424300.0
2019-04-05,5.510000228881836,5.590000152587891,5.409999847412109,5.460000038146973,1325200.0
2019-04-08,5.559999942779541,5.690000057220459,5.329999923706055,5.46999979019165,1427800.0
2019-04-09,5.230000019073486,5.539999961853027,5.190000057220459,5.539999961853027,2156600.0
2019-04-10,5.190000057220459,5.300000190734863,5.0,5.239999771118164,2109500.0
2019-04-11,5.03000020980835,5.199999809265137,4.949999809265137,5.190000057220459,2578500.0
2019-04-12,4.909999847412109,5.079999923706055,4.75,5.079999923706055,2709900.0
2019-04-15,4.760000228881836,4.960000038146973,4.559999942779541,4.929999828338623,2491400.0
2019-04-16,5.070000171661377,5.239999771118164,4.599999904632568,4.710000038146973,3565500.0
2019-04-17,4.440000057220459,5.079999923706055,4.300000190734863,5.070000171661377,8738900.0
2019-04-18,4.110000133514404,4.489999771118164,3.950000047683716,4.489999771118164,20775600.0
2019-04-22,4.150000095367432,4.159999847412109,4.03000020980835,4.150000095367432,3768200.0
2019-04-23,4.409999847412109,4.5,4.119999885559082,4.159999847412109,5732600.0
2019-04-24,4.320000171661377,4.5,4.28000020980835,4.389999866485596,1657500.0
2019-04-25,4.389999866485596,4.510000228881836,4.199999809265137,4.289999961853027,1727000.0
2019-04-26,4.5,4.5,4.300000190734863,4.389999866485596,1539300.0
2019-04-29,4.480000019073486,4.53000020980835,4.409999847412109,4.449999809265137,1534600.0
2019-04-30,4.329999923706055,4.489999771118164,4.210000038146973,4.489999771118164,1711300.0
2019-05-01,4.179999828338623,4.389999866485596,4.159999847412109,4.320000171661377,1602800.0
2019-05-02,4.21999979019165,4.289999961853027,4.099999904632568,4.190000057220459,2108400.0
2019-05-03,4.510000228881836,4.550000190734863,4.190000057220459,4.230000019073486,2696300.0
2019-05-06,4.619999885559082,4.659999847412109,4.309999942779541,4.360000133514404,2038300.0
2019-05-07,4.21999979019165,4.639999866485596,4.130000114440918,4.599999904632568,2402200.0
2019-05-08,4.420000076293945,4.46999979019165,4.210000038146973,4.210000038146973,1826400.0
2019-05-09,4.329999923706055,4.400000095367432,4.039999961853027,4.329999923706055,2688600.0
2019-05-10,4.369999885559082,4.699999809265137,4.039999961853027,4.039999961853027,2542600.0
2019-05-13,4.340000152587891,4.369999885559082,4.03000020980835,4.260000228881836,3336100.0
2019-05-14,4.449999809265137,4.510000228881836,4.21999979019165,4.360000133514404,2552100.0
2019-05-15,4.730000019073486,4.730000019073486,4.349999904632568,4.409999847412109,2894700.0
2019-05-16,4.670000076293945,4.960000038146973,4.579999923706055,4.889999866485596,2307000.0
2019-05-17,4.670000076293945,4.78000020980835,4.480000019073486,4.579999923706055,1717400.0
2019-05-20,4.659999847412109,4.78000020980835,4.429999828338623,4.599999904632568,2295500.0
2019-05-21,4.809999942779541,4.809999942779541,4.659999847412109,4.679999828338623,1453600.0
2019-05-22,4.699999809265137,4.940000057220459,4.550000190734863,4.880000114440918,1808200.0
2019-05-23,4.690000057220459,4.739999771118164,4.519999980926514,4.619999885559082,1268500.0
2019-05-24,4.690000057220459,4.760000228881836,4.590000152587891,4.710000038146973,1126800.0
2019-05-28,4.659999847412109,4.849999904632568,4.650000095367432,4.760000228881836,1202900.0
2019-05-29,4.809999942779541,4.829999923706055,4.539999961853027,4.579999923706055,1688500.0
2019-05-30,4.809999942779541,4.869999885559082,4.670000076293945,4.809999942779541,1924300.0
2019-05-31,4.840000152587891,4.869999885559082,4.679999828338623,4.789999961853027,2371400.0
2019-06-03,5.159999847412109,5.329999923706055,4.880000114440918,4.889999866485596,2343000.0
2019-06-04,5.239999771118164,5.239999771118164,5.050000190734863,5.21999979019165,1739700.0
2019-06-05,5.570000171661377,5.650000095367432,5.28000020980835,5.320000171661377,2220700.0
2019-06-06,5.340000152587891,5.599999904632568,5.099999904632568,5.599999904632568,1964100.0
2019-06-07,5.400000095367432,5.440000057220459,5.139999866485596,5.409999847412109,1956700.0
2019-06-10,5.550000190734863,5.659999847412109,5.400000095367432,5.400000095367432,1312400.0
2019-06-11,6.0,6.099999904632568,5.659999847412109,5.710000038146973,3470100.0
2019-06-12,6.53000020980835,6.619999885559082,6.039999961853027,6.110000133514404,4124200.0
2019-06-13,7.03000020980835,7.070000171661377,6.5,6.570000171661377,3260500.0
2019-06-14,7.03000020980835,7.329999923706055,6.909999847412109,7.079999923706055,2731600.0
2019-06-17,7.599999904632568,7.599999904632568,6.71999979019165,7.150000095367432,2761800.0
2019-06-18,8.600000381469727,8.770000457763672,7.860000133514404,8.210000038146973,6188900.0
2019-06-19,8.550000190734863,8.710000038146973,8.109999656677246,8.550000190734863,3256900.0
2019-06-20,8.010000228881836,8.5,7.869999885559082,8.470000267028809,3863000.0
2019-06-21,7.570000171661377,8.029999732971191,7.480000019073486,7.980000019073486,5133800.0
2019-06-24,7.199999809265137,7.710000038146973,7.090000152587891,7.599999904632568,2314500.0
2019-06-25,7.349999904632568,7.550000190734863,7.159999847412109,7.260000228881836,1619200.0
2019-06-26,7.599999904632568,7.690000057220459,7.210000038146973,7.380000114440918,1518200.0
2019-06-27,7.630000114440918,7.769999980926514,7.340000152587891,7.619999885559082,1413200.0
2019-06-28,7.659999847412109,7.869999885559082,7.559999942779541,7.619999885559082,3606500.0
2019-07-01,7.539999961853027,7.880000114440918,7.420000076293945,7.760000228881836,1144100.0
2019-07-02,7.380000114440918,7.579999923706055,7.25,7.579999923706055,976400.0
2019-07-03,7.489999771118164,7.559999942779541,7.329999923706055,7.400000095367432,826300.0
2019-07-05,7.730000019073486,7.800000190734863,7.409999847412109,7.449999809265137,1249500.0
2019-07-08,7.519999980926514,7.730000019073486,7.440000057220459,7.730000019073486,1058500.0
2019-07-09,7.840000152587891,7.849999904632568,7.449999809265137,7.5,1033000.0
2019-07-10,7.75,7.940000057220459,7.630000114440918,7.860000133514404,856800.0
2019-07-11,7.75,7.78000020980835,7.579999923706055,7.78000020980835,1111300.0
2019-07-12,7.639999866485596,7.869999885559082,7.619999885559082,7.769999980926514,828300.0
2019-07-15,7.489999771118164,7.710000038146973,7.449999809265137,7.659999847412109,686200.0
2019-07-16,7.360000133514404,7.550000190734863,7.309999942779541,7.5,747800.0
2019-07-17,7.579999923706055,7.619999885559082,7.300000190734863,7.380000114440918,816100.0
2019-07-18,7.610000133514404,7.639999866485596,7.429999828338623,7.46999979019165,782500.0
2019-07-19,7.449999809265137,7.769999980926514,7.449999809265137,7.619999885559082,819000.0
2019-07-22,7.46999979019165,7.539999961853027,7.340000152587891,7.5,492100.0
2019-07-23,7.760000228881836,7.800000190734863,7.449999809265137,7.5,776600.0
2019-07-24,8.40999984741211,8.449999809265137,7.739999771118164,7.739999771118164,2156500.0
2019-07-25,7.559999942779541,8.470000267028809,7.539999961853027,8.460000038146973,1570900.0
2019-07-26,7.650000095367432,7.880000114440918,7.329999923706055,7.579999923706055,924000.0
2019-07-29,7.710000038146973,7.760000228881836,7.429999828338623,7.659999847412109,552800.0
2019-07-30,8.079999923706055,8.100000381469727,7.610000133514404,7.630000114440918,708800.0
2019-07-31,7.989999771118164,8.699999809265137,7.980000019073486,8.050000190734863,1799900.0
2019-08-01,7.610000133514404,8.210000038146973,7.489999771118164,7.980000019073486,1514300.0
2019-08-02,7.440000057220459,7.679999828338623,7.130000114440918,7.539999961853027,1320700.0
2019-08-05,6.889999866485596,7.360000133514404,6.699999809265137,7.320000171661377,1509800.0
2019-08-06,7.380000114440918,7.409999847412109,6.929999828338623,6.96999979019165,1324900.0
2019-08-07,7.489999771118164,7.579999923706055,6.960000038146973,7.329999923706055,1111400.0
2019-08-08,7.619999885559082,7.800000190734863,7.300000190734863,7.46999979019165,1458400.0
2019-08-09,6.949999809265137,7.289999961853027,6.510000228881836,6.610000133514404,2205100.0
2019-08-12,6.949999809265137,7.190000057220459,6.690000057220459,6.960000038146973,909300.0
2019-08-13,6.71999979019165,7.050000190734863,6.599999904632568,6.929999828338623,1084500.0
2019-08-14,6.539999961853027,6.860000133514404,6.510000228881836,6.610000133514404,1407900.0
2019-08-15,6.639999866485596,6.75,6.369999885559082,6.510000228881836,1016600.0
2019-08-16,7.010000228881836,7.139999866485596,6.579999923706055,6.699999809265137,1176200.0
2019-08-19,7.21999979019165,7.300000190734863,7.03000020980835,7.119999885559082,1028000.0
2019-08-20,6.739999771118164,7.210000038146973,6.739999771118164,7.210000038146973,1664900.0
2019-08-21,6.389999866485596,6.860000133514404,6.329999923706055,6.789999961853027,1915900.0
2019-08-22,5.869999885559082,6.449999809265137,5.739999771118164,6.389999866485596,2199900.0
2019-08-23,5.769999980926514,6.139999866485596,5.690000057220459,5.860000133514404,1016300.0
2019-08-26,5.860000133514404,5.909999847412109,5.630000114440918,5.840000152587891,1024200.0
2019-08-27,5.610000133514404,5.929999828338623,5.510000228881836,5.900000095367432,965900.0
2019-08-28,5.75,5.869999885559082,5.449999809265137,5.449999809265137,1057800.0
2019-08-29,5.880000114440918,5.909999847412109,5.71999979019165,5.730000019073486,674200.0
2019-08-30,5.840000152587891,5.920000076293945,5.71999979019165,5.920000076293945,475600.0
2019-09-03,5.579999923706055,5.809999942779541,5.510000228881836,5.809999942779541,960300.0
2019-09-04,5.679999828338623,5.699999809265137,5.429999828338623,5.670000076293945,1082700.0
2019-09-05,5.829999923706055,5.929999828338623,5.570000171661377,5.71999979019165,884500.0
2019-09-06,5.739999771118164,5.949999809265137,5.679999828338623,5.820000171661377,731800.0
2019-09-09,5.820000171661377,5.920000076293945,5.670000076293945,5.760000228881836,916900.0
2019-09-10,6.46999979019165,6.53000020980835,5.699999809265137,5.800000190734863,1249900.0
2019-09-11,6.360000133514404,6.570000171661377,6.159999847412109,6.5,910800.0
2019-09-12,6.25,6.460000038146973,6.079999923706055,6.360000133514404,709200.0
2019-09-13,6.420000076293945,6.53000020980835,6.090000152587891,6.289999961853027,765700.0
2019-09-16,6.840000152587891,6.869999885559082,6.300000190734863,6.360000133514404,1269600.0
2019-09-17,6.360000133514404,6.900000095367432,6.320000171661377,6.900000095367432,986400.0
2019-09-18,6.269999980926514,6.46999979019165,6.150000095367432,6.349999904632568,1034500.0
2019-09-19,6.25,6.420000076293945,6.21999979019165,6.309999942779541,652000.0
2019-09-20,6.320000171661377,6.460000038146973,6.230000019073486,6.25,1138700.0
2019-09-23,5.809999942779541,6.360000133514404,5.75,6.340000152587891,1309000.0
2019-09-24,5.630000114440918,5.869999885559082,5.449999809265137,5.789999961853027,1314900.0
2019-09-25,5.53000020980835,5.739999771118164,5.510000228881836,5.639999866485596,903600.0
2019-09-26,5.53000020980835,5.71999979019165,5.380000114440918,5.550000190734863,965900.0
2019-09-27,5.519999980926514,5.699999809265137,5.309999942779541,5.5,1011000.0
2019-09-30,5.71999979019165,5.820000171661377,5.449999809265137,5.510000228881836,1186400.0
2019-10-01,5.53000020980835,5.78000020980835,5.289999961853027,5.5,1396800.0
2019-10-02,5.960000038146973,5.96999979019165,5.409999847412109,5.510000228881836,998400.0
2019-10-03,5.920000076293945,6.079999923706055,5.730000019073486,5.920000076293945,952700.0
2019-10-04,5.880000114440918,5.980000019073486,5.619999885559082,5.909999847412109,578200.0
2019-10-07,6.170000076293945,6.21999979019165,5.809999942779541,5.860000133514404,987300.0
2019-10-08,6.03000020980835,6.21999979019165,5.980000019073486,6.090000152587891,682300.0
2019-10-09,5.710000038146973,6.099999904632568,5.710000038146973,6.099999904632568,517300.0
2019-10-10,5.789999961853027,5.820000171661377,5.630000114440918,5.670000076293945,547500.0
2019-10-11,6.019999980926514,6.079999923706055,5.829999923706055,5.829999923706055,702900.0
2019-10-14,5.909999847412109,6.090000152587891,5.900000095367432,5.980000019073486,588200.0
2019-10-15,5.980000019073486,6.110000133514404,5.760000228881836,5.889999866485596,1043700.0
2019-10-16,5.610000133514404,6.03000020980835,5.559999942779541,5.96999979019165,773800.0
2019-10-17,5.260000228881836,5.699999809265137,5.199999809265137,5.599999904632568,1296300.0
2019-10-18,5.050000190734863,5.369999885559082,4.980000019073486,5.260000228881836,1316400.0
2019-10-21,5.159999847412109,5.269999980926514,5.03000020980835,5.059999942779541,785900.0
2019-10-22,5.289999961853027,5.389999866485596,5.099999904632568,5.150000095367432,624500.0
2019-10-23,5.269999980926514,5.460000038146973,5.179999828338623,5.28000020980835,591800.0
2019-10-24,5.059999942779541,5.289999961853027,4.949999809265137,5.289999961853027,616700.0
2019-10-25,5.190000057220459,5.210000038146973,4.920000076293945,5.010000228881836,1173900.0
2019-10-28,5.300000190734863,5.380000114440918,5.119999885559082,5.239999771118164,751700.0
2019-10-29,5.179999828338623,5.360000133514404,4.96999979019165,5.260000228881836,903000.0
2019-10-30,5.099999904632568,5.190000057220459,5.010000228881836,5.170000076293945,629600.0
2019-10-31,5.079999923706055,5.150000095367432,4.900000095367432,5.099999904632568,1099600.0
2019-11-01,5.130000114440918,5.190000057220459,5.019999980926514,5.079999923706055,765100.0
2019-11-04,5.300000190734863,5.460000038146973,5.130000114440918,5.190000057220459,916300.0
2019-11-05,5.489999771118164,5.639999866485596,5.25,5.300000190734863,995800.0
2019-11-06,5.519999980926514,5.679999828338623,5.360000133514404,5.489999771118164,1226300.0
2019-11-07,5.75,6.019999980926514,5.519999980926514,5.519999980926514,1412100.0
2019-11-08,5.639999866485596,5.769999980926514,5.5,5.710000038146973,874500.0
2019-11-11,5.53000020980835,5.71999979019165,5.440000057220459,5.559999942779541,667200.0
2019-11-12,5.010000228881836,5.860000133514404,4.96999979019165,5.190000057220459,1971100.0
2019-11-13,5.46999979019165,5.46999979019165,5.010000228881836,5.059999942779541,1096500.0
2019-11-14,5.610000133514404,5.670000076293945,5.21999979019165,5.480000019073486,1500000.0
2019-11-15,5.639999866485596,5.869999885559082,5.559999942779541,5.650000095367432,1155200.0
2019-11-18,5.559999942779541,5.670000076293945,5.389999866485596,5.670000076293945,874100.0
2019-11-19,5.809999942779541,5.829999923706055,5.519999980926514,5.610000133514404,910700.0
2019-11-20,5.96999979019165,6.210000038146973,5.75,5.78000020980835,2196600.0
2019-11-21,5.960000038146973,6.210000038146973,5.909999847412109,6.090000152587891,1061400.0
2019-11-22,5.889999866485596,6.03000020980835,5.699999809265137,5.980000019073486,688700.0
2019-11-25,6.050000190734863,6.070000171661377,5.869999885559082,5.940000057220459,1206700.0
2019-11-26,5.610000133514404,6.039999961853027,5.550000190734863,6.019999980926514,1424900.0
2019-11-27,5.5,5.639999866485596,5.329999923706055,5.639999866485596,1332600.0
2019-11-29,5.570000171661377,5.639999866485596,5.389999866485596,5.5,716800.0
2019-12-02,5.389999866485596,5.590000152587891,5.199999809265137,5.559999942779541,1339200.0
2019-12-03,5.320000171661377,5.349999904632568,5.079999923706055,5.329999923706055,1136900.0
2019-12-04,5.400000095367432,5.46999979019165,5.300000190734863,5.360000133514404,759300.0
2019-12-05,5.360000133514404,5.5,5.260000228881836,5.380000114440918,1034400.0
2019-12-06,5.369999885559082,5.46999979019165,5.300000190734863,5.380000114440918,653800.0
2019-12-09,5.650000095367432,5.690000057220459,5.380000114440918,5.380000114440918,916800.0
2019-12-10,5.610000133514404,5.800000190734863,5.550000190734863,5.650000095367432,906200.0
2019-12-11,5.690000057220459,5.730000019073486,5.610000133514404,5.630000114440918,691600.0
2019-12-12,5.880000114440918,5.940000057220459,5.639999866485596,5.690000057220459,843800.0
2019-12-13,5.690000057220459,5.960000038146973,5.639999866485596,5.880000114440918,823300.0
2019-12-16,6.239999771118164,6.440000057220459,5.800000190734863,5.900000095367432,2426000.0
2019-12-17,6.139999866485596,6.420000076293945,6.099999904632568,6.420000076293945,1311500.0
2019-12-18,5.920000076293945,6.230000019073486,5.699999809265137,6.059999942779541,1333900.0
2019-12-19,5.980000019073486,6.110000133514404,5.920000076293945,5.960000038146973,944800.0
2019-12-20,5.739999771118164,5.980000019073486,5.659999847412109,5.980000019073486,2923500.0
2019-12-23,6.03000020980835,6.070000171661377,5.550000190734863,5.769999980926514,1536000.0
2019-12-24,6.579999923706055,6.590000152587891,6.0,6.0,1129100.0
2019-12-26,6.059999942779541,6.630000114440918,6.03000020980835,6.599999904632568,1695800.0
2019-12-27,5.739999771118164,6.210000038146973,5.71999979019165,6.130000114440918,1148400.0
2019-12-30,5.5,5.789999961853027,5.429999828338623,5.769999980926514,1280400.0
2019-12-31,5.480000019073486,5.619999885559082,5.340000152587891,5.489999771118164,1173200.0
2020-01-02,5.909999847412109,6.0,5.480000019073486,5.599999904632568,1682100.0
2020-01-03,5.949999809265137,6.099999904632568,5.679999828338623,5.769999980926514,1311300.0
2020-01-06,6.059999942779541,6.170000076293945,5.679999828338623,5.829999923706055,1362300.0
2020-01-07,6.300000190734863,6.510000228881836,6.039999961853027,6.079999923706055,1447000.0
2020-01-08,6.329999923706055,6.369999885559082,6.050000190734863,6.300000190734863,1263400.0
2020-01-09,6.300000190734863,6.360000133514404,6.110000133514404,6.349999904632568,950900.0
2020-01-10,6.46999979019165,6.690000057220459,6.199999809265137,6.28000020980835,1639700.0
2020-01-13,6.75,6.860000133514404,6.25,6.369999885559082,1343500.0
2020-01-14,7.190000057220459,7.28000020980835,6.690000057220459,6.840000152587891,1783500.0
2020-01-15,6.800000190734863,7.260000228881836,6.75,7.230000019073486,1540900.0
2020-01-16,6.210000038146973,6.96999979019165,6.150000095367432,6.800000190734863,2631000.0
2020-01-17,5.829999923706055,6.420000076293945,5.78000020980835,6.239999771118164,2196200.0
2020-01-21,5.630000114440918,6.050000190734863,5.610000133514404,5.829999923706055,1463900.0
2020-01-22,5.889999866485596,5.900000095367432,5.539999961853027,5.670000076293945,1205800.0
2020-01-23,5.900000095367432,6.070000171661377,5.690000057220459,5.889999866485596,1228200.0
2020-01-24,5.619999885559082,5.980000019073486,5.599999904632568,5.920000076293945,1140400.0
2020-01-27,5.230000019073486,5.550000190734863,5.230000019073486,5.460000038146973,1265000.0
2020-01-28,5.340000152587891,5.340000152587891,5.110000133514404,5.289999961853027,1203400.0
2020-01-29,5.199999809265137,5.420000076293945,5.199999809265137,5.369999885559082,698900.0
2020-01-30,4.849999904632568,5.179999828338623,4.679999828338623,5.170000076293945,1744900.0
2020-01-31,4.650000095367432,4.849999904632568,4.619999885559082,4.769999980926514,745400.0
2020-02-03,5.050000190734863,5.190000057220459,4.510000228881836,4.510000228881836,723200.0
2020-02-04,4.5,5.139999866485596,4.449999809265137,5.130000114440918,1417100.0
2020-02-05,4.75,4.840000152587891,4.460000038146973,4.71999979019165,1154400.0
2020-02-06,4.599999904632568,4.820000171661377,4.46999979019165,4.789999961853027,1191000.0
2020-02-07,4.420000076293945,4.650000095367432,4.409999847412109,4.590000152587891,744100.0
2020-02-10,4.420000076293945,4.519999980926514,4.230000019073486,4.400000095367432,898400.0
2020-02-11,4.079999923706055,4.449999809265137,4.070000171661377,4.449999809265137,1014700.0
2020-02-12,4.110000133514404,4.190000057220459,4.039999961853027,4.099999904632568,787900.0
2020-02-13,3.869999885559082,4.139999866485596,3.859999895095825,4.099999904632568,1047600.0
2020-02-14,4.269999980926514,4.380000114440918,3.849999904632568,3.869999885559082,1420200.0
2020-02-18,4.420000076293945,4.440000057220459,4.21999979019165,4.269999980926514,1055800.0
2020-02-19,4.590000152587891,4.639999866485596,4.400000095367432,4.400000095367432,841900.0
2020-02-20,4.71999979019165,4.78000020980835,4.510000228881836,4.570000171661377,1271700.0
2020-02-21,4.730000019073486,4.789999961853027,4.630000114440918,4.75,933800.0
2020-02-24,4.579999923706055,4.619999885559082,4.420000076293945,4.510000228881836,902100.0
2020-02-25,4.340000152587891,4.650000095367432,4.340000152587891,4.610000133514404,996500.0
2020-02-26,4.429999828338623,4.519999980926514,4.21999979019165,4.349999904632568,1043700.0
2020-02-27,3.7200000286102295,4.300000190734863,3.7100000381469727,4.289999961853027,1061500.0
2020-02-28,3.7899999618530273,3.799999952316284,3.559999942779541,3.630000114440918,1254100.0
2020-03-02,3.910000085830689,3.910000085830689,3.549999952316284,3.839999914169312,1241900.0
2020-03-03,3.240000009536743,3.740000009536743,3.059999942779541,3.619999885559082,1794000.0
2020-03-04,3.490000009536743,3.490000009536743,3.240000009536743,3.2799999713897705,1081900.0
2020-03-05,3.2100000381469727,3.470000028610229,3.140000104904175,3.4200000762939453,1087300.0
2020-03-06,3.069999933242798,3.2799999713897705,3.059999942779541,3.119999885559082,1026500.0
2020-03-09,2.380000114440918,3.0,2.380000114440918,3.0,1400900.0
2020-03-10,2.380000114440918,2.630000114440918,2.190000057220459,2.509999990463257,1516300.0
2020-03-11,2.200000047683716,2.390000104904175,2.140000104904175,2.299999952316284,1553200.0
2020-03-12,1.950000047683716,2.25,1.909999966621399,2.0199999809265137,1646700.0
2020-03-13,2.009999990463257,2.0899999141693115,1.6200000047683716,2.049999952316284,1753400.0
2020-03-16,1.5499999523162842,1.940000057220459,1.5499999523162842,1.75,1251400.0
2020-03-17,1.4600000381469729,1.7000000476837158,1.2599999904632568,1.6200000047683716,2060500.0
2020-03-18,1.6299999952316284,1.7899999618530271,1.2999999523162842,1.2999999523162842,1912000.0
2020-03-19,2.559999942779541,2.5799999237060547,1.6100000143051147,1.659999966621399,2569600.0
2020-03-20,2.950000047683716,2.9600000381469727,2.309999942779541,2.509999990463257,2500300.0
2020-03-23,2.2799999713897705,3.009999990463257,2.2100000381469727,3.0,1247300.0
2020-03-24,3.0,3.0,2.2799999713897705,2.400000095367432,3125300.0
2020-03-25,3.240000009536743,3.680000066757202,2.650000095367432,3.0,3853600.0
2020-03-26,3.430000066757202,3.619999885559082,3.25,3.3299999237060547,1321000.0
2020-03-27,3.140000104904175,3.289999961853028,3.009999990463257,3.2799999713897705,1015200.0
2020-03-30,3.259999990463257,3.319999933242798,2.75,2.930000066757202,1184800.0
2020-03-31,3.400000095367432,3.440000057220459,3.059999942779541,3.150000095367432,936500.0
2020-04-01,2.75,3.140000104904175,2.740000009536743,3.009999990463257,930000.0
2020-04-02,2.859999895095825,2.859999895095825,2.559999942779541,2.75,959100.0
2020-04-03,2.8299999237060547,2.930000066757202,2.680000066757202,2.809999942779541,614300.0
2020-04-06,2.970000028610229,3.0199999809265137,2.7300000190734863,3.0199999809265137,927700.0
2020-04-07,2.720000028610229,3.049999952316284,2.6600000858306885,2.970000028610229,846300.0
2020-04-08,2.720000028610229,2.75,2.609999895095825,2.720000028610229,947400.0
2020-04-09,2.9100000858306885,3.0,2.75,2.7699999809265137,743800.0
2020-04-13,2.809999942779541,2.9200000762939453,2.5999999046325684,2.9200000762939453,887100.0
2020-04-14,2.880000114440918,2.940000057220459,2.650000095367432,2.890000104904175,1004400.0
2020-04-15,2.720000028610229,2.7799999713897705,2.5899999141693115,2.720000028610229,743300.0
2020-04-16,2.720000028610229,2.7300000190734863,2.569999933242798,2.690000057220459,816200.0
2020-04-17,2.940000057220459,2.940000057220459,2.650000095367432,2.859999895095825,1142000.0
2020-04-20,3.5,3.5,2.8399999141693115,2.8399999141693115,1735900.0
2020-04-21,3.2100000381469727,3.5199999809265137,3.0899999141693115,3.5,1049500.0
2020-04-22,3.299999952316284,3.3499999046325684,3.059999942779541,3.240000009536743,633500.0
2020-04-23,3.700000047683716,3.849999904632568,3.3299999237060547,3.3499999046325684,1516200.0
2020-04-24,3.5,3.7799999713897705,3.4100000858306885,3.7799999713897705,730200.0
2020-04-27,3.869999885559082,3.9700000286102295,3.4800000190734863,3.4800000190734863,1347900.0
2020-04-28,3.5199999809265137,3.9700000286102295,3.470000028610229,3.9700000286102295,1065900.0
2020-04-29,3.7300000190734863,3.75,3.450000047683716,3.680000066757202,980800.0
2020-04-30,3.5999999046325684,3.75,3.359999895095825,3.559999942779541,1218500.0
2020-05-01,3.180000066757202,3.559999942779541,3.0999999046325684,3.4100000858306885,1153300.0
2020-05-04,3.450000047683716,3.4600000381469727,3.109999895095825,3.150000095367432,836500.0
2020-05-05,3.369999885559082,3.609999895095825,3.289999961853028,3.5,572400.0
2020-05-06,3.220000028610229,3.5,3.150000095367432,3.3499999046325684,631200.0
2020-05-07,3.1700000762939453,3.3499999046325684,3.0199999809265137,3.180000066757202,905600.0
2020-05-08,3.259999990463257,3.400000095367432,3.200000047683716,3.2699999809265137,941500.0
2020-05-11,3.2300000190734863,3.319999933242798,3.130000114440918,3.25,1058400.0
2020-05-12,2.9800000190734863,3.3299999237060547,2.9800000190734863,3.2100000381469727,1193700.0
2020-05-13,2.8399999141693115,3.0299999713897705,2.75,2.9800000190734863,1384000.0
2020-05-14,2.5999999046325684,2.8399999141693115,2.5999999046325684,2.740000009536743,1433500.0
2020-05-15,2.5199999809265137,2.7799999713897705,2.359999895095825,2.359999895095825,1655900.0
2020-05-18,2.549999952316284,2.6600000858306885,2.359999895095825,2.359999895095825,1247900.0
2020-05-19,2.430000066757202,2.640000104904175,2.4100000858306885,2.549999952316284,973900.0
2020-05-20,2.5,2.630000114440918,2.450000047683716,2.450000047683716,1016500.0
2020-05-21,2.490000009536743,2.5899999141693115,2.400000095367432,2.4600000381469727,745700.0
2020-05-22,2.569999933242798,2.609999895095825,2.440000057220459,2.5,940800.0
2020-05-26,2.4800000190734863,2.690000057220459,2.470000028610229,2.619999885559082,1002500.0
2020-05-27,2.5199999809265137,2.5899999141693115,2.400000095367432,2.539999961853028,931900.0
2020-05-28,2.3499999046325684,2.5299999713897705,2.309999942779541,2.5199999809265137,1060200.0
2020-05-29,2.200000047683716,2.4100000858306885,2.140000104904175,2.3299999237060547,2200800.0
2020-06-01,2.1600000858306885,2.319999933242798,2.150000095367432,2.190000057220459,1039700.0
2020-06-02,3.9600000381469727,4.739999771118164,2.200000047683716,2.240000009536743,31421000.0
2020-06-03,3.289999961853028,3.7100000381469727,3.0799999237060547,3.559999942779541,4830700.0
2020-06-04,3.2300000190734863,3.400000095367432,3.0799999237060547,3.259999990463257,1780800.0
2020-06-05,3.2100000381469727,3.3499999046325684,3.150000095367432,3.2799999713897705,1474200.0
2020-06-08,3.7200000286102295,4.21999979019165,3.2699999809265137,3.2799999713897705,4345400.0
2020-06-09,3.4800000190734863,3.7100000381469727,3.380000114440918,3.619999885559082,1201700.0
2020-06-10,4.380000114440918,4.5,3.390000104904175,3.430000066757202,5156900.0
2020-06-11,3.690000057220459,4.289999961853027,3.680000066757202,4.25,2737000.0
2020-06-12,4.139999866485596,4.340000152587891,3.7699999809265137,3.990000009536743,2129900.0
2020-06-15,4.489999771118164,4.539999961853027,3.920000076293945,3.990000009536743,2273000.0
2020-06-16,4.489999771118164,4.670000076293945,4.179999828338623,4.5,1588200.0
2020-06-17,4.039999961853027,4.539999961853027,4.0,4.449999809265137,1435300.0
2020-06-18,4.139999866485596,4.25,4.0,4.039999961853027,872100.0
2020-06-19,4.989999771118164,4.989999771118164,4.170000076293945,4.320000171661377,6810200.0
2020-06-22,5.460000038146973,5.869999885559082,4.989999771118164,5.010000228881836,4300400.0
2020-06-23,4.920000076293945,5.289999961853027,4.760000228881836,5.25,2219400.0
2020-06-24,5.110000133514404,5.400000095367432,4.869999885559082,4.889999866485596,1929300.0
2020-06-25,4.920000076293945,5.269999980926514,4.869999885559082,5.050000190734863,1305800.0
2020-06-26,4.960000038146973,5.119999885559082,4.710000038146973,4.849999904632568,2688300.0
2020-06-29,4.880000114440918,5.190000057220459,4.639999866485596,5.0,1805200.0
2020-06-30,4.989999771118164,5.039999961853027,4.769999980926514,4.800000190734863,2846400.0
2020-07-01,4.75,5.190000057220459,4.699999809265137,5.019999980926514,1439300.0
2020-07-02,4.820000171661377,5.070000171661377,4.699999809265137,4.849999904632568,971500.0
2020-07-06,4.570000171661377,4.940000057220459,4.510000228881836,4.869999885559082,1570400.0
2020-07-07,4.5,4.650000095367432,4.360000133514404,4.53000020980835,881800.0
2020-07-08,4.5,4.590000152587891,4.400000095367432,4.550000190734863,1135100.0
2020-07-09,4.320000171661377,4.639999866485596,4.300000190734863,4.550000190734863,804300.0
2020-07-10,4.53000020980835,4.590000152587891,4.170000076293945,4.349999904632568,987800.0
2020-07-13,4.349999904632568,4.650000095367432,4.340000152587891,4.570000171661377,760100.0
2020-07-14,4.489999771118164,4.489999771118164,4.190000057220459,4.340000152587891,629300.0
2020-07-15,4.519999980926514,4.639999866485596,4.409999847412109,4.610000133514404,621500.0
2020-07-16,4.670000076293945,4.690000057220459,4.380000114440918,4.460000038146973,879200.0
2020-07-17,4.579999923706055,4.769999980926514,4.579999923706055,4.650000095367432,628400.0
2020-07-20,4.840000152587891,4.840000152587891,4.539999961853027,4.579999923706055,635300.0
2020-07-21,4.739999771118164,5.179999828338623,4.710000038146973,4.900000095367432,1167500.0
2020-07-22,4.760000228881836,4.849999904632568,4.570000171661377,4.710000038146973,551000.0
2020-07-23,4.449999809265137,4.78000020980835,4.449999809265137,4.699999809265137,746800.0
2020-07-24,4.260000228881836,4.449999809265137,4.239999771118164,4.449999809265137,625600.0
2020-07-27,4.380000114440918,4.53000020980835,4.199999809265137,4.269999980926514,678200.0
2020-07-28,4.21999979019165,4.400000095367432,4.210000038146973,4.349999904632568,558200.0
2020-07-29,4.380000114440918,4.429999828338623,4.059999942779541,4.260000228881836,904800.0
2020-07-30,4.400000095367432,4.460000038146973,4.230000019073486,4.329999923706055,514300.0
2020-07-31,4.210000038146973,4.409999847412109,4.039999961853027,4.409999847412109,806500.0
2020-08-03,4.460000038146973,4.510000228881836,4.210000038146973,4.25,579700.0
2020-08-04,4.619999885559082,4.739999771118164,4.440000057220459,4.460000038146973,890700.0
2020-08-05,4.889999866485596,4.949999809265137,4.599999904632568,4.659999847412109,688700.0
2020-08-06,4.760000228881836,5.070000171661377,4.639999866485596,5.0,793200.0
2020-08-07,4.880000114440918,5.050000190734863,4.650000095367432,4.650000095367432,735700.0
2020-08-10,5.119999885559082,5.170000076293945,4.860000133514404,4.909999847412109,870200.0
2020-08-11,4.599999904632568,5.539999961853027,3.859999895095825,4.889999866485596,5846900.0
2020-08-12,4.340000152587891,4.559999942779541,4.099999904632568,4.480000019073486,1655300.0
2020-08-13,4.179999828338623,4.369999885559082,4.170000076293945,4.21999979019165,725500.0
2020-08-14,4.449999809265137,4.650000095367432,4.260000228881836,4.460000038146973,1784700.0
2020-08-17,5.039999961853027,5.059999942779541,4.409999847412109,4.440000057220459,1612100.0
2020-08-18,4.889999866485596,5.010000228881836,4.800000190734863,5.010000228881836,809400.0
2020-08-19,5.28000020980835,5.46999979019165,4.820000171661377,4.869999885559082,1679900.0
2020-08-20,5.570000171661377,5.639999866485596,5.230000019073486,5.25,1523700.0
2020-08-21,6.090000152587891,6.650000095367432,5.559999942779541,5.559999942779541,3820000.0
2020-08-24,5.550000190734863,6.150000095367432,5.429999828338623,6.130000114440918,1455000.0
2020-08-25,5.579999923706055,5.78000020980835,5.320000171661377,5.78000020980835,744800.0
2020-08-26,5.5,5.710000038146973,5.429999828338623,5.559999942779541,546300.0
2020-08-27,5.920000076293945,6.059999942779541,5.489999771118164,5.489999771118164,1431500.0
2020-08-28,6.199999809265137,6.239999771118164,5.880000114440918,5.880000114440918,986000.0
2020-08-31,6.050000190734863,6.28000020980835,5.960000038146973,6.210000038146973,901600.0
2020-09-01,5.739999771118164,6.090000152587891,5.570000171661377,5.980000019073486,1085900.0
2020-09-02,5.849999904632568,5.860000133514404,5.590000152587891,5.630000114440918,478600.0
2020-09-03,5.489999771118164,5.900000095367432,5.369999885559082,5.849999904632568,779400.0
2020-09-04,5.079999923706055,5.539999961853027,5.019999980926514,5.5,1005200.0
2020-09-08,4.829999923706055,5.099999904632568,4.820000171661377,4.980000019073486,750900.0
2020-09-09,4.829999923706055,5.079999923706055,4.829999923706055,4.900000095367432,664800.0
2020-09-10,4.760000228881836,4.989999771118164,4.75,4.809999942779541,497500.0
2020-09-11,4.920000076293945,4.929999828338623,4.730000019073486,4.789999961853027,570800.0
2020-09-14,5.199999809265137,5.340000152587891,4.929999828338623,4.929999828338623,1009200.0
2020-09-15,5.289999961853027,5.380000114440918,5.190000057220459,5.21999979019165,775500.0
2020-09-16,5.179999828338623,5.389999866485596,5.110000133514404,5.21999979019165,759500.0
2020-09-17,4.889999866485596,5.130000114440918,4.789999961853027,5.110000133514404,710000.0
2020-09-18,4.699999809265137,4.980000019073486,4.619999885559082,4.949999809265137,4026200.0
2020-09-21,4.199999809265137,4.610000133514404,4.099999904632568,4.510000228881836,1303900.0
2020-09-22,4.150000095367432,4.25,4.050000190734863,4.179999828338623,832800.0
2020-09-23,3.75,4.170000076293945,3.7300000190734863,4.159999847412109,1246100.0
2020-09-24,3.5,3.9700000286102295,3.470000028610229,3.7699999809265137,956300.0
2020-09-25,3.5799999237060547,3.700000047683716,3.4100000858306885,3.4800000190734863,1115900.0
2020-09-28,3.5799999237060547,3.75,3.5,3.740000009536743,832800.0
2020-09-29,3.539999961853028,3.630000114440918,3.470000028610229,3.559999942779541,624400.0
2020-09-30,3.5,3.650000095367432,3.4100000858306885,3.539999961853028,2144600.0
2020-10-01,3.819999933242798,3.859999895095825,3.359999895095825,3.5,1261100.0
2020-10-02,3.75,4.039999961853027,3.660000085830689,3.7200000286102295,791900.0
2020-10-05,4.010000228881836,4.019999980926514,3.75,3.7699999809265137,636100.0
2020-10-06,4.050000190734863,4.289999961853027,3.9600000381469727,4.010000228881836,812300.0
2020-10-07,4.380000114440918,4.400000095367432,4.090000152587891,4.090000152587891,909300.0
2020-10-08,4.409999847412109,4.559999942779541,4.320000171661377,4.360000133514404,821100.0
2020-10-09,5.690000057220459,5.940000057220459,4.789999961853027,4.809999942779541,6028900.0
2020-10-12,5.019999980926514,5.599999904632568,4.880000114440918,5.599999904632568,1904000.0
2020-10-13,4.78000020980835,5.0,4.730000019073486,4.920000076293945,618700.0
2020-10-14,4.670000076293945,5.019999980926514,4.650000095367432,4.800000190734863,792300.0
2020-10-15,5.0,5.550000190734863,4.630000114440918,4.670000076293945,2514500.0
2020-10-16,4.829999923706055,5.059999942779541,4.800000190734863,4.989999771118164,720900.0
2020-10-19,4.53000020980835,4.96999979019165,4.480000019073486,4.860000133514404,804100.0
2020-10-20,4.53000020980835,4.650000095367432,4.260000228881836,4.519999980926514,862800.0
2020-10-21,4.320000171661377,4.579999923706055,4.230000019073486,4.489999771118164,698300.0
2020-10-22,4.329999923706055,4.559999942779541,4.260000228881836,4.320000171661377,529800.0
2020-10-23,4.389999866485596,4.480000019073486,4.179999828338623,4.349999904632568,492400.0
2020-10-26,4.099999904632568,4.369999885559082,3.9800000190734863,4.349999904632568,770100.0
2020-10-27,4.289999961853027,4.309999942779541,3.9600000381469727,4.099999904632568,623600.0
2020-10-28,4.110000133514404,4.230000019073486,3.950000047683716,4.139999866485596,562600.0
2020-10-29,4.389999866485596,4.46999979019165,4.019999980926514,4.059999942779541,784300.0
2020-10-30,4.289999961853027,4.349999904632568,4.079999923706055,4.300000190734863,693000.0
2020-11-02,4.170000076293945,4.380000114440918,4.059999942779541,4.380000114440918,578800.0
2020-11-03,4.679999828338623,4.739999771118164,4.25,4.269999980926514,1198500.0
2020-11-04,5.21999979019165,5.28000020980835,4.679999828338623,4.679999828338623,1364200.0
2020-11-05,5.269999980926514,5.300000190734863,4.929999828338623,5.210000038146973,780800.0
2020-11-06,4.909999847412109,5.269999980926514,4.880000114440918,5.269999980926514,596000.0
2020-11-09,5.429999828338623,5.579999923706055,5.070000171661377,5.070000171661377,1237200.0
2020-11-10,6.0,6.010000228881836,5.340000152587891,5.480000019073486,1393400.0
2020-11-11,5.78000020980835,6.239999771118164,5.730000019073486,6.050000190734863,825400.0
2020-11-12,5.929999828338623,5.949999809265137,5.659999847412109,5.659999847412109,677100.0
2020-11-13,5.909999847412109,5.960000038146973,5.679999828338623,5.869999885559082,442200.0
2020-11-16,6.400000095367432,6.480000019073486,6.0,6.0,1276300.0
2020-11-17,6.199999809265137,6.699999809265137,6.159999847412109,6.360000133514404,834900.0
2020-11-18,6.03000020980835,6.5,6.03000020980835,6.289999961853027,540500.0
2020-11-19,6.139999866485596,6.190000057220459,5.949999809265137,6.019999980926514,381700.0
2020-11-20,6.309999942779541,6.489999771118164,6.050000190734863,6.050000190734863,683100.0
2020-11-23,5.940000057220459,6.449999809265137,5.929999828338623,6.300000190734863,818500.0
2020-11-24,6.079999923706055,6.320000171661377,5.829999923706055,6.070000171661377,689000.0
2020-11-25,7.480000019073486,7.650000095367432,6.179999828338623,6.21999979019165,3389700.0
2020-11-27,7.489999771118164,7.96999979019165,7.150000095367432,7.429999828338623,1388200.0
2020-11-30,7.920000076293945,7.949999809265137,7.269999980926514,7.75,1206900.0
2020-12-01,8.239999771118164,8.800000190734863,8.130000114440918,8.329999923706055,3070800.0
2020-12-02,8.550000190734863,8.729999542236328,8.079999923706055,8.149999618530273,1233500.0
2020-12-03,8.479999542236328,9.149999618530272,8.369999885559082,8.6899995803833,1060800.0
2020-12-04,8.470000267028809,8.949999809265137,7.949999809265137,8.4399995803833,1155700.0
2020-12-07,8.09000015258789,8.9399995803833,8.09000015258789,8.5600004196167,1153200.0
2020-12-08,8.399999618530273,8.899999618530273,8.09000015258789,8.09000015258789,1440100.0
2020-12-09,8.329999923706055,8.739999771118164,7.989999771118164,8.470000267028809,810400.0
2020-12-10,8.300000190734863,8.600000381469727,8.15999984741211,8.15999984741211,663300.0
2020-12-11,8.270000457763672,8.350000381469727,7.980000019073486,8.140000343322754,627800.0
2020-12-14,9.229999542236328,9.5,8.460000038146973,8.479999542236328,1650400.0
2020-12-15,7.170000076293945,9.329999923706056,7.0,9.199999809265137,3085600.0
2020-12-16,7.489999771118164,7.739999771118164,7.070000171661377,7.199999809265137,1810300.0
2020-12-17,8.1899995803833,8.430000305175781,7.409999847412109,7.449999809265137,1833300.0
2020-12-18,9.630000114440918,9.65999984741211,8.210000038146973,8.210000038146973,4611400.0
2020-12-21,9.960000038146973,10.31999969482422,9.109999656677246,9.359999656677246,2812300.0
2020-12-22,10.5,10.630000114440918,9.550000190734863,9.979999542236328,2582000.0
2020-12-23,9.90999984741211,10.81999969482422,9.5600004196167,10.5,1748700.0
2020-12-24,10.020000457763672,10.25,9.850000381469728,9.890000343322754,653400.0
2020-12-28,10.5600004196167,10.869999885559082,9.899999618530272,10.25,1509800.0
2020-12-29,9.989999771118164,10.789999961853027,9.829999923706056,10.630000114440918,1406200.0
2020-12-30,9.949999809265137,10.369999885559082,9.880000114440918,10.029999732971191,993900.0
2020-12-31,10.199999809265137,10.550000190734863,9.850000381469728,9.920000076293944,1369800.0
2021-01-04,10.949999809265137,11.100000381469728,10.15999984741211,10.15999984741211,1425300.0
2021-01-05,9.56999969482422,10.75,9.470000267028809,10.56999969482422,1716200.0
2021-01-06,9.460000038146973,9.739999771118164,8.729999542236328,8.9399995803833,2107100.0
2021-01-07,9.520000457763672,10.229999542236328,9.479999542236328,9.579999923706056,1170400.0
2021-01-08,9.300000190734863,9.789999961853027,8.800000190734863,9.739999771118164,1069300.0
2021-01-11,8.850000381469727,9.25,8.720000267028809,9.109999656677246,844500.0
2021-01-12,8.670000076293945,8.989999771118164,8.510000228881836,8.9399995803833,681900.0
2021-01-13,8.420000076293945,8.850000381469727,8.020000457763672,8.739999771118164,1332300.0
2021-01-14,8.609999656677246,9.18000030517578,8.420000076293945,8.520000457763672,1738600.0
2021-01-15,8.010000228881836,8.609999656677246,7.849999904632568,8.529999732971191,1424500.0
2021-01-19,8.100000381469727,8.40999984741211,7.96999979019165,8.149999618530273,1087700.0
2021-01-20,9.40999984741211,9.789999961853027,8.399999618530273,8.40999984741211,2392400.0
2021-01-21,9.140000343322754,9.470000267028809,9.029999732971191,9.380000114440918,736000.0
2021-01-22,9.210000038146973,9.270000457763672,7.739999771118164,7.820000171661377,5939400.0
2021-01-25,8.899999618530273,9.3100004196167,8.100000381469727,9.199999809265137,3310400.0
2021-01-26,8.140000343322754,9.100000381469728,8.119999885559082,9.0,3034300.0
2021-01-27,9.279999732971191,9.890000343322754,7.929999828338623,8.180000305175781,5437300.0
2021-01-28,8.430000305175781,9.65999984741211,8.329999923706055,9.380000114440918,4275000.0
2021-01-29,8.5,9.149999618530272,8.40999984741211,8.6899995803833,1939100.0
2021-02-01,8.470000267028809,8.90999984741211,8.119999885559082,8.899999618530273,2336200.0
2021-02-02,7.610000133514404,8.630000114440918,7.590000152587891,8.449999809265137,3920800.0
2021-02-03,7.610000133514404,7.940000057220459,7.309999942779541,7.849999904632568,2375100.0
2021-02-04,7.659999847412109,8.010000228881836,7.46999979019165,7.690000057220459,1925400.0
2021-02-05,8.100000381469727,8.329999923706055,7.619999885559082,7.900000095367432,2128400.0
2021-02-08,8.699999809265137,8.800000190734863,8.109999656677246,8.15999984741211,1675500.0
2021-02-09,8.850000381469727,9.050000190734863,8.380000114440918,8.75,1315600.0
2021-02-10,8.699999809265137,9.100000381469728,8.479999542236328,8.989999771118164,1349900.0
2021-02-11,8.5,8.880000114440918,8.260000228881836,8.789999961853027,1140300.0
2021-02-12,8.329999923706055,8.619999885559082,8.180000305175781,8.510000228881836,695400.0
2021-02-16,8.069999694824219,8.479999542236328,7.809999942779541,8.399999618530273,1229300.0
2021-02-17,7.96999979019165,8.130000114440918,7.670000076293945,8.020000457763672,1895700.0
2021-02-18,7.800000190734863,8.130000114440918,7.769999980926514,7.989999771118164,875500.0
2021-02-19,7.809999942779541,8.15999984741211,7.639999866485596,7.880000114440918,942500.0
2021-02-22,8.220000267028809,8.59000015258789,7.75,8.020000457763672,1675600.0
2021-02-23,8.270000457763672,8.949999809265137,7.78000020980835,8.100000381469727,1895000.0
2021-02-24,8.569999694824219,8.699999809265137,8.100000381469727,8.100000381469727,1026100.0
2021-02-25,8.289999961853027,9.329999923706056,8.09000015258789,8.789999961853027,2139800.0
2021-02-26,8.4399995803833,8.5,8.029999732971191,8.270000457763672,1181100.0
2021-03-01,8.199999809265137,8.680000305175781,8.050000190734863,8.680000305175781,1196100.0
2021-03-02,8.579999923706055,9.09000015258789,8.270000457763672,8.4399995803833,1899300.0
2021-03-03,8.40999984741211,8.729999542236328,8.109999656677246,8.5600004196167,980800.0
2021-03-04,8.1899995803833,8.529999732971191,7.909999847412109,8.329999923706055,1230400.0
2021-03-05,8.449999809265137,8.479999542236328,7.550000190734863,8.420000076293945,1228300.0
2021-03-08,8.380000114440918,8.649999618530273,8.170000076293945,8.5,977700.0
2021-03-09,8.800000190734863,8.949999809265137,8.430000305175781,8.430000305175781,1079000.0
2021-03-10,9.210000038146973,9.4399995803833,8.760000228881836,8.760000228881836,1737300.0
2021-03-11,9.020000457763672,9.420000076293944,8.850000381469727,9.220000267028809,1047700.0
2021-03-12,8.960000038146973,9.0600004196167,8.649999618530273,8.960000038146973,697800.0
2021-03-15,9.510000228881836,9.84000015258789,8.949999809265137,9.079999923706056,1608100.0
2021-03-16,8.890000343322754,9.59000015258789,8.850000381469727,9.5,1180400.0
2021-03-17,8.960000038146973,9.039999961853027,8.520000457763672,8.800000190734863,939800.0
2021-03-18,8.449999809265137,9.06999969482422,8.430000305175781,8.880000114440918,1567100.0
2021-03-19,8.1899995803833,8.529999732971191,7.880000114440918,8.5,8276900.0
2021-03-22,8.210000038146973,8.300000190734863,7.679999828338623,7.96999979019165,1384900.0
2021-03-23,7.730000019073486,8.199999809265137,7.590000152587891,8.140000343322754,2375700.0
2021-03-24,7.440000057220459,7.849999904632568,7.409999847412109,7.800000190734863,1967500.0
2021-03-25,7.710000038146973,7.829999923706055,7.190000057220459,7.389999866485596,1107500.0
2021-03-26,7.489999771118164,7.869999885559082,7.260000228881836,7.800000190734863,928000.0
2021-03-29,6.809999942779541,7.320000171661377,6.739999771118164,7.21999979019165,1323400.0
2021-03-30,6.739999771118164,6.949999809265137,6.519999980926514,6.900000095367432,943600.0
2021-03-31,6.889999866485596,7.019999980926514,6.610000133514404,6.659999847412109,1490000.0
2021-04-01,6.989999771118164,7.239999771118164,6.889999866485596,7.010000228881836,664300.0
2021-04-05,7.650000095367432,7.670000076293945,7.070000171661377,7.110000133514404,898300.0
2021-04-06,7.03000020980835,7.639999866485596,7.010000228881836,7.570000171661377,1242300.0
2021-04-07,6.789999961853027,7.170000076293945,6.769999980926514,7.010000228881836,597100.0
2021-04-08,7.059999942779541,7.239999771118164,6.909999847412109,6.960000038146973,1025600.0
2021-04-09,7.03000020980835,7.119999885559082,6.829999923706055,7.090000152587891,634500.0
2021-04-12,6.829999923706055,7.010000228881836,6.679999828338623,7.010000228881836,876200.0
2021-04-13,7.079999923706055,7.099999904632568,6.710000038146973,6.880000114440918,994000.0
2021-04-14,7.269999980926514,7.679999828338623,7.110000133514404,7.119999885559082,905000.0
2021-04-15,7.820000171661377,7.880000114440918,7.230000019073486,7.269999980926514,1090900.0
2021-04-16,7.489999771118164,7.960000038146973,7.320000171661377,7.940000057220459,1305700.0
2021-04-19,7.380000114440918,7.639999866485596,7.28000020980835,7.389999866485596,1178600.0
2021-04-20,7.840000152587891,7.940000057220459,7.340000152587891,7.340000152587891,1311400.0
2021-04-21,8.170000076293945,8.380000114440918,7.75,7.880000114440918,1429900.0
2021-04-22,8.210000038146973,8.529999732971191,7.929999828338623,8.199999809265137,1025100.0
2021-04-23,8.069999694824219,8.390000343322754,7.909999847412109,8.229999542236328,768100.0
2021-04-26,8.220000267028809,8.300000190734863,8.039999961853027,8.119999885559082,712600.0
2021-04-27,7.920000076293945,8.359999656677246,7.840000152587891,8.15999984741211,849500.0
2021-04-28,7.949999809265137,8.210000038146973,7.809999942779541,7.949999809265137,638400.0
2021-04-29,8.220000267028809,8.319999694824219,7.889999866485596,7.96999979019165,844400.0
2021-04-30,7.739999771118164,8.300000190734863,7.659999847412109,8.25,997900.0
2021-05-03,7.28000020980835,7.820000171661377,7.190000057220459,7.760000228881836,781600.0
2021-05-04,7.059999942779541,7.269999980926514,6.949999809265137,7.269999980926514,1440700.0
2021-05-05,6.610000133514404,7.170000076293945,6.599999904632568,7.090000152587891,1131600.0
2021-05-06,6.639999866485596,6.659999847412109,6.320000171661377,6.579999923706055,1062500.0
2021-05-07,6.539999961853027,6.800000190734863,6.369999885559082,6.71999979019165,1391900.0
2021-05-10,6.239999771118164,6.610000133514404,6.239999771118164,6.559999942779541,1043300.0
2021-05-11,6.53000020980835,6.559999942779541,5.800000190734863,5.989999771118164,1243200.0
2021-05-12,6.809999942779541,7.440000057220459,6.53000020980835,6.53000020980835,1319400.0
2021-05-13,6.400000095367432,7.070000171661377,6.289999961853027,6.800000190734863,1287900.0
2021-05-14,6.920000076293945,6.929999828338623,6.110000133514404,6.400000095367432,1403300.0
2021-05-17,6.710000038146973,6.909999847412109,6.619999885559082,6.909999847412109,541300.0
2021-05-18,6.760000228881836,6.980000019073486,6.639999866485596,6.75,761200.0
2021-05-19,6.5,6.730000019073486,6.400000095367432,6.659999847412109,994800.0
2021-05-20,6.75,6.789999961853027,6.409999847412109,6.519999980926514,897100.0
2021-05-21,6.800000190734863,6.96999979019165,6.699999809265137,6.849999904632568,895900.0
2021-05-24,6.539999961853027,6.829999923706055,6.429999828338623,6.829999923706055,996000.0
2021-05-25,6.429999828338623,6.599999904632568,6.400000095367432,6.519999980926514,849200.0
2021-05-26,6.710000038146973,6.710000038146973,6.389999866485596,6.409999847412109,768100.0
2021-05-27,6.840000152587891,6.880000114440918,6.639999866485596,6.71999979019165,909000.0
2021-05-28,6.599999904632568,7.010000228881836,6.590000152587891,6.760000228881836,914500.0
2021-06-01,6.619999885559082,6.710000038146973,6.429999828338623,6.619999885559082,759400.0
2021-06-02,6.630000114440918,6.75,6.5,6.650000095367432,1043500.0
2021-06-03,6.570000171661377,6.800000190734863,6.480000019073486,6.650000095367432,587200.0
2021-06-04,6.670000076293945,6.840000152587891,6.519999980926514,6.639999866485596,617800.0
2021-06-07,7.099999904632568,7.150000095367432,6.519999980926514,6.71999979019165,1738700.0
2021-06-08,7.199999809265137,7.25,6.960000038146973,7.119999885559082,1187200.0
2021-06-09,7.170000076293945,7.46999979019165,7.059999942779541,7.239999771118164,1229000.0
2021-06-10,6.989999771118164,7.269999980926514,6.96999979019165,7.239999771118164,1454000.0
2021-06-11,7.329999923706055,8.720000267028809,7.21999979019165,8.619999885559082,11580800.0
2021-06-14,7.050000190734863,7.320000171661377,6.949999809265137,7.170000076293945,2696100.0
2021-06-15,6.739999771118164,7.0,6.699999809265137,7.0,1583400.0
2021-06-16,6.559999942779541,6.75,6.260000228881836,6.690000057220459,1329100.0
2021-06-17,6.360000133514404,6.53000020980835,6.179999828338623,6.5,1310500.0
2021-06-18,6.349999904632568,6.429999828338623,6.159999847412109,6.28000020980835,4470900.0
2021-06-21,6.269999980926514,6.420000076293945,5.940000057220459,6.349999904632568,1557900.0
2021-06-22,6.300000190734863,6.320000171661377,6.050000190734863,6.269999980926514,718500.0
2021-06-23,6.599999904632568,6.71999979019165,6.289999961853027,6.300000190734863,1393600.0
2021-06-24,6.820000171661377,6.900000095367432,6.570000171661377,6.590000152587891,1038100.0
2021-06-25,6.820000171661377,6.869999885559082,6.630000114440918,6.78000020980835,3570800.0
2021-06-28,6.650000095367432,6.960000038146973,6.610000133514404,6.820000171661377,571900.0
2021-06-29,6.46999979019165,6.679999828338623,6.389999866485596,6.619999885559082,707600.0
2021-06-30,6.519999980926514,6.610000133514404,6.300000190734863,6.480000019073486,514800.0
2021-07-01,6.550000190734863,6.630000114440918,6.380000114440918,6.5,767300.0
2021-07-02,6.420000076293945,6.539999961853027,6.269999980926514,6.539999961853027,636900.0
2021-07-06,6.260000228881836,6.409999847412109,6.099999904632568,6.409999847412109,809500.0
2021-07-07,6.070000171661377,6.289999961853027,5.900000095367432,6.25,840300.0
2021-07-08,6.019999980926514,6.179999828338623,5.940000057220459,5.96999979019165,845400.0
2021-07-09,6.070000171661377,6.159999847412109,5.96999979019165,6.070000171661377,633200.0
2021-07-12,6.010000228881836,6.130000114440918,5.960000038146973,6.050000190734863,611400.0
2021-07-13,6.070000171661377,6.130000114440918,5.829999923706055,5.929999828338623,990600.0
2021-07-14,5.639999866485596,6.150000095367432,5.619999885559082,6.130000114440918,979700.0
2021-07-15,5.670000076293945,5.769999980926514,5.46999979019165,5.699999809265137,975900.0
2021-07-16,5.599999904632568,5.769999980926514,5.570000171661377,5.71999979019165,441900.0
2021-07-19,5.320000171661377,5.489999771118164,5.039999961853027,5.429999828338623,1438700.0
2021-07-20,5.570000171661377,5.590000152587891,5.230000019073486,5.360000133514404,882200.0
2021-07-21,5.71999979019165,5.869999885559082,5.489999771118164,5.53000020980835,941400.0
2021-07-22,5.559999942779541,5.789999961853027,5.539999961853027,5.670000076293945,788100.0
2021-07-23,5.409999847412109,5.599999904632568,5.389999866485596,5.570000171661377,568000.0
2021-07-26,5.460000038146973,5.590000152587891,5.369999885559082,5.400000095367432,790100.0
2021-07-27,5.420000076293945,5.53000020980835,5.230000019073486,5.46999979019165,638600.0
2021-07-28,5.699999809265137,5.739999771118164,5.420000076293945,5.420000076293945,670400.0
2021-07-29,5.550000190734863,5.820000171661377,5.539999961853027,5.699999809265137,601100.0
2021-07-30,5.489999771118164,5.630000114440918,5.46999979019165,5.510000228881836,475400.0
2021-08-02,5.610000133514404,5.710000038146973,5.460000038146973,5.510000228881836,502300.0
2021-08-03,5.46999979019165,5.579999923706055,5.309999942779541,5.579999923706055,590200.0
2021-08-04,5.349999904632568,5.570000171661377,5.239999771118164,5.46999979019165,664700.0
2021-08-05,5.539999961853027,5.590000152587891,5.349999904632568,5.389999866485596,865600.0
2021-08-06,5.559999942779541,5.590000152587891,5.420000076293945,5.539999961853027,805300.0
2021-08-09,5.599999904632568,5.639999866485596,5.489999771118164,5.590000152587891,663200.0
2021-08-10,6.039999961853027,6.239999771118164,5.590000152587891,5.590000152587891,1876700.0
2021-08-11,6.139999866485596,6.260000228881836,5.920000076293945,6.099999904632568,1546400.0
2021-08-12,6.119999885559082,6.190000057220459,5.809999942779541,6.099999904632568,1125500.0
2021-08-13,6.139999866485596,6.289999961853027,6.059999942779541,6.150000095367432,780000.0
2021-08-16,5.849999904632568,6.159999847412109,5.849999904632568,6.110000133514404,622200.0
2021-08-17,5.900000095367432,5.909999847412109,5.710000038146973,5.840000152587891,535600.0
2021-08-18,5.760000228881836,6.010000228881836,5.710000038146973,5.929999828338623,535300.0
2021-08-19,5.489999771118164,5.809999942779541,5.46999979019165,5.710000038146973,732600.0
2021-08-20,5.619999885559082,5.730000019073486,5.440000057220459,5.440000057220459,867500.0
2021-08-23,6.079999923706055,6.130000114440918,5.699999809265137,5.75,808100.0
2021-08-24,5.840000152587891,6.079999923706055,5.760000228881836,6.059999942779541,791100.0
2021-08-25,5.800000190734863,5.840000152587891,5.559999942779541,5.760000228881836,1210600.0
2021-08-26,5.900000095367432,6.079999923706055,5.75,5.769999980926514,963400.0
2021-08-27,6.0,6.059999942779541,5.849999904632568,5.900000095367432,1007900.0
2021-08-30,5.949999809265137,6.150000095367432,5.869999885559082,6.0,1092500.0
2021-08-31,6.050000190734863,6.079999923706055,5.849999904632568,5.929999828338623,2365200.0
2021-09-01,6.25,6.369999885559082,6.050000190734863,6.050000190734863,1495600.0
2021-09-02,6.260000228881836,6.300000190734863,6.090000152587891,6.239999771118164,1184500.0
2021-09-03,6.139999866485596,6.460000038146973,6.079999923706055,6.25,1062600.0
2021-09-07,6.260000228881836,6.360000133514404,6.090000152587891,6.110000133514404,1035500.0
2021-09-08,6.150000095367432,6.309999942779541,6.110000133514404,6.25,1059100.0
2021-09-09,6.230000019073486,6.429999828338623,6.099999904632568,6.150000095367432,1857600.0
2021-09-10,6.179999828338623,6.320000171661377,6.099999904632568,6.28000020980835,1465400.0
2021-09-13,5.889999866485596,6.199999809265137,5.869999885559082,6.199999809265137,1220400.0
2021-09-14,5.489999771118164,5.900000095367432,5.480000019073486,5.889999866485596,1144700.0
2021-09-15,5.46999979019165,5.670000076293945,5.360000133514404,5.489999771118164,951700.0
2021-09-16,5.449999809265137,5.53000020980835,5.289999961853027,5.489999771118164,974800.0
2021-09-17,5.480000019073486,5.659999847412109,5.340000152587891,5.489999771118164,3203200.0
2021-09-20,5.440000057220459,5.579999923706055,5.28000020980835,5.349999904632568,1248300.0
2021-09-21,5.429999828338623,5.519999980926514,5.389999866485596,5.46999979019165,1010200.0
2021-09-22,5.389999866485596,5.539999961853027,5.300000190734863,5.440000057220459,1006300.0
2021-09-23,5.599999904632568,5.650000095367432,5.429999828338623,5.449999809265137,883800.0
2021-09-24,5.289999961853027,5.590000152587891,5.28000020980835,5.559999942779541,743100.0
2021-09-27,5.400000095367432,5.46999979019165,5.309999942779541,5.360000133514404,573000.0
2021-09-28,5.170000076293945,5.400000095367432,5.150000095367432,5.400000095367432,1389200.0
2021-09-29,5.070000171661377,5.28000020980835,5.059999942779541,5.179999828338623,803800.0
2021-09-30,4.989999771118164,5.119999885559082,4.96999979019165,5.03000020980835,1021900.0
2021-10-01,5.110000133514404,5.150000095367432,4.849999904632568,4.989999771118164,1303900.0
2021-10-04,5.039999961853027,5.179999828338623,4.980000019073486,5.099999904632568,1106700.0
2021-10-05,5.079999923706055,5.119999885559082,5.010000228881836,5.019999980926514,1072800.0
2021-10-06,4.800000190734863,5.070000171661377,4.78000020980835,5.010000228881836,1303400.0
2021-10-07,4.769999980926514,4.96999979019165,4.760000228881836,4.849999904632568,846800.0
2021-10-08,4.670000076293945,4.769999980926514,4.610000133514404,4.769999980926514,834100.0
2021-10-11,4.610000133514404,4.739999771118164,4.599999904632568,4.670000076293945,1147400.0
2021-10-12,4.659999847412109,4.760000228881836,4.590000152587891,4.610000133514404,729100.0
2021-10-13,4.599999904632568,4.699999809265137,4.539999961853027,4.650000095367432,939100.0
2021-10-14,4.670000076293945,4.739999771118164,4.590000152587891,4.639999866485596,777600.0
2021-10-15,4.650000095367432,4.789999961853027,4.639999866485596,4.760000228881836,798200.0
2021-10-18,4.71999979019165,4.760000228881836,4.570000171661377,4.630000114440918,808300.0
2021-10-19,4.820000171661377,4.920000076293945,4.650000095367432,4.730000019073486,774800.0
2021-10-20,4.670000076293945,4.849999904632568,4.659999847412109,4.809999942779541,813700.0
2021-10-21,4.670000076293945,4.78000020980835,4.630000114440918,4.659999847412109,657200.0
2021-10-22,4.590000152587891,4.690000057220459,4.480000019073486,4.639999866485596,955700.0
2021-10-25,4.570000171661377,4.679999828338623,4.510000228881836,4.619999885559082,725400.0
2021-10-26,4.579999923706055,4.739999771118164,4.539999961853027,4.590000152587891,831600.0
2021-10-27,4.5,4.639999866485596,4.420000076293945,4.579999923706055,980800.0
2021-10-28,4.960000038146973,4.96999979019165,4.480000019073486,4.510000228881836,1353900.0
2021-10-29,4.829999923706055,5.010000228881836,4.809999942779541,4.960000038146973,1069200.0
2021-11-01,5.139999866485596,5.170000076293945,4.800000190734863,4.849999904632568,1123900.0
2021-11-02,5.199999809265137,5.21999979019165,5.03000020980835,5.130000114440918,1075900.0
2021-11-03,5.5,5.5,5.150000095367432,5.170000076293945,1438100.0
2021-11-04,5.260000228881836,5.599999904632568,5.019999980926514,5.599999904632568,2255400.0
2021-11-05,5.110000133514404,5.230000019073486,4.980000019073486,5.179999828338623,1411700.0
2021-11-08,4.960000038146973,5.199999809265137,4.909999847412109,5.190000057220459,1050800.0
2021-11-09,4.849999904632568,5.0,4.769999980926514,4.929999828338623,852200.0
2021-11-10,4.329999923706055,4.900000095367432,4.25,4.809999942779541,2002900.0
2021-11-11,4.360000133514404,4.440000057220459,4.28000020980835,4.400000095367432,907300.0
2021-11-12,4.329999923706055,4.449999809265137,4.269999980926514,4.389999866485596,820100.0
2021-11-15,3.9600000381469727,4.320000171661377,3.910000085830689,4.320000171661377,1672800.0
2021-11-16,3.930000066757202,4.039999961853027,3.7899999618530273,3.930000066757202,1578100.0
2021-11-17,3.75,4.019999980926514,3.75,3.880000114440918,1415600.0
2021-11-18,3.740000009536743,3.859999895095825,3.680000066757202,3.799999952316284,1150100.0
2021-11-19,3.759999990463257,3.829999923706055,3.640000104904175,3.700000047683716,1504500.0
2021-11-22,3.5799999237060547,3.829999923706055,3.509999990463257,3.829999923706055,1750000.0
2021-11-23,3.630000114440918,3.660000085830689,3.4200000762939453,3.569999933242798,2459300.0
2021-11-24,4.050000190734863,4.070000171661377,3.759999990463257,3.880000114440918,2117000.0
2021-11-26,3.859999895095825,4.010000228881836,3.7799999713897705,3.9600000381469727,1057500.0
2021-11-29,3.7799999713897705,3.950000047683716,3.7300000190734863,3.920000076293945,1842400.0
2021-11-30,3.940000057220459,4.019999980926514,3.7200000286102295,3.7200000286102295,1929100.0
2021-12-01,3.849999904632568,4.199999809265137,3.849999904632568,4.110000133514404,1706400.0
2021-12-02,3.990000009536743,4.019999980926514,3.740000009536743,3.819999933242798,1733600.0
2021-12-03,3.670000076293945,4.150000095367432,3.650000095367432,4.150000095367432,1688300.0
2021-12-06,3.809999942779541,3.849999904632568,3.609999895095825,3.680000066757202,1157800.0
2021-12-07,3.940000057220459,4.079999923706055,3.849999904632568,3.859999895095825,1262600.0
2021-12-08,4.159999847412109,4.190000057220459,3.849999904632568,3.950000047683716,946400.0
2021-12-09,3.910000085830689,4.170000076293945,3.900000095367432,4.070000171661377,950100.0
2021-12-10,3.849999904632568,4.050000190734863,3.839999914169312,3.9600000381469727,927400.0
2021-12-13,3.700000047683716,3.900000095367432,3.660000085830689,3.859999895095825,1534900.0
2021-12-14,3.5299999713897705,3.690000057220459,3.4800000190734863,3.650000095367432,1407700.0
2021-12-15,3.7699999809265137,3.7899999618530273,3.450000047683716,3.549999952316284,1619300.0
2021-12-16,3.670000076293945,3.849999904632568,3.609999895095825,3.7899999618530273,1362000.0
2021-12-17,3.9600000381469727,3.9700000286102295,3.549999952316284,3.619999885559082,5886700.0
2021-12-20,3.9700000286102295,4.03000020980835,3.759999990463257,3.880000114440918,1604500.0
2021-12-21,3.9700000286102295,4.150000095367432,3.890000104904175,4.03000020980835,1438500.0
2021-12-22,3.9800000190734863,4.050000190734863,3.829999923706055,3.920000076293945,1353700.0
2021-12-23,4.099999904632568,4.170000076293945,3.930000066757202,3.990000009536743,1194200.0
2021-12-27,3.930000066757202,4.079999923706055,3.920000076293945,4.079999923706055,1225900.0
2021-12-28,3.799999952316284,4.039999961853027,3.7799999713897705,3.920000076293945,1086900.0
2021-12-29,3.75,3.809999942779541,3.690000057220459,3.7799999713897705,1352900.0
2021-12-30,3.819999933242798,4.0,3.7200000286102295,3.7200000286102295,1601200.0
2021-12-31,3.7100000381469727,3.940000057220459,3.700000047683716,3.839999914169312,1109200.0
2022-01-03,3.9800000190734863,3.990000009536743,3.660000085830689,3.670000076293945,1141700.0
2022-01-04,3.630000114440918,3.990000009536743,3.619999885559082,3.9600000381469727,3037500.0
2022-01-05,3.25,3.7100000381469727,3.25,3.5899999141693115,2265100.0
2022-01-06,3.190000057220459,3.359999895095825,3.150000095367432,3.2699999809265137,1264400.0
2022-01-07,3.1700000762939453,3.2699999809265137,3.140000104904175,3.240000009536743,872800.0
2022-01-10,3.190000057220459,3.200000047683716,3.049999952316284,3.150000095367432,1379800.0
2022-01-11,3.2699999809265137,3.3299999237060547,3.1700000762939453,3.2300000190734863,1017500.0
2022-01-12,3.119999885559082,3.3499999046325684,3.119999885559082,3.319999933242798,887400.0
2022-01-13,3.0799999237060547,3.289999961853028,3.069999933242798,3.1700000762939453,1166700.0
2022-01-14,3.2300000190734863,3.25,3.0199999809265137,3.049999952316284,1282100.0
2022-01-18,3.039999961853028,3.190000057220459,3.039999961853028,3.180000066757202,1867300.0
2022-01-19,3.0,3.180000066757202,2.990000009536743,3.0899999141693115,1641500.0
2022-01-20,2.9600000381469727,3.180000066757202,2.9600000381469727,3.130000114440918,1212300.0
2022-01-21,2.809999942779541,3.039999961853028,2.799999952316284,3.0,1813300.0
2022-01-24,2.799999952316284,2.8299999237060547,2.5899999141693115,2.75,2321500.0
2022-01-25,2.900000095367432,2.9600000381469727,2.759999990463257,2.759999990463257,2212400.0
2022-01-26,2.7100000381469727,3.0,2.690000057220459,2.9200000762939453,2198000.0
2022-01-27,2.450000047683716,2.7799999713897705,2.440000057220459,2.75,1666800.0
2022-01-28,2.4600000381469727,2.490000009536743,2.3499999046325684,2.4600000381469727,3967300.0
2022-01-31,2.5799999237060547,2.5899999141693115,2.440000057220459,2.4600000381469727,2708000.0
2022-02-01,2.5999999046325684,2.619999885559082,2.5,2.5799999237060547,2570400.0
2022-02-02,2.3299999237060547,2.609999895095825,2.309999942779541,2.609999895095825,1763500.0
2022-02-03,2.2100000381469727,2.3299999237060547,2.190000057220459,2.299999952316284,1658900.0
2022-02-04,2.240000009536743,2.2799999713897705,2.130000114440918,2.200000047683716,2646100.0
2022-02-07,2.2300000190734863,2.289999961853028,2.1600000858306885,2.25,1372400.0
2022-02-08,2.200000047683716,2.2300000190734863,2.140000104904175,2.2300000190734863,922400.0
2022-02-09,2.299999952316284,2.3299999237060547,2.2100000381469727,2.220000028610229,1780800.0
2022-02-10,2.190000057220459,2.359999895095825,2.1600000858306885,2.2100000381469727,1994100.0
2022-02-11,2.150000095367432,2.299999952316284,2.130000114440918,2.190000057220459,1293600.0
2022-02-14,2.0799999237060547,2.200000047683716,2.0799999237060547,2.190000057220459,1011100.0
2022-02-15,2.2100000381469727,2.220000028610229,2.0999999046325684,2.140000104904175,1135300.0
2022-02-16,2.1600000858306885,2.190000057220459,2.0999999046325684,2.1700000762939453,1132000.0
2022-02-17,2.049999952316284,2.150000095367432,2.0299999713897705,2.119999885559082,1875600.0
2022-02-18,2.039999961853028,2.0999999046325684,2.009999990463257,2.0299999713897705,1229100.0
2022-02-22,2.0299999713897705,2.0899999141693115,2.0199999809265137,2.0199999809265137,1300500.0
2022-02-23,2.009999990463257,2.0899999141693115,1.9900000095367432,2.059999942779541,1709500.0
2022-02-24,2.200000047683716,2.2100000381469727,1.909999966621399,1.9299999475479128,2427300.0
2022-02-25,2.2100000381469727,2.220000028610229,2.119999885559082,2.190000057220459,1731500.0
2022-02-28,2.25,2.259999990463257,2.109999895095825,2.130000114440918,1584900.0
2022-03-01,2.1600000858306885,2.2300000190734863,2.0999999046325684,2.140000104904175,1352400.0
2022-03-02,2.220000028610229,2.25,2.150000095367432,2.180000066757202,1443600.0
2022-03-03,2.049999952316284,2.2699999809265137,2.049999952316284,2.259999990463257,1471400.0
2022-03-04,2.0199999809265137,2.109999895095825,2.0,2.0299999713897705,1348900.0
2022-03-07,2.0199999809265137,2.0799999237060547,2.009999990463257,2.0199999809265137,1599400.0
2022-03-08,2.150000095367432,2.240000009536743,1.9700000286102293,2.0299999713897705,1520000.0
2022-03-09,2.319999933242798,2.3299999237060547,2.150000095367432,2.190000057220459,1468200.0
2022-03-10,2.180000066757202,2.289999961853028,2.140000104904175,2.2699999809265137,1120900.0
2022-03-11,2.059999942779541,2.2300000190734863,2.059999942779541,2.220000028610229,1386700.0
2022-03-14,1.909999966621399,2.049999952316284,1.8899999856948853,2.049999952316284,3044100.0
2022-03-15,1.940000057220459,1.9600000381469729,1.8600000143051147,1.9299999475479128,2336500.0
2022-03-16,2.059999942779541,2.059999942779541,1.850000023841858,1.9700000286102293,3189200.0
2022-03-17,2.150000095367432,2.1600000858306885,1.9900000095367432,2.049999952316284,2434100.0
2022-03-18,2.200000047683716,2.319999933242798,2.119999885559082,2.119999885559082,11336100.0
2022-03-21,2.0999999046325684,2.1700000762939453,2.049999952316284,2.140000104904175,1998200.0
2022-03-22,2.190000057220459,2.220000028610229,2.119999885559082,2.130000114440918,2081300.0
2022-03-23,2.109999895095825,2.2100000381469727,2.0999999046325684,2.1700000762939453,1101200.0
2022-03-24,2.140000104904175,2.1700000762939453,2.069999933242798,2.150000095367432,627100.0
2022-03-25,2.059999942779541,2.150000095367432,2.049999952316284,2.130000114440918,811300.0
2022-03-28,2.039999961853028,2.0999999046325684,1.9900000095367432,2.059999942779541,805400.0
2022-03-29,2.140000104904175,2.190000057220459,2.0899999141693115,2.0899999141693115,779400.0
2022-03-30,2.109999895095825,2.190000057220459,2.069999933242798,2.150000095367432,774700.0
2022-03-31,2.109999895095825,2.1600000858306885,2.0899999141693115,2.0999999046325684,717700.0
2022-04-01,2.2699999809265137,2.2799999713897705,2.109999895095825,2.109999895095825,1082900.0
2022-04-04,2.5299999713897705,2.5899999141693115,2.259999990463257,2.4600000381469727,5780900.0
2022-04-05,2.400000095367432,2.539999961853028,2.390000104904175,2.5,1474500.0
2022-04-06,2.369999885559082,2.400000095367432,2.2799999713897705,2.3399999141693115,1359600.0
2022-04-07,2.289999961853028,2.400000095367432,2.2799999713897705,2.369999885559082,759300.0
2022-04-08,2.130000114440918,2.390000104904175,2.119999885559082,2.309999942779541,895000.0
2022-04-11,2.039999961853028,2.140000104904175,2.0199999809265137,2.109999895095825,852600.0
2022-04-12,1.919999957084656,2.0799999237060547,1.899999976158142,2.059999942779541,1460400.0
2022-04-13,1.9299999475479128,1.9600000381469729,1.909999966621399,1.9299999475479128,860600.0
2022-04-14,1.7799999713897705,1.950000047683716,1.7799999713897705,1.919999957084656,1039300.0
2022-04-18,1.6399999856948853,1.7999999523162842,1.6399999856948853,1.7999999523162842,1275500.0
2022-04-19,1.6299999952316284,1.7200000286102295,1.6200000047683716,1.6699999570846558,1090700.0
2022-04-20,1.590000033378601,1.649999976158142,1.5800000429153442,1.6299999952316284,795600.0
2022-04-21,1.4800000190734863,1.6200000047683716,1.4600000381469729,1.590000033378601,1318300.0
2022-04-22,1.600000023841858,1.6399999856948853,1.440000057220459,1.4900000095367432,2281600.0
2022-04-25,1.590000033378601,1.6200000047683716,1.5399999618530271,1.600000023841858,865200.0
2022-04-26,1.4500000476837158,1.590000033378601,1.4500000476837158,1.590000033378601,778800.0
2022-04-27,1.3799999952316284,1.4700000286102295,1.3799999952316284,1.4700000286102295,839000.0
2022-04-28,1.399999976158142,1.4199999570846558,1.2999999523162842,1.3899999856948853,787000.0
2022-04-29,1.3300000429153442,1.4600000381469729,1.3200000524520874,1.3799999952316284,738400.0
2022-05-02,1.399999976158142,1.4299999475479126,1.309999942779541,1.340000033378601,923000.0
2022-05-03,1.3799999952316284,1.4600000381469729,1.350000023841858,1.399999976158142,596000.0
2022-05-04,1.409999966621399,1.440000057220459,1.2799999713897705,1.3700000047683716,904200.0
2022-05-05,1.2999999523162842,1.4299999475479126,1.2599999904632568,1.409999966621399,1042800.0
2022-05-06,1.25,1.3200000524520874,1.2000000476837158,1.309999942779541,1043800.0
2022-05-09,1.149999976158142,1.25,1.1299999952316284,1.25,1158700.0
2022-05-10,1.2899999618530271,1.3799999952316284,1.1200000047683716,1.1200000047683716,1715200.0
2022-05-11,1.190000057220459,1.340000033378601,1.1799999475479126,1.2899999618530271,1159700.0
2022-05-12,1.25,1.309999942779541,1.159999966621399,1.1799999475479126,1136300.0
2022-05-13,1.350000023841858,1.399999976158142,1.1799999475479126,1.1799999475479126,1177200.0
2022-05-16,1.2799999713897705,1.3700000047683716,1.2699999809265137,1.3700000047683716,616100.0
2022-05-17,1.2799999713897705,1.3200000524520874,1.25,1.2799999713897705,835600.0
2022-05-18,1.25,1.2699999809265137,1.149999976158142,1.2599999904632568,961800.0
2022-05-19,1.25,1.2599999904632568,1.190000057220459,1.2400000095367432,670300.0
2022-05-20,1.2400000095367432,1.2799999713897705,1.2100000381469729,1.25,1051500.0
2022-05-23,1.25,1.2699999809265137,1.2000000476837158,1.25,806300.0
2022-05-24,1.25,1.2899999618530271,1.190000057220459,1.2400000095367432,1321200.0
2022-05-25,1.2400000095367432,1.2999999523162842,1.190000057220459,1.2599999904632568,851200.0
2022-05-26,1.3300000429153442,1.3600000143051147,1.2300000190734863,1.2300000190734863,1272700.0
2022-05-27,1.3799999952316284,1.4299999475479126,1.2599999904632568,1.3200000524520874,1387300.0
2022-05-31,1.340000033378601,1.399999976158142,1.2999999523162842,1.3899999856948853,1958000.0
2022-06-01,1.2200000286102295,1.3799999952316284,1.2100000381469729,1.340000033378601,991000.0
2022-06-02,1.2100000381469729,1.2599999904632568,1.1699999570846558,1.2400000095367432,457900.0
2022-06-03,1.25,1.3300000429153442,1.190000057220459,1.190000057220459,883500.0
2022-06-06,1.350000023841858,1.5299999713897705,1.2599999904632568,1.2899999618530271,2608500.0
2022-06-07,1.5299999713897705,1.5499999523162842,1.309999942779541,1.309999942779541,985100.0
2022-06-08,1.5399999618530271,1.659999966621399,1.5,1.5299999713897705,962000.0
2022-06-09,1.4900000095367432,1.5700000524520874,1.4800000190734863,1.5299999713897705,663500.0
2022-06-10,1.340000033378601,1.4800000190734863,1.2899999618530271,1.4500000476837158,566800.0
2022-06-13,1.2200000286102295,1.2799999713897705,1.190000057220459,1.25,801400.0
2022-06-14,1.2200000286102295,1.25,1.190000057220459,1.2200000286102295,636300.0
2022-06-15,1.2999999523162842,1.340000033378601,1.2300000190734863,1.2300000190734863,1271800.0
2022-06-16,1.2300000190734863,1.2699999809265137,1.190000057220459,1.2599999904632568,1167800.0
2022-06-17,1.350000023841858,1.4800000190734863,1.2300000190734863,1.2400000095367432,2668100.0
2022-06-21,1.2999999523162842,1.440000057220459,1.2899999618530271,1.4299999475479126,1241300.0
2022-06-22,1.2899999618530271,1.3799999952316284,1.2699999809265137,1.2999999523162842,1328400.0
2022-06-23,1.399999976158142,1.399999976158142,1.2899999618530271,1.2999999523162842,397200.0
2022-06-24,1.399999976158142,1.4500000476837158,1.2999999523162842,1.3899999856948853,2780800.0
2022-06-27,1.3899999856948853,1.4299999475479126,1.3200000524520874,1.3899999856948853,590500.0
2022-06-28,1.440000057220459,1.4600000381469729,1.3600000143051147,1.3899999856948853,831800.0
2022-06-29,1.3600000143051147,1.440000057220459,1.340000033378601,1.440000057220459,624300.0
2022-06-30,1.340000033378601,1.3600000143051147,1.2999999523162842,1.3300000429153442,713300.0
2022-07-01,1.409999966621399,1.409999966621399,1.309999942779541,1.350000023841858,606600.0
2022-07-05,1.6200000047683716,1.7799999713897705,1.4900000095367432,1.5099999904632568,22732100.0
2022-07-06,1.4600000381469729,1.6200000047683716,1.440000057220459,1.6100000143051147,3678200.0
2022-07-07,1.5499999523162842,1.5800000429153442,1.4600000381469729,1.5,1990900.0
2022-07-08,1.6200000047683716,1.649999976158142,1.4900000095367432,1.5099999904632568,2189500.0
2022-07-11,1.5499999523162842,1.6799999475479126,1.5099999904632568,1.659999966621399,1747100.0
2022-07-12,1.600000023841858,1.6299999952316284,1.4900000095367432,1.5399999618530271,1413100.0
2022-07-13,1.7899999618530271,1.820000052452088,1.5199999809265137,1.5399999618530271,1842900.0
2022-07-14,1.690000057220459,1.7899999618530271,1.659999966621399,1.7899999618530271,986100.0
2022-07-15,1.690000057220459,1.7400000095367432,1.5800000429153442,1.7300000190734863,1525900.0
2022-07-18,1.7000000476837158,1.820000052452088,1.649999976158142,1.7400000095367432,1579200.0
2022-07-19,1.75,1.7899999618530271,1.7000000476837158,1.7200000286102295,1241600.0
2022-07-20,1.909999966621399,1.9900000095367432,1.7400000095367432,1.75,1938000.0
2022-07-21,1.909999966621399,1.919999957084656,1.850000023841858,1.870000004768372,937300.0
2022-07-22,1.830000042915344,1.9700000286102293,1.7899999618530271,1.940000057220459,899400.0
2022-07-25,1.820000052452088,1.909999966621399,1.7799999713897705,1.840000033378601,941300.0
2022-07-26,1.7999999523162842,1.870000004768372,1.7200000286102295,1.809999942779541,691600.0
2022-07-27,1.6399999856948853,1.809999942779541,1.6299999952316284,1.809999942779541,1478800.0
2022-07-28,1.6100000143051147,1.6699999570846558,1.5800000429153442,1.649999976158142,1084300.0
2022-07-29,1.5700000524520874,1.6200000047683716,1.5199999809265137,1.590000033378601,777500.0
2022-08-01,1.5399999618530271,1.6100000143051147,1.5099999904632568,1.5199999809265137,1109400.0
2022-08-02,1.6799999475479126,1.690000057220459,1.5199999809265137,1.5199999809265137,757200.0
2022-08-03,1.7899999618530271,1.840000033378601,1.7300000190734863,1.7400000095367432,955200.0
2022-08-04,2.119999885559082,2.1700000762939453,1.809999942779541,1.809999942779541,2368800.0
2022-08-05,2.069999933242798,2.109999895095825,1.9700000286102293,2.109999895095825,1106400.0
2022-08-08,2.049999952316284,2.119999885559082,1.9900000095367432,2.069999933242798,796700.0
2022-08-09,2.309999942779541,2.400000095367432,2.0799999237060547,2.130000114440918,2178600.0
2022-08-10,2.4200000762939453,2.4600000381469727,2.190000057220459,2.3299999237060547,1981500.0
2022-08-11,2.319999933242798,2.4800000190734863,2.2699999809265137,2.4800000190734863,1411600.0
2022-08-12,2.369999885559082,2.440000057220459,2.309999942779541,2.3299999237060547,1221400.0
2022-08-15,2.619999885559082,2.640000104904175,2.3399999141693115,2.3499999046325684,1426900.0
2022-08-16,2.4100000858306885,2.609999895095825,2.359999895095825,2.5899999141693115,944100.0
2022-08-17,2.2799999713897705,2.440000057220459,2.2699999809265137,2.400000095367432,937300.0
2022-08-18,2.259999990463257,2.299999952316284,2.190000057220459,2.2799999713897705,835300.0
2022-08-19,2.140000104904175,2.25,2.130000114440918,2.220000028610229,647200.0
2022-08-22,2.049999952316284,2.1700000762939453,2.0299999713897705,2.0899999141693115,994400.0
2022-08-23,2.119999885559082,2.150000095367432,2.059999942779541,2.0999999046325684,706500.0
2022-08-24,2.190000057220459,2.2300000190734863,2.0799999237060547,2.0999999046325684,642600.0
2022-08-25,2.490000009536743,2.5199999809265137,2.2699999809265137,2.2799999713897705,1573000.0
2022-08-26,2.470000028610229,2.539999961853028,2.4200000762939453,2.5199999809265137,1031700.0
2022-08-29,2.4100000858306885,2.450000047683716,2.3499999046325684,2.4100000858306885,753000.0
2022-08-30,2.240000009536743,2.440000057220459,2.1700000762939453,2.4200000762939453,909300.0
2022-08-31,2.2100000381469727,2.289999961853028,2.1600000858306885,2.25,652100.0
2022-09-01,2.289999961853028,2.319999933242798,2.150000095367432,2.1700000762939453,1034800.0
2022-09-02,2.380000114440918,2.4600000381469727,2.289999961853028,2.319999933242798,1399500.0
2022-09-06,2.2799999713897705,2.4600000381469727,2.2699999809265137,2.400000095367432,671100.0
2022-09-07,2.299999952316284,2.319999933242798,2.150000095367432,2.25,686900.0
2022-09-08,2.4600000381469727,2.4800000190734863,2.2699999809265137,2.289999961853028,1122800.0
2022-09-09,2.7699999809265137,2.900000095367432,2.450000047683716,2.490000009536743,2676300.0
2022-09-12,2.789999961853028,2.819999933242798,2.6600000858306885,2.789999961853028,1250800.0
2022-09-13,2.7100000381469727,2.809999942779541,2.6700000762939453,2.700000047683716,1080700.0
2022-09-14,2.759999990463257,2.789999961853028,2.6700000762939453,2.75,896000.0
2022-09-15,2.7300000190734863,2.890000104904175,2.680000066757202,2.7699999809265137,1376900.0
2022-09-16,2.720000028610229,2.759999990463257,2.4600000381469727,2.7100000381469727,1913000.0
2022-09-19,2.640000104904175,2.6700000762939453,2.490000009536743,2.6600000858306885,925100.0
2022-09-20,2.680000066757202,2.740000009536743,2.569999933242798,2.569999933242798,930300.0
2022-09-21,2.309999942779541,2.6700000762939453,2.25,2.6700000762939453,1074800.0
2022-09-22,2.359999895095825,2.4200000762939453,2.259999990463257,2.319999933242798,1465600.0
2022-09-23,2.180000066757202,2.359999895095825,2.130000114440918,2.299999952316284,1232900.0
2022-09-26,2.0799999237060547,2.220000028610229,2.039999961853028,2.130000114440918,1096700.0
2022-09-27,2.0999999046325684,2.220000028610229,2.069999933242798,2.0999999046325684,1303000.0
2022-09-28,2.1600000858306885,2.2799999713897705,2.109999895095825,2.1600000858306885,834100.0
2022-09-29,2.049999952316284,2.150000095367432,2.0,2.140000104904175,680500.0
2022-09-30,2.119999885559082,2.190000057220459,2.0299999713897705,2.049999952316284,975400.0
2022-10-03,2.0199999809265137,2.150000095367432,1.9700000286102293,2.119999885559082,665200.0
2022-10-04,2.220000028610229,2.2300000190734863,2.039999961853028,2.0899999141693115,1084400.0
2022-10-05,2.259999990463257,2.2799999713897705,2.150000095367432,2.2100000381469727,653600.0
2022-10-06,2.059999942779541,2.2699999809265137,2.0299999713897705,2.25,959200.0
2022-10-07,1.7599999904632568,2.049999952316284,1.7599999904632568,2.0299999713897705,1412300.0
2022-10-10,1.7999999523162842,1.850000023841858,1.7200000286102295,1.7599999904632568,702800.0
2022-10-11,1.840000033378601,1.870000004768372,1.75,1.7999999523162842,734700.0
2022-10-12,1.809999942779541,1.8600000143051147,1.7599999904632568,1.840000033378601,889300.0
2022-10-13,1.809999942779541,1.870000004768372,1.7300000190734863,1.75,662700.0
2022-10-14,1.7200000286102295,1.840000033378601,1.690000057220459,1.830000042915344,479000.0
2022-10-17,1.8600000143051147,1.870000004768372,1.7000000476837158,1.7000000476837158,537300.0
2022-10-18,1.8600000143051147,1.8899999856948853,1.809999942779541,1.8799999952316284,411300.0
2022-10-19,1.7000000476837158,1.840000033378601,1.6799999475479126,1.840000033378601,489900.0
2022-10-20,1.7200000286102295,1.7799999713897705,1.6699999570846558,1.7000000476837158,392300.0
2022-10-21,1.7200000286102295,1.7599999904632568,1.6699999570846558,1.7400000095367432,391400.0
2022-10-24,1.7100000381469729,1.7400000095367432,1.6200000047683716,1.7000000476837158,418100.0
2022-10-25,1.7400000095367432,1.7999999523162842,1.690000057220459,1.690000057220459,477100.0
2022-10-26,1.659999966621399,1.7799999713897705,1.649999976158142,1.75,531900.0
2022-10-27,1.5700000524520874,1.690000057220459,1.559999942779541,1.6699999570846558,667800.0
2022-10-28,1.6100000143051147,1.6299999952316284,1.5299999713897705,1.559999942779541,729600.0
2022-10-31,1.6200000047683716,1.690000057220459,1.5499999523162842,1.5700000524520874,719300.0
2022-11-01,1.690000057220459,1.7200000286102295,1.6200000047683716,1.649999976158142,478800.0
2022-11-02,1.6399999856948853,1.7300000190734863,1.6200000047683716,1.7000000476837158,835600.0
2022-11-03,1.7000000476837158,1.7599999904632568,1.5800000429153442,1.5800000429153442,731700.0
2022-11-04,1.6200000047683716,1.7300000190734863,1.5499999523162842,1.7300000190734863,721500.0
2022-11-07,1.590000033378601,1.659999966621399,1.559999942779541,1.600000023841858,602900.0
2022-11-08,1.600000023841858,1.6399999856948853,1.5399999618530271,1.600000023841858,649800.0
2022-11-09,1.4700000286102295,1.600000023841858,1.440000057220459,1.600000023841858,736200.0
2022-11-10,1.7799999713897705,1.7899999618530271,1.559999942779541,1.5700000524520874,934000.0
2022-11-11,1.840000033378601,1.8899999856948853,1.7200000286102295,1.75,1094400.0
2022-11-14,1.8899999856948853,1.9299999475479128,1.7899999618530271,1.7999999523162842,945700.0
2022-11-15,1.950000047683716,1.9900000095367432,1.899999976158142,1.950000047683716,1051600.0
2022-11-16,1.830000042915344,1.9600000381469729,1.7999999523162842,1.950000047683716,887900.0
2022-11-17,1.850000023841858,1.919999957084656,1.7400000095367432,1.7699999809265137,1621100.0
2022-11-18,1.9600000381469729,2.039999961853028,1.919999957084656,1.9900000095367432,1486000.0
2022-11-21,1.919999957084656,1.9800000190734863,1.909999966621399,1.9299999475479128,795200.0
2022-11-22,1.940000057220459,1.940000057220459,1.809999942779541,1.940000057220459,717100.0
2022-11-23,2.0199999809265137,2.0899999141693115,1.909999966621399,1.940000057220459,1106300.0
2022-11-25,1.919999957084656,2.0299999713897705,1.899999976158142,1.9900000095367432,303600.0
2022-11-28,1.7699999809265137,1.940000057220459,1.75,1.8799999952316284,924200.0
2022-11-29,1.7300000190734863,1.7899999618530271,1.7100000381469729,1.7699999809265137,706800.0
2022-11-30,1.820000052452088,1.830000042915344,1.7200000286102295,1.75,940800.0
2022-12-01,1.820000052452088,1.850000023841858,1.7699999809265137,1.850000023841858,838200.0
2022-12-02,1.8899999856948853,1.899999976158142,1.7599999904632568,1.7799999713897705,515900.0
2022-12-05,1.75,1.8899999856948853,1.7000000476837158,1.8899999856948853,531200.0
2022-12-06,1.5800000429153442,1.7300000190734863,1.5700000524520874,1.7200000286102295,599500.0
2022-12-07,1.590000033378601,1.690000057220459,1.5700000524520874,1.5700000524520874,697400.0
2022-12-08,1.590000033378601,1.659999966621399,1.5800000429153442,1.600000023841858,511000.0
2022-12-09,1.559999942779541,1.6299999952316284,1.559999942779541,1.6100000143051147,529900.0
2022-12-12,1.6100000143051147,1.6200000047683716,1.5299999713897705,1.600000023841858,599700.0
2022-12-13,1.649999976158142,1.75,1.600000023841858,1.7200000286102295,821600.0
2022-12-14,1.7100000381469729,1.7300000190734863,1.6200000047683716,1.6799999475479126,712200.0
2022-12-15,1.6399999856948853,1.75,1.6299999952316284,1.7300000190734863,523300.0
2022-12-16,1.5800000429153442,1.6399999856948853,1.5700000524520874,1.6200000047683716,688500.0
2022-12-19,1.4900000095367432,1.590000033378601,1.4800000190734863,1.5800000429153442,1077100.0
2022-12-20,1.4900000095367432,1.5299999713897705,1.4600000381469729,1.4900000095367432,703400.0
2022-12-21,1.4700000286102295,1.5299999713897705,1.4600000381469729,1.5,415100.0
2022-12-22,1.4199999570846558,1.4600000381469729,1.350000023841858,1.440000057220459,697000.0
2022-12-23,1.399999976158142,1.440000057220459,1.3799999952316284,1.4199999570846558,425000.0
2022-12-27,1.2699999809265137,1.399999976158142,1.2599999904632568,1.399999976158142,595200.0
2022-12-28,1.3200000524520874,1.409999966621399,1.2699999809265137,1.3300000429153442,918000.0
2022-12-29,1.409999966621399,1.4199999570846558,1.3200000524520874,1.3300000429153442,1206600.0
2022-12-30,1.5199999809265137,1.5299999713897705,1.3600000143051147,1.3600000143051147,854300.0
2023-01-03,1.4800000190734863,1.5800000429153442,1.4500000476837158,1.5700000524520874,705600.0
2023-01-04,1.559999942779541,1.5800000429153442,1.4900000095367432,1.5099999904632568,653600.0
2023-01-05,1.559999942779541,1.5800000429153442,1.5199999809265137,1.5499999523162842,549700.0
2023-01-06,1.600000023841858,1.6200000047683716,1.5,1.590000033378601,767400.0
2023-01-09,1.559999942779541,1.6399999856948853,1.5499999523162842,1.6100000143051147,586700.0
2023-01-10,1.590000033378601,1.6100000143051147,1.5299999713897705,1.5299999713897705,610200.0
2023-01-11,1.6200000047683716,1.6299999952316284,1.5399999618530271,1.590000033378601,615400.0
2023-01-12,1.7599999904632568,1.7699999809265137,1.5800000429153442,1.6200000047683716,772300.0
2023-01-13,2.009999990463257,2.039999961853028,1.7400000095367432,1.75,1523200.0
2023-01-17,2.0899999141693115,2.0999999046325684,1.919999957084656,2.0,1219100.0
2023-01-18,2.109999895095825,2.190000057220459,2.0299999713897705,2.109999895095825,909000.0
2023-01-19,1.9299999475479128,2.0999999046325684,1.899999976158142,2.0999999046325684,904700.0
2023-01-20,1.9900000095367432,2.119999885559082,1.9299999475479128,2.0799999237060547,1163200.0
2023-01-23,2.1700000762939453,2.289999961853028,2.009999990463257,2.0199999809265137,1691100.0
2023-01-24,2.190000057220459,2.2300000190734863,2.049999952316284,2.140000104904175,1577800.0
2023-01-25,1.649999976158142,1.7300000190734863,1.5199999809265137,1.5399999618530271,14968900.0
2023-01-26,1.6200000047683716,1.7200000286102295,1.6100000143051147,1.7100000381469729,3144200.0
2023-01-27,1.6399999856948853,1.7000000476837158,1.6100000143051147,1.6200000047683716,4320900.0
2023-01-30,1.559999942779541,1.6699999570846558,1.5199999809265137,1.659999966621399,2720400.0
2023-01-31,1.6200000047683716,1.6799999475479126,1.5800000429153442,1.6200000047683716,4419500.0
2023-02-01,1.690000057220459,1.7300000190734863,1.559999942779541,1.649999976158142,5893200.0
2023-02-02,1.820000052452088,1.820000052452088,1.7100000381469729,1.7300000190734863,5245200.0
2023-02-03,1.830000042915344,1.8799999952316284,1.7599999904632568,1.7999999523162842,2644100.0
2023-02-06,1.9299999475479128,1.9299999475479128,1.840000033378601,1.870000004768372,2962400.0
2023-02-07,1.870000004768372,2.009999990463257,1.840000033378601,1.9600000381469729,2349600.0
2023-02-08,1.809999942779541,1.8899999856948853,1.7799999713897705,1.8899999856948853,1932000.0
2023-02-09,1.7400000095367432,1.919999957084656,1.7300000190734863,1.840000033378601,2321200.0
2023-02-10,1.6799999475479126,1.7400000095367432,1.649999976158142,1.7400000095367432,1718500.0
2023-02-13,1.590000033378601,1.7300000190734863,1.5800000429153442,1.7000000476837158,2509000.0
2023-02-14,1.600000023841858,1.6200000047683716,1.5299999713897705,1.590000033378601,2073200.0
2023-02-15,1.5099999904632568,1.590000033378601,1.4900000095367432,1.5700000524520874,2513300.0
2023-02-16,1.3799999952316284,1.5299999713897705,1.3600000143051147,1.5099999904632568,4793900.0
2023-02-17,1.3899999856948853,1.4500000476837158,1.3600000143051147,1.409999966621399,2985000.0
2023-02-21,1.2999999523162842,1.4199999570846558,1.2899999618530271,1.4199999570846558,1928700.0
2023-02-22,1.2799999713897705,1.3300000429153442,1.2699999809265137,1.309999942779541,1402300.0
2023-02-23,1.2000000476837158,1.2999999523162842,1.1799999475479126,1.2899999618530271,3174900.0
2023-02-24,1.2000000476837158,1.25,1.1799999475479126,1.2100000381469729,2215800.0
2023-02-27,1.2599999904632568,1.2699999809265137,1.2000000476837158,1.2200000286102295,1560200.0
2023-02-28,1.2599999904632568,1.3200000524520874,1.2200000286102295,1.25,1801800.0
2023-03-01,1.149999976158142,1.2699999809265137,1.1399999856948853,1.25,3470100.0
2023-03-02,1.1299999952316284,1.159999966621399,1.1100000143051147,1.159999966621399,1424700.0
2023-03-03,1.159999966621399,1.1799999475479126,1.1100000143051147,1.1799999475479126,1154900.0
2023-03-06,1.149999976158142,1.190000057220459,1.1299999952316284,1.1799999475479126,1322800.0
2023-03-07,1.350000023841858,1.399999976158142,1.1799999475479126,1.1799999475479126,2970300.0
2023-03-08,1.2799999713897705,1.3600000143051147,1.2200000286102295,1.340000033378601,1183400.0
2023-03-09,1.1699999570846558,1.309999942779541,1.159999966621399,1.2999999523162842,1532600.0
2023-03-10,1.090000033378601,1.1699999570846558,1.059999942779541,1.159999966621399,2495600.0
2023-03-13,1.090000033378601,1.1200000047683716,1.0499999523162842,1.1100000143051147,1533900.0
2023-03-14,1.100000023841858,1.1399999856948853,1.0499999523162842,1.1200000047683716,1377600.0
2023-03-15,1.100000023841858,1.1200000047683716,1.0499999523162842,1.100000023841858,1142700.0
2023-03-16,1.0800000429153442,1.1100000143051147,1.0499999523162842,1.100000023841858,1045100.0
2023-03-17,1.0199999809265137,1.0800000429153442,1.0,1.0800000429153442,4998600.0
2023-03-20,1.0199999809265137,1.059999942779541,1.0,1.0299999713897705,1444200.0
2023-03-21,1.090000033378601,1.090000033378601,1.0099999904632568,1.0099999904632568,1272000.0
2023-03-22,1.0099999904632568,1.090000033378601,1.0099999904632568,1.0700000524520874,1053700.0
2023-03-23,0.9399999976158142,1.0199999809265137,0.8999999761581421,1.0199999809265137,3956400.0
2023-03-24,0.959999978542328,0.9700000286102296,0.9100000262260436,0.9700000286102296,1809200.0
2023-03-27,0.8799999952316284,0.8999999761581421,0.8100000023841858,0.8199999928474426,4061400.0
2023-03-28,0.8799999952316284,0.9399999976158142,0.8700000047683716,0.8899999856948853,1474100.0
2023-03-29,1.0199999809265137,1.0800000429153442,0.8600000143051147,0.9200000166893004,2466500.0
2023-03-30,1.0099999904632568,1.059999942779541,0.9700000286102296,1.0099999904632568,1439500.0
2023-03-31,1.059999942779541,1.0800000429153442,1.0199999809265137,1.0399999618530271,1556300.0
2023-04-03,1.1200000047683716,1.1299999952316284,1.0499999523162842,1.059999942779541,1600800.0
2023-04-04,1.0299999713897705,1.1399999856948853,1.0099999904632568,1.1299999952316284,1516700.0
2023-04-05,0.9800000190734864,1.0299999713897705,0.959999978542328,1.0299999713897705,2336400.0
2023-04-06,1.0099999904632568,1.0199999809265137,0.959999978542328,0.9900000095367432,514400.0
2023-04-10,1.0299999713897705,1.0299999713897705,0.9700000286102296,1.0,542900.0
2023-04-11,1.0099999904632568,1.0499999523162842,0.9900000095367432,1.0099999904632568,952600.0
2023-04-12,0.959999978542328,1.0399999618530271,0.959999978542328,1.0199999809265137,1084600.0
2023-04-13,1.1100000143051147,1.1299999952316284,0.9800000190734864,1.0,1202200.0
2023-04-14,1.0499999523162842,1.1200000047683716,1.0199999809265137,1.100000023841858,1118600.0
2023-04-17,1.159999966621399,1.1699999570846558,1.0499999523162842,1.059999942779541,1988700.0
2023-04-18,1.1299999952316284,1.1799999475479126,1.100000023841858,1.1799999475479126,1057500.0
2023-04-19,1.159999966621399,1.1699999570846558,1.090000033378601,1.1200000047683716,935500.0
2023-04-20,1.159999966621399,1.309999942779541,1.1299999952316284,1.1299999952316284,2956400.0
2023-04-21,1.2200000286102295,1.2599999904632568,1.149999976158142,1.149999976158142,1925800.0
2023-04-24,1.159999966621399,1.2400000095367432,1.1399999856948853,1.2200000286102295,1356500.0
2023-04-25,1.1299999952316284,1.2000000476837158,1.1200000047683716,1.149999976158142,842600.0
2023-04-26,1.1299999952316284,1.159999966621399,1.090000033378601,1.1299999952316284,999100.0
2023-04-27,1.1699999570846558,1.2100000381469729,1.100000023841858,1.159999966621399,986800.0
2023-04-28,1.2100000381469729,1.25,1.149999976158142,1.149999976158142,1185900.0
2023-05-01,1.1799999475479126,1.2200000286102295,1.1399999856948853,1.2100000381469729,984300.0
2023-05-02,1.1299999952316284,1.2000000476837158,1.1200000047683716,1.159999966621399,583900.0
2023-05-03,1.2300000190734863,1.2300000190734863,1.1200000047683716,1.1200000047683716,1112200.0
2023-05-04,1.2000000476837158,1.2300000190734863,1.159999966621399,1.2300000190734863,753800.0
2023-05-05,1.2200000286102295,1.25,1.2000000476837158,1.2100000381469729,655800.0
2023-05-08,1.25,1.2799999713897705,1.190000057220459,1.2000000476837158,625200.0
2023-05-09,1.2599999904632568,1.2699999809265137,1.2100000381469729,1.2599999904632568,722300.0
2023-05-10,1.2100000381469729,1.2699999809265137,1.1200000047683716,1.2699999809265137,1805700.0
2023-05-11,1.1399999856948853,1.2100000381469729,1.1200000047683716,1.2100000381469729,727400.0
2023-05-12,1.059999942779541,1.149999976158142,1.0499999523162842,1.1299999952316284,910900.0
2023-05-15,1.2100000381469729,1.25,1.0700000524520874,1.0700000524520874,1492000.0
2023-05-16,1.2200000286102295,1.25,1.149999976158142,1.159999966621399,595900.0
2023-05-17,1.2300000190734863,1.2400000095367432,1.1699999570846558,1.2300000190734863,691800.0
2023-05-18,1.25,1.2799999713897705,1.2000000476837158,1.2400000095367432,621000.0
2023-05-19,1.2899999618530271,1.309999942779541,1.25,1.25,880800.0
2023-05-22,1.309999942779541,1.350000023841858,1.2699999809265137,1.2999999523162842,949100.0
2023-05-23,1.399999976158142,1.4500000476837158,1.2699999809265137,1.2699999809265137,1396200.0
2023-05-24,1.3200000524520874,1.4299999475479126,1.2599999904632568,1.4299999475479126,1397200.0
2023-05-25,1.2000000476837158,1.3200000524520874,1.2000000476837158,1.3200000524520874,676900.0
2023-05-26,1.2200000286102295,1.2300000190734863,1.1200000047683716,1.190000057220459,997400.0
2023-05-30,1.2300000190734863,1.25,1.1299999952316284,1.2300000190734863,1013700.0
2023-05-31,1.190000057220459,1.25,1.1699999570846558,1.2300000190734863,4006400.0
2023-06-01,1.2899999618530271,1.309999942779541,1.1699999570846558,1.2000000476837158,1259200.0
2023-06-02,1.2899999618530271,1.3300000429153442,1.2400000095367432,1.3300000429153442,807200.0
2023-06-05,1.340000033378601,1.3700000047683716,1.25,1.25,1172100.0
2023-06-06,1.2999999523162842,1.3600000143051147,1.2899999618530271,1.3300000429153442,1078200.0
2023-06-07,1.3200000524520874,1.350000023841858,1.2899999618530271,1.3200000524520874,942700.0
2023-06-08,1.2599999904632568,1.3300000429153442,1.2400000095367432,1.3200000524520874,1267300.0
2023-06-09,1.1799999475479126,1.2899999618530271,1.1799999475479126,1.2599999904632568,1086600.0
2023-06-12,1.2699999809265137,1.3799999952316284,1.190000057220459,1.2100000381469729,1822100.0
2023-06-13,1.3200000524520874,1.350000023841858,1.2699999809265137,1.2799999713897705,1384700.0
2023-06-14,1.2400000095367432,1.3600000143051147,1.2400000095367432,1.350000023841858,986500.0
2023-06-15,1.2699999809265137,1.2999999523162842,1.2200000286102295,1.2599999904632568,959000.0
2023-06-16,1.2200000286102295,1.2999999523162842,1.2000000476837158,1.2899999618530271,1394900.0
2023-06-20,1.25,1.3300000429153442,1.2300000190734863,1.2799999713897705,1859000.0
2023-06-21,1.1699999570846558,1.2599999904632568,1.149999976158142,1.25,1103600.0
2023-06-22,1.149999976158142,1.2200000286102295,1.1299999952316284,1.2200000286102295,1021200.0
2023-06-23,1.1299999952316284,1.159999966621399,1.1100000143051147,1.149999976158142,5654600.0
2023-06-26,1.0499999523162842,1.1399999856948853,1.0499999523162842,1.1299999952316284,1178000.0
2023-06-27,1.0399999618530271,1.0700000524520874,0.9900000095367432,1.0499999523162842,1063800.0
2023-06-28,1.0199999809265137,1.0499999523162842,1.0,1.0499999523162842,691400.0
2023-06-29,1.0499999523162842,1.0700000524520874,1.0,1.0299999713897705,910500.0
2023-06-30,1.149999976158142,1.159999966621399,1.0499999523162842,1.0700000524520874,1410800.0
2023-07-03,1.1299999952316284,1.1699999570846558,1.1200000047683716,1.1200000047683716,659200.0
2023-07-05,1.1200000047683716,1.1799999475479126,1.1100000143051147,1.1299999952316284,937600.0
2023-07-06,1.0800000429153442,1.1200000047683716,1.0499999523162842,1.100000023841858,753600.0
2023-07-07,1.1100000143051147,1.1399999856948853,1.090000033378601,1.100000023841858,891300.0
2023-07-10,1.090000033378601,1.1200000047683716,1.0800000429153442,1.100000023841858,954300.0
2023-07-11,1.159999966621399,1.1699999570846558,1.0800000429153442,1.100000023841858,628900.0
2023-07-12,1.159999966621399,1.2200000286102295,1.1399999856948853,1.1799999475479126,1224600.0
2023-07-13,1.1799999475479126,1.2100000381469729,1.159999966621399,1.1799999475479126,874300.0
2023-07-14,1.1799999475479126,1.2000000476837158,1.1399999856948853,1.1699999570846558,790200.0
2023-07-17,1.309999942779541,1.3200000524520874,1.149999976158142,1.1699999570846558,2576000.0
2023-07-18,1.3600000143051147,1.4500000476837158,1.3200000524520874,1.3200000524520874,2504300.0
2023-07-19,1.409999966621399,1.5499999523162842,1.3700000047683716,1.399999976158142,2204000.0
2023-07-20,1.350000023841858,1.4299999475479126,1.3200000524520874,1.409999966621399,1042900.0
2023-07-21,1.340000033378601,1.3899999856948853,1.2699999809265137,1.3600000143051147,1152600.0
2023-07-24,1.2599999904632568,1.3600000143051147,1.2300000190734863,1.3600000143051147,1518000.0
2023-07-25,1.25,1.2999999523162842,1.2400000095367432,1.2599999904632568,862600.0
2023-07-26,1.2699999809265137,1.2899999618530271,1.2400000095367432,1.2599999904632568,748400.0
2023-07-27,1.25,1.340000033378601,1.2400000095367432,1.2899999618530271,701900.0
2023-07-28,1.3799999952316284,1.3899999856948853,1.2699999809265137,1.2699999809265137,1120000.0
2023-07-31,1.3899999856948853,1.440000057220459,1.3700000047683716,1.399999976158142,1013300.0
2023-08-01,1.2899999618530271,1.399999976158142,1.2799999713897705,1.3899999856948853,1109200.0
2023-08-02,1.2000000476837158,1.2899999618530271,1.190000057220459,1.2699999809265137,1043600.0
2023-08-03,1.1200000047683716,1.2100000381469729,1.1100000143051147,1.2000000476837158,1282000.0
2023-08-04,1.1100000143051147,1.159999966621399,1.090000033378601,1.100000023841858,1570400.0
2023-08-07,1.1399999856948853,1.149999976158142,1.059999942779541,1.1100000143051147,1243900.0
2023-08-08,1.159999966621399,1.190000057220459,1.1100000143051147,1.1399999856948853,688500.0
2023-08-09,1.2400000095367432,1.3200000524520874,1.1699999570846558,1.3200000524520874,1664500.0
2023-08-10,1.5199999809265137,1.6200000047683716,1.2100000381469729,1.2100000381469729,7507200.0
2023-08-11,1.5399999618530271,1.5700000524520874,1.4199999570846558,1.440000057220459,1860000.0
2023-08-14,1.659999966621399,1.820000052452088,1.4700000286102295,1.5299999713897705,6406800.0
2023-08-15,1.5299999713897705,1.7000000476837158,1.4900000095367432,1.7000000476837158,2632100.0
2023-08-16,1.5199999809265137,1.6799999475479126,1.5,1.659999966621399,1678600.0
2023-08-17,1.7200000286102295,1.7699999809265137,1.5299999713897705,1.5700000524520874,5603000.0
2023-08-18,1.6100000143051147,1.7000000476837158,1.5399999618530271,1.659999966621399,2580500.0
2023-08-21,1.6100000143051147,1.649999976158142,1.5499999523162842,1.6200000047683716,1276200.0
2023-08-22,1.590000033378601,1.6399999856948853,1.5099999904632568,1.600000023841858,1648700.0
2023-08-23,1.6799999475479126,1.7200000286102295,1.590000033378601,1.600000023841858,1616100.0
2023-08-24,1.5299999713897705,1.7000000476837158,1.5299999713897705,1.6399999856948853,2406100.0
2023-08-25,1.7300000190734863,1.7799999713897705,1.5299999713897705,1.5299999713897705,5452600.0
2023-08-28,1.7200000286102295,1.809999942779541,1.6799999475479126,1.7300000190734863,1843500.0
2023-08-29,1.840000033378601,1.850000023841858,1.7200000286102295,1.7400000095367432,1364300.0
2023-08-30,1.850000023841858,1.8799999952316284,1.7999999523162842,1.820000052452088,917700.0
2023-08-31,1.75,1.870000004768372,1.7400000095367432,1.8600000143051147,1424500.0
2023-09-01,1.809999942779541,1.830000042915344,1.7599999904632568,1.7899999618530271,803000.0
2023-09-05,1.6399999856948853,1.830000042915344,1.6399999856948853,1.820000052452088,1934900.0
2023-09-06,1.649999976158142,1.7100000381469729,1.6100000143051147,1.659999966621399,1196900.0
2023-09-07,1.6100000143051147,1.6699999570846558,1.600000023841858,1.6399999856948853,1079600.0
2023-09-08,1.6200000047683716,1.6399999856948853,1.5700000524520874,1.600000023841858,1106900.0
2023-09-11,1.590000033378601,1.649999976158142,1.5800000429153442,1.6299999952316284,811000.0
2023-09-12,1.5199999809265137,1.600000023841858,1.4900000095367432,1.600000023841858,1661400.0
2023-09-13,1.4600000381469729,1.5399999618530271,1.440000057220459,1.5099999904632568,666500.0
2023-09-14,1.4800000190734863,1.5099999904632568,1.440000057220459,1.4800000190734863,644600.0
2023-09-15,1.4900000095367432,1.5399999618530271,1.4700000286102295,1.4800000190734863,1304400.0
2023-09-18,1.440000057220459,1.4900000095367432,1.409999966621399,1.4900000095367432,674300.0
2023-09-19,1.3200000524520874,1.4500000476837158,1.2400000095367432,1.4500000476837158,2269800.0
2023-09-20,1.399999976158142,1.4900000095367432,1.2999999523162842,1.2999999523162842,1524400.0
2023-09-21,1.399999976158142,1.4199999570846558,1.340000033378601,1.3600000143051147,820000.0
2023-09-22,1.399999976158142,1.4500000476837158,1.3799999952316284,1.399999976158142,749900.0
2023-09-25,1.340000033378601,1.3700000047683716,1.2699999809265137,1.3700000047683716,1154300.0
2023-09-26,1.399999976158142,1.5,1.3700000047683716,1.3700000047683716,1063200.0
2023-09-27,1.4299999475479126,1.4800000190734863,1.399999976158142,1.440000057220459,688100.0
2023-09-28,1.4199999570846558,1.440000057220459,1.3799999952316284,1.440000057220459,673000.0
2023-09-29,1.4199999570846558,1.4600000381469729,1.3899999856948853,1.440000057220459,1454300.0
2023-10-02,1.2899999618530271,1.4299999475479126,1.2899999618530271,1.3899999856948853,930500.0
2023-10-03,1.2999999523162842,1.3200000524520874,1.2400000095367432,1.2999999523162842,821300.0
2023-10-04,1.309999942779541,1.3200000524520874,1.2699999809265137,1.2999999523162842,568300.0
2023-10-05,1.3700000047683716,1.3799999952316284,1.2999999523162842,1.309999942779541,702600.0
2023-10-06,1.3600000143051147,1.3700000047683716,1.309999942779541,1.350000023841858,710400.0
2023-10-09,1.2300000190734863,1.3300000429153442,1.2100000381469729,1.309999942779541,802600.0
2023-10-10,1.1699999570846558,1.2899999618530271,1.159999966621399,1.2400000095367432,1049500.0
2023-10-11,1.1699999570846558,1.2000000476837158,1.1399999856948853,1.1699999570846558,1083700.0
2023-10-12,1.1699999570846558,1.25,1.149999976158142,1.159999966621399,1251200.0
2023-10-13,1.2000000476837158,1.2100000381469729,1.149999976158142,1.1699999570846558,949700.0
2023-10-16,1.1699999570846558,1.2300000190734863,1.1699999570846558,1.2300000190734863,784300.0
2023-10-17,1.149999976158142,1.2200000286102295,1.1299999952316284,1.1699999570846558,1339600.0
2023-10-18,1.159999966621399,1.1799999475479126,1.100000023841858,1.1399999856948853,891400.0
2023-10-19,1.0700000524520874,1.159999966621399,1.059999942779541,1.159999966621399,1305800.0
2023-10-20,1.059999942779541,1.100000023841858,1.0499999523162842,1.0800000429153442,833800.0
2023-10-23,1.0499999523162842,1.1100000143051147,1.0099999904632568,1.0499999523162842,1454500.0
2023-10-24,1.1100000143051147,1.1299999952316284,1.0499999523162842,1.0499999523162842,895200.0
2023-10-25,1.0800000429153442,1.1100000143051147,1.0700000524520874,1.100000023841858,724700.0
2023-10-26,1.1100000143051147,1.1100000143051147,1.0700000524520874,1.1100000143051147,1121700.0
2023-10-27,1.0099999904632568,1.1200000047683716,1.0,1.090000033378601,1111100.0
2023-10-30,1.0700000524520874,1.0800000429153442,1.0299999713897705,1.0299999713897705,647500.0
2023-10-31,1.1299999952316284,1.149999976158142,1.0399999618530271,1.059999942779541,849000.0
2023-11-01,1.0700000524520874,1.149999976158142,1.0700000524520874,1.149999976158142,678600.0
2023-11-02,1.1100000143051147,1.1299999952316284,1.0700000524520874,1.0800000429153442,968000.0
2023-11-03,1.2100000381469729,1.2300000190734863,1.1100000143051147,1.1100000143051147,1127100.0
2023-11-06,1.159999966621399,1.25,1.149999976158142,1.2400000095367432,910300.0
2023-11-07,1.309999942779541,1.3200000524520874,1.1399999856948853,1.159999966621399,2024200.0
2023-11-08,1.2599999904632568,1.309999942779541,1.2100000381469729,1.2999999523162842,1404000.0
2023-11-09,1.2599999904632568,1.2699999809265137,1.2200000286102295,1.2599999904632568,2050300.0
2023-11-10,1.090000033378601,1.2200000286102295,1.0099999904632568,1.2200000286102295,4865400.0
2023-11-13,0.8899999856948853,1.059999942779541,0.8399999737739563,1.059999942779541,5805200.0
2023-11-14,1.0099999904632568,1.0099999904632568,0.8500000238418579,0.8999999761581421,5114200.0
2023-11-15,1.059999942779541,1.1100000143051147,1.0,1.0,1656500.0
2023-11-16,1.149999976158142,1.159999966621399,1.0099999904632568,1.0499999523162842,2128100.0
2023-11-17,1.1799999475479126,1.2200000286102295,1.1200000047683716,1.149999976158142,2513000.0
2023-11-20,1.2100000381469729,1.2699999809265137,1.159999966621399,1.1799999475479126,2007900.0
2023-11-21,1.1100000143051147,1.2000000476837158,1.0800000429153442,1.2000000476837158,985000.0
2023-11-22,1.1399999856948853,1.1399999856948853,1.0800000429153442,1.1100000143051147,1022900.0
2023-11-24,1.159999966621399,1.25,1.1299999952316284,1.1399999856948853,960800.0
2023-11-27,1.1299999952316284,1.1799999475479126,1.1200000047683716,1.149999976158142,687300.0
2023-11-28,1.1200000047683716,1.1299999952316284,1.0800000429153442,1.1200000047683716,1186200.0
2023-11-29,1.100000023841858,1.149999976158142,1.0800000429153442,1.100000023841858,738800.0
2023-11-30,1.1200000047683716,1.159999966621399,1.0800000429153442,1.100000023841858,975700.0
2023-12-01,1.190000057220459,1.2000000476837158,1.100000023841858,1.1399999856948853,1121800.0
2023-12-04,1.2200000286102295,1.25,1.190000057220459,1.2000000476837158,1014600.0
2023-12-05,1.2200000286102295,1.2799999713897705,1.2100000381469729,1.25,879800.0
2023-12-06,1.149999976158142,1.2699999809265137,1.1299999952316284,1.2200000286102295,2105700.0
2023-12-07,1.1699999570846558,1.1799999475479126,1.1399999856948853,1.149999976158142,593600.0
2023-12-08,1.1799999475479126,1.2100000381469729,1.1399999856948853,1.149999976158142,833000.0
2023-12-11,1.159999966621399,1.1799999475479126,1.1200000047683716,1.1799999475479126,654900.0
2023-12-12,1.1299999952316284,1.159999966621399,1.1200000047683716,1.159999966621399,744800.0
2023-12-13,1.2200000286102295,1.2300000190734863,1.1100000143051147,1.1399999856948853,1614000.0
2023-12-14,1.2599999904632568,1.2699999809265137,1.2100000381469729,1.2200000286102295,1359100.0
2023-12-15,1.2200000286102295,1.2799999713897705,1.2200000286102295,1.2699999809265137,1496600.0
2023-12-18,1.149999976158142,1.2300000190734863,1.1399999856948853,1.2000000476837158,925400.0
2023-12-19,1.1699999570846558,1.2000000476837158,1.149999976158142,1.149999976158142,1419100.0
2023-12-20,1.100000023841858,1.1799999475479126,1.090000033378601,1.159999966621399,1567800.0
2023-12-21,1.1299999952316284,1.159999966621399,1.1200000047683716,1.1200000047683716,966100.0
2023-12-22,1.2599999904632568,1.2799999713897705,1.1100000143051147,1.1299999952316284,1647500.0
2023-12-26,1.350000023841858,1.3799999952316284,1.2400000095367432,1.2400000095367432,1492400.0
2023-12-27,1.399999976158142,1.4199999570846558,1.3300000429153442,1.3600000143051147,1349600.0
2023-12-28,1.409999966621399,1.4500000476837158,1.3700000047683716,1.399999976158142,950700.0
2023-12-29,1.340000033378601,1.4299999475479126,1.2999999523162842,1.399999976158142,1406300.0
2024-01-02,1.409999966621399,1.5399999618530271,1.309999942779541,1.350000023841858,2438500.0
2024-01-03,1.2999999523162842,1.409999966621399,1.2899999618530271,1.409999966621399,987600.0
2024-01-04,1.309999942779541,1.340000033378601,1.2699999809265137,1.2899999618530271,858700.0
2024-01-05,1.2899999618530271,1.340000033378601,1.2300000190734863,1.309999942779541,759200.0
2024-01-08,1.399999976158142,1.4299999475479126,1.2599999904632568,1.2999999523162842,1787400.0
2024-01-09,1.399999976158142,1.4700000286102295,1.340000033378601,1.399999976158142,1717800.0
2024-01-10,1.350000023841858,1.440000057220459,1.3200000524520874,1.409999966621399,1186700.0
2024-01-11,1.3799999952316284,1.3899999856948853,1.2899999618530271,1.350000023841858,1352300.0
2024-01-12,1.3700000047683716,1.4900000095367432,1.3600000143051147,1.3799999952316284,1706900.0
2024-01-16,1.309999942779541,1.409999966621399,1.25,1.409999966621399,1416300.0
2024-01-17,1.2999999523162842,1.3200000524520874,1.25,1.2899999618530271,904400.0
2024-01-18,1.2100000381469729,1.3200000524520874,1.2000000476837158,1.2999999523162842,1111000.0
2024-01-19,1.2799999713897705,1.2799999713897705,1.190000057220459,1.2200000286102295,875300.0
2024-01-22,1.340000033378601,1.3700000047683716,1.2899999618530271,1.2899999618530271,1017000.0
2024-01-23,1.409999966621399,1.4299999475479126,1.340000033378601,1.3799999952316284,1656900.0
2024-01-24,1.3899999856948853,1.440000057220459,1.3700000047683716,1.440000057220459,936000.0
2024-01-25,1.4199999570846558,1.440000057220459,1.3899999856948853,1.4199999570846558,746100.0
2024-01-26,1.3799999952316284,1.4500000476837158,1.3600000143051147,1.440000057220459,1050200.0
2024-01-29,1.4800000190734863,1.4800000190734863,1.350000023841858,1.409999966621399,1217600.0
2024-01-30,1.3899999856948853,1.4600000381469729,1.3600000143051147,1.4600000381469729,1227100.0
2024-01-31,1.3799999952316284,1.4500000476837158,1.3700000047683716,1.399999976158142,1270500.0
2024-02-01,1.399999976158142,1.4199999570846558,1.3600000143051147,1.3799999952316284,661700.0
2024-02-02,1.3899999856948853,1.409999966621399,1.3700000047683716,1.399999976158142,678400.0
2024-02-05,1.3799999952316284,1.4199999570846558,1.3600000143051147,1.3799999952316284,513000.0
2024-02-06,1.4299999475479126,1.4500000476837158,1.3700000047683716,1.3799999952316284,564900.0
2024-02-07,1.3799999952316284,1.4199999570846558,1.3700000047683716,1.409999966621399,878600.0
2024-02-08,1.3899999856948853,1.409999966621399,1.3600000143051147,1.3600000143051147,572500.0
2024-02-09,1.399999976158142,1.4199999570846558,1.3700000047683716,1.3700000047683716,650200.0
2024-02-12,1.4299999475479126,1.4500000476837158,1.3700000047683716,1.399999976158142,955200.0
2024-02-13,1.309999942779541,1.409999966621399,1.2999999523162842,1.399999976158142,2347100.0
2024-02-14,1.399999976158142,1.409999966621399,1.3200000524520874,1.340000033378601,1319900.0
2024-02-15,1.4299999475479126,1.440000057220459,1.3700000047683716,1.4199999570846558,996500.0
2024-02-16,1.4199999570846558,1.4500000476837158,1.409999966621399,1.4199999570846558,926800.0
2024-02-20,1.4199999570846558,1.5,1.399999976158142,1.399999976158142,1098100.0
2024-02-21,1.4199999570846558,1.4600000381469729,1.409999966621399,1.4199999570846558,627300.0
2024-02-22,1.440000057220459,1.4700000286102295,1.4199999570846558,1.4199999570846558,1140000.0
2024-02-23,1.4600000381469729,1.4800000190734863,1.409999966621399,1.4199999570846558,1038800.0
2024-02-26,1.5299999713897705,1.659999966621399,1.4500000476837158,1.4700000286102295,2244200.0
2024-02-27,1.6200000047683716,1.7000000476837158,1.4900000095367432,1.5499999523162842,2010300.0
2024-02-28,1.5199999809265137,1.6299999952316284,1.4600000381469729,1.600000023841858,1667000.0
2024-02-29,1.5399999618530271,1.6100000143051147,1.5399999618530271,1.5499999523162842,1287000.0
2024-03-01,1.690000057220459,1.7000000476837158,1.5399999618530271,1.5800000429153442,1287400.0
2024-03-04,1.6299999952316284,1.7100000381469729,1.600000023841858,1.690000057220459,1087100.0
2024-03-05,1.6100000143051147,1.6699999570846558,1.5800000429153442,1.6100000143051147,808700.0
2024-03-06,1.6799999475479126,1.7000000476837158,1.6100000143051147,1.6299999952316284,901900.0
2024-03-07,1.6699999570846558,1.7400000095367432,1.649999976158142,1.659999966621399,997500.0
2024-03-08,1.75,1.7799999713897705,1.690000057220459,1.7200000286102295,1269400.0
2024-03-11,1.559999942779541,1.7899999618530271,1.5499999523162842,1.7699999809265137,1284300.0
2024-03-12,1.5099999904632568,1.5800000429153442,1.4900000095367432,1.5800000429153442,709300.0
2024-03-13,1.5199999809265137,1.5700000524520874,1.4800000190734863,1.5099999904632568,695900.0
2024-03-14,1.4299999475479126,1.5499999523162842,1.409999966621399,1.5399999618530271,1019500.0
2024-03-15,1.4299999475479126,1.5299999713897705,1.409999966621399,1.409999966621399,1581600.0
2024-03-18,1.3899999856948853,1.4600000381469729,1.3899999856948853,1.440000057220459,797900.0
2024-03-19,1.440000057220459,1.4800000190734863,1.3899999856948853,1.3899999856948853,1124100.0
2024-03-20,1.440000057220459,1.4700000286102295,1.350000023841858,1.409999966621399,1974300.0
2024-03-21,1.5299999713897705,1.600000023841858,1.4600000381469729,1.4800000190734863,1539100.0
2024-03-22,1.399999976158142,1.4600000381469729,1.3700000047683716,1.440000057220459,1481800.0
2024-03-25,1.409999966621399,1.4199999570846558,1.3899999856948853,1.399999976158142,566700.0
2024-03-26,1.399999976158142,1.4299999475479126,1.3899999856948853,1.4199999570846558,1131100.0
2024-03-27,1.4500000476837158,1.4500000476837158,1.3899999856948853,1.409999966621399,467200.0
2024-03-28,1.4500000476837158,1.4700000286102295,1.4199999570846558,1.4299999475479126,691900.0
2024-04-01,1.4299999475479126,1.4900000095367432,1.4199999570846558,1.4700000286102295,520500.0
2024-04-02,1.3899999856948853,1.4299999475479126,1.3600000143051147,1.4299999475479126,823200.0
2024-04-03,1.399999976158142,1.409999966621399,1.350000023841858,1.3799999952316284,635000.0
2024-04-04,1.3600000143051147,1.4199999570846558,1.3600000143051147,1.409999966621399,618800.0
2024-04-05,1.399999976158142,1.4299999475479126,1.350000023841858,1.3899999856948853,515300.0
2024-04-08,1.409999966621399,1.4600000381469729,1.399999976158142,1.399999976158142,649100.0
2024-04-09,1.409999966621399,1.4600000381469729,1.399999976158142,1.409999966621399,312800.0
2024-04-10,1.409999966621399,1.409999966621399,1.3300000429153442,1.350000023841858,1254300.0
2024-04-11,1.4500000476837158,1.4800000190734863,1.4199999570846558,1.440000057220459,695000.0
2024-04-12,1.4199999570846558,1.440000057220459,1.3799999952316284,1.4299999475479126,932000.0
2024-04-15,1.399999976158142,1.4199999570846558,1.3700000047683716,1.399999976158142,1223200.0
2024-04-16,1.3600000143051147,1.4199999570846558,1.3300000429153442,1.409999966621399,847800.0
2024-04-17,1.309999942779541,1.409999966621399,1.2999999523162842,1.3899999856948853,811200.0
2024-04-18,1.3200000524520874,1.3600000143051147,1.2799999713897705,1.2999999523162842,1120000.0
2024-04-19,1.3300000429153442,1.340000033378601,1.2799999713897705,1.2999999523162842,1013400.0
2024-04-22,1.3799999952316284,1.3899999856948853,1.3200000524520874,1.3200000524520874,890500.0
2024-04-23,1.399999976158142,1.4500000476837158,1.3899999856948853,1.399999976158142,507000.0
2024-04-24,1.4199999570846558,1.4299999475479126,1.3899999856948853,1.399999976158142,569000.0
2024-04-25,1.399999976158142,1.409999966621399,1.3700000047683716,1.399999976158142,611800.0
2024-04-26,1.409999966621399,1.440000057220459,1.3899999856948853,1.399999976158142,413600.0
2024-04-29,1.399999976158142,1.4600000381469729,1.399999976158142,1.409999966621399,381200.0
2024-04-30,1.3200000524520874,1.409999966621399,1.309999942779541,1.3899999856948853,496500.0
2024-05-01,1.399999976158142,1.4600000381469729,1.309999942779541,1.340000033378601,683600.0
2024-05-02,1.399999976158142,1.440000057220459,1.3300000429153442,1.4299999475479126,753700.0
2024-05-03,1.4199999570846558,1.4900000095367432,1.3899999856948853,1.4500000476837158,600000.0
2024-05-06,1.440000057220459,1.4500000476837158,1.399999976158142,1.4299999475479126,595700.0
2024-05-07,1.3799999952316284,1.4199999570846558,1.3600000143051147,1.4199999570846558,908900.0
2024-05-08,1.3300000429153442,1.3799999952316284,1.2999999523162842,1.3600000143051147,790100.0
2024-05-09,1.2899999618530271,1.350000023841858,1.2699999809265137,1.309999942779541,746400.0
2024-05-10,1.2699999809265137,1.309999942779541,1.2000000476837158,1.2899999618530271,1123800.0
2024-05-13,1.350000023841858,1.3700000047683716,1.2699999809265137,1.2699999809265137,1416200.0
2024-05-14,1.3700000047683716,1.3899999856948853,1.2999999523162842,1.3200000524520874,564000.0
2024-05-15,1.440000057220459,1.4700000286102295,1.3799999952316284,1.3799999952316284,714700.0
2024-05-16,1.399999976158142,1.4900000095367432,1.3899999856948853,1.440000057220459,762400.0
2024-05-17,1.3799999952316284,1.4600000381469729,1.3700000047683716,1.4299999475479126,536300.0
2024-05-20,1.3899999856948853,1.4500000476837158,1.3600000143051147,1.3700000047683716,399600.0
2024-05-21,1.3899999856948853,1.4199999570846558,1.3600000143051147,1.3799999952316284,478900.0
2024-05-22,1.3799999952316284,1.440000057220459,1.3799999952316284,1.3899999856948853,501400.0
2024-05-23,1.340000033378601,1.409999966621399,1.3300000429153442,1.399999976158142,751700.0
2024-05-24,1.3600000143051147,1.3700000047683716,1.340000033378601,1.3600000143051147,422800.0
2024-05-28,1.3700000047683716,1.409999966621399,1.3600000143051147,1.3700000047683716,459500.0
2024-05-29,1.2999999523162842,1.3600000143051147,1.2999999523162842,1.340000033378601,581100.0
2024-05-30,1.3300000429153442,1.3600000143051147,1.2999999523162842,1.309999942779541,465300.0
2024-05-31,1.399999976158142,1.4299999475479126,1.350000023841858,1.350000023841858,650800.0
2024-06-03,1.559999942779541,1.7599999904632568,1.440000057220459,1.4500000476837158,4706100.0
2024-06-04,1.649999976158142,1.659999966621399,1.5399999618530271,1.5700000524520874,2311900.0
2024-06-05,1.75,1.75,1.600000023841858,1.649999976158142,1669000.0
2024-06-06,1.7100000381469729,1.830000042915344,1.6799999475479126,1.7599999904632568,1455000.0
2024-06-07,1.6200000047683716,1.690000057220459,1.590000033378601,1.6699999570846558,943900.0
2024-06-10,1.7000000476837158,1.7000000476837158,1.6200000047683716,1.6299999952316284,758700.0
2024-06-11,1.6399999856948853,1.7200000286102295,1.6200000047683716,1.6699999570846558,611500.0
2024-06-12,1.6699999570846558,1.7300000190734863,1.6299999952316284,1.6299999952316284,637500.0
2024-06-13,1.7000000476837158,1.7400000095367432,1.6299999952316284,1.6699999570846558,661200.0
2024-06-14,1.6299999952316284,1.7000000476837158,1.6100000143051147,1.659999966621399,601200.0
2024-06-17,1.6299999952316284,1.6699999570846558,1.600000023841858,1.6200000047683716,612300.0
2024-06-18,1.5700000524520874,1.649999976158142,1.5700000524520874,1.6100000143051147,701400.0
2024-06-20,1.5299999713897705,1.5800000429153442,1.5199999809265137,1.5700000524520874,555600.0
2024-06-21,1.5399999618530271,1.590000033378601,1.5399999618530271,1.5499999523162842,790100.0
2024-06-24,1.6100000143051147,1.6200000047683716,1.5399999618530271,1.5499999523162842,655100.0
2024-06-25,1.6699999570846558,1.6699999570846558,1.600000023841858,1.6299999952316284,685400.0
2024-06-26,1.5499999523162842,1.6699999570846558,1.5399999618530271,1.649999976158142,755500.0
2024-06-27,1.5099999904632568,1.5700000524520874,1.5,1.559999942779541,690400.0
2024-06-28,1.5800000429153442,1.6200000047683716,1.4700000286102295,1.5,1842500.0
2024-07-01,1.5499999523162842,1.5700000524520874,1.5299999713897705,1.559999942779541,576600.0
2024-07-02,1.4900000095367432,1.5399999618530271,1.440000057220459,1.5399999618530271,805800.0
2024-07-03,1.4700000286102295,1.5299999713897705,1.4600000381469729,1.5099999904632568,382100.0
2024-07-05,1.4199999570846558,1.4900000095367432,1.399999976158142,1.4800000190734863,497800.0
2024-07-08,1.5499999523162842,1.5800000429153442,1.4600000381469729,1.4600000381469729,750400.0
2024-07-09,1.5499999523162842,1.559999942779541,1.5299999713897705,1.5399999618530271,329300.0
2024-07-10,1.5399999618530271,1.5800000429153442,1.5199999809265137,1.5499999523162842,422800.0
2024-07-11,1.6399999856948853,1.649999976158142,1.5499999523162842,1.5499999523162842,1409000.0
2024-07-12,1.6100000143051147,1.6699999570846558,1.590000033378601,1.649999976158142,1162500.0
2024-07-15,1.649999976158142,1.6699999570846558,1.5800000429153442,1.6299999952316284,1179600.0
2024-07-16,1.8799999952316284,1.9299999475479128,1.659999966621399,1.6699999570846558,2525300.0
2024-07-17,1.7300000190734863,1.850000023841858,1.7000000476837158,1.820000052452088,1150700.0
2024-07-18,1.659999966621399,1.7599999904632568,1.649999976158142,1.75,838400.0
2024-07-19,1.590000033378601,1.6799999475479126,1.5700000524520874,1.6699999570846558,872800.0
2024-07-22,1.6100000143051147,1.659999966621399,1.5499999523162842,1.600000023841858,717200.0
2024-07-23,1.649999976158142,1.659999966621399,1.600000023841858,1.6100000143051147,529100.0
2024-07-24,1.6399999856948853,1.7200000286102295,1.6100000143051147,1.659999966621399,854800.0
2024-07-25,1.659999966621399,1.690000057220459,1.6200000047683716,1.659999966621399,549300.0
2024-07-26,1.6799999475479126,1.7100000381469729,1.6399999856948853,1.7000000476837158,568700.0
2024-07-29,1.6200000047683716,1.7000000476837158,1.6100000143051147,1.6699999570846558,607000.0
2024-07-30,1.5199999809265137,1.649999976158142,1.5,1.6399999856948853,1050400.0
2024-07-31,1.5199999809265137,1.600000023841858,1.4900000095367432,1.5499999523162842,795500.0
2024-08-01,1.4299999475479126,1.5199999809265137,1.4299999475479126,1.5199999809265137,798800.0
2024-08-02,1.3799999952316284,1.4600000381469729,1.3600000143051147,1.3899999856948853,1278100.0
2024-08-05,1.309999942779541,1.3700000047683716,1.2999999523162842,1.309999942779541,872000.0
2024-08-06,1.350000023841858,1.4199999570846558,1.3200000524520874,1.350000023841858,827300.0
2024-08-07,1.1799999475479126,1.3300000429153442,1.0700000524520874,1.2999999523162842,3917000.0
2024-08-08,1.2699999809265137,1.340000033378601,0.8999999761581421,0.949999988079071,8579500.0
2024-08-09,1.100000023841858,1.25,1.059999942779541,1.25,1172100.0
2024-08-12,1.0700000524520874,1.1200000047683716,1.0499999523162842,1.100000023841858,671200.0
2024-08-13,1.090000033378601,1.090000033378601,1.0499999523162842,1.0800000429153442,671600.0
2024-08-14,1.1200000047683716,1.25,1.1100000143051147,1.2000000476837158,1435200.0
2024-08-15,1.0700000524520874,1.2000000476837158,1.0700000524520874,1.100000023841858,1213500.0
2024-08-16,1.090000033378601,1.1100000143051147,1.0700000524520874,1.0800000429153442,681300.0
2024-08-19,1.149999976158142,1.1699999570846558,1.090000033378601,1.100000023841858,851900.0
2024-08-20,1.1299999952316284,1.1799999475479126,1.1200000047683716,1.159999966621399,693000.0
2024-08-21,1.190000057220459,1.2000000476837158,1.1299999952316284,1.1299999952316284,721200.0
2024-08-22,1.1200000047683716,1.2100000381469729,1.1200000047683716,1.2000000476837158,465000.0
2024-08-23,1.159999966621399,1.190000057220459,1.1200000047683716,1.1200000047683716,467100.0
2024-08-26,1.149999976158142,1.190000057220459,1.1399999856948853,1.1799999475479126,907900.0
2024-08-27,1.149999976158142,1.159999966621399,1.1100000143051147,1.1399999856948853,456700.0
2024-08-28,1.1299999952316284,1.159999966621399,1.1100000143051147,1.1399999856948853,625800.0
2024-08-29,1.1100000143051147,1.1799999475479126,1.1100000143051147,1.149999976158142,371200.0
2024-08-30,1.100000023841858,1.1399999856948853,1.0700000524520874,1.1200000047683716,558300.0
2024-09-03,1.059999942779541,1.1100000143051147,1.0499999523162842,1.0800000429153442,1217900.0
2024-09-04,0.9700000286102296,1.059999942779541,0.949999988079071,1.059999942779541,1453200.0
2024-09-05,0.959999978542328,1.0,0.959999978542328,1.0,1939400.0
2024-09-06,0.9399999976158142,1.0,0.9300000071525574,0.949999988079071,705800.0
2024-09-09,0.9700000286102296,1.0099999904632568,0.949999988079071,0.959999978542328,1006900.0
2024-09-10,0.9800000190734864,1.0,0.949999988079071,0.9800000190734864,413400.0
2024-09-11,0.9700000286102296,1.0,0.949999988079071,0.9700000286102296,533300.0
2024-09-12,0.9900000095367432,1.0099999904632568,0.9700000286102296,0.9900000095367432,707800.0
2024-09-13,1.0499999523162842,1.0499999523162842,0.9900000095367432,1.0299999713897705,664100.0
2024-09-16,1.0,1.059999942779541,0.9900000095367432,1.0399999618530271,509000.0
2024-09-17,1.0,1.0199999809265137,0.9800000190734864,1.0,620200.0
2024-09-18,1.0399999618530271,1.090000033378601,1.0,1.0,733500.0
2024-09-19,1.0700000524520874,1.100000023841858,1.0399999618530271,1.090000033378601,669600.0
2024-09-20,1.0,1.0499999523162842,0.9900000095367432,1.0499999523162842,1620900.0
2024-09-23,0.959999978542328,1.0,0.9399999976158142,0.9900000095367432,1150600.0
2024-09-24,0.9700000286102296,0.9800000190734864,0.949999988079071,0.959999978542328,725000.0
2024-09-25,0.9200000166893004,0.959999978542328,0.9100000262260436,0.949999988079071,886800.0
2024-09-26,0.9100000262260436,0.9399999976158142,0.9100000262260436,0.9399999976158142,731500.0
2024-09-27,0.949999988079071,0.959999978542328,0.9100000262260436,0.9300000071525574,625000.0
2024-09-30,0.949999988079071,0.959999978542328,0.9200000166893004,0.959999978542328,675300.0
2024-10-01,0.949999988079071,0.9800000190734864,0.9300000071525574,0.949999988079071,865900.0
2024-10-02,0.9700000286102296,0.9800000190734864,0.9300000071525574,0.949999988079071,1114700.0
2024-10-03,0.9200000166893004,0.949999988079071,0.9200000166893004,0.9399999976158142,349800.0
2024-10-04,0.8999999761581421,0.9399999976158142,0.8999999761581421,0.9200000166893004,634000.0
2024-10-07,0.8500000238418579,0.8999999761581421,0.8500000238418579,0.8999999761581421,1012200.0
2024-10-08,0.8600000143051147,0.8700000047683716,0.8299999833106995,0.8500000238418579,760500.0
2024-10-09,0.8500000238418579,0.8799999952316284,0.8399999737739563,0.8799999952316284,451200.0
2024-10-10,0.8299999833106995,0.8600000143051147,0.8199999928474426,0.8399999737739563,934000.0
2024-10-11,0.8999999761581421,0.8999999761581421,0.8199999928474426,0.8500000238418579,529600.0
2024-10-14,0.8999999761581421,0.9200000166893004,0.8799999952316284,0.8899999856948853,463200.0
2024-10-15,0.8700000047683716,0.8999999761581421,0.8600000143051147,0.8899999856948853,469800.0
2024-10-16,0.9100000262260436,0.9200000166893004,0.8700000047683716,0.8799999952316284,651800.0
2024-10-17,0.9100000262260436,0.9200000166893004,0.8799999952316284,0.8899999856948853,527800.0
2024-10-18,0.949999988079071,0.9700000286102296,0.8999999761581421,0.9200000166893004,750600.0
2024-10-21,0.9300000071525574,0.949999988079071,0.8899999856948853,0.949999988079071,532100.0
2024-10-22,0.9399999976158142,0.949999988079071,0.9100000262260436,0.9300000071525574,364200.0
2024-10-23,0.9399999976158142,0.949999988079071,0.9200000166893004,0.9300000071525574,331200.0
2024-10-24,0.8999999761581421,0.949999988079071,0.8899999856948853,0.9399999976158142,387000.0
2024-10-25,0.8500000238418579,0.9200000166893004,0.8500000238418579,0.8999999761581421,664300.0
2024-10-28,0.8399999737739563,0.8999999761581421,0.8399999737739563,0.8600000143051147,507800.0
2024-10-29,0.8399999737739563,0.8700000047683716,0.8299999833106995,0.8500000238418579,921600.0
2024-10-30,0.8199999928474426,0.8500000238418579,0.8199999928474426,0.8500000238418579,535600.0
2024-10-31,0.7900000214576721,0.8399999737739563,0.7900000214576721,0.8399999737739563,864700.0
2024-11-01,0.8199999928474426,0.8199999928474426,0.7900000214576721,0.800000011920929,685000.0
2024-11-04,0.8100000023841858,0.8399999737739563,0.800000011920929,0.8100000023841858,673500.0
2024-11-05,0.8199999928474426,0.8399999737739563,0.800000011920929,0.800000011920929,707600.0
2024-11-06,0.8999999761581421,0.9200000166893004,0.8399999737739563,0.8500000238418579,1110300.0
2024-11-07,0.949999988079071,1.0,0.8899999856948853,0.9200000166893004,1652600.0
2024-11-08,0.9800000190734864,0.9800000190734864,0.9300000071525574,0.9399999976158142,521800.0
2024-11-11,1.0,1.0499999523162842,0.9700000286102296,0.9700000286102296,1161100.0
2024-11-12,0.949999988079071,1.0,0.9399999976158142,1.0,1222600.0
2024-11-13,0.9200000166893004,0.9700000286102296,0.9100000262260436,0.9399999976158142,645300.0
2024-11-14,0.8799999952316284,0.9300000071525574,0.8700000047683716,0.8999999761581421,584500.0
2024-11-15,0.8199999928474426,0.9300000071525574,0.7799999713897705,0.9200000166893004,1777600.0
2024-11-18,0.7900000214576721,0.8500000238418579,0.7900000214576721,0.8399999737739563,1087500.0
2024-11-19,0.800000011920929,0.8100000023841858,0.7699999809265137,0.7900000214576721,645000.0
2024-11-20,0.8399999737739563,0.8399999737739563,0.800000011920929,0.800000011920929,654300.0
2024-11-21,0.8999999761581421,0.9300000071525574,0.8299999833106995,0.8399999737739563,795800.0
2024-11-22,0.8999999761581421,0.9700000286102296,0.8899999856948853,0.9200000166893004,847000.0
2024-11-25,0.9300000071525574,0.959999978542328,0.8999999761581421,0.8999999761581421,1036500.0
2024-11-26,0.8600000143051147,0.949999988079071,0.8399999737739563,0.949999988079071,1092100.0
2024-11-27,0.9100000262260436,0.9399999976158142,0.8700000047683716,0.8799999952316284,1333000.0
2024-11-29,0.9300000071525574,0.9399999976158142,0.8799999952316284,0.9100000262260436,382900.0
2024-12-02,0.9100000262260436,0.9399999976158142,0.8799999952316284,0.9399999976158142,546800.0
2024-12-03,0.8600000143051147,0.9200000166893004,0.8500000238418579,0.8899999856948853,771000.0
2024-12-04,0.800000011920929,0.8799999952316284,0.800000011920929,0.8700000047683716,1340300.0
2024-12-05,0.7699999809265137,0.8199999928474426,0.7599999904632568,0.8100000023841858,1190000.0
2024-12-06,0.7799999713897705,0.800000011920929,0.7699999809265137,0.7699999809265137,803400.0
2024-12-09,0.800000011920929,0.8299999833106995,0.7900000214576721,0.7900000214576721,792700.0
2024-12-10,0.7799999713897705,0.8199999928474426,0.7799999713897705,0.8100000023841858,633300.0
2024-12-11,0.75,0.800000011920929,0.75,0.7900000214576721,1051200.0
2024-12-12,0.7099999785423279,0.75,0.7099999785423279,0.75,1134500.0
2024-12-13,0.6800000071525574,0.7400000095367432,0.6700000166893005,0.7099999785423279,1734000.0
2024-12-16,0.6700000166893005,0.7200000286102295,0.6499999761581421,0.6700000166893005,1160800.0
2024-12-17,0.6899999976158142,0.699999988079071,0.6499999761581421,0.6600000262260437,1142600.0
2024-12-18,0.7099999785423279,0.7799999713897705,0.6700000166893005,0.6800000071525574,2412800.0
2024-12-19,0.7300000190734863,0.7699999809265137,0.7200000286102295,0.7300000190734863,1478100.0
2024-12-20,0.7599999904632568,0.7699999809265137,0.7099999785423279,0.7300000190734863,1834900.0
2024-12-23,0.75,0.7900000214576721,0.7400000095367432,0.75,962100.0
2024-12-24,0.7900000214576721,0.7900000214576721,0.75,0.7599999904632568,344200.0
2024-12-26,0.7400000095367432,0.7900000214576721,0.7400000095367432,0.7799999713897705,895800.0
2024-12-27,0.7300000190734863,0.7599999904632568,0.6899999976158142,0.7200000286102295,3246000.0
2024-12-30,0.9300000071525574,0.9800000190734864,0.7599999904632568,0.800000011920929,5617200.0
2024-12-31,1.1200000047683716,1.2000000476837158,0.8999999761581421,0.9300000071525574,5241700.0
2025-01-02,1.0800000429153442,1.3300000429153442,1.059999942779541,1.2000000476837158,6284000.0
2025-01-03,1.2000000476837158,1.2200000286102295,1.0299999713897705,1.0800000429153442,2328300.0
2025-01-06,1.2699999809265137,1.440000057220459,1.1699999570846558,1.2599999904632568,4639900.0
2025-01-07,1.3200000524520874,1.4600000381469729,1.2699999809265137,1.3300000429153442,3093400.0
2025-01-08,1.1799999475479126,1.3200000524520874,1.159999966621399,1.2999999523162842,1701500.0
2025-01-10,1.1799999475479126,1.2100000381469729,1.100000023841858,1.1699999570846558,907100.0
2025-01-13,1.0700000524520874,1.159999966621399,1.0499999523162842,1.149999976158142,1391700.0
2025-01-14,1.090000033378601,1.1100000143051147,1.059999942779541,1.100000023841858,702200.0
2025-01-15,1.1299999952316284,1.1399999856948853,1.0700000524520874,1.1100000143051147,1088500.0
2025-01-16,1.1100000143051147,1.149999976158142,1.0800000429153442,1.1200000047683716,1700000.0
2025-01-17,1.1100000143051147,1.159999966621399,1.0800000429153442,1.1299999952316284,1154100.0
2025-01-21,1.1799999475479126,1.2300000190734863,1.1100000143051147,1.1299999952316284,1623500.0
2025-01-22,1.1299999952316284,1.190000057220459,1.1100000143051147,1.159999966621399,1123000.0
2025-01-23,1.340000033378601,1.4500000476837158,1.1699999570846558,1.1799999475479126,4700000.0
2025-01-24,1.3899999856948853,1.440000057220459,1.2599999904632568,1.3300000429153442,1986700.0
2025-01-27,1.2999999523162842,1.4299999475479126,1.2599999904632568,1.3600000143051147,1589000.0
2025-01-28,1.2699999809265137,1.3300000429153442,1.2400000095367432,1.25,928100.0
2025-01-29,1.2999999523162842,1.340000033378601,1.2400000095367432,1.2699999809265137,1134300.0
2025-01-30,1.3600000143051147,1.3700000047683716,1.25,1.2999999523162842,1109300.0
2025-01-31,1.350000023841858,1.4199999570846558,1.3300000429153442,1.3600000143051147,1676900.0
2025-02-03,1.2999999523162842,1.3200000524520874,1.25,1.2699999809265137,1535900.0
2025-02-04,1.3300000429153442,1.3600000143051147,1.2899999618530271,1.2899999618530271,933900.0
2025-02-05,1.4900000095367432,1.5099999904632568,1.309999942779541,1.340000033378601,2058500.0
2025-02-06,1.600000023841858,1.6200000047683716,1.4700000286102295,1.5099999904632568,3319100.0
2025-02-07,1.7000000476837158,1.840000033378601,1.5299999713897705,1.6200000047683716,5262800.0
2025-02-10,1.7799999713897705,1.830000042915344,1.649999976158142,1.7000000476837158,2047100.0
2025-02-11,1.7000000476837158,1.7999999523162842,1.6299999952316284,1.7699999809265137,1856600.0
2025-02-12,1.909999966621399,1.9700000286102293,1.7000000476837158,1.7000000476837158,3736200.0
2025-02-13,1.9800000190734863,2.039999961853028,1.850000023841858,1.899999976158142,2339500.0
2025-02-14,1.9600000381469729,2.0999999046325684,1.940000057220459,2.0199999809265137,2416200.0
2025-02-18,2.0199999809265137,2.1700000762939453,1.9600000381469729,2.0,2194300.0
2025-02-19,2.0299999713897705,2.109999895095825,1.9600000381469729,2.0199999809265137,1629500.0
2025-02-20,1.9700000286102293,2.059999942779541,1.899999976158142,2.0199999809265137,1675300.0
2025-02-21,1.909999966621399,2.049999952316284,1.870000004768372,2.0,1133100.0
2025-02-24,1.75,1.9299999475479128,1.7400000095367432,1.919999957084656,2137100.0
2025-02-25,1.7300000190734863,2.130000114440918,1.6799999475479126,2.0,5365800.0
2025-02-26,1.809999942779541,1.9299999475479128,1.7200000286102295,1.7300000190734863,2372400.0
2025-02-27,1.75,1.9800000190734863,1.7300000190734863,1.7899999618530271,1809200.0
2025-02-28,1.7300000190734863,1.7899999618530271,1.659999966621399,1.7599999904632568,2529100.0
2025-03-03,1.6699999570846558,1.7899999618530271,1.6100000143051147,1.7200000286102295,1812300.0
2025-03-04,1.7799999713897705,1.7999999523162842,1.5700000524520874,1.6100000143051147,1462200.0
2025-03-05,1.9299999475479128,1.940000057220459,1.7599999904632568,1.7699999809265137,1482800.0
2025-03-06,1.870000004768372,1.950000047683716,1.8600000143051147,1.899999976158142,1311200.0
2025-03-07,1.8600000143051147,1.8899999856948853,1.809999942779541,1.8799999952316284,1126200.0
2025-03-10,1.7699999809265137,1.8799999952316284,1.7300000190734863,1.8600000143051147,941500.0
2025-03-11,1.7400000095367432,1.7899999618530271,1.659999966621399,1.75,1642500.0
2025-03-12,1.7799999713897705,1.7999999523162842,1.690000057220459,1.75,883600.0
2025-03-13,1.7400000095367432,1.830000042915344,1.7000000476837158,1.7999999523162842,834700.0
2025-03-14,1.7999999523162842,1.809999942779541,1.7200000286102295,1.75,1137800.0
2025-03-17,1.7799999713897705,1.809999942779541,1.6799999475479126,1.7999999523162842,1502700.0
2025-03-18,1.6699999570846558,1.7799999713897705,1.649999976158142,1.7799999713897705,1043300.0
2025-03-19,1.7899999618530271,1.7899999618530271,1.6299999952316284,1.690000057220459,1388200.0
2025-03-20,1.7999999523162842,1.830000042915344,1.7000000476837158,1.7799999713897705,1291000.0
2025-03-21,1.809999942779541,1.9600000381469729,1.7799999713897705,1.7999999523162842,2347000.0
2025-03-24,1.820000052452088,1.870000004768372,1.7699999809265137,1.870000004768372,1022500.0
2025-03-25,1.7100000381469729,1.830000042915344,1.6699999570846558,1.830000042915344,1735000.0
2025-03-26,1.6100000143051147,1.7100000381469729,1.5800000429153442,1.7100000381469729,1234100.0
2025-03-27,1.6399999856948853,1.6399999856948853,1.5499999523162842,1.590000033378601,1442300.0
2025-03-28,1.590000033378601,1.6399999856948853,1.5700000524520874,1.6399999856948853,827700.0
2025-03-31,1.4900000095367432,1.5499999523162842,1.409999966621399,1.5499999523162842,1872500.0
2025-04-01,1.440000057220459,1.5,1.3899999856948853,1.4500000476837158,1073200.0
2025-04-02,1.4800000190734863,1.5099999904632568,1.3799999952316284,1.440000057220459,1037100.0
2025-04-03,1.340000033378601,1.4299999475479126,1.3300000429153442,1.399999976158142,1386800.0
2025-04-04,1.2400000095367432,1.3300000429153442,1.2100000381469729,1.309999942779541,2309500.0
2025-04-07,1.3300000429153442,1.350000023841858,1.1100000143051147,1.1699999570846558,2210500.0
2025-04-08,1.1699999570846558,1.399999976158142,1.1399999856948853,1.3799999952316284,1669200.0
2025-04-09,1.3899999856948853,1.4299999475479126,1.1200000047683716,1.1299999952316284,2405900.0
2025-04-10,1.2799999713897705,1.350000023841858,1.25,1.309999942779541,1456600.0
2025-04-11,1.399999976158142,1.4199999570846558,1.2699999809265137,1.2699999809265137,842700.0
2025-04-14,1.399999976158142,1.4900000095367432,1.3700000047683716,1.4600000381469729,1851500.0
2025-04-15,1.440000057220459,1.4600000381469729,1.3899999856948853,1.399999976158142,970700.0
2025-04-16,1.3700000047683716,1.4299999475479126,1.350000023841858,1.4299999475479126,889400.0
2025-04-17,1.3899999856948853,1.4299999475479126,1.3300000429153442,1.3600000143051147,1051600.0
2025-04-21,1.3700000047683716,1.4600000381469729,1.3700000047683716,1.3700000047683716,942000.0
2025-04-22,1.5299999713897705,1.5499999523162842,1.3899999856948853,1.3899999856948853,1981300.0
2025-04-23,1.6200000047683716,1.649999976158142,1.559999942779541,1.559999942779541,1427700.0
2025-04-24,1.590000033378601,1.6200000047683716,1.5299999713897705,1.6200000047683716,1112700.0
2025-04-25,1.5,1.590000033378601,1.4800000190734863,1.590000033378601,1233500.0
2025-04-28,1.5499999523162842,1.5800000429153442,1.4900000095367432,1.5,1106900.0
2025-04-29,1.5399999618530271,1.6100000143051147,1.5199999809265137,1.5399999618530271,1331100.0
2025-04-30,1.559999942779541,1.590000033378601,1.4800000190734863,1.4900000095367432,748300.0
2025-05-01,1.5499999523162842,1.600000023841858,1.5199999809265137,1.5800000429153442,708100.0
2025-05-02,1.5700000524520874,1.659999966621399,1.5499999523162842,1.5800000429153442,1156000.0
2025-05-05,1.5199999809265137,1.600000023841858,1.5199999809265137,1.5700000524520874,692000.0
2025-05-06,1.399999976158142,1.5299999713897705,1.3700000047683716,1.5199999809265137,1995800.0
2025-05-07,1.350000023841858,1.440000057220459,1.340000033378601,1.409999966621399,1037900.0
2025-05-08,1.350000023841858,1.399999976158142,1.2300000190734863,1.3300000429153442,2414300.0
2025-05-09,1.3300000429153442,1.4199999570846558,1.3300000429153442,1.350000023841858,858500.0
2025-05-12,1.3700000047683716,1.4800000190734863,1.3600000143051147,1.3899999856948853,2794800.0
2025-05-13,1.350000023841858,1.4299999475479126,1.2999999523162842,1.3700000047683716,1953700.0
2025-05-14,1.2799999713897705,1.3600000143051147,1.2799999713897705,1.350000023841858,2454700.0
2025-05-15,1.309999942779541,1.3600000143051147,1.2599999904632568,1.2699999809265137,3142200.0
2025-05-16,1.4500000476837158,1.5299999713897705,1.309999942779541,1.3200000524520874,2865500.0
2025-05-19,1.3600000143051147,1.4700000286102295,1.2999999523162842,1.4600000381469729,1640900.0
2025-05-20,1.409999966621399,1.409999966621399,1.3300000429153442,1.3600000143051147,1645800.0
2025-05-21,1.3200000524520874,1.3899999856948853,1.2899999618530271,1.3799999952316284,2264400.0
2025-05-22,1.3899999856948853,1.440000057220459,1.2899999618530271,1.3200000524520874,1467300.0
2025-05-23,1.3700000047683716,1.440000057220459,1.350000023841858,1.3799999952316284,1416900.0
2025-05-27,1.409999966621399,1.4700000286102295,1.3799999952316284,1.3799999952316284,1587800.0
2025-05-28,1.3700000047683716,1.4700000286102295,1.350000023841858,1.4500000476837158,1935500.0
2025-05-29,1.3899999856948853,1.4299999475479126,1.3700000047683716,1.399999976158142,1051400.0
2025-05-30,1.3200000524520874,1.3899999856948853,1.2799999713897705,1.3799999952316284,1416000.0
2025-06-02,1.3300000429153442,1.399999976158142,1.3200000524520874,1.3300000429153442,1646300.0
2025-06-03,1.3600000143051147,1.409999966621399,1.2799999713897705,1.3200000524520874,1266400.0
2025-06-04,1.3300000429153442,1.3899999856948853,1.3300000429153442,1.3600000143051147,619200.0
2025-06-05,1.3300000429153442,1.3899999856948853,1.2999999523162842,1.3300000429153442,1221300.0
2025-06-06,1.5,1.5800000429153442,1.350000023841858,1.3700000047683716,3690900.0
2025-06-09,1.5,1.5499999523162842,1.4600000381469729,1.5299999713897705,1600100.0
2025-06-10,1.5399999618530271,1.6100000143051147,1.5099999904632568,1.5099999904632568,2407200.0
2025-06-11,1.5,1.590000033378601,1.5,1.5800000429153442,1227300.0
2025-06-12,1.5199999809265137,1.5499999523162842,1.4800000190734863,1.5,820300.0
2025-06-13,1.5199999809265137,1.5499999523162842,1.4700000286102295,1.4900000095367432,1254000.0
2025-06-16,1.5399999618530271,1.590000033378601,1.5,1.5399999618530271,2039800.0
2025-06-17,1.4199999570846558,1.559999942779541,1.4199999570846558,1.5499999523162842,2339200.0
2025-06-18,1.4900000095367432,1.5399999618530271,1.3799999952316284,1.409999966621399,1519700.0
2025-06-20,1.4500000476837158,1.5,1.409999966621399,1.4900000095367432,2107700.0
2025-06-23,1.4800000190734863,1.5,1.409999966621399,1.4500000476837158,1284000.0
2025-06-24,1.5,1.5499999523162842,1.4800000190734863,1.5,1699700.0
2025-06-25,1.4199999570846558,1.5199999809265137,1.409999966621399,1.5,1712800.0
2025-06-26,1.4299999475479126,1.440000057220459,1.399999976158142,1.4299999475479126,1445500.0
2025-06-27,1.4199999570846558,1.5,1.3899999856948853,1.4299999475479126,5164400.0
2025-06-30,1.4199999570846558,1.4500000476837158,1.399999976158142,1.440000057220459,1228000.0
2025-07-01,1.4500000476837158,1.5,1.399999976158142,1.4199999570846558,2188000.0
2025-07-02,1.6100000143051147,1.7000000476837158,1.4500000476837158,1.4500000476837158,3913700.0
2025-07-03,1.6200000047683716,1.6299999952316284,1.5800000429153442,1.6100000143051147,611400.0
2025-07-07,1.590000033378601,1.6299999952316284,1.559999942779541,1.6100000143051147,1183600.0
2025-07-08,1.7000000476837158,1.7100000381469729,1.600000023841858,1.600000023841858,1745500.0
2025-07-09,1.899999976158142,2.039999961853028,1.7300000190734863,1.75,9428400.0
2025-07-10,1.909999966621399,1.9600000381469729,1.850000023841858,1.919999957084656,1831500.0
2025-07-11,1.830000042915344,1.919999957084656,1.809999942779541,1.8899999856948853,1347600.0
2025-07-14,1.950000047683716,2.009999990463257,1.830000042915344,1.830000042915344,2306100.0
2025-07-15,1.850000023841858,1.9700000286102293,1.840000033378601,1.9600000381469729,1572500.0
2025-07-16,1.840000033378601,1.950000047683716,1.830000042915344,1.8799999952316284,2433000.0
2025-07-17,1.820000052452088,1.919999957084656,1.820000052452088,1.850000023841858,1663000.0
2025-07-18,1.7599999904632568,1.909999966621399,1.7400000095367432,1.850000023841858,1982300.0
2025-07-21,1.830000042915344,1.919999957084656,1.7599999904632568,1.7799999713897705,1796600.0
2025-07-22,1.5199999809265137,1.7400000095367432,1.4700000286102295,1.7400000095367432,9272800.0
2025-07-23,1.659999966621399,1.7000000476837158,1.5399999618530271,1.590000033378601,3804500.0
2025-07-24,1.600000023841858,1.7200000286102295,1.600000023841858,1.649999976158142,4920200.0
2025-07-25,1.5700000524520874,1.6399999856948853,1.5499999523162842,1.590000033378601,2829100.0
2025-07-28,1.5800000429153442,1.6299999952316284,1.5399999618530271,1.590000033378601,2012000.0
2025-07-29,1.5700000524520874,1.7000000476837158,1.5700000524520874,1.590000033378601,3116000.0
2025-07-30,1.7300000190734863,1.850000023841858,1.6200000047683716,1.6200000047683716,4874000.0
2025-07-31,1.7100000381469729,1.7599999904632568,1.6699999570846558,1.7200000286102295,1829100.0
2025-08-01,1.6699999570846558,1.690000057220459,1.6299999952316284,1.6699999570846558,2031200.0
2025-08-04,1.7599999904632568,1.7899999618530271,1.7000000476837158,1.7000000476837158,2302000.0
2025-08-05,1.9299999475479128,1.940000057220459,1.7400000095367432,1.7699999809265137,3598100.0
2025-08-06,1.830000042915344,2.0,1.820000052452088,1.950000047683716,3600900.0
2025-08-07,1.8799999952316284,1.909999966621399,1.809999942779541,1.8899999856948853,2413200.0
2025-08-08,1.7799999713897705,1.8799999952316284,1.7699999809265137,1.840000033378601,1918300.0
2025-08-11,1.7400000095367432,1.830000042915344,1.7000000476837158,1.7899999618530271,2332100.0
2025-08-12,1.7999999523162842,1.809999942779541,1.7200000286102295,1.7400000095367432,2245900.0
2025-08-13,1.909999966621399,1.9900000095367432,1.809999942779541,1.830000042915344,4547500.0
2025-08-14,1.850000023841858,1.950000047683716,1.7999999523162842,1.899999976158142,4127800.0
2025-08-15,2.940000057220459,3.490000009536743,2.509999990463257,2.5999999046325684,173718300.0
2025-08-18,2.950000047683716,2.950000047683716,2.619999885559082,2.900000095367432,20963500.0
2025-08-19,3.220000028610229,3.3399999141693115,2.950000047683716,2.950000047683716,16758500.0
2025-08-20,3.2100000381469727,3.25,2.940000057220459,3.140000104904175,8919700.0
2025-08-21,3.640000104904175,3.900000095367432,3.1600000858306885,3.190000057220459,21785700.0
2025-08-22,4.179999828338623,4.210000038146973,3.619999885559082,3.650000095367432,24213200.0
2025-08-25,3.9800000190734863,4.300000190734863,3.9600000381469727,4.170000076293945,9454900.0
2025-08-26,4.260000228881836,4.28000020980835,3.9800000190734863,4.0,9791200.0
2025-08-27,4.590000152587891,4.590000152587891,4.139999866485596,4.349999904632568,13324900.0
2025-08-28,4.550000190734863,4.829999923706055,4.489999771118164,4.579999923706055,10276400.0
2025-08-29,4.510000228881836,4.760000228881836,4.409999847412109,4.519999980926514,9114200.0
2025-09-02,4.760000228881836,4.929999828338623,4.480000019073486,4.489999771118164,9875400.0
2025-09-03,4.75,5.230000019073486,4.71999979019165,4.809999942779541,9376900.0
2025-09-04,4.559999942779541,4.760000228881836,4.489999771118164,4.739999771118164,6061100.0
2025-09-05,4.360000133514404,4.639999866485596,4.320000171661377,4.630000114440918,6285300.0
2025-09-08,4.159999847412109,4.559999942779541,4.159999847412109,4.369999885559082,6231600.0
2025-09-09,4.130000114440918,4.25,4.019999980926514,4.130000114440918,5768900.0
2025-09-10,4.079999923706055,4.210000038146973,3.890000104904175,4.119999885559082,6530800.0
2025-09-11,4.139999866485596,4.170000076293945,4.050000190734863,4.070000171661377,3367200.0
2025-09-12,3.7899999618530273,4.139999866485596,3.7699999809265137,4.099999904632568,5394400.0
2025-09-15,3.5899999141693115,3.859999895095825,3.470000028610229,3.809999942779541,6604700.0
2025-09-16,3.890000104904175,4.139999866485596,3.5999999046325684,3.630000114440918,9299000.0
2025-09-17,3.819999933242798,4.010000228881836,3.7899999618530273,3.880000114440918,3513700.0
2025-09-18,3.799999952316284,4.099999904632568,3.75,3.839999914169312,7106600.0
2025-09-19,3.75,3.849999904632568,3.619999885559082,3.7899999618530273,13344900.0
2025-09-22,3.849999904632568,3.9700000286102295,3.7200000286102295,3.740000009536743,5871700.0
2025-09-23,3.7100000381469727,3.9700000286102295,3.619999885559082,3.869999885559082,6173000.0
2025-09-24,3.859999895095825,4.0,3.7300000190734863,3.759999990463257,8072500.0
2025-09-25,3.490000009536743,3.759999990463257,3.470000028610229,3.75,5952900.0
2025-09-26,3.509999990463257,3.549999952316284,3.369999885559082,3.4800000190734863,4357800.0
2025-09-29,3.630000114440918,3.7300000190734863,3.5299999713897705,3.619999885559082,3477200.0
2025-09-30,3.289999961853028,3.7300000190734863,3.2799999713897705,3.609999895095825,7043400.0
2025-10-01,3.3399999141693115,3.490000009536743,3.2699999809265137,3.2699999809265137,4372900.0
2025-10-02,3.3299999237060547,3.4200000762939453,3.259999990463257,3.380000114440918,4624000.0
2025-10-03,3.25,3.380000114440918,3.200000047683716,3.380000114440918,3743000.0
2025-10-06,3.140000104904175,3.319999933242798,3.119999885559082,3.319999933242798,4092300.0
2025-10-07,3.309999942779541,3.3399999141693115,3.0799999237060547,3.140000104904175,4911800.0
2025-10-08,3.220000028610229,3.430000066757202,3.2100000381469727,3.3299999237060547,5177200.0
2025-10-09,3.190000057220459,3.220000028610229,3.0799999237060547,3.190000057220459,3351000.0
2025-10-10,3.119999885559082,3.220000028610229,2.990000009536743,3.220000028610229,7964400.0
2025-10-13,3.2100000381469727,3.289999961853028,3.059999942779541,3.2799999713897705,5746200.0
2025-10-14,3.200000047683716,3.289999961853028,3.109999895095825,3.1600000858306885,4200700.0
2025-10-15,3.5299999713897705,3.549999952316284,3.200000047683716,3.25,5675900.0
2025-10-16,3.490000009536743,3.630000114440918,3.430000066757202,3.5899999141693115,4860500.0
2025-10-17,4.0,4.050000190734863,3.390000104904175,3.440000057220459,11967500.0
2025-10-20,3.940000057220459,4.199999809265137,3.900000095367432,4.019999980926514,4689800.0
2025-10-21,4.079999923706055,4.239999771118164,3.910000085830689,3.930000066757202,3947200.0
2025-10-22,3.910000085830689,4.179999828338623,3.849999904632568,4.119999885559082,4317400.0
2025-10-23,4.25,4.269999980926514,3.880000114440918,3.880000114440918,6528700.0
2025-10-24,4.329999923706055,4.519999980926514,4.28000020980835,4.329999923706055,3742600.0
2025-10-27,4.300000190734863,4.420000076293945,4.190000057220459,4.400000095367432,2793800.0
2025-10-28,4.059999942779541,4.349999904632568,3.9600000381469727,4.28000020980835,2699700.0
2025-10-29,4.010000228881836,4.090000152587891,3.940000057220459,4.050000190734863,2138100.0
2025-10-30,4.050000190734863,4.079999923706055,3.930000066757202,3.930000066757202,2070800.0
2025-10-31,4.139999866485596,4.150000095367432,3.950000047683716,4.039999961853027,6397100.0
2025-11-03,4.159999847412109,4.349999904632568,4.039999961853027,4.130000114440918,5668800.0
2025-11-04,3.880000114440918,4.150000095367432,3.859999895095825,4.019999980926514,2400400.0
2025-11-05,3.990000009536743,4.130000114440918,3.890000104904175,3.890000104904175,4803000.0
2025-11-06,3.920000076293945,3.9800000190734863,3.7899999618530273,3.9700000286102295,2936800.0
2025-11-07,3.900000095367432,3.940000057220459,3.619999885559082,3.900000095367432,3371400.0
2025-11-10,4.0,4.039999961853027,3.869999885559082,3.9700000286102295,2858500.0
2025-11-11,3.9600000381469727,4.03000020980835,3.819999933242798,4.0,3791200.0
2025-11-12,4.019999980926514,4.039999961853027,3.740000009536743,3.9700000286102295,3996700.0
2025-11-13,3.859999895095825,4.050000190734863,3.7699999809265137,4.0,3930700.0
2025-11-14,4.849999904632568,5.190000057220459,3.740000009536743,3.7799999713897705,16791000.0
2025-11-17,4.900000095367432,5.0,4.710000038146973,4.840000152587891,5461800.0
2025-11-18,4.849999904632568,5.0,4.760000228881836,4.920000076293945,4383100.0
2025-11-19,4.21999979019165,4.809999942779541,4.210000038146973,4.789999961853027,5276000.0
2025-11-20,3.900000095367432,4.489999771118164,3.880000114440918,4.28000020980835,5307700.0
2025-11-21,3.880000114440918,4.059999942779541,3.7100000381469727,3.869999885559082,4627700.0
2025-11-24,3.819999933242798,4.010000228881836,3.809999942779541,3.880000114440918,6546800.0
2025-11-25,3.670000076293945,3.829999923706055,3.619999885559082,3.829999923706055,2756600.0
2025-11-26,3.740000009536743,3.7899999618530273,3.539999961853028,3.650000095367432,3300400.0
2025-11-28,3.829999923706055,3.920000076293945,3.7200000286102295,3.7699999809265137,1777800.0
2025-12-01,3.609999895095825,3.859999895095825,3.569999933242798,3.859999895095825,3151300.0
2025-12-02,3.4800000190734863,3.630000114440918,3.440000057220459,3.5999999046325684,2563300.0
2025-12-03,3.569999933242798,3.5799999237060547,3.4600000381469727,3.4800000190734863,2622300.0
2025-12-04,3.75,3.809999942779541,3.509999990463257,3.569999933242798,1906600.0
2025-12-05,3.5999999046325684,3.849999904632568,3.5999999046325684,3.7899999618530273,3108800.0
2025-12-08,3.690000057220459,3.759999990463257,3.630000114440918,3.690000057220459,1733100.0
2025-12-09,3.509999990463257,3.759999990463257,3.490000009536743,3.680000066757202,2355200.0
2025-12-10,3.509999990463257,3.700000047683716,3.4200000762939453,3.5,3921600.0
2025-12-11,3.619999885559082,3.75,3.5199999809265137,3.5299999713897705,2243700.0
2025-12-12,3.690000057220459,3.7300000190734863,3.4800000190734863,3.640000104904175,3729700.0
2025-12-15,3.809999942779541,3.910000085830689,3.650000095367432,3.690000057220459,4224100.0
2025-12-16,3.869999885559082,3.9700000286102295,3.640000104904175,3.7799999713897705,5942200.0
2025-12-17,3.9800000190734863,4.090000152587891,3.7799999713897705,3.9600000381469727,9324600.0
2025-12-18,4.170000076293945,4.260000228881836,3.900000095367432,4.0,5908400.0
2025-12-19,4.320000171661377,4.53000020980835,4.119999885559082,4.21999979019165,23042100.0
2025-12-22,4.380000114440918,4.539999961853027,4.179999828338623,4.46999979019165,8655700.0
2025-12-23,4.070000171661377,4.300000190734863,3.9600000381469727,4.170000076293945,4910000.0
2025-12-24,4.190000057220459,4.230000019073486,4.059999942779541,4.059999942779541,2615700.0
2025-12-26,4.159999847412109,4.239999771118164,4.050000190734863,4.170000076293945,2816800.0
2025-12-29,4.449999809265137,4.53000020980835,4.150000095367432,4.150000095367432,6311900.0
2025-12-30,4.260000228881836,4.429999828338623,4.170000076293945,4.420000076293945,3170600.0
2025-12-31,4.179999828338623,4.309999942779541,4.139999866485596,4.230000019073486,3975500.0
2026-01-02,4.28000020980835,4.349999904632568,4.110000133514404,4.190000057220459,2777900.0
2026-01-05,4.179999828338623,4.380000114440918,4.010000228881836,4.320000171661377,3485100.0
2026-01-06,4.550000190734863,4.570000171661377,4.139999866485596,4.170000076293945,3929500.0
2026-01-07,4.849999904632568,4.949999809265137,4.570000171661377,4.639999866485596,5033600.0
2026-01-08,4.610000133514404,4.820000171661377,4.389999866485596,4.760000228881836,3862200.0
2026-01-09,4.590000152587891,4.760000228881836,4.579999923706055,4.619999885559082,3534600.0
2026-01-12,4.139999866485596,4.590000152587891,4.099999904632568,4.53000020980835,5972000.0
2026-01-13,4.170000076293945,4.210000038146973,3.930000066757202,4.150000095367432,3414100.0
2026-01-14,4.409999847412109,4.480000019073486,4.099999904632568,4.159999847412109,3614400.0
2026-01-15,4.139999866485596,4.440000057220459,4.03000020980835,4.409999847412109,3866200.0
2026-01-16,4.409999847412109,4.449999809265137,4.119999885559082,4.309999942779541,3636900.0
2026-01-20,4.389999866485596,4.570000171661377,4.199999809265137,4.349999904632568,3018200.0
2026-01-21,4.460000038146973,4.480000019073486,4.25,4.309999942779541,2392000.0
2026-01-22,4.840000152587891,4.960000038146973,4.460000038146973,4.460000038146973,7775200.0
2026-01-23,4.760000228881836,5.099999904632568,4.590000152587891,4.900000095367432,4850800.0
2026-01-26,4.75,4.800000190734863,4.380000114440918,4.699999809265137,3453100.0
2026-01-27,4.730000019073486,4.880000114440918,4.679999828338623,4.75,2303900.0
2026-01-28,4.460000038146973,4.920000076293945,4.409999847412109,4.920000076293945,2786900.0
2026-01-29,4.53000020980835,4.619999885559082,4.300000190734863,4.440000057220459,2586500.0
2026-01-30,4.489999771118164,4.880000114440918,4.400000095367432,4.599999904632568,3456200.0
2026-02-02,4.829999923706055,4.860000133514404,4.369999885559082,4.440000057220459,2505900.0
2026-02-03,4.800000190734863,5.019999980926514,4.590000152587891,4.880000114440918,2665700.0
2026-02-04,4.559999942779541,4.900000095367432,4.449999809265137,4.789999961853027,3296100.0
2026-02-05,4.239999771118164,4.599999904632568,4.21999979019165,4.489999771118164,3736700.0
2026-02-06,4.289999961853027,4.460000038146973,4.28000020980835,4.28000020980835,3843800.0
2026-02-09,4.559999942779541,4.599999904632568,4.119999885559082,4.309999942779541,3980700.0
2026-02-10,4.659999847412109,4.71999979019165,4.53000020980835,4.699999809265137,3436800.0
2026-02-11,4.909999847412109,4.940000057220459,4.409999847412109,4.610000133514404,3977400.0
2026-02-12,4.739999771118164,5.0,4.630000114440918,4.949999809265137,2524800.0
2026-02-13,4.929999828338623,4.949999809265137,4.679999828338623,4.789999961853027,2409800.0
2026-02-17,5.210000038146973,5.46999979019165,4.820000171661377,4.860000133514404,9016500.0
2026-02-18,4.880000114440918,5.230000019073486,4.650000095367432,5.179999828338623,6315300.0
2026-02-19,4.510000228881836,4.849999904632568,4.340000152587891,4.849999904632568,6038600.0
2026-02-20,4.380000114440918,4.599999904632568,4.309999942779541,4.449999809265137,6025900.0
2026-02-23,4.079999923706055,4.420000076293945,4.039999961853027,4.309999942779541,7356900.0
2026-02-24,3.9800000190734863,4.260000228881836,3.940000057220459,4.079999923706055,5850100.0
2026-02-25,3.839999914169312,4.090000152587891,3.839999914169312,4.0,3801300.0
2026-02-26,3.809999942779541,3.849999904632568,3.630000114440918,3.839999914169312,7887500.0
2026-02-27,3.7899999618530273,3.950000047683716,3.700000047683716,3.7100000381469727,3203700.0
2026-03-02,3.619999885559082,3.7899999618530273,3.549999952316284,3.650000095367432,7934700.0
2026-03-03,3.380000114440918,3.5799999237060547,3.369999885559082,3.5,6053400.0
2026-03-04,3.549999952316284,3.569999933242798,3.289999961853028,3.400000095367432,4587900.0
2026-03-05,3.369999885559082,3.490000009536743,3.259999990463257,3.450000047683716,4996500.0
2026-03-06,3.319999933242798,3.3399999141693115,3.220000028610229,3.259999990463257,2406200.0
2026-03-09,3.509999990463257,3.5299999713897705,3.2799999713897705,3.289999961853028,2559800.0
2026-03-10,3.509999990463257,3.5899999141693115,3.440000057220459,3.559999942779541,2338400.0
2026-03-11,3.4200000762939453,3.5,3.369999885559082,3.430000066757202,1959800.0
2026-03-12,3.2799999713897705,3.4100000858306885,3.259999990463257,3.4100000858306885,2274500.0
2026-03-13,3.509999990463257,3.549999952316284,3.319999933242798,3.319999933242798,2802100.0
2026-03-16,3.509999990463257,3.640000104904175,3.5,3.549999952316284,1810300.0
2026-03-17,3.539999961853028,3.569999933242798,3.4600000381469727,3.509999990463257,1706400.0
2026-03-18,3.2699999809265137,3.539999961853028,3.2699999809265137,3.4800000190734863,4022100.0
2026-03-19,3.319999933242798,3.359999895095825,3.109999895095825,3.240000009536743,4021600.0
2026-03-20,3.2799999713897705,3.380000114440918,3.2300000190734863,3.259999990463257,3163400.0
2026-03-23,3.240000009536743,3.369999885559082,3.2300000190734863,3.3399999141693115,3155700.0
2026-03-24,3.130000114440918,3.2300000190734863,3.049999952316284,3.200000047683716,5344800.0
2026-03-25,3.0999999046325684,3.25,3.039999961853028,3.0999999046325684,6729100.0
2026-03-26,3.890000104904175,4.28000020980835,3.7300000190734863,4.070000171661377,23541500.0
2026-03-27,3.670000076293945,4.0,3.619999885559082,3.799999952316284,7072400.0
2026-03-30,3.25,3.670000076293945,3.220000028610229,3.609999895095825,13128000.0
2026-03-31,3.869999885559082,3.9800000190734863,3.289999961853028,3.289999961853028,12564500.0
2026-04-01,3.930000066757202,4.059999942779541,3.7799999713897705,3.809999942779541,5748200.0
2026-04-02,3.940000057220459,4.03000020980835,3.75,3.859999895095825,5458000.0
2026-04-06,4.190000057220459,4.199999809265137,3.920000076293945,3.950000047683716,3706900.0
2026-04-07,4.119999885559082,4.199999809265137,3.950000047683716,4.110000133514404,2787900.0
2026-04-08,4.119999885559082,4.340000152587891,4.019999980926514,4.28000020980835,5499600.0
2026-04-09,4.269999980926514,4.300000190734863,4.019999980926514,4.059999942779541,2596100.0
2026-04-10,4.159999847412109,4.369999885559082,4.070000171661377,4.300000190734863,2826600.0
2026-04-13,4.170000076293945,4.260000228881836,4.099999904632568,4.159999847412109,1703100.0
2026-04-14,3.9800000190734863,4.28000020980835,3.910000085830689,4.170000076293945,4185600.0
2026-04-15,3.900000095367432,3.9800000190734863,3.869999885559082,3.9600000381469727,2671800.0
2026-04-16,3.950000047683716,3.9600000381469727,3.799999952316284,3.920000076293945,2355700.0
2026-04-17,3.9800000190734863,4.050000190734863,3.910000085830689,4.039999961853027,2504400.0
2026-04-20,4.110000133514404,4.300000190734863,3.9800000190734863,3.990000009536743,3671000.0
2026-04-21,3.9800000190734863,4.119999885559082,3.940000057220459,4.090000152587891,1653400.0
2026-04-22,3.9600000381469727,4.050000190734863,3.910000085830689,4.019999980926514,1640400.0
2026-04-23,3.9600000381469727,4.059999942779541,3.839999914169312,3.9700000286102295,4996100.0
2026-04-24,4.130000114440918,4.260000228881836,3.950000047683716,4.0,3459300.0
2026-04-27,3.9600000381469727,4.239999771118164,3.9600000381469727,4.099999904632568,2802100.0
2026-04-28,4.019999980926514,4.099999904632568,3.930000066757202,3.9600000381469727,1832400.0
2026-04-29,4.119999885559082,4.199999809265137,3.920000076293945,3.9600000381469727,2904100.0
2026-04-30,4.159999847412109,4.239999771118164,4.090000152587891,4.090000152587891,2515700.0
2026-05-01,4.079999923706055,4.190000057220459,4.059999942779541,4.130000114440918,1756300.0
2026-05-04,4.139999866485596,4.150000095367432,4.03000020980835,4.059999942779541,2279200.0
2026-05-05,4.329999923706055,4.409999847412109,4.170000076293945,4.21999979019165,3866200.0
2026-05-06,4.400000095367432,4.400000095367432,4.190000057220459,4.289999961853027,3739400.0
2026-05-07,4.150000095367432,4.400000095367432,4.090000152587891,4.400000095367432,3220600.0
2026-05-08,4.210000038146973,4.239999771118164,4.110000133514404,4.179999828338623,4873600.0
2026-05-11,4.199999809265137,4.340000152587891,4.190000057220459,4.28000020980835,1945100.0
2026-05-12,4.079999923706055,4.190000057220459,4.019999980926514,4.159999847412109,2322200.0
2026-05-13,4.150000095367432,4.230000019073486,4.039999961853027,4.070000171661377,2763500.0
2026-05-14,4.599999904632568,4.869999885559082,4.320000171661377,4.579999923706055,9730900.0
2026-05-15,4.420000076293945,4.630000114440918,4.360000133514404,4.539999961853027,3615500.0
2026-05-18,4.070000171661377,4.460000038146973,3.950000047683716,4.420000076293945,5177900.0
2026-05-19,4.159999847412109,4.260000228881836,3.9800000190734863,4.050000190734863,2956800.0
2026-05-20,4.269999980926514,4.369999885559082,4.190000057220459,4.210000038146973,3104800.0
2026-05-21,4.28000020980835,4.309999942779541,4.119999885559082,4.179999828338623,2242400.0
2026-05-22,4.239999771118164,4.360000133514404,4.199999809265137,4.239999771118164,1712900.0
2026-05-26,4.239999771118164,4.369999885559082,4.139999866485596,4.289999961853027,6098100.0
2026-05-27,4.400000095367432,4.400000095367432,4.110000133514404,4.239999771118164,5748700.0
2026-05-28,4.510000228881836,4.679999828338623,4.349999904632568,4.510000228881836,5690600.0
2026-05-29,4.340000152587891,4.579999923706055,4.329999923706055,4.489999771118164,5544100.0
2026-06-01,4.119999885559082,4.400000095367432,4.110000133514404,4.28000020980835,4835700.0
2026-06-02,3.859999895095825,4.099999904632568,3.7799999713897705,4.079999923706055,9639300.0
2026-06-03,3.809999942779541,3.900000095367432,3.690000057220459,3.859999895095825,7793900.0
2026-06-04,3.859999895095825,3.940000057220459,3.7699999809265137,3.829999923706055,4089900.0
2026-06-05,3.5799999237060547,3.880000114440918,3.5299999713897705,3.839999914169312,5330700.0
2026-06-08,3.569999933242798,3.680000066757202,3.509999990463257,3.5899999141693115,4631200.0
2026-06-09,3.7100000381469727,3.75,3.559999942779541,3.660000085830689,3545700.0
2026-06-10,3.890000104904175,3.9800000190734863,3.700000047683716,3.700000047683716,4243900.0
2026-06-11,4.53000020980835,4.579999923706055,3.799999952316284,3.890000104904175,9956300.0
2026-06-12,4.449999809265137,4.710000038146973,4.409999847412109,4.570000171661377,4552000.0
2026-06-15,4.800000190734863,4.800000190734863,4.440000057220459,4.599999904632568,6770900.0
2026-06-16,4.75,4.849999904632568,4.650000095367432,4.809999942779541,3576800.0
2026-06-17,4.730000019073486,4.900000095367432,4.710000038146973,4.760000228881836,3834300.0
2026-06-18,4.820000171661377,4.869999885559082,4.590000152587891,4.760000228881836,4755600.0
2026-06-22,5.380000114440918,5.389999866485596,4.889999866485596,4.889999866485596,8546900.0
2026-06-23,5.360000133514404,5.590000152587891,5.269999980926514,5.289999961853027,5246900.0
2026-06-24,5.400000095367432,5.610000133514404,5.260000228881836,5.429999828338623,5606400.0
2026-06-25,5.519999980926514,5.679999828338623,5.429999828338623,5.610000133514404,5350300.0
2026-06-26,5.860000133514404,5.949999809265137,5.480000019073486,5.5,11313000.0
2026-06-29,5.920000076293945,6.039999961853027,5.739999771118164,5.889999866485596,6288200.0
2026-06-30,5.699999809265137,5.96999979019165,5.619999885559082,5.920000076293945,4217200.0
2026-07-01,5.25,5.670000076293945,5.199999809265137,5.650000095367432,7610000.0
2026-07-02,5.639999866485596,5.659999847412109,5.260000228881836,5.329999923706055,4765900.0
2026-07-06,5.599999904632568,5.789999961853027,5.400000095367432,5.579999923706055,5158200.0
2026-07-07,5.510000228881836,5.800000190734863,5.429999828338623,5.630000114440918,7508500.0
2026-07-08,5.559999942779541,5.679999828338623,5.380000114440918,5.400000095367432,3738600.0
2026-07-09,5.53000020980835,5.690000057220459,5.46999979019165,5.559999942779541,2989100.0
2026-07-10,5.320000171661377,5.5,5.170000076293945,5.5,3455400.0
2026-07-13,5.170000076293945,5.260000228881836,5.039999961853027,5.25,3042700.0
2026-07-14,5.119999885559082,5.21999979019165,5.0,5.179999828338623,2904600.0
2026-07-15,5.119999885559082,5.150000095367432,5.010000228881836,5.130000114440918,1917900.0
2026-07-16,4.949999809265137,5.099999904632568,4.889999866485596,5.019999980926514,3943700.0
2026-07-17,4.949999809265137,5.050000190734863,4.809999942779541,4.869999885559082,2967800.0
2026-07-20,5.070000171661377,5.079999923706055,4.900000095367432,4.949999809265137,3485700.0
2026-07-21,5.489999771118164,5.590000152587891,5.110000133514404,5.119999885559082,4384600.0
2026-07-22,5.320000171661377,5.510000228881836,5.25,5.380000114440918,3036600.0
2026-07-23,5.539999961853027,5.559999942779541,5.139999866485596,5.179999828338623,3101200.0
2026-07-24,5.400000095367432,5.639999866485596,5.289999961853027,5.579999923706055,2866600.0
2026-07-27,5.420000076293945,5.690000057220459,5.389999866485596,5.409999847412109,5534200.0
2026-07-28,5.53000020980835,5.570000171661377,5.21999979019165,5.409999847412109,3760500.0
2026-07-29,5.449999809265137,5.630000114440918,5.369999885559082,5.570000171661377,3561000.0
2026-07-30,5.940000057220459,5.960000038146973,5.380000114440918,5.380000114440918,3589000.0
2026-07-31,6.269999980926514,6.28000020980835,5.920000076293945,5.940000057220459,5624100.0
2026-08-03,6.610000133514404,6.699999809265137,6.070000171661377,6.230000019073486,7441200.0
2026-08-04,6.53000020980835,6.800000190734863,6.369999885559082,6.630000114440918,8015200.0
2026-08-05,6.889999866485596,7.230000019073486,6.550000190734863,7.019999980926514,16936800.0
2026-08-06,6.909999847412109,7.119999885559082,6.670000076293945,6.860000133514404,7269900.0
2026-08-07,7.230000019073486,7.260000228881836,6.929999828338623,7.050000190734863,5758900.0
2026-08-10,7.0,7.320000171661377,6.980000019073486,7.210000038146973,4753500.0
2026-08-11,6.860000133514404,7.099999904632568,6.75,7.099999904632568,4876200.0
2026-08-12,6.849999904632568,6.949999809265137,6.650000095367432,6.880000114440918,4424100.0
2026-08-13,6.489999771118164,6.96999979019165,6.460000038146973,6.96999979019165,5532800.0
2026-08-14,6.099999904632568,6.400000095367432,6.079999923706055,6.320000171661377,7960200.0
2026-08-17,6.550000190734863,6.78000020980835,6.099999904632568,6.170000076293945,6277600.0
2026-08-18,6.75,6.789999961853027,6.340000152587891,6.420000076293945,4356000.0
2026-08-19,7.159999847412109,7.210000038146973,6.800000190734863,6.96999979019165,8152600.0
2026-08-20,7.440000057220459,7.489999771118164,6.980000019073486,7.059999942779541,7838200.0
2026-08-21,7.199999809265137,7.5,7.099999904632568,7.5,4405500.0
2026-08-24,7.170000076293945,7.210000038146973,6.929999828338623,7.150000095367432,3349500.0
2026-08-25,7.28000020980835,7.550000190734863,7.230000019073486,7.289999961853027,5834000.0
2026-08-26,7.420000076293945,7.71999979019165,7.28000020980835,7.659999847412109,7409500.0
2026-08-27,7.190000057220459,7.460000038146973,7.139999866485596,7.440000057220459,4970600.0
2026-08-28,6.949999809265137,7.190000057220459,6.920000076293945,7.110000133514404,2702900.0
2026-08-31,6.929999828338623,7.0,6.599999904632568,6.929999828338623,4134200.0
2026-09-01,6.860000133514404,7.0,6.800000190734863,6.809999942779541,2805500.0
2026-09-02,7.010000228881836,7.139999866485596,6.820000171661377,6.909999847412109,2637500.0
2026-09-03,7.139999866485596,7.139999866485596,6.980000019073486,7.0,2187300.0
2026-09-04,7.099999904632568,7.269999980926514,7.079999923706055,7.119999885559082,2192600.0
2026-09-08,6.869999885559082,7.019999980926514,6.71999979019165,6.889999866485596,2766100.0
2026-09-09,6.800000190734863,6.889999866485596,6.679999828338623,6.869999885559082,3135900.0
2026-09-10,6.679999828338623,6.730000019073486,6.539999961853027,6.699999809265137,2833500.0
2026-09-11,6.849999904632568,6.920000076293945,6.760000228881836,6.769999980926514,2056500.0
2026-09-14,6.849999904632568,7.110000133514404,6.829999923706055,6.860000133514404,2825500.0
2026-09-15,7.0,7.019999980926514,6.760000228881836,6.809999942779541,2778300.0
2026-09-16,7.440000057220459,7.489999771118164,6.940000057220459,7.0,8225100.0
2026-09-17,7.869999885559082,7.949999809265137,7.590000152587891,7.590000152587891,9364200.0
2026-09-18,7.78000020980835,8.039999961853027,7.699999809265137,7.980000019073486,9578000.0
2026-09-21,7.699999809265137,7.909999847412109,7.630000114440918,7.840000152587891,3240100.0
2026-09-22,,,,,5322559.0
2026-09-23,7.440000057220459,8.010000228881836,7.190000057220459,7.949999809265137,5556381.0
