Date,Close,High,Low,Open,Volume
2016-09-06,175.2258758544922,175.34797473065882,174.19264331747456,174.62472628728273,122400
2016-09-07,176.76634216308594,177.32991188293158,174.68110123482003,175.20710537302443,231600
2016-09-08,176.91664123535156,177.08570785926597,175.1883234176194,175.87402072359717,130300
2016-09-09,169.56195068359375,175.6673830642615,169.48680518054238,175.6673830642615,218500
2016-09-12,171.58143615722656,172.05108480746233,168.17178237010236,168.6696231252885,228600
2016-09-13,168.4535369873047,170.73603637307664,168.25629262426602,170.23821006107372,124200
2016-09-14,166.1898193359375,169.2331469222506,165.0438901266688,168.2562843015093,248400
2016-09-15,165.79531860351562,167.26063405381743,165.4853488543673,165.95499738352493,301700
2016-09-16,162.31991577148438,165.45716437921988,161.88784716840158,165.45716437921988,723300
2016-09-19,164.70571899414062,165.41957948643005,163.00557954675645,163.00557954675645,489500
2016-09-20,163.77581787109375,166.81914516916834,163.15587844013768,166.26494907223446,313000
2016-09-21,163.53163146972656,164.91239935862106,161.9442170714372,163.88855462296974,280100
2016-09-22,166.35888671875,166.60309877092752,163.68188462463567,164.39575949375111,305100
2016-09-23,161.1364288330078,165.97380341901064,161.05189552937756,165.97380341901064,266300
2016-09-26,157.0973663330078,160.20643598337412,156.51500699041003,160.20643598337412,529100
2016-09-27,158.05548095703125,158.6566303524951,156.20506506282348,157.61401030211678,425200
2016-09-28,157.8206787109375,158.5157492862194,156.41173327559207,158.19639176068264,338000
2016-09-29,154.52381896972656,157.76440665147067,153.9884268739656,157.4168568474255,274800
2016-09-30,157.84884643554688,158.3748504047555,152.93632767646886,154.67401833670925,416200
2016-10-03,157.0410614013672,157.8112774574433,156.02661896230035,156.40233201416174,288200
2016-10-04,155.24700927734375,158.08369027182044,154.429825461838,157.60463962201223,285000
2016-10-05,157.66107177734375,158.62854693711915,155.47250715077647,155.47250715077647,527200
2016-10-06,158.79757690429688,158.835156817232,156.26147741759686,157.510744370748,299000
2016-10-07,157.64224243164062,159.60537003567092,156.81565635308596,159.267222488311,236600
2016-10-10,158.7881622314453,160.54464305179212,157.64221873390952,157.64221873390952,176800
2016-10-11,154.78672790527344,158.28091347609544,154.0353018607151,158.22455795600686,387600
2016-10-12,155.33152770996094,155.58514189250872,154.683410539302,155.35031766154728,209100
2016-10-13,157.52017211914062,158.03678855894702,154.42048781284328,154.62713438876582,344300
2016-10-14,158.56272888183594,159.06995730278655,157.6140440439964,158.60969659970695,370200
2016-10-17,158.44065856933594,159.1075659455414,158.02737980479432,158.506416258662,661900
2016-10-18,157.4167938232422,159.5208244371543,157.4167938232422,159.5208244371543,260300
2016-10-19,157.9051971435547,158.6754131228404,156.881366996654,157.27586996153684,231400
2016-10-20,158.8257598876953,158.91969534058003,157.407426277378,158.2434002109159,191500
2016-10-21,157.61402893066406,157.92399863984807,156.8625885143878,157.6891744055451,184400
2016-10-24,157.8206787109375,159.3141574325955,157.15377156522564,159.3141574325955,172800
2016-10-25,152.9269561767578,157.89584578461373,152.51366316598688,157.82070029787934,377500
2016-10-26,147.92990112304688,151.79041266472282,146.84970089003855,151.6495095043117,592900
2016-10-27,130.9473876953125,145.12137484739569,130.4589492814222,140.89453868679195,1618000
2016-10-28,133.6150360107422,134.86430309369982,128.2422545057458,130.2147844962134,668300
2016-10-31,134.44155883789062,134.62941533594997,132.91988823878623,133.32379332551926,531400
2016-11-01,131.41709899902344,134.62949429729105,130.7032238221592,133.84987575718645,408600
2016-11-02,132.581787109375,134.23495926769365,130.93801709538857,131.99942746226026,407600
2016-11-03,133.3614044189453,134.61067133968533,133.06083678594922,133.06083678594922,410200
2016-11-04,134.25372314453125,135.23998793313564,133.38957156126466,133.7371212227947,366500
2016-11-07,137.43797302246094,137.55068409991665,134.55432374222408,135.85994627539162,444800
2016-11-08,136.19808959960938,137.3440332931884,135.20243689298374,136.89317466486565,349200
2016-11-09,137.05284118652344,137.28766545790086,132.35635575897513,134.41341866944705,338900
2016-11-10,134.62380981445312,139.2277004539027,134.5202452247717,138.35210631095745,375000
2016-11-11,134.69912719726562,135.10396144039038,133.13624865540828,134.69912719726562,562300
2016-11-14,133.7576446533203,135.78184472924823,133.61641237168877,134.64263420121452,461100
2016-11-15,139.33128356933594,139.65138711963525,134.05892726528143,134.95334100453658,605000
2016-11-16,141.07296752929688,141.1576982471512,137.75893050336535,138.43679061220845,440400
2016-11-17,139.6984405517578,141.11067706565424,138.43683168117403,140.46104597069984,347800
2016-11-18,142.22166442871094,142.58884543770353,139.58548608326907,139.6796409536841,554700
2016-11-21,141.58139038085938,143.1725121233264,140.66814316022456,142.40048277556937,419700
2016-11-22,141.0636444091797,141.2896074948781,137.47656482406873,141.28018338754654,413600
2016-11-23,142.44760131835938,142.45701105726502,140.70583709790543,140.70583709790543,279500
2016-11-25,144.22695922851562,145.87456791464018,142.82413294685253,144.09515110826598,214300
2016-11-28,141.30836486816406,144.58476352363616,141.17655671761133,143.1725271822809,447100
2016-11-29,140.88470458984375,142.97481563931953,140.2633171176187,141.1859885882602,477300
2016-11-30,139.27474975585938,141.12948808220747,137.88134716816026,140.253908391765,2036300
2016-12-01,137.4858856201172,139.44418799787877,134.60492637985521,139.1805717514501,657900
2016-12-02,143.6056365966797,146.01585151853087,136.51620974997914,136.51620974997914,1427900
2016-12-05,145.18736267089844,145.3097467566573,143.6527274347082,144.15171661592058,487900
2016-12-06,144.4247283935547,148.07771844350216,142.78654308060985,145.92171015450592,496600
2016-12-07,145.3944549560547,145.42271290409266,142.37227675130322,143.92573122671604,477600
2016-12-08,147.44688415527344,148.26597660632805,145.42268455273205,145.42268455273205,359500
2016-12-09,146.9008331298828,148.43546798961663,145.752213011041,147.22093660798313,262300
2016-12-12,149.17921447753906,149.31102261497887,145.29086724006038,145.67686755012792,485700
2016-12-13,147.17385864257812,150.87391083955742,147.01379255373243,150.0642281225019,569500
2016-12-14,147.4563446044922,148.6143891040569,146.18534012601572,147.38102358586897,434700
2016-12-15,147.0326385498047,147.99296333222392,145.71455697865017,147.99296333222392,306900
2016-12-16,148.08706665039062,149.97004806016153,146.37356103782326,147.87052781074922,609900
2016-12-19,150.7515106201172,151.09987200423265,148.15300104044707,148.15300104044707,434000
2016-12-20,150.22430419921875,152.21085081741853,149.89479096325974,150.25254778041486,408900
2016-12-21,151.00572204589844,152.42736810648702,149.70646003112836,150.61029759923161,295900
2016-12-22,150.39376831054688,152.1072743553866,150.1489714712757,151.17520751665927,247500
2016-12-23,151.98487854003906,152.77574186337452,149.3204717694857,150.0077561467303,302900
2016-12-27,152.0790557861328,153.2935873465262,151.63655382115402,152.48390442826863,182200
2016-12-28,150.62913513183594,152.90754139906014,149.9983379491178,152.0884345424467,282200
2016-12-29,152.1260986328125,152.96402494422796,150.16779587181674,150.8362607199398,214200
2016-12-30,151.7212371826172,153.30294920224875,151.23167230850157,152.7380489739497,301100
2017-01-03,149.5652618408203,151.8813360374469,148.56728367266857,151.8813360374469,453600
2017-01-04,153.3218231201172,153.5289523002378,150.2996305309128,150.33728385183775,326600
2017-01-05,152.57797241210938,154.22558104930346,152.11665118793965,153.32175807043532,271200
2017-01-06,155.6473388671875,156.89950957569866,154.04679226457804,156.0992506404102,564300
2017-01-09,155.31776428222656,156.4193069776877,154.2067974829504,155.26127712338422,199800
2017-01-10,158.05747985839844,158.989546554721,155.1859300496063,155.1859300496063,381600
2017-01-11,158.16104125976562,159.8368936984166,157.28544736428552,157.398421660731,331300
2017-01-12,157.86923217773438,157.9727967808702,156.09923855052477,156.7582794950185,253000
2017-01-13,159.46029663085938,160.54301970055792,158.33992024915852,158.77301235023992,181600
2017-01-17,157.3795928955078,159.2249066698625,157.07830896809818,157.47373334831707,418500
2017-01-18,156.68292236328125,158.528250948543,155.79791857065632,158.12340236923058,266600
2017-01-19,156.3157501220703,157.1913442254292,155.14829610626265,156.8147392045174,215700
2017-01-20,155.72259521484375,157.62441092984042,155.26127385001612,156.3157391022068,230500
2017-01-23,154.14088439941406,156.42870028834807,153.4536000956534,155.20477366592812,202400
2017-01-24,154.90350341796875,155.51546678338997,154.09382063383558,154.09382063383558,293300
2017-01-25,156.76766967773438,157.09719729187935,154.9788424278389,154.9788424278389,210500
2017-01-26,155.0070343017578,157.21011917759634,154.64926322472115,156.22155103094823,198100
2017-01-27,156.46640014648438,156.67352932709431,154.5645841999811,155.39310092242084,225800
2017-01-30,155.86378479003906,155.93910576828404,153.26526132161433,155.22356365796063,177400
2017-01-31,157.91629028320312,157.94453386550956,154.97884279522788,154.97884279522788,212700
2017-02-01,157.95388793945312,159.11191739862983,156.24036808716912,159.11191739862983,275900
2017-02-02,159.19671630859375,159.3944357477947,156.24043502129558,157.6055941544022,235100
2017-02-03,160.84429931640625,160.98553156873714,159.25317742248288,160.64659427555813,119700
2017-02-06,160.1664276123047,161.7104721165701,159.25318028830512,160.63717306319063,235600
2017-02-07,162.15298461914062,162.5107557823901,159.89341205317305,160.51479953691833,257100
2017-02-08,161.96469116210938,162.24714132760627,160.5618644386158,161.44686825303376,161900
2017-02-09,162.77438354492188,164.16778624634912,161.26799215104543,161.96470068476557,195800
2017-02-10,162.78378295898438,163.66878676930494,162.02117757188196,162.5672440583779,149800
2017-02-13,165.51414489746094,165.78717100637485,163.73472722167008,163.73472722167008,186400
2017-02-14,166.5403289794922,166.96399702210968,164.7609117076896,164.7609117076896,224900
2017-02-15,166.66275024414062,167.18998293532047,165.4105654195818,165.76833661688815,225400
2017-02-16,167.6324462890625,167.94313998898613,166.15429878027516,166.49323605600912,255700
2017-02-17,169.3836669921875,169.45898800399507,166.44620499574884,167.56658170161347,203600
2017-02-21,173.7239532470703,174.11937781121662,168.150327291556,169.66612863712436,342500
2017-02-22,173.24375915527344,175.65398825808776,172.68828289574765,172.77301364055404,375600
2017-02-23,173.1590118408203,177.22625959448592,171.65263495747175,173.2154989986193,557500
2017-02-24,178.68556213378906,178.78912671354064,173.15901482180345,173.6862474583525,527800
2017-02-27,181.52883911132812,182.60213805023616,178.42191659364389,178.94916350985255,396800
2017-02-28,179.99424743652344,182.74341387425275,179.82478594754707,180.76627697345043,295900
2017-03-01,183.88951110839844,185.03073660835514,181.09772681295465,181.11659420721986,432000
2017-03-02,182.96524047851562,187.5867598157328,182.32387849205833,184.42713996430786,276800
2017-03-03,183.30474853515625,183.4839384072471,181.91829010631608,182.14464126752762,144500
2017-03-06,182.0409393310547,182.6540074651796,180.4658497294373,181.89946981866126,228900
2017-03-07,181.21092224121094,183.59713678560323,180.34320916975972,182.13522310555598,242000
2017-03-08,180.8053741455078,182.08808370788262,180.31492256211553,181.83342421763567,220400
2017-03-09,182.8048858642578,183.323616913278,180.80535929235364,180.80535929235364,199000
2017-03-10,182.5879669189453,183.76692741776324,180.39982371677522,182.97466941654343,245000
2017-03-13,184.48374938964844,184.85158449914195,182.323885640575,182.625706444061,196500
2017-03-14,183.07838439941406,184.9175595565179,183.02179660867316,183.94609743785264,232100
2017-03-15,185.8984832763672,186.42665523759163,183.4179459674667,183.4179459674667,264200
2017-03-16,184.17245483398438,185.46459063734585,182.8237168507844,185.46459063734585,146200
2017-03-17,184.97413635253906,185.436293935461,183.06894701668216,184.17245204535297,499400
2017-03-20,184.35171508789062,185.27601615688172,183.4556935300022,184.23852508543652,108500
2017-03-21,182.4747772216797,185.87018895265044,182.14466255086626,185.09678401719344,226400
2017-03-22,183.68197631835938,184.776054701891,181.18258676181077,182.4747223750149,200000
2017-03-23,183.71978759765625,185.8230637353931,183.43684855814845,184.21023925215198,159700
2017-03-24,183.79519653320312,185.82301695267833,183.02180603390804,183.7480496328944,324300
2017-03-27,184.0404052734375,184.39879938328735,182.09748119175373,182.99348805378412,178300
2017-03-28,183.80462646484375,184.5497230228754,181.74851227116318,182.97463382978682,339100
2017-03-29,183.59715270996094,184.93645002716562,183.03124594872773,183.62544660886192,170600
2017-03-30,183.52171325683594,185.22884579778548,183.2010394473819,183.54058065492382,147400
2017-03-31,182.71995544433594,183.90835648347198,181.6258913652311,183.56881538537644,269900
2017-04-03,182.71995544433594,183.8800625912643,180.71101713957378,183.06893743423626,344200
2017-04-04,181.96546936035156,183.9461287227763,180.50356987889379,182.67284564813076,191400
2017-04-05,181.55990600585938,184.068737251926,180.7487806553118,181.21093832430515,224800
2017-04-06,182.97463989257812,183.88951424336943,180.18285554953965,181.44671193796412,181500
2017-04-07,182.89918518066406,183.67259005307503,181.08830386896705,181.80510655747042,185400
2017-04-10,182.98406982421875,184.1630301549053,182.28613451907992,182.89918813439468,161300
2017-04-11,185.67213439941406,185.6815609025673,182.3427510521252,182.64455746071508,191500
2017-04-12,185.06846618652344,186.68127575646844,184.6912046614709,186.43605720434476,229800
2017-04-13,184.08755493164062,185.93617086127009,183.52166266946313,184.74778415825372,205300
2017-04-17,186.0304718017578,186.42660065669986,184.11584180707004,185.191052810942,342700
2017-04-18,186.0399627685547,186.36063656344754,183.9367013129126,185.0967943894999,128200
2017-04-19,187.33204650878906,187.67158760605764,186.01161690363529,186.74728688245,180300
2017-04-20,188.2469940185547,189.72777544444816,186.78507999196677,187.7282484747191,227600
2017-04-21,188.18099975585938,188.77518617699965,187.13408205280876,187.8791789012525,412900
2017-04-24,190.23704528808594,191.5857834553006,188.19037178195472,190.7180703369136,553000
2017-04-25,190.33132934570312,191.7177876323488,189.3127060499061,191.69892024031458,708600
2017-04-26,191.64234924316406,191.7932596094504,189.03919579534139,191.18963253590977,619500
2017-04-27,194.72650146484375,194.9339852163786,190.75575724380425,192.37800760383143,204600
2017-04-28,195.13211059570312,195.48107829998992,193.65134368454457,194.46245469632302,192700
2017-05-01,198.35769653320312,198.54632728983626,194.14173364065329,196.07523127725244,420000
2017-05-02,198.414306640625,199.21600543600408,196.39592709523438,199.01793376471548,403400
2017-05-03,197.5654754638672,198.26342522398005,194.27381274075492,197.5654754638672,294200
2017-05-04,191.3028106689453,196.21670900706107,188.03944231455588,188.13376489264533,589500
2017-05-05,188.954345703125,191.10476841162577,186.5775717989549,191.09534190900857,677200
2017-05-08,183.90838623046875,188.58649279246026,183.65372676780535,188.58649279246026,400000
2017-05-09,183.35186767578125,185.68149396794323,182.18234847562402,184.09697851291628,484500
2017-05-10,184.0592803955078,184.30451335401935,182.4464707283392,183.61599016146602,304200
2017-05-11,182.86146545410156,183.78576631217544,181.80510722469742,183.02180233008133,243800
2017-05-12,182.4653778076172,183.74808749734345,181.84288316592458,181.99379357450618,255800
2017-05-15,183.70091247558594,184.3233926791785,180.52242519551652,181.72025308780636,188300
2017-05-16,183.24734497070312,184.1071323263052,181.44274014743382,183.2095586153754,194400
2017-05-17,182.40650939941406,183.24739660591115,181.44279127414256,183.24739660591115,233300
2017-05-18,182.82217407226562,184.05988260813885,181.76398315611812,181.76398315611812,188800
2017-05-19,185.74168395996094,186.2707794962765,182.82220110772337,182.82220110772337,163500
2017-05-22,187.8297576904297,188.57615731434095,186.1196399961034,186.66763598058355,276600
2017-05-23,188.64222717285156,189.4831140002899,187.8485840941662,188.31153534834866,171800
2017-05-24,189.1240692138672,189.8799259052593,187.77298745204632,189.23744267170747,146900
2017-05-25,190.2200927734375,190.97594959229406,188.68003576648462,189.12410110693398,249300
2017-05-26,190.10678100585938,190.57918986889422,188.65175363431842,189.9556067096624,187700
2017-05-30,189.67213439941406,190.3901905899167,188.60448589129547,189.794965301558,162500
2017-05-31,188.9823760986328,191.3255191607956,188.3115494164684,190.44684591877296,500400
2017-06-01,192.87510681152344,193.1396546445079,188.75570059062528,188.89741749516136,382600
2017-06-02,195.59613037109375,196.5126045345039,193.9237992954069,194.36786469074053,253700
2017-06-05,193.75372314453125,196.24804065842773,192.5349005496127,195.01031767764252,161900
2017-06-06,192.25152587890625,193.90495706306345,191.98697804278316,192.70504881235365,224300
2017-06-07,194.6985321044922,195.1992841823233,192.4026182837161,193.3096493477094,199500
2017-06-08,192.7522430419922,195.28436183356175,192.18536110365739,195.28436183356175,178900
2017-06-09,188.96348571777344,193.56474198163488,188.41548987917952,193.0073031587922,252100
2017-06-12,189.24697875976562,189.78551732519807,185.57163866664504,189.11470486503018,203800
2017-06-13,190.76812744140625,190.8909439275238,188.80290507902626,188.80290507902626,116000
2017-06-14,190.32400512695312,192.81832229971405,188.85953538313768,189.98387031172354,161400
2017-06-15,188.8312530517578,189.83275743787704,187.8014052899388,189.74772731077778,290400
2017-06-16,189.7476806640625,191.06097627679733,188.0186630875665,188.39658428183876,227200
2017-06-19,192.1853790283203,192.4877132069422,188.44389445254956,190.37133070626538,143400
2017-06-20,192.2892608642578,193.56475583407152,191.79795172953558,191.85463847262452,156300
2017-06-21,192.22314453125,193.51755449173604,190.8815052225371,192.4121051744765,167600
2017-06-22,193.07347106933594,194.2639359858864,191.76017525858006,192.19478325584717,186600
2017-06-23,194.73638916015625,198.39282927930046,192.74282310916982,194.32066703892306,495400
2017-06-26,196.0212860107422,196.6165256434377,194.67964690353722,194.67964690353722,232600
2017-06-27,194.37730407714844,196.72990488864855,194.06551256597822,196.28583950153683,158200
2017-06-28,195.8795928955078,196.72992297376268,194.47180947325174,195.9173792563485,165600
2017-06-29,194.3961944580078,196.20079928578386,193.05455538058226,195.936251547518,196600
2017-06-30,196.29531860351562,197.84481904254272,193.2057751291217,195.39774467899653,186800
2017-07-03,195.51109313964844,198.21327197066012,194.5284892087224,196.6165423850018,170600
2017-07-05,196.3236541748047,197.69365130787378,195.3032637942393,195.3032637942393,264800
2017-07-06,193.44195556640625,197.7408640008135,192.91284561412385,194.7457940169789,262200
2017-07-07,199.7344207763672,200.06511267973647,194.07497297853598,194.40565046513385,195700
2017-07-10,196.97552490234375,199.23363788171818,196.7204345878016,199.01633391929624,227900
2017-07-11,196.12525939941406,198.43061688826063,195.6717509412591,197.92986466187048,202400
2017-07-12,197.1929168701172,199.43213030067804,196.61657747201306,196.61657747201306,175400
2017-07-13,197.68418884277344,198.58176270862066,195.52056281176178,197.6558454671931,129200
2017-07-14,199.44155883789062,200.89658612554686,197.183445179439,197.43854998746744,162000
2017-07-17,199.36593627929688,200.46192804368866,198.0715409125063,199.85724541795025,292100
2017-07-18,199.13919067382812,199.82890341962076,198.251059907502,198.84629955233143,106200
2017-07-19,200.19737243652344,201.08550316187865,199.29979872653882,199.63993359121167,104800
2017-07-20,200.83982849121094,201.6240141951216,199.8572103861416,201.28387937671582,86800
2017-07-21,199.51712036132812,202.42716014618438,198.63844695962382,200.98159044760703,119200
2017-07-24,202.40823364257812,202.6916817544425,199.01634253476183,199.4698508636829,126300
2017-07-25,203.6932373046875,204.43019393137473,201.82250236131017,202.8429071713633,258200
2017-07-26,200.32965087890625,203.78768634590207,199.36593300420216,203.78768634590207,186200
2017-07-27,198.8085174560547,201.0193871777392,197.05115614520412,200.8871132905471,229100
2017-07-28,198.50619506835938,200.00845167967898,196.69213248412544,197.97708507150674,210800
2017-07-31,195.7850799560547,199.32814551686047,194.58515771609936,198.7801496467767,297200
2017-08-01,193.1396026611328,201.74689115485356,192.40264612234515,196.90942989167877,310900
2017-08-02,191.8074188232422,195.66227642229674,189.92724099620384,193.13961512036298,419500
2017-08-03,204.91207885742188,205.9230263562778,186.80936725226462,190.84374309374815,677100
2017-08-04,202.4365997314453,205.941879127465,199.16753913579817,205.941879127465,386600
2017-08-07,202.75790405273438,204.8081569326033,200.37695917875496,202.34218191731847,270800
2017-08-08,201.24620056152344,203.06024909009304,199.38490825744802,202.92797516874242,190000
2017-08-09,198.9785919189453,202.27599610945362,198.44948195394073,200.78318257450013,173800
2017-08-10,192.7427978515625,199.29037715264542,192.38376253631478,198.50619120108803,252400
2017-08-11,194.33273315429688,196.1876735872353,192.24120842763688,192.36422994983758,202200
2017-08-14,197.69247436523438,198.12782247071928,196.20664154865406,197.49372503774612,114500
2017-08-15,197.70184326171875,198.7050337547806,196.51884990940871,197.92898318406355,122200
2017-08-16,203.2761688232422,203.3708140963789,198.1561830213891,198.24135510270742,318300
2017-08-17,200.541015625,205.72726857681113,200.23817685368527,202.85969401312548,272100
2017-08-18,199.36753845214844,201.63888026893554,198.02365952578486,199.99216250605858,174700
2017-08-21,200.41802978515625,201.9606434812712,198.06150154685062,199.12145909620645,167700
2017-08-22,201.5821533203125,202.4812257638542,199.67990439613413,200.40861821495554,165900
2017-08-23,196.49998474121094,202.16888115297482,196.40533947148734,200.57894459567095,288300
2017-08-24,196.53778076171875,198.04254483175094,195.5251459669656,196.82170205287346,137400
2017-08-25,195.91319274902344,197.5126023564596,194.5598550447863,197.2192222634202,123000
2017-08-28,196.2633514404297,197.1245597035334,194.02985921223345,195.91317555680035,557500
2017-08-29,194.58824157714844,195.94157925246802,193.02669588395827,195.3358871388916,442600
2017-08-30,196.45266723632812,197.00157804520933,192.7806501759426,194.55987731915474,418900
2017-08-31,200.39913940429688,200.5410928766528,196.03625791684595,196.8406994357736,296000
2017-09-01,199.22560119628906,201.58212988519918,198.61045023823414,200.39913616521562,149900
2017-09-05,199.63253784179688,201.48746371549012,197.99527874657133,199.0268456976138,207300
2017-09-06,213.32684326171875,215.7022888765913,198.27915812875818,200.81550355846346,778900
2017-09-07,214.96412658691406,216.56353620090917,212.24797797666167,213.80952370962194,364000
2017-09-08,220.27342224121094,222.5731550133502,214.4814898306314,215.7212648912504,539400
2017-09-11,221.31448364257812,223.3681591257119,219.62042845123543,223.3681591257119,476600
2017-09-12,222.90440368652344,223.0747622884943,220.50056684303183,222.20406621769405,201000
2017-09-13,221.4280242919922,222.7435126751657,219.59201580594268,222.6772580980539,247900
2017-09-14,221.74034118652344,223.30188708834447,220.65197832209094,221.42802911799103,238300
2017-09-15,222.62045288085938,223.10312348860197,221.00212580069896,221.87280731555728,349700
2017-09-18,226.8792724609375,228.01494358855876,223.16940574225907,223.8318793633013,260800
2017-09-19,226.89817810058594,227.702619544849,224.76878956783798,227.702619544849,248600
2017-09-20,224.16307067871094,225.961215004512,221.70243844682037,225.24196016235928,279800
2017-09-21,224.35238647460938,224.77826131762026,221.04000412099424,223.5100955394666,226900
2017-09-22,228.80990600585938,229.16006750848686,223.33027128060326,224.172562189699,312500
2017-09-25,229.55755615234375,230.4850191574473,227.37138613417923,230.22950291903078,330500
2017-09-26,227.8729705810547,230.77840995401755,227.26727840218342,229.55755240481665,245000
2017-09-27,228.29885864257812,229.74684181724325,226.00858450721998,229.40613904433138,213500
2017-09-28,227.59849548339844,228.81933844735212,226.93600755666066,228.30829159846985,214800
2017-09-29,228.99916076660156,229.60485288703492,227.4092099249395,228.46918196632728,206800
2017-10-02,231.601806640625,232.680696461215,228.53548136275938,228.91404806172966,316800
2017-10-03,231.15696716308594,233.44724121538326,228.7909797816828,232.52923695613157,227500
2017-10-04,232.88885498046875,233.3241885405989,230.78785718098177,231.72479331562,225700
2017-10-05,233.21070861816406,233.59873412456398,230.71222581244095,232.7942924104027,146300
2017-10-06,232.86050415039062,235.34951330367062,232.47247871540532,232.49141065977696,341800
2017-10-09,230.56076049804688,233.16334691984136,230.25792158729442,233.16334691984136,147900
2017-10-10,227.53224182128906,231.20425835896287,226.1883629042981,230.57963430940907,182400
2017-10-11,227.03065490722656,227.89187766725124,225.4407185264171,227.11582697601872,169700
2017-10-12,227.1632080078125,227.65533748875546,225.9234327738586,227.14427606293395,241700
2017-10-13,225.91395568847656,228.7909901203003,225.73413832882977,226.7562466566839,242100
2017-10-16,226.216796875,228.9802685565172,225.2420111751815,225.90448479046955,176700
2017-10-17,227.8540496826172,228.28939772642542,225.95180097572342,226.58588387802132,171000
2017-10-18,227.74049377441406,230.07809059561208,227.65532168963563,228.6395661423729,163800
2017-10-19,229.0181427001953,230.201136509348,226.71839522596437,227.21998344577773,121800
2017-10-20,230.03073120117188,230.90141273508087,229.21683104804225,229.78467373751482,125800
2017-10-23,229.96449279785156,233.712208365834,229.4912953666833,229.898238225885,129600
2017-10-24,228.32717895507812,230.29568165390685,225.99905609185856,229.77516168340264,160900
2017-10-25,229.4344940185547,229.58592065868282,226.3114026007376,227.24832424974704,208400
2017-10-26,228.3651123046875,231.0244798965997,227.3146132958382,229.42507006466465,219900
2017-10-27,229.7752685546875,230.07812192960057,226.3398640331851,228.4503211415521,179700
2017-10-30,224.06845092773438,229.9550283505571,223.150446721096,229.68058018401368,263300
2017-10-31,224.2766571044922,225.7625040141621,223.37758484669627,224.31452098698213,419200
2017-11-01,228.753173828125,229.91723579765144,222.67730436959687,224.4659905923692,302000
2017-11-02,241.14144897460938,249.81988939481928,234.13811730759392,240.1950539742701,586700
2017-11-03,242.66510009765625,245.9680087886934,239.78805174807889,242.07832548746512,439000
2017-11-06,242.8259735107422,244.06577731295044,240.53571418892815,242.53259342308567,178500
2017-11-07,246.35604858398438,246.41282996617664,241.74711014540767,242.77867709747338,299600
2017-11-08,245.67465209960938,246.69677477980554,243.51687285236056,245.6083975240691,214300
2017-11-09,243.35595703125,245.67460681261934,237.6965060950551,244.4537495125326,197200
2017-11-10,239.33384704589844,243.47904760451553,235.38738136375693,243.47904760451553,424500
2017-11-13,243.166748046875,244.63364883128872,237.9426432932943,239.2770637883183,199200
2017-11-14,243.11929321289062,243.2614636718539,238.14415136766212,240.32374654574528,261600
2017-11-15,242.0674591064453,245.45057292458452,240.34273101249767,241.2998657419871,204900
2017-11-16,249.6486053466797,252.44418091005616,242.3517123862801,242.3517123862801,356200
2017-11-17,252.27357482910156,252.50103020294918,247.66801561791536,249.24111607060968,235500
2017-11-20,252.68113708496094,254.7090908571743,249.25062349578593,252.2736260457262,189400
2017-11-21,253.59083557128906,255.65670310335784,252.68110078174504,254.19731579100255,379700
2017-11-22,252.5958251953125,254.44375228266458,250.85215453460765,252.86116575411646,277500
2017-11-24,253.69517517089844,254.2827130846127,250.60585825040715,252.97498139922945,55300
2017-11-27,253.91297912597656,255.59979254977918,252.51044872643337,253.88455082355063,177000
2017-11-28,256.04522705078125,257.03078988291094,252.39677345140973,254.51949747143138,286300
2017-11-29,250.56787109375,256.76550354085714,248.70100144023087,256.1400517416122,296100
2017-11-30,251.61976623535156,253.64774909110687,249.12747351779208,251.88510681349248,327800
2017-12-01,251.6765594482422,252.7379504133138,245.5926702538846,251.43019042201823,262700
2017-12-04,239.73623657226562,255.43877276045004,239.53723838267365,254.50060951813592,311200
2017-12-05,238.57061767578125,242.09587284550443,237.49029847602577,240.57015749269425,341500
2017-12-06,237.0070037841797,240.2100473430025,235.91719883590264,238.67486069966154,377400
2017-12-07,238.03988647460938,240.55114982166356,237.07328072254785,237.1396230743431,306900
2017-12-08,239.52772521972656,241.77366289357576,237.66085577309687,238.91175923295964,333500
2017-12-11,238.97805786132812,239.32869773605086,237.40497190598097,238.82644504898667,307200
2017-12-12,236.7795867919922,242.4844379912132,236.32471930719674,239.97315939020513,391900
2017-12-13,238.72219848632812,241.19556228568527,236.11616444125718,236.11616444125718,365600
2017-12-14,236.29623413085938,240.62698162889893,235.63286840269313,239.43294934615136,345300
2017-12-15,238.96859741210938,241.78311551964484,236.7605739613508,237.2533553887236,658000
2017-12-18,238.72219848632812,241.65042963385085,238.30523072552123,239.8214744993696,309700
2017-12-19,240.9208221435547,242.12434052686547,237.41452343105155,238.0494465809932,470200
2017-12-20,242.38015747070312,243.3941342505408,240.14370554118514,240.71228619175625,178000
2017-12-21,236.83642578125,242.51284824365743,236.7037555055665,242.38017796797394,220000
2017-12-22,236.38156127929688,239.40456380577217,235.87930848223098,236.6374305498698,150400
2017-12-26,234.91265869140625,237.547121178846,234.3440636316823,235.90769281593666,99600
2017-12-27,236.58050537109375,237.7745520540978,234.68520786534506,235.0263619947787,94700
2017-12-28,238.34315490722656,238.41896854973933,235.0074413965075,237.03540933880922,146000
2017-12-29,235.79400634765625,240.02051234602186,235.47179473192674,238.32422717662752,176600
2018-01-02,241.3946075439453,242.30435687782978,235.92668363686846,235.92668363686846,304500
2018-01-03,243.20462036132812,244.14278349010763,241.3093081575902,241.69784766545558,187900
2018-01-04,240.71231079101562,245.82013818482915,240.71231079101562,244.2565231609993,250900
2018-01-05,244.23756408691406,244.84404435119214,239.83098797759914,241.89685566146917,166500
2018-01-08,245.13784790039062,245.829642114087,241.43255112582813,243.73534582324427,230900
2018-01-09,248.4167022705078,248.89052673146173,245.17573023280485,246.38871969604892,141700
2018-01-10,244.4176483154297,248.966352050004,243.34680029409392,248.04713134248112,332600
2018-01-11,247.01412963867188,247.1183571208614,243.30881951087812,245.00511889151815,218200
2018-01-12,249.40220642089844,250.37828353662331,244.8535037091594,246.63508809590692,177500
2018-01-16,249.1653594970703,252.67167257427528,248.24613875542173,249.59181314049806,320200
2018-01-17,258.0542297363281,258.19637126535554,249.4495917798461,251.23114714356427,344200
2018-01-18,260.8877258300781,262.1860290920881,255.4766588076387,255.5809152231054,612500
2018-01-19,261.9491271972656,264.5077619293551,260.887736114083,261.65532942570485,337400
2018-01-22,260.3665466308594,262.59352742697877,259.7126665477445,262.40398607073223,196200
2018-01-23,259.5610656738281,261.4089928655509,258.9261570136654,260.64139945851616,367300
2018-01-24,260.6791687011719,261.81635860894437,259.15346831018354,260.6412835788693,413500
2018-01-25,263.5884094238281,266.4218979424181,260.4801236783008,262.3469922733847,263000
2018-01-26,269.69134521484375,272.14575192434006,262.25229699373807,264.2613076489277,331500
2018-01-29,272.59124755859375,273.66209562843244,267.2938927596156,268.28891270913675,316000
2018-01-30,266.8199462890625,271.97515715642413,265.3700450401133,269.9566609447625,334100
2018-01-31,263.20947265625,268.11828684366895,262.39450851267895,267.8245180086656,222900
2018-02-01,264.0908203125,266.0145466543533,260.2244250596941,261.96809577526955,347700
2018-02-02,258.1015625,264.20442188474124,258.08261993890795,261.9395567367689,194500
2018-02-05,247.76284790039062,259.94011467405323,245.88649242920306,256.8128844753603,295000
2018-02-06,248.23667907714844,249.44018295394613,240.50384493423726,244.33234071629116,431600
2018-02-07,249.31692504882812,254.26365305526048,247.03308791797105,247.9807367397401,286000
2018-02-08,236.09732055664062,249.7245061879387,236.06889223750554,249.51602220762862,328400
2018-02-09,239.51821899414062,241.6314716351879,232.35399683455833,238.36208637474007,246100
2018-02-12,241.83999633789062,244.3417888549732,237.1491371758576,240.80706250749859,225200
2018-02-13,241.60308837890625,243.85848296747943,239.5751202759178,240.56068324670142,170300
2018-02-14,247.2984619140625,248.31245323143125,238.61800852095413,239.87838335975133,161200
2018-02-15,251.70504760742188,252.62426833292724,245.4505870800159,249.26012580924817,220500
2018-02-16,253.86569213867188,255.77044687042036,249.99926821163567,252.0177651106096,183800
2018-02-20,254.98387145996094,256.62328538743174,252.25463826839882,252.25463826839882,264700
2018-02-21,255.8652801513672,260.3571280374157,254.63334777788086,254.63334777788086,318400
2018-02-22,236.38156127929688,247.43115173469775,231.34954756455804,247.43115173469775,930300
2018-02-23,241.90634155273438,242.6928918840385,231.98445629805465,237.2533819294656,536900
2018-02-26,242.8445281982422,243.97223275777282,238.1346973190362,241.97267844299344,399100
2018-02-27,240.4375,245.19468746124713,240.36168634651716,242.56023891759185,476000
2018-02-28,236.75112915039062,241.05344884357942,236.70374381284964,240.4374828354712,451400
2018-03-01,230.27940368652344,237.96582800534753,228.9413940233746,236.62781834219868,368100
2018-03-02,233.0692138671875,233.4392999830955,228.58073056816414,229.3114041305472,363200
2018-03-05,237.71905517578125,238.5256603103156,229.62459469544427,232.30061358252212,265800
2018-03-06,241.33453369140625,241.70461987467988,235.37517455406234,238.40229679965813,259800
2018-03-07,244.49449157714844,246.65807456005615,239.7687723755007,239.7687723755007,376400
2018-03-08,248.06251525878906,249.01145566575002,243.88718326003342,245.45292913964641,375300
2018-03-09,255.51174926757812,257.02056131128677,250.0648106581635,250.07430933094017,319200
2018-03-12,252.77874755859375,255.96717339166946,250.58669755851355,254.81896362004713,381200
2018-03-13,253.69927978515625,255.88183162083826,250.8334605873868,253.61387860473766,300500
2018-03-14,252.1239471435547,256.2043787934865,251.44070897861138,254.1736616383846,282300
2018-03-15,252.35171508789062,255.42630169412035,251.6115427299648,252.13347732861487,287600
2018-03-16,251.24154663085938,254.45844051466432,249.751702795653,252.77882591686983,761200
2018-03-19,248.75521850585938,250.54870057335316,245.6616639309622,250.54870057335316,260300
2018-03-20,251.7349395751953,252.86418110889633,242.19808446886822,248.6508828902432,308700
2018-03-21,246.77194213867188,251.7349109103923,246.21207077166423,251.7349109103923,267000
2018-03-22,243.69737243652344,248.47054130660953,243.69737243652344,244.0105389737246,657100
2018-03-23,239.94908142089844,243.87769428268516,239.67389506300142,243.87769428268516,383400
2018-03-26,245.89894104003906,246.33544553415325,240.11988275143088,241.53380922080513,268100
2018-03-27,244.49449157714844,249.3530618574069,243.44118161938692,247.19897754562385,373200
2018-03-28,240.17678833007812,244.55138907795066,240.043937271354,244.3331513496575,329800
2018-03-29,241.96078491210938,244.3900841554151,238.4686916843163,241.24907971278074,285100
2018-04-02,237.27301025390625,241.95129314712537,234.02763638413535,241.5147742674781,341400
2018-04-03,238.50665283203125,240.02496311221168,234.04663629356114,238.18401660338887,266900
2018-04-04,239.74026489257812,240.4045201736144,232.10129296146295,235.26126574090608,251800
2018-04-05,239.18992614746094,242.96671954231374,239.1140091743316,240.81262067877577,254400
2018-04-06,234.08460998535156,239.09502859861541,230.3932324233053,237.6146694176049,215100
2018-04-09,235.5839385986328,239.88263745421654,233.39188859038325,234.2649120212192,209100
2018-04-10,242.56813049316406,244.114907915397,237.20662324432894,238.88625173794082,245500
2018-04-11,242.26446533203125,242.89076941509737,240.22423496683345,240.72717217544349,201400
2018-04-12,245.03536987304688,245.69963967885073,242.4542510518117,243.8112287552016,209900
2018-04-13,244.37115478515625,246.0982334994737,242.67255760803874,246.0982334994737,252100
2018-04-16,249.11578369140625,250.96622876032288,244.63678455866358,246.8857972741967,201800
2018-04-17,252.8546600341797,253.718199304582,246.93328099069393,250.52027467424608,219400
2018-04-18,254.98023986816406,256.65035490516755,250.92824673508977,252.61735910982406,158500
2018-04-19,255.872314453125,256.2613545497576,252.9115959508603,254.2496054480104,155300
2018-04-20,257.1912536621094,257.9124574598326,253.93639582235272,255.73937635730485,241900
2018-04-23,257.8271179199219,259.5731647784699,254.6766288458761,256.84021179661636,263200
2018-04-24,249.9224090576172,258.71910441477166,246.8858173896387,258.71910441477166,280700
2018-04-25,250.98519897460938,251.23193270809736,247.5595385518673,249.52385183150238,332200
2018-04-26,255.3788299560547,256.1664666872293,251.01369842431922,252.4655760446383,185300
2018-04-27,256.89715576171875,258.1687324696938,253.90799918287442,255.71098021778337,203000
2018-04-30,254.2021026611328,258.41539942032836,254.154638276032,257.9788660823112,214100
2018-05-01,256.57440185546875,257.42844206367175,252.76914318815068,253.39544706332637,236600
2018-05-02,255.8247528076172,258.2066016764859,254.3539072666941,255.76781871953972,363100
2018-05-03,252.56053161621094,259.6870846966025,249.09690426309308,255.51175190273293,536100
2018-05-04,257.2482604980469,257.2482604980469,249.37206642692763,252.90212602338622,396300
2018-05-07,258.4818115234375,260.873130185077,256.17586503757167,257.7226420567117,301100
2018-05-08,254.04086303710938,258.82353145193844,253.49998894016923,257.5044902050878,240900
2018-05-09,253.45240783691406,254.79041685305253,251.99103197427755,254.078711778044,277700
2018-05-10,254.8378143310547,256.45102384462183,254.1071409882045,254.35387464446399,257400
2018-05-11,252.1144256591797,255.72988550835223,248.29019780740649,255.51164779610383,407200
2018-05-14,252.06703186035156,255.83915441284927,250.97435765926022,252.82714547942138,223600
2018-05-15,246.39459228515625,251.81997781958856,245.49193200516973,250.945821074945,313400
2018-05-16,246.18548583984375,249.05494722559442,244.19015195068096,246.03345736294432,339600
2018-05-17,246.54653930664062,247.23065292520474,244.61772339542688,246.66055341032367,269600
2018-05-18,251.17379760742188,251.4873363953989,245.93842765950492,246.83157680842456,469100
2018-05-21,253.2451629638672,253.33067355314287,251.01228981121432,252.5990636250267,210400
2018-05-22,249.09300231933594,253.72977013522103,248.40888855967302,253.69175576066425,292800
2018-05-23,252.64649963378906,253.22610992937803,247.43015195580267,247.43015195580267,248700
2018-05-24,253.3876495361328,253.92924553159153,250.13813155631274,252.74155027653265,263300
2018-05-25,252.65609741210938,254.1953461748425,251.37338044434082,253.38770741761988,261300
2018-05-29,248.74142456054688,252.4755318403463,247.53470750828535,251.1358079849628,226700
2018-05-30,253.60630798339844,256.49479223928125,250.43278833891628,250.43278833891628,244900
2018-05-31,253.84373474121094,255.43999020352766,251.69637244298522,252.7700535920981,635200
2018-06-01,255.6586151123047,256.40921786602036,252.57060650302927,256.40921786602036,259200
2018-06-04,258.6419982910156,259.763204588877,255.52548726901136,256.9697431793193,279700
2018-06-05,263.27874755859375,264.12440039718877,259.7156622202808,259.7156622202808,300700
2018-06-06,264.91314697265625,265.7207858442895,263.3928906842543,263.3928906842543,194000
2018-06-07,263.6873474121094,265.3026246072169,261.1504465073602,264.92256791321137,255700
2018-06-08,269.1602783203125,269.4073282397674,263.52585836151326,264.2859718108785,218000
2018-06-11,269.7397766113281,270.3858756743393,266.29070600065364,268.60908875282996,212000
2018-06-12,270.67095947265625,270.9560236962214,269.57828577347965,270.16737790713336,199200
2018-06-13,270.262451171875,273.2554376165847,269.283791375758,271.51666440470495,384100
2018-06-14,269.9964599609375,272.1723263476244,268.4096859330498,270.870587655777,464800
2018-06-15,268.0296630859375,270.31003305238073,267.13651359130495,268.87531635070803,648900
2018-06-18,265.9109191894531,267.0891335653012,262.88942694442756,265.81592668840034,450200
2018-06-19,262.5757141113281,266.26232540265664,261.7490827231482,264.69454422207184,476300
2018-06-20,263.4974365234375,265.79679926833745,262.7087903036616,264.51411104942406,265600
2018-06-21,265.63519287109375,267.0604272627234,261.7205537148524,264.4854829177222,241800
2018-06-22,267.6685485839844,269.6353792709968,262.90828478633193,266.4523495642975,450500
2018-06-25,262.1861877441406,267.602091409554,260.2763638943361,267.602091409554,175700
2018-06-26,262.05316162109375,264.16251029562903,260.228877305887,263.25036813802564,319600
2018-06-27,255.82008361816406,263.63988073250846,255.6680551242379,261.57802871694304,315800
2018-06-28,255.953125,256.65623142781436,253.12164860732256,255.59206094361826,213700
2018-06-29,254.84132385253906,257.84382018857025,254.6607918990481,256.5801255105924,296100
2018-07-02,254.2617950439453,255.21195120704192,250.82223437296997,252.6940431741289,209800
2018-07-03,256.52325439453125,257.0458288548188,253.5682526925312,254.6609268345252,86800
2018-07-05,257.577880859375,259.68722911146324,254.85093678047767,258.16697315560737,156200
2018-07-06,260.60888671875,260.8749293411794,257.67290702950305,257.67290702950305,161300
2018-07-09,264.4379577636719,264.6469932780932,261.84402101605286,261.84402101605286,158800
2018-07-10,264.41900634765625,265.82521912190197,263.56387147209375,265.03660214686977,144100
2018-07-11,262.38568115234375,266.62337053035975,260.6944039389493,263.9154480175529,129600
2018-07-12,264.23846435546875,264.7230243353305,261.7870449420603,262.65169062690836,110600
2018-07-13,261.9391174316406,265.0176439797203,261.77760707670836,263.8014449102546,149100
2018-07-16,259.0600891113281,264.57101261770487,257.88190467044996,261.53050109718896,206600
2018-07-17,263.7824401855469,264.4950575532392,258.9556579734933,258.9556579734933,165600
2018-07-18,262.55670166015625,265.7492421986281,261.25499204940724,264.12448289587707,127300
2018-07-19,263.5733947753906,265.32167917273307,261.81559953462806,262.6232383205432,211500
2018-07-20,261.7489929199219,264.6184536845255,261.45444687108505,264.0103399085651,126400
2018-07-23,264.7135925292969,264.8846137309881,259.28820732372833,260.7514273779407,109000
2018-07-24,261.4830322265625,265.9487495559752,259.68722285408955,264.59003297044046,110700
2018-07-25,264.82745361328125,265.3975529525843,260.88431242749186,260.88431242749186,126100
2018-07-26,264.9986267089844,266.3668543094908,263.20284610611566,264.31451290873116,165900
2018-07-27,261.43560791015625,265.6732986359322,259.34528058639927,265.6732986359322,155300
2018-07-30,257.2737731933594,261.1599084110367,256.63718480371233,261.1599084110367,199700
2018-07-31,259.11712646484375,261.673049330308,256.6847285625868,258.4805379572722,294800
2018-08-01,257.3117980957031,261.19793347251755,257.15028777979103,258.50900418607637,208700
2018-08-02,236.60791015625,244.6367274578622,231.41055438090183,240.3895279193494,1451100
2018-08-03,233.6053924560547,240.38950681143626,233.18732142883937,240.38950681143626,547000
2018-08-06,229.5577850341797,235.0496876987316,227.8760041979943,232.89282867704352,451200
2018-08-07,225.33905029296875,229.4247248965182,224.6454258207876,229.4247248965182,419900
2018-08-08,221.02532958984375,229.282189249654,220.53125880683982,225.3770467056531,310800
2018-08-09,220.4932403564453,223.2867018396027,219.5050843105052,222.15601366801684,228700
2018-08-10,216.75917053222656,220.5502850508059,216.17957458476724,219.20106478749167,206900
2018-08-13,220.1417236328125,222.28907173110332,216.55013384544225,217.93735397588944,310800
2018-08-14,219.83721923828125,221.24551316957084,218.83808599883272,220.3225058885085,151300
2018-08-15,223.61485290527344,225.28006989499357,219.0283625699223,219.0283625699223,556500
2018-08-16,225.48944091796875,227.13562299748833,223.39602791495176,223.81471341946352,336300
2018-08-17,226.61224365234375,227.5542859441087,225.00413197058134,225.5179639809275,255200
2018-08-20,229.27662658691406,231.18925686002524,227.28788487286664,227.72560551573287,346200
2018-08-21,231.77920532226562,232.1217648704862,229.75239345199867,230.504128205933,306500
2018-08-22,235.59494018554688,236.3276398632248,229.87611342640292,230.16158215324884,390600
2018-08-23,234.42445373535156,236.06112505207716,233.4443559086486,234.57670560656732,200900
2018-08-24,235.63304138183594,237.1460069574755,234.1771666551572,235.22386609837596,243500
2018-08-27,236.1278076171875,237.3838642086554,234.45308001477287,235.83282858967254,255300
2018-08-28,235.43316650390625,238.30685971376275,235.09060695227075,237.56464977180948,211500
2018-08-29,236.46084594726562,237.29821696950935,233.73940464451542,235.49978294731184,219200
2018-08-30,236.75587463378906,237.70742753341898,233.95830678574995,235.82335685762436,230800
2018-08-31,235.4427032470703,237.51709590927217,234.38649357373873,236.33716520566375,261200
2018-09-04,235.03346252441406,236.77480530489504,233.3872807997341,235.01442740934615,323400
2018-09-05,230.77053833007812,234.68142005809517,230.2281463840749,234.55771357506842,499900
2018-09-06,235.98501586914062,236.4322466978751,230.2757009690808,230.4850436769794,307100
2018-09-07,236.1278076171875,237.12694090230195,233.1304222813867,234.90982126642365,353700
2018-09-10,240.5334930419922,244.75838940050062,237.4314364322381,241.15199649611188,483000
2018-09-11,242.7030792236328,243.94961119371607,238.17369266770584,239.80083998820334,300700
2018-09-12,249.83010864257812,251.79982937670474,241.56112923722463,242.21770281526685,503200
2018-09-13,254.3690643310547,255.47286890260506,249.90628002743182,250.4010769571271,451700
2018-09-14,257.32843017578125,257.83275202456025,253.89333832711614,254.08363147360367,455600
2018-09-17,254.19786071777344,256.9192881273216,252.90373364761984,256.9192881273216,517800
2018-09-18,255.91061401367188,258.05160782754757,247.40372960341222,252.9512696861673,365600
2018-09-19,257.4805908203125,257.56622706173073,254.71156952481135,256.4148566527818,488400
2018-09-20,256.9477844238281,259.7738972144276,256.20557445049315,257.87079174032925,480700
2018-09-21,256.68133544921875,257.7375449853379,254.3690694060256,256.91922361923656,512700
2018-09-24,255.9391326904297,257.5187136682897,253.48413948426617,256.0342937689194,319700
2018-09-25,257.4521179199219,258.42269130177596,255.19694247682017,256.09140441344675,465100
2018-09-26,255.96763610839844,258.0705591142576,255.1493148536501,258.0705591142576,313300
2018-09-27,252.40878295898438,256.3767399542446,251.86639115589696,256.02467023475475,193500
2018-09-28,253.1986846923828,255.777384686358,251.809425715437,253.12257324449135,320500
2018-10-01,252.63723754882812,255.6917135328819,251.40972645578313,254.50227267813224,168500
2018-10-02,251.8760223388672,252.79902965986216,248.65024460580423,251.2860352461928,259100
2018-10-03,248.0697784423828,252.91317776992227,247.85091088677862,252.4468972418161,256600
2018-10-04,241.75144958496094,247.55592621321054,240.2194493286223,247.55592621321054,295800
2018-10-05,241.3233184814453,243.75930596994752,237.50759678611357,241.561206693563,227600
2018-10-08,238.4115447998047,241.26620305439536,234.83369716154374,240.79042667863024,260200
2018-10-09,237.67880249023438,240.000593110704,235.84231297851838,237.97378146718023,181000
2018-10-10,235.98501586914062,238.0308479005133,233.30163089673397,237.7453937711412,509400
2018-10-11,232.7021942138672,239.8198036875432,232.33108927589646,235.34750931417958,355400
2018-10-12,236.22296142578125,238.05945119578374,231.92193908983802,237.2982206396526,332200
2018-10-15,237.060302734375,240.38121199976084,233.1589312854827,236.24196692156278,255700
2018-10-16,237.59323120117188,238.80170737475876,236.6511886615113,237.71693771676055,332800
2018-10-17,236.81288146972656,237.95475615981164,234.00580431560365,237.5836367218561,376900
2018-10-18,233.33973693847656,236.927094416716,231.99804424635894,236.51791923592071,365100
2018-10-19,231.59841918945312,236.81292410274327,229.86660076491685,233.49201435585636,244300
2018-10-22,228.82940673828125,232.46434529977077,226.56472101229852,231.48424710534675,238400
2018-10-23,228.163330078125,230.58979263113372,220.57945307211946,225.33721708996265,300100
2018-10-24,223.1295928955078,230.31380400535096,222.8536344876919,227.31641887472378,244500
2018-10-25,228.29652404785156,230.24721000390196,223.46263454702785,224.31904069627885,270400
2018-10-26,224.147705078125,226.00322955336665,220.8648518496915,225.68921548531978,265400
2018-10-29,225.7559051513672,227.9825352517313,223.31040744968269,227.2783954617861,572700
2018-10-30,230.83718872070312,231.33200023886008,225.4228510018522,226.38392861592078,389300
2018-10-31,229.07679748535156,235.85184792291986,228.10620968596163,233.1304066764458,459200
2018-11-01,250.72457885742188,256.1294195566403,235.98503875358466,235.98503875358466,978200
2018-11-02,243.72119140625,254.63550175508996,243.15025399317045,252.9131937356734,597000
2018-11-05,245.65283203125,246.23326520053763,240.77136236158563,244.13034200560554,365800
2018-11-06,244.92962646484375,245.84310880391592,238.40197523374962,244.69173832161079,190800
2018-11-07,250.55331420898438,251.73323014719443,243.19781663458934,245.97634850005946,368200
2018-11-08,251.69529724121094,253.40808105224045,248.9738405185116,249.82073664046175,233000
2018-11-09,252.9988555908203,254.0931354704796,249.48762354005143,251.41927450507694,285000
2018-11-12,246.6900177001953,252.1995155224945,245.34832501605607,251.27650831591987,298300
2018-11-13,245.88119506835938,249.9728888221783,245.32930731727296,247.66059384949966,219000
2018-11-14,243.84214782714844,249.97820721220683,243.33716173143816,248.12025266867025,206800
2018-11-15,248.35848999023438,248.52998814314734,239.37351915342833,242.60353188132,217100
2018-11-16,249.7971954345703,253.77038070602106,243.69922749063704,246.25275547442607,254600
2018-11-19,241.126708984375,250.33082177691662,240.10719921549315,249.30177463982437,242200
2018-11-20,241.53640747070312,244.5091586025832,236.33407845124196,239.39259320321167,232900
2018-11-21,242.47964477539062,245.79540613976457,239.1734062386915,241.81266883277766,172300
2018-11-23,240.7360382080078,244.09944321350878,237.52507115792642,240.5931085427975,89900
2018-11-26,245.8526611328125,245.8526611328125,242.0986011798144,243.1181111179429,265500
2018-11-27,246.24330139160156,246.76733330843462,241.8032198430227,245.03324766731976,159800
2018-11-28,254.66607666015625,254.78040876825293,247.57719518474343,247.82493413718083,238400
2018-11-29,258.6964111328125,260.47815400877454,253.53218892510495,253.53218892510495,243500
2018-11-30,262.4219055175781,263.44138608823,257.7912521044405,259.5729951079847,358400
2018-12-03,262.62200927734375,266.11879217036926,260.52582375323556,264.68958269775214,233900
2018-12-04,253.61798095703125,263.15558158808335,251.79811738450968,263.15558158808335,313800
2018-12-06,255.39968872070312,255.41876345408284,245.63342523029354,249.28268923733606,222000
2018-12-07,244.52822875976562,255.13293871273447,243.75644342543785,253.19874303960088,263100
2018-12-10,245.03321838378906,248.81586070328257,238.05866902113468,244.69973035050208,303300
2018-12-11,243.2991180419922,248.7968004566511,240.54550815032718,247.18655532778956,203100
2018-12-12,246.31944274902344,251.3502582074101,242.33671990224587,246.60530204891882,220300
2018-12-13,244.32810974121094,248.73007014458406,242.3653311118051,248.301324760883,177200
2018-12-14,235.75289916992188,243.6802560218042,233.02788660809446,242.32727257171982,360000
2018-12-17,234.1521453857422,237.19159977207394,229.57867229346465,234.08544196698924,259300
2018-12-18,234.3236846923828,237.0010830456208,233.29466651416814,235.676682653628,189400
2018-12-19,233.57093811035156,241.0028302315833,230.7220420112561,234.32364869778053,265600
2018-12-20,227.40626525878906,235.9052952385824,224.3287051513743,233.00877064431018,316600
2018-12-21,226.9298553466797,229.6262986900454,225.0814089563487,227.3109865573335,514100
2018-12-24,218.70716857910156,225.12908877049924,215.35330061218013,225.07192271427593,200200
2018-12-26,227.82545471191406,227.82545471191406,216.07735439579054,219.33594933521167,224300
2018-12-27,237.2011260986328,237.42026747737918,223.74750575976452,225.73886744270015,545400
2018-12-28,242.4892578125,243.0990533999118,235.9244215126005,238.3636038622477,480200
2018-12-31,246.28140258789062,246.28140258789062,242.70836413847098,243.03232935576918,286600
2019-01-02,240.46932983398438,245.16665930500187,237.73476505715857,245.16665930500187,350500
2019-01-03,234.58091735839844,239.449758324023,233.21841127448863,239.17345088319428,288700
2019-01-04,239.28782653808594,241.5364504850957,237.56324907974502,237.5918321119748,405100
2019-01-07,238.3731231689453,241.50786469530664,236.8105210906397,238.6685053964031,201000
2019-01-08,240.90756225585938,242.0128211488123,236.95342158405413,240.6121946034794,222100
2019-01-09,247.3676300048828,249.05411619524745,241.77466025067156,242.72746679353133,204100
2019-01-10,250.22598266601562,250.3212691102699,243.45152937776805,245.72873582421207,147000
2019-01-11,243.908935546875,250.5214002919735,242.89894846766933,249.9306649279653,197900
2019-01-14,238.14439392089844,242.98465136411096,237.84902631272385,241.17431078514412,262300
2019-01-15,244.0232391357422,245.34765402137126,237.02012064707338,237.86811778233823,171900
2019-01-16,236.90577697753906,241.5364165509503,235.96249343045974,240.0881467871935,1311600
2019-01-17,242.6798095703125,242.87036796016562,234.88585947753512,236.41987850466376,12248500
2019-01-18,245.74783325195312,247.21513413506733,243.21335026425297,244.99510807337958,646200
2019-01-22,245.37619018554688,247.60575330115037,243.47057770273992,245.3571445285608,354300
2019-01-23,248.28228759765625,249.38754654957617,244.46155357268114,245.2142497193071,350800
2019-01-24,253.4464569091797,253.5512516372452,246.95784881600017,248.44422420702483,270400
2019-01-25,256.1429138183594,257.05762883412535,252.28405979895874,254.58986391985732,307700
2019-01-28,255.2187957763672,256.8576245088693,253.41800618369518,253.4656348890737,347000
2019-01-29,255.22824096679688,256.44783197301115,253.3512112306275,256.44783197301115,226200
2019-01-30,259.7731018066406,260.5448725187389,253.76086780662476,256.4859087163419,327200
2019-01-31,260.5924987792969,262.974514307444,258.75358977012843,260.0875126504232,319300
2019-02-01,258.87750244140625,263.71774600849864,257.61025368559547,261.4024335072323,245500
2019-02-04,259.3443603515625,259.83030089035043,256.01907552534254,257.7722357039651,299200
2019-02-05,260.5067443847656,263.93685249065317,259.1918671877306,260.0208039222082,234600
2019-02-06,259.6873779296875,260.8021742342159,257.87705154862294,260.45914880307475,279100
2019-02-07,258.1057434082031,258.5249514791458,255.39974760477216,258.12478906863646,316900
2019-02-08,261.20233154296875,261.21183983332264,256.51451177979044,256.5716778312758,246400
2019-02-11,262.5838928222656,264.75629009013943,260.87836135103464,262.2123134740283,213900
2019-02-12,264.7848815917969,265.1279070015674,262.3266539773686,264.6038460572346,346400
2019-02-13,268.29119873046875,268.5008172901652,263.7844433130096,265.9377658873356,203300
2019-02-14,268.2340393066406,269.9491082221927,264.2417782828293,267.4051024155948,188600
2019-02-15,272.3979187011719,272.7885438562023,268.0245104037548,270.2159832382922,256500
2019-02-19,268.69140625,273.9508871385392,267.34794572946873,272.1024403863765,450500
2019-02-20,272.9599914550781,273.6936419246825,267.6528527601692,268.6914082602627,246900
2019-02-21,262.2409362792969,266.871561785324,257.14341582846356,258.15338836460967,605300
2019-02-22,271.95001220703125,273.11243716412633,264.10840516162125,264.10840516162125,307000
2019-02-25,276.4567565917969,276.7140329157538,268.8247975021383,274.1509815084858,293400
2019-02-26,274.7702941894531,276.5996660603522,273.99852338808296,276.5044086891937,166700
2019-02-27,276.7044372558594,276.8473523627605,272.87416700422915,274.40817094719455,117700
2019-02-28,276.4851379394531,277.10518228943914,274.58683980461626,276.7808518465454,177600
2019-03-01,280.93994140625,281.0734755212797,277.2863991118406,277.7633607295965,241300
2019-03-04,279.1274719238281,283.8780202521654,277.8778347786113,282.2372710758721,362600
2019-03-05,280.05279541015625,280.9399662222323,276.9907097048827,279.07025555524643,214800
2019-03-06,273.90948486328125,280.0050381553266,272.8029306064079,280.0050381553266,207200
2019-03-07,274.3006286621094,275.94137787500154,271.60103857749186,274.892085551773,231000
2019-03-08,273.6710205078125,273.87133621374454,268.8918563148974,272.63121867893875,313400
2019-03-11,278.4310302734375,278.5645643460875,274.8061056620778,275.13046507726557,217400
2019-03-12,282.7809753417969,283.372403025313,277.22913573147207,278.59323882234617,229600
2019-03-13,283.73486328125,288.01796829344653,281.49313837868766,283.02896956737,314600
2019-03-14,285.0894775390625,285.5092060818076,280.482041228082,282.9813153889745,227700
2019-03-15,288.94342041015625,288.99113405170056,285.0609448041777,285.0609448041777,655000
2019-03-18,287.2167663574219,290.7749107893231,283.12442720001127,288.47595211530654,300800
2019-03-19,287.531494140625,289.69688895088154,286.9686539316861,288.3614025235995,217100
2019-03-20,287.8940734863281,290.6223095768056,285.3280171845768,287.5316070441401,281600
2019-03-21,290.9083557128906,291.82414277132125,284.46937533486533,286.6252506733846,218200
2019-03-22,287.7890930175781,291.18505728633596,287.5410636695076,290.7080956855394,151600
2019-03-25,285.785888671875,288.32332823841176,282.47577353227376,288.32332823841176,299000
2019-03-26,290.0307922363281,290.19294286359326,286.5680466686562,288.41865984194965,281700
2019-03-27,285.96710205078125,291.72880645730135,284.72701350794836,291.72880645730135,190600
2019-03-28,286.28192138671875,287.8940541703289,284.3073221852399,287.7795880266409,178000
2019-03-29,288.2373046875,288.52346987096735,285.28013830888375,288.14190658920677,235100
2019-04-01,288.33282470703125,291.4903080492132,285.07994322621704,289.6205976885802,268700
2019-04-02,288.78125,289.5253091097987,286.52042702077256,288.81938597690976,123300
2019-04-03,288.39959716796875,290.78440524173743,286.0434056266282,290.22159402969925,252400
2019-04-04,288.2756042480469,289.4584597068059,286.5394570278886,289.4584597068059,124000
2019-04-05,288.3518981933594,291.5284495793221,287.6364558071004,288.46636431733276,146700
2019-04-08,289.37261962890625,290.08806205631674,284.79377062662314,288.7430267994138,108100
2019-04-09,289.382080078125,290.0784543789699,287.7699769194824,288.0943072604261,102600
2019-04-10,290.8034973144531,292.9212080118366,288.08481033503267,288.80980129259177,161300
2019-04-11,291.1755676269531,291.88149073466985,287.7605346836094,291.88149073466985,134100
2019-04-12,291.070556640625,295.70660887707373,289.5919583866535,293.34089824899513,244400
2019-04-15,288.790771484375,293.1978930975907,288.3233583167409,292.07227043069105,203900
2019-04-16,280.48193359375,291.14678403855396,279.4135446627277,290.27871075424457,251900
2019-04-17,264.9521484375,281.0352783799708,264.16992448687444,281.0352783799708,389700
2019-04-18,264.284423828125,266.9935914665472,259.0473945199048,264.8758806946207,382600
2019-04-22,261.8901062011719,267.2797669265016,261.0983335740781,263.34005911085865,288900
2019-04-23,267.24163818359375,267.7949300652334,262.2430888178642,262.6151038107861,327400
2019-04-24,266.030029296875,267.0984183122974,262.3288036995778,265.1810239223306,343600
2019-04-25,268.34808349609375,269.21615694112165,263.7406481001677,264.3702407892457,229200
2019-04-26,269.04443359375,269.6835456598375,266.85039336942566,268.18590877180475,244600
2019-04-29,267.6517639160156,270.2941498633466,266.1064129594217,269.34974608098537,252200
2019-04-30,272.9937438964844,273.5374871261629,267.34653465821424,267.6803845007002,273100
2019-05-01,267.6803283691406,272.76475443842327,266.4402400705657,272.76475443842327,322400
2019-05-02,284.2977294921875,285.21348761092884,272.94604926000136,274.25291938323426,482700
2019-05-03,286.52032470703125,286.87330070314766,281.12114564759025,285.30885286551506,399700
2019-05-06,285.2230224609375,287.2071698081608,281.2737666379947,282.70465136605964,335800
2019-05-07,280.7681884765625,285.77628502380315,278.17351633905895,283.6967395395003,411100
2019-05-08,282.68560791015625,283.2484191253228,278.84129843832994,280.26263474253994,252300
2019-05-09,287.4552307128906,288.0848235557546,278.8031397869073,280.65375323402736,227700
2019-05-10,288.8766174316406,289.5062103843093,280.64428274322705,285.49020092393556,262300
2019-05-13,280.5201416015625,285.16574192069385,280.06224808470813,284.2499839984046,253700
2019-05-14,284.1302490234375,286.62285688046785,280.7494434155652,281.1410081992424,169900
2019-05-15,282.3061828613281,283.50949789737734,279.909054102034,282.10563521284183,198500
2019-05-16,287.9503173828125,292.05692349744885,281.7808194654058,283.16562083750006,331000
2019-05-17,282.6880798339844,286.5272790746216,281.93360010892894,285.19980628762045,287900
2019-05-20,278.6101379394531,281.8190158300355,277.1107380124877,281.8190158300355,243600
2019-05-21,282.095947265625,285.1138368034739,279.09714778009334,279.8707175031523,168700
2019-05-22,284.3594055175781,284.7605298454369,279.95674323709096,280.73031309177577,97100
2019-05-23,278.8011169433594,282.9650511902841,276.19391102750006,282.9268419370681,170400
2019-05-24,282.3155822753906,284.4453034664289,279.6319581210734,279.6319581210734,232700
2019-05-28,276.6045837402344,285.70599347317597,276.31805804018876,282.50664593262985,141200
2019-05-29,275.70684814453125,278.53372094134716,273.3765790777262,276.2512207291397,200900
2019-05-30,277.8175048828125,282.6881511540187,276.34675431414576,276.56642114005865,170800
2019-05-31,275.3343811035156,277.4450125909628,272.1541527622776,276.4899852140583,327600
2019-06-03,276.642822265625,280.0808978689513,274.58948987264455,275.2580207650278,374700
2019-06-04,279.670166015625,279.8038838153205,271.6861524915231,279.316810609455,241700
2019-06-05,284.7509765625,284.8082758755906,278.0848747367624,281.81903541382735,198500
2019-06-06,288.1891174316406,290.4429684178818,281.8954894921084,285.0852779521142,194400
2019-06-07,291.55078125,292.34344121638713,288.73343859048697,289.5165681009779,140900
2019-06-10,296.9658203125,298.331502677296,292.1715634880627,292.2766316711923,180600
2019-06-11,295.64788818359375,300.5853643381624,291.5412521963015,300.5853643381624,130300
2019-06-12,301.58807373046875,302.87736639099234,295.5427347103922,296.32586407694663,192700
2019-06-13,306.5638122558594,307.2132239287365,300.80499788302626,304.6060176362629,313900
2019-06-14,305.8379211425781,308.11089068999735,304.4817987514229,306.5637511883407,342300
2019-06-17,310.8899841308594,311.9023105689932,305.9047412876407,305.9047412876407,260500
2019-06-18,316.68701171875,316.97350820837227,310.8422501695285,313.1247499238283,305200
2019-06-19,318.6448669433594,319.52350492216743,314.0989566124944,315.7033955527997,209200
2019-06-20,319.7814025878906,322.76108370589776,314.79615790349374,319.9151204267088,187500
2019-06-21,319.67633056640625,320.7077473296225,315.22589940626153,319.76227953458067,275100
2019-06-24,317.8331604003906,320.62185370024054,315.4647107037987,318.8932561477589,223700
2019-06-25,321.01336669921875,321.9015351921274,316.42921766252755,317.2314663314192,242400
2019-06-26,312.2366638183594,321.75828826373515,311.95969770877036,321.5672711236482,329300
2019-06-27,313.0101623535156,314.4713527922903,310.53664542226267,314.3185449440706,198900
2019-06-28,316.25738525390625,316.49614215492005,311.39629824668,313.1917548055248,1163300
2019-07-01,320.76507568359375,321.0229517565881,312.2844269810736,318.9505292970029,401200
2019-07-02,317.05950927734375,321.147025023567,314.5191331196502,320.7650199262333,152900
2019-07-03,318.31060791015625,318.69264217083025,315.22588818558074,317.6803154993128,140400
2019-07-05,319.1223449707031,319.1223449707031,315.72245034332104,315.72245034332104,105200
2019-07-08,317.7662353515625,318.32013834659733,314.80564497331284,317.0117556445134,153100
2019-07-09,320.2587585449219,320.3733571245175,315.34037520319805,317.1835703636217,180100
2019-07-10,316.97357177734375,322.64643657048356,316.9353625226926,321.0706472713051,203000
2019-07-11,320.87005615234375,320.9655355583342,316.19995905274646,318.08136384361933,160500
2019-07-12,319.23712158203125,321.777498942844,316.10463166815964,321.1949459939101,210000
2019-07-15,319.89599609375,320.4785780112024,317.2887897298688,319.8769060364219,153800
2019-07-16,316.6106872558594,321.4908926426611,315.7511683866058,321.4908926426611,207400
2019-07-17,318.9696044921875,319.5808360417859,316.46743726940844,316.46743726940844,191200
2019-07-18,325.1677551269531,325.59749999034125,317.7089931094176,319.11288462006814,163600
2019-07-19,319.9818420410156,326.85804933145505,319.85771299066175,326.27549674669984,185700
2019-07-22,323.9261474609375,325.8266715763551,320.90825774358024,321.73915596324997,139500
2019-07-23,326.1513366699219,326.819838198812,321.56718878769914,324.0884744946891,121700
2019-07-24,330.5158386230469,330.73550539659163,323.7638176915956,325.96992844609997,115000
2019-07-25,330.5541076660156,331.88160985669776,325.87447882956855,327.8418331124223,193200
2019-07-26,331.54736328125,331.910278408573,328.5294727665605,330.821533026604,185000
2019-07-29,334.9853820800781,336.8667870100655,331.37538008415197,332.73150251676253,327700
2019-07-30,331.4707946777344,334.52689307084137,329.29333404480775,332.18706500626433,238900
2019-07-31,324.46099853515625,332.93208688345226,321.17570195781764,331.18439957077055,278700
2019-08-01,345.3092956542969,350.294540304911,329.3698845561229,329.3698845561229,502400
2019-08-02,345.0991516113281,349.33947553494966,340.3813139949125,345.5861957592946,427700
2019-08-05,334.83258056640625,345.013175183902,330.02879436504327,345.013175183902,268700
2019-08-06,346.3788757324219,348.23163114351433,336.41794735663035,338.18472465756514,313300
2019-08-07,341.7183837890625,343.456540815305,338.4903862103624,342.05264923951313,249500
2019-08-08,349.90283203125,349.90283203125,341.28846897404367,341.71824282521015,221700
2019-08-09,354.9359436035156,357.0274560367192,350.93437628301194,352.4624260218769,179200
2019-08-12,349.2629699707031,356.31107498285724,347.04732913866974,353.61789143193215,312700
2019-08-13,353.942626953125,355.21282948753674,349.396717166863,349.396717166863,369300
2019-08-14,348.9146728515625,352.49931433587005,346.97418809493286,352.49931433587005,331700
2019-08-15,352.2124938964844,356.1603833643084,348.3793374502439,348.3793374502439,301500
2019-08-16,353.5029602050781,355.453013108554,351.2087957625743,354.86035712119457,154400
2019-08-19,353.5317077636719,357.06856599223164,352.82434778671575,354.6309920762601,166200
2019-08-20,351.638916015625,357.4125857324648,351.2948044953574,353.292640835263,217600
2019-08-21,351.5624694824219,355.816255131243,350.81686532245385,353.88530984556655,321400
2019-08-22,350.013916015625,353.0823605981343,346.03735069485913,353.0823605981343,315700
2019-08-23,342.15643310546875,351.094145336772,340.0534316962605,348.9051160297172,232000
2019-08-26,344.3358459472656,345.1388020535896,339.93868036054363,345.1388020535896,224700
2019-08-27,344.1159973144531,347.6815310386506,341.898321395065,345.8079666824503,344800
2019-08-28,343.77191162109375,346.1807802603399,339.87180524682344,341.9365622969863,212600
2019-08-29,347.3278503417969,349.0580348762404,344.0012927121189,347.1366578036289,165800
2019-08-30,347.8727111816406,351.03675213082374,345.84616952927576,349.889655283967,213800
2019-09-03,345.1962585449219,346.98379544866197,341.92708120543284,346.5249799185682,154300
2019-09-04,340.0916442871094,347.4712269450882,339.13573994888355,347.4712269450882,246600
2019-09-05,340.76080322265625,347.1558058461906,337.0614287748542,342.5865840855377,233700
2019-09-06,340.46453857421875,342.8734075536562,338.70564851976883,340.8277578011394,169400
2019-09-09,326.27886962890625,341.64026192065626,324.6920938327008,341.64026192065626,289500
2019-09-10,323.93682861328125,325.39936091145864,313.5079100121819,323.83166397909497,528900
2019-09-11,323.8316650390625,329.0413547539768,322.2448605188719,324.62508188509884,255000
2019-09-12,322.88531494140625,328.3148437193456,321.21248261507105,326.4508480588434,268000
2019-09-13,316.54779052734375,324.74946802254516,315.3051262629276,323.74575072723167,287200
2019-09-16,314.6168518066406,317.30294110981396,311.3189696227992,314.85582793092215,218100
2019-09-17,323.7075500488281,327.6171963900077,315.2764644156089,315.4485202435783,318800
2019-09-18,325.8008117675781,325.934652356486,320.9543997019658,324.5581479911403,260900
2019-09-19,326.6324462890625,329.3567496670058,324.29046954913827,325.04564196470363,181600
2019-09-20,328.6399230957031,330.7907080090831,326.3935710792384,326.3935710792384,530800
2019-09-23,332.4253845214844,335.5511819815877,321.19350575900125,325.00755568036226,368400
2019-09-24,328.4774475097656,337.0996950599686,327.20607826782407,334.4996338153031,332100
2019-09-25,327.6266784667969,327.98992682153914,322.95232092406235,327.3972707361758,201100
2019-09-26,325.00750732421875,330.90545051335084,323.1817263559767,330.2458741206183,145800
2019-09-27,320.820556640625,326.73760585625763,318.832288779271,326.73760585625763,214700
2019-09-30,324.7685546875,326.47963191491,321.15523683533587,321.91994876849293,288400
2019-10-01,316.9110412597656,325.3612341668588,316.5956055869653,325.35166578614314,194000
2019-10-02,310.9555969238281,315.60130609185217,305.3731203931573,315.60130609185217,321000
2019-10-03,317.7330627441406,317.9146577335603,308.9196234190839,311.13729935332924,214000
2019-10-04,315.5249328613281,322.50305295652356,314.5881651559645,320.0941550355561,230100
2019-10-07,313.9572448730469,317.4845344585638,313.70870039293203,314.177113387909,192400
2019-10-08,302.7826843261719,311.21376717827434,302.69665644056477,311.21376717827434,319700
2019-10-09,304.1973571777344,308.06875692222957,303.8818925041079,305.61207650566024,193900
2019-10-10,303.1173095703125,304.18791789613806,297.89807939596835,301.759912403855,348300
2019-10-11,307.8872375488281,310.3152428365987,305.2489321310634,305.984997171986,243900
2019-10-14,310.42041015625,311.31896269731095,306.8644443391698,308.93876988742056,214900
2019-10-15,314.0623474121094,316.1749169277172,310.45859868788864,312.64762771218784,207800
2019-10-16,309.0343017578125,315.19032763302,308.7666497272332,313.3358710026193,200900
2019-10-17,313.57489013671875,315.4102102636361,308.0688714121919,308.0688714121919,205900
2019-10-18,313.8329772949219,314.7124221955471,310.34393200187515,312.4756093569482,142600
2019-10-21,315.8211975097656,318.23963392960115,310.7453194520962,314.82704898978955,244300
2019-10-22,308.20269775390625,317.2455448656209,307.5717973732909,316.1366923031957,192300
2019-10-23,307.4856872558594,311.3093036878578,305.5834182440629,309.5504144578856,216400
2019-10-24,306.520263671875,310.97478102642106,304.60845515087925,308.2695556329576,210900
2019-10-25,307.6864318847656,308.7379322821432,302.0752792024299,306.18565537086664,137700
2019-10-28,312.90576171875,313.1064934867611,308.21226733027845,308.3461079568785,162900
2019-10-29,313.9284973144531,317.9910901061122,310.13355652807513,311.22327213104813,209300
2019-10-30,315.2955322265625,317.1022057079818,311.66310684777017,313.9381641924212,230400
2019-10-31,332.0907287597656,338.6100033303665,318.79409594980854,325.00747413173883,523400
2019-11-01,330.7429504394531,334.4805404609419,325.0457679005905,331.5267991151585,478800
2019-11-04,333.2664794921875,334.566495299992,328.1045730843381,332.8936628234921,285500
2019-11-05,321.3941345214844,333.26647837925395,319.300701838419,333.26647837925395,348300
2019-11-06,320.18011474609375,323.3345868515026,318.4212253947008,322.76103851273365,356300
2019-11-07,320.74420166015625,322.4934940462282,315.5440788859311,321.6522934251197,427200
2019-11-08,316.5764465332031,322.7229054907228,316.5382313568163,320.87801679984074,342500
2019-11-11,312.4755859375,319.2911594260082,311.6343854447886,315.027834207278,330100
2019-11-12,317.3029479980469,319.4824091319322,312.5329937888426,313.4888983067202,206000
2019-11-13,321.2029724121094,321.83387279007405,313.21162596832886,316.7962673168422,306100
2019-11-14,327.6141052246094,327.96814347896463,320.6193675787224,323.8248972137719,245400
2019-11-15,331.9294738769531,332.0634208253955,326.83890580759225,328.0541232175394,276500
2019-11-18,329.8147888183594,332.59929115001063,327.75751889263796,330.58985316618265,337400
2019-11-19,338.5702819824219,339.12528454612607,331.16409602972755,331.94873871554944,405200
2019-11-20,337.747314453125,340.9528434242868,335.584773086046,337.4698132295732,256000
2019-11-21,335.8432312011719,337.28808929518607,331.89134180205053,337.28808929518607,157700
2019-11-22,331.8050537109375,337.39318453339075,330.1305271575826,336.5607102905224,233100
2019-11-25,333.3360595703125,334.1015750210973,331.6519839814431,331.68068898575825,276800
2019-11-26,335.01068115234375,335.4699905528709,331.69990984434156,333.8337464407381,295600
2019-11-27,338.3215026855469,339.8620537847889,336.94360359977776,337.1158336851392,164100
2019-11-29,338.1013488769531,339.6801827701494,336.5703469314709,336.5703469314709,119300
2019-12-02,336.4747009277344,338.9338413593777,331.872116776434,337.622930546827,143600
2019-12-03,337.2593688964844,338.3119347855159,334.32179168081217,335.17339326277437,134600
2019-12-04,338.3597717285156,339.7568270206489,336.76181052923215,337.5272970772022,148900
2019-12-05,342.80908203125,344.0625824172364,336.8286301128319,338.5892716534432,344300
2019-12-06,352.13873291015625,355.3059792221825,343.8426337233411,344.9047776088248,557600
2019-12-09,341.61309814453125,350.7033878944001,341.0006856604831,350.37805471278745,243200
2019-12-10,338.6562805175781,341.01017836080337,337.833355098333,340.933612218748,184600
2019-12-11,339.479248046875,340.27343942860796,336.7713115317358,339.68976117960705,229000
2019-12-12,341.0772399902344,344.7898810406108,338.11092917657146,338.56066045349553,224300
2019-12-13,344.3592224121094,344.6462724335561,339.48874570538806,341.0771572940546,142400
2019-12-16,348.5790710449219,349.12446614529676,345.0673363243571,345.9285156842734,194100
2019-12-17,351.3923034667969,352.43529100181075,346.50266974054875,349.5072634481012,206900
2019-12-18,354.77960205078125,355.54511756244443,351.11479326843363,352.00467767440057,226600
2019-12-19,357.3058166503906,358.664559448835,352.2248252589502,354.28209559837,294200
2019-12-20,356.7412109375,359.81276347300474,353.53568223587945,359.37261030128195,260400
2019-12-23,358.1669616699219,359.4013354351873,353.64094399823705,357.8607554457357,135500
2019-12-24,357.85125732421875,358.55933376680815,355.70784265239,357.765142286723,43500
2019-12-26,356.6933898925781,358.68370126065247,355.2006709672396,358.20526495890465,72000
2019-12-27,355.93743896484375,358.49227215763017,354.49255216201976,357.0856684307662,118300
2019-12-30,355.37298583984375,356.8657049987719,354.35867385609305,355.95666420262506,145700
2019-12-31,360.20513916015625,360.30083226450245,354.9997496592269,354.9997496592269,167100
2020-01-02,362.166748046875,363.2958800545517,357.3728355554934,360.52092579315314,262900
2020-01-03,358.4635925292969,361.1428532089957,355.6121309991639,356.7412336077593,167700
2020-01-06,362.64508056640625,363.95599115098605,356.0235395636482,357.2387570629196,170000
2020-01-07,362.0901794433594,364.9607973652366,359.7171247820907,360.75056358677045,127300
2020-01-08,363.0948181152344,365.486999282496,362.51113992710907,363.3818973761639,178100
2020-01-09,363.0469665527344,368.108829805508,362.4345541903248,365.01812139191867,307000
2020-01-10,362.3675842285156,367.314598110923,361.35330183555453,365.5826614285218,229500
2020-01-13,361.8699951171875,362.99909753427215,360.17634149156055,362.7886136408685,148600
2020-01-14,366.6161804199219,367.39124488650754,359.80322300772133,361.16199494256784,176600
2020-01-15,363.9943542480469,369.3624250587021,363.3723928589508,365.85068954570585,152400
2020-01-16,367.8027038574219,368.67346144936795,365.2574191736029,365.8506755282083,132200
2020-01-17,367.18072509765625,371.45794669204355,366.27168446741535,369.57290654414953,164900
2020-01-21,367.38165283203125,369.3528079684946,365.35308767811233,366.4917683600366,260400
2020-01-22,369.6876525878906,372.4817036053589,368.05140898238693,369.2857533366896,173300
2020-01-23,368.2237243652344,369.59204518761703,365.44879963971135,368.68300452858824,138200
2020-01-24,363.6307373046875,369.71646259973744,362.9800709050123,368.6734749057604,98000
2020-01-27,362.1954650878906,364.82686516688545,358.94210355778483,359.50665497965105,114100
2020-01-28,363.9751892089844,366.28125558379514,362.9896116397978,363.3436498149279,125800
2020-01-29,363.0183410644531,366.5970353367025,362.8556598696077,363.9465086785553,145400
2020-01-30,364.0899658203125,364.4727089585499,358.95156545586565,360.7217853218219,167200
2020-01-31,355.48773193359375,363.3627743652618,354.9518856393891,362.6642760896555,147600
2020-02-03,357.55450439453125,359.9753902755044,355.3728366014069,358.1668875146824,261900
2020-02-04,366.7405090332031,368.35762587875547,361.87960962861115,362.1571108273414,142300
2020-02-05,368.845703125,373.390848231741,368.10892169389786,369.4006764157176,103400
2020-02-06,364.9607849121094,370.57762244869605,364.3005404764915,368.5777622021994,215400
2020-02-07,358.8941345214844,364.7406108108893,357.01864361103287,364.65449579991366,137900
2020-02-10,360.54949951171875,361.2288999235473,355.9661018567809,356.36797190180727,195300
2020-02-11,362.4920349121094,366.5204895909518,361.30552223026814,361.70742157167837,218900
2020-02-12,361.11419677734375,363.5350835034659,358.4349357372314,362.68345279672883,166500
2020-02-13,365.3147888183594,365.3434938258472,358.5114392308678,358.91330933569674,210100
2020-02-14,369.9747619628906,370.2331362377556,365.32437543251126,365.5827205059437,175200
2020-02-18,371.03692626953125,371.2378613378023,365.19999760780087,369.2571280605421,170000
2020-02-19,378.0986022949219,381.4572048119347,369.6781070273195,372.625290591481,288100
2020-02-20,367.78350830078125,377.4766316145858,362.8269156483785,374.17543893668534,341400
2020-02-21,354.42559814453125,366.30996844859254,349.97614648338873,366.30996844859254,308700
2020-02-24,345.9955139160156,348.29200201031966,340.9719334340997,348.29200201031966,228300
2020-02-25,333.096923828125,346.29220583429344,331.71905407888005,345.3831943386011,293300
2020-02-26,330.4080505371094,341.16331690241304,329.87220429273754,335.35509403058495,187100
2020-02-27,322.5617370605469,332.2452824326637,321.6239914646855,325.19313652911916,231800
2020-02-28,320.8951110839844,320.8951110839844,301.50846512975306,312.93547381719503,406100
2020-03-02,338.7013244628906,339.3622354961426,320.1767277430371,320.8855482492435,403400
2020-03-03,322.8970031738281,344.50587201144634,316.2017197441777,337.4370174428603,398800
2020-03-04,336.56536865234375,337.56152908964566,329.39116610978414,331.16314432831297,207900
2020-03-05,326.1153564453125,332.1401702947464,320.5311694618216,328.3183738513531,265800
2020-03-06,332.2934265136719,334.83169331299143,314.4488862194702,317.90667001891865,337200
2020-03-09,320.19586181640625,327.082723431592,308.78800100888463,311.977590566122,466500
2020-03-10,341.344970703125,341.67063235137425,316.9488179977589,325.68430221007407,290700
2020-03-11,327.65740966796875,334.64006112390786,313.9699173607785,330.45431119241675,427300
2020-03-12,285.1581726074219,307.6290912432247,285.10070461957946,307.6290912432247,429000
2020-03-13,304.9950256347656,305.79001893044335,283.17546022221535,303.59656002268287,353800
2020-03-16,270.74273681640625,276.78669771000585,254.78513783383931,276.78669771000585,581600
2020-03-17,251.75823974609375,278.00300587204043,239.5362271111478,277.47620644817476,575800
2020-03-18,234.71836853027344,245.4461586894117,223.9139495238357,239.28726306923,428300
2020-03-19,243.6741180419922,246.26029378505712,217.68796846365422,237.11293283078638,364200
2020-03-20,233.559326171875,256.17390737315793,230.76243962740122,247.8790228162968,319800
2020-03-23,215.81065368652344,237.74517056894322,211.94099143710307,233.88506683031966,367800
2020-03-24,245.0917510986328,246.95951887164506,224.43116502148203,224.43116502148203,410700
2020-03-25,269.01861572265625,276.3077848514699,237.48657593771412,244.0094564185144,431500
2020-03-26,277.7637023925781,285.03369637497286,267.2179156337618,269.2868512335186,366600
2020-03-27,270.5989990234375,275.11041075787637,258.76968617071003,268.5587980773462,295900
2020-03-30,276.1832275390625,280.8191636799142,266.65274931249184,272.85952583666244,225300
2020-03-31,280.51263427734375,284.0757954947484,269.35381900493707,277.39009991860803,545700
2020-04-01,268.0032653808594,276.2119503252203,263.4152389032437,269.851916348149,330500
2020-04-02,282.8497619628906,284.1141160870984,260.52254376663984,266.4036875307798,385500
2020-04-03,281.9589538574219,286.39375140733137,274.5452921882621,283.71181492598333,519400
2020-04-06,307.8972473144531,309.3722977967611,292.56224109538783,292.56224109538783,360400
2020-04-07,295.387939453125,322.72463941451997,293.12742454813747,319.75533310849875,371900
2020-04-08,308.02166748046875,310.1959794103927,294.5353153342438,298.0026857516397,269900
2020-04-09,311.8338928222656,315.2821171921566,306.575368927501,308.5963940869488,323200
2020-04-13,307.5045471191406,312.8013940071793,300.3590493084542,311.69029759776225,192400
2020-04-14,316.9775390625,319.98516646983825,311.79562843158715,311.79562843158715,278000
2020-04-15,317.0828857421875,318.9410948908998,310.2822261059539,310.5408319945595,279300
2020-04-16,316.1634521484375,323.12695967900794,312.98344920690676,320.2630014828451,285800
2020-04-17,332.06353759765625,336.7282077282137,324.573231404682,324.67860886940605,330500
2020-04-20,330.310791015625,332.5712770659744,324.82236292247273,329.0847582425194,173500
2020-04-21,314.50634765625,324.56365415542984,313.4718654755918,320.7227115575637,216300
2020-04-22,319.9468078613281,321.02917009359714,314.5062919437962,318.902767355496,172400
2020-04-23,320.3299560546875,327.1210282225065,319.65948657308513,321.83376967244544,156400
2020-04-24,324.123046875,331.4600654840319,319.05607204314447,324.3050093328339,510800
2020-04-27,335.32012939453125,339.48673321493203,325.10000774432524,327.82985364258195,299300
2020-04-28,325.9237976074219,339.91783766066817,325.21500625006763,338.6822174253201,227000
2020-04-29,338.241455078125,339.75482678207965,327.8584910601384,329.86995740483997,352200
2020-04-30,321.2590637207031,342.6380284962088,318.58668581603627,331.41215882570833,543300
2020-05-01,315.48333740234375,327.2935052968049,308.71141057485613,315.48333740234375,539700
2020-05-04,312.044677734375,318.0311693641484,308.2324693414055,315.07145141009835,637800
2020-05-05,326.383544921875,330.23404606590793,311.51789846132976,312.1596340365429,446000
2020-05-06,322.5137939453125,331.0768724948926,322.2551880728031,327.1880505137799,194700
2020-05-07,328.7973327636719,331.8911627840403,326.4123233720193,327.71499941304046,173700
2020-05-08,325.9524841308594,333.7780388404664,325.63641023483194,329.49649886332554,193200
2020-05-11,332.801025390625,334.04620384880707,322.5521409206761,324.7838919442862,202300
2020-05-12,325.8854675292969,336.58450931111315,325.8854675292969,333.5769110291356,230900
2020-05-13,323.7398681640625,328.1555194343114,318.16526957079293,325.2245355743617,271200
2020-05-14,320.5758972167969,322.08122545789325,315.10113842990694,319.91432058243873,311900
2020-05-15,321.8606872558594,323.76869649000446,317.2584430465332,318.6199273684687,135700
2020-05-18,338.53424072265625,344.04735944414705,331.0459896348162,331.0459896348162,204800
2020-05-19,331.4103088378906,342.17767893756,331.4103088378906,339.6464245315864,153900
2020-05-20,337.7575378417969,339.1574113537586,332.15813157499025,335.2838388623487,182500
2020-05-21,337.0193786621094,340.16425249030596,331.9760636607792,336.6646261030694,322800
2020-05-22,348.27557373046875,348.7454070723764,334.2962396126533,339.2340689465028,282400
2020-05-26,335.5811462402344,361.95783369803,330.48030579489784,359.68547461800273,438600
2020-05-27,333.3087463378906,339.96284259205834,321.3812327172434,335.6961568368575,544200
2020-05-28,343.52960205078125,344.5363336929546,334.64147778098595,336.95219697281505,315900
2020-05-29,347.91131591796875,348.15101671852744,342.83926804559957,345.16915280454583,353000
2020-06-01,350.42340087890625,353.8846663544205,346.4731071521808,346.81829151642046,294900
2020-06-02,350.1454162597656,355.52428929298674,346.3581311226704,353.4245075045214,331300
2020-06-03,355.60089111328125,358.2855280340573,347.8729406266746,350.53841201956936,256000
2020-06-04,351.4972839355469,358.1801438845803,347.6908337907972,353.7984059269032,279000
2020-06-05,361.06610107421875,367.0969814768411,353.3669124443018,355.14070424040864,290900
2020-06-08,359.61834716796875,361.59347955052465,355.198248906565,356.799463231631,239800
2020-06-09,352.0533752441406,360.67303647942646,350.9028288842354,359.21563679238494,245900
2020-06-10,351.6218566894531,356.14740830257705,348.1797572156675,354.27773063164057,242700
2020-06-11,336.4727478027344,345.7539543177318,334.018214331997,345.7539543177318,409500
2020-06-12,337.7384033203125,349.80973124357087,331.9184612853253,346.4730858097608,204800
2020-06-15,345.0253601074219,346.2046693945071,328.974973584747,332.38834012119327,262800
2020-06-16,349.1673278808594,355.31322982813265,345.89780589151263,354.1626836970316,135600
2020-06-17,352.6573791503906,354.6612741936106,348.1509927065517,351.5835243196076,159900
2020-06-18,350.5096435546875,353.53946475184915,348.2276875779403,351.9766110739754,169400
2020-06-19,353.2135314941406,359.723784276357,351.47807075018335,356.56934275685705,348100
2020-06-22,352.9354553222656,355.9269165529893,346.4826994070277,351.68899363589685,162200
2020-06-23,353.2901916503906,358.97588720761814,352.26426527541247,357.4322282081786,141900
2020-06-24,340.67236328125,351.96706382772567,333.52926772389816,349.66594199554,409500
2020-06-25,340.3367004394531,341.4009869715497,333.2703270993019,341.4009869715497,191900
2020-06-26,341.20928955078125,342.6283288182139,336.022160735924,340.35596991954344,508300
2020-06-29,340.79693603515625,342.77206784751996,336.3576735237555,342.77206784751996,256000
2020-06-30,348.9852600097656,350.4905590578921,341.19018395539524,341.28607014415434,240400
2020-07-01,353.731201171875,359.5511426907119,348.975546250783,348.975546250783,287000
2020-07-02,352.9834289550781,358.32397035723403,352.36021266230415,356.7227559720765,191500
2020-07-06,352.9834289550781,359.5320718782469,352.48486177292983,358.53490825359575,219300
2020-07-07,345.830810546875,352.7821353950655,345.17883123877215,349.83860185065606,188500
2020-07-08,345.4184265136719,348.60163068156646,343.2131617486523,346.02247716991485,169500
2020-07-09,342.2543640136719,345.73482412761683,337.64252320592976,343.7980522995732,200900
2020-07-10,340.1641845703125,344.19116955398096,337.1535578576664,343.1077172994994,117300
2020-07-13,335.8111267089844,347.5948228368065,334.95780732207766,343.33773551379255,247300
2020-07-14,347.4223937988281,348.0743730432223,334.90042460223515,334.90042460223515,166300
2020-07-15,358.9854736328125,362.11118111475423,350.51922583980735,350.51922583980735,145000
2020-07-16,354.69964599609375,359.20603258583634,351.01784534548193,358.1225803253014,100900
2020-07-17,366.147705078125,368.17076542259144,356.3391395662504,357.1732935191004,162900
2020-07-20,368.9474792480469,369.86795143637977,364.7575137232037,366.12859534952776,133100
2020-07-21,369.5035400390625,371.90054776752146,366.636728159137,369.13919018268103,127400
2020-07-22,373.3675231933594,374.8728511010308,367.3270460341678,369.8007744478511,157900
2020-07-23,372.821044921875,379.1299865691936,371.2198599115112,374.46059025438683,111200
2020-07-24,371.68963623046875,373.21412974245214,366.56003347635084,371.8909767010155,142600
2020-07-27,369.1392517089844,371.6129512225048,367.2695736650184,370.43364195016443,182700
2020-07-28,368.82281494140625,371.9389251312242,366.37784939010857,370.59657733348445,221700
2020-07-29,384.470458984375,388.38239215327894,371.4115649930079,371.4115649930079,250600
2020-07-30,369.3022155761719,376.8096312322764,350.7781320259333,376.76170277977087,307800
2020-07-31,357.72955322265625,368.496896642829,352.8396500465698,367.49976217754613,245600
2020-08-03,358.2568054199219,360.82639094182116,355.4283535709342,358.37185712085,180200
2020-08-04,353.0888671875,359.7908920288015,349.4262320303055,357.99793477016755,254800
2020-08-05,358.83209228515625,361.6318104622429,352.2259242900348,353.69292125424386,276800
2020-08-06,354.3449401855469,359.1005963281965,349.6372125034284,358.8321325764426,134700
2020-08-07,358.1130065917969,361.1044679893009,354.32572212718037,355.3516486063001,136900
2020-08-10,360.8935852050781,362.9262436824039,356.10916571776755,357.0871346284554,192900
2020-08-11,359.800537109375,367.7010669685407,359.244414807431,362.90705045004603,152400
2020-08-12,360.51959228515625,364.83420658570225,359.96347005617827,363.16586915911915,209000
2020-08-13,366.6902160644531,368.4080349851804,359.6366298746559,359.6366298746559,115800
2020-08-14,363.2066955566406,365.48111120972453,361.32574853990985,365.1068547375283,102600
2020-08-17,359.61749267578125,365.241150182419,359.4255467779659,363.38899234451264,164000
2020-08-18,358.9073181152344,361.6519921764759,356.9303983623408,361.6519921764759,128600
2020-08-19,356.8056640625,361.4984692835767,356.4985916022352,361.4984692835767,110800
2020-08-20,355.7980651855469,358.9457852650743,353.08220882165426,354.7040260589191,162400
2020-08-21,356.6424865722656,356.7768252635833,352.20881188266395,356.1146500268942,154000
2020-08-24,355.89398193359375,358.6674157832061,350.5582137305412,357.68856194572527,161600
2020-08-25,362.2565002441406,363.5136664969034,354.5119507974629,358.6673119718851,247900
2020-08-26,360.7690734863281,362.1990030387199,353.15889029761314,360.8170746033045,131800
2020-08-27,364.943603515625,369.60761874156555,359.5598644905881,361.1145264702923,169400
2020-08-28,369.49249267578125,370.48095256689066,361.1721620738906,364.6845612087502,150600
2020-08-31,377.1027526855469,379.23322359860373,367.57319685371186,367.57319685371186,221300
2020-09-01,382.2849426269531,383.08145665807695,374.70354770490553,375.5288506940981,213300
2020-09-02,391.71844482421875,392.76448254778194,379.9241110347651,383.1581971488742,223700
2020-09-03,380.5862121582031,390.90267269385134,375.13528934122934,389.4343776216461,251100
2020-09-04,373.6863098144531,383.9835610404982,368.84955970855844,383.6380935334947,144000
2020-09-08,366.5367126464844,374.05092304581177,366.16242693090476,369.47330331167734,235800
2020-09-09,373.7629699707031,379.12752597457205,369.23332283745543,371.65168259582305,139900
2020-09-10,362.8227233886719,375.3560208993492,362.13175928499294,374.5499009928615,212100
2020-09-11,355.625244140625,365.05879598121555,353.0437271369378,364.34864890357835,268700
2020-09-14,356.8824768066406,361.59446520358455,356.46021919927205,360.1549586203289,281000
2020-09-15,354.9151306152344,362.6117111598575,354.2625613317668,359.54075209308394,293300
2020-09-16,343.46624755859375,357.64060707599805,338.9078102752023,357.64060707599805,406700
2020-09-17,332.60272216796875,341.42209993692904,330.8369312554173,341.42209993692904,377300
2020-09-18,324.33038330078125,336.3646651116511,323.4282902725138,331.6622833540474,458500
2020-09-21,313.5245666503906,318.102187349991,308.8989448226824,318.102187349991,365700
2020-09-22,318.4476318359375,319.4649100934678,307.4114147539839,313.5149378649844,607300
2020-09-23,317.4303283691406,325.78908287140723,316.33631878842453,320.45331508903115,256900
2020-09-24,316.230712890625,318.1980556115431,311.7874616676388,313.78356405438416,319100
2020-09-25,322.2671813964844,324.29210284549856,312.9391762169488,312.99675414565627,171000
2020-09-28,328.1019287109375,331.9981905859913,326.44168735557344,328.140294464003,161400
2020-09-29,322.00799560546875,331.6910718815895,321.80644362142544,329.45502218939123,188100
2020-09-30,326.6911926269531,330.64503219384136,323.04442550131716,323.04442550131716,167800
2020-10-01,323.63934326171875,333.9078316493779,321.3073504480134,329.8964150807543,231400
2020-10-02,322.353515625,324.2440688575639,317.094536757015,321.11553170955517,172900
2020-10-05,325.6163024902344,328.5337100279563,323.95609068981895,326.45124071733784,136200
2020-10-06,322.8045959472656,328.9176967881221,322.10405471682043,325.35732484648366,181000
2020-10-07,333.9942626953125,336.32625595724176,323.620222592493,323.620222592493,274200
2020-10-08,340.0498352050781,340.9039564944024,334.7236726101292,335.88486637643075,198700
2020-10-09,348.85003662109375,351.0764512237576,340.65443756300647,343.97489123246913,219300
2020-10-12,352.794189453125,355.9419086363006,345.7789979568999,352.5830606968888,152600
2020-10-13,347.9287109375,352.72706595959676,346.5756005936834,350.2511276544022,163900
2020-10-14,349.8000183105469,357.59254078153106,347.4776020105928,351.2107356052478,170000
2020-10-15,347.20892333984375,348.1014395436645,342.46814670400164,343.89807627419196,134500
2020-10-16,350.6541442871094,354.35845969297844,347.1705344321292,348.9075363194991,201000
2020-10-19,347.0457763671875,355.9707036139244,344.87691086067923,352.74622359520123,315000
2020-10-20,347.20892333984375,354.2625103819839,346.7290878850972,348.54287996171837,217500
2020-10-21,344.5793762207031,347.74627797241254,343.5621275713988,347.1896818251209,165200
2020-10-22,353.3700866699219,354.4640964732695,342.9960446257138,344.58910213483153,179700
2020-10-23,351.4698791503906,356.9879871096592,350.86528176635136,356.9879871096592,171700
2020-10-26,342.94805908203125,348.41819620782655,340.32817565504763,346.80595574709224,174800
2020-10-27,337.28594970703125,342.65050689568426,336.6045915210868,342.6025350620897,229000
2020-10-28,321.51861572265625,332.3628877165549,321.3170929867929,327.372615440437,284200
2020-10-29,313.4764099121094,328.6008286288399,308.6972688499764,325.4435040107072,543400
2020-10-30,305.3960876464844,312.977482062868,299.7340057847242,309.01403647436877,425100
2020-11-02,307.0658874511719,320.6164353616766,300.07948473441746,313.21738120234147,343100
2020-11-03,318.7930908203125,322.6509574427682,311.9506323554265,313.19819285846205,238700
2020-11-04,315.4918212890625,327.02705543597614,315.2519035542419,322.99645506309014,375900
2020-11-05,323.6682434082031,332.0653650676312,320.63567938592075,322.20955396034066,253300
2020-11-06,322.391845703125,326.2881072288524,320.7028155409777,324.43594941371646,185500
2020-11-09,349.2818298339844,365.27955741420055,343.47583231663856,343.4950151923276,523700
2020-11-10,353.5908203125,354.281784659955,336.62381339984654,347.3337461419805,324700
2020-11-11,348.3317565917969,356.50814232421055,345.50071565015827,355.7500233804738,224400
2020-11-12,342.6739807128906,348.4662208372399,339.94596345394626,344.3261634825939,105700
2020-11-13,350.0318603515625,351.1941423689184,342.28004991231904,343.9226464610472,142200
2020-11-16,360.42535400390625,360.4637850414835,346.96774856457506,352.3469505679791,269200
2020-11-17,360.6942443847656,364.3251999199822,356.6118195148981,359.5607781622078,381200
2020-11-18,355.57452392578125,363.4992334267586,355.17107127107766,360.38696394356265,294400
2020-11-19,357.5916442871094,357.8606029108019,348.84085927237356,354.00873433373647,254700
2020-11-20,355.9970703125,359.7529050272654,352.7023200574222,358.04309046307225,226000
2020-11-23,358.4273681640625,361.1937871799472,352.5582658929483,358.0623466046237,362900
2020-11-24,366.5729675292969,369.54112732628914,357.3034666002703,360.3388733783328,294600
2020-11-25,358.92681884765625,366.4768897965839,358.2160059744574,364.7478744185316,211700
2020-11-27,356.4197998046875,359.6473330827316,353.8647071572013,359.359144241064,103700
2020-11-30,367.658447265625,369.53157191666645,354.44098462737674,357.28429509723674,518600
2020-12-01,365.4682922363281,371.0972218026387,363.52795020464566,369.69479695427987,295300
2020-12-02,365.3818664550781,368.9071443044863,362.01986919923723,364.1907682364386,260700
2020-12-03,363.0860595703125,372.1538480761908,361.60680200207264,364.18112408854734,191200
2020-12-04,371.7120361328125,372.13468957592846,361.1169427357496,361.1169427357496,173600
2020-12-07,367.76409912109375,372.03865063603973,365.70849298273936,371.2894066320724,141100
2020-12-08,367.8600769042969,371.1164250270934,364.9303485537826,364.9303485537826,139100
2020-12-09,366.3328857421875,369.7236995346802,364.1331703755454,368.52298602013894,204100
2020-12-10,368.2348327636719,373.3930934195627,365.3723211431865,365.3723211431865,218100
2020-12-11,368.302001953125,369.38742213542326,363.0956962670927,366.33281458320886,241900
2020-12-14,365.6604919433594,379.36782642915324,365.6508768549795,371.44311748933177,209300
2020-12-15,377.1968688964844,378.21507142168815,367.2645720751546,370.376811543567,240900
2020-12-16,381.6635437011719,383.95932174724805,375.37181733581434,376.54371476351736,245500
2020-12-17,387.013916015625,388.80059270034167,380.0882097119761,382.652916977819,196300
2020-12-18,392.77734375,395.0058747548644,383.459825776714,387.12918348200844,434900
2020-12-21,383.2868957519531,386.610491355299,375.94815112327007,386.610491355299,192100
2020-12-22,381.1929016113281,386.8794934793883,380.79906407712537,383.3733867104426,151500
2020-12-23,381.6251525878906,386.6393329586879,381.3945956795409,383.9017005220856,113700
2020-12-24,389.0887756347656,390.76977440399696,380.5589029040365,383.57510905226036,87500
2020-12-28,390.5295715332031,394.112510339412,388.92543508523124,391.35567747304987,91400
2020-12-29,390.03009033203125,394.29502609415465,389.1271516328428,391.7879216123648,105500
2020-12-30,391.49017333984375,392.6044388160299,388.694909219412,390.24144321554877,107100
2020-12-31,395.3421325683594,396.70612669310515,387.6191351014587,391.18284457386824,107400
2021-01-04,387.2349548339844,396.15866677734596,382.0766937482899,394.89070614334906,228000
2021-01-05,384.6412658691406,388.781322675956,383.68069530024076,384.987086517374,251800
2021-01-06,389.0599365234375,391.2788524215794,385.1888379036112,386.6777107134327,321900
2021-01-07,387.85919189453125,391.50934841304553,384.948664177625,389.61702317701815,304300
2021-01-08,397.08074951171875,398.3679108255404,389.1656557491106,389.66514199626283,183400
2021-01-11,387.93603515625,394.4198868184176,385.2656500146252,392.4507287800674,185800
2021-01-12,381.4041442871094,391.07709686373306,380.28029314767844,388.7236872655329,287100
2021-01-13,382.06689453125,384.10329918453783,376.95665272798726,379.4253258072753,282900
2021-01-14,372.374755859375,383.9016016213828,371.21247378637224,382.32625196305173,256000
2021-01-15,373.0567932128906,375.0355662718224,367.8217011159255,371.83687912371624,205500
2021-01-19,370.61700439453125,377.1489031680622,369.32984309050534,376.1307005049627,184500
2021-01-20,377.7829284667969,379.8961668078619,368.46537923310615,370.57864688846803,198800
2021-01-21,373.3930358886719,379.6079293606188,372.9607673569712,375.756031553385,164900
2021-01-22,371.2030334472656,373.22982404368696,369.4932183602325,371.49119300125494,197800
2021-01-25,367.072509765625,371.93299527366503,363.92180965583316,369.41627535809045,223200
2021-01-26,367.7064208984375,370.06944572535093,362.8651660892978,368.8591173659216,216200
2021-01-27,357.57244873046875,364.45013856896327,356.17002369428917,362.4809510142432,184600
2021-01-28,366.4577331542969,371.5679764685759,358.0719401360481,360.4157350602124,181600
2021-01-29,362.7403564453125,366.7747362228643,359.1574168027238,364.6038661452869,174500
2021-02-01,364.37322998046875,369.2048988885134,359.36866540119104,365.29539885562133,182300
2021-02-02,375.96734619140625,382.85465064367713,368.6286016757808,368.99362321272184,223400
2021-02-03,373.9213562011719,377.59074341231934,366.96683352096176,375.573539023543,138400
2021-02-04,382.9411926269531,388.0610225469844,374.468950383717,374.468950383717,175600
2021-02-05,383.0467834472656,387.93608499628596,382.8258709382068,384.82384517917336,163500
2021-02-08,382.91229248046875,386.58167949070844,380.78943949885496,383.21006704427606,93600
2021-02-09,384.4971923828125,386.67767705643695,381.0967643057551,381.6250957157914,209400
2021-02-10,387.3116760253906,389.01190480387936,382.0669685866708,386.37033556789356,155100
2021-02-11,390.51995849609375,391.2788174640875,385.2368202936096,387.78235578805493,128700
2021-02-12,390.1742248535156,394.1702025843694,387.8112290797094,389.2328549905445,193500
2021-02-16,388.5508728027344,391.0099316056132,384.53569405740967,389.7900172923571,166600
2021-02-17,387.3981018066406,391.49014184341854,384.7757628937373,386.6104562127084,143700
2021-02-18,387.89764404296875,391.15396327889914,384.5452325656029,384.7181575601813,159400
2021-02-19,375.03564453125,389.74198090363814,374.9588117667436,389.0407829917753,219200
2021-02-22,371.2989501953125,373.5946985762163,364.93036273124926,373.4410037698436,205800
2021-02-23,379.5694885253906,381.3561651874274,371.135679345618,373.5467210706537,245300
2021-02-24,384.6029357910156,387.84005452088644,377.37942500625235,377.37942500625235,197500
2021-02-25,386.6104431152344,394.41027124249024,382.2206286935783,385.02547826615194,252400
2021-02-26,382.4223937988281,390.8754333574222,379.3966020246906,387.25406313866546,206600
2021-03-01,387.76318359375,392.0281199618659,385.01596538855136,385.01596538855136,182000
2021-03-02,387.85919189453125,390.6544558308531,381.5866671105715,387.40772254438394,178700
2021-03-03,386.5528869628906,388.46441333945774,383.1908894000804,386.4183929895179,177000
2021-03-04,375.8719482421875,391.12909320130666,374.6605961590841,388.1776400707109,201400
2021-03-05,386.18756103515625,388.9659426358809,372.7474161957475,377.68890953638737,206500
2021-03-08,384.8897399902344,390.8118635613656,381.85176579431794,386.83172334080854,363800
2021-03-09,391.0425109863281,394.69575442401685,387.75456842114505,387.75456842114505,214300
2021-03-10,402.4541320800781,403.7808452659189,393.44597839304123,394.138175301346,270200
2021-03-11,398.6951904296875,403.4252083480035,398.5702059282824,402.4253616758476,236700
2021-03-12,407.1456298828125,408.8761072470383,395.4263707983276,399.90641832197747,232800
2021-03-15,412.8562927246094,418.18236243519993,403.59817030416644,406.15545244912033,308900
2021-03-16,403.59814453125,412.4620958589748,400.3294486068583,410.24130375316025,219900
2021-03-17,400.37750244140625,404.30955486506815,398.1278700428335,403.59814092867794,184600
2021-03-18,391.2059631347656,398.0125415152519,388.7736654435134,398.0125415152519,211500
2021-03-19,385.5914306640625,393.0229308511957,384.99537797570935,389.55235275458836,327400
2021-03-22,387.1104736328125,391.4559141334437,382.5054409509822,384.0917169976473,175200
2021-03-23,383.8610534667969,389.2544280612606,381.6210436918826,386.6875222050343,218800
2021-03-24,388.07183837890625,392.9941143031793,383.543732977978,383.543732977978,218500
2021-03-25,394.4362487792969,395.62835440965915,382.18823773200495,386.4471577338422,333300
2021-03-26,397.0704040527344,397.16654822247665,384.80317667755094,394.1670378966382,146500
2021-03-29,399.6661376953125,401.3966153413294,392.3211575704434,397.4068818014546,125100
2021-03-30,398.77203369140625,400.7813204941234,395.4648740655629,396.40701055981503,270800
2021-03-31,399.4161376953125,404.08847391905203,399.195038401848,399.4642244445148,198400
2021-04-01,398.15673828125,401.2043351067855,395.33989331162627,399.5507552782993,123500
2021-04-05,406.1746826171875,408.2993601103103,399.4930885625144,399.4930885625144,220800
2021-04-06,407.02069091796875,410.07788162807634,402.5406428935285,406.17466923588336,265900
2021-04-07,403.4059143066406,407.8763688138932,401.2620489524157,406.7226974560703,98100
2021-04-08,403.925048828125,408.7704272100733,403.6078053573376,404.69417280728817,114700
2021-04-09,410.5970764160156,411.11623146924984,402.0023097460669,404.9729798000438,111500
2021-04-12,409.8280029296875,411.9334342299336,407.5302832770848,409.08771917828966,124500
2021-04-13,412.7120666503906,414.00993941211897,408.2031785755227,408.37622045333256,130800
2021-04-14,410.4239807128906,415.3174161931811,409.67410321832716,413.27928912278185,132300
2021-04-15,414.58673095703125,418.38420495118334,411.6256846874282,411.6256846874282,189600
2021-04-16,415.8558044433594,417.14405406928364,410.89506492526164,416.7498835410481,231200
2021-04-19,415.1155700683594,415.69240573101104,410.9816056019228,413.61581494891334,158900
2021-04-20,415.1828308105469,417.20174089333045,411.60651436669195,414.97135472497143,113300
2021-04-21,421.35491943359375,423.0950202312583,416.5287875719881,416.5287875719881,108400
2021-04-22,422.3836364746094,425.7869405865547,420.50892784656014,420.50892784656014,134400
2021-04-23,426.5751647949219,427.9691816259168,420.1723516637988,422.6142722526892,144300
2021-04-26,423.0181884765625,430.4977478432256,422.8643636594153,427.4213101784501,127500
2021-04-27,421.8643493652344,424.47931153936156,417.80731310991365,421.6624672088075,136900
2021-04-28,426.70977783203125,432.02622374411004,420.36464524355864,421.75866209206066,222700
2021-04-29,401.0889892578125,420.1724178570549,398.7528063288104,418.4227231387194,465200
2021-04-30,406.1651306152344,407.4533804103729,396.4936192629318,404.12697385879534,292000
2021-05-03,401.06976318359375,408.5974086965168,398.9162745968759,408.5974086965168,254400
2021-05-04,396.74346923828125,402.0503213705865,393.5132369308575,400.608247089256,219200
2021-05-05,394.4938659667969,400.44482862032163,392.003887711465,400.44482862032163,257100
2021-05-06,391.8019714355469,395.3686935625314,384.0147645516672,395.3686935625314,288800
2021-05-07,396.6185607910156,401.9350078202699,393.13835888595605,393.13835888595605,164700
2021-05-10,391.89813232421875,397.57028546343065,391.53280213459857,397.01266696167016,153400
2021-05-11,385.24542236328125,391.6770774049557,383.8898687231126,388.3122366828455,221700
2021-05-12,371.0553283691406,384.26474909871945,369.92090361144875,381.9574067140942,411000
2021-05-13,377.30023193359375,379.3690512455053,370.39142317315145,371.76740590348635,257500
2021-05-14,378.1565856933594,381.34156629237,375.6836462660477,378.0988542126781,155100
2021-05-17,378.3874816894531,380.8892866592379,374.38459961078587,377.1077281489741,302600
2021-05-18,378.6568908691406,383.35257985048946,374.8753325003277,378.1661733405159,190900
2021-05-19,375.7509765625,376.9537645796655,372.82578788256984,376.443783634985,117200
2021-05-20,382.9774475097656,385.1424665689707,374.8754521542956,374.8754521542956,155200
2021-05-21,386.3547668457031,390.01126024217695,384.6131320482436,385.93138309069093,194200
2021-05-24,388.23114013671875,391.1947971494799,386.2393159586104,386.47987358306955,156000
2021-05-25,390.2711181640625,393.03271537706934,387.345928823183,390.2230183784844,156800
2021-05-26,385.22900390625,391.2044473583166,381.17802154089884,387.50948559561647,185200
2021-05-27,387.5191345214844,388.0291155575327,383.1986992216193,384.9018661526266,352400
2021-05-28,386.99951171875,393.7447573488568,386.8840487498092,389.1452964413878,172400
2021-06-01,377.6370849609375,387.2882585420514,377.54085600962475,386.95150125988636,210500
2021-06-02,374.8465881347656,382.23651284330447,373.05685313275484,378.3202562221985,252100
2021-06-03,376.46319580078125,376.96357464624623,370.3530532744334,372.4988093187888,172200
2021-06-04,380.30242919921875,381.6014170807575,377.56969768543183,379.37866663530144,176600
2021-06-07,377.9352722167969,384.02620787609897,376.26100050236556,380.79309804674233,218400
2021-06-08,374.9908752441406,379.0322554706783,368.4188532308563,379.0322554706783,142900
2021-06-09,378.4549255371094,379.8213059479578,375.53936791204416,376.8095193872078,167500
2021-06-10,381.4281005859375,383.6219845847162,378.51254383275875,380.0713522838726,268900
2021-06-11,378.67620849609375,384.4880597161284,376.32836366921265,380.50444061802375,187900
2021-06-14,380.7546691894531,382.274980652906,373.6630048328324,378.09890327373114,302500
2021-06-15,381.341552734375,384.05504968969944,379.17653419096695,381.04326363981204,270200
2021-06-16,381.014404296875,388.1349039750766,380.398562694572,382.73680507806347,388100
2021-06-17,387.807861328125,390.65605615039675,378.43574313942844,380.0137863132045,267600
2021-06-18,381.88037109375,387.49979306098965,378.8012514573544,387.16300655069637,539200
2021-06-21,385.17132568359375,388.6738300759636,377.3195198402687,382.4866938742152,245100
2021-06-22,389.51092529296875,392.3495172372303,382.79457466822475,386.35481017930636,500700
2021-06-23,392.7440185546875,397.1125534042739,387.34588998541733,387.34588998541733,528500
2021-06-24,385.6812744140625,396.4390054263454,384.7864070076535,396.4390054263454,245600
2021-06-25,396.6410827636719,404.08876786424645,384.8922549048858,387.54802086051313,1209200
2021-06-28,391.04095458984375,398.07485877135963,385.5947252160046,396.5064180066117,299100
2021-06-29,393.1962585449219,393.6388763579511,388.8950869846598,392.01270444460056,175200
2021-06-30,386.6146545410156,393.0327164234983,383.17948413107894,393.0327164234983,209400
2021-07-01,391.473876953125,391.82989756143024,386.0469118721699,387.15347114161614,177500
2021-07-02,394.51458740234375,395.28436021714856,390.3385096838789,392.445797268224,142500
2021-07-06,397.0259094238281,397.17986982642475,391.935731261153,392.30138354670197,268600
2021-07-07,405.6667175292969,406.57121646946905,397.25683309082604,399.1716622217508,236900
2021-07-08,406.552001953125,406.78292786725535,395.99633260891454,401.83704919671254,464700
2021-07-09,406.8503723144531,412.18110899671797,404.9451450474837,408.14938957079823,696300
2021-07-12,404.550537109375,408.3224933572463,403.25152014152667,406.0804799861945,394600
2021-07-13,402.9436340332031,405.5609020408581,399.8548531352552,403.5305805145617,333700
2021-07-14,401.4906921386719,404.8969964667186,400.9133479426553,402.4336886376638,415600
2021-07-15,361.99114990234375,383.2564218735862,350.482851214792,382.00553388643533,1807300
2021-07-16,375.577880859375,376.2802904524711,361.7794966232258,362.5300353686247,683100
2021-07-19,360.93267822265625,370.8917700962293,356.8720642053082,364.0984248933358,594800
2021-07-20,371.5653076171875,376.34759445291746,361.6928424981839,361.6928424981839,454500
2021-07-21,376.1263122558594,377.17514002730275,372.0945639185513,375.6644310223562,299800
2021-07-22,378.31060791015625,379.42679899394653,374.12489868717995,377.24251661314474,277000
2021-07-23,382.88116455078125,383.3045483451577,378.17584303075733,381.08179810715444,235400
2021-07-26,382.66943359375,384.48803389151254,377.93524681483507,381.22608790523174,256400
2021-07-27,387.0957336425781,390.0593907965621,382.4096755932071,383.03511957361536,388300
2021-07-28,384.1512451171875,390.57893700697116,383.4584380691009,388.32732144192505,311700
2021-07-29,381.0433654785156,390.63680694053994,375.5875043704038,390.63680694053994,345000
2021-07-30,382.4192810058594,386.0084115340609,378.714687509878,380.5044516053033,254300
2021-08-02,376.51123046875,384.1032148501956,375.6259653708443,384.1032148501956,210500
2021-08-03,370.4202575683594,376.2129041675642,368.8133490234567,376.2129041675642,252200
2021-08-04,359.3064880371094,369.23671366528407,358.72914387455154,367.985796418918,326500
2021-08-05,363.5691833496094,364.8104689671644,356.0733992282508,358.8253938396961,285500
2021-08-06,366.4944152832031,367.9762587088666,361.80835670825945,364.2620331238826,198500
2021-08-09,360.9519348144531,367.11983643026355,360.14366464132104,367.11983643026355,159200
2021-08-10,346.6916809082031,362.7898097646371,346.2875604918614,361.00967724327046,549800
2021-08-11,350.3096923828125,352.53244286235616,346.92265102468633,347.57696082711703,240300
2021-08-12,347.9907531738281,352.8692702404058,347.1151196466255,350.2135039102068,217000
2021-08-13,352.5848693847656,353.1723977212843,346.3148730258769,347.2009418253512,184200
2021-08-16,358.62371826171875,359.5675727904314,351.1112393489075,352.8063682222233,206400
2021-08-17,364.3928527832031,366.1746601740462,355.4453115535386,357.2464004746829,256000
2021-08-18,358.24810791015625,365.2501264104571,357.9013930106098,365.1730590599475,210300
2021-08-19,361.985107421875,363.80544895606465,355.4550451337796,355.4550451337796,166200
2021-08-20,363.169677734375,365.64494416655504,360.9929810936559,362.20654178964287,145900
2021-08-23,368.3321533203125,370.5955291668759,364.31589200707157,364.7492856419989,446300
2021-08-24,371.9342346191406,376.57652770799893,367.5519482711795,367.5519482711795,205400
2021-08-25,371.0769958496094,372.78173579967466,367.3978096824432,370.76878530949,120700
2021-08-26,371.73193359375,372.3483546945357,369.16037713238507,370.07533862610813,212800
2021-08-27,373.9087219238281,378.2813683284886,372.81073259089476,373.86057687276957,138500
2021-08-30,378.10797119140625,379.20596049445965,374.091709965691,374.091709965691,171800
2021-08-31,380.8818054199219,384.6380304452501,377.9346112160042,378.70513775490616,339600
2021-09-01,382.90435791015625,385.25441217583517,380.2268409212374,383.6170691670563,182600
2021-09-02,389.6944885253906,390.6576246382742,381.7775378943658,385.34112387648617,259500
2021-09-03,383.7423095703125,390.59983390488793,383.3378088678401,388.3268468155409,258100
2021-09-07,384.42620849609375,386.0442703063601,379.8705635522497,382.721438559755,310700
2021-09-08,385.36041259765625,390.9369794505293,383.6460313296895,384.45509160678336,203700
2021-09-09,371.1925964355469,385.9767394326945,370.162033894883,384.2816107222625,406900
2021-09-10,358.69110107421875,373.9086372271701,358.33471608529675,372.5313598819407,290000
2021-09-13,363.8053894042969,366.4443727659256,359.45199566312294,361.6286925337099,228700
2021-09-14,373.0610656738281,375.4881576235752,362.72660661693396,368.0527764992201,202900
2021-09-15,374.3421630859375,376.30693978859307,371.8091101547994,372.752964827864,125200
2021-09-16,371.7415771484375,374.79473098806415,369.4493089256235,374.274629354445,104700
2021-09-17,371.3564147949219,373.5812569643053,368.2454744291107,369.14118400014394,251400
2021-09-20,365.134521484375,371.2408303697053,363.37199531201003,365.2790154168914,169200
2021-09-21,364.2002868652344,370.479923447322,363.32382951623686,367.50383652428485,140400
2021-09-22,369.1988830566406,371.65489731330354,363.03481898411627,366.32875679693643,122600
2021-09-23,374.9488525390625,376.1431612281157,367.86982608503916,371.2889473057908,198000
2021-09-24,373.78350830078125,376.9618752600241,371.45273525658615,374.101359692997,110400
2021-09-27,372.9454650878906,376.0949087366991,368.00457347358275,371.8667576384849,225900
2021-09-28,373.13818359375,375.3052397188527,367.2341548701019,370.3065612388761,368400
2021-09-29,371.0000305175781,376.682527522466,371.0000305175781,375.1415039128573,178200
2021-09-30,362.6688537597656,374.6406567338278,362.5051370974801,373.7641994353194,183800
2021-10-01,369.14111328125,370.52803143186327,359.7409261846876,365.4330633043761,133400
2021-10-04,360.5403137207031,368.9870055549957,357.939864249958,367.3593328148213,223500
2021-10-05,361.7635498046875,367.42679498514815,359.29792364881894,361.36868985454157,179100
2021-10-06,364.7781677246094,364.94191379911064,354.10663235876854,358.0362148283965,211500
2021-10-07,360.2032470703125,368.361010705844,358.9126482720183,359.69278613223656,250100
2021-10-08,349.53167724609375,361.0507751793505,346.12216769362607,360.86777699424835,519900
2021-10-11,341.0851135253906,350.9187272106606,339.6018753493935,350.1193075980579,446000
2021-10-12,338.5038146972656,343.51213431072983,337.8681413268395,342.0481779801794,399300
2021-10-13,341.4413146972656,344.09954977393755,337.319094252568,337.55987822572223,227500
2021-10-14,351.04376220703125,353.085605488873,344.27291841475596,345.0145224316292,203200
2021-10-15,349.8110046386719,356.3603176382353,349.7821117345665,352.8448771400494,212400
2021-10-18,346.603759765625,349.4739157275519,341.79772036279866,347.8654656184415,169000
2021-10-19,354.2607116699219,355.70541575595183,348.6745049017246,348.6745049017246,260400
2021-10-20,358.52734375,360.3572961068778,354.39548245174444,356.17728976998416,231100
2021-10-21,364.3351135253906,365.317501741236,356.91895398576776,358.11326270654223,203900
2021-10-22,362.63037109375,367.1763745195075,362.1295215261367,364.45068298176983,137700
2021-10-25,363.0059814453125,365.24046419757184,360.04914663549715,362.3510559673477,227200
2021-10-26,359.59649658203125,367.88911406524466,359.3075674958911,364.08471453976466,311300
2021-10-27,352.767822265625,361.888721623163,350.6392998744431,360.097302720174,324500
2021-10-28,334.554931640625,345.65991876033115,330.50013701010425,335.17135283473664,949300
2021-10-29,343.7817077636719,346.1510136910725,330.6349094765636,332.9271774697916,516600
2021-11-01,345.9969787597656,347.97142526108263,341.8747577181548,343.91660140335745,558700
2021-11-02,356.0810546875,356.5530113838487,344.86052451617206,349.3583832302623,286900
2021-11-03,335.2002258300781,355.6090803213933,330.14376175577314,355.6090803213933,516600
2021-11-04,333.6881103515625,337.3865492863616,330.2208146650071,337.3865492863616,502300
2021-11-05,340.28558349609375,343.6565595524359,333.68809590730837,335.7395803244092,244500
2021-11-08,339.4187927246094,342.15409569084807,337.4828797796771,342.04816482947405,282800
2021-11-09,329.7007141113281,340.2855690740068,326.19488505287967,339.69807023752446,664900
2021-11-10,329.33477783203125,337.4251156221035,328.04417891677105,330.62537674729145,311300
2021-11-11,325.7904968261719,329.4504030381491,316.29395754874736,328.1694446817333,529100
2021-11-12,327.9114990234375,329.11663068186317,322.1365175313529,322.1365175313529,285900
2021-11-15,326.0024719238281,327.7860425983648,323.22584487504264,327.7860425983648,331300
2021-11-16,328.48028564453125,329.8493280209206,325.5205049405352,326.224282930332,320800
2021-11-17,327.3329772949219,330.18674978702967,326.1567678085929,326.1567678085929,548200
2021-11-18,318.1450500488281,329.010533954186,318.03901260462374,329.010533954186,337300
2021-11-19,307.3856201171875,320.121469839109,306.7686081446177,320.121469839109,698400
2021-11-22,309.7090759277344,315.15629263002523,307.1927760398294,308.52324562650756,448700
2021-11-23,303.97271728515625,308.4654507601796,301.4563875747366,308.4654507601796,596000
2021-11-24,306.36376953125,310.63477891398327,303.3268433346548,303.51002571871203,360100
2021-11-26,294.19671630859375,303.3267943629762,293.637548199544,303.3267943629762,304500
2021-11-29,297.8603210449219,301.14789397081,293.6568069642268,298.1302693310468,396600
2021-11-30,286.744140625,297.5035272306503,286.59950132790857,294.9775766745282,637700
2021-12-01,279.089111328125,292.10452814427134,278.62633036046645,291.0922002941711,551500
2021-12-02,287.59259033203125,291.6900377303846,279.6483723206673,279.6483723206673,511400
2021-12-03,294.26416015625,295.33430269591634,286.763423646027,291.07297462514674,565100
2021-12-06,308.9185791015625,313.0256469536322,297.66745927410227,298.265199747934,575600
2021-12-07,310.2586364746094,317.57619010099245,310.16222008745143,311.92654876377475,474600
2021-12-08,311.6758728027344,313.970447480804,309.9501165614899,310.29720967167594,325300
2021-12-09,308.8511657714844,314.1055224630742,308.8511657714844,309.6995832172871,293900
2021-12-10,309.7573547363281,310.5864710503349,305.11036080918586,309.47775600204824,342700
2021-12-13,309.24639892578125,313.3438460994327,303.53888309344035,306.1998229083605,495900
2021-12-14,306.37335205078125,311.5120198675207,306.354080538583,307.0289365313947,368300
2021-12-15,307.5784606933594,308.6679042057605,301.957740690157,304.63795179424534,395700
2021-12-16,306.5854797363281,313.36313869323544,305.4960360599084,309.06323737287363,450100
2021-12-17,309.9597473144531,314.2307252627891,302.76753248899746,306.5661084179449,582600
2021-12-20,301.18646240234375,306.4697695570969,300.0199033338029,305.3995974720498,558600
2021-12-21,309.9597473144531,312.55319203300223,302.96033582937196,304.5511325648167,260600
2021-12-22,316.40966796875,316.54462738870984,309.43917722077873,311.02032377160526,367800
2021-12-23,315.6287841796875,317.894437421195,313.8741055482087,317.65341110661245,228700
2021-12-27,319.2730712890625,319.523748048086,313.99941483787245,316.28433938080303,131500
2021-12-28,318.1836242675781,321.64475825576824,316.59285664056046,319.56228758284976,233100
2021-12-29,321.7122802734375,323.9200895138772,318.8778085106811,319.50447103299786,289200
2021-12-30,319.0128173828125,323.688704558047,318.4825418136143,320.2950644882459,140000
2021-12-31,316.6893005371094,323.3030483757003,316.58323366095,319.16702864862447,168300
2022-01-03,322.7149353027344,325.76151118151233,316.2457684048964,316.68927796863755,403500
2022-01-04,322.5413818359375,324.45032071766843,319.00313223992015,319.13809166795767,296800
2022-01-05,316.8435363769531,328.2006940734721,316.8435363769531,325.1251962353056,252500
2022-01-06,315.12738037109375,322.1942872643109,314.6646287510575,316.1589798943461,287800
2022-01-07,305.06219482421875,313.3342048874996,301.34073327587936,310.7986033834802,423200
2022-01-10,311.9071960449219,312.6110031899511,298.4964938114974,304.60894456104035,582100
2022-01-11,318.3475646972656,319.2538259842687,310.5479273484966,312.8714245271187,320000
2022-01-12,322.6474304199219,325.65543375604693,317.5955288898736,318.09685297184313,375200
2022-01-13,318.0196533203125,323.8525060794947,316.7952505925367,322.2424378235275,286400
2022-01-14,314.0572509765625,319.2827138080907,304.9271740767353,314.7417573912937,363900
2022-01-18,314.0090637207031,316.0143895163116,307.5302758409727,310.59612320153724,538100
2022-01-19,320.91204833984375,324.59493732931924,314.19226322405063,314.19226322405063,504300
2022-01-20,313.1702880859375,325.77115046999046,312.6689639596413,320.8735088603074,398700
2022-01-21,311.5987548828125,315.79258819084004,307.11564299274113,314.9634719945428,256800
2022-01-24,305.9008483886719,307.453043136924,299.2581515825762,304.46431209737966,451300
2022-01-25,293.492919921875,303.28820292886485,291.12119992982446,302.45908657387184,396700
2022-01-26,288.01678466796875,300.9743612082456,285.8957708324003,295.3054177941049,467900
2022-01-27,284.950927734375,293.1361713861697,283.9579005651021,291.46828823687804,370000
2022-01-28,289.0869445800781,289.3568928540333,280.5931802841635,285.8475358704611,237500
2022-01-31,299.0558166503906,299.6342856979738,285.94397906785787,288.0264499858623,352000
2022-02-01,298.3905029296875,300.6657766484579,294.43766647332944,298.0048668071002,230300
2022-02-02,297.8024597167969,298.57373208298407,291.42005878465517,298.19771694451333,542000
2022-02-03,299.7595520019531,300.9839548108581,296.3273109909521,297.30106649650344,267600
2022-02-04,302.0445251464844,304.73435745984824,297.25292114463036,298.12060993675277,306100
2022-02-07,302.478271484375,306.334691206431,298.58330874904465,301.89018159939224,253300
2022-02-08,311.1842041015625,312.5918187838327,302.64224672069616,303.4038980162091,192600
2022-02-09,320.2275085449219,321.8857705221045,312.23506889133637,313.63303307905227,254000
2022-02-10,312.7652587890625,320.8540832035448,310.8563205887809,315.2333648581555,367900
2022-02-11,309.1210021972656,314.54891825392593,306.5950517121482,312.9966938474667,286100
2022-02-14,305.9490661621094,311.8397627996956,304.31010537436464,309.7862145160329,247300
2022-02-15,316.0819396972656,316.0819396972656,308.94756610872224,310.87577677709396,210300
2022-02-16,315.2624206542969,316.1879534675549,309.91164821939435,315.2624206542969,215900
2022-02-17,306.5758056640625,313.1317387314831,305.3224806625771,313.08351581779146,224200
2022-02-18,304.4450988769531,310.2008073415757,303.66417612133387,307.06746585327693,215600
2022-02-22,310.9528503417969,313.0545926256899,302.3723199086257,303.8763216734442,420100
2022-02-23,310.7792663574219,316.32287035220924,309.7958603838221,312.8328148056438,322700
2022-02-24,325.9254150390625,327.25588497763795,303.8570613977985,308.2051560225772,381700
2022-02-25,330.6977233886719,331.82570995984133,321.34589148178554,326.56170397602267,415600
2022-02-28,324.2381591796875,329.1068777957221,320.06359735977145,328.26811113002685,382400
2022-03-01,321.27838134765625,324.4213734595601,318.154690168365,322.1267985623164,235500
2022-03-02,327.9114990234375,329.39622946482257,321.15311126789544,323.29342627014574,273600
2022-03-03,331.3244323730469,333.1947990169733,327.25590681242403,331.5943806813373,278700
2022-03-04,337.7517395019531,338.0894869710171,327.65718979742354,329.2688530996198,301900
2022-03-07,335.11712646484375,340.5407596237158,334.03626384331307,337.60696861434855,393000
2022-03-08,325.1866455078125,334.13277155126883,325.0997936323116,333.23524326849844,646800
2022-03-09,331.1120910644531,336.197946649303,329.87681544558575,329.87681544558575,447100
2022-03-10,327.4930725097656,328.6511266820546,322.8607674667399,325.2155159037377,298400
2022-03-11,324.25042724609375,332.443804835196,324.11533419106803,330.4750746304206,271900
2022-03-14,322.918701171875,328.2940922522242,320.72802565094224,324.7040679997049,240400
2022-03-15,323.85479736328125,327.14565524870125,321.5290288562101,326.4508109231684,269100
2022-03-16,329.2012634277344,329.23021404976527,322.2335290297882,325.4375353072469,417000
2022-03-17,334.92401123046875,337.21122782817764,328.4581278663092,328.4581278663092,221400
2022-03-18,337.7034606933594,338.0605282043733,328.81526576170097,334.1423867056707,436600
2022-03-21,336.5163879394531,340.5696217165356,335.0687981366473,336.3233641852297,209500
2022-03-22,334.73101806640625,338.6973999512488,333.8624700833514,336.8058908735066,236600
2022-03-23,317.4757385253906,330.7646019943399,310.9422939743712,330.7646019943399,702500
2022-03-24,322.7642822265625,325.70770302150015,318.76892026621306,318.97157459062083,256700
2022-03-25,327.54132080078125,328.1879238856985,322.5037069965445,324.6461411305599,224700
2022-03-28,332.8877258300781,333.0228188858103,325.7945304937323,327.850112555621,200000
2022-03-29,334.8565368652344,338.9773325546065,332.1640111588652,337.5007918997514,240300
2022-03-30,336.1401062011719,338.7168298193511,333.21597505764663,334.0266220680864,213200
2022-03-31,342.43231201171875,344.21767934603685,334.7311501451021,336.45861622112244,480500
2022-04-01,342.4225769042969,343.91840803918996,337.9061034280142,343.3297356091005,268500
2022-04-04,332.5113525390625,344.2561436249529,331.9516307964095,342.03651779718217,384100
2022-04-05,330.5812683105469,337.31739724620604,330.02154650790436,332.5403387967336,318400
2022-04-06,329.40386962890625,330.3785895136165,323.1503005740407,327.9369892416159,275600
2022-04-07,331.17962646484375,334.25814052151907,328.4484903922541,328.4484903922541,238800
2022-04-08,334.36431884765625,336.1110749842997,328.3230341941848,330.61988156536245,168600
2022-04-11,327.0395202636719,334.5283948931119,326.64384215038524,332.78160929004946,199100
2022-04-12,327.82122802734375,329.3267192449314,324.2022530905862,327.7247161387715,220200
2022-04-13,326.2868347167969,329.30747762547617,323.6522099685253,328.120443067207,387700
2022-04-14,324.8584899902344,328.2555200129456,321.5001000648823,328.1203974773634,285400
2022-04-18,315.5841979980469,324.7426055931876,314.00148587280296,324.7426055931876,185400
2022-04-19,326.894775390625,332.5693032951026,316.3080663044278,316.3080663044278,345200
2022-04-20,333.94940185546875,337.0375764732965,326.90444552630885,328.61262073477377,267700
2022-04-21,326.6824645996094,337.1823219374585,326.45083017657595,337.15334186469755,484500
2022-04-22,309.890380859375,324.06711362714776,309.58158406388617,323.1599549342868,519200
2022-04-25,314.9473571777344,315.7869547196104,307.1593154077536,308.19193674258094,369300
2022-04-26,305.8179016113281,314.59992474163454,305.27744087359133,311.50209014412803,306800
2022-04-27,305.1326599121094,311.11604361772834,303.96494557308887,305.1037092905235,373300
2022-04-28,285.17523193359375,303.77192765722043,270.8826955927886,303.77192765722043,989500
2022-04-29,275.64044189453125,283.97857471570654,274.4244568286195,281.9905534039651,442300
2022-05-02,272.65838623046875,279.28834336831875,267.3408964867229,275.45705419249043,469900
2022-05-03,274.8973693847656,278.3522715089066,272.22413411719,273.23746487088596,321600
2022-05-04,276.6343994140625,278.13989042015976,267.6207439719662,275.32193215799384,423100
2022-05-05,268.0743103027344,277.74419890481204,263.61573873500225,275.16750572925724,476100
2022-05-06,260.1897888183594,267.0513801094779,258.91593211710585,266.2600239130827,313700
2022-05-09,250.62606811523438,256.13655190457274,248.79243074197228,255.69263259639445,533300
2022-05-10,258.4045104980469,258.7712380605981,247.79847961517675,252.44041649631583,685700
2022-05-11,258.0280456542969,264.9861188798381,256.0882659443748,256.0882659443748,581300
2022-05-12,259.83270263671875,264.4939581699074,252.5175619872657,256.667307530561,507900
2022-05-13,269.07037353515625,269.93037705902145,259.15635883484237,261.06957473898353,386500
2022-05-16,271.853271484375,273.24471734965334,266.7319981528172,267.8625294880234,375200
2022-05-17,282.8882141113281,283.90279657369865,276.0952651649464,276.0952651649464,648200
2022-05-18,276.6846618652344,281.6416838828398,275.8923050442168,280.40484643795924,610300
2022-05-19,278.9554138183594,279.5351877955816,273.331656369804,273.331656369804,420500
2022-05-20,277.61224365234375,282.79151999995213,271.81456341326776,281.1391893886029,390300
2022-05-23,279.6028747558594,283.1877961737319,276.2208934481933,282.0282479299745,346400
2022-05-24,275.4961242675781,277.5060035285787,271.2251824428803,277.5060035285787,261900
2022-05-25,273.4669494628906,277.59295500868717,271.09955134521084,274.77140404964337,220700
2022-05-26,275.843994140625,277.33207382054036,271.71798853782536,274.1530038870716,301100
2022-05-27,280.3082275390625,280.58845706170877,276.25951102845625,279.92172134593136,210300
2022-05-31,278.03753662109375,280.24065494183344,274.7618611191901,277.78632374783035,283400
2022-06-01,273.32196044921875,280.11493750127215,267.93013075186377,280.11493750127215,196500
2022-06-02,280.7720642089844,281.1392554285438,269.65016890148223,275.2062804357338,169900
2022-06-03,272.3460388183594,279.4868330755392,272.2107454564551,279.40954364625605,281300
2022-06-06,274.23028564453125,276.993862115558,273.02243549724466,275.1096040903793,220800
2022-06-07,275.7087707519531,275.75710246458397,271.1286111388842,272.37512109899257,226000
2022-06-08,271.8242492675781,276.7812708384843,271.7083003751522,274.5974684027019,161900
2022-06-09,262.7122802734375,270.79036904538737,262.52868466602655,270.79036904538737,281300
2022-06-10,258.6441955566406,260.95358955637664,257.0208226513292,259.32057390270387,190400
2022-06-13,250.75941467285156,254.57620423449623,249.0877391074233,253.9964301461919,310800
2022-06-14,243.99542236328125,249.67716973631775,242.43005306525959,249.67716973631775,334500
2022-06-15,248.54661560058594,252.08320497538537,244.74912642095256,246.90394206815571,266300
2022-06-16,241.02894592285156,241.9952261648487,237.9561670862821,241.60870522149,312700
2022-06-17,236.6710205078125,245.72507670413412,236.55507159306154,240.6134457962812,593000
2022-06-21,240.71006774902344,241.45410765162464,238.41998833099404,240.69073801610406,338100
2022-06-22,239.55055236816406,245.6477786933393,238.4779806469312,238.4779806469312,395100
2022-06-23,243.0098114013672,243.618557897748,240.13028580613917,240.70040232648591,343700
2022-06-24,249.3486328125,249.42595175417026,241.92760679310547,244.98105624128613,764300
2022-06-27,250.8076934814453,252.48901164090213,247.1551554011731,250.06366832216975,256700
2022-06-28,244.7200927734375,253.09773946959803,244.44953552502798,251.79325543713023,427700
2022-06-29,248.1697540283203,248.51763026692993,242.8552271749625,244.98104086515906,219400
2022-06-30,237.55999755859375,245.06798423865507,236.66134928858733,245.06798423865507,673800
2022-07-01,246.48838806152344,247.61894875756334,237.51165238754547,238.2266902278015,369000
2022-07-05,243.74415588378906,244.11134704094607,238.19770278686306,243.27067332557422,267300
2022-07-06,243.3093719482422,246.06326183737823,240.88399906398277,245.1163113127967,350200
2022-07-07,247.29042053222656,247.71557142389844,241.64734785077763,243.2706914669758,350600
2022-07-08,246.07290649414062,248.24703683125645,244.63314376295966,247.23243972508274,406000
2022-07-11,239.86941528320312,242.9421794101179,237.66629748617498,242.54600096781257,328200
2022-07-12,235.5501251220703,241.91790801060466,234.84472997026205,239.10602913009475,285300
2022-07-13,234.33258056640625,236.38110439421962,231.10520858723532,231.43374028096224,336300
2022-07-14,231.02792358398438,232.9218392151322,227.63628547646817,231.3951147687794,408300
2022-07-15,235.9076385498047,238.44896009821895,233.32767228232342,235.656411015206,316600
2022-07-18,236.13955688476562,237.55031770140045,233.32767800116764,237.12515205991633,442400
2022-07-19,245.96664428710938,246.56573333295785,239.97570959582447,239.97570959582447,449000
2022-07-20,249.0780487060547,251.23286427319277,244.72013009909793,244.72013009909793,463300
2022-07-21,258.3060607910156,258.32537578143615,248.81718102384806,250.5951332641904,516400
2022-07-22,256.2381896972656,260.6734125075179,254.36360365260126,258.48963919404275,370000
2022-07-25,254.19927978515625,256.52801806064036,253.0590764933166,256.52801806064036,381600
2022-07-26,253.78384399414062,255.14627311609533,251.84161137026229,254.04472903032809,264200
2022-07-27,257.5426025390625,258.17067862994077,253.36826593769405,255.6970042339872,436800
2022-07-28,237.40541076660156,241.37682341447353,227.08552943035588,235.79172442471435,1859100
2022-07-29,232.35174560546875,235.79170079134192,227.7715721056538,233.73351922745897,1679600
2022-08-01,237.0285186767578,237.27974620245178,228.4672761410058,231.27915485601827,726400
2022-08-02,242.39138793945312,244.36259301013928,236.8449344237455,237.47301064015988,758600
2022-08-03,246.3724365234375,248.33398393293865,241.57968077406488,244.12100213714623,704800
2022-08-04,242.11117553710938,248.89445223298432,240.56513599352752,246.7396661618853,452800
2022-08-05,242.12083435058594,242.178808802919,238.8258153631771,239.0094109584089,237700
2022-08-08,247.28079223632812,248.63357874289147,244.47857055235102,244.82643204607692,315300
2022-08-09,240.89366149902344,246.72998753317907,239.85007709339308,246.29516438356626,396300
2022-08-10,245.4834747314453,246.04391898701536,244.14034591449362,244.77809435127313,177500
2022-08-11,245.3095245361328,251.73528131042886,244.73942281513504,248.55624100970533,220300
2022-08-12,248.61868286132812,248.81218035837497,244.71933771845144,246.15134616733482,133100
2022-08-15,246.3932342529297,249.33467370116438,245.89977578443424,247.00281188651255,464800
2022-08-16,244.90316772460938,245.8126915482992,241.15865324081767,244.32261620530656,545100
2022-08-17,236.99806213378906,242.6777283934521,236.81422033594004,242.6777283934521,376100
2022-08-18,237.49154663085938,237.5592840434115,233.11809860155995,237.22062650872962,291000
2022-08-19,234.3275909423828,238.5655793127903,233.19552858947412,237.73346321184363,238500
2022-08-22,227.8641357421875,232.34401710568721,226.09346998575484,232.34401710568721,311600
2022-08-23,222.24252319335938,225.99672261864248,220.5105539681747,225.99672261864248,362200
2022-08-24,222.5231475830078,224.77760167011334,219.93972116491855,221.78779506127248,210900
2022-08-25,227.10946655273438,227.5255171948202,222.50380956730783,224.8937089848508,236600
2022-08-26,216.87252807617188,227.93193167861273,215.83722922329832,227.93193167861273,282800
2022-08-29,214.73414611816406,217.6272038284898,213.56338736319012,214.30842505710737,265500
2022-08-30,215.7694549560547,217.03697719467144,213.46661927732285,215.31469304027087,301900
2022-08-31,218.92373657226562,220.24932570836233,216.01133817883857,218.01422755014647,402100
2022-09-01,219.3011474609375,221.91361510314235,216.7757729004367,217.80141610994644,326100
2022-09-02,215.54693603515625,221.36206319182773,214.4922668454042,221.36206319182773,379200
2022-09-06,214.51161193847656,216.6499615510712,212.4216440822286,216.6499615510712,313700
2022-09-07,225.57101440429688,226.4902087199479,213.21506383013468,215.4211360933128,455600
2022-09-08,229.7606201171875,230.0315402357101,223.66488792235,223.66488792235,296100
2022-09-09,234.2985076904297,235.56604457213345,230.25404735271383,230.77653186352433,243000
2022-09-12,237.2012939453125,238.31401540756553,234.9274987872178,234.9274987872178,346000
2022-09-13,229.98313903808594,233.91149518862505,229.3542057872222,233.11807579142285,398900
2022-09-14,230.91200256347656,233.85344182126457,229.06394365560575,229.79929608803386,466800
2022-09-15,225.12591552734375,237.19158993113794,225.03883722708508,231.89894780951678,482200
2022-09-16,219.97842407226562,224.0325553789323,219.26241246979868,223.14238717167123,1078000
2022-09-19,215.7210693359375,218.8076391823778,211.54114863338822,217.49173521297487,361600
2022-09-20,213.09898376464844,213.892388557056,210.05110993112302,213.66985016899594,432300
2022-09-21,207.2451171875,215.82751205449173,206.82905180734315,214.54063413211102,302300
2022-09-22,205.010009765625,206.11304582669123,202.6394367294049,205.94855967664185,379400
2022-09-23,200.752685546875,202.53303679556075,196.7856323863509,201.89443302475087,426400
2022-09-26,197.71449279785156,201.60415277641266,195.97285289968696,199.96894683769253,227200
2022-09-27,195.42137145996094,200.568869302704,193.43783724472942,200.568869302704,302600
2022-09-28,201.2171173095703,202.31046818182992,196.05993530786364,197.8015603472969,316400
2022-09-29,197.35647583007812,201.0139118905742,196.3888998402318,199.03037815858164,277100
2022-09-30,194.92788696289062,201.6331822271609,194.34733539917877,198.00477186406064,412800
2022-10-03,201.7395782470703,204.53587205043706,194.3569692922421,197.9757085288495,411400
2022-10-04,199.5625457763672,206.16142104344385,196.94040837568656,203.43284969445432,972800
2022-10-05,198.88528442382812,199.9979911121874,195.64389835315268,197.69516987029002,361700
2022-10-06,192.9636993408203,200.37533599473048,191.8993744627437,198.5272620543462,397400
2022-10-07,187.92262268066406,190.89307349375406,186.54866645353633,190.89307349375406,344700
2022-10-10,184.1103515625,189.16109922944239,183.53948529233767,189.16109922944239,304200
2022-10-11,184.83604431152344,186.84860418730008,180.47228181433914,183.82977175565424,337800
2022-10-12,180.70449829101562,184.48772420052188,179.96914580600208,184.29421194278558,548500
2022-10-13,187.03245544433594,189.1804754797332,176.72776154175952,177.76307501321597,471400
2022-10-14,189.3256072998047,191.85098142579113,187.47753346805925,189.53847521571458,399400
2022-10-17,195.48904418945312,197.62739359799977,192.31539616126676,192.31539616126676,479900
2022-10-18,195.75030517578125,203.19096724326903,195.21813540400305,200.57851490294902,392300
2022-10-19,191.48330688476562,195.35361133732513,189.68361472376387,193.61198614490522,218100
2022-10-20,187.39048767089844,193.9893646806953,187.16794927076808,191.71555462270567,441800
2022-10-21,191.26075744628906,193.0023973019772,183.85880651466329,186.84861298790517,463100
2022-10-24,190.0028839111328,194.9471975888667,189.3255837013139,193.2055579321629,406400
2022-10-25,197.7628936767578,197.9757616162294,188.57092002080824,189.61590406074845,369300
2022-10-26,200.8881378173828,205.13579615061872,198.0725026899316,198.5659611678472,574800
2022-10-27,204.15855407714844,207.17738673995774,197.68546770174515,203.5489764186814,547600
2022-10-28,207.18704223632812,210.66063634236605,202.42657034921544,202.5523451827684,591700
2022-10-31,207.60311889648438,208.52231320875762,204.54557497663478,206.625872382347,504900
2022-11-01,212.13140869140625,212.769997754572,208.98678608160355,209.0448382906149,451800
2022-11-02,201.6428680419922,211.67664297039158,201.49773752202236,211.10576180908203,446200
2022-11-03,194.4053497314453,199.0206909481445,192.04446215285643,199.0206909481445,311400
2022-11-04,195.82772827148438,198.49823301947293,192.66375025851332,197.18232891958587,292700
2022-11-07,197.51123046875,198.18853049943905,194.16341208272505,197.48220437915143,209400
2022-11-08,194.29891967773438,199.7754029718442,193.54421163525697,196.91137172969738,236300
2022-11-09,193.95065307617188,197.39522210560978,193.0895108188124,193.4765501706851,428200
2022-11-10,211.1250762939453,211.32827374631728,201.11067373988453,201.22677813321835,339800
2022-11-11,212.39260864257812,215.53723073433844,209.4511840129239,212.41196429707358,514900
2022-11-14,203.5061798095703,214.12727074779104,203.38989529578637,212.48952817293662,340400
2022-11-15,208.37095642089844,208.68105339511388,203.85505371089658,205.99672054893455,494500
2022-11-16,210.57073974609375,213.33261517543255,207.31464035850078,208.0026915508391,454200
2022-11-17,207.24679565429688,208.20618715131752,204.4073925216478,206.49091682159235,230800
2022-11-18,210.67733764648438,211.7239425996026,207.61506550988864,210.59982449760906,414800
2022-11-21,207.42124938964844,211.98560889193058,206.84949746767472,209.76642890967094,320700
2022-11-22,210.2897186279297,210.91961279199222,206.63629403031723,207.82826944148866,236500
2022-11-23,218.73036193847656,218.9047886893907,209.8826847725756,210.880832834648,456900
2022-11-25,218.5656280517578,219.6510043864961,217.62563693143278,218.42027241122872,151600
2022-11-28,217.54811096191406,219.59286411652363,214.83469228093827,216.2495364846926,425300
2022-11-29,219.1567840576172,221.15309533933112,216.38522291198933,217.88729540047333,430000
2022-11-30,226.8802947998047,227.08380746914452,218.0423175919008,219.16645042257377,644400
2022-12-01,237.23008728027344,239.7690646600771,227.73312833283458,227.73312833283458,835700
2022-12-02,235.07870483398438,236.84241731778306,232.67539796934955,234.1290134965543,493500
2022-12-05,228.48899841308594,232.3265502514315,227.65559151211377,231.61911331886625,277600
2022-12-06,228.67308044433594,229.5161726271966,226.47327171051327,228.42112577014336,474800
2022-12-07,232.88858032226562,233.32466199350196,225.23286352535987,228.88628777662413,385400
2022-12-08,237.54986572265625,238.10223196060633,232.39436863809547,233.39251683228917,441300
2022-12-09,239.6915283203125,241.1548442168924,235.23378249611622,236.5226568240628,712200
2022-12-12,240.7865753173828,243.48060832806735,238.2088268206454,239.25543180699614,502100
2022-12-13,245.65133666992188,251.35919966924308,243.41275635504613,246.6397845738527,523100
2022-12-14,245.44784545898438,247.80271048923984,243.0251527212836,244.12990001819742,620900
2022-12-15,242.3371124267578,245.9614512413188,241.71688890026317,241.71688890026317,336700
2022-12-16,239.37173461914062,239.9531868072084,234.34223677621105,238.89689629293056,655100
2022-12-19,235.82492065429688,239.8078281682296,235.11748371733472,238.55771041552998,356200
2022-12-20,235.20468139648438,236.39664194698577,232.56879081588815,236.01870251453698,327600
2022-12-21,240.0501251220703,242.24991976899022,236.61958347615575,236.61958347615575,399200
2022-12-22,240.3795623779297,240.46677576253606,235.7764464446599,238.925946820055,224100
2022-12-23,241.1160888671875,241.95918127524237,237.48204947116596,239.61401629277643,276000
2022-12-27,241.17417907714844,242.59872339587415,239.62366480833842,242.28862645688852,198500
2022-12-28,239.89501953125,245.26369972190204,239.3620242122554,242.64719472231434,348000
2022-12-29,243.57752990722656,246.843314934126,239.77873474213925,241.71688890161766,210900
2022-12-30,241.91070556640625,242.65688423857023,239.55584067642707,241.82347739496842,240800
2023-01-03,242.12391662597656,247.279399050769,238.84843133300274,244.19774100516912,259100
2023-01-04,249.537353515625,249.653638035927,244.29464285017798,245.39939015387623,288000
2023-01-05,245.176513671875,247.26002358474398,241.07732155596608,246.51384484190714,395300
2023-01-06,249.9540557861328,250.9425333810494,242.4146369356045,247.56044889105843,512600
2023-01-09,249.19813537597656,252.85157445751395,248.27753000451258,250.96186254817516,295900
2023-01-10,251.45611572265625,253.00661529509583,248.7814536845957,249.28536308825022,243000
2023-01-11,232.35557556152344,252.38639357803942,230.44649286003076,252.38639357803942,1010700
2023-01-12,231.1636199951172,233.70261177839026,225.43638618991648,232.0454836098683,545100
2023-01-13,233.52816772460938,235.4663216947725,229.3514482848185,229.3514482848185,262800
2023-01-17,233.64450073242188,235.09811641979834,230.6597414132423,233.02429196395232,338200
2023-01-18,229.1285858154297,235.73768377300397,227.91723947254397,233.9351998233123,241800
2023-01-19,227.92689514160156,230.37865863632675,227.52957004417885,228.22730662947797,366000
2023-01-20,228.40176391601562,229.1576428043789,225.77555870043636,228.34362166105564,354100
2023-01-23,230.91165161132812,231.94857103275393,228.7893707511274,228.87658412668452,276600
2023-01-24,228.33392333984375,232.2005459834295,228.01412614794341,230.05887925716667,185200
2023-01-25,232.92733764648438,232.93702309274195,224.4769854104435,225.86277314620233,173300
2023-01-26,233.55723571777344,234.37127161239613,230.52403485028208,234.12900236937605,196200
2023-01-27,236.3191375732422,237.54016937204983,231.99704728556085,232.68509851935218,197700
2023-01-30,233.5863037109375,235.69889917094613,231.91950494530164,234.4294107204589,185700
2023-01-31,235.89273071289062,236.0574720348459,233.1114843468622,233.57663718455603,180200
2023-02-01,242.44369506835938,243.00576154523208,234.9527334330862,235.970267317305,223700
2023-02-02,254.11141967773438,257.0380221188251,242.35650873608205,242.96703209215755,475600
2023-02-03,250.47738647460938,256.0786515391323,250.4580155771006,251.13635187657928,476900
2023-02-06,245.57382202148438,248.36476869403893,243.52906882759467,248.36476869403893,242700
2023-02-07,249.537353515625,249.67303850523476,242.14329050293247,243.80041885195138,185400
2023-02-08,246.0970916748047,249.45010447138117,244.03296779975494,248.43255591640502,180000
2023-02-09,240.7865753173828,247.44412990581532,240.72843306040926,246.9208348061111,171400
2023-02-10,237.88902282714844,241.1354367602611,235.7764420204112,240.27295880358383,286800
2023-02-13,238.2960205078125,239.60428032934163,236.9683897935216,238.80963011787864,155100
2023-02-14,237.67581176757812,240.53460065175906,234.34219941982195,238.10220799926373,193000
2023-02-15,239.5267791748047,239.96286090175144,235.52448611786124,236.20285190082586,245300
2023-02-16,238.73211669921875,239.45892442435914,235.485702945482,235.93148485648882,208000
2023-02-17,239.81748962402344,240.56368306448277,237.3172691556964,238.08283348982044,230100
2023-02-21,233.86734008789062,237.59827744084046,232.3846535502161,237.59827744084046,251000
2023-02-22,233.30528259277344,237.1040625743682,231.8710528048208,235.03992387817482,403100
2023-02-23,228.4793243408203,232.57851655475355,222.53887666532896,222.6939325585653,676500
2023-02-24,227.90753173828125,230.09765531779033,223.43040053412867,225.36855461896593,666600
2023-02-27,231.54156494140625,232.77229689529244,228.0819676744375,229.6906390740756,402100
2023-02-28,230.86322021484375,233.14055718462922,230.76632138254064,231.54157118873445,574800
2023-03-01,226.43450927734375,229.88442063390784,224.04088818019983,228.55679002870892,315700
2023-03-02,228.7152099609375,228.7540378254223,223.95981834745626,224.69738487926205,252600
2023-03-03,232.13131713867188,232.57773388372783,228.43375560790454,230.9667330452122,347400
2023-03-06,226.76451110839844,232.917409111729,226.5898153511498,232.1410147863252,240800
2023-03-07,223.58132934570312,227.44387260767607,221.40742798582576,226.64806427476412,418900
2023-03-08,220.86395263671875,223.58132558878154,220.26225402042667,222.54289494867356,250900
2023-03-09,222.09646606445312,225.03704724476145,221.02892198875122,222.05763820252372,464200
2023-03-10,216.3026580810547,222.54289711884758,214.94396418752808,221.93148412633604,394600
2023-03-13,216.4481964111328,220.17487123564496,214.5654450692781,214.5654450692781,361300
2023-03-14,220.35926818847656,224.27033835211094,217.40898763253125,219.9807780051729,687700
2023-03-15,218.8356170654297,219.8740328186304,215.5359448697814,216.4967345177345,464500
2023-03-16,225.36703491210938,228.19116243543016,215.5650866898277,216.89466715063915,592300
2023-03-17,228.8802032470703,229.93803307758617,222.91169970715808,225.2990951997261,630500
2023-03-20,230.31649780273438,230.74350060001663,227.18180710967738,227.92908791977808,293600
2023-03-21,237.64369201660156,238.70153652732614,230.32620976876848,231.63636133868988,556700
2023-03-22,233.69381713867188,239.74966065319913,233.5385353027889,237.72134165063449,494700
2023-03-23,234.2178955078125,238.52687057889753,233.51914199312344,234.57698663606442,343000
2023-03-24,241.5838623046875,241.7973711070536,232.21864772499748,233.89758984497672,288100
2023-03-27,239.730224609375,246.19367084129544,239.516715820041,244.0100703391428,338800
2023-03-28,239.0897216796875,241.49653076718192,238.33274128274576,238.8762128694229,244200
2023-03-29,239.06060791015625,241.8167937013795,238.69181727312989,240.31253247026095,290300
2023-03-30,241.60328674316406,243.14636103861721,240.2057799063423,241.5741732514378,201500
2023-03-31,245.8346405029297,246.15490374672,241.78770192711045,242.62232331164216,211900
2023-04-03,244.40798950195312,246.11605992196326,242.7096334510955,244.97087499868468,220100
2023-04-04,248.53257751464844,248.85285553852927,244.572979772304,245.06793874540335,193000
2023-04-05,254.4331817626953,255.29690180135364,246.64013939832714,248.6199309686105,331100
2023-04-06,254.74368286132812,256.93699777777056,251.39551312506234,254.74368286132812,312000
2023-04-10,253.88003540039062,254.86992393577756,251.69643422943025,252.9095459910749,155500
2023-04-11,258.6353454589844,259.3340987964982,253.7052738565644,255.1512931398593,211600
2023-04-12,253.83145141601562,261.4303988267892,253.07447098591763,260.72193101238435,240100
2023-04-13,254.94754028320312,257.25727984223823,252.7348259565196,255.54923888529524,257500
2023-04-14,256.044189453125,256.9564518017716,252.75424599248242,254.64671205162864,156700
2023-04-17,252.9580078125,256.5876576139391,250.29887684245105,256.5876576139391,220000
2023-04-18,252.02635192871094,255.31629503612604,250.5026767209467,254.22935183111596,249900
2023-04-19,260.5666198730469,261.52742426175206,250.36679914524672,251.12377949020882,473200
2023-04-20,259.63494873046875,260.3045885813858,256.39351867811945,259.64466309893845,295600
2023-04-21,261.2654113769531,263.3034447930371,260.44048956365936,260.9354485750321,264000
2023-04-24,261.3721923828125,265.16680920145853,260.99368732952547,262.3038538430042,156700
2023-04-25,260.4211120605469,262.1971241799881,259.6059045498304,259.8291277653897,163100
2023-04-26,257.83953857421875,258.53829191521845,253.93818303020728,255.26774836671206,325800
2023-04-27,260.73162841796875,261.89619767166516,255.89858160673685,257.0146382478966,214000
2023-04-28,264.4776916503906,265.93342537073687,261.30420280214804,261.30420280214804,284100
2023-05-01,266.0207824707031,268.0491309774658,263.08991572595636,263.4878198550974,262200
2023-05-02,260.77044677734375,267.5056438561104,260.25608871188075,265.59377904354443,316700
2023-05-03,264.0894775390625,268.2722830067514,260.5471984032415,263.118988481743,441900
2023-05-04,241.55474853515625,253.29767341776653,237.2554886193205,253.29767341776653,888000
2023-05-05,250.33767700195312,250.69675323283326,243.41808493020207,243.57335193287355,437300
2023-05-08,251.5313720703125,251.87104919793862,241.8750079403175,249.27014537076354,422300
2023-05-09,244.55355834960938,251.1043450922744,243.6315818400634,251.1043450922744,355100
2023-05-10,242.14675903320312,245.53377172922,237.47870827205742,245.53377172922,287400
2023-05-11,242.3214569091797,242.55436484569736,237.90572797465055,241.224799346441,213200
2023-05-12,242.55467224121094,244.05127175778975,240.6790812809534,242.41861908776573,241100
2023-05-15,241.310791015625,243.6334226007944,240.90263149176454,243.05034392185826,160200
2023-05-16,239.75587463378906,241.3690721559374,238.7937748954469,239.80445339710664,180400
2023-05-17,238.56051635742188,240.4749880724911,234.87735369216534,240.4749880724911,206900
2023-05-18,238.27871704101562,239.4157359237625,236.16988562648353,238.94927006053663,197200
2023-05-19,236.90846252441406,240.61106597157132,236.26706268179458,239.38658749549276,195000
2023-05-22,238.42446899414062,240.0862748505681,236.5391504205535,236.74323756486908,185800
2023-05-23,230.58197021484375,237.74422403536224,229.88226398549594,236.91817742806242,195700
2023-05-24,226.519775390625,229.1631066157143,226.02415634667656,229.1631066157143,209800
2023-05-25,226.59754943847656,226.85021538426346,221.51497352930932,224.68307736870926,262300
2023-05-26,225.80062866210938,228.70633839690774,225.38274159774488,227.2194665348791,186500
2023-05-30,225.51881408691406,227.8414454481674,224.35264201278412,225.74232681752403,181100
2023-05-31,228.13296508789062,229.8239240332569,224.62472166634174,225.35358097972158,436800
2023-06-01,227.18060302734375,229.17282153696672,223.89587216590377,228.06494109653954,266000
2023-06-02,229.8045196533203,229.9211324165616,226.85020113595482,228.22046041877203,317600
2023-06-05,233.88612365722656,233.88612365722656,227.84144843504848,229.71705435967007,317100
2023-06-06,229.32835388183594,235.84922354065188,227.00572215147733,233.8084109650932,333600
2023-06-07,233.32244873046875,234.21651440950592,228.13297378035503,230.1251922785715,309600
2023-06-08,231.8355712890625,234.4497491024204,231.0192524054753,233.75975575142684,190300
2023-06-09,230.3778533935547,232.21457830195985,229.54209410657938,232.21457830195985,197600
2023-06-12,228.8035125732422,231.82584971380714,228.38562553262113,230.50418426391133,239000
2023-06-13,232.32150268554688,233.31275562515975,227.83173351050195,228.23018020949215,249000
2023-06-14,237.63731384277344,245.3632203952192,233.4876702388383,235.93664193625534,459700
2023-06-15,241.7869415283203,243.1474730324894,235.08142669830679,237.27773233476987,314000
2023-06-16,245.28546142578125,246.1503739306845,242.0104581480039,243.87633631042397,443200
2023-06-20,245.84912109375,248.41470549012308,241.48569247692973,243.234943106839,374400
2023-06-21,237.98716735839844,239.76558604890783,233.25444513259376,238.44392042895626,515000
2023-06-22,236.56829833984375,239.55176968862116,236.06296654088334,238.73545078690245,380200
2023-06-23,230.61111450195312,235.61594306020427,228.38565552187785,234.67328372730145,688000
2023-06-26,232.77825927734375,233.27387834028903,228.13299646741163,230.75688739075713,268200
2023-06-27,229.95025634765625,232.43809383812896,228.18156540592503,232.43809383812896,237000
2023-06-28,228.31764221191406,230.36816727965478,226.34486392739132,230.0960609527332,300600
2023-06-29,228.32736206054688,229.5810085892696,225.89783061740704,227.01542397846123,182500
2023-06-30,235.20777893066406,237.56929102402802,230.83462266686902,230.83462266686902,342100
2023-07-03,232.0007781982422,235.82972156048504,230.67911269496062,234.1679306025392,100400
2023-07-05,230.91238403320312,231.7481434317814,229.47410558984154,230.96097762716244,140000
2023-07-06,227.7734375,229.22142875546015,226.7821845152615,229.1242563945615,183100
2023-07-07,229.27000427246094,231.3302420367352,226.50034753196277,227.1806133193475,153000
2023-07-10,232.37979125976562,233.72089720303174,229.38660709618523,229.99885369266437,174300
2023-07-11,236.13101196289062,236.63635864673415,232.44784888064817,233.2641678731534,180000
2023-07-12,239.6878662109375,241.11643196178787,235.98526246722966,238.18155367032912,162100
2023-07-13,240.10572814941406,241.90357242704798,238.01632231927857,239.79474102302495,212400
2023-07-14,238.92982482910156,242.85594085354697,238.32730581674997,240.1543032560786,301300
2023-07-17,240.28062438964844,240.28062438964844,235.34381544377834,237.96770605075014,199600
2023-07-18,244.51776123046875,245.27577384846293,240.06685788225394,240.06685788225394,355200
2023-07-19,244.21652221679688,246.26704750401402,241.777262971882,244.56637536438268,181600
2023-07-20,250.51385498046875,250.99003367197832,244.58579209105727,245.46043234271738,267900
2023-07-21,251.47592163085938,254.7023463985128,250.7276366477482,250.73736426355654,313500
2023-07-24,249.92105102539062,255.55755205376775,249.7558298396798,251.95213573251812,533400
2023-07-25,248.87144470214844,250.96083552088578,246.69459432251833,248.7062383664573,360400
2023-07-26,248.85203552246094,252.63237074886945,237.72477046611607,242.9045329023979,456900
2023-07-27,243.0211639404297,251.5925574827018,242.28257693503636,251.57310225159284,318500
2023-07-28,245.2077178955078,246.97640879594246,242.72959324903593,246.10178354597863,263700
2023-07-31,244.09014892578125,247.0250268888955,243.40017034048267,246.0629271555459,225500
2023-08-01,242.25341796875,244.82871515329487,240.6985120427006,241.83554571297483,262100
2023-08-02,241.602294921875,242.51580100175255,237.00562616382618,240.2417634169603,428100
2023-08-03,232.719970703125,238.28845289732243,230.77634545138716,238.0940933378854,605700
2023-08-04,231.1747589111328,235.64508744945175,229.6295657886196,232.03967143051162,223000
2023-08-07,233.40020751953125,234.07076052049314,230.32927644520117,231.24278257238512,189100
2023-08-08,223.27394104003906,231.2913948532287,220.8055436027807,231.2913948532287,593000
2023-08-09,222.42845153808594,225.713167731059,222.25351757576126,223.75982992863942,235400
2023-08-10,221.43719482421875,225.1883916331649,220.91242260362336,223.31278581435095,200700
2023-08-11,220.82493591308594,221.55379524085444,219.32835128468759,220.59171041855586,237100
2023-08-14,221.68142700195312,223.919948093662,220.56215903064742,220.56215903064742,275800
2023-08-15,218.35287475585938,222.45032834135097,218.23607239400465,220.79577424896732,172500
2023-08-16,216.45498657226562,219.26773295827215,216.43553188789207,217.94408672656886,172700
2023-08-17,215.3259735107422,217.72020620709407,215.13130788913801,217.72020620709407,186700
2023-08-18,211.7930145263672,216.36737470807287,211.28691061513982,214.0023387601054,250300
2023-08-21,212.5521697998047,214.34298080367563,210.18713377581807,212.13367134982641,193600
2023-08-22,211.4134521484375,212.80521941864723,209.41824811726448,212.0266162511779,180300
2023-08-23,211.73464965820312,213.65199055657382,211.44266602147928,212.3770106888146,183300
2023-08-24,209.23330688476562,213.06798804735286,208.76614205380693,210.88786075137526,178000
2023-08-25,210.3623046875,211.91954061051322,209.08732501534786,209.51556563672162,154600
2023-08-28,209.7783203125,213.47674418839708,209.27223130226128,212.28935523585798,215200
2023-08-29,211.86114501953125,212.0266137841418,208.756430025749,210.0995308696384,366400
2023-08-30,212.87335205078125,213.82715131171932,211.27719182086508,212.15312779608738,427100
2023-08-31,207.05320739746094,213.75902875572493,206.13833236018985,212.88307793559378,538000
2023-09-01,207.84153747558594,210.08005849475924,207.03372265840633,209.1165171186506,284300
2023-09-05,202.77084350585938,206.59579808916044,202.76111616297192,206.59579808916044,281100
2023-09-06,204.4059295654297,204.6784436573974,200.30846114185834,202.89735986645576,290800
2023-09-07,201.11627197265625,204.52271290366392,200.07488203907536,204.52271290366392,242900
2023-09-08,201.27200317382812,202.55671034627483,199.07240604613412,200.42524916719984,213200
2023-09-11,206.12860107421875,207.83182154409494,202.43019136321072,202.43019136321072,387500
2023-09-12,204.8828125,206.21620087256557,204.21126949371782,205.5446430153799,222600
2023-09-13,207.63714599609375,209.30144204838763,204.12364530871972,204.48376483518223,372800
2023-09-14,208.88296508789062,210.72244270184038,207.77343914377659,208.75645023040101,513300
2023-09-15,207.74424743652344,210.60566042965448,207.59826303928415,209.0776359518978,688100
2023-09-18,205.62249755859375,207.5398382269456,205.43757411582334,207.21865775017113,278600
2023-09-19,204.2599334716797,205.86583602147306,203.199073965119,205.59332192530894,311500
2023-09-20,203.1601104736328,206.03125012166444,202.72212768504875,205.6322063969508,208100
2023-09-21,198.02125549316406,202.22576853891434,197.9628468966258,202.13817792045953,175900
2023-09-22,198.5662841796875,199.25729663965157,195.91899212964935,197.8655295281538,395200
2023-09-25,198.0017852783203,198.58573758357417,195.63673463188226,195.63673463188226,294300
2023-09-26,194.64401245117188,198.6441473979302,194.10871169656397,198.24510366714048,379700
2023-09-27,191.2570343017578,195.1403819115596,188.94066480461328,195.1403819115596,276100
2023-09-28,193.01864624023438,194.78026012464065,189.8165840578674,192.15242288287772,257800
2023-09-29,191.1597137451172,194.53695740723714,190.75094266293146,194.53695740723714,222400
2023-10-02,190.66336059570312,190.93587468394577,188.3859150650023,189.97234803298218,212400
2023-10-03,188.38589477539062,190.62441584563584,187.64621587995495,190.27403850550266,282400
2023-10-04,190.26429748535156,190.65359901266513,186.73132746392062,188.80439448157367,299700
2023-10-05,191.09161376953125,192.13301862918246,189.45652913306444,190.40060116158574,252500
2023-10-06,191.4419708251953,193.3593115576341,189.6024933792047,189.85555277288708,268400
2023-10-09,189.73873901367188,191.27650541406427,188.56109214782046,190.03072260757722,157400
2023-10-10,193.91407775878906,194.09898635288397,188.1328588090146,189.58301979176133,269700
2023-10-11,187.09144592285156,193.25223883544618,185.73860296690725,193.25223883544618,187500
2023-10-12,182.34190368652344,187.11091455404184,181.95258728146126,187.11091455404184,284500
2023-10-13,184.5122833251953,184.81399424833552,181.90391546697637,181.90391546697637,309400
2023-10-16,186.05979919433594,187.68515634736724,183.79208105361937,186.47831251088374,331700
2023-10-17,188.88229370117188,190.54657512568363,182.1667296952932,183.16919542724932,348700
2023-10-18,186.69241333007812,189.44675074377125,186.18630943652758,189.44675074377125,208300
2023-10-19,181.0474853515625,186.9746894019419,180.88203142029155,186.3031314832566,288400
2023-10-20,182.54627990722656,184.6388165790669,180.9403924493812,181.3491635322709,229500
2023-10-23,182.66307067871094,184.2008370757771,181.09612225831015,181.7287410013179,264200
2023-10-24,184.50257873535156,185.28118191653462,181.45624255335485,182.4781777922873,274400
2023-10-25,180.4148406982422,182.9453456307351,178.83814992466503,182.127803366725,185000
2023-10-26,176.1129913330078,181.00853234634496,176.00593116796668,179.51943222862076,219700
2023-10-27,174.5946502685547,178.02055983422247,173.89389570169308,178.02055983422247,206400
2023-10-30,174.5946502685547,177.86483329694212,172.88170291117078,175.91829613363768,318700
2023-10-31,179.8114013671875,181.26157714943722,174.04965215555427,175.93779590464774,464100
2023-11-01,182.49761962890625,183.34437354773473,178.99386100752514,180.29803758019085,843000
2023-11-02,203.59808349609375,203.92899129274915,185.39796161832226,186.82866780781094,721200
2023-11-03,205.38893127441406,207.3159995052795,197.48599269355,206.2162157656602,484500
2023-11-06,207.33543395996094,208.71747375842915,204.16258328327208,205.35969964903995,455800
2023-11-07,199.33517456054688,206.19672236449372,198.82907064150564,206.18699502311128,460700
2023-11-08,195.12091064453125,201.95326128081433,194.63427627999917,201.1649159864167,376000
2023-11-09,193.58314514160156,196.83387399798946,193.25223733644725,194.96519981188573,247500
2023-11-10,194.702392578125,195.32528390785345,191.31542190090784,193.9626989140782,216300
2023-11-13,198.4105682373047,201.95326589805862,196.99933151807707,197.3497088625869,293100
2023-11-14,204.63040161132812,207.51609661010733,201.52049986146972,202.66112493130117,245300
2023-11-15,206.27793884277344,207.25283341441173,202.50510161076068,204.25015634868055,370000
2023-11-16,208.27650451660156,210.54801096799537,206.46319976735273,208.13027626090113,346700
2023-11-17,207.44784545898438,210.4700251073444,205.9367705105176,209.89484078014007,224000
2023-11-20,209.33912658691406,210.3237797158997,204.71813540991238,207.02863099841323,195000
2023-11-21,211.1329345703125,212.64400932771292,208.85166985854696,210.04104248261856,169600
2023-11-22,212.7415008544922,213.95037551404613,210.89895065506647,213.024213743249,124400
2023-11-24,214.42808532714844,214.9935260356953,212.06884194882613,212.8487606804671,76000
2023-11-27,213.355712890625,215.02277451164457,211.54240813791301,213.46295190358103,183900
2023-11-28,214.31109619140625,215.52971452378992,211.06469516885073,212.6537782345069,321000
2023-11-29,215.6954345703125,218.71761384113026,214.12585363784584,215.237232909078,350500
2023-11-30,220.0240020751953,220.72592749663377,214.81806759595486,215.45174324344424,718400
2023-12-01,221.9542694091797,222.3149756795745,218.48364673789652,218.87359865855512,224100
2023-12-04,223.60182189941406,225.52236541581223,221.86651073369046,221.9347456190538,268200
2023-12-05,221.84703063964844,224.391506345336,219.49753089450112,223.24113776515003,203800
2023-12-06,223.68960571289062,223.9040837559064,220.6576823328554,223.17291266627456,255700
2023-12-07,226.74102783203125,226.86776891260578,222.7049640714215,224.76199263514494,207100
2023-12-08,225.27867126464844,228.22285745264654,225.12268454095164,226.8384938744783,235600
2023-12-11,225.74664306640625,226.30234025643185,223.78710982541406,224.57677225274352,223100
2023-12-12,227.2284393310547,228.17408830049888,223.9332907622404,226.0975580040909,150500
2023-12-13,236.5386962890625,236.7239286547119,226.26329823474705,227.19920365434496,284600
2023-12-14,249.77777099609375,250.9769022271629,238.62498775579218,238.62498775579218,601400
2023-12-15,248.18870544433594,249.83626506431594,244.68883688733018,246.69711767768527,578600
2023-12-18,246.88232421875,251.37658910836348,243.9771274783323,251.37658910836348,298000
2023-12-19,247.45753479003906,248.58841626386916,243.19724951665566,246.1706665869124,326500
2023-12-20,241.39370727539062,247.23333260970912,241.2962118429836,247.23333260970912,178500
2023-12-21,245.11778259277344,245.673479746829,242.88528013562612,242.88528013562612,154400
2023-12-22,244.6498260498047,247.10656489977364,244.4548500817116,246.1804178945468,162500
2023-12-26,245.78070068359375,247.26254477634316,243.38245320290338,244.82530805339917,165500
2023-12-27,244.22085571289062,244.97152876564923,242.55379417611223,244.8545461667769,228700
2023-12-28,243.4994354248047,245.16649690845088,242.53428438773324,243.3337051231137,155500
2023-12-29,243.0802459716797,245.1177723667868,241.34493455972944,242.6610483823235,117700
2024-01-02,244.1526336669922,245.45898900883364,240.68201087787892,241.05246075236795,217100
2024-01-03,235.9440155029297,241.97861597485652,235.49555740313582,241.97861597485652,255400
2024-01-04,235.00811767578125,237.4746001152829,234.06246861194086,234.93988278108506,334900
2024-01-05,233.4482879638672,237.7865663397335,231.76170944723177,233.86748553834184,227400
2024-01-08,242.7584991455078,243.0119812621245,234.17943856060734,234.3744145055894,213400
2024-01-09,241.61788940429688,244.5328297982623,240.17504947006833,240.17504947006833,263900
2024-01-10,242.26133728027344,242.96326266687691,240.36029555643597,242.31008499128728,186300
2024-01-11,242.10536193847656,243.14850647551012,239.81436817023746,241.73491204392198,250100
2024-01-12,242.89500427246094,248.09119471693728,241.84213110565022,245.62471235947854,120200
2024-01-16,239.73635864257812,240.90622930448532,237.2211285378358,240.6820076892503,254500
2024-01-17,238.79071044921875,239.4926358240139,236.43146705782337,237.02615342047721,226600
2024-01-18,240.1945343017578,240.4284994833483,236.89938582105634,240.02880400622757,147100
2024-01-19,240.63323974609375,243.56766718370173,237.48433430300358,240.7209766913243,249700
2024-01-22,246.2388916015625,247.13579289126986,241.10119264923503,241.40340760954044,391600
2024-01-23,241.67640686035156,248.59816565838014,239.82411275279026,247.74025350293854,162300
2024-01-24,235.8855438232422,243.3824720685391,235.3785943803745,242.1151207749402,156100
2024-01-25,238.732177734375,239.6095768628101,236.73364096881727,239.6095768628101,168400
2024-01-26,238.31300354003906,240.76974231934472,235.92451452924496,240.76974231934472,149700
2024-01-29,240.8184814453125,241.17918770683858,237.22111779419373,237.22111779419373,127300
2024-01-30,238.70297241210938,241.6471436853199,238.4007425605657,239.41464137542582,130800
2024-01-31,236.73367309570312,242.34906100630832,236.55818432077467,240.85747336012082,246300
2024-02-01,241.4326629638672,242.1053426771157,233.1460581353984,236.17798120296078,174500
2024-02-02,239.57064819335938,240.82825591215027,236.69469669657934,239.40491786612114,178800
2024-02-05,237.97181701660156,239.93135013018247,236.95791813516158,236.95791813516158,140400
2024-02-06,245.91717529296875,246.49235956590138,237.83530519535347,238.5664761823494,202900
2024-02-07,244.5913543701172,247.37955407710842,243.69445294436173,245.96595960038206,182700
2024-02-08,245.01052856445312,245.1470132193028,240.51626366986574,243.0704828716433,112200
2024-02-09,245.71246337890625,245.9659455314064,242.34907950577656,243.9576647499434,148200
2024-02-12,246.38514709472656,247.09683097589564,245.30301332240003,246.42415121529896,102300
2024-02-13,241.72515869140625,244.43536500057482,239.47315412072504,241.54968477064799,173700
2024-02-14,242.81703186035156,243.80167015935768,239.66811124561218,243.3142228057623,142000
2024-02-15,248.6468963623047,248.82237026807005,244.69856984974595,244.8740437555113,167200
2024-02-16,244.7667999267578,250.40168965280193,244.0746181997092,247.84745562725163,218300
2024-02-20,244.6498260498047,246.70685449596945,241.2376945431806,243.74318110410104,284500
2024-02-21,244.6498260498047,246.2194071378803,240.78925130413776,245.04953645360888,499600
2024-02-22,231.73248291015625,239.76562113749924,230.8063358575706,236.90917173766067,785700
2024-02-23,231.78121948242188,236.16824571868221,229.2464872622974,232.98033582180008,512200
2024-02-26,222.1200408935547,230.93309874094984,221.45711953040714,230.7771119934863,684500
2024-02-27,220.36520385742188,222.68545813436629,220.1994735341706,222.1297758594313,381700
2024-02-28,219.1465606689453,221.73978399439852,218.8151000598695,219.6145208089824,302500
2024-02-29,217.5258026123047,220.22059752041488,216.32486982400386,219.77146006964753,405700
2024-03-01,217.73085021972656,219.34185727774855,212.84899259148156,215.065360126214,240100
2024-03-04,219.68357849121094,220.093652716605,215.338728474034,216.39321143858135,198500
2024-03-05,218.00425720214844,220.69903754805628,215.99293402024813,218.6681976602192,296700
2024-03-06,219.20516967773438,220.65996863965694,217.54534103487316,218.59982408872847,274900
2024-03-07,223.471923828125,224.6728566561117,219.67383911670575,220.99193176256998,390800
2024-03-08,219.0977783203125,225.903089478433,218.82439546761668,222.99350631860003,305200
2024-03-11,221.7437286376953,222.13427127254363,217.18407558881967,218.43382989823007,239600
2024-03-12,221.2067413330078,222.10500139293782,219.27352978877252,220.69902394322202,173000
2024-03-13,216.92042541503906,222.39786939489946,216.33461153217516,221.31409657861977,196900
2024-03-14,213.05401611328125,215.44612313508588,211.56015412027307,214.889584269304,228600
2024-03-15,210.3006591796875,211.98977772237967,209.08019479081375,210.23232092099897,508400
2024-03-18,211.35513305664062,213.64961196776727,208.4357770013715,212.2143447166789,225100
2024-03-19,212.91732788085938,214.44046494932664,210.12490495592075,211.6870903269082,377200
2024-03-20,215.27037048339844,215.93431080834065,211.41370628286398,211.80424889877412,178800
2024-03-21,219.08798217773438,219.43947648460727,215.59257070889979,216.59823207890508,312200
2024-03-22,215.7195281982422,219.68359422588753,214.22568094936594,219.68359422588753,198900
2024-03-25,214.45999145507812,216.66660055360944,213.73748608858267,215.3777830378393,288000
2024-03-26,211.2770233154297,215.41684374134363,210.81812752937273,215.31920063434353,360900
2024-03-27,218.5802764892578,218.7853210534374,212.7806275666329,213.0930735885739,306800
2024-03-28,220.82594299316406,222.2709686588385,217.64297722868264,218.57052718506327,289000
2024-04-01,217.6136932373047,221.6949191164943,215.57306539946254,220.46469634152868,195900
2024-04-02,212.25340270996094,216.1686471154711,211.39419101069805,216.1686471154711,428500
2024-04-03,209.66598510742188,212.83919193506543,209.51952046873797,211.60895452239504,328800
2024-04-04,206.8833465576172,211.6480440151749,206.54161058980614,211.6480440151749,333600
2024-04-05,211.6480255126953,212.71226672773287,205.56522116619809,206.0924700476856,304400
2024-04-08,211.7749786376953,215.02629761639318,210.84742866498354,212.2924543561002,245200
2024-04-09,218.50218200683594,218.64864667787393,210.59358141295132,212.38034313223295,228300
2024-04-10,213.08331298828125,215.153215717932,211.15986001846574,214.16708590580043,161200
2024-04-11,212.28269958496094,215.6902416413247,211.13058831270033,215.6804683909936,178000
2024-04-12,209.37307739257812,211.07195402873032,207.76205570524195,210.18346741137546,189500
2024-04-15,205.68240356445312,211.23795923753292,204.90130346151963,211.11102618756073,288300
2024-04-16,205.1356201171875,208.19165221538776,202.88018985537684,205.29182820558947,202600
2024-04-17,203.37818908691406,205.69218480470892,202.19677300124954,205.69218480470892,170400
2024-04-18,202.47991943359375,204.97942800341548,201.86480064243196,203.80778522359233,154300
2024-04-19,201.67930603027344,203.96401189354347,200.41002002904088,203.7394506073881,416400
2024-04-22,202.3725128173828,204.33501405110124,200.6931527464239,203.25124115528757,329700
2024-04-23,206.1217803955078,207.5375160388958,202.60683716522036,203.3879373162005,284400
2024-04-24,206.18038940429688,207.4789654227325,204.78418516461133,204.78418516461133,201400
2024-04-25,201.8257598876953,204.56936142668994,200.53694235291314,204.56936142668994,345100
2024-04-26,201.8257598876953,203.6320382288259,201.48402390243575,201.95267805224438,433200
2024-04-29,203.55392456054688,205.17470481348224,202.43110330360483,202.68495452825567,485900
2024-04-30,203.81756591796875,204.56937620088814,200.60530999717332,201.79646961016212,489500
2024-05-01,206.54159545898438,208.2404870259298,202.24556734027095,202.88020277886102,620700
2024-05-02,194.0343017578125,208.36744295753718,193.52659931047845,203.5344070686204,706500
2024-05-03,198.21315002441406,201.6402231296131,194.41506592275027,196.43616184614922,604100
2024-05-06,196.2115936279297,200.19517563718304,194.58104035818204,200.08777419243756,551400
2024-05-07,196.75840759277344,198.97476038214367,196.4362031792938,196.95367893172372,462600
2024-05-08,195.7136688232422,196.58263888286018,193.3118032194653,195.27430461750222,460900
2024-05-09,199.8632354736328,200.52717581548504,195.0399580632441,196.64120666645144,407800
2024-05-10,199.11143493652344,201.80622983972393,198.47679941415205,199.73632700540801,316500
2024-05-13,202.4213409423828,202.89975342929608,198.57443495487493,199.6874978382138,457300
2024-05-14,207.93711853027344,209.20848949664983,203.80028689082647,204.31861264344826,470500
2024-05-15,214.94915771484375,215.4185965444395,209.4822800536101,209.9712676424013,489800
2024-05-16,213.756103515625,214.7242896707575,207.6339675837501,209.28674849925343,1238800
2024-05-17,212.8465576171875,214.64602870543675,210.06911116496983,214.64602870543675,392900
2024-05-20,209.86375427246094,212.6412010489234,209.1400619691796,212.6412010489234,527500
2024-05-21,208.29896545410156,210.28425412819476,207.97623181292676,209.1400248127853,637000
2024-05-22,208.39675903320312,209.74636976092637,207.89799698817114,208.17182888615568,283100
2024-05-23,201.99102783203125,207.29166750821634,201.2966736709729,207.29166750821634,1042800
2024-05-24,201.8052215576172,203.54601650505273,200.12310274416177,201.991024340981,476900
2024-05-28,200.1328582763672,202.03990706470705,199.027741448093,201.26731316886824,1117000
2024-05-29,198.04977416992188,200.5045017425383,197.56078651612182,198.3822971157723,469700
2024-05-30,202.0888214111328,203.81984192202535,198.16714571356607,198.92996527645718,887500
2024-05-31,204.46530151367188,205.75622113962854,201.4726845843023,202.42132181160258,1163100
2024-06-03,210.19622802734375,212.56294142993815,203.6829237478637,203.7513742603399,693500
2024-06-04,210.31361389160156,211.01775737722613,207.48726556722977,210.2647121367931,441700
2024-06-05,210.6069793701172,212.41622465745166,208.15225190345683,210.21578031033155,385400
2024-06-06,211.6338653564453,214.9198632160796,210.07888809035836,210.07888809035836,511300
2024-06-07,207.88824462890625,211.40894722853903,205.2574883306366,210.4407461792116,427800
2024-06-10,202.52890014648438,206.53860482282255,198.6561263371794,206.43102694352413,550400
2024-06-11,201.99102783203125,203.41887844867742,199.88838674023145,202.7147349833067,340100
2024-06-12,206.45059204101562,210.09843573592906,203.84917415851464,203.84917415851464,341500
2024-06-13,204.6902618408203,205.3259399054471,200.8663743027116,204.86629025648153,339500
2024-06-14,203.70248413085938,204.11324692002648,202.15729617158098,203.95676727869804,193200
2024-06-17,201.23797607421875,203.68291425636212,199.32113797342222,201.59982214990606,505200
2024-06-18,197.6390380859375,204.00566726760644,196.86644411298008,202.07905460323238,378700
2024-06-20,197.62925720214844,198.92996618654652,195.9569128157168,196.29921015156026,658200
2024-06-21,198.920166015625,199.36026682987216,196.70017287401723,198.28448805260786,767200
2024-06-24,196.30897521972656,199.3798170246013,196.28942645834013,199.2624647654082,344500
2024-06-25,194.24545288085938,196.52413716246664,193.06211110283272,196.3089813986947,312100
2024-06-26,195.62442016601562,198.5876844659754,192.16239377888655,192.88608603210628,436500
2024-06-27,202.6658172607422,203.10590316124208,195.33100251001463,195.62439808458748,617300
2024-06-28,205.69754028320312,206.51903592836453,201.5411453866452,203.0863481036212,1149500
2024-07-01,206.78311157226562,213.384445222456,206.24522214215062,209.55078361929404,586200
2024-07-02,206.59727478027344,209.63877845205388,206.24520308788115,206.72441634002345,461800
2024-07-03,206.78311157226562,208.04469321497203,205.99095392187792,207.82953744292604,228200
2024-07-05,209.34539794921875,209.57032809804352,205.3161443418493,207.25253132796033,257200
2024-07-08,207.0666961669922,209.08132280080645,206.22563685239112,209.08132280080645,283200
2024-07-09,213.26712036132812,213.27689474396098,206.01052915838213,207.86869152640955,453200
2024-07-10,215.7218017578125,215.81959033794055,211.05685521911468,213.3844412978651,364300
2024-07-11,219.53591918945312,222.05909757626372,216.4064008145131,217.09098062735612,376300
2024-07-12,215.61422729492188,221.4918537949596,215.18391575191646,220.3867517933898,493000
2024-07-15,214.9980926513672,216.5041830140877,212.77809939987122,214.8905147683157,245300
2024-07-16,224.23019409179688,224.44534986936725,214.71449781600188,215.8293891530847,356000
2024-07-17,225.2277374267578,231.27161823108125,223.90746466871187,224.81698954980848,590200
2024-07-18,215.41864013671875,223.25221752218448,214.17660723148964,223.25221752218448,535100
2024-07-19,216.9051513671875,219.99555712668646,212.38690992012454,217.355026604672,292400
2024-07-22,217.68748474121094,219.08599696349447,215.43813891493116,217.68748474121094,374600
2024-07-23,218.45033264160156,219.89774679454985,216.58241120556434,218.35254406762513,157000
2024-07-24,219.62393188476562,221.24735962725117,215.15457736478268,219.17405665700628,168000
2024-07-25,217.58973693847656,223.33044736071713,217.34524310553317,218.69483891593154,266800
2024-07-26,215.4479522705078,218.39165242420648,212.51402649720825,217.2376487829467,500600
2024-07-29,217.7266387939453,218.8317406998639,213.6093563477057,215.65332107734807,278700
2024-07-30,217.8048858642578,219.24249582790935,216.68020531441172,217.96135057116052,362400
2024-07-31,216.05430603027344,218.5774841480782,214.62647041895949,217.1007467861918,726800
2024-08-01,230.75328063964844,238.50863291796165,221.73634672697074,221.73634672697074,771500
2024-08-02,231.9073028564453,236.99277176504904,228.41592364382112,232.14200739328072,745200
2024-08-05,228.1909942626953,232.67012323604553,224.9441088800712,227.7606827134107,576200
2024-08-06,225.74606323242188,231.1836040654071,224.93434186019994,228.98315941677473,895300
2024-08-07,220.34762573242188,227.76068074382212,220.34762573242188,225.91230791235708,796400
2024-08-08,224.93431091308594,226.47951362225854,220.1813505290572,220.34760453335372,1376800
2024-08-09,224.5333709716797,228.1127645564623,222.51874401317858,226.16658811689874,665700
2024-08-12,223.2815399169922,227.49661110183732,222.98814434039642,224.36709310449328,303000
2024-08-13,226.95875549316406,227.2619254758584,223.1348681440062,223.1348681440062,327600
2024-08-14,227.5259552001953,228.12252075009468,224.22040872287687,226.6164453036231,352700
2024-08-15,232.8049774169922,234.38182285471365,229.91573054390426,229.91573054390426,391400
2024-08-16,234.32302856445312,234.82252054937697,231.43378208935175,233.36321428291842,291800
2024-08-19,233.09877014160156,234.00961110364065,232.29564955848184,233.85291740594786,464200
2024-08-20,232.15853881835938,234.01942036461105,231.08120050221694,232.66783444565087,160100
2024-08-21,233.36322021484375,233.9606588525746,231.1889363165157,233.7941615200344,200800
2024-08-22,234.14675903320312,236.74218072270892,233.5297280507864,234.72460537998973,253700
2024-08-23,237.41798400878906,238.32882507512844,233.61788119411472,234.94008622960905,182000
2024-08-26,236.78134155273438,240.23864576200376,236.36999256137034,238.03498084390836,268700
2024-08-27,236.830322265625,237.68240127829324,234.53851426596304,237.11435856622083,279500
2024-08-28,236.93804931640625,239.23966086676595,234.86171205024968,237.59424996288857,219400
2024-08-29,238.52468872070312,240.0427720155577,235.6550344125355,238.72058200614975,196100
2024-08-30,240.12112426757812,240.54227689418073,236.9184603685393,239.68039426824748,435500
2024-09-03,239.7979278564453,242.89285655080317,238.45614548759724,239.06337284671508,274000
2024-09-04,239.9154510498047,242.88305189847912,239.13192276868455,239.41594411150413,226000
2024-09-05,238.14273071289062,239.85669242051452,236.28186397958015,239.85669242051452,221700
2024-09-06,239.49432373046875,242.88307755281022,236.8107439411629,238.7989533291389,331100
2024-09-09,239.99378967285156,243.02995614843147,239.49429768068123,239.9350276672502,327900
2024-09-10,241.71755981445312,242.40314146807725,239.1809002237642,240.27783086956282,275900
2024-09-11,239.49432373046875,240.46394176203293,235.14575550826888,240.46394176203293,232800
2024-09-12,237.7313995361328,239.58247772149193,236.0566223393876,239.06339333236633,208000
2024-09-13,240.9830322265625,241.766560610273,237.04581293322403,237.68242133867327,290600
2024-09-16,240.9830322265625,243.5588617996605,240.30723918241924,242.50111566789639,289700
2024-09-17,236.4679718017578,242.31503138607954,235.60608906604662,241.0320109146848,318000
2024-09-18,236.55609130859375,239.62163896146114,234.8421296397233,235.3612139781593,260600
2024-09-19,240.62060546875,241.5608423770506,237.74116262830154,238.642214903787,299600
2024-09-20,237.506103515625,239.38656241815423,236.0859669165052,239.38656241815423,629600
2024-09-23,239.8273162841797,239.85669728991346,236.9772541160794,238.42677186233442,157500
2024-09-24,240.83612060546875,241.51191367306248,239.22010540044485,240.08198814689035,252000
2024-09-25,239.97421264648438,243.049548815377,236.13494051455567,241.51187325865124,481400
2024-09-26,239.9056854248047,242.6970006983185,238.44637890140214,241.60005495314942,418700
2024-09-27,241.7469482421875,244.76352255533544,240.26804956219678,240.93403891915378,321500
2024-09-30,242.2268524169922,243.4217147443249,240.4051555061211,241.2964041724018,261000
2024-10-01,240.0819549560547,242.3541705945163,237.11435402610806,242.02117592290233,268500
2024-10-02,238.9066619873047,240.2680516062231,238.01541327491952,238.15252961102183,213900
2024-10-03,234.60708618164062,238.87730020691575,234.3622344942844,238.87730020691575,266000
2024-10-04,234.25448608398438,235.81175408654957,232.62868232851605,235.81175408654957,210700
2024-10-07,228.16259765625,233.2750870212693,227.66309066105154,232.98127695887098,360800
2024-10-08,230.1116180419922,231.41423084181372,227.7316667599439,229.45541729824356,348500
2024-10-09,229.58273315429688,231.35545692893382,228.6718771322066,230.11160620825595,184100
2024-10-10,229.78839111328125,232.09979148224033,228.4955820632858,228.4955820632858,320100
2024-10-11,231.1693572998047,234.35242900725692,230.66986527344608,231.10080660343073,213900
2024-10-14,232.45236206054688,234.1663236341656,229.46516890047099,231.3358391189433,255400
2024-10-15,230.53274536132812,235.32204335064597,230.18994705109424,232.87352669057427,278300
2024-10-16,230.27809143066406,233.01064440847284,229.92550443173906,232.32506272849636,213600
2024-10-17,229.3182830810547,231.45339744836446,228.89714537538873,230.56213376878654,303800
2024-10-18,234.9988555908203,236.43858469421025,229.60231488880743,230.91473127829653,432100
2024-10-21,231.55133056640625,234.88132231811474,230.59151618344993,234.38181533585032,273500
2024-10-22,231.83534240722656,232.41318871339993,229.34764127914937,231.42397848482113,222600
2024-10-23,232.92251586914062,233.0498285818307,230.0136766833883,231.80597784936108,233200
2024-10-24,230.76780700683594,234.5287401763908,230.69925630748187,234.0586141898461,241600
2024-10-25,228.81878662109375,231.29668431716212,228.15278230987894,230.1899499904186,252200
2024-10-28,231.7570343017578,233.09881682644018,228.39766122926352,230.542564497914,245800
2024-10-29,231.5709228515625,234.2055292692467,230.45439980983852,231.27709785225403,244200
2024-10-30,230.37603759765625,233.4807549412644,229.93530758605405,230.7775979181524,439100
2024-10-31,196.9194793701172,210.6997367592652,191.48377000611896,203.08974364966767,1485000
2024-11-01,206.8604736328125,208.38834553082305,197.7813703071008,197.7813703071008,1057500
2024-11-04,203.06039428710938,207.79093047366973,202.00263325055923,205.97902208850724,773700
2024-11-05,199.30926513671875,205.35220273351183,199.2015298010246,201.74799322039897,532800
2024-11-06,197.7617950439453,203.981033440137,196.04783335384397,203.981033440137,640800
2024-11-07,193.951904296875,199.14276270723792,191.9441176072131,198.76079469853622,608200
2024-11-08,191.5229949951172,195.24474367374344,190.57296924191476,193.991104215931,645300
2024-11-11,193.94212341308594,195.39164117820164,191.4642256002255,191.9930986548756,502000
2024-11-12,191.55235290527344,196.02823348966808,191.34667093477262,194.167366847016,453100
2024-11-13,189.98532104492188,193.36427141223925,189.5054212921795,191.74825621969308,365100
2024-11-14,186.85121154785156,190.30851604986645,186.58676755081189,189.52498769039804,284600
2024-11-15,188.52899169921875,189.36297972276412,186.3704529556948,187.18481368058528,515700
2024-11-18,190.7660369873047,191.78644698587172,187.86182539098408,187.86182539098408,480600
2024-11-19,189.43167114257812,190.74641572217143,186.350828962535,188.67617732900896,567300
2024-11-20,183.8979034423828,188.7251999777555,182.16126959801534,188.63688463569852,588500
2024-11-21,187.04742431640625,187.6263022838416,183.93716416907466,184.6632243973556,360500
2024-11-22,188.0972900390625,189.84374528361477,186.87084590826782,187.81274661682272,309400
2024-11-25,190.97206115722656,191.7373610701404,189.0195567802462,190.15770048656364,873400
2024-11-26,187.41046142578125,191.67849280900634,185.38928397907847,191.67849280900634,439400
2024-11-27,188.38182067871094,190.29507055073068,187.79312150059314,189.0293867803921,278600
2024-11-29,189.21580505371094,189.7750557880698,187.44972252450077,187.45952868782578,400500
2024-12-02,190.64828491210938,191.2762237084365,186.41950794311427,188.0874689673043,514900
2024-12-03,184.58474731445312,191.56076194266117,181.77864261940587,189.98110134560238,518700
2024-12-04,183.79983520507812,186.03686822598465,182.03375256456178,184.64362941270025,525100
2024-12-05,182.95602416992188,185.22249044543997,182.57337421394143,183.26998607089084,494700
2024-12-06,181.17030334472656,185.0458783970843,180.758219953515,183.95679551629655,270600
2024-12-09,183.51528930664062,185.31080538615592,180.71900555361907,180.71900555361907,397300
2024-12-10,183.00509643554688,185.2225020928144,180.43445928920988,183.58397448743978,326700
2024-12-11,180.1597137451172,183.8194334348718,179.3551742629829,183.29942237451615,363400
2024-12-12,179.85557556152344,182.2790303490629,179.40425250763482,179.9046363207483,382300
2024-12-13,176.74530029296875,180.89558267131335,176.43133840839363,179.61027173170416,327200
2024-12-16,173.90977478027344,178.6879962415491,173.3210756190368,176.0192526607618,667000
2024-12-17,174.92034912109375,177.716647449777,173.5467378196734,173.5467378196734,410900
2024-12-18,169.40625,175.17543204052674,169.20020083333438,174.05691578020875,383300
2024-12-19,171.4961395263672,172.68334410443197,168.45456688000067,168.76852881150796,752000
2024-12-20,174.80262756347656,175.7150947839514,171.67273983766984,171.94746211724774,1355900
2024-12-23,174.8909149169922,175.23432522650344,172.1044377338528,173.6939043717545,343900
2024-12-24,173.91958618164062,175.53850143817928,173.0561796827287,175.53850143817928,115000
2024-12-26,176.74530029296875,177.35361173706093,172.2418014374518,172.63425753598085,458400
2024-12-27,176.12718200683594,177.77553069114126,174.79281020382373,176.0094481619719,317500
2024-12-30,173.7135467529297,175.13621892643107,171.9670915378052,174.82224204804209,335500
2024-12-31,174.62599182128906,176.38226794798413,173.98824695346062,174.6161856592996,266800
2025-01-02,175.6758575439453,177.51061314414457,174.5377138152559,176.3136024934956,443000
2025-01-03,178.32496643066406,179.2668820566535,174.07656240773397,176.4509563127653,362700
2025-01-06,177.0886993408203,181.85711399364908,176.49019409733546,177.67738345116044,497000
2025-01-07,176.4019012451172,181.3959929996289,176.03887858222953,177.93251605811804,348900
2025-01-08,174.60641479492188,176.02908707545973,173.48789828118092,176.02908707545973,447500
2025-01-10,171.31951904296875,174.15505712061818,170.87800217409426,172.11425240119104,757300
2025-01-13,175.17544555664062,176.09773385444387,169.42587539599108,171.2115850740766,480200
2025-01-14,175.7935791015625,177.73626224665963,175.13620690022256,176.01924061038292,440700
2025-01-15,173.22296142578125,178.472133001568,172.70295034385032,177.46154429734443,600500
2025-01-16,178.03062438964844,178.6389508499385,172.1338864859517,173.63505288206534,685500
2025-01-17,177.85401916503906,179.44348590431528,175.85245403957003,178.55063101963293,589800
2025-01-21,179.01177978515625,180.91522344441924,176.14680813300225,179.36499628864053,593000
2025-01-22,177.35362243652344,178.8940434072241,176.53926176026812,177.0200332355248,641600
2025-01-23,177.3340301513672,178.42311323049526,173.33091437325436,178.05026939239497,651000
2025-01-24,177.56948852539062,178.38384925085666,175.75436013645364,176.78456126230654,585400
2025-01-27,180.198974609375,182.43600735438025,177.814759595921,178.68798715891657,492600
2025-01-28,177.76573181152344,180.42466958710233,176.59816943755413,179.72804265154684,476300
2025-01-29,177.177001953125,178.65854086648253,175.97999145101215,177.83437411883622,330900
2025-01-30,179.39443969726562,181.10165538731343,177.91290051587566,178.6389608608657,440200
2025-01-31,176.8434295654297,180.86615715126416,176.56870729015284,179.29631771700235,436700
2025-02-03,171.80027770996094,176.65699284833005,169.42586900376816,175.64640421237357,939400
2025-02-04,171.60406494140625,173.76261869110346,171.31953647689664,171.83954761534847,415000
2025-02-05,172.71275329589844,173.25239166463658,171.00553781241064,172.68331983680733,416000
2025-02-06,170.34815979003906,173.41918033442428,170.20099249960916,172.31047017571854,456100
2025-02-07,167.8756561279297,170.95648277301825,167.09072899509874,170.02437338145913,466400
2025-02-10,168.2288818359375,168.9451209598158,167.0024378019894,168.53303756095812,470200
2025-02-11,168.0817108154297,168.29756617754663,166.78659361396964,166.8748939972243,405600
2025-02-12,165.15786743164062,167.27716639556843,164.61822904204217,166.79639492642778,488100
2025-02-13,164.45143127441406,166.09976490043098,163.75480446285917,165.50125960190894,594500
2025-02-14,164.27484130859375,166.63942941386108,163.617468987652,165.92319016436383,518300
2025-02-18,166.13902282714844,166.99262311694312,162.49893020647374,163.87255656028586,537800
2025-02-19,171.5255889892578,172.93844014637577,164.61824679977008,166.07035255558853,591300
2025-02-20,171.82972717285156,173.37995429552194,170.0734508561986,171.2802826172198,767700
2025-02-21,172.33010864257812,172.88937432494563,170.60328078088745,171.65310912023475,397700
2025-02-24,174.29241943359375,175.0871527971812,169.99495461272394,172.05538664303606,611200
2025-02-25,174.28262329101562,177.1770284743028,172.53616802904943,174.6947067265225,802500
2025-02-26,174.28262329101562,175.42075207759757,170.4463024185399,173.06598531148916,765600
2025-02-27,136.488525390625,153.64893836138202,133.38807079945315,153.55081683497113,3336600
2025-02-28,130.24835205078125,135.3209226090538,128.13887437141156,132.89746808129487,5861000
2025-03-03,132.58352661132812,136.18436493230547,126.12752264221119,131.68086549013216,2114500
2025-03-04,128.32528686523438,133.2310630504389,127.39319238429367,132.03406743479056,1523500
2025-03-05,131.6416015625,134.96771734873775,128.49210151095843,128.49210151095843,1400200
2025-03-06,133.6922149658203,134.88922562215512,131.20989326979196,131.26876019203112,898700
2025-03-07,137.55780029296875,138.0102522768984,132.83647149509503,133.77089755717543,1127500
2025-03-10,136.20040893554688,140.79386350860503,135.433194724722,136.82008772455538,1704700
2025-03-11,136.54469299316406,137.89223335340625,133.03319948826672,136.19059293391973,1443200
2025-03-12,133.2987823486328,136.74141608174745,132.47253884607937,136.2791183511767,1034200
2025-03-13,134.0463104248047,136.00369886385022,132.16761255206504,133.22991268415828,1016000
2025-03-14,135.45286560058594,136.38729158764284,134.00695849091366,136.32827742131977,900200
2025-03-17,137.45944213867188,137.45944213867188,134.47910623968792,135.36434887968042,960200
2025-03-18,137.666015625,139.4955302063379,136.65288385978798,137.2824084551401,796800
2025-03-19,136.9479522705078,139.00370761899615,135.77745451464773,137.31189800679866,1172800
2025-03-20,137.14468383789062,137.76436270906837,135.34469141829302,136.86927434152093,844000
2025-03-21,139.23977661132812,139.6430601611057,135.8955098778506,136.22993354946,12053200
2025-03-24,139.21026611328125,140.9709357100655,138.5217423919235,140.2627355941857,1276300
2025-03-25,136.9676513671875,140.61684997512205,136.51518429924118,139.0627448407923,1145100
2025-03-26,137.93157958984375,138.22666549208628,135.53156959768666,136.82994156407688,747500
2025-03-27,137.08567810058594,138.66929030654765,136.54470477642982,137.5479758569575,839000
2025-03-28,135.54141235351562,137.82337892995452,134.9217334731462,136.69223383942162,776400
2025-03-31,135.92501831054688,136.7610774978404,132.98402008906348,134.73484404444525,1109200
2025-04-01,138.00042724609375,138.78731791280336,135.87582694858514,136.8004223563171,933600
2025-04-02,139.06272888183594,139.58404076475856,137.18403095954213,137.18403095954213,616500
2025-04-03,135.72830200195312,139.3184712473037,135.30534204483155,137.56764725815992,1207900
2025-04-04,129.7676239013672,134.3709252219487,128.16435025446253,134.3709252219487,1745300
2025-04-07,128.5479278564453,133.42662256778584,125.09545641291301,127.24955611328365,1483700
2025-04-08,125.05612182617188,131.55778177243187,123.85611693379533,131.55778177243187,1738700
2025-04-09,132.94467163085938,133.2692645864561,122.61677125869215,122.95119490675273,1274200
2025-04-10,126.95450592041016,131.35122728915132,123.98400054711524,131.35122728915132,1196000
2025-04-11,127.76106262207031,128.38074153240552,123.4725237535746,126.98401756721697,642200
2025-04-14,129.92498779296875,130.33810202179876,127.6626827228784,129.27580185822526,765400
2025-04-15,126.40367126464844,130.0036862012927,126.09875467322144,129.20696478274027,475400
2025-04-16,126.10858917236328,127.23973417078865,124.28890547017545,126.30530808399932,556200
2025-04-17,127.35775756835938,127.87906941785351,125.45939838221848,125.45939838221848,476200
2025-04-21,127.03317260742188,127.68235853922666,124.21021788551644,126.47252294536594,1033200
2025-04-22,129.28564453125,129.64957527007,127.3184253874603,128.292189258074,547600
2025-04-23,130.83975219726562,135.07910713956565,130.36760878660616,132.15778544913456,688300
2025-04-24,133.43646240234375,133.43646240234375,131.09546709429551,131.4692434903541,691800
2025-04-25,132.99386596679688,133.06271083704522,130.88894193851678,132.44303196135,678400
2025-04-28,132.6889190673828,134.36106726870463,132.05940957102658,133.1807238304327,864800
2025-04-29,135.95452880859375,136.65288326439457,132.0889350288238,133.18074235500546,815800
2025-04-30,134.80369567871094,135.8856572093932,131.6954858098667,135.8856572093932,969800
2025-05-01,123.80695343017578,133.52501439110955,123.80695343017578,130.75122788245875,1200500
2025-05-02,124.33808898925781,126.4430128626745,123.38398650839834,126.4430128626745,753300
2025-05-05,120.88562774658203,124.37743750900513,120.71841590676446,124.32826152900672,711000
2025-05-06,118.59381103515625,121.49545639900823,118.0921680300577,120.70857320925225,467100
2025-05-07,120.07905578613281,120.86593892431914,118.3183937893359,118.89871982233535,521200
2025-05-08,124.11185455322266,125.32169761366411,120.87577820102479,121.1118423941553,634600
2025-05-09,123.05940246582031,125.4594123850094,122.32169523698884,124.51514052828064,596400
2025-05-12,127.12171173095703,130.082371261647,125.0462873437526,125.0462873437526,567600
2025-05-13,124.7217025756836,126.7577666806124,124.25940485448547,126.7577666806124,415400
2025-05-14,123.20693969726562,125.70530896353806,122.9216920148277,125.32170182268773,447200
2025-05-15,124.41677856445312,124.58399790293001,121.73152850791551,122.7741523023159,449000
2025-05-16,127.17088317871094,127.17088317871094,123.85612350962954,125.43973562324106,542800
2025-05-19,126.0299072265625,126.27580963510027,124.13153282813107,125.35121417760753,393100
2025-05-20,125.11270904541016,126.513149033598,124.33358911624065,125.724172255778,327400
2025-05-21,120.29004669189453,124.68861595275929,120.11252562198021,124.244817040129,391200
2025-05-22,119.27423858642578,119.95472977354275,117.95269112756773,119.21505987827248,426200
2025-05-23,119.11643981933594,119.8659740935355,117.43985771778804,117.43985771778804,504900
2025-05-27,121.26641845703125,121.61159625255915,119.37286524358252,120.59578408672921,393500
2025-05-28,119.42217254638672,121.63132549543002,119.34328013873719,121.19738339395515,284800
2025-05-29,120.84234619140625,121.21711712147021,119.28410633052717,120.58592516414859,392500
2025-05-30,120.58592987060547,121.43408539637413,117.45959317816013,119.70818874905851,683800
2025-06-02,118.01188659667969,120.48731011359212,117.55821570841951,120.03364674964428,538400
2025-06-03,119.76734924316406,120.49715475047243,117.06508320042164,117.48916089878551,514700
2025-06-04,121.05931091308594,121.73980965104917,119.26437886487864,119.89556326484308,376100
2025-06-05,120.77330017089844,122.30195430478118,120.0336302721122,121.53269881393331,501800
2025-06-06,121.10862731933594,122.04553956282079,120.41826419712085,121.0691773531255,361900
2025-06-09,121.5721435546875,122.82465548728494,119.61941919854884,121.91732886676978,433300
2025-06-10,123.7122573852539,125.12256161334521,122.19346763774703,123.61362871355884,565000
2025-06-11,120.78317260742188,124.2546869201462,119.73777482178495,124.0475802375754,465400
2025-06-12,120.41826629638672,120.66482294626643,119.05727629780299,119.05727629780299,348600
2025-06-13,118.27816009521484,120.48730564069716,118.23871012707794,118.76140903734583,369000
2025-06-16,119.44190216064453,119.85611551998728,117.97242665765525,118.72195344380545,360800
2025-06-17,115.91121673583984,119.22493887507311,115.62521010500167,117.98229119178258,496900
2025-06-18,116.09859466552734,116.98620009593738,115.4279602874744,116.26625137896265,556000
2025-06-20,116.68046569824219,117.36096445453987,114.99401912874562,116.98620105831122,1263700
2025-06-23,116.43390655517578,117.21302644912092,114.3431110403823,116.31556418222468,447500
2025-06-24,118.44581604003906,118.61347276028772,115.91121391727802,116.95661173096025,461800
2025-06-25,117.50889587402344,118.66277914088627,117.04536818793883,118.36690816380332,431600
2025-06-26,117.9329833984375,118.7219601957258,117.3116557997757,117.83436223931548,303600
2025-06-27,117.8244857788086,118.33732026822005,116.6804593822818,117.46944362294244,712300
2025-06-30,116.72978210449219,118.34719314215671,115.79286983517487,118.34719314215671,1027200
2025-07-01,120.15199279785156,122.26251719568428,116.46349976391295,117.13413417696432,735500
2025-07-02,119.91529083251953,120.73386073103207,118.91920736616338,120.64510394711026,532500
2025-07-03,118.24857330322266,120.70427548146883,118.14008777302232,120.47744757236775,360100
2025-07-07,115.06306457519531,118.34720121473931,114.71788674318148,117.61739558072256,458000
2025-07-08,118.03160095214844,120.04350413889273,115.27016343521034,115.31947777542105,632500
2025-07-09,117.29193115234375,118.34719332518753,116.20708338505858,117.64697333426426,452200
2025-07-10,118.28802490234375,120.07309270229409,116.58184951464465,116.77909935605291,444200
2025-07-11,114.79676818847656,117.39054122180275,114.61924711428203,116.69032129701077,307900
2025-07-14,114.15572357177734,115.12222890493955,112.92294037985751,114.20503790917873,641700
2025-07-15,111.9071273803711,114.7967714611716,111.75919189360634,114.41214371017013,685300
2025-07-16,111.75919342041016,113.05114780556208,110.77296686092036,112.43969215423779,684000
2025-07-17,112.02548217773438,112.42983871812734,110.95049873499408,111.10829861153152,543600
2025-07-18,109.53031921386719,112.78486986767098,109.3034913189549,112.4594132974283,845800
2025-07-21,108.27782440185547,110.53628432483457,108.21865321085646,110.18124213021615,703600
2025-07-22,113.6133041381836,113.63303288428928,107.40008091811956,109.27391300962282,670100
2025-07-23,115.62520599365234,116.01969814368859,113.91903816689005,115.24057821655278,651700
2025-07-24,114.59953308105469,117.17358522514195,114.53049751691225,115.69424525839351,541300
2025-07-25,115.57589721679688,115.74355393231653,113.3963373421059,114.5699418750553,326400
2025-07-28,113.96834564208984,115.6350710353688,113.80068892275617,114.52063766505957,395700
2025-07-29,113.89929962158203,114.60938392569211,112.99197302157971,113.60343617774367,309600
2025-07-30,112.34107208251953,114.53048874520101,112.21285781299461,113.5146765830565,522300
2025-07-31,117.85408020019531,122.08499327096912,115.97038375854757,121.4044945005271,893600
2025-08-01,114.29380798339844,118.00202236288595,111.78879134308539,117.70615135268122,642800
2025-08-04,114.46146392822266,115.97038951645817,113.8795938095958,114.58967820978012,513000
2025-08-05,113.26812744140625,115.57590167824766,112.80459971940795,114.43187517082103,510400
2025-08-06,110.52642059326172,114.19518494274418,110.36862824157753,113.41606498471432,530400
2025-08-07,113.89929962158203,114.91511174161846,110.46723551746499,112.2621674976049,732700
2025-08-08,116.77909851074219,118.1598097690453,115.39837972812704,115.62520763871454,701200
2025-08-11,114.35297393798828,118.3866447390837,114.25435278054132,116.91716917748148,726600
2025-08-12,117.99214935302734,119.38273246516935,114.50090629998788,115.20112628028704,485900
2025-08-13,121.22697448730469,121.39463120709487,117.69628137713008,118.44581571614364,629500
2025-08-14,119.82652282714844,120.39853601767241,119.13616726914452,119.60955178768684,430000
2025-08-15,119.35182189941406,120.98366385957698,119.2034712584125,120.04411483018522,322200
2025-08-18,118.54084014892578,120.86497490658027,118.54084014892578,119.65840082891943,550800
2025-08-19,122.93197631835938,123.67372193360589,119.12434279041935,119.15401895318753,655400
2025-08-20,124.2671127319336,125.5132474363027,122.49681235104353,122.49681235104353,762800
2025-08-21,123.23856353759766,125.17699119607045,122.70450578290209,123.29790077297716,606500
2025-08-22,127.9956283569336,128.25276141784104,124.4154741595228,124.4154741595228,444400
2025-08-25,126.14620971679688,128.33187838707897,126.06708837209682,127.85716540973206,479000
2025-08-26,125.8396224975586,127.34289039265731,125.56270532310045,125.61215805229388,477900
2025-08-27,128.07473754882812,128.22308062933902,125.35500373987617,125.35500373987617,640800
2025-08-28,124.83084106445312,128.10440924037206,124.00997412059671,127.53079083053797,436400
2025-08-29,125.01876068115234,125.85940424366291,124.31656815784352,124.83084936825897,440800
2025-09-02,125.6418228149414,125.76050483410631,122.43748375175768,124.05943361987703,774100
2025-09-03,124.6627197265625,125.83961767288756,123.17922845276172,123.9902033806224,604000
2025-09-04,127.66925811767578,127.85716943089164,123.8814160525085,124.86051820132808,640300
2025-09-05,129.2615509033203,130.29011341753784,128.07476077148533,128.07476077148533,624100
2025-09-08,128.7472686767578,129.5186981020398,127.24400823015202,128.905511384039,794800
2025-09-09,128.7967071533203,129.52856827534865,128.12419835809442,128.67803268142245,538800
2025-09-10,128.85604858398438,128.9747381505995,126.90774387987183,128.15387114792568,858800
2025-09-11,131.04173278808594,131.71424160708656,128.49012591610224,129.3011084116837,535100
2025-09-12,128.87583923339844,131.34832487624885,128.72749613116932,130.62636329397586,713000
2025-09-15,124.50447845458984,129.99339924838333,122.17045155357378,128.94506781748566,1140800
2025-09-16,124.43524169921875,126.01763080531116,123.86162329031448,124.6132609452433,407400
2025-09-17,124.2374496459961,127.86704887294826,123.67372327411553,124.82095258117656,534800
2025-09-18,124.41547393798828,125.41435265177543,123.75284208648225,124.92974760431444,529200
2025-09-19,121.28035736083984,124.61327056777615,121.20124355849595,124.61327056777615,1037000
2025-09-22,121.48804473876953,121.95287322322336,119.5397324895761,120.47927396784414,667100
2025-09-23,120.76607513427734,123.30778977426483,120.2913546267153,121.82429856309487,529700
2025-09-24,121.93309020996094,122.59571448255294,120.17268182227399,120.17268182227399,406300
2025-09-25,115.71231842041016,122.01221402854166,114.45629913874048,121.01332779954342,857200
2025-09-26,118.6694107055664,119.8858768788461,116.20681728601214,116.20681728601214,933200
2025-09-29,119.3221435546875,119.9452071415974,117.79909168570357,119.08478707568752,442200
2025-09-30,121.0133285522461,121.10233440670288,118.12546735554844,119.72763309918493,523600
2025-10-01,122.55615997314453,123.62427552457937,120.02433722493778,121.37926200104089,500600
2025-10-02,124.1187744140625,124.7616221651331,121.42870893264077,121.98254328042981,545800
2025-10-03,129.45932006835938,130.34942380197097,123.60448442438347,124.53413373610961,757800
2025-10-06,126.30445098876953,130.092293118585,125.91874384642652,130.092293118585,415200
2025-10-07,125.49346923828125,127.21432452144896,124.80117633959999,126.82861739997988,424300
2025-10-08,127.01651763916016,127.64948841326745,125.09787402542247,126.19565818912729,318100
2025-10-09,123.32756805419922,128.00550617978126,123.0704350067234,127.56046182840446,509000
2025-10-10,118.10568237304688,124.46491520963863,117.66063801320067,123.71327752515728,628000
2025-10-13,118.768310546875,120.80564374161314,118.3924954650432,118.3924954650432,491600
2025-10-14,120.9342041015625,121.70561833542024,117.14635467590037,117.27492874516106,353200
2025-10-15,120.14301300048828,122.40780297039392,119.8364196822344,121.37925569147137,422300
2025-10-16,122.5166015625,123.12978069678151,119.91554947377315,120.77597716367069,310100
2025-10-17,126.7198257446289,127.50112448608868,121.81440810222506,123.32756795014139,599500
2025-10-20,129.10328674316406,129.84503233867008,127.07586085479653,127.07586085479653,384400
2025-10-21,131.59555053710938,131.87246767364445,128.32198253025726,128.94505363288727,477600
2025-10-22,131.3186492919922,134.46365871016295,130.54723501959924,131.1307379785637,402600
2025-10-23,130.8933868408203,132.24830404954187,128.81649300931898,131.36809982570352,381000
2025-10-24,130.4582061767578,132.54498418461407,130.29996351008356,131.74390143449625,289500
2025-10-27,131.09117126464844,131.82301724213016,129.4395529248784,130.74501729253782,360000
2025-10-28,129.14285278320312,131.1801782366629,128.46044443229908,130.1714000183329,478400
2025-10-29,126.70993041992188,128.91539832253025,126.18576470803652,128.09453133634943,432200
2025-10-30,123.46602630615234,126.76926315182098,122.79351752644394,125.81983721683812,402600
2025-10-31,123.10010528564453,123.53526513405659,121.468263399526,123.35724588201772,299900
2025-11-03,121.49794006347656,122.73418285522018,118.69908457206651,122.3880363826174,565800
2025-11-04,123.04077911376953,123.57482937248054,120.63752276786055,122.10123004252657,605100
2025-11-05,123.37702178955078,124.61326449285289,121.22101421317483,122.30890628299535,749200
2025-11-06,107.31575775146484,119.03533696599148,101.45102211707234,118.81775704486714,2953500
2025-11-07,108.19596862792969,109.73879718876229,106.76192248895202,107.0981844456674,896800
2025-11-10,106.78170013427734,108.78935706187829,104.95206245641289,108.78935706187829,588400
2025-11-11,111.02448272705078,111.60798563974153,106.81136563644922,107.79046770873063,792800
2025-11-12,110.26295471191406,112.9431279296556,110.15416475272599,111.3904074294754,585200
2025-11-13,108.23552703857422,111.37063682359829,107.6718006496411,109.12561577710143,507400
2025-11-14,106.15216827392578,107.93790871171807,104.26722171602098,107.81885682621798,619200
2025-11-17,103.03704071044922,105.91406337101493,102.9080735217918,105.91406337101493,685400
2025-11-18,106.6184310913086,107.69979052297465,102.28305534539737,102.67988734166539,907300
2025-11-19,104.86245727539062,107.68988066132366,103.6322848367407,106.78708763489509,515500
2025-11-20,103.81085968017578,106.43986329408904,103.38426658381294,105.03111681547361,521900
2025-11-21,109.35657501220703,109.91213532390105,104.02912250119867,104.39619346082027,491100
2025-11-24,110.50737762451172,111.16215161070369,106.93590448502684,109.08870822337055,480200
2025-11-25,113.79115295410156,114.86259721581074,111.2216788714783,111.27128571596073,625000
2025-11-26,114.37647247314453,116.21181203312689,112.90819628379394,113.17606111154589,637400
2025-11-28,113.51336669921875,115.09077192802462,111.60858204879852,113.88043764944258,251100
2025-12-01,113.50344848632812,116.23165820004546,112.73954552788021,113.06693251007218,591700
2025-12-02,115.24949645996094,116.95586882564066,112.71970655693298,114.02924690774329,762200
2025-12-03,118.17613220214844,118.20589328027427,114.59473613480337,115.98364447589407,737800
2025-12-04,117.9181900024414,118.58287930903141,116.4895977037894,118.1860472739679,383900
2025-12-05,119.5451889038086,119.81304616271953,117.14436617971367,118.30509358322968,476400
2025-12-08,118.8705825805664,119.5749558489514,117.7594543939771,119.19796957781256,494200
2025-12-09,130.2100067138672,135.86483826357872,128.34489853548152,129.96198765345983,2997300
2025-12-10,129.46595764160156,130.38858133792107,123.80120285536462,129.71397671754332,1290300
2025-12-11,126.24170684814453,130.4580310454303,124.15834817033277,130.17033558440156,1027400
2025-12-12,125.8746337890625,126.9560008538537,124.72382925741428,126.42027876243529,664900
2025-12-15,125.71590423583984,127.80918573925877,124.91232489140721,126.30122559315717,577600
2025-12-16,123.88056182861328,126.43019744238285,122.68015049603098,125.88455248714499,616600
2025-12-17,124.1087417602539,126.86671262197977,123.04722043788585,123.52342038509889,904000
2025-12-18,123.51349639892578,125.94408024827591,121.86664614718161,124.00953453707409,771800
2025-12-19,120.9241714477539,123.2059498114737,120.70591346544008,122.54125298289766,746100
2025-12-22,123.50357818603516,125.13058273515679,120.84481336228538,120.93410416637728,824300
2025-12-23,121.32099914550781,123.78134387761278,120.19003288545396,123.52340951580452,537800
2025-12-24,121.36068725585938,121.94600859954522,119.81304318733045,121.77735745668059,170600
2025-12-26,121.78728485107422,122.03530391822103,120.2793246842145,121.51942001994856,263800
2025-12-29,121.78728485107422,122.5710260115311,121.0729887266608,122.20395506733496,389200
2025-12-30,120.65631866455078,122.3428452957273,120.45789886921507,121.36069190787468,331700
2025-12-31,121.072998046875,121.28133317104304,119.35670263976428,120.05116062259957,400300
2026-01-02,121.43013763427734,122.56110398282541,119.94202322103605,121.43013763427734,546700
2026-01-05,123.47380828857422,124.18810439452469,120.67615358622895,120.67615358622895,566800
2026-01-06,123.83096313476562,126.47980503219328,121.30116554889962,123.54326010025581,851700
2026-01-07,125.52740478515625,126.17225585160011,123.66230418844785,124.45596063496714,657300
2026-01-08,109.1383056640625,114.08876381826465,107.53113948371697,111.6085733004763,2860700
2026-01-09,111.91613006591797,112.37248427637972,107.67996740277952,109.18792011696004,1343800
2026-01-12,107.69979858398438,112.00541357700261,107.4418642007042,112.00541357700261,1360800
2026-01-13,103.07672119140625,108.32480532484374,103.0171914710841,107.69979245957718,1129900
2026-01-14,102.23345947265625,104.13824403529092,102.04496256515537,102.82870370236195,1065800
2026-01-15,103.78109741210938,105.68588200096127,101.86638994142585,101.91599678164287,968600
2026-01-16,102.18385314941406,103.62236067588279,101.8763119357828,102.87830349275599,821400
2026-01-20,99.544921875,101.23145594958902,99.38619361948685,100.72549497031824,904500
2026-01-21,102.1441650390625,102.66996421606702,100.20961946915139,100.38819348860017,1099800
2026-01-22,104.25728607177734,106.211677431429,102.412031270515,103.03703656276801,864100
2026-01-23,102.5806884765625,104.67397002493519,101.66798011897154,104.07872577298201,833400
2026-01-26,103.37434387207031,104.5846781274154,102.19377826261082,102.2136164575933,741600
2026-01-27,103.69181060791016,105.39818303950891,102.97752203628082,104.05888156040943,1449100
2026-01-28,104.49539184570312,105.81485505728152,102.69972871009472,104.9219849303134,1297700
2026-01-29,104.64421081542969,105.04103527785368,102.13425143384337,103.88030783048646,1001700
2026-01-30,103.54300689697266,106.13232666402216,102.69973598078339,104.3366634012887,1313200
2026-02-02,102.54100036621094,104.07872155970334,101.99535540879337,102.86838734066147,1253900
2026-02-03,101.55885314941406,103.43387674339553,100.8445570052418,101.74734249877957,1675700
2026-02-04,105.16008758544922,105.2692165837419,101.06281519962754,102.12433653570413,1044700
2026-02-05,105.05095672607422,106.31089784078978,103.88030641244418,105.55691774838195,809200
2026-02-06,107.56090545654297,108.08670465922515,104.04895461516973,104.7136514565981,764900
2026-02-09,105.36842346191406,108.05694934060281,103.20569681392517,106.965666918724,741400
2026-02-10,105.02120208740234,107.15416773482056,104.88231200514645,105.90414942557564,865200
2026-02-11,106.1025619506836,106.87638785682329,103.19577796034946,104.25729934554633,780900
2026-02-12,103.71165466308594,106.15216139052026,101.80687003225054,105.36842022525188,1001600
2026-02-13,102.92790985107422,105.58667447576804,102.87830301152138,104.2374501844941,676100
2026-02-17,105.02120208740234,105.38827305847397,103.0469722876719,103.64221657861745,647200
2026-02-18,111.6185073852539,112.04510049988926,104.67397323840783,104.9021465503398,1103000
2026-02-19,110.91413116455078,114.08877223391805,109.53514574045612,111.63834261055894,1131500
2026-02-20,114.53520202636719,116.07292326818028,109.76331760295876,110.34864653648536,1305400
2026-02-23,112.14430236816406,115.56696246900779,110.36848493818901,114.5550480048525,1043500
2026-02-24,111.23159790039062,113.47368489721003,110.75539794426012,112.01533908861992,951700
2026-02-25,111.00341033935547,111.90620335451736,108.97957389325488,111.47961026682546,849300
2026-02-26,118.07691955566406,122.68016061580545,107.14424190629998,107.67996402410448,2349800
2026-02-27,121.09282684326172,122.49165801415546,116.78721947347378,116.78721947347378,1693100
2026-03-02,121.95594024658203,121.97577844231037,116.5292816574279,118.82097549559792,769800
2026-03-03,121.2218017578125,121.4003757890294,115.38838845068807,119.14835841929735,1161700
2026-03-04,118.23564910888672,122.0253801237949,118.05707507911865,121.89641293466175,884600
2026-03-05,116.6384048461914,117.89833835807187,114.7733042140312,116.71777276303426,576200
2026-03-06,112.73818969726562,115.8424476540118,112.55909774609,115.8424476540118,876400
2026-03-09,113.03667449951172,113.62369345597469,110.08166121332059,111.03681571951181,919200
2026-03-10,111.27560424804688,113.76298818697023,109.05686202542752,113.46450666883545,657500
2026-03-11,111.18606567382812,111.7929879818695,109.63394047471567,111.33531023317977,585400
2026-03-12,107.71367645263672,110.70848125622018,107.09680250171026,108.33054281266979,700400
2026-03-13,106.7784194946289,108.99716935111599,106.56948015061965,108.6887285749079,694800
2026-03-16,108.67877960205078,109.3155492667533,107.24604406102353,107.53458150141891,843900
2026-03-17,108.44994354248047,111.03682141155357,108.19125347830507,109.7732336662353,560000
2026-03-18,107.26594543457031,109.63393986620943,105.44518611144564,106.37049326521773,701400
2026-03-19,106.50978088378906,108.3305401166794,105.79341311109434,106.55952400690258,634700
2026-03-20,104.87806701660156,107.17640749987267,104.61937694430588,107.17640749987267,1032000
2026-03-23,105.31583404541016,107.96241418973945,104.93775442088884,107.20624734980346,932600
2026-03-24,106.02224731445312,107.37538474277575,102.5598132291341,103.95274971015952,967500
2026-03-25,107.63407897949219,109.29564964232077,105.3456827008121,107.20624863490046,826100
2026-03-26,109.93241119384766,110.2706993345101,107.00725303627084,107.3654369071403,845000
2026-03-27,115.63350677490234,116.52896651889692,112.77798725541224,113.9619844497436,1097200
2026-03-30,114.35001373291016,115.96184124380476,113.11627343556118,115.43450947706445,797300
2026-03-31,119.00640106201172,119.16558969122694,115.01663498853453,115.52406345151435,692500
2026-04-01,117.82240295410156,119.92175564782114,117.69306171941174,118.77755749484845,596800
2026-04-02,117.2154769897461,118.498967998695,114.43955563423707,116.78764665342979,493500
2026-04-06,114.45945739746094,117.8423009884341,113.80278441028975,116.84734743761219,451400
2026-04-07,114.92709350585938,115.90214379181982,113.66349817147596,114.48931148879505,521300
2026-04-08,118.4293212890625,119.01634783799992,116.91699521457616,117.02644071368495,691700
2026-04-09,119.6630630493164,120.59832183830875,117.55376632982676,118.05124311701104,981700
2026-04-10,117.79255676269531,120.6779237371871,117.46422025102454,120.25009338313252,475800
2026-04-13,122.55838775634766,122.7673271065629,118.29003579679505,119.65312499493501,640000
2026-04-14,124.57813262939453,125.52334305297671,122.30963975822633,122.667823642189,823900
2026-04-15,125.70243835449219,126.15017204389592,123.68268369396644,124.21995956671465,775200
2026-04-16,129.56285095214844,130.06032772122234,122.51857808024772,125.03580931721875,1549500
2026-04-17,130.91600036621094,134.12969633797647,127.95104280177249,131.92089806636886,1258800
2026-04-20,131.28411865234375,132.92580112849674,128.61765041003915,129.46335182340303,1004800
2026-04-21,124.12045288085938,131.5229095739419,123.78217232425162,131.5229095739419,736200
2026-04-22,138.1094970703125,138.96515771338457,133.02528392473744,135.31368008009628,3419900
2026-04-23,135.96038818359375,137.86075299099502,134.06998262742403,137.86075299099502,1069800
2026-04-24,135.87086486816406,137.3931427028653,133.34368933567976,136.18925731604833,1041300
2026-04-27,134.38839721679688,137.05486571995226,134.05010143657066,135.56243524024316,776500
2026-04-28,134.83612060546875,135.2241519150972,132.40843131167534,133.31384276140426,795400
2026-04-29,132.6273193359375,135.7514730661055,132.09999513683624,134.3286815083473,622000
2026-04-30,123.28469848632812,132.13977904181164,122.77727004847566,131.79155440707794,1148900
2026-05-01,121.1554946899414,122.90661512476731,119.94165769274734,122.21015065171387,839900
2026-05-04,119.28498077392578,121.77236465459133,118.37957698862797,121.15549071946472,601300
2026-05-05,120.08094787597656,120.59832038843513,117.92189287647467,119.39442748882995,723000
2026-05-06,122.6081314086914,123.22499776209636,119.53372093921413,120.92665745127559,964100
2026-05-07,131.01548767089844,135.61218379878719,126.37900766839859,128.96588560717007,1349600
2026-05-08,132.38851928710938,135.00525202829323,130.2394159372805,133.65211456896986,947200
2026-05-11,129.0653839111328,133.56257849342845,128.49825306438478,131.5726712671474,857200
2026-05-12,128.37884521484375,130.31900144793804,126.68742734962784,129.02555889861347,771100
2026-05-13,129.38375854492188,131.27417948056532,126.70733854174173,127.75203525978448,705700
2026-05-14,129.62255859375,131.93085831849072,129.05544291527738,130.68716627243327,557700
2026-05-15,129.05543518066406,130.21952904419229,128.13012045932413,129.39371575328866,542700
2026-05-18,129.7519073486328,134.31874089544905,129.39372343230679,129.39372343230679,796800
2026-05-19,132.0701446533203,133.79141010857506,128.6773492767499,130.0503900854963,744200
2026-05-20,134.49781799316406,135.00525403657537,131.2343714571538,131.9706425736365,641700
2026-05-21,131.234375,134.58737898711078,130.76674558906447,133.73171827580188,624400
2026-05-22,132.4214324951172,134.49628614529217,131.30420946080076,131.30420946080076,648600
2026-05-26,131.56356811523438,133.41896517435038,130.93512251134928,132.75062526878483,1057700
2026-05-27,129.7380828857422,132.81046132912627,128.69067872215325,132.4413819958796,637100
2026-05-28,129.33908081054688,129.6582808602183,127.22432530526932,128.43132950816238,794100
2026-05-29,128.3216094970703,129.79794216737258,127.58344316191919,128.81040220418748,549500
2026-06-01,127.2542495727539,128.69068023536718,124.68063353691005,127.62333652085135,854900
2026-06-02,124.93001556396484,128.30164696510064,124.18187189364242,126.4961293427527,652400
2026-06-03,128.24180603027344,129.24931597824872,125.5983709827621,125.5983709827621,660100
2026-06-04,131.78302001953125,132.24188818774417,129.5286191417596,130.38649119631387,481200
2026-06-05,129.5186309814453,133.25934940319007,128.96998923538496,132.19200566178378,723500
2026-06-08,131.4139404296875,133.06982025397693,131.34410637813966,132.28178225249758,413300
2026-06-09,135.41400146484375,135.8130053255028,131.5735246166587,132.0224229861771,579500
2026-06-10,131.82290649414062,136.25191938630712,131.71317814875735,134.3366734477257,517000
2026-06-11,128.9899444580078,132.0323984961399,128.61088011918477,131.42390768851348,549300
2026-06-12,130.15704345703125,131.91269700585264,127.29415189188077,128.50116370669548,391300
2026-06-15,129.76800537109375,132.06231559306357,128.54105405530512,130.65580188756218,437400
2026-06-16,127.55351257324219,129.75804170402515,126.23678000067692,129.6782378849579,426400
2026-06-17,124.65071105957031,128.8702447510655,123.75293712409143,126.26670414343229,427100
2026-06-18,126.68566131591797,126.98492182779775,123.9823697711782,125.18937397754098,557400
2026-06-22,121.36885833740234,126.11707921068368,120.5608655666118,126.11707921068368,722800
2026-06-23,123.95244598388672,124.39135176395648,120.90999200010822,120.90999200010822,407200
2026-06-24,126.1968765258789,127.29415238765489,124.46117772999459,124.46117772999459,267700
2026-06-25,127.47370910644531,129.6084041935603,125.67816122502568,126.83529377316523,310300
2026-06-26,129.53858947753906,131.31418265525446,126.44626368181471,126.44626368181471,602400
2026-06-29,127.17444610595703,128.81039392736602,126.18689859571623,128.81039392736602,399000
2026-06-30,126.44625854492188,127.28417580847284,124.57090686086032,126.62581333147008,355200
2026-07-01,129.42886352539062,130.61592066283688,127.4338136059241,127.4338136059241,427200
2026-07-02,133.6583709716797,134.1970277371191,127.9425421584514,131.37403035613207,673200
2026-07-06,133.987548828125,134.945164186583,132.04236314052767,134.42644698848892,435000
2026-07-07,133.20947265625,136.35168532311187,132.86034806283593,135.07485462846418,478900
2026-07-08,130.02737426757812,132.01243903841072,129.27923060716864,132.01243903841072,267300
2026-07-09,133.70823669433594,135.98260756825886,129.62836332953904,131.98252280442102,531400
2026-07-10,135.39405822753906,136.75069277865964,133.98755960535888,135.2344658023071,529500
2026-07-13,136.06239318847656,137.30929934020756,135.08482302740572,135.7132685986053,359400
2026-07-14,129.8378448486328,134.67583148890373,127.70314216799493,134.67583148890373,365200
2026-07-15,131.4239044189453,134.46635838138712,129.54855275271456,130.2368473630236,427500
2026-07-16,134.88531494140625,138.65595775475305,132.7206877871532,132.94014447754031,585400
2026-07-17,134.27682495117188,138.83550574617632,133.74813798148688,136.23198041679652,369000
2026-07-20,133.69825744628906,134.89528424910978,131.89273986238976,133.71821220562552,294700
2026-07-21,134.6758270263672,134.8952837151348,132.31169795857792,132.32166772769588,372600
2026-07-22,134.4663543701172,135.67335092872167,133.60848238041368,134.98507155996666,344000
2026-07-23,130.8353729248047,134.87535191861747,130.40642929176647,132.45135843392083,418300
2026-07-24,131.77304077148438,133.6084828702701,130.3764968276958,130.9151687786356,514500
2026-07-27,130.72564697265625,134.03742187224148,130.36653738392795,132.17205509744258,432600
2026-07-28,133.8678436279297,135.3042819739332,132.51120910348445,132.51120910348445,360400
2026-07-29,134.3167266845703,134.91524773520578,131.42391045555166,133.66834156390073,548900
2026-07-30,131.97254943847656,135.0449280064532,130.54608089358422,133.47880658215382,374400
2026-07-31,136.37164306640625,137.06990748952967,130.2767649927453,133.15961149901568,558100
2026-08-03,139.35423278808594,143.83312530335195,137.9078246514972,137.9078246514972,1009700
2026-08-04,139.773193359375,140.90040144163544,137.97766059746817,138.85547221721595,605100
2026-08-05,136.4414520263672,140.97022351057205,136.4414520263672,139.81309099538984,645200
2026-08-06,138.54623413085938,144.64111193935156,129.70816282006913,140.81061993827888,1328600
2026-08-07,134.64590454101562,139.37417796935924,133.29925508062294,137.91778494189603,752300
2026-08-10,132.67080688476562,136.74071015557274,131.81293489306088,134.69578114058822,585900
2026-08-11,133.20947265625,136.0623945692021,132.5211932391688,134.80551863507088,614300
2026-08-12,135.98260498046875,135.98260498046875,131.83289764252453,132.4912677455779,515700
2026-08-13,137.02999877929688,137.19957619584397,134.83544691318588,135.58359063261165,963900
2026-08-14,137.1699981689453,138.00999450683594,135.6999969482422,137.1999969482422,586100
2026-08-17,133.07000732421875,135.97999572753906,132.85000610351562,135.55999755859375,687600
2026-08-18,131.9199981689453,136.0399932861328,130.88999938964844,133.5,872400
2026-08-19,135.86000061035156,136.8000030517578,132.6300048828125,132.6300048828125,459600
2026-08-20,134.9600067138672,137.27999877929688,134.8800048828125,135.1199951171875,297000
2026-08-21,138.8300018310547,139.2100067138672,133.30999755859375,133.30999755859375,642000
2026-08-24,138.30999755859375,140.27999877929688,137.7100067138672,138.8699951171875,645100
2026-08-25,140.17999267578125,140.57000732421875,136.32000732421875,138.00999450683594,382400
2026-08-26,138.74000549316406,140.1699981689453,137.9600067138672,139.13999938964844,533800
2026-08-27,137.7100067138672,138.50999450683594,136.5500030517578,136.5500030517578,370600
2026-08-28,139.6699981689453,140.57000732421875,137.35000610351562,137.35000610351562,429300
2026-08-31,142.0500030517578,142.4199981689453,137.8800048828125,137.9499969482422,653100
2026-09-01,140.47999572753906,143.0500030517578,135.1999969482422,140.19000244140625,565000
2026-09-02,140.97000122070312,144.16000366210938,138.10000610351562,140.55999755859375,728100
2026-09-03,139.9600067138672,143.22999572753906,138.63999938964844,140.00999450683594,704900
2026-09-04,138.36000061035156,140.58999633789062,137.35000610351562,138.6999969482422,464500
