Date,Close,High,Low,Open,Volume
2021-09-22,47.54999923706055,48.75,43.119998931884766,43.25,20142100
2021-09-23,47.540000915527344,49.25,45.54999923706055,47.55699920654297,4258900
2021-09-24,46.75,48.380001068115234,46.09999847412109,47.0,1725300
2021-09-27,44.04999923706055,47.47999954223633,43.25,47.3380012512207,1917800
2021-09-28,42.72999954223633,43.650001525878906,40.05099868774414,43.02000045776367,4647700
2021-09-29,42.27000045776367,43.619998931884766,41.81999969482422,42.470001220703125,672100
2021-09-30,42.68999862670898,43.619998931884766,41.75,42.27000045776367,739500
2021-10-01,41.88999938964844,43.70000076293945,41.790000915527344,42.7400016784668,1279600
2021-10-04,40.880001068115234,42.0,39.72999954223633,41.709999084472656,969600
2021-10-05,40.209999084472656,41.369998931884766,40.18000030517578,40.61000061035156,827400
2021-10-06,39.2599983215332,40.209999084472656,39.0,39.75,843500
2021-10-07,41.290000915527344,41.619998931884766,39.900001525878906,40.0,1415700
2021-10-08,42.58000183105469,44.5,41.060001373291016,41.40999984741211,1641400
2021-10-11,42.150001525878906,42.5099983215332,41.70000076293945,42.5099983215332,291900
2021-10-12,42.2599983215332,43.02399826049805,41.900001525878906,42.29999923706055,197600
2021-10-13,41.27000045776367,42.9900016784668,40.880001068115234,42.54999923706055,449400
2021-10-14,41.68000030517578,43.86000061035156,41.52999877929688,41.70000076293945,633000
2021-10-15,41.45000076293945,42.25,41.29999923706055,41.70000076293945,342900
2021-10-18,40.75,42.09999847412109,40.02000045776367,41.5,1003800
2021-10-19,42.93000030517578,43.619998931884766,40.77899932861328,41.34999847412109,1089800
2021-10-20,45.16999816894531,45.83399963378906,42.540000915527344,42.59000015258789,1440200
2021-10-21,45.04999923706055,45.5,43.310001373291016,44.91999816894531,923700
2021-10-22,46.91999816894531,48.08000183105469,44.5,44.70000076293945,1338700
2021-10-25,46.65999984741211,48.59000015258789,45.84000015258789,47.0,1343100
2021-10-26,43.650001525878906,47.72999954223633,42.790000915527344,46.65999984741211,1891100
2021-10-27,44.47999954223633,44.790000915527344,43.40999984741211,43.720001220703125,581400
2021-10-28,46.380001068115234,48.0,44.59999847412109,44.59999847412109,798700
2021-10-29,50.25,50.630001068115234,46.369998931884766,46.47999954223633,1926500
2021-11-01,48.20000076293945,50.31100082397461,45.459999084472656,50.02999877929688,1958500
2021-11-02,50.06999969482422,53.35599899291992,45.63999938964844,47.400001525878906,2977100
2021-11-03,43.060001373291016,47.959999084472656,38.290000915527344,44.09000015258789,11713500
2021-11-04,39.59000015258789,44.97999954223633,38.900001525878906,44.97999954223633,8130200
2021-11-05,38.290000915527344,40.604000091552734,36.04999923706055,39.5,9699500
2021-11-08,40.720001220703125,40.75,37.209999084472656,38.400001525878906,3689700
2021-11-09,39.0099983215332,41.75,38.36000061035156,40.29999923706055,1485700
2021-11-10,37.95000076293945,39.5,37.20000076293945,39.0099983215332,953500
2021-11-11,38.40999984741211,39.20000076293945,36.81999969482422,38.150001525878906,1243800
2021-11-12,37.720001220703125,39.060001373291016,37.38999938964844,38.400001525878906,1271100
2021-11-15,34.70000076293945,38.4900016784668,34.59000015258789,38.0,1903400
2021-11-16,38.970001220703125,39.369998931884766,34.70000076293945,34.70000076293945,2407000
2021-11-17,38.72999954223633,39.54999923706055,38.130001068115234,38.810001373291016,1042500
2021-11-18,38.65999984741211,39.11000061035156,37.31999969482422,38.58000183105469,821500
2021-11-19,38.310001373291016,39.09999847412109,37.61000061035156,38.36000061035156,699200
2021-11-22,36.0,38.060001373291016,34.66999816894531,37.91999816894531,1268300
2021-11-23,34.36000061035156,36.27999877929688,33.72999954223633,35.81999969482422,1298400
2021-11-24,35.040000915527344,35.65999984741211,33.79999923706055,34.36000061035156,867300
2021-11-26,35.54999923706055,35.93000030517578,34.2400016784668,34.66999816894531,429900
2021-11-29,35.63999938964844,35.880001068115234,34.0099983215332,35.709999084472656,1285400
2021-11-30,35.220001220703125,36.229000091552734,34.619998931884766,35.630001068115234,757200
2021-12-01,30.850000381469727,36.0,30.84000015258789,35.619998931884766,1199100
2021-12-02,32.29999923706055,33.34000015258789,31.0,31.280000686645508,1648900
2021-12-03,28.459999084472656,32.20000076293945,27.940000534057617,32.20000076293945,2782600
2021-12-06,26.6200008392334,28.700000762939453,25.766000747680664,28.51000022888184,3188500
2021-12-07,28.489999771118164,28.780000686645508,26.93099975585937,27.600000381469727,1890700
2021-12-08,29.030000686645508,30.049999237060547,28.1200008392334,28.40999984741211,950300
2021-12-09,27.3700008392334,29.799999237060547,27.040000915527344,28.59000015258789,1321100
2021-12-10,26.63999938964844,27.81999969482422,26.270000457763672,27.350000381469727,970000
2021-12-13,25.799999237060547,27.43000030517578,25.61000061035156,26.63999938964844,1405100
2021-12-14,24.15999984741211,25.5,23.64999961853028,25.459999084472656,1405100
2021-12-15,27.030000686645508,27.15999984741211,23.190000534057617,24.15999984741211,1553800
2021-12-16,26.11000061035156,27.65999984741211,25.65999984741211,27.030000686645508,1770900
2021-12-17,27.020000457763672,27.38999938964844,24.96999931335449,25.540000915527344,4253500
2021-12-20,26.57999992370605,27.440000534057617,25.6299991607666,26.51000022888184,1246800
2021-12-21,29.450000762939453,29.600000381469727,26.700000762939453,26.81999969482422,1231300
2021-12-22,27.25,29.65999984741211,26.82999992370605,29.39999961853028,1197700
2021-12-23,27.940000534057617,28.1200008392334,26.0,27.25,1171800
2021-12-27,27.049999237060547,28.950000762939453,26.959999084472656,27.90999984741211,608100
2021-12-28,25.049999237060547,27.40999984741211,24.940000534057617,27.0,1431700
2021-12-29,25.100000381469727,25.170000076293945,23.89999961853028,24.89999961853028,1161800
2021-12-30,26.14999961853028,26.739999771118164,24.82999992370605,25.100000381469727,803500
2021-12-31,26.26000022888184,26.549999237060547,25.809999465942383,26.1299991607666,911700
2022-01-03,25.6200008392334,26.809999465942383,24.81999969482422,26.39999961853028,536700
2022-01-04,24.100000381469727,25.51000022888184,23.200000762939453,25.51000022888184,1216100
2022-01-05,21.75,24.11000061035156,21.059999465942383,23.959999084472656,3149600
2022-01-06,22.11000061035156,22.89999961853028,20.84000015258789,21.489999771118164,2789800
2022-01-07,22.799999237060547,22.979999542236328,21.71999931335449,22.1299991607666,1038200
2022-01-10,23.5,23.61000061035156,21.89999961853028,22.3700008392334,1291000
2022-01-11,24.489999771118164,25.200000762939453,23.32999992370605,23.59000015258789,1491400
2022-01-12,24.049999237060547,25.780000686645508,23.850000381469727,24.68000030517578,1107300
2022-01-13,22.549999237060547,24.5049991607666,22.040000915527344,24.07999992370605,1043000
2022-01-14,23.100000381469727,23.239999771118164,22.01000022888184,22.100000381469727,1357300
2022-01-18,22.700000762939453,23.68000030517578,22.290000915527344,22.88999938964844,1389800
2022-01-19,21.920000076293945,23.420000076293945,21.8799991607666,22.600000381469727,886500
2022-01-20,22.11000061035156,22.959999084472656,22.02499961853028,22.14999961853028,591800
2022-01-21,20.700000762939453,22.670000076293945,20.56999969482422,21.89999961853028,997200
2022-01-24,21.040000915527344,21.049999237060547,18.520000457763672,20.190000534057617,2277700
2022-01-25,20.61000061035156,21.13999938964844,19.76000022888184,20.5,974600
2022-01-26,21.459999084472656,22.61000061035156,21.06999969482422,21.26000022888184,1464500
2022-01-27,20.600000381469727,22.1299991607666,20.280000686645508,21.709999084472656,746100
2022-01-28,20.31999969482422,20.959999084472656,19.549999237060547,20.809999465942383,1734300
2022-01-31,21.75,21.82999992370605,20.0,20.479999542236328,3018500
2022-02-01,22.530000686645508,22.665000915527344,20.86000061035156,22.13999938964844,1779500
2022-02-02,21.309999465942383,23.350000381469727,21.21999931335449,22.8799991607666,960000
2022-02-03,19.01000022888184,21.479999542236328,19.0,21.09000015258789,1766300
2022-02-04,20.84000015258789,20.90999984741211,18.549999237060547,19.73699951171875,2123700
2022-02-07,22.07999992370605,22.770000457763672,20.815000534057617,20.84000015258789,2130300
2022-02-08,22.530000686645508,22.57999992370605,21.600000381469727,22.030000686645508,1690700
2022-02-09,23.489999771118164,23.71999931335449,22.48500061035156,22.959999084472656,1640100
2022-02-10,22.459999084472656,23.64999961853028,22.0,22.76000022888184,1953100
2022-02-11,18.40999984741211,21.43000030517578,18.100000381469727,20.39999961853028,4638200
2022-02-14,20.40999984741211,21.36000061035156,18.56999969482422,18.71999931335449,5767100
2022-02-15,22.14999961853028,22.38999938964844,20.0,20.43000030517578,3115400
2022-02-16,21.850000381469727,22.440000534057617,21.506999969482425,22.13999938964844,1844900
2022-02-17,19.25,22.3799991607666,18.799999237060547,22.3799991607666,6948300
2022-02-18,18.96999931335449,19.959999084472656,18.39999961853028,18.90999984741211,3403500
2022-02-22,18.600000381469727,19.450000762939453,18.299999237060547,18.6299991607666,2447300
2022-02-23,16.75,18.8799991607666,16.65999984741211,18.15999984741211,2220200
2022-02-24,17.6299991607666,17.93000030517578,15.600000381469728,15.600000381469728,1921700
2022-02-25,17.969999313354492,18.209999084472656,17.290000915527344,17.6299991607666,2290800
2022-02-28,18.31999969482422,18.530000686645508,17.709999084472656,17.950000762939453,1886600
2022-03-01,19.190000534057617,19.68000030517578,18.200000762939453,18.420000076293945,2652800
2022-03-02,18.93000030517578,19.989999771118164,18.209999084472656,19.5,1872100
2022-03-03,17.639999389648438,19.31999969482422,17.420000076293945,19.15999984741211,1472600
2022-03-04,17.020000457763672,17.899999618530273,16.799999237060547,17.5,2915400
2022-03-07,15.899999618530272,17.309999465942383,15.81999969482422,17.0,2059000
2022-03-08,16.3700008392334,17.014999389648438,15.6899995803833,16.0,2713100
2022-03-09,18.229999542236328,18.61000061035156,17.010000228881836,17.110000610351562,2391300
2022-03-10,17.8700008392334,18.23500061035156,17.530000686645508,17.729999542236328,724000
2022-03-11,17.209999084472656,18.21999931335449,16.850000381469727,18.21999931335449,4996600
2022-03-14,16.899999618530273,18.09000015258789,16.43000030517578,17.020000457763672,3343400
2022-03-15,16.93000030517578,17.6299991607666,16.549999237060547,17.149999618530273,4138700
2022-03-16,18.520000457763672,19.280000686645508,17.56800079345703,17.700000762939453,2977400
2022-03-17,19.14999961853028,19.440000534057617,17.959999084472656,18.26000022888184,1746700
2022-03-18,20.059999465942383,20.64999961853028,19.104999542236328,19.200000762939453,2581000
2022-03-21,20.040000915527344,20.690000534057617,19.5,20.100000381469727,2372400
2022-03-22,20.11000061035156,20.799999237060547,19.6299991607666,19.93000030517578,2198600
2022-03-23,20.520000457763672,20.600000381469727,19.239999771118164,19.989999771118164,3797300
2022-03-24,19.559999465942383,19.64999961853028,18.32999992370605,19.5,6023800
2022-03-25,20.100000381469727,20.200000762939453,19.049999237060547,19.780000686645508,3584400
2022-03-28,20.61000061035156,20.88999938964844,19.700000762939453,19.950000762939453,3036900
2022-03-29,20.780000686645508,21.26000022888184,20.39999961853028,20.549999237060547,3958800
2022-03-30,19.940000534057617,21.100000381469727,19.64999961853028,20.559999465942383,2788200
2022-03-31,17.920000076293945,19.790000915527344,17.850000381469727,19.780000686645508,3431000
2022-04-01,17.959999084472656,18.239999771118164,17.15999984741211,18.21999931335449,3597300
2022-04-04,19.690000534057617,20.26000022888184,18.155000686645508,18.229999542236328,3251900
2022-04-05,18.57999992370605,19.64999961853028,18.34000015258789,19.6299991607666,3291700
2022-04-06,17.639999389648438,18.43899917602539,16.860000610351562,18.010000228881836,5688200
2022-04-07,17.020000457763672,18.0,16.6299991607666,17.579999923706055,2896600
2022-04-08,16.440000534057617,16.90999984741211,15.760000228881836,16.829999923706055,2651500
2022-04-11,17.709999084472656,17.989999771118164,16.040000915527344,16.139999389648438,4520800
2022-04-12,18.3799991607666,19.38999938964844,17.899999618530273,18.200000762939453,4039700
2022-04-13,19.06999969482422,19.39999961853028,17.8700008392334,18.100000381469727,3336100
2022-04-14,19.1200008392334,19.57999992370605,18.799999237060547,19.209999084472656,3309200
2022-04-18,18.190000534057617,19.450000762939453,18.040000915527344,18.940000534057617,4619700
2022-04-19,19.61000061035156,20.01000022888184,17.86199951171875,18.0,3438000
2022-04-20,18.36000061035156,19.96999931335449,18.31999969482422,19.82999992370605,2628800
2022-04-21,17.860000610351562,19.200000762939453,17.610000610351562,19.0,2601100
2022-04-22,17.780000686645508,18.350000381469727,17.3700008392334,17.829999923706055,3404500
2022-04-25,18.81999969482422,19.11000061035156,17.594999313354492,17.75,3144500
2022-04-26,17.420000076293945,18.799999237060547,17.3799991607666,18.799999237060547,3771800
2022-04-27,17.600000381469727,18.209999084472656,16.959999084472656,17.43000030517578,4183500
2022-04-28,18.940000534057617,18.959999084472656,17.59000015258789,17.940000534057617,1492800
2022-04-29,18.170000076293945,19.88999938964844,18.1299991607666,18.82999992370605,1914700
2022-05-02,18.11000061035156,18.600000381469727,17.579999923706055,18.21999931335449,2337200
2022-05-03,16.959999084472656,18.690000534057617,16.690000534057617,18.07999992370605,4356400
2022-05-04,16.81999969482422,16.979999542236328,14.800000190734863,15.010000228881836,8570500
2022-05-05,15.989999771118164,16.780000686645508,15.31999969482422,16.540000915527344,3451800
2022-05-06,15.770000457763672,16.459999084472656,14.84000015258789,15.449999809265137,2553200
2022-05-09,14.06999969482422,15.470000267028809,14.029999732971191,15.279999732971191,2453900
2022-05-10,14.479999542236328,14.890000343322754,13.5600004196167,14.359999656677246,3747000
2022-05-11,13.5,14.699999809265137,13.399999618530272,14.25,3232300
2022-05-12,14.539999961853027,14.829999923706056,12.90999984741211,12.937999725341797,3450800
2022-05-13,16.190000534057617,17.1200008392334,14.9399995803833,14.960000038146973,3817300
2022-05-16,15.31999969482422,16.399999618530273,15.229999542236328,15.899999618530272,1375400
2022-05-17,15.5600004196167,16.280000686645508,14.779999732971191,15.829999923706056,1885800
2022-05-18,15.140000343322754,16.6200008392334,14.859999656677246,15.25,2754800
2022-05-19,15.800000190734863,16.25,15.0,15.0,2262700
2022-05-20,15.880000114440918,16.510000228881836,15.119999885559082,16.209999084472656,1839800
2022-05-23,15.6899995803833,16.110000610351562,15.020000457763672,15.461999893188477,1119000
2022-05-24,13.859999656677246,15.199999809265137,13.5,15.15999984741211,2363600
2022-05-25,14.15999984741211,14.43000030517578,13.550000190734863,13.949999809265137,2795500
2022-05-26,14.520000457763672,14.710000038146973,13.850000381469728,14.119999885559082,1680000
2022-05-27,16.09000015258789,16.139999389648438,14.503000259399414,14.760000228881836,1692700
2022-05-31,15.760000228881836,16.219999313354492,15.329999923706056,15.84000015258789,4232700
2022-06-01,15.31999969482422,16.06999969482422,14.991000175476074,15.449999809265137,2890600
2022-06-02,16.25,16.549999237060547,15.0600004196167,15.239999771118164,2190300
2022-06-03,15.359999656677246,16.299999237060547,15.18000030517578,15.949999809265137,2093900
2022-06-06,15.479999542236328,16.610000610351562,15.020000457763672,15.600000381469728,4294600
2022-06-07,15.079999923706056,15.140000343322754,14.460000038146973,14.710000038146973,5189300
2022-06-08,15.649999618530272,16.290000915527344,14.90999984741211,15.140000343322754,2409900
2022-06-09,14.31999969482422,15.75,13.800000190734863,15.479999542236328,4537700
2022-06-10,12.350000381469728,13.335000038146973,11.539999961853027,13.270000457763672,7313800
2022-06-13,11.34000015258789,12.0,11.199999809265137,11.609999656677246,4372400
2022-06-14,11.0,11.9399995803833,10.885000228881836,11.380000114440918,4247300
2022-06-15,11.1899995803833,11.43000030517578,10.630000114440918,11.0600004196167,6317000
2022-06-16,10.880000114440918,11.40999984741211,10.510000228881836,10.739999771118164,5358600
2022-06-17,11.300000190734863,11.6899995803833,10.9350004196167,10.960000038146973,8844000
2022-06-21,11.449999809265137,12.138999938964844,11.3100004196167,11.779999732971191,3310900
2022-06-22,11.170000076293944,11.720000267028809,11.015000343322754,11.279999732971191,2693500
2022-06-23,12.029999732971191,12.18000030517578,11.25,11.3100004196167,2116600
2022-06-24,13.5,13.649999618530272,12.149999618530272,12.270000457763672,4713400
2022-06-27,13.460000038146973,13.600000381469728,12.93000030517578,13.470000267028809,2178600
2022-06-28,13.079999923706056,13.56999969482422,12.890000343322754,13.390000343322754,2685600
2022-06-29,13.079999923706056,13.3100004196167,12.779999732971191,13.020000457763672,1279000
2022-06-30,13.149999618530272,13.25,12.380000114440918,12.760000228881836,2527900
2022-07-01,13.470000267028809,13.800000190734863,13.050000190734863,13.199999809265137,1877700
2022-07-05,14.770000457763672,14.890000343322754,13.079999923706056,13.210000038146973,2516500
2022-07-06,14.859999656677246,15.539999961853027,14.704999923706056,14.850000381469728,5605100
2022-07-07,15.220000267028809,16.079999923706055,14.649999618530272,14.720000267028809,2779600
2022-07-08,15.279999732971191,15.40999984741211,14.65999984741211,14.899999618530272,925200
2022-07-11,14.890000343322754,15.359999656677246,14.699999809265137,15.220000267028809,1335900
2022-07-12,13.119999885559082,14.279999732971191,12.81999969482422,14.149999618530272,7518400
2022-07-13,12.770000457763672,12.949999809265137,12.300000190734863,12.760000228881836,3527000
2022-07-14,11.989999771118164,12.5,11.94499969482422,12.5,3160000
2022-07-15,12.25,12.270000457763672,11.470000267028809,11.850000381469728,3300000
2022-07-18,12.640000343322754,13.31999969482422,12.40999984741211,12.510000228881836,3551600
2022-07-19,12.829999923706056,13.270000457763672,12.43000030517578,12.899999618530272,2667100
2022-07-20,13.75,14.170000076293944,12.949999809265137,12.949999809265137,3373800
2022-07-21,13.8100004196167,14.100000381469728,13.619999885559082,13.65999984741211,1872000
2022-07-22,13.029999732971191,14.0,12.960000038146973,13.619999885559082,1193400
2022-07-25,12.510000228881836,13.187000274658203,12.40999984741211,12.890000343322754,1194800
2022-07-26,11.720000267028809,12.300000190734863,11.510000228881836,12.270000457763672,1637100
2022-07-27,12.5,12.5,11.859999656677246,11.949999809265137,1397300
2022-07-28,12.829999923706056,12.890000343322754,12.15999984741211,12.399999618530272,1564000
2022-07-29,13.109999656677246,13.220000267028809,12.460000038146973,12.59000015258789,1511000
2022-08-01,13.470000267028809,13.920000076293944,12.67099952697754,12.729999542236328,2400100
2022-08-02,13.949999809265137,14.260000228881836,13.0,13.220000267028809,2505400
2022-08-03,15.119999885559082,15.600000381469728,14.359999656677246,14.399999618530272,4198600
2022-08-04,15.399999618530272,15.449999809265137,14.369999885559082,14.43000030517578,2263500
2022-08-05,15.3100004196167,15.5,14.720000267028809,14.979999542236328,2029500
2022-08-08,15.899999618530272,16.43000030517578,15.404999732971191,15.479999542236328,2278500
2022-08-09,15.010000228881836,15.510000228881836,14.75,15.470000267028809,2745700
2022-08-10,16.450000762939453,16.459999084472656,15.729999542236328,15.729999542236328,3101400
2022-08-11,16.329999923706055,16.829999923706055,16.170000076293945,16.5,3232200
2022-08-12,16.829999923706055,17.020000457763672,16.469999313354492,16.5,2336100
2022-08-15,16.3700008392334,16.959999084472656,16.200000762939453,16.799999237060547,2362700
2022-08-16,16.3799991607666,16.600000381469727,15.770000457763672,16.18000030517578,2094600
2022-08-17,15.770000457763672,16.219999313354492,15.609999656677246,15.93000030517578,1430700
2022-08-18,15.649999618530272,15.84000015258789,15.420000076293944,15.649999618530272,1237800
2022-08-19,14.390000343322754,15.3100004196167,14.079999923706056,15.289999961853027,2776400
2022-08-22,13.630000114440918,14.3100004196167,13.199999809265137,14.095000267028809,2487300
2022-08-23,13.989999771118164,14.489999771118164,13.65999984741211,13.65999984741211,2592800
2022-08-24,14.15999984741211,14.539999961853027,14.020000457763672,14.020000457763672,1429700
2022-08-25,14.56999969482422,14.640000343322754,14.010000228881836,14.149999618530272,1213700
2022-08-26,13.989999771118164,14.729999542236328,13.789999961853027,14.56999969482422,1438900
2022-08-29,13.479999542236328,14.15999984741211,13.395000457763672,13.739999771118164,1247900
2022-08-30,13.5,13.90999984741211,13.31999969482422,13.65999984741211,1025200
2022-08-31,13.609999656677246,14.390000343322754,13.5,13.800000190734863,1584400
2022-09-01,13.380000114440918,13.539999961853027,12.699999809265137,13.4399995803833,1609900
2022-09-02,13.300000190734863,13.93000030517578,13.229999542236328,13.619999885559082,1329100
2022-09-06,13.399999618530272,13.800000190734863,13.229999542236328,13.390000343322754,1478800
2022-09-07,13.359999656677246,13.625,12.760000228881836,13.350000381469728,1732900
2022-09-08,13.869999885559082,13.869999885559082,13.050000190734863,13.18000030517578,1164800
2022-09-09,14.470000267028809,14.670000076293944,14.0600004196167,14.0600004196167,1374700
2022-09-12,15.119999885559082,15.18000030517578,14.510000228881836,14.59000015258789,1971500
2022-09-13,14.40999984741211,14.829999923706056,14.100000381469728,14.220000267028809,1640800
2022-09-14,15.84000015258789,15.989999771118164,14.529999732971191,15.020000457763672,5765200
2022-09-15,15.609999656677246,16.139999389648438,15.423999786376951,15.579999923706056,3280200
2022-09-16,14.779999732971191,15.40999984741211,14.670000076293944,15.0,5265600
2022-09-19,14.850000381469728,15.100000381469728,14.489999771118164,14.789999961853027,2032100
2022-09-20,14.539999961853027,14.84000015258789,14.489999771118164,14.520000457763672,2085900
2022-09-21,14.039999961853027,14.770000457763672,14.010000228881836,14.600000381469728,1324700
2022-09-22,13.390000343322754,14.289999961853027,13.329999923706056,14.210000038146973,1590600
2022-09-23,13.270000457763672,13.479999542236328,12.869999885559082,13.170000076293944,1031400
2022-09-26,12.90999984741211,13.760000228881836,12.845000267028809,13.270000457763672,950400
2022-09-27,13.520000457763672,13.600000381469728,13.119999885559082,13.25,1145700
2022-09-28,14.229999542236328,14.375,13.420000076293944,13.6899995803833,1170300
2022-09-29,13.5,14.029999732971191,13.380000114440918,13.859999656677246,761500
2022-09-30,12.970000267028809,14.029999732971191,12.960000038146973,13.449999809265137,1085600
2022-10-03,13.899999618530272,14.234999656677246,13.024999618530272,13.0600004196167,1563700
2022-10-04,14.869999885559082,14.880000114440918,14.220000267028809,14.390000343322754,1505300
2022-10-05,14.93000030517578,15.020000457763672,14.31999969482422,14.520000457763672,867800
2022-10-06,14.670000076293944,15.09000015258789,14.375,14.770000457763672,1284700
2022-10-07,13.65999984741211,14.31999969482422,13.539999961853027,14.199999809265137,1195500
2022-10-10,12.850000381469728,13.649999618530272,12.420000076293944,13.649999618530272,933000
2022-10-11,12.9399995803833,12.9399995803833,12.170000076293944,12.789999961853027,1204800
2022-10-12,12.920000076293944,13.140000343322754,12.460000038146973,12.9399995803833,955000
2022-10-13,12.979999542236328,13.130000114440918,11.960000038146973,12.279999732971191,1419400
2022-10-14,12.520000457763672,13.399999618530272,12.5,13.3100004196167,1482900
2022-10-17,13.40999984741211,13.520000457763672,12.979999542236328,12.979999542236328,912900
2022-10-18,13.6899995803833,14.109999656677246,13.3100004196167,13.989999771118164,916900
2022-10-19,12.989999771118164,13.449999809265137,12.960000038146973,13.399999618530272,1006600
2022-10-20,13.06999969482422,13.744999885559082,12.829999923706056,12.829999923706056,803400
2022-10-21,13.229999542236328,13.279999732971191,12.550000190734863,13.06999969482422,651900
2022-10-24,12.789999961853027,13.34000015258789,12.425000190734863,13.34000015258789,1347800
2022-10-25,13.84000015258789,13.880000114440918,12.84000015258789,12.84000015258789,897300
2022-10-26,13.15999984741211,14.100000381469728,13.050000190734863,13.399999618530272,927000
2022-10-27,13.68000030517578,13.899999618530272,13.289999961853027,13.3100004196167,1373900
2022-10-28,13.779999732971191,13.800000190734863,13.18000030517578,13.539999961853027,623700
2022-10-31,13.59000015258789,14.123000144958496,13.470000267028809,13.470000267028809,1487000
2022-11-01,13.15999984741211,14.164999961853027,13.157999992370604,14.0,1357100
2022-11-02,12.239999771118164,14.479999542236328,12.199999809265137,14.350000381469728,1925900
2022-11-03,12.489999771118164,12.84000015258789,12.079999923706056,12.079999923706056,1088700
2022-11-04,12.31999969482422,12.989999771118164,11.949999809265137,12.550000190734863,1320700
2022-11-07,12.93000030517578,12.989999771118164,11.920000076293944,12.3100004196167,1533700
2022-11-08,13.550000190734863,13.960000038146973,12.59000015258789,13.079999923706056,1183100
2022-11-09,12.800000190734863,13.260000228881836,12.4399995803833,13.260000228881836,1168900
2022-11-10,14.109999656677246,14.550000190734863,13.5600004196167,13.869999885559082,1453900
2022-11-11,14.729999542236328,14.960000038146973,14.140000343322754,14.18000030517578,1952400
2022-11-14,14.260000228881836,14.75,13.880000114440918,14.75,874100
2022-11-15,14.850000381469728,14.989999771118164,14.470000267028809,14.93000030517578,1107900
2022-11-16,13.960000038146973,14.65999984741211,13.859999656677246,14.619999885559082,877500
2022-11-17,13.079999923706056,13.59000015258789,13.010000228881836,13.5,502900
2022-11-18,12.970000267028809,13.715999603271484,12.8100004196167,13.31999969482422,586400
2022-11-21,12.75,13.109999656677246,12.529999732971191,13.020000457763672,1411600
2022-11-22,13.029999732971191,13.06999969482422,12.479999542236328,12.720000267028809,854500
2022-11-23,13.93000030517578,14.039999961853027,12.720000267028809,12.979999542236328,871100
2022-11-25,14.0,14.40999984741211,13.4399995803833,13.850000381469728,758800
2022-11-28,14.279999732971191,14.68000030517578,13.802000045776367,13.880000114440918,1949500
2022-11-29,14.050000190734863,14.529999732971191,13.800000190734863,14.18000030517578,1755100
2022-11-30,14.779999732971191,14.869999885559082,13.529999732971191,14.0600004196167,1674800
2022-12-01,15.1899995803833,15.298999786376951,14.706000328063965,14.779999732971191,1310700
2022-12-02,15.1899995803833,15.369999885559082,14.609999656677246,14.75,873400
2022-12-05,14.220000267028809,15.300000190734863,14.0,15.119999885559082,1442800
2022-12-06,13.779999732971191,14.279999732971191,13.59000015258789,14.220000267028809,1422700
2022-12-07,14.010000228881836,14.210000038146973,13.579999923706056,13.68000030517578,1185600
2022-12-08,14.880000114440918,15.460000038146973,14.489999771118164,14.770000457763672,2075200
2022-12-09,14.720000267028809,15.0,14.640000343322754,14.720000267028809,1149400
2022-12-12,15.579999923706056,15.75,14.899999618530272,14.899999618530272,1565800
2022-12-13,14.960000038146973,16.84000015258789,14.800000190734863,16.520000457763672,2142900
2022-12-14,15.149999618530272,15.399999618530272,14.510000228881836,14.800000190734863,1645900
2022-12-15,14.630000114440918,15.020000457763672,14.595000267028809,14.640000343322754,1291900
2022-12-16,14.68000030517578,15.199999809265137,14.539999961853027,14.760000228881836,2940500
2022-12-19,14.0600004196167,14.699999809265137,13.640000343322754,14.5600004196167,1946600
2022-12-20,14.5,14.529999732971191,13.875,13.970000267028809,1508300
2022-12-21,14.609999656677246,14.850000381469728,13.90999984741211,14.289999961853027,867800
2022-12-22,14.0600004196167,14.479999542236328,13.770000457763672,14.31999969482422,908900
2022-12-23,13.84000015258789,14.100000381469728,13.68000030517578,14.010000228881836,940300
2022-12-27,13.779999732971191,13.960000038146973,13.479999542236328,13.720000267028809,529800
2022-12-28,13.760000228881836,13.920000076293944,13.41800022125244,13.699999809265137,451000
2022-12-29,14.520000457763672,14.970000267028809,13.850000381469728,14.0,1132700
2022-12-30,14.710000038146973,14.729999542236328,14.149999618530272,14.149999618530272,875000
2023-01-03,14.829999923706056,15.34000015258789,14.5,15.079999923706056,1051500
2023-01-04,14.90999984741211,15.15999984741211,14.31999969482422,14.56999969482422,1393000
2023-01-05,14.31999969482422,14.8149995803833,14.010000228881836,14.75,1607400
2023-01-06,14.25,14.489999771118164,13.84000015258789,14.470000267028809,964600
2023-01-09,14.350000381469728,14.630000114440918,14.029999732971191,14.029999732971191,2010400
2023-01-10,14.3100004196167,14.510000228881836,14.0600004196167,14.18000030517578,1432000
2023-01-11,14.5600004196167,14.625,14.170000076293944,14.369999885559082,1769300
2023-01-12,14.90999984741211,14.9399995803833,14.0600004196167,14.630000114440918,2594600
2023-01-13,15.06999969482422,15.220000267028809,14.649999618530272,14.6899995803833,1471000
2023-01-17,16.200000762939453,16.3799991607666,14.718000411987305,15.0600004196167,2016000
2023-01-18,15.720000267028809,16.5,15.630000114440918,16.5,1560400
2023-01-19,15.170000076293944,15.520000457763672,14.890000343322754,15.369999885559082,1389200
2023-01-20,15.0,15.43000030517578,14.975000381469728,15.359999656677246,1225100
2023-01-23,15.229999542236328,15.350000381469728,14.899999618530272,15.149999618530272,2172700
2023-01-24,15.3100004196167,15.710000038146973,15.100000381469728,15.199999809265137,1183400
2023-01-25,15.31999969482422,15.470000267028809,14.449999809265137,14.869999885559082,1495500
2023-01-26,15.949999809265137,15.979999542236328,15.4399995803833,15.720000267028809,1378100
2023-01-27,16.889999389648438,16.924999237060547,15.862000465393066,15.869999885559082,1689000
2023-01-30,16.270000457763672,16.594999313354492,16.059999465942383,16.479999542236328,1867000
2023-01-31,16.18000030517578,16.520000457763672,15.850000381469728,16.010000228881836,3197500
2023-02-01,16.959999084472656,17.058000564575195,16.139999389648438,16.270000457763672,2936100
2023-02-02,17.56999969482422,17.690000534057617,16.809999465942383,17.399999618530273,2556900
2023-02-03,16.260000228881836,17.135000228881836,16.170000076293945,16.940000534057617,1656900
2023-02-06,16.270000457763672,17.75,16.219999313354492,17.25,2442700
2023-02-07,16.389999389648438,16.530000686645508,15.579999923706056,16.079999923706055,1859900
2023-02-08,16.93000030517578,18.13999938964844,16.6200008392334,17.100000381469727,3666300
2023-02-09,15.789999961853027,17.25,15.300000190734863,16.969999313354492,4542500
2023-02-10,15.81999969482422,15.970000267028809,15.5,15.670000076293944,2108900
2023-02-13,15.970000267028809,16.219999313354492,15.710000038146973,15.890000343322754,1157800
2023-02-14,16.579999923706055,16.649999618530273,15.6899995803833,15.800000190734863,1061900
2023-02-15,16.559999465942383,16.6200008392334,16.110000610351562,16.5,1675800
2023-02-16,15.770000457763672,16.25,15.760000228881836,16.030000686645508,1564400
2023-02-17,15.760000228881836,15.869999885559082,15.489999771118164,15.75,1269700
2023-02-21,15.300000190734863,15.649999618530272,15.170000076293944,15.399999618530272,899000
2023-02-22,15.3100004196167,15.6899995803833,15.039999961853027,15.40999984741211,629800
2023-02-23,15.34000015258789,15.510000228881836,14.920000076293944,15.399999618530272,634100
2023-02-24,14.890000343322754,15.074999809265137,14.710000038146973,14.960000038146973,848700
2023-02-27,14.899999618530272,15.229999542236328,14.81999969482422,15.220000267028809,1056900
2023-02-28,14.9399995803833,15.135000228881836,14.729999542236328,14.800000190734863,1688700
2023-03-01,14.5,15.06999969482422,14.460000038146973,14.960000038146973,1638800
2023-03-02,14.760000228881836,14.90999984741211,14.229999542236328,14.229999542236328,1513300
2023-03-03,15.5600004196167,15.760000228881836,14.600000381469728,14.859999656677246,2045200
2023-03-06,15.59000015258789,15.949999809265137,15.420000076293944,15.5600004196167,1284700
2023-03-07,15.510000228881836,15.894000053405762,15.43000030517578,15.619999885559082,2194300
2023-03-08,15.399999618530272,15.600000381469728,15.244999885559082,15.289999961853027,779100
2023-03-09,14.619999885559082,15.460000038146973,14.56999969482422,15.0,1243200
2023-03-10,13.640000343322754,14.609999656677246,13.300000190734863,14.5,2454300
2023-03-13,14.010000228881836,14.274999618530272,13.289999961853027,13.420000076293944,1770300
2023-03-14,14.43000030517578,14.529999732971191,13.90999984741211,14.0,2328100
2023-03-15,14.300000190734863,14.390000343322754,13.84000015258789,14.0,2039700
2023-03-16,14.010000228881836,14.210000038146973,13.859999656677246,14.199999809265137,1889200
2023-03-17,13.729999542236328,14.06999969482422,13.510000228881836,13.9399995803833,1707100
2023-03-20,13.510000228881836,13.699999809265137,12.949999809265137,13.699999809265137,2665400
2023-03-21,13.949999809265137,14.0649995803833,13.640000343322754,13.75,1671800
2023-03-22,13.420000076293944,14.0,13.399999618530272,13.84000015258789,1116800
2023-03-23,13.84000015258789,13.979999542236328,13.510000228881836,13.5600004196167,1394000
2023-03-24,13.84000015258789,13.914999961853027,13.25,13.869999885559082,1924600
2023-03-27,13.84000015258789,14.029999732971191,13.720000267028809,13.9399995803833,934700
2023-03-28,14.050000190734863,14.05500030517578,13.699999809265137,13.81999969482422,1306900
2023-03-29,14.4399995803833,14.550000190734863,14.130000114440918,14.300000190734863,1087400
2023-03-30,14.739999771118164,14.760000228881836,14.425000190734863,14.670000076293944,1020900
2023-03-31,15.359999656677246,15.6899995803833,14.75,14.8100004196167,1940900
2023-04-03,15.220000267028809,15.279999732971191,14.789999961853027,15.0,833200
2023-04-04,15.170000076293944,15.345000267028809,15.020000457763672,15.130000114440918,919900
2023-04-05,14.539999961853027,15.229999542236328,14.489999771118164,15.0,1610400
2023-04-06,14.8100004196167,14.8100004196167,14.15999984741211,14.5,646500
2023-04-10,14.770000457763672,14.80799961090088,14.359999656677246,14.449999809265137,1054200
2023-04-11,14.40999984741211,14.8100004196167,14.31999969482422,14.770000457763672,1647700
2023-04-12,14.130000114440918,14.899999618530272,14.100000381469728,14.710000038146973,1668700
2023-04-13,14.289999961853027,14.5649995803833,14.220000267028809,14.239999771118164,681800
2023-04-14,13.989999771118164,14.229999542236328,13.720000267028809,14.170000076293944,1387100
2023-04-17,14.6899995803833,14.729999542236328,14.039999961853027,14.09000015258789,1049000
2023-04-18,14.699999809265137,14.970000267028809,14.510000228881836,14.859999656677246,837500
2023-04-19,14.800000190734863,15.140000343322754,14.369999885559082,14.479999542236328,1181300
2023-04-20,14.90999984741211,15.149999618530272,14.649999618530272,14.800000190734863,951700
2023-04-21,15.100000381469728,15.1899995803833,14.770000457763672,15.0,922400
2023-04-24,14.329999923706056,15.09000015258789,13.779999732971191,15.0,1402100
2023-04-25,13.449999809265137,14.170000076293944,13.31999969482422,14.15999984741211,1934200
2023-04-26,13.699999809265137,13.869999885559082,13.329999923706056,13.59000015258789,1426000
2023-04-27,13.779999732971191,13.895000457763672,13.420000076293944,13.850000381469728,836800
2023-04-28,13.359999656677246,13.670000076293944,13.300000190734863,13.619999885559082,1437400
2023-05-01,13.279999732971191,13.420000076293944,13.0,13.170000076293944,2653900
2023-05-02,12.850000381469728,13.25,12.710000038146973,13.210000038146973,2511600
2023-05-03,12.890000343322754,14.470000267028809,12.720000267028809,14.470000267028809,5752500
2023-05-04,12.579999923706056,13.3100004196167,12.220000267028809,12.960000038146973,3221200
2023-05-05,13.130000114440918,13.335000038146973,12.649999618530272,12.649999618530272,2208000
2023-05-08,13.479999542236328,13.609999656677246,13.130000114440918,13.15999984741211,1275500
2023-05-09,13.43000030517578,13.609999656677246,13.300000190734863,13.34000015258789,1399300
2023-05-10,13.649999618530272,14.0,13.56999969482422,13.699999809265137,974300
2023-05-11,13.68000030517578,13.6899995803833,13.350000381469728,13.609999656677246,881200
2023-05-12,14.100000381469728,14.145000457763672,13.529999732971191,13.670000076293944,2290800
2023-05-15,14.739999771118164,14.829999923706056,13.90999984741211,13.949999809265137,2092300
2023-05-16,14.399999618530272,14.600000381469728,14.15999984741211,14.520000457763672,1155400
2023-05-17,14.609999656677246,14.6850004196167,14.210000038146973,14.43000030517578,1497800
2023-05-18,15.34000015258789,15.354999542236328,14.510000228881836,14.619999885559082,1940100
2023-05-19,15.34000015258789,15.515000343322754,15.029999732971191,15.029999732971191,2703900
2023-05-22,15.600000381469728,15.949999809265137,15.210000038146973,15.380000114440918,1550700
2023-05-23,15.229999542236328,15.979999542236328,14.6899995803833,14.859999656677246,3072300
2023-05-24,15.130000114440918,15.3100004196167,14.93000030517578,15.079999923706056,1916800
2023-05-25,14.4399995803833,15.300000190734863,14.369999885559082,15.270000457763672,3574900
2023-05-26,14.65999984741211,14.960000038146973,14.470000267028809,14.520000457763672,1733400
2023-05-30,14.850000381469728,15.390000343322754,14.829999923706056,14.859999656677246,1442000
2023-05-31,15.760000228881836,15.829999923706056,14.68000030517578,14.68000030517578,3601000
2023-06-01,15.479999542236328,15.68000030517578,14.8100004196167,15.25,2144500
2023-06-02,15.65999984741211,15.699999809265137,15.149999618530272,15.640000343322754,2081100
2023-06-05,15.760000228881836,15.93000030517578,15.369999885559082,15.550000190734863,1529100
2023-06-06,16.1299991607666,16.312999725341797,15.68000030517578,15.710000038146973,1856200
2023-06-07,15.90999984741211,16.329999923706055,15.890000343322754,16.040000915527344,1459400
2023-06-08,15.699999809265137,15.979999542236328,15.557000160217283,15.90999984741211,1662200
2023-06-09,15.670000076293944,15.880000114440918,15.529999732971191,15.729999542236328,2648800
2023-06-12,16.170000076293945,16.209999084472656,15.645000457763672,15.75,1957200
2023-06-13,16.729999542236328,16.770000457763672,16.059999465942383,16.229999542236328,2923100
2023-06-14,17.1299991607666,17.600000381469727,16.59000015258789,16.6299991607666,3582500
2023-06-15,17.219999313354492,17.309999465942383,16.559999465942383,16.700000762939453,2681600
2023-06-16,16.719999313354492,17.040000915527344,16.503000259399414,17.0,3200900
2023-06-20,16.940000534057617,16.989999771118164,16.510000228881836,16.690000534057617,2836700
2023-06-21,16.309999465942383,16.959999084472656,16.020000457763672,16.959999084472656,1947100
2023-06-22,16.520000457763672,16.6299991607666,16.06999969482422,16.190000534057617,1551200
2023-06-23,16.209999084472656,16.459999084472656,16.059999465942383,16.260000228881836,24063300
2023-06-26,15.880000114440918,16.510000228881836,15.850000381469728,16.049999237060547,1630100
2023-06-27,16.700000762939453,16.780000686645508,15.899999618530272,16.100000381469727,1880500
2023-06-28,17.200000762939453,17.270000457763672,16.520000457763672,16.6200008392334,3430500
2023-06-29,17.600000381469727,17.6200008392334,17.09000015258789,17.200000762939453,2208500
2023-06-30,17.579999923706055,17.850000381469727,17.40999984741211,17.649999618530273,2894800
2023-07-03,17.610000610351562,17.68000030517578,17.270000457763672,17.350000381469727,1297400
2023-07-05,16.5,17.399999618530273,16.489999771118164,17.25,3302800
2023-07-06,16.170000076293945,16.2549991607666,15.824999809265137,16.149999618530273,3844900
2023-07-07,16.299999237060547,16.614999771118164,16.149999618530273,16.200000762939453,2320000
2023-07-10,16.540000915527344,16.540000915527344,16.040000915527344,16.1200008392334,1765300
2023-07-11,17.09000015258789,17.149999618530273,16.600000381469727,16.649999618530273,1727200
2023-07-12,17.40999984741211,17.5,16.93000030517578,17.049999237060547,2209200
2023-07-13,17.649999618530273,17.920000076293945,17.5,17.520000457763672,1719400
2023-07-14,17.559999465942383,17.75,17.360000610351562,17.540000915527344,1561800
2023-07-17,17.6200008392334,17.844999313354492,17.450000762939453,17.639999389648438,2756900
2023-07-18,17.65999984741211,17.825000762939453,17.530000686645508,17.68000030517578,1805100
2023-07-19,18.07999992370605,18.405000686645508,17.790000915527344,17.81999969482422,2187900
2023-07-20,17.549999237060547,18.459999084472656,17.540000915527344,18.13999938964844,2252600
2023-07-21,16.969999313354492,17.8799991607666,16.924999237060547,17.75,2442200
2023-07-24,16.809999465942383,17.100000381469727,16.610000610351562,16.979999542236328,1419600
2023-07-25,17.0,17.219999313354492,16.719999313354492,16.979999542236328,1042600
2023-07-26,17.40999984741211,17.479999542236328,16.780000686645508,16.8700008392334,1154300
2023-07-27,17.290000915527344,17.93000030517578,17.135000228881836,17.75,1339200
2023-07-28,17.6200008392334,17.90999984741211,17.389999389648438,17.719999313354492,1169000
2023-07-31,18.65999984741211,18.709999084472656,17.74799919128418,17.760000228881836,2320100
2023-08-01,18.239999771118164,18.540000915527344,17.875,18.540000915527344,2329300
2023-08-02,21.61000061035156,23.09000015258789,20.850000381469727,21.559999465942383,13682900
2023-08-03,21.3799991607666,21.39999961853028,19.809999465942383,20.84000015258789,6009900
2023-08-04,20.920000076293945,21.614999771118164,20.905000686645508,21.43000030517578,3053600
2023-08-07,21.709999084472656,21.75,20.600000381469727,20.90999984741211,2686600
2023-08-08,21.450000762939453,21.450000762939453,20.809999465942383,21.209999084472656,3032500
2023-08-09,21.89999961853028,21.96500015258789,21.21999931335449,21.57999992370605,2687100
2023-08-10,22.5,22.540000915527344,21.950000762939453,22.0,3571000
2023-08-11,22.479999542236328,22.624000549316406,22.11000061035156,22.26000022888184,2466300
2023-08-14,22.76000022888184,22.84499931335449,22.14999961853028,22.38999938964844,1986100
2023-08-15,22.40999984741211,22.950000762939453,22.299999237060547,22.559999465942383,1804600
2023-08-16,22.07999992370605,22.450000762939453,21.979999542236328,22.40999984741211,2715300
2023-08-17,21.100000381469727,22.09000015258789,21.040000915527344,22.09000015258789,2050300
2023-08-18,21.450000762939453,21.600000381469727,20.46999931335449,20.690000534057617,2813200
2023-08-21,21.040000915527344,21.51000022888184,20.86000061035156,21.46999931335449,2403600
2023-08-22,20.89999961853028,21.190000534057617,20.309999465942383,20.350000381469727,3099200
2023-08-23,20.790000915527344,20.93000030517578,20.52499961853028,20.850000381469727,3143900
2023-08-24,20.670000076293945,21.18000030517578,20.42099952697754,21.030000686645508,2006800
2023-08-25,21.14999961853028,21.61000061035156,20.63999938964844,20.63999938964844,3946900
2023-08-28,21.200000762939453,21.57900047302246,20.98200035095215,21.25,2179800
2023-08-29,21.38999938964844,21.690000534057617,21.059999465942383,21.200000762939453,3060800
2023-08-30,21.88999938964844,21.95499992370605,21.21999931335449,21.34000015258789,3440400
2023-08-31,21.8700008392334,22.21999931335449,21.809999465942383,22.040000915527344,2240500
2023-09-01,22.299999237060547,22.545000076293945,22.100000381469727,22.1200008392334,2524500
2023-09-05,22.229999542236328,22.38500022888184,21.84000015258789,22.040000915527344,3710900
2023-09-06,22.940000534057617,23.20499992370605,21.940000534057617,22.059999465942383,4376200
2023-09-07,23.1200008392334,23.63999938964844,22.100000381469727,22.520000457763672,5214200
2023-09-08,21.89999961853028,23.799999237060547,21.84000015258789,23.420000076293945,3438200
2023-09-11,22.229999542236328,22.6299991607666,21.8700008392334,22.18000030517578,2453200
2023-09-12,21.68000030517578,22.549999237060547,21.641000747680664,21.65999984741211,2028400
2023-09-13,20.950000762939453,21.299999237060547,20.62299919128418,21.26000022888184,4582400
2023-09-14,20.559999465942383,21.049999237060547,20.5049991607666,21.0,3078600
2023-09-15,20.01000022888184,20.38999938964844,19.81999969482422,20.38999938964844,4310200
2023-09-18,19.88999938964844,19.96500015258789,19.479999542236328,19.770000457763672,3308700
2023-09-19,19.979999542236328,20.06999969482422,19.729999542236328,19.8799991607666,2362700
2023-09-20,20.09000015258789,20.52499961853028,19.81999969482422,19.950000762939453,1784300
2023-09-21,19.5,19.940000534057617,19.209999084472656,19.940000534057617,2505400
2023-09-22,19.3799991607666,19.86000061035156,19.350000381469727,19.809999465942383,1598000
2023-09-25,19.40999984741211,19.530000686645508,19.059999465942383,19.1299991607666,1554100
2023-09-26,18.71999931335449,19.57999992370605,18.690000534057617,19.209999084472656,1438500
2023-09-27,19.295000076293945,19.32999992370605,18.71999931335449,18.71999931335449,2162300
2023-09-28,19.559999465942383,19.76000022888184,19.049999237060547,19.239999771118164,1188000
2023-09-29,19.920000076293945,20.325000762939453,19.809999465942383,19.82999992370605,2358100
2023-10-02,19.3700008392334,20.06999969482422,19.21999931335449,19.920000076293945,2173600
2023-10-03,18.600000381469727,19.299999237060547,18.450000762939453,19.15999984741211,1682800
2023-10-04,18.90999984741211,19.13999938964844,18.59000015258789,18.739999771118164,1692900
2023-10-05,18.81999969482422,18.950000762939453,18.520999908447266,18.89999961853028,1662300
2023-10-06,19.51000022888184,19.76000022888184,18.520000457763672,18.59000015258789,2420400
2023-10-09,19.100000381469727,19.46500015258789,19.049999237060547,19.170000076293945,1307000
2023-10-10,18.700000762939453,19.614999771118164,18.690000534057617,19.14999961853028,1846300
2023-10-11,18.700000762939453,19.01000022888184,18.520000457763672,18.739999771118164,1892000
2023-10-12,17.920000076293945,18.690000534057617,17.71500015258789,18.57999992370605,1866000
2023-10-13,17.739999771118164,17.93000030517578,17.524999618530273,17.93000030517578,1167100
2023-10-16,18.57999992370605,18.7450008392334,17.809999465942383,17.93000030517578,2503200
2023-10-17,19.049999237060547,19.280000686645508,18.11000061035156,18.25,3302600
2023-10-18,18.920000076293945,19.152999877929688,18.700000762939453,19.030000686645508,2116000
2023-10-19,18.959999084472656,19.40999984741211,18.88999938964844,19.1299991607666,2253200
2023-10-20,18.549999237060547,19.0,18.200000762939453,18.96999931335449,2228000
2023-10-23,18.290000915527344,18.530000686645508,17.860000610351562,18.270000457763672,2415200
2023-10-24,18.6299991607666,19.14999961853028,18.295000076293945,18.6200008392334,2377200
2023-10-25,17.709999084472656,18.40999984741211,17.600000381469727,18.40999984741211,2009800
2023-10-26,17.670000076293945,17.924999237060547,17.399999618530273,17.81999969482422,2099700
2023-10-27,17.670000076293945,17.940000534057617,17.540000915527344,17.84000015258789,1582900
2023-10-30,17.6200008392334,17.8799991607666,17.389999389648438,17.6200008392334,2382300
2023-10-31,17.940000534057617,18.045000076293945,17.28499984741211,17.670000076293945,3857100
2023-11-01,17.549999237060547,18.6299991607666,17.1200008392334,17.649999618530273,4552100
2023-11-02,18.239999771118164,18.57999992370605,17.764999389648438,18.0,2365700
2023-11-03,19.0,19.0,18.350000381469727,18.350000381469727,2664000
2023-11-06,18.31999969482422,19.06999969482422,17.999000549316406,19.020000457763672,1798900
2023-11-07,18.920000076293945,19.14999961853028,18.280000686645508,18.549999237060547,2077800
2023-11-08,18.25,18.61000061035156,17.764999389648438,18.450000762939453,3652300
2023-11-09,17.049999237060547,18.440000534057617,16.864999771118164,18.3700008392334,3394400
2023-11-10,17.450000762939453,17.6299991607666,16.90999984741211,17.06999969482422,2186300
2023-11-13,17.18000030517578,17.489999771118164,17.110000610351562,17.3799991607666,1840300
2023-11-14,18.31999969482422,18.36000061035156,17.81999969482422,17.950000762939453,2398000
2023-11-15,18.170000076293945,18.780000686645508,18.05500030517578,18.38999938964844,2988300
2023-11-16,17.760000228881836,18.059999465942383,17.5049991607666,18.020000457763672,1931100
2023-11-17,18.559999465942383,18.6200008392334,17.850000381469727,17.90999984741211,2522600
2023-11-20,18.920000076293945,19.3700008392334,18.56999969482422,18.56999969482422,1919900
2023-11-21,18.75,19.174999237060547,18.584999084472656,18.63999938964844,1682500
2023-11-22,18.88999938964844,19.19499969482422,18.69499969482422,19.0,1650900
2023-11-24,18.88999938964844,19.049999237060547,18.790000915527344,18.84000015258789,504000
2023-11-27,18.959999084472656,19.114999771118164,18.65999984741211,18.71999931335449,1392400
2023-11-28,19.489999771118164,19.739999771118164,18.799999237060547,18.979999542236328,2598600
2023-11-29,20.450000762939453,21.125,19.90999984741211,19.920000076293945,3692100
2023-11-30,20.020000457763672,20.64999961853028,19.6299991607666,20.549999237060547,2535500
2023-12-01,21.209999084472656,21.4950008392334,20.1299991607666,20.15999984741211,3719800
2023-12-04,20.6299991607666,21.0,20.38999938964844,20.51000022888184,2398200
2023-12-05,20.8799991607666,20.96500015258789,20.05500030517578,20.479999542236328,1774000
2023-12-06,20.5,21.200000762939453,20.48500061035156,21.030000686645508,1402400
2023-12-07,20.06999969482422,20.51000022888184,19.684999465942383,20.5,2173500
2023-12-08,20.26000022888184,20.575000762939453,19.71999931335449,19.86000061035156,1033300
2023-12-11,20.530000686645508,20.55500030517578,19.81999969482422,20.049999237060547,1863800
2023-12-12,21.239999771118164,21.25,20.43000030517578,20.530000686645508,2647700
2023-12-13,22.190000534057617,22.23500061035156,21.059999465942383,21.299999237060547,4555900
2023-12-14,23.540000915527344,23.739999771118164,22.63999938964844,22.690000534057617,5003000
2023-12-15,24.14999961853028,24.155000686645508,23.43000030517578,23.799999237060547,5049600
2023-12-18,24.190000534057617,24.46999931335449,23.7509994506836,24.0,2591600
2023-12-19,24.479999542236328,24.975000381469727,24.239999771118164,24.239999771118164,2877800
2023-12-20,23.559999465942383,24.59000015258789,23.549999237060547,24.190000534057617,2049900
2023-12-21,24.07999992370605,24.100000381469727,23.3799991607666,23.989999771118164,1660500
2023-12-22,23.959999084472656,24.34000015258789,23.825000762939453,24.13999938964844,1082900
2023-12-26,23.84000015258789,24.25,23.80500030517578,24.170000076293945,1283600
2023-12-27,23.729999542236328,24.020000457763672,23.51000022888184,23.8799991607666,1356400
2023-12-28,24.0,24.14999961853028,23.68000030517578,23.959999084472656,1451100
2023-12-29,23.489999771118164,24.09000015258789,23.395000457763672,24.0,1720400
2024-01-02,22.07999992370605,23.14999961853028,21.93000030517578,23.11400032043457,2803700
2024-01-03,21.51000022888184,21.690000534057617,21.239999771118164,21.59000015258789,3342800
2024-01-04,21.46999931335449,22.01000022888184,21.21500015258789,21.479999542236328,2805500
2024-01-05,21.90999984741211,22.540000915527344,21.76000022888184,22.26000022888184,2135000
2024-01-08,22.700000762939453,22.88999938964844,21.940000534057617,22.06999969482422,2474000
2024-01-09,22.86000061035156,23.045000076293945,22.38999938964844,22.459999084472656,1513400
2024-01-10,23.31999969482422,23.475000381469727,22.88999938964844,22.96999931335449,2028100
2024-01-11,23.46999931335449,23.64999961853028,22.799999237060547,23.31999969482422,1899400
2024-01-12,23.59000015258789,23.93000030517578,23.44099998474121,23.729999542236328,2261000
2024-01-16,23.280000686645508,23.63500022888184,23.075000762939453,23.31999969482422,2000100
2024-01-17,22.3799991607666,22.989999771118164,22.059999465942383,22.89999961853028,2205800
2024-01-18,22.299999237060547,22.729999542236328,21.94499969482422,22.6200008392334,1675600
2024-01-19,21.239999771118164,22.51000022888184,21.01499938964844,22.51000022888184,4919600
2024-01-22,21.96999931335449,22.655000686645508,21.475000381469727,21.621999740600582,2685400
2024-01-23,21.979999542236328,22.3700008392334,21.80500030517578,22.239999771118164,2115100
2024-01-24,21.65999984741211,22.520000457763672,21.6299991607666,22.440000534057617,2784100
2024-01-25,21.88999938964844,22.14999961853028,21.309999465942383,22.049999237060547,3307800
2024-01-26,22.13999938964844,22.940000534057617,21.827999114990234,21.96999931335449,2480600
2024-01-29,23.290000915527344,23.299999237060547,22.25,22.450000762939453,2112800
2024-01-30,23.1200008392334,23.290000915527344,22.69499969482422,23.229999542236328,1588200
2024-01-31,22.200000762939453,23.0,22.145000457763672,23.0,2534100
2024-02-01,22.76000022888184,22.950000762939453,22.315000534057617,22.489999771118164,2531100
2024-02-02,22.32999992370605,22.405000686645508,21.63999938964844,22.36000061035156,3318000
2024-02-05,21.65999984741211,22.29599952697754,21.43000030517578,22.270000457763672,2323800
2024-02-06,21.81999969482422,22.01000022888184,21.121000289916992,21.63999938964844,3774700
2024-02-07,21.14999961853028,22.780000686645508,20.16900062561035,22.739999771118164,9091600
2024-02-08,21.36000061035156,21.68099975585937,20.799999237060547,21.0,3218600
2024-02-09,21.709999084472656,22.06999969482422,21.350000381469727,21.770000457763672,2711300
2024-02-12,21.57999992370605,22.13999938964844,21.38500022888184,21.63999938964844,3359200
2024-02-13,20.739999771118164,21.18000030517578,20.200000762939453,20.51000022888184,2772000
2024-02-14,21.270000457763672,21.459999084472656,20.979999542236328,21.14999961853028,1737800
2024-02-15,20.709999084472656,21.61000061035156,20.584999084472656,21.61000061035156,2651600
2024-02-16,20.690000534057617,20.878999710083008,20.290000915527344,20.440000534057617,2186700
2024-02-20,20.950000762939453,21.06999969482422,20.440000534057617,21.06999969482422,2221500
2024-02-21,20.32999992370605,20.59000015258789,20.1200008392334,20.479999542236328,1983400
2024-02-22,20.13999938964844,20.799999237060547,19.96500015258789,20.57999992370605,2078600
2024-02-23,20.25,20.3700008392334,20.084999084472656,20.13999938964844,1461900
2024-02-26,20.43000030517578,20.709999084472656,20.020000457763672,20.1200008392334,2482500
2024-02-27,20.8799991607666,20.90999984741211,19.503999710083008,20.0,2786100
2024-02-28,20.11000061035156,20.6299991607666,19.53499984741211,20.6299991607666,4140200
2024-02-29,20.440000534057617,20.604999542236328,19.90999984741211,20.540000915527344,3147800
2024-03-01,20.26000022888184,20.440000534057617,19.950000762939453,20.40999984741211,2423900
2024-03-04,19.71999931335449,20.38999938964844,19.64999961853028,20.38999938964844,1634500
2024-03-05,18.3700008392334,19.459999084472656,18.34000015258789,19.459999084472656,3975900
2024-03-06,18.63999938964844,18.854999542236328,18.309999465942383,18.63999938964844,2751600
2024-03-07,18.549999237060547,18.850000381469727,18.270000457763672,18.850000381469727,2981200
2024-03-08,18.6299991607666,19.29800033569336,18.459999084472656,18.76000022888184,2082300
2024-03-11,19.09000015258789,19.299999237060547,18.540000915527344,18.540000915527344,3129000
2024-03-12,18.65999984741211,19.18000030517578,18.64999961853028,19.1299991607666,1542000
2024-03-13,18.739999771118164,18.950000762939453,18.3700008392334,18.540000915527344,1678300
2024-03-14,18.030000686645508,18.729999542236328,17.795000076293945,18.65999984741211,3337800
2024-03-15,17.770000457763672,17.985000610351562,17.704999923706055,17.829999923706055,3051200
2024-03-18,17.969999313354492,18.1299991607666,17.639999389648438,17.899999618530273,3183300
2024-03-19,18.350000381469727,18.5,17.760000228881836,17.809999465942383,4093200
2024-03-20,18.59000015258789,18.709999084472656,18.174999237060547,18.34000015258789,2391900
2024-03-21,18.5,18.76000022888184,18.434999465942383,18.6200008392334,2070000
2024-03-22,18.290000915527344,18.63999938964844,18.15999984741211,18.450000762939453,1604700
2024-03-25,18.229999542236328,18.350000381469727,18.114999771118164,18.350000381469727,1255500
2024-03-26,17.920000076293945,18.440000534057617,17.889999389648438,18.440000534057617,1879600
2024-03-27,18.09000015258789,18.239999771118164,17.93000030517578,18.14999961853028,1623300
2024-03-28,18.209999084472656,18.40999984741211,17.989999771118164,18.059999465942383,1887900
2024-04-01,18.25,18.700000762939453,18.165000915527344,18.200000762939453,3395700
2024-04-02,17.790000915527344,17.989999771118164,17.649999618530273,17.799999237060547,2075200
2024-04-03,17.65999984741211,17.915000915527344,17.53499984741211,17.549999237060547,1367300
2024-04-04,18.010000228881836,18.71999931335449,17.780000686645508,17.940000534057617,3715900
2024-04-05,18.170000076293945,18.20499992370605,17.93000030517578,17.950000762939453,1698000
2024-04-08,18.63999938964844,18.69499969482422,18.209999084472656,18.31999969482422,2392100
2024-04-09,18.76000022888184,18.920000076293945,18.55500030517578,18.770000457763672,1816700
2024-04-10,17.959999084472656,18.3799991607666,17.885000228881836,18.030000686645508,1867000
2024-04-11,18.280000686645508,18.309999465942383,17.579999923706055,18.059999465942383,2188500
2024-04-12,17.959999084472656,18.15999984741211,17.850000381469727,18.040000915527344,1934000
2024-04-15,17.100000381469727,18.209999084472656,17.0,18.030000686645508,1839800
2024-04-16,17.299999237060547,17.530000686645508,16.860000610351562,17.0,1560300
2024-04-17,17.690000534057617,17.920000076293945,17.334999084472656,17.360000610351562,2187500
2024-04-18,17.649999618530273,17.969999313354492,17.540000915527344,17.760000228881836,2359300
2024-04-19,17.59000015258789,18.075000762939453,17.454999923706055,17.670000076293945,3974500
2024-04-22,18.15999984741211,18.190000534057617,17.594999313354492,17.729999542236328,2019200
2024-04-23,18.350000381469727,18.670000076293945,18.010000228881836,18.09000015258789,1534400
2024-04-24,18.520000457763672,18.57999992370605,18.1299991607666,18.309999465942383,2332900
2024-04-25,18.559999465942383,18.61000061035156,18.010000228881836,18.010000228881836,1561500
2024-04-26,18.440000534057617,18.739999771118164,18.26000022888184,18.739999771118164,2779500
2024-04-29,18.420000076293945,18.739999771118164,18.280000686645508,18.530000686645508,2421900
2024-04-30,17.850000381469727,18.375,17.84000015258789,18.15999984741211,2290400
2024-05-01,18.25,18.780000686645508,17.860000610351562,17.899999618530273,3567700
2024-05-02,14.670000076293944,14.770000457763672,13.010000228881836,13.399999618530272,22956300
2024-05-03,14.029999732971191,14.949999809265137,13.824999809265137,14.93000030517578,6974900
2024-05-06,14.130000114440918,14.390000343322754,14.020000457763672,14.09000015258789,4229000
2024-05-07,14.260000228881836,14.579999923706056,14.06999969482422,14.119999885559082,3731900
2024-05-08,13.81999969482422,14.109999656677246,13.779999732971191,14.020000457763672,2337200
2024-05-09,13.829999923706056,14.114999771118164,13.779999732971191,13.869999885559082,2583500
2024-05-10,13.710000038146973,13.949999809265137,13.640000343322754,13.869999885559082,3421500
2024-05-13,13.739999771118164,14.020000457763672,13.720000267028809,13.880000114440918,2062900
2024-05-14,13.75,13.989999771118164,13.71500015258789,13.93000030517578,2010200
2024-05-15,13.9399995803833,14.104999542236328,13.81999969482422,13.970000267028809,2352100
2024-05-16,13.84000015258789,13.885000228881836,13.670000076293944,13.84000015258789,2057100
2024-05-17,13.640000343322754,13.850000381469728,13.5600004196167,13.8100004196167,2587100
2024-05-20,14.140000343322754,14.229999542236328,13.5600004196167,13.600000381469728,3144500
2024-05-21,13.739999771118164,14.1899995803833,13.630000114440918,14.109999656677246,1609200
2024-05-22,13.75,13.994999885559082,13.640000343322754,13.779999732971191,1767400
2024-05-23,13.289999961853027,13.84000015258789,13.260000228881836,13.8100004196167,2409200
2024-05-24,13.239999771118164,13.390000343322754,13.140000343322754,13.229999542236328,2482300
2024-05-28,13.369999885559082,13.9350004196167,13.15999984741211,13.34000015258789,3234000
2024-05-29,13.649999618530272,13.829999923706056,13.170000076293944,13.18000030517578,2310000
2024-05-30,13.15999984741211,13.760000228881836,13.123000144958496,13.5,3734700
2024-05-31,12.880000114440918,13.300000190734863,12.6899995803833,13.270000457763672,4325100
2024-06-03,12.739999771118164,13.18000030517578,12.65999984741211,13.109999656677246,3647500
2024-06-04,12.670000076293944,12.899999618530272,12.625,12.720000267028809,1951300
2024-06-05,12.890000343322754,12.970000267028809,12.5600004196167,12.789999961853027,1668900
2024-06-06,13.029999732971191,13.130000114440918,12.859999656677246,12.859999656677246,1723500
2024-06-07,12.729999542236328,12.890000343322754,12.710000038146973,12.890000343322754,1494300
2024-06-10,12.800000190734863,12.824999809265137,12.5649995803833,12.640000343322754,1360200
2024-06-11,12.779999732971191,12.885000228881836,12.6899995803833,12.710000038146973,1321400
2024-06-12,12.649999618530272,13.289999961853027,12.595000267028809,13.079999923706056,2531600
2024-06-13,12.31999969482422,12.720000267028809,12.225000381469728,12.6899995803833,1651300
2024-06-14,12.3100004196167,12.46500015258789,12.220000267028809,12.329999923706056,1613400
2024-06-17,12.31999969482422,12.40999984741211,12.1899995803833,12.279999732971191,1759700
2024-06-18,12.100000381469728,12.31999969482422,12.06999969482422,12.270000457763672,1243200
2024-06-20,12.18000030517578,12.19499969482422,11.899999618530272,12.039999961853027,2034600
2024-06-21,12.510000228881836,12.529999732971191,12.119999885559082,12.220000267028809,4622600
2024-06-24,12.350000381469728,12.545000076293944,12.28499984741211,12.40999984741211,1673000
2024-06-25,12.210000038146973,12.364999771118164,12.1899995803833,12.34000015258789,1268500
2024-06-26,12.43000030517578,12.510000228881836,12.029999732971191,12.140000343322754,1528100
2024-06-27,12.6899995803833,12.81999969482422,12.40999984741211,12.470000267028809,1563100
2024-06-28,12.6899995803833,12.789999961853027,12.56999969482422,12.739999771118164,8586200
2024-07-01,12.8100004196167,12.854999542236328,12.5600004196167,12.739999771118164,1636800
2024-07-02,13.039999961853027,13.130000114440918,12.779999732971191,12.90999984741211,2108400
2024-07-03,12.739999771118164,13.06999969482422,12.739999771118164,13.039999961853027,822100
2024-07-05,12.869999885559082,13.039999961853027,12.6899995803833,12.8100004196167,1162000
2024-07-08,12.699999809265137,12.949999809265137,12.630000114440918,12.890000343322754,1363000
2024-07-09,12.31999969482422,12.65999984741211,12.199999809265137,12.65999984741211,1754700
2024-07-10,12.380000114440918,12.404999732971191,12.175000190734863,12.350000381469728,1694300
2024-07-11,12.760000228881836,12.9399995803833,12.59000015258789,12.699999809265137,1611600
2024-07-12,12.899999618530272,12.920000076293944,12.585000038146973,12.779999732971191,2247200
2024-07-15,13.40999984741211,13.46500015258789,12.890000343322754,13.0,2973900
2024-07-16,13.630000114440918,13.800000190734863,13.449999809265137,13.479999542236328,1938500
2024-07-17,13.470000267028809,13.65999984741211,13.420000076293944,13.5,2152700
2024-07-18,13.1899995803833,13.616999626159668,13.104999542236328,13.489999771118164,2277200
2024-07-19,13.09000015258789,13.350000381469728,13.0600004196167,13.260000228881836,1559400
2024-07-22,13.109999656677246,13.210000038146973,12.979999542236328,13.210000038146973,1300600
2024-07-23,13.170000076293944,13.289999961853027,13.0600004196167,13.119999885559082,1525000
2024-07-24,12.720000267028809,13.239999771118164,12.699999809265137,13.050000190734863,1767700
2024-07-25,13.239999771118164,13.515000343322754,12.8100004196167,12.869999885559082,2729800
2024-07-26,13.5,13.770000457763672,13.329999923706056,13.420000076293944,2920400
2024-07-29,13.3100004196167,13.579999923706056,13.295000076293944,13.529999732971191,2334500
2024-07-30,13.279999732971191,13.56999969482422,13.109999656677246,13.399999618530272,5088200
2024-07-31,12.5,13.55500030517578,12.40999984741211,13.5,5437600
2024-08-01,11.970000267028809,12.699999809265137,11.869999885559082,12.56999969482422,3284300
2024-08-02,11.670000076293944,11.779999732971191,11.239999771118164,11.539999961853027,2266400
2024-08-05,11.3100004196167,11.44499969482422,10.960000038146973,11.0,2675700
2024-08-06,11.149999618530272,11.359999656677246,11.135000228881836,11.350000381469728,2909300
2024-08-07,11.039999961853027,11.46500015258789,11.029999732971191,11.359999656677246,1846900
2024-08-08,11.279999732971191,11.329999923706056,11.145000457763672,11.15999984741211,2010500
2024-08-09,11.25,11.350000381469728,11.130999565124512,11.25,1964800
2024-08-12,11.15999984741211,11.34000015258789,11.130000114440918,11.25,1746600
2024-08-13,11.239999771118164,11.31999969482422,11.140000343322754,11.210000038146973,1559000
2024-08-14,11.06999969482422,11.220000267028809,10.975000381469728,11.109999656677246,2316100
2024-08-15,11.350000381469728,11.6850004196167,11.265000343322754,11.329999923706056,3123900
2024-08-16,11.479999542236328,11.494999885559082,11.25,11.300000190734863,2053500
2024-08-19,11.75,11.850000381469728,11.470000267028809,11.5,1622900
2024-08-20,12.130000114440918,12.210000038146973,11.729999542236328,11.800000190734863,5493700
2024-08-21,12.0,12.204999923706056,11.864999771118164,12.15999984741211,1314300
2024-08-22,11.59000015258789,12.170000076293944,11.5600004196167,12.010000228881836,1157800
2024-08-23,11.949999809265137,11.960000038146973,11.600000381469728,11.710000038146973,1601200
2024-08-26,12.140000343322754,12.229999542236328,11.986000061035156,12.029999732971191,1157600
2024-08-27,12.140000343322754,12.229999542236328,12.010000228881836,12.029999732971191,1263800
2024-08-28,11.630000114440918,11.920000076293944,11.55500030517578,11.899999618530272,1727900
2024-08-29,11.720000267028809,11.975000381469728,11.649999618530272,11.789999961853027,1439900
2024-08-30,11.68000030517578,11.895000457763672,11.604999542236328,11.789999961853027,1722100
2024-09-03,11.529999732971191,11.71500015258789,11.420000076293944,11.543999671936035,1882500
2024-09-04,11.550000190734863,11.630000114440918,11.350000381469728,11.4399995803833,1543500
2024-09-05,11.489999771118164,11.529999732971191,11.239999771118164,11.369999885559082,2186000
2024-09-06,11.350000381469728,11.5649995803833,11.164999961853027,11.550000190734863,2173800
2024-09-09,11.550000190734863,11.75,11.369999885559082,11.40999984741211,1614600
2024-09-10,11.229999542236328,11.43000030517578,11.050000190734863,11.43000030517578,2697900
2024-09-11,11.1899995803833,11.270000457763672,11.0600004196167,11.18000030517578,3301700
2024-09-12,11.1899995803833,11.350000381469728,11.100000381469728,11.229999542236328,1345100
2024-09-13,11.31999969482422,11.475000381469728,11.229999542236328,11.270000457763672,1821700
2024-09-16,11.119999885559082,11.4399995803833,11.100000381469728,11.350000381469728,3545000
2024-09-17,11.270000457763672,11.31999969482422,11.119999885559082,11.229999542236328,3536100
2024-09-18,11.15999984741211,11.34000015258789,11.130000114440918,11.289999961853027,4650500
2024-09-19,11.56999969482422,11.649999618530272,11.3100004196167,11.460000038146973,3362300
2024-09-20,11.329999923706056,11.470000267028809,11.239999771118164,11.369999885559082,4058900
2024-09-23,11.25,11.380000114440918,11.09000015258789,11.380000114440918,1781200
2024-09-24,11.3100004196167,11.399999618530272,11.21500015258789,11.31999969482422,5289000
2024-09-25,10.960000038146973,11.300000190734863,10.949999809265137,11.300000190734863,2473000
2024-09-26,11.039999961853027,11.170000076293944,10.890000343322754,11.100000381469728,2940200
2024-09-27,11.4399995803833,11.494999885559082,11.119999885559082,11.170000076293944,2930200
2024-09-30,11.479999542236328,11.71500015258789,11.350000381469728,11.380000114440918,2562800
2024-10-01,11.199999809265137,11.550000190734863,11.18000030517578,11.520000457763672,3303300
2024-10-02,11.010000228881836,11.260000228881836,10.970000267028809,11.199999809265137,3359200
2024-10-03,10.880000114440918,11.039999961853027,10.84000015258789,10.93000030517578,3156700
2024-10-04,11.239999771118164,11.385000228881836,10.984999656677246,11.0600004196167,2031100
2024-10-07,11.020000457763672,11.1899995803833,10.994999885559082,11.1899995803833,1957100
2024-10-08,11.039999961853027,11.220000267028809,10.970000267028809,11.039999961853027,1640500
2024-10-09,11.210000038146973,11.279999732971191,10.993000030517578,11.050000190734863,2218100
2024-10-10,11.15999984741211,11.18000030517578,10.8100004196167,11.100000381469728,2945000
2024-10-11,11.470000267028809,11.56999969482422,11.06999969482422,11.06999969482422,2540700
2024-10-14,11.390000343322754,11.510000228881836,11.25,11.510000228881836,2714500
2024-10-15,11.510000228881836,11.56999969482422,11.289999961853027,11.359999656677246,2984400
2024-10-16,11.300000190734863,11.470000267028809,11.21500015258789,11.449999809265137,2448100
2024-10-17,11.279999732971191,11.364999771118164,11.0600004196167,11.300000190734863,5545700
2024-10-18,11.300000190734863,11.40999984741211,11.145000457763672,11.300000190734863,4138100
2024-10-21,11.279999732971191,11.364999771118164,11.130000114440918,11.3100004196167,2531400
2024-10-22,11.399999618530272,11.420000076293944,11.0649995803833,11.239999771118164,2488500
2024-10-23,11.15999984741211,11.479999542236328,10.864999771118164,11.420000076293944,3457800
2024-10-24,11.600000381469728,11.779999732971191,11.3149995803833,11.329999923706056,4664200
2024-10-25,11.619999885559082,11.800000190734863,11.5600004196167,11.649999618530272,3840000
2024-10-28,11.6899995803833,11.770000457763672,11.579999923706056,11.699999809265137,2515700
2024-10-29,11.789999961853027,11.84000015258789,11.600000381469728,11.670000076293944,1906000
2024-10-30,11.869999885559082,11.984999656677246,11.729999542236328,11.729999542236328,3846400
2024-10-31,11.699999809265137,12.0,11.6899995803833,11.890000343322754,4763000
2024-11-01,12.050000190734863,12.170000076293944,11.729999542236328,11.859999656677246,3555000
2024-11-04,12.229999542236328,12.350000381469728,11.90999984741211,12.050000190734863,4461300
2024-11-05,12.4399995803833,12.484999656677246,12.15999984741211,12.199999809265137,3880500
2024-11-06,13.09000015258789,13.100000381469728,12.739999771118164,12.850000381469728,6352300
2024-11-07,16.81999969482422,16.90999984741211,15.229999542236328,15.3100004196167,16531200
2024-11-08,16.440000534057617,16.520000457763672,15.90999984741211,16.3700008392334,10459600
2024-11-11,16.510000228881836,16.65999984741211,16.264999389648438,16.59000015258789,7317700
2024-11-12,16.5,16.704999923706055,16.079999923706055,16.1200008392334,3161400
2024-11-13,16.6299991607666,17.045000076293945,16.459999084472656,16.531999588012695,5519700
2024-11-14,16.31999969482422,16.940000534057617,16.299999237060547,16.780000686645508,5242900
2024-11-15,15.729999542236328,16.389999389648438,15.585000038146973,16.34000015258789,4760100
2024-11-18,15.010000228881836,15.835000038146973,14.920000076293944,15.829999923706056,5396200
2024-11-19,14.989999771118164,15.0,14.6899995803833,14.789999961853027,6235500
2024-11-20,15.279999732971191,15.390000343322754,15.062999725341797,15.119999885559082,5605200
2024-11-21,16.540000915527344,16.56999969482422,15.369999885559082,15.5,5101600
2024-11-22,16.540000915527344,16.610000610351562,15.75,16.200000762939453,6450900
2024-11-25,16.450000762939453,16.81999969482422,16.325000762939453,16.700000762939453,4792400
2024-11-26,16.31999969482422,16.5049991607666,16.200000762939453,16.34000015258789,2964100
2024-11-27,15.829999923706056,16.360000610351562,15.800000190734863,16.260000228881836,3996100
2024-11-29,15.989999771118164,16.079999923706055,15.779999732971191,15.899999618530272,2210600
2024-12-02,16.100000381469727,16.530000686645508,16.0,16.270000457763672,4470000
2024-12-03,15.979999542236328,16.110000610351562,15.789999961853027,15.960000038146973,5377600
2024-12-04,16.350000381469727,16.725000381469727,16.110000610351562,16.575000762939453,5047700
2024-12-05,16.09000015258789,16.389999389648438,16.079999923706055,16.280000686645508,2298600
2024-12-06,16.610000610351562,16.639999389648438,16.18000030517578,16.350000381469727,2902200
2024-12-09,16.81999969482422,17.65999984741211,16.540000915527344,16.959999084472656,5701300
2024-12-10,16.40999984741211,17.149999618530273,16.325000762939453,16.739999771118164,5723400
2024-12-11,16.959999084472656,17.219999313354492,16.40999984741211,16.43000030517578,4291700
2024-12-12,16.889999389648438,16.93000030517578,16.510000228881836,16.6299991607666,2893100
2024-12-13,16.549999237060547,16.889999389648438,16.280000686645508,16.889999389648438,3449100
2024-12-16,17.020000457763672,17.06999969482422,16.389999389648438,16.510000228881836,2926400
2024-12-17,16.790000915527344,17.31999969482422,16.780000686645508,17.299999237060547,3101300
2024-12-18,15.65999984741211,16.920000076293945,15.354999542236328,16.829999923706055,5678900
2024-12-19,15.399999618530272,15.835000038146973,15.289999961853027,15.720000267028809,4591600
2024-12-20,15.329999923706056,15.550000190734863,14.960000038146973,15.0,5463300
2024-12-23,15.59000015258789,15.609999656677246,15.1899995803833,15.31999969482422,2697300
2024-12-24,15.899999618530272,16.024999618530273,15.600000381469728,15.699999809265137,1110300
2024-12-26,16.059999465942383,16.135000228881836,15.765000343322754,15.81999969482422,1743400
2024-12-27,15.9399995803833,16.1200008392334,15.710000038146973,15.96399974822998,2548800
2024-12-30,16.0,16.079999923706055,15.4399995803833,15.630000114440918,3291400
2024-12-31,16.170000076293945,16.3700008392334,15.970000267028809,16.1200008392334,3800300
2025-01-02,15.899999618530272,16.46500015258789,15.619999885559082,16.3799991607666,2828300
2025-01-03,16.06999969482422,16.149999618530273,15.720000267028809,16.110000610351562,2900300
2025-01-06,16.329999923706055,16.959999084472656,16.229999542236328,16.280000686645508,4116800
2025-01-07,16.1299991607666,16.4689998626709,15.979999542236328,16.3799991607666,2557400
2025-01-08,16.149999618530273,16.184999465942383,15.84000015258789,15.960000038146973,2465300
2025-01-10,15.59000015258789,15.869999885559082,15.28499984741211,15.800000190734863,3275400
2025-01-13,15.600000381469728,15.8100004196167,15.399999618530272,15.399999618530272,2056000
2025-01-14,16.1299991607666,16.2450008392334,15.710000038146973,15.760000228881836,2865200
2025-01-15,16.770000457763672,16.954999923706055,16.469999313354492,16.510000228881836,3439400
2025-01-16,17.459999084472656,17.600000381469727,16.959999084472656,17.0,3399400
2025-01-17,17.440000534057617,17.600000381469727,17.1299991607666,17.600000381469727,3355100
2025-01-21,17.440000534057617,17.469999313354492,16.6299991607666,16.690000534057617,4192000
2025-01-22,17.270000457763672,17.479999542236328,17.100000381469727,17.360000610351562,3071900
2025-01-23,18.040000915527344,18.049999237060547,17.06999969482422,17.1299991607666,3479400
2025-01-24,18.299999237060547,18.40999984741211,18.040000915527344,18.13800048828125,4374800
2025-01-27,17.989999771118164,19.13999938964844,17.764999389648438,17.959999084472656,6073800
2025-01-28,19.75,19.770000457763672,18.01499938964844,18.18000030517578,7873900
2025-01-29,19.299999237060547,19.614999771118164,18.729999542236328,19.600000381469727,6946100
2025-01-30,18.600000381469727,19.479999542236328,18.56999969482422,19.0,6125700
2025-01-31,18.600000381469727,19.270000457763672,18.53499984741211,19.040000915527344,4522400
2025-02-03,18.459999084472656,18.51000022888184,17.795000076293945,17.920000076293945,3940800
2025-02-04,18.489999771118164,18.54400062561035,18.270000457763672,18.5,2760800
2025-02-05,18.5,18.6200008392334,18.354999542236328,18.479999542236328,3237300
2025-02-06,18.36000061035156,18.780000686645508,18.229999542236328,18.69799995422364,3650200
2025-02-07,17.889999389648438,18.479999542236328,17.799999237060547,18.420000076293945,3071500
2025-02-10,18.299999237060547,18.565000534057617,18.239999771118164,18.299999237060547,4710600
2025-02-11,17.860000610351562,18.51000022888184,17.639999389648438,18.059999465942383,6933400
2025-02-12,17.799999237060547,18.77499961853028,16.729999542236328,18.76000022888184,10455900
2025-02-13,17.43000030517578,18.02499961853028,16.90999984741211,17.690000534057617,5166700
2025-02-14,17.049999237060547,17.65999984741211,16.81999969482422,17.479999542236328,3844700
2025-02-18,17.600000381469727,17.6200008392334,17.049999237060547,17.100000381469727,4166700
2025-02-19,17.649999618530273,17.899999618530273,17.299999237060547,17.360000610351562,4526200
2025-02-20,18.1200008392334,18.170000076293945,17.530000686645508,17.719999313354492,5459300
2025-02-21,17.309999465942383,18.020000457763672,17.030000686645508,17.969999313354492,6763400
2025-02-24,17.200000762939453,17.440000534057617,16.770000457763672,17.350000381469727,4280500
2025-02-25,17.010000228881836,17.31999969482422,16.760000228881836,17.149999618530273,2742300
2025-02-26,17.309999465942383,17.6200008392334,17.145000457763672,17.219999313354492,2481400
2025-02-27,17.06999969482422,17.690000534057617,17.06999969482422,17.489999771118164,3394700
2025-02-28,17.059999465942383,17.170000076293945,16.760000228881836,16.90999984741211,2498000
2025-03-03,16.329999923706055,17.20800018310547,16.270000457763672,17.110000610351562,2717600
2025-03-04,16.360000610351562,16.559999465942383,15.850000381469728,16.049999237060547,2501000
2025-03-05,16.6299991607666,16.809999465942383,16.31999969482422,16.31999969482422,2245000
2025-03-06,15.949999809265137,16.56999969482422,15.899999618530272,16.149999618530273,2798800
2025-03-07,15.800000190734863,16.079999923706055,15.050000190734863,15.869999885559082,2999800
2025-03-10,14.859999656677246,15.600000381469728,14.6850004196167,15.40999984741211,2825200
2025-03-11,14.84000015258789,15.1850004196167,14.59000015258789,14.710000038146973,4993700
2025-03-12,14.81999969482422,15.300000190734863,14.78499984741211,15.130000114440918,3932800
2025-03-13,14.350000381469728,14.779999732971191,14.25,14.710000038146973,2478800
2025-03-14,14.880000114440918,14.994999885559082,14.55500030517578,14.609999656677246,3147300
2025-03-17,15.220000267028809,15.375,14.710000038146973,14.850000381469728,2381600
2025-03-18,15.1899995803833,15.289999961853027,14.84000015258789,15.079999923706056,2367000
2025-03-19,15.470000267028809,15.725000381469728,15.210000038146973,15.229999542236328,1821300
2025-03-20,15.289999961853027,15.524999618530272,15.1899995803833,15.289999961853027,1294800
2025-03-21,15.539999961853027,15.59000015258789,15.015000343322754,15.0600004196167,2527700
2025-03-24,15.949999809265137,15.970000267028809,15.75,15.869999885559082,1697900
2025-03-25,16.450000762939453,16.475000381469727,15.970000267028809,16.0,2557100
2025-03-26,15.93000030517578,16.479999542236328,15.81999969482422,16.450000762939453,2260900
2025-03-27,15.15999984741211,15.850000381469728,15.135000228881836,15.81999969482422,3638900
2025-03-28,14.529999732971191,15.270000457763672,14.380000114440918,15.119999885559082,2707600
2025-03-31,14.109999656677246,14.31999969482422,13.770000457763672,14.289999961853027,4562500
2025-04-01,14.329999923706056,14.475000381469728,13.970000267028809,14.09000015258789,3007600
2025-04-02,14.59000015258789,14.71500015258789,14.079999923706056,14.130000114440918,1886500
2025-04-03,13.100000381469728,13.979999542236328,13.079999923706056,13.789999961853027,3435800
2025-04-04,12.289999961853027,12.68000030517578,11.640000343322754,12.520000457763672,6114700
2025-04-07,12.15999984741211,12.8100004196167,11.369999885559082,11.600000381469728,5160900
2025-04-08,12.079999923706056,12.8100004196167,11.885000228881836,12.760000228881836,4684300
2025-04-09,13.220000267028809,13.604999542236328,11.789999961853027,11.890000343322754,5370900
2025-04-10,12.56999969482422,13.010000228881836,12.255000114440918,12.8100004196167,3578400
2025-04-11,12.529999732971191,12.739999771118164,12.09000015258789,12.579999923706056,2258900
2025-04-14,12.68000030517578,12.9399995803833,12.484999656677246,12.789999961853027,2968200
2025-04-15,12.829999923706056,13.125,12.6899995803833,12.6899995803833,2113900
2025-04-16,12.539999961853027,12.859999656677246,12.44499969482422,12.609999656677246,2449700
2025-04-17,12.600000381469728,12.670000076293944,12.380000114440918,12.539999961853027,1919400
2025-04-21,12.06999969482422,12.5600004196167,11.829999923706056,12.399999618530272,3383400
2025-04-22,12.210000038146973,12.3100004196167,11.994999885559082,12.130000114440918,3057500
2025-04-23,12.779999732971191,13.31999969482422,12.734999656677246,12.890000343322754,2323800
2025-04-24,13.640000343322754,13.704999923706056,12.880000114440918,12.890000343322754,3916800
2025-04-25,14.06999969482422,14.130000114440918,13.479999542236328,13.539999961853027,3120800
2025-04-28,14.130000114440918,14.335000038146973,13.9350004196167,14.109999656677246,4088300
2025-04-29,14.34000015258789,14.369999885559082,14.119999885559082,14.130000114440918,5145300
2025-04-30,14.770000457763672,15.09000015258789,13.359999656677246,14.81999969482422,10664000
2025-05-01,14.479999542236328,15.239999771118164,14.470000267028809,15.100000381469728,3764400
2025-05-02,14.699999809265137,14.859999656677246,14.5,14.6899995803833,2827600
2025-05-05,14.5,14.859999656677246,14.479999542236328,14.619999885559082,2588400
2025-05-06,14.279999732971191,14.454999923706056,14.140000343322754,14.270000457763672,2650800
2025-05-07,14.220000267028809,14.404999732971191,14.03499984741211,14.300000190734863,2374200
2025-05-08,14.729999542236328,14.899999618530272,14.4399995803833,14.5,2607600
2025-05-09,14.5600004196167,14.84000015258789,14.414999961853027,14.789999961853027,2106800
2025-05-12,15.670000076293944,15.6899995803833,15.079999923706056,15.300000190734863,3239500
2025-05-13,15.979999542236328,16.114999771118164,15.699999809265137,15.729999542236328,3451700
2025-05-14,15.739999771118164,16.139999389648438,15.640000343322754,16.0,2004100
2025-05-15,15.479999542236328,15.75,15.3100004196167,15.670000076293944,1582200
2025-05-16,15.489999771118164,15.609999656677246,15.34000015258789,15.34000015258789,1863400
2025-05-19,14.850000381469728,15.279999732971191,14.835000038146973,15.234999656677246,3472100
2025-05-20,14.739999771118164,14.899999618530272,14.630000114440918,14.84000015258789,2915300
2025-05-21,14.510000228881836,14.859999656677246,14.434000015258787,14.579999923706056,2888600
2025-05-22,14.630000114440918,14.710000038146973,14.369999885559082,14.5,3629200
2025-05-23,14.420000076293944,14.545000076293944,14.239999771118164,14.260000228881836,2877200
2025-05-27,14.890000343322754,14.9350004196167,14.640000343322754,14.760000228881836,2032700
2025-05-28,15.029999732971191,15.029999732971191,14.779999732971191,14.859999656677246,1813000
2025-05-29,14.989999771118164,15.300000190734863,14.729999542236328,15.140000343322754,2125000
2025-05-30,15.270000457763672,15.460000038146973,14.800000190734863,14.970000267028809,3575600
2025-06-02,15.020000457763672,15.350000381469728,14.84000015258789,15.270000457763672,3250500
2025-06-03,15.59000015258789,15.609999656677246,15.010000228881836,15.15999984741211,1926200
2025-06-04,15.529999732971191,15.670000076293944,15.369999885559082,15.635000228881836,1692300
2025-06-05,15.609999656677246,15.869999885559082,15.489999771118164,15.619999885559082,1731100
2025-06-06,15.6899995803833,15.800000190734863,15.4399995803833,15.789999961853027,1835400
2025-06-09,15.949999809265137,16.0049991607666,15.640000343322754,15.770000457763672,2105200
2025-06-10,15.890000343322754,16.038000106811523,15.770000457763672,15.960000038146973,2409700
2025-06-11,15.630000114440918,16.049999237060547,15.625,15.970000267028809,2099200
2025-06-12,15.65999984741211,15.710000038146973,15.354999542236328,15.510000228881836,2453000
2025-06-13,14.9399995803833,15.449999809265137,14.869999885559082,15.350000381469728,2768000
2025-06-16,15.470000267028809,15.470000267028809,14.949999809265137,15.100000381469728,2181600
2025-06-17,15.31999969482422,15.539999961853027,15.25,15.539999961853027,1718800
2025-06-18,14.93000030517578,15.510000228881836,14.890000343322754,15.3100004196167,2506400
2025-06-20,14.739999771118164,15.079999923706056,14.65999984741211,15.015000343322754,3751700
2025-06-23,14.600000381469728,14.824999809265137,14.414999961853027,14.739999771118164,3178600
2025-06-24,14.869999885559082,15.005000114440918,14.770000457763672,14.850000381469728,2450200
2025-06-25,14.609999656677246,15.039999961853027,14.59000015258789,15.010000228881836,1917200
2025-06-26,14.81999969482422,14.854999542236328,14.479999542236328,14.699999809265137,1686000
2025-06-27,14.81999969482422,15.005000114440918,14.640000343322754,14.829999923706056,2620900
2025-06-30,14.90999984741211,15.0600004196167,14.824000358581545,14.9399995803833,2760700
2025-07-01,15.18000030517578,15.364999771118164,14.75,14.890000343322754,2916600
2025-07-02,14.75,15.295000076293944,14.630000114440918,15.149999618530272,2429100
2025-07-03,15.199999809265137,15.470000267028809,14.895000457763672,14.899999618530272,1798800
2025-07-07,15.0,15.220000267028809,14.925000190734863,15.020000457763672,1974800
2025-07-08,15.210000038146973,15.454999923706056,15.0,15.140000343322754,2799400
2025-07-09,15.359999656677246,15.470000267028809,15.074999809265137,15.329999923706056,2283600
2025-07-10,14.734999656677246,15.414999961853027,14.729999542236328,15.359999656677246,3914400
2025-07-11,14.050000190734863,14.649999618530272,13.989999771118164,14.5649995803833,2672800
2025-07-14,14.119999885559082,14.300000190734863,13.96500015258789,13.979999542236328,3135700
2025-07-15,13.789999961853027,14.270000457763672,13.744999885559082,14.220000267028809,17427400
2025-07-16,13.920000076293944,14.050000190734863,13.6899995803833,13.949999809265137,4707600
2025-07-17,14.1899995803833,14.234999656677246,13.890000343322754,13.890000343322754,3700100
2025-07-18,14.619999885559082,14.6899995803833,14.199999809265137,14.380000114440918,3411100
2025-07-21,14.770000457763672,14.854999542236328,14.595000267028809,14.729999542236328,3255100
2025-07-22,14.739999771118164,15.05500030517578,14.69499969482422,14.84000015258789,3447900
2025-07-23,14.489999771118164,14.739999771118164,13.890000343322754,14.699999809265137,5369200
2025-07-24,14.260000228881836,14.43000030517578,13.920000076293944,14.289999961853027,3675800
2025-07-25,14.1899995803833,14.1899995803833,13.920000076293944,14.010000228881836,5615100
2025-07-28,14.0,14.364999771118164,13.970000267028809,14.300000190734863,5435100
2025-07-29,13.90999984741211,14.170000076293944,13.68000030517578,14.170000076293944,11540300
2025-07-30,13.56999969482422,14.289999961853027,13.270000457763672,14.25,10467400
2025-07-31,12.989999771118164,13.68000030517578,12.925000190734863,13.604999542236328,8943400
2025-08-01,12.68000030517578,12.8149995803833,12.40999984741211,12.734999656677246,7738200
2025-08-04,12.989999771118164,13.164999961853027,12.829999923706056,12.920000076293944,5952800
2025-08-05,13.460000038146973,13.579999923706056,12.854999542236328,13.06999969482422,7029300
2025-08-06,13.31999969482422,13.630000114440918,13.1899995803833,13.539999961853027,4851500
2025-08-07,12.949999809265137,13.56999969482422,12.59000015258789,13.56999969482422,5291000
2025-08-08,12.630000114440918,13.140000343322754,12.600000381469728,12.989999771118164,4463800
2025-08-11,12.300000190734863,12.850000381469728,12.289999961853027,12.479999542236328,4564900
2025-08-12,12.5600004196167,12.68000030517578,12.329999923706056,12.34000015258789,7393700
2025-08-13,13.270000457763672,13.279999732971191,12.510000228881836,12.65999984741211,7350600
2025-08-14,12.960000038146973,13.095000267028809,12.899999618530272,13.039999961853027,6067300
2025-08-15,13.079999923706056,13.31999969482422,13.005000114440918,13.06999969482422,4378300
2025-08-18,13.369999885559082,13.380000114440918,12.979999542236328,13.100000381469728,5402200
2025-08-19,13.279999732971191,13.574999809265137,13.18000030517578,13.449999809265137,2984300
2025-08-20,13.109999656677246,13.300000190734863,12.989999771118164,13.210000038146973,3206900
2025-08-21,13.199999809265137,13.359999656677246,12.920000076293944,13.020000457763672,3384600
2025-08-22,13.970000267028809,14.0600004196167,13.199999809265137,13.199999809265137,6069600
2025-08-25,13.56999969482422,13.960000038146973,13.475000381469728,13.90999984741211,3329700
2025-08-26,13.18000030517578,13.59000015258789,13.15999984741211,13.56999969482422,3251700
2025-08-27,13.609999656677246,13.649999618530272,13.270000457763672,13.270000457763672,3181900
2025-08-28,13.529999732971191,13.8100004196167,13.520000457763672,13.6899995803833,2608700
2025-08-29,13.470000267028809,13.729999542236328,13.4399995803833,13.65999984741211,2205900
2025-09-02,13.15999984741211,13.354999542236328,13.0,13.255000114440918,4049400
2025-09-03,13.09000015258789,13.260000228881836,12.9399995803833,13.119999885559082,2954200
2025-09-04,13.010000228881836,13.17099952697754,12.699999809265137,13.17099952697754,2721500
2025-09-05,12.84000015258789,13.364999771118164,12.800000190734863,13.15999984741211,4706300
2025-09-08,13.140000343322754,13.199999809265137,12.8100004196167,12.920000076293944,3938400
2025-09-09,13.279999732971191,13.34000015258789,13.050000190734863,13.119999885559082,3294300
2025-09-10,13.0,13.329999923706056,12.93000030517578,13.300000190734863,3640200
2025-09-11,12.90999984741211,13.484999656677246,12.5649995803833,13.09000015258789,9947500
2025-09-12,12.449999809265137,13.04800033569336,12.359999656677246,12.989999771118164,4181600
2025-09-15,12.5600004196167,12.770000457763672,12.460000038146973,12.5,3501100
2025-09-16,12.5600004196167,12.56999969482422,12.333999633789062,12.539999961853027,2785200
2025-09-17,12.720000267028809,13.05500030517578,12.470000267028809,12.510000228881836,3743700
2025-09-18,13.170000076293944,13.265000343322754,12.8100004196167,12.84000015258789,5107000
2025-09-19,12.890000343322754,13.239999771118164,12.869999885559082,13.239999771118164,5443800
2025-09-22,13.100000381469728,13.244999885559082,12.800000190734863,12.899999618530272,3028000
2025-09-23,12.829999923706056,13.100000381469728,12.789999961853027,13.100000381469728,2130600
2025-09-24,12.770000457763672,12.989999771118164,12.630000114440918,12.880000114440918,3487900
2025-09-25,12.4399995803833,12.670000076293944,12.414999961853027,12.670000076293944,2199700
2025-09-26,12.479999542236328,12.550000190734863,12.31999969482422,12.4399995803833,3422800
2025-09-29,12.359999656677246,12.59000015258789,12.34000015258789,12.579999923706056,2739600
2025-09-30,11.770000457763672,12.418999671936035,11.710000038146973,12.40999984741211,4701800
2025-10-01,11.470000267028809,11.899999618530272,11.420000076293944,11.65999984741211,4568300
2025-10-02,11.520000457763672,11.574999809265137,11.399999618530272,11.529999732971191,3428400
2025-10-03,11.31999969482422,11.692999839782717,11.289999961853027,11.579999923706056,3743700
2025-10-06,11.3100004196167,11.619999885559082,11.15999984741211,11.449999809265137,3834600
2025-10-07,11.18000030517578,11.350000381469728,10.979999542236328,11.31999969482422,4809300
2025-10-08,11.18000030517578,11.329999923706056,11.109999656677246,11.329999923706056,3353700
2025-10-09,11.399999618530272,11.40999984741211,11.050999641418455,11.149999618530272,3472400
2025-10-10,11.109999656677246,11.59000015258789,10.970000267028809,11.529999732971191,3321900
2025-10-13,11.25,11.416000366210938,11.020000457763672,11.289999961853027,2389900
2025-10-14,11.109999656677246,11.18000030517578,10.979999542236328,11.06999969482422,4465100
2025-10-15,11.06999969482422,11.380000114440918,10.960000038146973,11.380000114440918,2753200
2025-10-16,10.899999618530272,11.279999732971191,10.84000015258789,11.15999984741211,2855700
2025-10-17,10.880000114440918,10.949999809265137,10.760000228881836,10.800000190734863,2040000
2025-10-20,11.220000267028809,11.279999732971191,10.925000190734863,10.960000038146973,3089500
2025-10-21,11.510000228881836,11.609999656677246,11.100000381469728,11.149999618530272,2713900
2025-10-22,11.385000228881836,11.557000160217283,11.369999885559082,11.489999771118164,2892400
2025-10-23,11.420000076293944,11.489999771118164,11.295000076293944,11.300000190734863,2636000
2025-10-24,11.390000343322754,11.65999984741211,11.359999656677246,11.529999732971191,2872000
2025-10-27,11.380000114440918,11.600000381469728,11.380000114440918,11.520000457763672,2583700
2025-10-28,11.300000190734863,11.4350004196167,11.270000457763672,11.369999885559082,2331400
2025-10-29,10.949999809265137,11.239999771118164,10.90999984741211,11.220000267028809,2763700
2025-10-30,10.93000030517578,11.1899995803833,10.850000381469728,10.899999618530272,2831900
2025-10-31,11.100000381469728,11.199999809265137,10.890000343322754,10.920000076293944,2719600
2025-11-03,11.18000030517578,11.31999969482422,10.960000038146973,11.260000228881836,3959300
2025-11-04,10.920000076293944,11.085000038146973,10.78499984741211,10.949999809265137,4078200
2025-11-05,11.0600004196167,11.208000183105469,10.93000030517578,10.9399995803833,8422900
2025-11-06,10.850000381469728,11.30799961090088,10.510000228881836,11.251999855041504,9957000
2025-11-07,11.1899995803833,11.210000038146973,10.65999984741211,10.720000267028809,5150000
2025-11-10,11.329999923706056,11.40999984741211,11.029999732971191,11.1899995803833,3666400
2025-11-11,11.640000343322754,11.656000137329102,11.315999984741213,11.359999656677246,3759300
2025-11-12,11.640000343322754,11.720000267028809,11.470000267028809,11.6899995803833,4771800
2025-11-13,11.90999984741211,12.260000228881836,11.81999969482422,12.010000228881836,6682300
2025-11-14,12.109999656677246,12.239999771118164,11.600000381469728,11.710000038146973,6456300
2025-11-17,11.779999732971191,12.130000114440918,11.59000015258789,12.039999961853027,4960100
2025-11-18,11.880000114440918,11.895000457763672,11.420000076293944,11.68000030517578,4166100
2025-11-19,11.800000190734863,11.899999618530272,11.614999771118164,11.829999923706056,3580500
2025-11-20,11.649999618530272,12.21500015258789,11.640000343322754,11.960000038146973,3908000
2025-11-21,11.850000381469728,12.027999877929688,11.449999809265137,11.5649995803833,4479300
2025-11-24,12.0600004196167,12.279999732971191,12.005000114440918,12.109999656677246,4666300
2025-11-25,12.350000381469728,12.43000030517578,12.039999961853027,12.1850004196167,3521200
2025-11-26,12.010000228881836,12.329999923706056,11.880000114440918,12.31999969482422,3701900
2025-11-28,12.140000343322754,12.1850004196167,12.039999961853027,12.0600004196167,1709600
2025-12-01,11.850000381469728,12.145000457763672,11.84000015258789,12.020000457763672,3279700
2025-12-02,12.220000267028809,12.220000267028809,11.770000457763672,11.90999984741211,4989100
2025-12-03,12.449999809265137,12.609999656677246,12.0649995803833,12.140000343322754,3988300
2025-12-04,12.600000381469728,12.619999885559082,12.329999923706056,12.539999961853027,3343700
2025-12-05,12.84000015258789,13.012999534606934,12.51099967956543,12.600000381469728,2941600
2025-12-08,12.829999923706056,12.989999771118164,12.704999923706056,12.81999969482422,3833800
2025-12-09,13.050000190734863,13.175000190734863,12.779999732971191,12.81999969482422,2955300
2025-12-10,13.4399995803833,13.609999656677246,13.010000228881836,13.039999961853027,3441400
2025-12-11,13.119999885559082,13.515000343322754,13.079999923706056,13.390000343322754,3366000
2025-12-12,13.149999618530272,13.279999732971191,12.95400047302246,13.109999656677246,3600800
2025-12-15,12.470000267028809,13.3100004196167,12.43000030517578,13.300000190734863,4120800
2025-12-16,12.470000267028809,12.5649995803833,12.300000190734863,12.399999618530272,3922800
2025-12-17,12.390000343322754,12.579999923706056,12.300000190734863,12.475000381469728,4850300
2025-12-18,12.59000015258789,12.920000076293944,12.4399995803833,12.4399995803833,3186100
2025-12-19,12.529999732971191,12.699999809265137,12.420000076293944,12.550000190734863,4172400
2025-12-22,12.609999656677246,12.755000114440918,12.484999656677246,12.489999771118164,1890500
2025-12-23,12.31999969482422,12.539999961853027,12.109999656677246,12.510000228881836,2463300
2025-12-24,12.300000190734863,12.354999542236328,12.244999885559082,12.31999969482422,1060300
2025-12-26,12.399999618530272,12.414999961853027,12.279999732971191,12.350000381469728,1570600
2025-12-29,12.359999656677246,12.449999809265137,12.289999961853027,12.329999923706056,1946400
2025-12-30,12.329999923706056,12.475000381469728,12.300000190734863,12.34000015258789,1954400
2025-12-31,12.25,12.420000076293944,12.220000267028809,12.289999961853027,2307400
2026-01-02,11.600000381469728,12.350000381469728,11.475000381469728,12.260000228881836,3352500
2026-01-05,11.619999885559082,11.899999618530272,11.460000038146973,11.585000038146973,2955500
2026-01-06,11.770000457763672,11.779999732971191,11.470000267028809,11.609999656677246,3078300
2026-01-07,11.93000030517578,11.949999809265137,11.739999771118164,11.789999961853027,4467300
2026-01-08,11.739999771118164,11.909000396728516,11.520000457763672,11.850000381469728,3499800
2026-01-09,12.239999771118164,12.354999542236328,11.779999732971191,11.8100004196167,4970200
2026-01-12,12.100000381469728,12.274999618530272,12.039999961853027,12.1899995803833,5578700
2026-01-13,11.6899995803833,12.109999656677246,11.585000038146973,12.09000015258789,4553600
2026-01-14,11.449999809265137,11.824999809265137,11.385000228881836,11.649999618530272,3977600
2026-01-15,11.34000015258789,11.595999717712402,11.279999732971191,11.55500030517578,3605700
2026-01-16,11.09000015258789,11.369999885559082,10.9399995803833,11.369999885559082,5394700
2026-01-20,10.9399995803833,11.18000030517578,10.760000228881836,10.850000381469728,4111800
2026-01-21,11.119999885559082,11.164999961853027,10.90999984741211,10.9399995803833,4643200
2026-01-22,11.779999732971191,11.859999656677246,11.119999885559082,11.1850004196167,4633500
2026-01-23,11.84000015258789,11.949999809265137,11.710000038146973,11.779999732971191,3792000
2026-01-26,12.05500030517578,12.270000457763672,11.824999809265137,11.880000114440918,3457400
2026-01-27,11.59000015258789,12.100000381469728,11.4399995803833,12.079999923706056,3287900
2026-01-28,11.399999618530272,11.760000228881836,11.32800006866455,11.739999771118164,3050300
2026-01-29,10.640000343322754,11.029999732971191,10.454999923706056,11.0,5715700
2026-01-30,10.779999732971191,10.864999771118164,10.513999938964844,10.59000015258789,4682000
2026-02-02,10.65999984741211,10.94499969482422,10.609999656677246,10.800000190734863,4608900
2026-02-03,9.529999732971191,10.270000457763672,9.449999809265137,10.210000038146973,7890800
2026-02-04,9.470000267028809,9.630000114440918,9.03499984741211,9.25,7733000
2026-02-05,8.75,9.670000076293944,8.734999656677246,9.390000343322754,8699000
2026-02-06,8.920000076293945,9.130000114440918,8.579999923706055,8.890000343322754,6819100
2026-02-09,8.630000114440918,8.829999923706055,8.449999809265137,8.829999923706055,9258100
2026-02-10,8.729999542236328,9.140000343322754,8.65999984741211,8.75,13117300
2026-02-11,7.300000190734863,7.889999866485596,7.0,7.889999866485596,24405700
2026-02-12,7.039999961853027,7.550000190734863,6.789999961853027,7.369999885559082,12860900
2026-02-13,7.239999771118164,7.380000114440918,7.090000152587891,7.21999979019165,7562200
2026-02-17,7.289999961853027,7.485000133514404,7.085000038146973,7.239999771118164,5867800
2026-02-18,7.420000076293945,7.559000015258789,7.203999996185303,7.329999923706055,7029600
2026-02-19,7.630000114440918,7.644999980926514,7.309999942779541,7.420000076293945,6763200
2026-02-20,7.460000038146973,7.800000190734863,7.335000038146973,7.590000152587891,5094200
2026-02-23,6.880000114440918,7.179999828338623,6.800000190734863,7.135000228881836,6876800
2026-02-24,7.159999847412109,7.260000228881836,6.820000171661377,6.909999847412109,5862900
2026-02-25,7.28000020980835,7.369999885559082,6.960000038146973,7.159999847412109,4515200
2026-02-26,7.960000038146973,7.989999771118164,7.610000133514404,7.715000152587891,8186300
2026-02-27,7.820000171661377,7.889999866485596,7.579999923706055,7.690000057220459,6687500
2026-03-02,8.079999923706055,8.180000305175781,7.579999923706055,7.591000080108643,7367200
2026-03-03,8.300000190734863,8.430000305175781,7.913000106811523,7.920000076293945,5640400
2026-03-04,8.470000267028809,8.6850004196167,8.321999549865723,8.6850004196167,4938200
2026-03-05,8.619999885559082,8.704999923706055,8.420000076293945,8.510000228881836,6429300
2026-03-06,8.630000114440918,8.79800033569336,8.380000114440918,8.739999771118164,5081800
2026-03-09,8.390000343322754,8.545000076293945,8.295000076293945,8.5,6483800
2026-03-10,8.0,8.430000305175781,7.965000152587891,8.369999885559082,8144200
2026-03-11,8.0,8.255000114440918,7.929999828338623,8.0600004196167,6153800
2026-03-12,7.949999809265137,8.210000038146973,7.925000190734863,7.980000019073486,6139900
2026-03-13,8.130000114440918,8.300000190734863,7.960000038146973,8.020000457763672,5275300
2026-03-16,8.154999732971191,8.338000297546387,8.125,8.229999542236328,4949700
2026-03-17,8.010000228881836,8.369999885559082,7.980000019073486,8.15999984741211,4383500
2026-03-18,8.020000457763672,8.079999923706055,7.808000087738037,7.909999847412109,3511900
2026-03-19,8.100000381469727,8.180000305175781,7.84499979019165,7.84499979019165,4458100
2026-03-20,8.029999732971191,8.154999732971191,7.909999847412109,7.989999771118164,11505100
2026-03-23,8.170000076293945,8.295000076293945,7.989999771118164,8.1899995803833,5255500
2026-03-24,7.949999809265137,8.104999542236328,7.824999809265137,8.104999542236328,5670500
2026-03-25,7.920000076293945,8.210000038146973,7.78000020980835,8.100000381469727,4566000
2026-03-26,8.010000228881836,8.180000305175781,7.869999885559082,7.880000114440918,3304600
2026-03-27,7.869999885559082,8.029999732971191,7.829999923706055,7.914999961853027,4459300
2026-03-30,8.039999961853027,8.239999771118164,7.900000095367432,7.900000095367432,4926900
2026-03-31,8.029999732971191,8.1850004196167,8.001999855041504,8.114999771118164,4554900
2026-04-01,8.069999694824219,8.1899995803833,7.849999904632568,8.114999771118164,5116300
2026-04-02,8.319999694824219,8.350000381469727,7.974999904632568,8.020000457763672,4447200
2026-04-06,8.25,8.40999984741211,8.225000381469727,8.3100004196167,3506900
2026-04-07,8.130000114440918,8.354999542236328,8.130000114440918,8.274999618530273,3304600
2026-04-08,8.039999961853027,8.510000228881836,7.989999771118164,8.470000267028809,5756900
2026-04-09,7.940000057220459,8.050000190734863,7.769999980926514,8.029999732971191,8602600
2026-04-10,7.550000190734863,7.96999979019165,7.513000011444092,7.880000114440918,7024600
2026-04-13,7.889999866485596,7.900000095367432,7.519999980926514,7.550000190734863,8626600
2026-04-14,7.820000171661377,8.109999656677246,7.739999771118164,7.949999809265137,10156900
2026-04-15,8.260000228881836,8.289999961853027,7.914999961853027,7.960000038146973,7663400
2026-04-16,8.420000076293945,8.600000381469727,8.295000076293945,8.449999809265137,9295000
2026-04-17,8.539999961853027,8.65999984741211,8.390000343322754,8.600000381469727,20545800
2026-04-20,8.779999732971191,8.890000343322754,8.520000457763672,8.520000457763672,18223800
2026-04-21,8.829999923706055,9.1850004196167,8.770000457763672,8.795000076293945,26732000
2026-04-22,8.90999984741211,8.994999885559082,8.770000457763672,8.9399995803833,23656900
2026-04-23,8.260000228881836,8.609999656677246,8.039999961853027,8.531999588012695,12127400
2026-04-24,8.460000038146973,8.520000457763672,8.274999618530273,8.300000190734863,5746800
2026-04-27,8.34000015258789,8.545000076293945,8.329999923706055,8.40999984741211,6129300
2026-04-28,8.289999961853027,8.6899995803833,8.25,8.460000038146973,5277000
2026-04-29,8.25,8.270000457763672,8.079999923706055,8.170000076293945,6507400
2026-04-30,8.15999984741211,8.199999809265137,7.980000019073486,8.130000114440918,6166600
2026-05-01,8.75,8.800000190734863,8.380000114440918,8.470000267028809,7181000
2026-05-04,8.979999542236328,9.079999923706056,8.680000305175781,8.729999542236328,7169300
2026-05-05,9.1899995803833,9.225000381469728,8.645000457763672,8.975000381469727,11048100
2026-05-06,8.890000343322754,9.0,7.610000133514404,7.610000133514404,21207000
2026-05-07,9.029999732971191,9.399999618530272,8.954999923706055,9.149999618530272,10571900
2026-05-08,8.829999923706055,8.920000076293945,8.539999961853027,8.890000343322754,9173100
2026-05-11,8.609999656677246,8.904999732971191,8.484999656677246,8.770000457763672,12920400
2026-05-12,8.5,8.789999961853027,8.449999809265137,8.739999771118164,9814600
2026-05-13,8.199999809265137,8.40999984741211,8.0649995803833,8.300000190734863,11487900
2026-05-14,8.420000076293945,8.430000305175781,7.929999828338623,8.210000038146973,15580200
2026-05-15,8.960000038146973,9.024999618530272,8.399999618530273,8.399999618530273,12168600
2026-05-18,9.050000190734863,9.170000076293944,8.850000381469727,8.90999984741211,12232800
2026-05-19,9.119999885559082,9.609999656677246,9.0600004196167,9.25,16188900
2026-05-20,9.199999809265137,9.239999771118164,8.84000015258789,9.010000228881836,11697700
2026-05-21,9.06999969482422,9.140000343322754,8.930000305175781,9.119999885559082,6509800
2026-05-22,9.079999923706056,9.274999618530272,8.979999542236328,9.130000114440918,8279300
2026-05-26,9.039999961853027,9.149999618530272,8.960000038146973,9.0,9023000
2026-05-27,8.979999542236328,9.1899995803833,8.930000305175781,8.979999542236328,11940700
2026-05-28,9.0,9.1899995803833,8.930000305175781,9.100000381469728,9670400
2026-05-29,9.710000038146973,9.760000228881836,9.09000015258789,9.109999656677246,14039500
2026-06-01,10.68000030517578,10.6899995803833,9.859999656677246,9.970000267028809,19063800
2026-06-02,10.15999984741211,10.31999969482422,9.880000114440918,10.119999885559082,10159900
2026-06-03,9.550000190734863,10.128999710083008,9.472999572753906,10.029999732971191,7967400
2026-06-04,9.59000015258789,9.880000114440918,9.539999961853027,9.760000228881836,9898900
2026-06-05,9.449999809265137,9.734999656677246,9.30500030517578,9.670000076293944,6502200
2026-06-08,9.40999984741211,9.520000457763672,9.300000190734863,9.484999656677246,5647000
2026-06-09,9.380000114440918,9.53499984741211,9.074999809265137,9.300000190734863,13276700
2026-06-10,9.390000343322754,9.619999885559082,9.119999885559082,9.289999961853027,27788300
2026-06-11,9.220000267028809,9.345000267028809,8.975000381469727,9.15999984741211,18846400
2026-06-12,9.44499969482422,9.494999885559082,8.979999542236328,9.15999984741211,9403100
2026-06-15,9.510000228881836,9.720000267028809,9.359999656677246,9.40999984741211,16654900
2026-06-16,9.5,9.75,9.385000228881836,9.510000228881836,18217700
2026-06-17,8.979999542236328,9.550999641418455,8.96500015258789,9.359999656677246,28322900
2026-06-18,8.859999656677246,8.975000381469727,8.619999885559082,8.911999702453613,22194200
2026-06-22,8.930000305175781,9.0600004196167,8.619999885559082,8.619999885559082,33162600
2026-06-23,9.1899995803833,9.289999961853027,8.994999885559082,9.079999923706056,24326800
2026-06-24,9.369999885559082,9.704999923706056,9.114999771118164,9.199999809265137,34688600
2026-06-25,9.170000076293944,9.494999885559082,9.130000114440918,9.270000457763672,34076400
2026-06-26,9.850000381469728,9.899999618530272,9.25,9.25,44262500
2026-06-29,10.210000038146973,10.23799991607666,9.9399995803833,10.020000457763672,54568700
2026-06-30,10.119999885559082,10.255000114440918,10.0,10.09000015258789,29603200
2026-07-01,10.40999984741211,10.630000114440918,10.300000190734863,10.399999618530272,36475700
2026-07-02,10.34000015258789,10.5600004196167,10.260000228881836,10.399999618530272,26579100
2026-07-06,10.170000076293944,10.454999923706056,10.06999969482422,10.15999984741211,14470100
2026-07-07,10.380000114440918,10.817999839782717,10.25,10.510000228881836,21170000
2026-07-08,10.170000076293944,10.335000038146973,10.010000228881836,10.154999732971191,41164200
2026-07-09,10.399999618530272,10.420000076293944,9.751999855041504,9.751999855041504,26346500
2026-07-10,10.359999656677246,10.69499969482422,10.09000015258789,10.670000076293944,20238600
2026-07-13,10.829999923706056,11.005000114440918,10.4350004196167,10.489999771118164,14065700
2026-07-14,10.470000267028809,10.864999771118164,10.31999969482422,10.43000030517578,10286300
2026-07-15,10.609999656677246,10.895000457763672,10.5649995803833,10.619999885559082,15482800
2026-07-16,10.949999809265137,11.039999961853027,10.494999885559082,10.770000457763672,15573700
2026-07-17,10.890000343322754,11.05500030517578,10.720000267028809,10.789999961853027,14934300
2026-07-20,11.050000190734863,11.21500015258789,10.630000114440918,10.779999732971191,22379300
2026-07-21,10.6899995803833,11.09000015258789,10.579999923706056,10.760000228881836,17871000
2026-07-22,10.0600004196167,10.675000190734863,9.895000457763672,10.675000190734863,15651900
2026-07-23,9.770000457763672,10.350000381469728,9.765000343322754,10.270000457763672,9065000
2026-07-24,10.270000457763672,10.350000381469728,9.970000267028809,9.970000267028809,18595800
2026-07-27,10.81999969482422,11.114999771118164,10.529999732971191,10.5600004196167,12078700
2026-07-28,11.18000030517578,11.295000076293944,10.829999923706056,10.84000015258789,9330900
2026-07-29,11.609999656677246,11.739999771118164,10.890000343322754,10.890000343322754,13599000
2026-07-30,11.260000228881836,11.380000114440918,10.875,11.300000190734863,11356400
2026-07-31,11.354999542236328,11.454999923706056,11.0600004196167,11.09000015258789,9360400
2026-08-03,11.770000457763672,12.06999969482422,11.704999923706056,11.75,7631100
2026-08-04,12.039999961853027,12.114999771118164,11.550000190734863,11.56999969482422,8398900
2026-08-05,11.520000457763672,12.199999809265137,11.479999542236328,11.800000190734863,9865800
2026-08-06,11.59000015258789,11.6850004196167,10.871999740600586,11.130000114440918,8041700
2026-08-07,11.84000015258789,12.020000457763672,11.654999732971191,11.84000015258789,6715300
2026-08-10,11.979999542236328,12.039999961853027,11.529999732971191,11.579999923706056,6165800
2026-08-11,11.970000267028809,12.074999809265137,11.75,11.75,6453400
2026-08-12,11.645000457763672,11.869999885559082,11.5600004196167,11.675000190734863,4860500
2026-08-13,12.68000030517578,12.800000190734863,11.63700008392334,11.770000457763672,9891300
2026-08-14,12.65999984741211,12.75,12.350000381469728,12.729999542236328,11011300
2026-08-17,12.329999923706056,12.5600004196167,12.18000030517578,12.43000030517578,8913600
2026-08-18,12.729999542236328,13.010000228881836,12.442999839782717,12.479999542236328,9100300
2026-08-19,13.06999969482422,13.255000114440918,12.68000030517578,12.720000267028809,6127700
2026-08-20,13.010000228881836,13.130000114440918,12.859999656677246,13.029999732971191,3139800
2026-08-21,12.979999542236328,13.135000228881836,12.739999771118164,13.029999732971191,4271800
2026-08-24,13.1899995803833,13.274999618530272,12.859999656677246,12.949999809265137,4275800
2026-08-25,12.859999656677246,13.229999542236328,12.774999618530272,13.0600004196167,3312600
2026-08-26,12.90999984741211,12.979999542236328,12.56999969482422,12.600000381469728,2826600
2026-08-27,13.6899995803833,13.699999809265137,13.140000343322754,13.229999542236328,5956300
2026-08-28,13.859999656677246,13.989999771118164,13.56999969482422,13.56999969482422,4010100
2026-08-31,13.920000076293944,13.954999923706056,13.614999771118164,13.710000038146973,4367900
2026-09-01,13.460000038146973,13.9399995803833,13.404999732971191,13.779999732971191,3729900
2026-09-02,13.1899995803833,13.470000267028809,13.170000076293944,13.399999618530272,2921800
2026-09-03,13.359999656677246,13.675000190734863,13.3100004196167,13.529999732971191,3522600
2026-09-04,12.729999542236328,13.109999656677246,12.609999656677246,13.01200008392334,3601700
2026-09-08,12.100000381469727,12.600000381469727,12.005000114440918,12.600000381469727,4682100
2026-09-09,11.930000305175781,12.119999885559082,11.859999656677246,12.09000015258789,3131000
2026-09-10,11.869999885559082,11.930000305175781,11.704000473022461,11.899999618530273,4997392
