Date,Close,High,Low,Open,Volume
2016-09-28,63.5099983215332,64.5,63.27999877929688,64.5,1516100
2016-09-29,60.9900016784668,63.130001068115234,60.93999862670898,62.77999877929688,3583200
2016-09-30,60.97999954223633,61.40999984741211,60.16999816894531,60.959999084472656,2821900
2016-10-03,60.29999923706055,61.22999954223633,60.15999984741211,60.91999816894531,1509100
2016-10-04,59.38999938964844,60.2400016784668,59.04999923706055,60.150001525878906,3362000
2016-10-05,59.18999862670898,62.43000030517578,58.869998931884766,59.459999084472656,4592300
2016-10-06,58.52000045776367,59.380001068115234,58.459999084472656,59.310001373291016,2365800
2016-10-07,58.290000915527344,59.0,57.93000030517578,58.5099983215332,2650300
2016-10-10,57.810001373291016,59.09000015258789,57.77000045776367,58.58000183105469,1261500
2016-10-11,56.7599983215332,58.040000915527344,56.59999847412109,57.7400016784668,2488300
2016-10-12,57.150001525878906,57.65999984741211,56.7599983215332,57.02999877929688,1780500
2016-10-13,57.59999847412109,58.220001220703125,56.470001220703125,56.790000915527344,2375900
2016-10-14,56.619998931884766,57.970001220703125,56.43000030517578,57.70000076293945,1962600
2016-10-17,54.880001068115234,56.18999862670898,54.869998931884766,55.83000183105469,2125400
2016-10-18,56.29999923706055,56.790000915527344,55.119998931884766,55.5,3257300
2016-10-19,58.58000183105469,58.869998931884766,56.380001068115234,56.380001068115234,5420900
2016-10-20,57.77000045776367,58.880001068115234,57.5,58.27000045776367,2975300
2016-10-21,57.0,57.59999847412109,56.41999816894531,57.18999862670898,2891700
2016-10-24,56.20000076293945,57.33000183105469,56.150001525878906,56.90999984741211,1880000
2016-10-25,55.11000061035156,56.27000045776367,54.0,54.4900016784668,3377200
2016-10-26,57.0099983215332,57.869998931884766,55.18999862670898,55.22999954223633,3153400
2016-10-27,57.220001220703125,57.459999084472656,56.5099983215332,57.02999877929688,2411900
2016-10-28,58.400001525878906,59.0,57.25,57.45000076293945,2589700
2016-10-31,57.25,58.5,57.13999938964844,58.36000061035156,1821800
2016-11-01,57.310001373291016,57.650001525878906,56.630001068115234,57.34000015258789,1397500
2016-11-02,57.400001525878906,58.29999923706055,56.93000030517578,57.27999877929688,1849700
2016-11-03,55.11000061035156,57.869998931884766,55.02000045776367,57.72999954223633,1994000
2016-11-04,55.84000015258789,56.52999877929688,55.18999862670898,55.369998931884766,1534200
2016-11-07,55.70000076293945,56.84999847412109,55.41999816894531,56.59000015258789,2171100
2016-11-08,56.970001220703125,57.27999877929688,55.52000045776367,55.83000183105469,1792800
2016-11-09,57.790000915527344,58.06999969482422,54.650001525878906,55.619998931884766,1641400
2016-11-10,57.060001373291016,58.84999847412109,56.4900016784668,58.38999938964844,1664000
2016-11-11,57.84000015258789,57.91999816894531,56.83000183105469,57.06999969482422,980000
2016-11-14,57.83000183105469,58.52000045776367,57.34999847412109,58.060001373291016,1288800
2016-11-15,56.810001373291016,58.459999084472656,56.52999877929688,58.119998931884766,1816100
2016-11-16,56.66999816894531,56.75,55.130001068115234,55.29999923706055,1834300
2016-11-17,57.540000915527344,57.880001068115234,56.31999969482422,56.5099983215332,1197900
2016-11-18,54.61000061035156,57.86000061035156,54.5,57.56999969482422,3072700
2016-11-21,55.79999923706055,56.2599983215332,54.83000183105469,54.970001220703125,2404200
2016-11-22,58.2400016784668,58.41999816894531,55.59999847412109,55.900001525878906,2799800
2016-11-23,57.90999984741211,58.97999954223633,57.5,57.90999984741211,1301500
2016-11-25,57.9900016784668,58.560001373291016,57.709999084472656,58.43999862670898,483000
2016-11-28,57.209999084472656,58.09000015258789,56.59999847412109,57.70000076293945,1522200
2016-11-29,58.31999969482422,58.75,57.09000015258789,57.47999954223633,2857700
2016-11-30,56.9900016784668,59.47999954223633,56.91999816894531,58.47999954223633,1986600
2016-12-01,56.52999877929688,58.08000183105469,56.45000076293945,56.7599983215332,1524900
2016-12-02,55.310001373291016,56.45000076293945,54.27000045776367,54.75,2691900
2016-12-05,57.119998931884766,57.9900016784668,55.650001525878906,55.65999984741211,4914000
2016-12-06,57.2400016784668,58.34000015258789,56.72999954223633,57.619998931884766,2262100
2016-12-07,59.84000015258789,60.119998931884766,57.45000076293945,57.52000045776367,7165100
2016-12-08,68.83999633789062,72.69999694824219,68.72000122070312,70.51000213623047,16476000
2016-12-09,69.30000305175781,69.70999908447266,68.25,68.83999633789062,3597000
2016-12-12,69.70999908447266,70.02999877929688,68.75,69.37000274658203,2339800
2016-12-13,68.4800033569336,70.73999786376953,68.41999816894531,69.88999938964844,2492400
2016-12-14,68.63999938964844,69.20999908447266,68.01000213623047,68.08999633789062,1725200
2016-12-15,67.30999755859375,69.0,66.91999816894531,69.0,1679200
2016-12-16,66.41999816894531,67.69999694824219,65.86000061035156,67.18000030517578,2483900
2016-12-19,66.69999694824219,67.44000244140625,65.75,66.0,1393300
2016-12-20,67.58999633789062,68.0,66.47000122070312,66.61000061035156,1268300
2016-12-21,66.97000122070312,67.88999938964844,66.54000091552734,67.23999786376953,1132700
2016-12-22,64.58000183105469,66.94000244140625,64.41999816894531,66.66000366210938,2005100
2016-12-23,64.41000366210938,65.37000274658203,64.19999694824219,64.61000061035156,793600
2016-12-27,64.44000244140625,65.0199966430664,64.16999816894531,64.58999633789062,758900
2016-12-28,64.4800033569336,64.77999877929688,63.650001525878906,64.63999938964844,821400
2016-12-29,64.38999938964844,65.25,64.2300033569336,64.51000213623047,985400
2016-12-30,64.98999786376953,65.72000122070312,64.43000030517578,64.66999816894531,1611300
2017-01-03,66.8499984741211,67.87000274658203,65.72000122070312,65.94000244140625,2871000
2017-01-04,69.41000366210938,69.98999786376953,66.87999725341797,66.97000122070312,4938600
2017-01-05,68.7300033569336,69.37999725341797,67.36000061035156,68.43000030517578,2286800
2017-01-06,68.2699966430664,69.70999908447266,67.86000061035156,68.73999786376953,2185200
2017-01-09,68.19000244140625,68.54000091552734,67.1500015258789,67.20999908447266,2240200
2017-01-10,69.9000015258789,70.5,68.5,68.7699966430664,2783900
2017-01-11,69.4000015258789,70.25,68.33000183105469,69.95999908447266,1946200
2017-01-12,68.62000274658203,69.33999633789062,68.30999755859375,68.66000366210938,1372500
2017-01-13,67.91999816894531,69.25,67.5999984741211,68.9000015258789,1073500
2017-01-17,68.77999877929688,69.27999877929688,68.04000091552734,68.04000091552734,1274400
2017-01-18,68.5,69.12000274658203,67.91000366210938,69.12000274658203,772100
2017-01-19,66.98999786376953,68.18000030517578,66.63999938964844,67.91999816894531,1366600
2017-01-20,67.31999969482422,67.80000305175781,67.0199966430664,67.30999755859375,1252100
2017-01-23,66.86000061035156,67.22000122070312,66.01000213623047,66.98999786376953,1010200
2017-01-24,67.7699966430664,68.1500015258789,67.16000366210938,67.16000366210938,1278400
2017-01-25,68.81999969482422,68.87000274658203,68.04000091552734,68.4000015258789,857600
2017-01-26,67.63999938964844,69.04000091552734,67.61000061035156,68.69000244140625,1010400
2017-01-27,66.81999969482422,67.73999786376953,66.04000091552734,67.73999786376953,1264600
2017-01-30,66.88999938964844,66.95999908447266,65.66999816894531,66.63999938964844,1180600
2017-01-31,67.51000213623047,67.77999877929688,65.08999633789062,65.08999633789062,1584200
2017-02-01,66.4000015258789,67.88999938964844,66.08000183105469,67.87000274658203,1220300
2017-02-02,66.5199966430664,67.38999938964844,66.41000366210938,67.0,925100
2017-02-03,66.38999938964844,66.77999877929688,65.5,65.66999816894531,1413500
2017-02-06,66.47000122070312,66.63999938964844,66.0,66.23999786376953,815600
2017-02-07,66.13999938964844,66.73999786376953,65.83999633789062,66.68000030517578,936200
2017-02-08,67.16999816894531,67.31999969482422,65.91999816894531,66.0,1058800
2017-02-09,67.0,67.9000015258789,66.86000061035156,67.25,1091100
2017-02-10,67.62000274658203,67.87000274658203,66.94000244140625,67.55999755859375,1240300
2017-02-13,66.98999786376953,68.2300033569336,66.83999633789062,68.06999969482422,1376600
2017-02-14,67.76000213623047,67.93000030517578,66.29000091552734,66.83000183105469,930900
2017-02-15,67.16000366210938,67.87999725341797,66.81999969482422,67.52999877929688,1014400
2017-02-16,65.97000122070312,67.48999786376953,65.37999725341797,67.2300033569336,1630600
2017-02-17,66.7300033569336,66.9800033569336,65.58999633789062,65.88999938964844,1213800
2017-02-21,66.72000122070312,67.23999786376953,66.2300033569336,67.22000122070312,842200
2017-02-22,67.0,67.22000122070312,66.55000305175781,66.88999938964844,533900
2017-02-23,64.83999633789062,67.37999725341797,64.80999755859375,67.33000183105469,1708700
2017-02-24,65.31999969482422,65.76000213623047,64.01000213623047,64.55000305175781,1814100
2017-02-27,66.43000030517578,66.79000091552734,65.31999969482422,65.37999725341797,1205200
2017-02-28,65.26000213623047,66.4000015258789,65.02999877929688,66.4000015258789,947800
2017-03-01,65.38999938964844,66.16999816894531,64.52999877929688,66.0999984741211,1093500
2017-03-02,66.52999877929688,66.97000122070312,65.27999877929688,65.55000305175781,1633200
2017-03-03,65.69999694824219,66.55999755859375,65.3499984741211,66.37000274658203,2133600
2017-03-06,64.93000030517578,65.70999908447266,64.7699966430664,65.51000213623047,1014300
2017-03-07,65.13999938964844,65.38999938964844,64.69999694824219,64.69999694824219,1097700
2017-03-08,66.25,66.43000030517578,65.08999633789062,65.41999816894531,1370300
2017-03-09,65.0,65.95999908447266,64.80000305175781,65.5999984741211,1747000
2017-03-10,65.08000183105469,65.7699966430664,64.66999816894531,65.0999984741211,1141500
2017-03-13,63.790000915527344,65.44999694824219,63.650001525878906,65.44999694824219,1452300
2017-03-14,63.66999816894531,64.16999816894531,63.31999969482422,63.5,994100
2017-03-15,63.93999862670898,64.0999984741211,62.77999877929688,64.0,1769000
2017-03-16,63.84000015258789,64.66000366210938,63.75,64.20999908447266,1139900
2017-03-17,64.04000091552734,64.23999786376953,63.22999954223633,64.23999786376953,2101600
2017-03-20,63.790000915527344,64.22000122070312,63.34999847412109,64.12999725341797,1268300
2017-03-21,62.93000030517578,64.31999969482422,62.56999969482422,63.900001525878906,2958600
2017-03-22,62.81999969482422,62.91999816894531,61.68000030517578,61.79999923706055,2340000
2017-03-23,63.08000183105469,63.77999877929688,62.4900016784668,63.18999862670898,1817000
2017-03-24,63.68999862670898,63.86000061035156,62.52000045776367,63.0099983215332,1425800
2017-03-27,64.11000061035156,65.04000091552734,62.95000076293945,63.36000061035156,2638000
2017-03-28,63.68000030517578,64.33000183105469,63.119998931884766,64.25,2608300
2017-03-29,66.30000305175781,66.33999633789062,64.01000213623047,64.2699966430664,9431100
2017-03-30,50.7599983215332,52.900001525878906,50.5,51.9900016784668,49620300
2017-03-31,51.869998931884766,51.9900016784668,50.52000045776367,51.22999954223633,16826900
2017-04-03,50.91999816894531,52.18000030517578,50.869998931884766,52.11000061035156,7589800
2017-04-04,49.7599983215332,50.959999084472656,49.43000030517578,50.5,6232700
2017-04-05,49.43000030517578,50.540000915527344,49.400001525878906,49.88999938964844,4784100
2017-04-06,50.77999877929688,50.91999816894531,49.56999969482422,49.59999847412109,5038800
2017-04-07,50.630001068115234,51.18000030517578,50.5099983215332,50.869998931884766,3508000
2017-04-10,52.2599983215332,52.68999862670898,50.84999847412109,50.84999847412109,7674600
2017-04-11,51.70000076293945,52.33000183105469,51.4900016784668,52.15999984741211,2778800
2017-04-12,52.08000183105469,53.34999847412109,51.84999847412109,52.709999084472656,5521600
2017-04-13,51.220001220703125,52.25,51.20000076293945,52.0,2238200
2017-04-17,52.0,52.08000183105469,51.400001525878906,51.560001373291016,2698600
2017-04-18,51.93000030517578,52.02999877929688,51.43999862670898,51.83000183105469,1942900
2017-04-19,52.20000076293945,52.83000183105469,51.810001373291016,51.93000030517578,3950800
2017-04-20,53.61000061035156,54.0,52.41999816894531,52.47999954223633,5489700
2017-04-21,53.08000183105469,53.959999084472656,53.060001373291016,53.65999984741211,3010900
2017-04-24,52.75,53.81999969482422,52.41999816894531,53.54999923706055,3284200
2017-04-25,52.459999084472656,53.09000015258789,51.9900016784668,52.75,2733200
2017-04-26,52.720001220703125,53.209999084472656,52.43000030517578,52.61000061035156,2826600
2017-04-27,52.77000045776367,52.97999954223633,51.88999938964844,52.90999984741211,2746200
2017-04-28,52.0,52.880001068115234,51.47999954223633,52.810001373291016,4233400
2017-05-01,51.59000015258789,52.18000030517578,51.380001068115234,52.06999969482422,2129100
2017-05-02,52.459999084472656,52.66999816894531,51.7599983215332,51.869998931884766,2614000
2017-05-03,52.209999084472656,52.70000076293945,51.900001525878906,52.59999847412109,1476000
2017-05-04,51.7400016784668,52.540000915527344,51.59000015258789,52.04999923706055,1564700
2017-05-05,51.95000076293945,52.040000915527344,51.16999816894531,51.93000030517578,2106100
2017-05-08,51.68999862670898,52.400001525878906,51.41999816894531,52.09000015258789,1911500
2017-05-09,52.04999923706055,52.31999969482422,51.400001525878906,51.75,2896700
2017-05-10,53.13999938964844,53.27999877929688,51.869998931884766,51.95000076293945,2083100
2017-05-11,54.619998931884766,55.63999938964844,53.79999923706055,54.65999984741211,6398500
2017-05-12,53.119998931884766,54.52000045776367,52.91999816894531,54.47999954223633,3043800
2017-05-15,51.4900016784668,53.060001373291016,51.38999938964844,53.060001373291016,3750500
2017-05-16,50.040000915527344,51.18000030517578,49.560001373291016,51.0,4429200
2017-05-17,49.13999938964844,49.790000915527344,48.61000061035156,49.65999984741211,3325100
2017-05-18,49.22999954223633,49.59999847412109,48.7400016784668,49.06999969482422,2048000
2017-05-19,49.290000915527344,49.7599983215332,48.09999847412109,49.34999847412109,3919500
2017-05-22,49.5099983215332,50.119998931884766,49.29999923706055,49.650001525878906,1913600
2017-05-23,48.79999923706055,49.68000030517578,48.459999084472656,49.58000183105469,2651700
2017-05-24,48.77999877929688,49.150001525878906,48.43000030517578,48.79999923706055,3253700
2017-05-25,48.68999862670898,49.83000183105469,48.650001525878906,49.18999862670898,2365000
2017-05-26,48.22999954223633,48.7599983215332,48.02999877929688,48.52000045776367,3020900
2017-05-30,47.90999984741211,48.59000015258789,47.63999938964844,48.38999938964844,3877900
2017-05-31,48.27000045776367,48.41999816894531,47.2599983215332,48.02000045776367,4010800
2017-06-01,48.66999816894531,49.20000076293945,47.72999954223633,48.27000045776367,8408400
2017-06-02,54.290000915527344,56.84999847412109,54.060001373291016,56.40999984741211,22797700
2017-06-05,52.900001525878906,54.09000015258789,52.72999954223633,54.0,6271400
2017-06-06,52.04999923706055,52.619998931884766,51.52000045776367,52.380001068115234,3972300
2017-06-07,52.25,52.66999816894531,51.91999816894531,52.11000061035156,2331000
2017-06-08,51.720001220703125,53.0,51.70000076293945,52.2400016784668,1843800
2017-06-09,51.70000076293945,52.18999862670898,51.29999923706055,51.66999816894531,3143900
2017-06-12,51.900001525878906,52.29999923706055,51.29999923706055,51.540000915527344,2176400
2017-06-13,52.38999938964844,52.59000015258789,51.790000915527344,52.130001068115234,2148900
2017-06-14,53.09000015258789,53.91999816894531,52.869998931884766,53.25,2953200
2017-06-15,53.130001068115234,53.29999923706055,52.29999923706055,52.77000045776367,1829000
2017-06-16,52.970001220703125,53.310001373291016,52.310001373291016,52.970001220703125,2483800
2017-06-19,53.84000015258789,54.0099983215332,52.90999984741211,53.18000030517578,2107100
2017-06-20,52.560001373291016,53.959999084472656,52.36000061035156,53.959999084472656,2444000
2017-06-21,53.290000915527344,53.470001220703125,52.34999847412109,52.59000015258789,1812200
2017-06-22,54.25,54.43000030517578,53.119998931884766,53.2400016784668,1795100
2017-06-23,55.369998931884766,55.400001525878906,54.09000015258789,54.470001220703125,3062800
2017-06-26,55.5,56.20000076293945,55.119998931884766,55.52999877929688,2968100
2017-06-27,55.040000915527344,56.130001068115234,54.959999084472656,55.47999954223633,2079800
2017-06-28,56.15999984741211,56.29999923706055,55.119998931884766,55.290000915527344,3067400
2017-06-29,59.09999847412109,59.43999862670898,57.0099983215332,57.34000015258789,6703500
2017-06-30,59.66999816894531,60.220001220703125,59.060001373291016,59.5,3389800
2017-07-03,59.9900016784668,60.61000061035156,59.66999816894531,59.68000030517578,1023300
2017-07-05,59.75,60.4900016784668,59.34999847412109,60.0099983215332,2118900
2017-07-06,57.970001220703125,59.54999923706055,57.619998931884766,59.38999938964844,2276400
2017-07-07,58.36000061035156,59.09999847412109,58.02999877929688,58.38999938964844,1384700
2017-07-10,58.68000030517578,58.86000061035156,57.5099983215332,58.22999954223633,1491500
2017-07-11,58.77999877929688,58.95000076293945,58.18000030517578,58.68999862670898,1319000
2017-07-12,58.720001220703125,59.16999816894531,58.220001220703125,58.900001525878906,1144000
2017-07-13,59.33000183105469,59.68999862670898,58.619998931884766,58.880001068115234,1470900
2017-07-14,59.810001373291016,60.0,59.22999954223633,59.61000061035156,841500
2017-07-17,59.7400016784668,60.66999816894531,59.68000030517578,59.95000076293945,1490400
2017-07-18,59.380001068115234,60.040000915527344,59.150001525878906,59.4900016784668,1371700
2017-07-19,61.34999847412109,61.59999847412109,59.47999954223633,59.91999816894531,2155300
2017-07-20,61.11000061035156,61.47999954223633,60.72999954223633,61.38999938964844,1681700
2017-07-21,61.93999862670898,62.04999923706055,60.93000030517578,61.02999877929688,2193100
2017-07-24,62.02000045776367,62.2599983215332,61.43999862670898,61.59000015258789,2005700
2017-07-25,61.900001525878906,62.15999984741211,60.65999984741211,60.77000045776367,2609000
2017-07-26,61.470001220703125,61.79999923706055,61.2599983215332,61.709999084472656,1297100
2017-07-27,61.470001220703125,61.90999984741211,60.41999816894531,61.2599983215332,1256200
2017-07-28,61.83000183105469,62.20000076293945,61.040000915527344,61.380001068115234,1376800
2017-07-31,61.63999938964844,61.97999954223633,60.93999862670898,61.97999954223633,1382100
2017-08-01,61.61000061035156,61.72999954223633,60.41999816894531,61.56999969482422,1279300
2017-08-02,61.22999954223633,61.81999969482422,60.93999862670898,61.54999923706055,960100
2017-08-03,60.5,61.56999969482422,60.40999984741211,60.84000015258789,1501200
2017-08-04,61.7599983215332,62.18999862670898,60.369998931884766,60.77999877929688,1644300
2017-08-07,62.5099983215332,62.90999984741211,61.77000045776367,61.900001525878906,1207500
2017-08-08,62.52999877929688,63.86000061035156,62.22999954223633,63.0,1386200
2017-08-09,61.88999938964844,62.4900016784668,61.5,62.08000183105469,1011200
2017-08-10,60.25,61.5,60.09999847412109,61.25,1312400
2017-08-11,59.7599983215332,60.84000015258789,58.54999923706055,59.18999862670898,1410500
2017-08-14,59.93000030517578,60.560001373291016,59.75,60.02999877929688,1594300
2017-08-15,59.5,60.900001525878906,58.45000076293945,59.29999923706055,3272600
2017-08-16,59.7599983215332,59.9900016784668,59.20000076293945,59.959999084472656,1105200
2017-08-17,58.959999084472656,59.83000183105469,58.91999816894531,59.560001373291016,1117000
2017-08-18,58.130001068115234,58.91999816894531,57.61000061035156,58.43999862670898,1684800
2017-08-21,59.43999862670898,60.470001220703125,57.959999084472656,59.66999816894531,4223200
2017-08-22,59.79999923706055,60.08000183105469,59.45000076293945,59.83000183105469,1461200
2017-08-23,60.34000015258789,60.5,59.43999862670898,59.52999877929688,1240300
2017-08-24,60.02000045776367,61.47999954223633,59.810001373291016,60.75,1898500
2017-08-25,60.209999084472656,60.83000183105469,59.84999847412109,60.220001220703125,1195900
2017-08-28,60.130001068115234,61.11000061035156,59.7599983215332,60.68999862670898,1364700
2017-08-29,58.31999969482422,60.15999984741211,58.2400016784668,59.90999984741211,3084700
2017-08-30,57.61000061035156,58.900001525878906,56.869998931884766,58.459999084472656,4685800
2017-08-31,57.54999923706055,58.31999969482422,56.560001373291016,57.77000045776367,7728300
2017-09-01,61.68999862670898,62.58000183105469,60.5,61.220001220703125,11466100
2017-09-05,61.560001373291016,62.18000030517578,60.380001068115234,62.09000015258789,3698200
2017-09-06,61.4900016784668,61.9900016784668,60.560001373291016,61.47999954223633,2257000
2017-09-07,61.29999923706055,61.61000061035156,60.40999984741211,61.5,1770000
2017-09-08,62.34000015258789,63.0,60.68999862670898,61.02000045776367,3571200
2017-09-11,61.88999938964844,63.08000183105469,61.86000061035156,62.47999954223633,1754200
2017-09-12,61.790000915527344,62.27999877929688,61.33000183105469,62.18999862670898,1100200
2017-09-13,61.5,62.119998931884766,61.310001373291016,61.720001220703125,1163600
2017-09-14,61.119998931884766,61.36000061035156,59.790000915527344,61.25,1943000
2017-09-15,60.59999847412109,61.380001068115234,60.0,61.22999954223633,2418000
2017-09-18,59.7599983215332,60.93000030517578,59.18000030517578,60.7400016784668,2057500
2017-09-19,58.95000076293945,59.790000915527344,58.0099983215332,59.33000183105469,3163800
2017-09-20,58.560001373291016,59.060001373291016,58.060001373291016,58.880001068115234,1566600
2017-09-21,58.59999847412109,58.84999847412109,58.0,58.310001373291016,1034200
2017-09-22,58.13999938964844,58.790000915527344,57.869998931884766,57.900001525878906,1513800
2017-09-25,57.38999938964844,58.36000061035156,57.18999862670898,57.88999938964844,2338700
2017-09-26,59.34000015258789,59.63999938964844,57.7599983215332,57.7599983215332,3060200
2017-09-27,60.130001068115234,60.27999877929688,59.150001525878906,59.33000183105469,1930400
2017-09-28,60.27000045776367,60.93999862670898,59.90999984741211,60.02000045776367,1237800
2017-09-29,62.25,62.33000183105469,60.130001068115234,60.5,2206800
2017-10-02,62.83000183105469,63.209999084472656,61.7400016784668,62.16999816894531,2116200
2017-10-03,62.220001220703125,63.34999847412109,61.90999984741211,62.97999954223633,1654400
2017-10-04,61.34000015258789,62.59999847412109,61.2599983215332,62.13999938964844,1137000
2017-10-05,61.7599983215332,62.27999877929688,61.16999816894531,61.27999877929688,1251900
2017-10-06,61.29999923706055,62.08000183105469,61.13999938964844,61.7400016784668,1257600
2017-10-09,61.95000076293945,62.09999847412109,60.79999923706055,61.33000183105469,1488500
2017-10-10,63.310001373291016,63.400001525878906,61.81999969482422,61.880001068115234,1569400
2017-10-11,62.68999862670898,63.27000045776367,62.369998931884766,63.27000045776367,1809100
2017-10-12,60.5,61.900001525878906,60.18999862670898,61.68999862670898,3305500
2017-10-13,59.16999816894531,61.400001525878906,57.54999923706055,60.41999816894531,5468600
2017-10-16,58.20000076293945,59.36000061035156,57.81999969482422,59.209999084472656,2165000
2017-10-17,58.93000030517578,59.84999847412109,57.400001525878906,57.84999847412109,3736900
2017-10-18,59.720001220703125,59.77999877929688,59.0,59.20000076293945,1551400
2017-10-19,60.09000015258789,60.22999954223633,59.25,59.66999816894531,1536600
2017-10-20,63.290000915527344,63.34999847412109,61.04999923706055,61.47999954223633,3497700
2017-10-23,63.83000183105469,64.80999755859375,63.29999923706055,63.380001068115234,2255700
2017-10-24,61.869998931884766,63.95000076293945,61.81999969482422,63.709999084472656,2000600
2017-10-25,62.06999969482422,62.470001220703125,60.77999877929688,61.9900016784668,1491600
2017-10-26,62.0099983215332,63.34999847412109,60.52999877929688,62.310001373291016,3152300
2017-10-27,62.400001525878906,62.86000061035156,61.5,61.81999969482422,1239100
2017-10-30,61.720001220703125,62.52000045776367,61.59999847412109,62.290000915527344,924800
2017-10-31,61.5099983215332,62.970001220703125,61.459999084472656,61.79999923706055,1224600
2017-11-01,61.4900016784668,62.880001068115234,60.810001373291016,62.209999084472656,1193900
2017-11-02,60.7599983215332,61.91999816894531,60.52000045776367,61.84999847412109,1146500
2017-11-03,61.150001525878906,61.540000915527344,60.619998931884766,61.02000045776367,760100
2017-11-06,61.790000915527344,61.9900016784668,61.27000045776367,61.36000061035156,1053700
2017-11-07,60.2400016784668,61.709999084472656,60.11000061035156,61.650001525878906,1056600
2017-11-08,61.63999938964844,61.75,59.93000030517578,60.34999847412109,1134300
2017-11-09,64.01000213623047,64.30000305175781,61.25,61.25,2567900
2017-11-10,64.87000274658203,65.0,63.65999984741211,63.91999816894531,1781100
2017-11-13,64.5999984741211,65.97000122070312,64.06999969482422,64.87999725341797,1789200
2017-11-14,64.93000030517578,65.05999755859375,63.54999923706055,64.08999633789062,866200
2017-11-15,64.91000366210938,65.61000061035156,63.880001068115234,64.37999725341797,901800
2017-11-16,65.70999908447266,65.91999816894531,64.37999725341797,64.9000015258789,1009400
2017-11-17,66.30999755859375,67.43000030517578,66.11000061035156,66.29000091552734,1295300
2017-11-20,66.87999725341797,67.08000183105469,65.80000305175781,66.29000091552734,1049900
2017-11-21,66.58000183105469,67.02999877929688,66.16000366210938,66.95999908447266,1069600
2017-11-22,66.80000305175781,67.25,66.33000183105469,66.4000015258789,897500
2017-11-24,66.79000091552734,67.41000366210938,66.41999816894531,67.01000213623047,437800
2017-11-27,66.12999725341797,67.56999969482422,65.91000366210938,67.08999633789062,1473500
2017-11-28,67.37000274658203,67.5999984741211,66.08000183105469,66.23999786376953,1400200
2017-11-29,66.87000274658203,68.58999633789062,66.56999969482422,67.58000183105469,2588100
2017-11-30,66.95999908447266,68.2699966430664,66.55000305175781,67.0,2181800
2017-12-01,67.22000122070312,67.37999725341797,65.87000274658203,66.77999877929688,1795400
2017-12-04,67.22000122070312,68.48999786376953,67.16000366210938,68.3499984741211,1902000
2017-12-05,66.36000061035156,67.44999694824219,65.30000305175781,67.02999877929688,1859500
2017-12-06,67.66000366210938,67.83000183105469,66.05000305175781,66.08000183105469,5815200
2017-12-07,72.01000213623047,73.83999633789062,71.29000091552734,73.3499984741211,9129600
2017-12-08,73.7699966430664,74.02999877929688,72.12999725341797,72.4800033569336,3176200
2017-12-11,73.63999938964844,74.77999877929688,73.22000122070312,73.77999877929688,1900000
2017-12-12,74.30999755859375,74.98999786376953,73.31999969482422,73.47000122070312,1750000
2017-12-13,74.19000244140625,74.79000091552734,73.73999786376953,74.20999908447266,934500
2017-12-14,74.77999877929688,75.94999694824219,74.02999877929688,75.5999984741211,2038300
2017-12-15,75.81999969482422,76.01000213623047,74.88999938964844,75.30000305175781,2097400
2017-12-18,76.55000305175781,76.9800033569336,76.0,76.44999694824219,1978200
2017-12-19,76.56999969482422,77.22000122070312,76.41000366210938,77.0,1410700
2017-12-20,76.87999725341797,77.27999877929688,76.54000091552734,76.87000274658203,1185400
2017-12-21,77.73999786376953,78.0,77.25,77.3499984741211,1346000
2017-12-22,78.4800033569336,78.5999984741211,76.95999908447266,77.72000122070312,948600
2017-12-26,79.4000015258789,80.04000091552734,78.30000305175781,78.30000305175781,1427100
2017-12-27,79.27999877929688,79.9800033569336,78.69999694824219,79.75,748200
2017-12-28,79.61000061035156,80.0999984741211,79.13999938964844,79.5,1206100
2017-12-29,78.58999633789062,80.0,78.5199966430664,79.63999938964844,1305100
2018-01-02,79.69000244140625,80.2699966430664,77.30999755859375,77.30999755859375,2474400
2018-01-03,78.58999633789062,80.23999786376953,78.25,79.81999969482422,1745400
2018-01-04,79.8499984741211,80.01000213623047,78.30000305175781,78.61000061035156,1669600
2018-01-05,79.43000030517578,80.45999908447266,79.18000030517578,80.0,1592900
2018-01-08,79.04000091552734,81.91999816894531,77.44000244140625,81.5,3042500
2018-01-09,79.51000213623047,79.76000213623047,78.73999786376953,79.0,1482100
2018-01-10,78.86000061035156,79.44000244140625,78.58000183105469,79.18000030517578,1141500
2018-01-11,78.98999786376953,79.33000183105469,78.38999938964844,79.29000091552734,913000
2018-01-12,78.83999633789062,79.66999816894531,78.52999877929688,79.66999816894531,1223400
2018-01-16,76.69999694824219,78.9800033569336,76.44999694824219,78.94999694824219,1525900
2018-01-17,77.91999816894531,78.38999938964844,76.80999755859375,77.08000183105469,1254100
2018-01-18,77.56999969482422,78.76000213623047,77.31999969482422,78.06999969482422,1130500
2018-01-19,79.33999633789062,79.69999694824219,77.66999816894531,77.7300033569336,1369800
2018-01-22,78.95999908447266,79.63999938964844,78.5999984741211,79.41000366210938,1211600
2018-01-23,79.69999694824219,79.93000030517578,78.52999877929688,78.87999725341797,822500
2018-01-24,79.19999694824219,79.95999908447266,78.22000122070312,79.88999938964844,853700
2018-01-25,78.62000274658203,79.38999938964844,78.04000091552734,79.08000183105469,934900
2018-01-26,79.08000183105469,79.4000015258789,78.2300033569336,78.62000274658203,773200
2018-01-29,79.95999908447266,80.63999938964844,78.63999938964844,78.80999755859375,1079200
2018-01-30,79.4800033569336,79.77999877929688,78.54000091552734,79.6500015258789,642800
2018-01-31,78.20999908447266,80.05000305175781,77.9800033569336,79.47000122070312,1058400
2018-02-01,78.80999755859375,79.25,77.01000213623047,77.2300033569336,1492200
2018-02-02,78.62000274658203,79.77999877929688,78.16999816894531,78.79000091552734,1593800
2018-02-05,77.41000366210938,79.87999725341797,77.4000015258789,77.98999786376953,2085700
2018-02-06,78.62000274658203,78.87999725341797,74.9000015258789,75.66000366210938,4084100
2018-02-07,80.98999786376953,82.36000061035156,78.6500015258789,78.7699966430664,3060500
2018-02-08,76.66999816894531,83.30999755859375,76.62999725341797,81.75,2618400
2018-02-09,77.1500015258789,79.0,75.43000030517578,77.51000213623047,2674200
2018-02-12,76.80000305175781,78.44000244140625,76.79000091552734,77.61000061035156,2511700
2018-02-13,77.2699966430664,77.72000122070312,76.7300033569336,76.86000061035156,3424200
2018-02-14,81.22000122070312,81.83000183105469,76.5999984741211,76.62999725341797,3189900
2018-02-15,80.91999816894531,81.54000091552734,78.43000030517578,81.26000213623047,2867800
2018-02-16,81.4000015258789,82.63999938964844,80.5,80.8499984741211,1545300
2018-02-20,80.58000183105469,81.4000015258789,80.16999816894531,80.87000274658203,1365300
2018-02-21,81.16000366210938,82.56999969482422,80.44000244140625,80.58000183105469,1297300
2018-02-22,80.83000183105469,82.20999908447266,80.70999908447266,81.25,1689700
2018-02-23,81.86000061035156,82.0,79.9000015258789,81.30000305175781,1285600
2018-02-26,82.33000183105469,83.0,81.22000122070312,82.43000030517578,827000
2018-02-27,80.45999908447266,83.58999633789062,80.38999938964844,82.6500015258789,1409100
2018-02-28,81.0999984741211,82.44000244140625,80.94999694824219,81.01000213623047,1944900
2018-03-01,81.04000091552734,81.94000244140625,79.80999755859375,81.01000213623047,1376900
2018-03-02,82.06999969482422,82.29000091552734,79.36000061035156,79.77999877929688,887500
2018-03-05,81.12999725341797,82.23999786376953,80.76000213623047,81.63999938964844,1218400
2018-03-06,83.69000244140625,83.9800033569336,80.87000274658203,81.18000030517578,2864700
2018-03-07,81.31999969482422,83.48999786376953,80.63999938964844,82.91000366210938,1724700
2018-03-08,80.75,81.98999786376953,80.29000091552734,81.75,1040200
2018-03-09,81.0,82.01000213623047,80.08999633789062,81.18000030517578,1589700
2018-03-12,80.33000183105469,81.63999938964844,79.61000061035156,81.16999816894531,1528200
2018-03-13,79.80000305175781,81.55000305175781,79.79000091552734,80.97000122070312,1632900
2018-03-14,80.75,80.94999694824219,78.66000366210938,79.94999694824219,2110500
2018-03-15,79.61000061035156,81.62999725341797,79.4000015258789,80.7300033569336,985300
2018-03-16,80.76000213623047,81.45999908447266,79.47000122070312,79.47000122070312,1233400
2018-03-19,80.27999877929688,81.02999877929688,79.77999877929688,81.02999877929688,1144100
2018-03-20,81.4800033569336,81.58999633789062,80.0199966430664,80.25,1137200
2018-03-21,80.69999694824219,81.87000274658203,80.30999755859375,81.4800033569336,1685800
2018-03-22,81.0999984741211,81.29000091552734,80.0,80.0,1706400
2018-03-23,79.51000213623047,81.62000274658203,79.26000213623047,81.0999984741211,2183200
2018-03-26,80.33999633789062,80.5199966430664,78.31999969482422,80.19000244140625,2603700
2018-03-27,78.70999908447266,80.70999908447266,77.97000122070312,80.52999877929688,4006500
2018-03-28,85.95999908447266,87.9800033569336,83.05999755859375,84.25,10706800
2018-03-29,89.12000274658203,89.54000091552734,86.31999969482422,86.79000091552734,4849400
2018-04-02,87.2699966430664,90.25,86.6500015258789,89.01000213623047,3080800
2018-04-03,88.66999816894531,88.98999786376953,87.41000366210938,87.44000244140625,1974000
2018-04-04,88.23999786376953,88.76000213623047,87.36000061035156,87.98999786376953,2757400
2018-04-05,91.2699966430664,91.44000244140624,88.23999786376953,88.8499984741211,3138500
2018-04-06,89.61000061035156,91.3499984741211,88.69000244140625,91.08000183105467,3203300
2018-04-09,89.63999938964844,90.8499984741211,89.3499984741211,90.0,1625900
2018-04-10,91.01000213623048,91.19000244140624,90.06999969482422,90.37999725341795,939300
2018-04-11,91.08000183105467,91.83999633789062,90.51000213623048,90.66000366210938,1606200
2018-04-12,92.0199966430664,92.12999725341795,90.87999725341795,91.26000213623048,1266900
2018-04-13,91.70999908447266,92.88999938964844,91.19000244140624,92.33000183105467,2017700
2018-04-16,93.76000213623048,93.80999755859376,91.75,92.0,1981600
2018-04-17,94.5999984741211,94.8499984741211,94.02999877929688,94.62000274658205,2228300
2018-04-18,95.0,95.66000366210938,94.41000366210938,94.41000366210938,2375800
2018-04-19,95.29000091552734,95.58000183105467,94.27999877929688,95.0,1532000
2018-04-20,96.30999755859376,96.37000274658205,95.12999725341795,95.30999755859376,2018800
2018-04-23,96.63999938964844,96.95999908447266,94.1999969482422,94.26000213623048,2778700
2018-04-24,96.9000015258789,97.9800033569336,96.47000122070312,97.4800033569336,2171100
2018-04-25,97.8499984741211,97.97000122070312,96.63999938964844,97.63999938964844,1463400
2018-04-26,98.41999816894533,98.80999755859376,97.8499984741211,97.9800033569336,1668700
2018-04-27,99.16999816894533,99.38999938964844,98.30999755859376,98.54000091552734,2035400
2018-04-30,99.8000030517578,100.56999969482422,99.3499984741211,99.58000183105467,1497100
2018-05-01,99.6999969482422,99.93000030517578,98.76000213623048,99.4499969482422,1299800
2018-05-02,99.73999786376952,100.7300033569336,99.4000015258789,99.88999938964844,1244500
2018-05-03,99.86000061035156,100.4499969482422,99.0,99.06999969482422,1442900
2018-05-04,95.48999786376952,99.6500015258789,95.38999938964844,99.48999786376952,3797600
2018-05-07,97.16999816894533,97.51000213623048,95.76000213623048,95.76000213623048,2420900
2018-05-08,98.1999969482422,98.27999877929688,96.79000091552734,96.83000183105467,1006800
2018-05-09,98.95999908447266,99.05999755859376,97.44000244140624,98.19000244140624,919200
2018-05-10,97.91000366210938,99.45999908447266,97.27999877929688,99.30999755859376,1167600
2018-05-11,98.54000091552734,98.6999969482422,97.5500030517578,97.7699966430664,910600
2018-05-14,98.72000122070312,98.97000122070312,98.04000091552734,98.94000244140624,1508100
2018-05-15,98.9499969482422,99.91000366210938,97.77999877929688,98.20999908447266,1135900
2018-05-16,101.6500015258789,101.94000244140624,99.0,99.4000015258789,1430100
2018-05-17,102.0,103.04000091552734,101.37000274658205,101.72000122070312,1106700
2018-05-18,102.81999969482422,103.12000274658205,101.5,101.5,1684800
2018-05-21,103.73999786376952,105.26000213623048,103.16000366210938,103.48999786376952,1864800
2018-05-22,102.87999725341795,104.12999725341795,102.75,103.75,1806900
2018-05-23,105.2699966430664,106.54000091552734,102.0199966430664,102.5500030517578,2691200
2018-05-24,106.41000366210938,106.68000030517578,104.87000274658205,105.05999755859376,1763700
2018-05-25,106.18000030517578,107.48999786376952,105.76000213623048,107.04000091552734,1536600
2018-05-29,105.68000030517578,107.68000030517578,105.51000213623048,106.25,2100700
2018-05-30,105.62999725341795,106.9800033569336,104.5999984741211,105.94000244140624,3369700
2018-05-31,105.0500030517578,106.45999908447266,103.8000030517578,106.1500015258789,4994800
2018-06-01,122.19000244140624,123.83999633789062,113.1999969482422,113.9499969482422,14155500
2018-06-04,124.9800033569336,125.0999984741211,121.52999877929688,122.62000274658205,3986200
2018-06-05,124.0500030517578,125.7699966430664,123.91999816894533,124.6999969482422,2776300
2018-06-06,124.19000244140624,126.8499984741211,123.87999725341795,124.16999816894533,2471300
2018-06-07,122.6999969482422,126.47000122070312,122.22000122070312,124.6999969482422,2647600
2018-06-08,122.0199966430664,122.9499969482422,120.58999633789062,121.47000122070312,3347500
2018-06-11,122.37000274658205,122.75,120.5500030517578,122.72000122070312,2779800
2018-06-12,124.95999908447266,125.2300033569336,122.1500015258789,122.5199966430664,1959000
2018-06-13,125.12999725341795,127.33999633789062,124.68000030517578,125.37999725341795,3320800
2018-06-14,125.87999725341795,126.41999816894533,124.63999938964844,125.08999633789062,2075800
2018-06-15,128.3699951171875,128.91000366210938,123.5500030517578,124.20999908447266,2195300
2018-06-18,129.69000244140625,129.7899932861328,126.9000015258789,127.58999633789062,1805100
2018-06-19,128.10000610351562,129.32000732421875,126.83000183105467,128.3000030517578,2022300
2018-06-20,128.27000427246094,128.50999450683594,127.06999969482422,128.49000549316406,1237700
2018-06-21,127.70999908447266,129.5800018310547,126.7300033569336,128.5399932861328,1304300
2018-06-22,124.18000030517578,128.60000610351562,124.16999816894533,128.60000610351562,2792000
2018-06-25,124.86000061035156,126.43000030517578,122.47000122070312,124.26000213623048,1916100
2018-06-26,126.79000091552734,127.5999984741211,125.27999877929688,127.0,1620000
2018-06-27,123.87999725341795,127.58999633789062,123.0500030517578,126.5,1618800
2018-06-28,124.94000244140624,125.26000213623048,122.77999877929688,123.79000091552734,1816200
2018-06-29,124.8499984741211,127.48999786376952,124.8499984741211,126.23999786376952,1143000
2018-07-02,125.4800033569336,125.52999877929688,123.2300033569336,124.98999786376952,1387100
2018-07-03,125.2300033569336,126.8000030517578,124.97000122070312,126.12000274658205,1280800
2018-07-05,124.5199966430664,125.80999755859376,123.9499969482422,125.80999755859376,1323500
2018-07-06,128.5399932861328,128.8800048828125,124.5,124.7300033569336,2077100
2018-07-09,126.52999877929688,130.49000549316406,125.87999725341795,130.0,2049000
2018-07-10,127.37999725341795,128.22999572753906,126.2699966430664,126.8499984741211,1224500
2018-07-11,125.66000366210938,126.4499969482422,124.62000274658205,126.19000244140624,1060400
2018-07-12,125.72000122070312,126.63999938964844,125.0199966430664,126.47000122070312,762800
2018-07-13,125.4499969482422,126.83000183105467,124.91000366210938,125.94000244140624,881000
2018-07-16,127.26000213623048,127.48999786376952,124.79000091552734,125.2699966430664,905300
2018-07-17,129.4499969482422,130.41000366210938,127.0199966430664,127.0199966430664,2422700
2018-07-18,128.80999755859375,129.9499969482422,127.5199966430664,129.36000061035156,1155600
2018-07-19,127.79000091552734,129.00999450683594,127.0,128.6999969482422,1069900
2018-07-20,126.4499969482422,128.89999389648438,126.29000091552734,127.5999984741211,1409300
2018-07-23,125.37000274658205,126.97000122070312,125.06999969482422,126.4499969482422,1273800
2018-07-24,122.9800033569336,126.38999938964844,122.4000015258789,125.93000030517578,1689100
2018-07-25,125.02999877929688,125.48999786376952,122.94000244140624,123.66000366210938,1326200
2018-07-26,124.48999786376952,126.16000366210938,123.19000244140624,124.75,1003800
2018-07-27,120.0,124.91999816894533,118.8499984741211,124.41999816894533,1858100
2018-07-30,118.83999633789062,121.25,118.6500015258789,120.04000091552734,1303200
2018-07-31,119.9499969482422,120.6500015258789,117.66000366210938,118.86000061035156,1073500
2018-08-01,120.5500030517578,121.80999755859376,119.5500030517578,120.18000030517578,1886200
2018-08-02,124.38999938964844,125.22000122070312,120.52999877929688,120.93000030517578,1793700
2018-08-03,126.08000183105467,126.33000183105467,124.3499984741211,124.3499984741211,1984100
2018-08-06,126.30999755859376,126.5199966430664,124.37999725341795,125.98999786376952,1267200
2018-08-07,125.58000183105467,127.3000030517578,124.98999786376952,127.08000183105467,1442400
2018-08-08,127.18000030517578,127.6500015258789,124.8499984741211,125.7699966430664,1534300
2018-08-09,128.16000366210938,128.69000244140625,127.11000061035156,127.73999786376952,925600
2018-08-10,130.52000427246094,130.75999450683594,126.77999877929688,127.4800033569336,1873900
2018-08-13,129.94000244140625,131.8800048828125,129.2899932861328,131.0800018310547,1786600
2018-08-14,129.47000122070312,130.9199981689453,127.58999633789062,130.5,1860100
2018-08-15,126.4499969482422,128.89999389648438,125.05999755859376,128.89999389648438,1320700
2018-08-16,129.47000122070312,130.47999572753906,127.16999816894533,129.1999969482422,1336400
2018-08-17,130.19000244140625,130.89999389648438,129.0800018310547,130.25,1061600
2018-08-20,136.6699981689453,137.19000244140625,130.30999755859375,130.92999267578125,2691700
2018-08-21,135.61000061035156,139.63999938964844,134.69000244140625,137.3000030517578,1593600
2018-08-22,135.47999572753906,138.24000549316406,135.3800048828125,136.27999877929688,1294300
2018-08-23,136.1999969482422,137.57000732421875,134.61000061035156,135.49000549316406,1049500
2018-08-24,138.75999450683594,140.3300018310547,136.67999267578125,137.14999389648438,1884400
2018-08-27,138.16000366210938,140.4199981689453,137.7899932861328,139.22000122070312,1469300
2018-08-28,138.67999267578125,139.27000427246094,137.1199951171875,138.32000732421875,1907700
2018-08-29,138.6999969482422,138.94000244140625,135.0800018310547,138.6999969482422,2154600
2018-08-30,137.0,138.3800048828125,135.69000244140625,137.8000030517578,4293400
2018-08-31,154.92999267578125,159.7899932861328,153.00999450683594,153.3000030517578,14304200
2018-09-04,157.2899932861328,160.0,154.7100067138672,154.86000061035156,4466300
2018-09-05,152.74000549316406,157.2899932861328,152.0800018310547,157.1699981689453,2638400
2018-09-06,151.0,154.97000122070312,150.77999877929688,153.57000732421875,2365600
2018-09-07,150.82000732421875,153.99000549316406,150.58999633789062,150.74000549316406,2052400
2018-09-10,154.11000061035156,154.77999877929688,151.5,151.5,1365500
2018-09-11,153.22999572753906,155.25,152.1999969482422,154.1699981689453,1486500
2018-09-12,153.00999450683594,154.07000732421875,150.8699951171875,153.3000030517578,1372300
2018-09-13,154.60000610351562,154.82000732421875,152.1999969482422,153.16000366210938,1275800
2018-09-14,153.7100067138672,155.63999938964844,152.47000122070312,154.72999572753906,1193300
2018-09-17,155.3800048828125,160.67999267578125,154.82000732421875,159.10000610351562,2620000
2018-09-18,158.44000244140625,158.94000244140625,153.8000030517578,155.69000244140625,1434300
2018-09-19,155.2100067138672,158.6300048828125,154.0500030517578,158.6300048828125,1621100
2018-09-20,155.97000122070312,156.39999389648438,154.38999938964844,155.4499969482422,1241400
2018-09-21,156.99000549316406,158.1300048828125,154.6300048828125,156.58999633789062,2070600
2018-09-24,157.33999633789062,157.77999877929688,156.02999877929688,156.7899932861328,1196100
2018-09-25,158.41000366210938,159.0800018310547,157.0800018310547,157.5500030517578,1220400
2018-09-26,158.9600067138672,159.8800048828125,156.77000427246094,157.75,1010500
2018-09-27,161.24000549316406,161.5,158.66000366210938,160.0,1682400
2018-09-28,162.49000549316406,164.13999938964844,161.25,161.25,1525200
2018-10-01,161.63999938964844,164.7899932861328,161.19000244140625,163.8000030517578,1012900
2018-10-02,160.1999969482422,163.1300048828125,160.0,162.8800048828125,1336200
2018-10-03,161.52000427246094,161.8300018310547,159.35000610351562,161.25,1237700
2018-10-04,157.0399932861328,161.0800018310547,156.3300018310547,160.22000122070312,1484800
2018-10-05,153.83999633789062,158.33999633789062,151.4600067138672,156.69000244140625,2133800
2018-10-08,150.77999877929688,154.9199981689453,148.33999633789062,153.02000427246094,2739500
2018-10-09,150.25,153.4499969482422,149.0,149.83999633789062,1592400
2018-10-10,140.67999267578125,149.55999755859375,140.39999389648438,149.1699981689453,2542600
2018-10-11,140.50999450683594,144.91000366210938,137.67999267578125,139.2899932861328,2169500
2018-10-12,143.7100067138672,146.89999389648438,141.07000732421875,145.52999877929688,3529000
2018-10-15,144.4600067138672,146.97999572753906,142.86000061035156,146.7899932861328,1626400
2018-10-16,146.8300018310547,147.22000122070312,142.97000122070312,145.55999755859375,1859900
2018-10-17,143.57000732421875,147.77000427246094,142.75,146.97999572753906,1286700
2018-10-18,142.67999267578125,145.64999389648438,140.9199981689453,143.08999633789062,1748000
2018-10-19,136.77000427246094,144.10000610351562,136.52999877929688,143.47999572753906,2090700
2018-10-22,139.9499969482422,140.89999389648438,136.02000427246094,136.47000122070312,1979300
2018-10-23,137.42999267578125,137.72000122070312,133.1300048828125,137.2100067138672,2004300
2018-10-24,134.2899932861328,140.97000122070312,134.16000366210938,140.8000030517578,1771100
2018-10-25,137.22000122070312,138.58999633789062,134.0,134.30999755859375,1664900
2018-10-26,134.82000732421875,136.6699981689453,133.13999938964844,134.49000549316406,1712400
2018-10-29,135.8800048828125,139.14999389648438,133.9499969482422,136.69000244140625,1726800
2018-10-30,142.1300048828125,142.6300048828125,135.1199951171875,135.36000061035156,2120700
2018-10-31,140.72999572753906,146.60000610351562,140.66000366210938,143.75,2360600
2018-11-01,144.1699981689453,144.64999389648438,138.97000122070312,141.66000366210938,1665000
2018-11-02,142.02000427246094,145.4499969482422,140.0399932861328,145.3699951171875,1499300
2018-11-05,142.1999969482422,143.83999633789062,139.14999389648438,143.27999877929688,1515100
2018-11-06,141.1300048828125,143.60000610351562,139.9199981689453,141.8300018310547,1402400
2018-11-07,143.22999572753906,144.55999755859375,139.67999267578125,141.77000427246094,1706400
2018-11-08,142.27000427246094,143.7899932861328,140.11000061035156,143.27000427246094,1516300
2018-11-09,137.55999755859375,142.0,136.3800048828125,141.38999938964844,1693400
2018-11-12,135.4199981689453,138.36000061035156,134.66000366210938,137.27999877929688,1739600
2018-11-13,138.6999969482422,140.35000610351562,134.64999389648438,135.52999877929688,1835300
2018-11-14,140.1300048828125,144.07000732421875,138.3800048828125,140.8699951171875,2621600
2018-11-15,139.8300018310547,139.97999572753906,134.6999969482422,138.3300018310547,1850400
2018-11-16,134.52999877929688,138.0800018310547,134.35000610351562,138.0800018310547,1788100
2018-11-19,126.98999786376952,135.8800048828125,126.62000274658205,134.5,2698700
2018-11-20,121.38999938964844,124.9499969482422,118.5199966430664,119.4499969482422,3049400
2018-11-21,123.87999725341795,124.62999725341795,121.87000274658205,122.19000244140624,1888100
2018-11-23,120.86000061035156,124.01000213623048,120.61000061035156,122.5,841400
2018-11-26,123.76000213623048,125.41999816894533,121.87000274658205,122.04000091552734,3322100
2018-11-27,122.7699966430664,124.33999633789062,121.4000015258789,122.9000015258789,1465000
2018-11-28,128.99000549316406,129.2899932861328,123.94000244140624,123.94000244140624,2213300
2018-11-29,129.4600067138672,130.44000244140625,126.83999633789062,128.02999877929688,2087000
2018-11-30,132.5500030517578,133.25999450683594,129.25,129.25,2660400
2018-12-03,139.88999938964844,140.0800018310547,134.10000610351562,137.0,3654000
2018-12-04,133.6199951171875,139.5800018310547,131.32000732421875,139.5,3244300
2018-12-06,131.44000244140625,134.7100067138672,126.55999755859376,133.0,5622300
2018-12-07,113.87000274658205,136.25999450683594,113.61000061035156,132.0,8058700
2018-12-10,115.01000213623048,116.58999633789062,112.37000274658205,113.3499984741211,3938200
2018-12-11,116.8499984741211,119.93000030517578,115.8000030517578,117.02999877929688,3047000
2018-12-12,122.6500015258789,123.52999877929688,118.5,120.20999908447266,4589200
2018-12-13,120.1999969482422,125.8000030517578,118.1500015258789,122.98999786376952,4675300
2018-12-14,119.12000274658205,122.1500015258789,117.61000061035156,118.43000030517578,2954000
2018-12-17,118.87000274658205,122.0,117.5,119.83000183105467,3901500
2018-12-18,119.1999969482422,122.41000366210938,118.37999725341795,120.0199966430664,3708800
2018-12-19,115.70999908447266,120.7699966430664,114.1500015258789,119.5199966430664,2759200
2018-12-20,115.01000213623048,118.20999908447266,111.33999633789062,114.83000183105467,3271600
2018-12-21,113.73999786376952,119.75,113.52999877929688,116.76000213623048,5420500
2018-12-24,113.26000213623048,115.88999938964844,110.70999908447266,112.20999908447266,1627000
2018-12-26,122.66000366210938,122.73999786376952,114.0999984741211,114.12999725341795,2557300
2018-12-27,123.33999633789062,124.18000030517578,118.69000244140624,120.63999938964844,1950300
2018-12-28,121.4000015258789,125.37000274658205,120.63999938964844,124.4000015258789,2167000
2018-12-31,121.61000061035156,123.33999633789062,120.55999755859376,123.12000274658205,1447300
2019-01-02,123.3499984741211,124.58999633789062,118.27999877929688,118.88999938964844,2085800
2019-01-03,124.36000061035156,126.12000274658205,120.31999969482422,121.8499984741211,2896800
2019-01-04,128.5500030517578,129.57000732421875,125.30999755859376,125.8499984741211,2184600
2019-01-07,134.10000610351562,135.10000610351562,129.3300018310547,129.3300018310547,2860000
2019-01-08,135.86000061035156,137.17999267578125,133.6699981689453,135.52000427246094,2322600
2019-01-09,136.0,137.50999450683594,134.63999938964844,137.5,3339000
2019-01-10,131.61000061035156,132.41000366210938,129.5,131.02999877929688,3402100
2019-01-11,132.16000366210938,133.14999389648438,130.57000732421875,130.97000122070312,2949700
2019-01-14,139.72999572753906,145.0,135.3800048828125,136.63999938964844,7152000
2019-01-15,141.1300048828125,141.64999389648438,138.50999450683594,139.36000061035156,2619600
2019-01-16,142.24000549316406,143.25,141.3699951171875,142.36000061035156,1783500
2019-01-17,145.13999938964844,146.0399932861328,141.72999572753906,141.72999572753906,3012100
2019-01-18,152.07000732421875,152.17999267578125,147.07000732421875,147.52000427246094,3277100
2019-01-22,149.47000122070312,151.66000366210938,148.32000732421875,150.52000427246094,1828200
2019-01-23,149.85000610351562,151.72999572753906,147.75,151.42999267578125,1602100
2019-01-24,148.42999267578125,150.25999450683594,147.22999572753906,150.0,2033600
2019-01-25,151.88999938964844,152.80999755859375,148.42999267578125,150.0,1731700
2019-01-28,149.6999969482422,150.77000427246094,148.6199951171875,150.33999633789062,1417000
2019-01-29,148.9499969482422,149.92999267578125,147.80999755859375,149.8300018310547,1297400
2019-01-30,148.61000061035156,150.39999389648438,148.22999572753906,150.13999938964844,1380000
2019-01-31,147.80999755859375,148.92999267578125,146.30999755859375,148.30999755859375,2517100
2019-02-01,146.1199951171875,147.85000610351562,144.36000061035156,147.4499969482422,1749900
2019-02-04,146.63999938964844,147.4499969482422,144.67999267578125,145.33999633789062,1689800
2019-02-05,146.88999938964844,151.57000732421875,146.67999267578125,147.5500030517578,2138500
2019-02-06,145.75999450683594,147.27000427246094,143.47000122070312,146.9600067138672,1452900
2019-02-07,147.6300048828125,147.6699981689453,143.05999755859375,144.3300018310547,1803200
2019-02-08,148.6199951171875,150.0,147.0,147.1300048828125,1450400
2019-02-11,149.7899932861328,151.92999267578125,149.27999877929688,149.6999969482422,1509200
2019-02-12,157.32000732421875,157.5500030517578,150.57000732421875,150.86000061035156,4021900
2019-02-13,155.27000427246094,158.6699981689453,154.11000061035156,157.94000244140625,2090600
2019-02-14,154.85000610351562,156.4199981689453,152.35000610351562,153.50999450683594,1121000
2019-02-15,151.08999633789062,156.22999572753906,150.5399932861328,155.60000610351562,1925900
2019-02-19,147.57000732421875,149.8000030517578,145.52999877929688,149.17999267578125,2451500
2019-02-20,148.1199951171875,149.50999450683594,147.02999877929688,147.4499969482422,1396900
2019-02-21,148.11000061035156,149.11000061035156,147.0500030517578,147.47000122070312,977300
2019-02-22,149.25999450683594,149.36000061035156,147.5,148.6999969482422,966400
2019-02-25,148.5399932861328,151.50999450683594,148.0500030517578,150.1199951171875,1216900
2019-02-26,150.97999572753906,151.39999389648438,148.19000244140625,148.1999969482422,1469000
2019-02-27,150.55999755859375,152.14999389648438,149.0500030517578,150.0,1146300
2019-02-28,150.4199981689453,151.22999572753906,148.52999877929688,150.17999267578125,1234600
2019-03-01,151.3800048828125,153.9499969482422,150.19000244140625,152.55999755859375,1671900
2019-03-04,147.77999877929688,152.88999938964844,146.4600067138672,152.10000610351562,1450000
2019-03-05,148.89999389648438,149.67999267578125,147.4499969482422,148.07000732421875,983300
2019-03-06,149.08999633789062,150.22999572753906,147.66000366210938,149.60000610351562,805300
2019-03-07,147.6999969482422,148.9199981689453,146.4199981689453,148.3699951171875,1465100
2019-03-08,142.50999450683594,146.6199951171875,141.77999877929688,146.00999450683594,2785400
2019-03-11,145.2899932861328,145.5399932861328,142.35000610351562,143.0,2086500
2019-03-12,145.7899932861328,146.05999755859375,142.6699981689453,145.27999877929688,2090100
2019-03-13,145.41000366210938,147.7100067138672,145.25,146.14999389648438,1309800
2019-03-14,144.17999267578125,145.08999633789062,141.00999450683594,145.08999633789062,2284200
2019-03-15,141.7899932861328,145.47999572753906,141.5500030517578,145.22999572753906,2251100
2019-03-18,144.3300018310547,144.49000549316406,141.50999450683594,141.64999389648438,1587700
2019-03-19,144.99000549316406,146.3000030517578,143.77000427246094,144.66000366210938,1176500
2019-03-20,144.35000610351562,145.5,142.1300048828125,145.4199981689453,1267900
2019-03-21,148.91000366210938,149.5500030517578,144.5399932861328,144.63999938964844,1672900
2019-03-22,143.2100067138672,147.6300048828125,142.24000549316406,145.72999572753906,2644600
2019-03-25,146.5800018310547,147.3699951171875,141.33999633789062,142.91000366210938,2539900
2019-03-26,143.55999755859375,148.42999267578125,142.8000030517578,148.00999450683594,3010800
2019-03-27,146.8000030517578,146.86000061035156,143.8800048828125,144.32000732421875,5524400
2019-03-28,167.5399932861328,171.4499969482422,166.10000610351562,169.14999389648438,14698300
2019-03-29,163.8699951171875,168.3000030517578,162.9499969482422,165.91000366210938,7223700
2019-04-01,165.52000427246094,167.1999969482422,163.22000122070312,164.75999450683594,3958200
2019-04-02,165.47000122070312,166.6999969482422,164.00999450683594,165.61000061035156,2207600
2019-04-03,166.2100067138672,167.5,163.9499969482422,165.60000610351562,1827900
2019-04-04,171.3699951171875,171.69000244140625,166.14999389648438,166.27000427246094,2790400
2019-04-05,169.3699951171875,172.89999389648438,168.83999633789062,172.0399932861328,1951900
2019-04-08,169.77000427246094,170.39999389648438,168.36000061035156,168.77999877929688,2135300
2019-04-09,167.52000427246094,169.8000030517578,165.52999877929688,169.41000366210938,2475600
2019-04-10,167.4600067138672,169.82000732421875,166.67999267578125,168.3000030517578,1573800
2019-04-11,168.0,168.66000366210938,166.92999267578125,167.69000244140625,1409400
2019-04-12,169.8800048828125,170.67999267578125,167.5,168.5,1523400
2019-04-15,172.00999450683594,173.07000732421875,170.02000427246094,170.02000427246094,2475600
2019-04-16,169.3300018310547,173.32000732421875,168.72999572753906,173.0,1759700
2019-04-17,171.22999572753906,171.99000549316406,167.92999267578125,169.88999938964844,1674600
2019-04-18,173.30999755859375,174.63999938964844,169.72000122070312,171.74000549316406,2293200
2019-04-22,173.02000427246094,173.66000366210938,172.0399932861328,173.1999969482422,1260900
2019-04-23,176.77999877929688,177.16000366210938,173.02999877929688,174.50999450683594,2411900
2019-04-24,178.27000427246094,179.5,174.41000366210938,177.7899932861328,2474900
2019-04-25,177.2899932861328,179.22000122070312,176.61000061035156,178.33999633789062,1713300
2019-04-26,177.08999633789062,178.0399932861328,175.41000366210938,177.75,1585600
2019-04-29,177.5,178.85000610351562,176.5,176.61000061035156,1798700
2019-04-30,176.35000610351562,177.75,175.6300048828125,177.25999450683594,1268800
2019-05-01,175.6699981689453,178.27000427246094,175.5800018310547,176.22999572753906,1306800
2019-05-02,176.5500030517578,177.75,174.80999755859375,176.64999389648438,1369500
2019-05-03,178.63999938964844,178.97999572753906,176.00999450683594,176.83999633789062,1036600
2019-05-06,177.69000244140625,178.22000122070312,174.58999633789062,175.1999969482422,919900
2019-05-07,173.97999572753906,177.5,172.10000610351562,177.0,1818600
2019-05-08,175.1699981689453,177.0,172.7899932861328,173.86000061035156,1008300
2019-05-09,173.7100067138672,174.88999938964844,171.27999877929688,173.52999877929688,1218400
2019-05-10,173.67999267578125,175.11000061035156,170.00999450683594,173.50999450683594,1120500
2019-05-13,167.57000732421875,171.1300048828125,166.22000122070312,170.0,2019700
2019-05-14,170.67999267578125,171.50999450683594,167.32000732421875,168.5399932861328,1684300
2019-05-15,172.8800048828125,173.75,168.85000610351562,169.82000732421875,1223300
2019-05-16,176.8000030517578,177.05999755859375,173.67999267578125,173.89999389648438,1330000
2019-05-17,173.0,176.64999389648438,172.55999755859375,176.49000549316406,1577400
2019-05-20,174.14999389648438,174.86000061035156,170.27999877929688,171.0500030517578,1077000
2019-05-21,176.52999877929688,177.27000427246094,174.60000610351562,174.8800048828125,1444800
2019-05-22,175.72000122070312,176.2100067138672,174.52999877929688,176.0,877500
2019-05-23,170.1999969482422,174.92999267578125,169.99000549316406,173.55999755859375,1654100
2019-05-24,172.72000122070312,173.24000549316406,170.5500030517578,171.1699981689453,1509600
2019-05-28,173.5500030517578,176.0399932861328,173.02000427246094,173.11000061035156,2222300
2019-05-29,161.58999633789062,172.8000030517578,160.8800048828125,172.44000244140625,4857100
2019-05-30,163.85000610351562,165.2899932861328,161.57000732421875,161.57000732421875,1915300
2019-05-31,165.58999633789062,165.6300048828125,160.8800048828125,161.0500030517578,1663700
2019-06-03,163.8699951171875,167.5,162.2899932861328,165.8300018310547,1634900
2019-06-04,169.0,169.36000061035156,165.02000427246094,165.39999389648438,1273600
2019-06-05,173.52000427246094,173.82000732421875,169.3800048828125,170.13999938964844,1814500
2019-06-06,170.3800048828125,173.5399932861328,169.7100067138672,173.50999450683594,1685700
2019-06-07,172.49000549316406,172.8000030517578,169.58999633789062,171.66000366210938,1846600
2019-06-10,171.35000610351562,176.3800048828125,170.97999572753906,174.33999633789062,1930900
2019-06-11,171.6300048828125,173.94000244140625,170.30999755859375,172.30999755859375,2016200
2019-06-12,170.88999938964844,173.4499969482422,169.2899932861328,171.92999267578125,5417600
2019-06-13,174.52000427246094,182.88999938964844,172.5,181.9900054931641,11076700
2019-06-14,176.7100067138672,177.72000122070312,171.60000610351562,173.0399932861328,3635700
2019-06-17,183.33999633789065,184.67999267578125,177.08999633789062,177.74000549316406,3987500
2019-06-18,188.02999877929688,188.8000030517578,184.4499969482422,185.57000732421875,3034100
2019-06-19,187.1000061035156,189.0,186.08999633789065,188.1000061035156,1827600
2019-06-20,186.5,190.5200042724609,185.3699951171875,189.1999969482422,2366000
2019-06-21,181.8699951171875,184.8000030517578,180.8500061035156,184.6000061035156,4115900
2019-06-24,182.63999938964844,184.3099975585937,181.5500030517578,182.16000366210932,2053200
2019-06-25,177.25999450683594,182.88999938964844,175.1699981689453,182.63999938964844,2708600
2019-06-26,177.30999755859375,180.7400054931641,177.02999877929688,178.0800018310547,1944500
2019-06-27,180.11000061035156,180.69000244140625,177.08999633789062,177.72000122070312,1410700
2019-06-28,180.2100067138672,181.1100006103516,178.64999389648438,181.0,3067000
2019-07-01,179.9499969482422,183.8300018310547,179.30999755859375,182.3300018310547,1813300
2019-07-02,180.8600006103516,182.6999969482422,179.58999633789062,179.9499969482422,1859500
2019-07-03,183.9900054931641,184.47000122070312,180.8000030517578,181.509994506836,1178800
2019-07-05,183.2100067138672,183.4600067138672,180.6999969482422,183.1999969482422,1511700
2019-07-08,186.8000030517578,186.9499969482422,181.6000061035156,181.8600006103516,1882900
2019-07-09,186.0500030517578,186.5,183.8999938964844,184.92999267578125,2323100
2019-07-10,183.8699951171875,187.32000732421875,183.16000366210932,187.0,1467000
2019-07-11,183.07000732421875,184.41000366210932,181.6000061035156,183.7100067138672,1244600
2019-07-12,189.5200042724609,190.5200042724609,184.6100006103516,185.0,3094500
2019-07-15,189.1699981689453,191.44000244140625,186.75,189.72000122070312,1815400
2019-07-16,190.17999267578125,191.13999938964844,187.6699981689453,189.32000732421875,1430100
2019-07-17,190.3800048828125,190.9600067138672,188.9900054931641,190.3300018310547,959700
2019-07-18,189.38999938964844,190.5,187.1000061035156,189.5599975585937,1114900
2019-07-19,187.94000244140625,190.5500030517578,187.8800048828125,190.1000061035156,952800
2019-07-22,187.75,189.66000366210932,186.0800018310547,189.4600067138672,970100
2019-07-23,189.07000732421875,189.83999633789065,186.7100067138672,189.0,1040800
2019-07-24,192.2100067138672,192.4199981689453,189.07000732421875,189.07000732421875,1067800
2019-07-25,191.2100067138672,193.7100067138672,190.6999969482422,192.9499969482422,1017100
2019-07-26,190.6100006103516,192.7400054931641,189.8099975585937,192.25,899000
2019-07-29,192.08999633789065,192.33999633789065,188.67999267578125,190.6699981689453,841800
2019-07-30,191.7700042724609,193.4600067138672,189.4600067138672,190.97999572753903,1075500
2019-07-31,191.08999633789065,194.25,189.0399932861328,191.0,1256800
2019-08-01,185.4499969482422,192.1499938964844,184.07000732421875,191.27999877929688,1662300
2019-08-02,178.92999267578125,184.88999938964844,177.60000610351562,184.6000061035156,1937700
2019-08-05,174.4600067138672,176.5500030517578,172.1199951171875,173.60000610351562,2364500
2019-08-06,179.6300048828125,180.4600067138672,175.82000732421875,176.5,1371900
2019-08-07,181.3600006103516,181.58999633789065,176.02000427246094,177.44000244140625,1009300
2019-08-08,186.3500061035156,186.8800048828125,182.259994506836,182.6000061035156,1481200
2019-08-09,182.82000732421875,186.0,180.94000244140625,185.3500061035156,950700
2019-08-12,178.82000732421875,182.0500030517578,177.66000366210938,182.0,965400
2019-08-13,179.58999633789062,183.72000122070312,176.4199981689453,177.6199951171875,1677500
2019-08-14,174.67999267578125,176.86000061035156,174.00999450683594,176.0500030517578,1770800
2019-08-15,175.44000244140625,176.35000610351562,172.44000244140625,176.1999969482422,1136600
2019-08-16,177.8300018310547,179.5399932861328,176.17999267578125,177.50999450683594,977600
2019-08-19,178.6699981689453,181.02999877929688,177.3699951171875,179.9499969482422,1181500
2019-08-20,179.6699981689453,180.6000061035156,177.24000549316406,178.83999633789062,1039200
2019-08-21,183.3300018310547,183.52999877929688,179.91000366210938,182.0,971300
2019-08-22,183.97000122070312,185.1199951171875,180.77999877929688,183.8800048828125,1070600
2019-08-23,180.02999877929688,184.1199951171875,178.8300018310547,183.0,1654100
2019-08-26,182.3500061035156,182.97999572753903,180.16000366210932,182.97999572753903,805400
2019-08-27,180.11000061035156,183.8000030517578,179.8000030517578,182.9499969482422,1428400
2019-08-28,182.6999969482422,183.0800018310547,178.52999877929688,179.25,893100
2019-08-29,186.0599975585937,187.1999969482422,184.16000366210932,184.8300018310547,1423100
2019-08-30,184.6699981689453,187.7400054931641,182.58999633789065,187.47999572753903,1239900
2019-09-03,179.5399932861328,184.259994506836,178.25999450683594,183.52999877929688,2558300
2019-09-04,180.6999969482422,181.8600006103516,179.99000549316406,180.6499938964844,2098900
2019-09-05,188.41000366210932,188.9499969482422,183.8800048828125,184.0,5871700
2019-09-06,203.13999938964844,204.44000244140625,197.75,197.7899932861328,10969400
2019-09-09,194.38999938964844,203.759994506836,194.0599975585937,203.509994506836,3878600
2019-09-10,193.259994506836,194.2899932861328,190.8999938964844,194.2899932861328,2538300
2019-09-11,196.41000366210932,198.77999877929688,192.0,193.0200042724609,2173600
2019-09-12,198.72999572753903,201.5500030517578,196.8800048828125,198.1699981689453,2322500
2019-09-13,195.17999267578125,199.4199981689453,194.8600006103516,198.8000030517578,1512700
2019-09-16,193.6999969482422,194.91000366210932,192.1199951171875,194.16000366210932,1310800
2019-09-17,195.47000122070312,197.3300018310547,193.3800048828125,193.5,1201900
2019-09-18,195.3600006103516,197.16000366210932,192.6499938964844,195.4600067138672,1410500
2019-09-19,193.6100006103516,196.0599975585937,193.1699981689453,195.6999969482422,1319300
2019-09-20,189.3000030517578,196.0399932861328,189.17999267578125,194.0800018310547,2431000
2019-09-23,195.17999267578125,195.8699951171875,190.6999969482422,190.6999969482422,2339800
2019-09-24,193.8500061035156,196.7899932861328,190.7400054931641,196.4499969482422,2009300
2019-09-25,193.0200042724609,195.1000061035156,190.57000732421875,193.94000244140625,1335000
2019-09-26,191.5399932861328,193.92999267578125,189.63999938964844,192.3600006103516,962400
2019-09-27,189.72000122070312,192.9600067138672,188.5500030517578,192.67999267578125,1117900
2019-09-30,192.52999877929688,193.41000366210932,190.0500030517578,190.32000732421875,1213300
2019-10-01,192.69000244140625,194.07000732421875,191.32000732421875,193.41000366210932,1317200
2019-10-02,189.1300048828125,191.75,187.1199951171875,190.9199981689453,1351900
2019-10-03,190.1499938964844,190.3000030517578,185.3600006103516,188.759994506836,1382800
2019-10-04,193.1199951171875,193.42999267578125,189.9499969482422,190.4499969482422,1193700
2019-10-07,191.66000366210932,193.3999938964844,190.8099975585937,191.9199981689453,1162200
2019-10-08,191.3699951171875,194.2400054931641,188.94000244140625,190.0599975585937,1150500
2019-10-09,192.16000366210932,194.5,192.0,193.8500061035156,904300
2019-10-10,198.1300048828125,198.22000122070312,191.6100006103516,192.27999877929688,2435700
2019-10-11,201.6199951171875,202.97999572753903,199.5500030517578,199.5500030517578,2285700
2019-10-14,203.0399932861328,205.1100006103516,201.2400054931641,201.88999938964844,1826100
2019-10-15,203.88999938964844,205.3999938964844,202.3099975585937,203.3999938964844,2059300
2019-10-16,203.0800018310547,203.92999267578125,201.6699981689453,202.3600006103516,1440000
2019-10-17,204.9600067138672,205.6499938964844,204.22999572753903,204.8000030517578,1308200
2019-10-18,207.1100006103516,209.0200042724609,203.3099975585937,203.6999969482422,2358000
2019-10-21,205.27999877929688,207.6499938964844,203.0,207.16000366210932,1563400
2019-10-22,204.3999938964844,207.1699981689453,203.9600067138672,206.4199981689453,1038300
2019-10-23,205.4600067138672,206.4199981689453,203.5,204.0500030517578,1067700
2019-10-24,206.83999633789065,206.8800048828125,204.91000366210932,205.22000122070312,835800
2019-10-25,208.0,208.0599975585937,205.0,206.3500061035156,993500
2019-10-28,205.97000122070312,207.52999877929688,203.0,203.8999938964844,2423900
2019-10-29,205.5800018310547,207.47999572753903,204.66000366210932,206.1300048828125,1179100
2019-10-30,205.8500061035156,206.1100006103516,204.3000030517578,205.7700042724609,1283600
2019-10-31,204.2700042724609,207.3999938964844,203.1499938964844,205.3500061035156,1802500
2019-11-01,200.69000244140625,205.66000366210932,199.22999572753903,205.17999267578125,2010600
2019-11-04,196.47999572753903,204.0,194.1499938964844,203.88999938964844,2671000
2019-11-05,194.33999633789065,197.88999938964844,191.2100067138672,197.0,2104600
2019-11-06,200.7400054931641,200.8999938964844,194.2899932861328,196.97999572753903,2484800
2019-11-07,202.82000732421875,203.5500030517578,200.8999938964844,202.0,1791400
2019-11-08,204.1300048828125,204.3099975585937,202.2700042724609,202.5800018310547,1302600
2019-11-11,207.19000244140625,207.19000244140625,202.69000244140625,203.25,1262500
2019-11-12,207.8099975585937,208.7400054931641,206.6699981689453,207.17999267578125,1726900
2019-11-13,211.1100006103516,211.3099975585937,206.9600067138672,207.58999633789065,1721800
2019-11-14,213.22000122070312,213.63999938964844,210.0,210.0399932861328,1252800
2019-11-15,215.91000366210932,216.0500030517578,212.259994506836,214.3099975585937,1492700
2019-11-18,218.4600067138672,219.0800018310547,213.9600067138672,214.5,2023600
2019-11-19,216.8800048828125,219.97000122070312,216.509994506836,217.7899932861328,1731000
2019-11-20,217.0399932861328,218.0599975585937,215.3300018310547,216.83999633789065,1534600
2019-11-21,216.7400054931641,218.8999938964844,216.509994506836,216.97999572753903,978000
2019-11-22,219.8999938964844,220.0,215.1100006103516,218.0,1998500
2019-11-25,222.16000366210932,226.66000366210932,222.0,222.02999877929688,1812900
2019-11-26,222.83999633789065,225.009994506836,220.25,223.259994506836,1522000
2019-11-27,228.8300018310547,229.6499938964844,223.0399932861328,223.88999938964844,1772500
2019-11-29,225.69000244140625,228.83999633789065,225.57000732421875,228.7400054931641,783500
2019-12-02,225.52999877929688,227.0,222.8099975585937,226.25,1420100
2019-12-03,223.19000244140625,223.9900054931641,220.8999938964844,222.57000732421875,1465000
2019-12-04,225.5800018310547,226.3300018310547,223.47999572753903,225.0,1555500
2019-12-05,230.7899932861328,230.82000732421875,226.27999877929688,227.5,1388900
2019-12-06,229.3800048828125,233.1199951171875,229.0599975585937,232.5599975585937,1921700
2019-12-09,230.8800048828125,233.52999877929688,230.22999572753903,232.02999877929688,2131300
2019-12-10,229.6499938964844,231.6999969482422,227.07000732421875,231.6699981689453,2920200
2019-12-11,233.19000244140625,235.5,228.0,229.8999938964844,5272000
2019-12-12,224.47000122070312,228.82000732421875,218.17999267578125,226.0500030517578,11270200
2019-12-13,223.5500030517578,225.5,218.8099975585937,220.42999267578125,5234700
2019-12-16,225.3500061035156,227.32000732421875,223.759994506836,224.72000122070312,2771000
2019-12-17,222.97999572753903,226.44000244140625,221.4600067138672,225.8300018310547,2310300
2019-12-18,224.3099975585937,225.6000061035156,223.3000030517578,223.97000122070312,2071200
2019-12-19,224.1300048828125,224.75,222.2700042724609,223.7899932861328,1808600
2019-12-20,230.2899932861328,230.57000732421875,224.38999938964844,224.69000244140625,3295500
2019-12-23,228.1300048828125,231.13999938964844,227.07000732421875,230.8000030517578,1453000
2019-12-24,229.02999877929688,229.41000366210932,227.1100006103516,228.47000122070312,613600
2019-12-26,231.1699981689453,233.4199981689453,229.3099975585937,229.38999938964844,1790500
2019-12-27,230.0200042724609,232.7899932861328,229.759994506836,232.5599975585937,1515700
2019-12-30,230.8300018310547,231.75,227.52999877929688,229.8000030517578,1204300
2019-12-31,231.6699981689453,232.0,229.6699981689453,231.13999938964844,943200
2020-01-02,233.4199981689453,233.47000122070312,231.7700042724609,232.8999938964844,1449300
2020-01-03,232.63999938964844,234.5,230.22999572753903,231.2400054931641,1315400
2020-01-06,235.42999267578125,235.52999877929688,230.8000030517578,231.4900054931641,1460700
2020-01-07,233.6999969482422,236.8500061035156,233.33999633789065,235.5,1367900
2020-01-08,237.2700042724609,238.009994506836,234.009994506836,234.8800048828125,1883900
2020-01-09,235.8999938964844,239.47000122070312,235.2899932861328,239.22000122070312,1141300
2020-01-10,234.83999633789065,236.27999877929688,233.259994506836,236.2100067138672,1178100
2020-01-13,245.17999267578125,245.3500061035156,238.1100006103516,238.57000732421875,4118600
2020-01-14,243.7700042724609,247.509994506836,243.4499969482422,246.27999877929688,1644000
2020-01-15,243.4900054931641,246.0399932861328,243.38999938964844,245.1499938964844,996800
2020-01-16,243.7100067138672,245.5200042724609,241.7899932861328,245.0,1409700
2020-01-17,241.25,245.72999572753903,241.1499938964844,245.509994506836,1335400
2020-01-21,242.5200042724609,243.47999572753903,240.0,241.42999267578125,1604700
2020-01-22,244.3000030517578,246.0200042724609,243.0599975585937,243.3000030517578,1205800
2020-01-23,243.0599975585937,244.27999877929688,241.5,242.6199951171875,868700
2020-01-24,240.3500061035156,245.0599975585937,239.2700042724609,243.7400054931641,938200
2020-01-27,236.7400054931641,237.8699951171875,231.83999633789065,233.8000030517578,1292000
2020-01-28,239.3500061035156,240.19000244140625,236.3300018310547,238.66000366210932,971400
2020-01-29,243.66000366210932,244.3300018310547,238.7700042724609,240.32000732421875,998200
2020-01-30,243.7700042724609,244.0,240.8999938964844,241.83999633789065,770900
2020-01-31,239.38999938964844,243.5800018310547,239.3000030517578,243.47999572753903,1391600
2020-02-03,246.3699951171875,247.6999969482422,240.17999267578125,240.17999267578125,1792000
2020-02-04,247.9900054931641,250.1000061035156,247.66000366210932,249.8500061035156,1354900
2020-02-05,243.8999938964844,249.7100067138672,243.5599975585937,249.1499938964844,1518600
2020-02-06,243.77999877929688,244.52999877929688,242.7899932861328,244.3500061035156,1155900
2020-02-07,243.509994506836,246.88999938964844,242.1699981689453,243.7700042724609,1087600
2020-02-10,248.5399932861328,249.7400054931641,244.0200042724609,244.0200042724609,1192100
2020-02-11,251.5800018310547,252.38999938964844,248.33999633789065,249.33999633789065,1014700
2020-02-12,253.94000244140625,254.16000366210932,250.77999877929688,252.1100006103516,658100
2020-02-13,253.8600006103516,256.79998779296875,252.3699951171875,253.41000366210932,905300
2020-02-14,254.41000366210932,256.0,253.1499938964844,254.67999267578125,950700
2020-02-18,259.2300109863281,259.739990234375,253.66000366210932,254.009994506836,1273700
2020-02-19,262.510009765625,263.5,259.8099975585937,261.0,908000
2020-02-20,263.67999267578125,266.20001220703125,258.75,262.92999267578125,1518400
2020-02-21,255.8999938964844,265.1000061035156,253.8000030517578,263.0,1587700
2020-02-24,246.2100067138672,247.8699951171875,235.69000244140625,245.38999938964844,1875000
2020-02-25,238.8099975585937,250.4499969482422,237.0500030517578,248.3800048828125,1550900
2020-02-26,238.5599975585937,244.1300048828125,237.0399932861328,239.1499938964844,1219000
2020-02-27,220.6999969482422,232.47999572753903,220.2100067138672,230.44000244140625,2834900
2020-02-28,217.41000366210932,217.6999969482422,208.8999938964844,210.0,3747900
2020-03-02,228.8999938964844,229.2100067138672,216.4900054931641,219.19000244140625,2333900
2020-03-03,227.1300048828125,235.4199981689453,225.9600067138672,228.8699951171875,3570700
2020-03-04,231.6199951171875,232.8800048828125,221.2400054931641,231.509994506836,1723700
2020-03-05,221.19000244140625,227.3800048828125,216.1499938964844,225.3999938964844,2005000
2020-03-06,218.5500030517578,223.3500061035156,212.2400054931641,213.259994506836,2494400
2020-03-09,199.7700042724609,208.3300018310547,194.2400054931641,202.0,2292500
2020-03-10,204.1199951171875,206.9900054931641,197.1100006103516,206.3699951171875,2274000
2020-03-11,193.7400054931641,201.4900054931641,191.38999938964844,199.38999938964844,2114700
2020-03-12,169.1300048828125,180.3300018310547,167.3300018310547,179.4499969482422,3906800
2020-03-13,176.75,176.7899932861328,162.32000732421875,175.89999389648438,2933300
2020-03-16,138.97999572753906,155.88999938964844,138.2899932861328,155.49000549316406,4568200
2020-03-17,144.8800048828125,156.8000030517578,136.08999633789062,141.6999969482422,3764700
2020-03-18,140.36000061035156,140.63999938964844,128.85000610351562,135.1199951171875,3809600
2020-03-19,154.86000061035156,162.77999877929688,136.3300018310547,136.3300018310547,2989600
2020-03-20,165.00999450683594,182.52999877929688,162.60000610351562,163.50999450683594,5338000
2020-03-23,172.3000030517578,180.3600006103516,165.0500030517578,165.5500030517578,4267500
2020-03-24,192.7400054931641,194.8999938964844,180.10000610351562,183.25,2912900
2020-03-25,193.6199951171875,202.8600006103516,192.42999267578125,195.5,3336400
2020-03-26,200.8000030517578,202.83999633789065,189.0500030517578,197.0500030517578,4117800
2020-03-27,188.83999633789065,195.5500030517578,184.0599975585937,192.5,3572100
2020-03-30,193.94000244140625,196.9600067138672,183.02999877929688,188.5,2197800
2020-03-31,189.5500030517578,194.1999969482422,188.19000244140625,193.02999877929688,2027200
2020-04-01,183.5,187.27999877929688,181.52999877929688,181.52999877929688,1767800
2020-04-02,185.4900054931641,185.5,177.77000427246094,182.0,2311300
2020-04-03,181.25,184.7700042724609,179.10000610351562,184.7100067138672,2208300
2020-04-06,194.9499969482422,195.6999969482422,185.75,188.22000122070312,2479100
2020-04-07,194.9199981689453,203.44000244140625,194.6999969482422,202.47999572753903,2228500
2020-04-08,196.009994506836,200.5,194.3300018310547,196.8000030517578,1243300
2020-04-09,203.509994506836,206.0,198.47999572753903,199.63999938964844,1898300
2020-04-13,199.2700042724609,203.44000244140625,197.66000366210932,202.759994506836,1008500
2020-04-14,205.17999267578125,206.7700042724609,201.5800018310547,203.72000122070312,1842400
2020-04-15,207.9499969482422,208.5,199.6000061035156,200.1999969482422,1888900
2020-04-16,209.19000244140625,214.42999267578125,207.67999267578125,210.0,2187000
2020-04-17,225.8600006103516,226.4199981689453,213.5200042724609,215.25,3555200
2020-04-20,218.58999633789065,224.509994506836,216.7899932861328,222.7899932861328,2086100
2020-04-21,206.72000122070312,216.5500030517578,206.5,215.0,2145200
2020-04-22,212.08999633789065,214.22000122070312,210.009994506836,210.91000366210932,1349800
2020-04-23,211.63999938964844,216.72000122070312,210.4199981689453,212.38999938964844,1102600
2020-04-24,214.5500030517578,216.5,212.1000061035156,213.759994506836,1520800
2020-04-27,226.88999938964844,227.8699951171875,216.3800048828125,217.6000061035156,2227100
2020-04-28,224.47000122070312,231.9499969482422,224.19000244140625,231.3000030517578,1340000
2020-04-29,232.42999267578125,237.4900054931641,227.509994506836,229.83999633789065,1393300
2020-04-30,223.47999572753903,231.5500030517578,223.47999572753903,229.72000122070312,1591200
2020-05-01,218.69000244140625,220.4600067138672,216.1999969482422,219.1100006103516,1744600
2020-05-04,218.69000244140625,218.83999633789065,213.97000122070312,215.0800018310547,1059700
2020-05-05,218.2100067138672,222.0,216.17999267578125,221.72000122070312,1298900
2020-05-06,223.17999267578125,225.0,218.97000122070312,218.9900054931641,1229600
2020-05-07,225.9900054931641,228.58999633789065,220.57000732421875,224.52999877929688,1700200
2020-05-08,237.9900054931641,238.32000732421875,228.5,229.0,2036900
2020-05-11,245.6199951171875,246.83999633789065,234.52999877929688,237.57000732421875,1952100
2020-05-12,242.6000061035156,248.75,242.33999633789065,247.07000732421875,1924600
2020-05-13,229.38999938964844,243.1000061035156,225.88999938964844,242.25,2240100
2020-05-14,237.57000732421875,237.7400054931641,225.8099975585937,226.5599975585937,1453700
2020-05-15,247.08999633789065,247.5399932861328,234.009994506836,234.88999938964844,1750800
2020-05-18,255.6499938964844,259.6099853515625,252.02999877929688,253.72999572753903,2318200
2020-05-19,251.41000366210932,257.3800048828125,251.02999877929688,256.8900146484375,1480500
2020-05-20,258.3800048828125,259.6000061035156,255.17999267578125,256.1000061035156,1095900
2020-05-21,267.5299987792969,268.2699890136719,257.57000732421875,259.3699951171875,1808400
2020-05-22,276.7300109863281,277.0199890136719,267.0199890136719,268.70001220703125,2073900
2020-05-26,281.4100036621094,284.9200134277344,279.3099975585937,282.54998779296875,2118500
2020-05-27,281.5,282.8999938964844,271.6000061035156,281.3800048828125,2158700
2020-05-28,284.4200134277344,291.3099975585937,277.5199890136719,281.4700012207031,2307900
2020-05-29,300.1000061035156,301.489990234375,284.1499938964844,285.9100036621094,4871000
2020-06-01,308.69000244140625,310.2200012207031,297.25,299.7699890136719,2390200
2020-06-02,312.29998779296875,314.8699951171875,302.010009765625,305.510009765625,2872000
2020-06-03,323.739990234375,324.70001220703125,312.5,313.0599975585937,2760300
2020-06-04,317.4200134277344,323.5199890136719,313.5,321.5,2752000
2020-06-05,319.7799987792969,323.79998779296875,317.0,319.1600036621094,2385300
2020-06-08,315.29998779296875,322.6300048828125,312.7300109863281,322.0599975585937,2588500
2020-06-09,316.3999938964844,318.8999938964844,307.79998779296875,313.20001220703125,2375200
2020-06-10,323.25,324.760009765625,316.5400085449219,318.6000061035156,1746800
2020-06-11,308.1199951171875,321.1000061035156,306.6300048828125,314.3699951171875,3659600
2020-06-12,296.3599853515625,308.3800048828125,289.54998779296875,302.8399963378906,7634500
2020-06-15,303.04998779296875,303.25,288.6099853515625,289.1700134277344,2256900
2020-06-16,310.6099853515625,312.79998779296875,303.2699890136719,310.7900085449219,2106000
2020-06-17,303.69000244140625,313.8299865722656,302.57000732421875,313.0,1720300
2020-06-18,302.9800109863281,305.6600036621094,299.0,303.989990234375,1573700
2020-06-19,297.3800048828125,307.010009765625,295.2900085449219,306.9800109863281,2299800
2020-06-22,304.69000244140625,306.57000732421875,293.8500061035156,298.010009765625,1580300
2020-06-23,301.1600036621094,310.2099914550781,300.7300109863281,308.010009765625,1392100
2020-06-24,295.2200012207031,303.1499938964844,290.5199890136719,299.4800109863281,1595000
2020-06-25,295.1300048828125,295.260009765625,288.5,294.29998779296875,1268000
2020-06-26,289.5299987792969,295.1000061035156,288.1099853515625,293.79998779296875,1700800
2020-06-29,294.3500061035156,295.6700134277344,284.2900085449219,290.1099853515625,1860900
2020-06-30,312.010009765625,318.32000732421875,304.20001220703125,305.0,5473600
2020-07-01,308.6199951171875,316.989990234375,306.3599853515625,314.5,1767500
2020-07-02,304.7699890136719,312.5899963378906,302.5,312.1499938964844,1885100
2020-07-06,314.3500061035156,316.1199951171875,308.6000061035156,309.0,2557900
2020-07-07,306.739990234375,313.1300048828125,306.3099975585937,313.1199951171875,1337000
2020-07-08,309.8800048828125,311.25,306.5799865722656,310.8800048828125,1269300
2020-07-09,315.0799865722656,319.1099853515625,303.67999267578125,309.79998779296875,3287300
2020-07-10,314.3900146484375,317.9700012207031,308.1199951171875,316.6400146484375,1755600
2020-07-13,305.1499938964844,321.82000732421875,304.5400085449219,316.75,2212300
2020-07-14,308.32000732421875,309.45001220703125,295.010009765625,303.5299987792969,2051200
2020-07-15,312.510009765625,314.0,304.1400146484375,308.5899963378906,1653600
2020-07-16,313.0799865722656,315.2099914550781,306.7799987792969,308.5,1185300
2020-07-17,316.82000732421875,319.0400085449219,310.8599853515625,315.0199890136719,1674000
2020-07-20,326.8399963378906,329.8500061035156,317.0,319.1400146484375,1996500
2020-07-21,325.3900146484375,330.8999938964844,324.07000732421875,330.3599853515625,1471100
2020-07-22,326.7200012207031,329.4800109863281,322.5299987792969,325.8900146484375,901500
2020-07-23,320.010009765625,337.57000732421875,316.0,327.1600036621094,2592500
2020-07-24,321.5,325.7099914550781,313.6199951171875,316.260009765625,1441900
2020-07-27,331.54998779296875,333.17999267578125,323.0400085449219,324.2799987792969,2029300
2020-07-28,322.6400146484375,333.8800048828125,321.9100036621094,331.2200012207031,1534100
2020-07-29,325.739990234375,329.5,321.5,322.20001220703125,1318800
2020-07-30,323.6600036621094,325.3800048828125,316.989990234375,322.29998779296875,1225400
2020-07-31,325.5899963378906,326.2799987792969,319.6000061035156,326.1700134277344,1282500
2020-08-03,328.5899963378906,331.1700134277344,324.010009765625,327.989990234375,1362500
2020-08-04,328.2099914550781,330.3900146484375,324.32000732421875,327.92999267578125,1046700
2020-08-05,340.4200134277344,343.5899963378906,328.2699890136719,330.94000244140625,2187200
2020-08-06,339.17999267578125,343.0899963378906,334.1199951171875,342.32000732421875,1153200
2020-08-07,342.1199951171875,343.739990234375,336.510009765625,339.0799865722656,1580200
2020-08-10,344.32000732421875,347.3500061035156,337.3900146484375,342.4700012207031,1611900
2020-08-11,335.3699951171875,344.7799987792969,334.8699951171875,344.32000732421875,1518800
2020-08-12,345.3299865722656,346.42999267578125,337.7900085449219,338.0,1294400
2020-08-13,350.2900085449219,354.5899963378906,346.2699890136719,349.989990234375,1439600
2020-08-14,349.1199951171875,351.69000244140625,345.0299987792969,350.1499938964844,877300
2020-08-17,354.8699951171875,355.82000732421875,350.0,350.489990234375,729600
2020-08-18,358.7799987792969,360.7699890136719,352.45001220703125,358.07000732421875,1013000
2020-08-19,360.8399963378906,364.8900146484375,356.1700134277344,360.5799865722656,920600
2020-08-20,366.4200134277344,367.9400024414063,356.29998779296875,358.17999267578125,1078300
2020-08-21,368.75,369.7699890136719,364.5499877929688,367.4500122070313,847400
2020-08-24,376.30999755859375,377.8399963378906,369.3999938964844,372.2000122070313,1565400
2020-08-25,378.5,380.5899963378906,372.2099914550781,376.510009765625,1064100
2020-08-26,381.5,383.2000122070313,376.6700134277344,381.4100036621094,1021800
2020-08-27,374.8399963378906,384.0499877929688,373.8900146484375,384.0,1693900
2020-08-28,377.4800109863281,380.9200134277344,376.1300048828125,377.0,1257100
2020-08-31,375.6700134277344,379.30999755859375,372.5,377.5,1672000
2020-09-01,391.1600036621094,391.3800048828125,373.55999755859375,376.6000061035156,1363100
2020-09-02,398.2900085449219,399.8999938964844,387.0799865722656,398.1099853515625,1631300
2020-09-03,377.8699951171875,396.8299865722656,376.3699951171875,393.3900146484375,2412900
2020-09-04,361.4100036621094,376.3999938964844,345.9700012207031,372.3900146484375,3111700
2020-09-08,349.79998779296875,365.0,348.5,351.010009765625,3512500
2020-09-09,323.92999267578125,334.9200134277344,315.25,334.8299865722656,8543100
2020-09-10,320.0,336.2799987792969,317.6700134277344,326.8999938964844,3416600
2020-09-11,313.3900146484375,323.0,308.6300048828125,323.0,3090400
2020-09-14,313.82000732421875,317.75,311.1300048828125,315.989990234375,1775600
2020-09-15,315.489990234375,319.0,312.67999267578125,318.3299865722656,1836700
2020-09-16,309.989990234375,317.42999267578125,309.5799865722656,316.32000732421875,1689900
2020-09-17,303.1099853515625,308.8399963378906,301.54998779296875,304.1499938964844,2258100
2020-09-18,294.760009765625,304.79998779296875,290.57000732421875,304.7300109863281,3042800
2020-09-21,295.5599975585937,295.67999267578125,287.2099914550781,289.6499938964844,2257300
2020-09-22,313.6000061035156,314.1499938964844,296.7699890136719,297.6199951171875,4030400
2020-09-23,316.7699890136719,331.8500061035156,313.7900085449219,325.3399963378906,4646000
2020-09-24,315.5799865722656,320.9200134277344,303.2099914550781,312.8900146484375,2451300
2020-09-25,315.3500061035156,316.5,308.5899963378906,315.6099853515625,1788000
2020-09-28,318.7300109863281,319.2900085449219,310.6000061035156,317.8800048828125,1448500
2020-09-29,323.6700134277344,325.239990234375,315.9700012207031,318.739990234375,1342200
2020-09-30,329.3699951171875,334.3399963378906,326.8099975585937,328.79998779296875,2001800
2020-10-01,341.04998779296875,343.2699890136719,332.6199951171875,334.010009765625,1715900
2020-10-02,332.6700134277344,339.260009765625,327.7300109863281,333.0,1848400
2020-10-05,337.8699951171875,337.9700012207031,327.0299987792969,334.0,1397600
2020-10-06,329.2900085449219,339.489990234375,327.3900146484375,335.6600036621094,1575500
2020-10-07,338.9100036621094,339.20001220703125,333.1000061035156,333.3800048828125,1225800
2020-10-08,337.94000244140625,343.94000244140625,337.1700134277344,343.8999938964844,1077500
2020-10-09,346.4599914550781,349.3500061035156,338.3999938964844,340.8099975585937,1726000
2020-10-12,348.0,351.54998779296875,342.8299865722656,351.20001220703125,1236500
2020-10-13,356.2900085449219,359.239990234375,348.20001220703125,350.0,1402000
2020-10-14,352.07000732421875,358.8900146484375,346.3099975585937,358.8900146484375,1127800
2020-10-15,353.6099853515625,354.7300109863281,345.0,345.1199951171875,761800
2020-10-16,349.95001220703125,358.57000732421875,348.2900085449219,356.1499938964844,868900
2020-10-19,336.4599914550781,352.3099975585937,336.04998779296875,351.0,1367200
2020-10-20,330.0400085449219,338.6300048828125,329.8800048828125,338.260009765625,1276800
2020-10-21,325.5,336.6600036621094,325.1600036621094,331.1600036621094,1623700
2020-10-22,325.6700134277344,327.3699951171875,316.4800109863281,326.5299987792969,1847000
2020-10-23,333.9200134277344,334.19000244140625,322.82000732421875,327.010009765625,1164100
2020-10-26,331.6000061035156,340.8500061035156,325.6499938964844,336.1000061035156,1416700
2020-10-27,333.8099975585937,337.2900085449219,330.510009765625,332.8800048828125,891700
2020-10-28,329.510009765625,333.0,326.260009765625,330.3900146484375,1088500
2020-10-29,330.1499938964844,335.20001220703125,326.4200134277344,332.9800109863281,803400
2020-10-30,319.2900085449219,328.6700134277344,314.6300048828125,326.69000244140625,1398200
2020-11-02,315.5,324.2300109863281,307.8099975585937,321.0199890136719,1327300
2020-11-03,327.1300048828125,328.8599853515625,312.04998779296875,317.5,1196400
2020-11-04,340.17999267578125,342.25,331.0799865722656,336.75,1381500
2020-11-05,347.17999267578125,348.510009765625,338.25,345.2099914550781,1187500
2020-11-06,343.79998779296875,349.6400146484375,343.0199890136719,348.1499938964844,990000
2020-11-09,326.9599914550781,353.92999267578125,326.6499938964844,351.5,1882500
2020-11-10,322.19000244140625,328.5199890136719,311.0400085449219,326.17999267578125,1520100
2020-11-11,336.67999267578125,337.8599853515625,322.19000244140625,325.6099853515625,984500
2020-11-12,329.9100036621094,338.8999938964844,328.57000732421875,335.0,897000
2020-11-13,325.45001220703125,332.6499938964844,324.5,330.5,792100
2020-11-16,331.7699890136719,333.760009765625,322.1700134277344,324.0199890136719,915800
2020-11-17,338.3999938964844,340.70001220703125,327.2099914550781,331.0,799800
2020-11-18,336.92999267578125,342.5899963378906,333.8500061035156,339.8099975585937,917700
2020-11-19,344.6000061035156,345.3599853515625,332.1600036621094,336.32000732421875,898100
2020-11-20,345.739990234375,349.9800109863281,340.29998779296875,342.70001220703125,843200
2020-11-23,348.5299987792969,351.4100036621094,343.6199951171875,348.45001220703125,805700
2020-11-24,349.54998779296875,352.0,344.4100036621094,350.57000732421875,678100
2020-11-25,357.79998779296875,358.25,348.17999267578125,350.0,1085600
2020-11-27,365.3900146484375,365.7799987792969,358.010009765625,361.6600036621094,847800
2020-11-30,370.2200012207031,371.9800109863281,357.489990234375,367.7799987792969,1632200
2020-12-01,377.5199890136719,379.6900024414063,370.4400024414063,373.2099914550781,1510600
2020-12-02,372.6000061035156,381.3699951171875,371.5799865722656,375.6900024414063,1090200
2020-12-03,375.4200134277344,383.5400085449219,373.3800048828125,374.2099914550781,1524000
2020-12-04,377.05999755859375,380.25,374.3599853515625,378.8699951171875,1267800
2020-12-07,371.4800109863281,376.5499877929688,366.6600036621094,376.2999877929688,2041800
2020-12-08,371.0700073242188,375.6700134277344,367.0,372.0299987792969,1569200
2020-12-09,363.55999755859375,378.5,361.8399963378906,374.510009765625,1722300
2020-12-10,369.0700073242188,370.6799926757813,359.7799987792969,367.0199890136719,2700600
2020-12-11,344.32000732421875,366.5700073242188,343.2799987792969,366.3299865722656,6440600
2020-12-14,352.3699951171875,354.8299865722656,337.07000732421875,344.0,2712300
2020-12-15,356.07000732421875,360.80999755859375,353.6199951171875,355.94000244140625,2078600
2020-12-16,363.1000061035156,363.5,351.57000732421875,357.2099914550781,2086700
2020-12-17,386.0700073242188,387.3699951171875,363.989990234375,367.0,3870300
2020-12-18,378.0499877929688,387.2200012207031,373.1799926757813,387.05999755859375,2698300
2020-12-21,373.3999938964844,377.7699890136719,369.4599914550781,373.3599853515625,1714600
2020-12-22,360.07000732421875,375.0,357.5199890136719,373.75,2334000
2020-12-23,355.1300048828125,363.989990234375,354.9100036621094,363.0,1348800
2020-12-24,351.4200134277344,356.3900146484375,350.45001220703125,355.0,757800
2020-12-28,351.3599853515625,355.19000244140625,345.5,355.19000244140625,1353000
2020-12-29,353.2200012207031,354.2200012207031,343.6700134277344,353.760009765625,1227100
2020-12-30,350.7799987792969,356.0,349.79998779296875,355.0,1197000
2020-12-31,348.0299987792969,351.8099975585937,346.760009765625,349.2799987792969,792000
2021-01-04,356.3999938964844,356.8299865722656,346.4100036621094,351.6700134277344,2015300
2021-01-05,366.5,369.4400024414063,357.3800048828125,357.8900146484375,2122900
2021-01-06,363.25,367.6000061035156,357.4800109863281,362.1099853515625,1170800
2021-01-07,367.2900085449219,374.2000122070313,364.6000061035156,366.8699951171875,1103000
2021-01-08,365.4599914550781,370.5400085449219,362.5899963378906,367.3599853515625,994900
2021-01-11,361.6600036621094,373.0799865722656,352.3399963378906,354.1300048828125,1754000
2021-01-12,356.92999267578125,362.25,351.1400146484375,361.6000061035156,1628000
2021-01-13,352.1400146484375,359.010009765625,350.5,357.75,1108700
2021-01-14,347.7300109863281,357.5899963378906,347.510009765625,352.29998779296875,1047700
2021-01-15,344.5,347.20001220703125,337.42999267578125,347.0,1401200
2021-01-19,342.25,348.54998779296875,340.1499938964844,346.489990234375,1200100
2021-01-20,355.1199951171875,357.1300048828125,343.8099975585937,344.9100036621094,1311000
2021-01-21,349.2200012207031,358.04998779296875,348.79998779296875,356.760009765625,840900
2021-01-22,346.3699951171875,350.1700134277344,344.4200134277344,349.1499938964844,651600
2021-01-25,339.989990234375,350.0,335.0,347.1400146484375,1784500
2021-01-26,330.5599975585937,340.5,328.6499938964844,340.5,1962300
2021-01-27,329.510009765625,331.489990234375,312.8999938964844,325.5,2104000
2021-01-28,330.239990234375,336.5,328.70001220703125,330.79998779296875,1673400
2021-01-29,328.67999267578125,330.8099975585937,322.010009765625,327.8500061035156,1258000
2021-02-01,333.4700012207031,334.2200012207031,324.3999938964844,329.3800048828125,1410700
2021-02-02,343.9200134277344,344.3299865722656,334.6700134277344,335.82000732421875,1154200
2021-02-03,332.3900146484375,345.0,331.5199890136719,344.989990234375,1367900
2021-02-04,338.5899963378906,340.0,334.3500061035156,335.3399963378906,1143200
2021-02-05,334.0799865722656,340.20001220703125,332.9100036621094,340.20001220703125,1226700
2021-02-08,339.7099914550781,342.42999267578125,334.1199951171875,335.95001220703125,1039200
2021-02-09,340.69000244140625,342.3299865722656,334.1499938964844,336.6499938964844,948100
2021-02-10,341.3900146484375,344.9100036621094,338.010009765625,341.20001220703125,919100
2021-02-11,345.8900146484375,347.0,340.8599853515625,344.7200012207031,950400
2021-02-12,342.8599853515625,345.6700134277344,339.25,345.010009765625,829500
2021-02-16,339.8500061035156,345.0,339.2300109863281,344.19000244140625,862000
2021-02-17,337.5199890136719,338.5899963378906,331.19000244140625,338.07000732421875,869100
2021-02-18,336.8299865722656,338.4200134277344,325.75,334.8500061035156,1242800
2021-02-19,332.2300109863281,338.19000244140625,331.1199951171875,337.0,1171800
2021-02-22,321.489990234375,328.8099975585937,319.3099975585937,328.8099975585937,1324400
2021-02-23,322.8500061035156,325.510009765625,304.8699951171875,315.7699890136719,1948100
2021-02-24,317.70001220703125,321.17999267578125,312.510009765625,318.7900085449219,1127900
2021-02-25,310.1199951171875,326.19000244140625,308.5799865722656,316.20001220703125,1278400
2021-02-26,311.67999267578125,316.5799865722656,306.3999938964844,312.3500061035156,1460800
2021-03-01,314.8299865722656,317.3500061035156,312.1099853515625,313.0899963378906,1315000
2021-03-02,317.4700012207031,321.25,312.1000061035156,316.510009765625,1371100
2021-03-03,295.989990234375,315.75,295.67999267578125,313.69000244140625,2479200
2021-03-04,285.1400146484375,299.2799987792969,280.4800109863281,296.4100036621094,3084200
2021-03-05,293.239990234375,293.82000732421875,269.2799987792969,290.45001220703125,2596200
2021-03-08,288.94000244140625,295.8699951171875,288.04998779296875,291.1700134277344,1966500
2021-03-09,298.3500061035156,304.8500061035156,294.7799987792969,296.95001220703125,1585200
2021-03-10,309.0,311.4100036621094,299.19000244140625,302.07000732421875,2368300
2021-03-11,310.3399963378906,315.3399963378906,308.739990234375,313.5299987792969,1804500
2021-03-12,306.0799865722656,307.70001220703125,299.010009765625,304.4599914550781,1260700
2021-03-15,314.32000732421875,314.57000732421875,304.1700134277344,306.7300109863281,875200
2021-03-16,308.75,316.8900146484375,305.70001220703125,315.54998779296875,1145600
2021-03-17,315.2200012207031,316.5899963378906,303.8900146484375,303.8900146484375,1022000
2021-03-18,306.3500061035156,316.20001220703125,305.2799987792969,311.1700134277344,1109900
2021-03-19,308.7099914550781,312.4800109863281,303.510009765625,305.3699951171875,1623600
2021-03-22,313.6000061035156,316.5199890136719,308.760009765625,309.5899963378906,889300
2021-03-23,314.0299987792969,321.29998779296875,312.8999938964844,314.2200012207031,1155200
2021-03-24,307.3099975585937,319.70001220703125,306.67999267578125,316.29998779296875,1039300
2021-03-25,306.2099914550781,307.8500061035156,298.5400085449219,303.5599975585937,1326800
2021-03-26,314.0,314.1499938964844,302.4800109863281,302.6099853515625,1109400
2021-03-29,316.1600036621094,319.79998779296875,310.25,317.4599914550781,1475100
2021-03-30,317.0899963378906,320.5799865722656,311.44000244140625,314.5199890136719,2537100
2021-03-31,306.7099914550781,311.69000244140625,300.04998779296875,307.6499938964844,4932400
2021-04-01,301.07000732421875,308.7900085449219,300.32000732421875,308.2900085449219,2987500
2021-04-05,298.75,302.8599853515625,295.8900146484375,302.8599853515625,2156400
2021-04-06,308.5199890136719,309.3299865722656,298.0199890136719,300.3800048828125,2004800
2021-04-07,306.0400085449219,311.32000732421875,304.75,306.8699951171875,1162200
2021-04-08,312.5599975585937,313.8800048828125,308.1099853515625,309.9700012207031,1550000
2021-04-09,318.1199951171875,319.29998779296875,310.6000061035156,311.45001220703125,1357900
2021-04-12,323.8699951171875,324.260009765625,314.3599853515625,317.7799987792969,1246900
2021-04-13,324.0,324.4200134277344,318.57000732421875,322.6700134277344,1077400
2021-04-14,323.0,325.0,321.2200012207031,323.8599853515625,1060500
2021-04-15,325.8299865722656,328.3999938964844,323.3999938964844,324.5400085449219,1058100
2021-04-16,324.1000061035156,325.7300109863281,321.510009765625,325.510009765625,923200
2021-04-19,322.2699890136719,324.9700012207031,321.4800109863281,321.4800109863281,1062600
2021-04-20,316.2900085449219,323.6499938964844,314.8299865722656,322.79998779296875,868200
2021-04-21,326.67999267578125,326.67999267578125,316.70001220703125,316.8999938964844,1243800
2021-04-22,338.75,338.8800048828125,326.17999267578125,326.17999267578125,2146700
2021-04-23,340.9800109863281,342.4599914550781,336.7099914550781,338.6099853515625,1641400
2021-04-26,337.79998779296875,341.1199951171875,334.8399963378906,340.6099853515625,787300
2021-04-27,339.2799987792969,341.4800109863281,336.20001220703125,338.0,617600
2021-04-28,338.0599975585937,342.0,335.5899963378906,339.2699890136719,626000
2021-04-29,342.8999938964844,347.0,339.1700134277344,340.8399963378906,1067300
2021-04-30,335.2699890136719,344.45001220703125,334.989990234375,342.8599853515625,1091600
2021-05-03,335.3800048828125,337.0199890136719,332.760009765625,336.4700012207031,757000
2021-05-04,324.8999938964844,331.989990234375,321.8800048828125,330.0,1025400
2021-05-05,322.0899963378906,330.739990234375,321.0199890136719,326.8599853515625,823800
2021-05-06,321.2799987792969,323.7699890136719,317.2900085449219,320.5,742000
2021-05-07,330.239990234375,331.54998779296875,322.0299987792969,322.0299987792969,859900
2021-05-10,324.260009765625,331.6499938964844,324.1499938964844,330.0,856900
2021-05-11,322.0400085449219,323.7699890136719,316.3999938964844,318.69000244140625,1200000
2021-05-12,305.2099914550781,321.70001220703125,304.29998779296875,317.0199890136719,1312800
2021-05-13,307.92999267578125,311.0400085449219,304.0,307.7799987792969,854300
2021-05-14,314.6499938964844,316.7699890136719,309.0,309.4200134277344,606400
2021-05-17,314.5400085449219,314.6499938964844,309.1199951171875,311.5,631800
2021-05-18,312.0299987792969,316.5799865722656,310.7900085449219,314.29998779296875,653600
2021-05-19,310.3099975585937,310.9200134277344,304.3800048828125,307.4599914550781,737700
2021-05-20,319.1700134277344,320.0400085449219,310.7200012207031,310.9100036621094,846200
2021-05-21,313.20001220703125,322.8699951171875,310.4100036621094,322.8699951171875,1186900
2021-05-24,318.19000244140625,320.3999938964844,313.5,315.239990234375,735700
2021-05-25,324.1099853515625,324.54998779296875,318.82000732421875,320.8399963378906,967700
2021-05-26,329.760009765625,330.0299987792969,324.3699951171875,325.9100036621094,1049600
2021-05-27,328.1099853515625,331.3999938964844,323.7200012207031,327.5199890136719,1744100
2021-05-28,323.1300048828125,330.5199890136719,323.0,330.5199890136719,909400
2021-06-01,318.6199951171875,323.3900146484375,315.8999938964844,322.44000244140625,1318200
2021-06-02,320.7799987792969,321.7099914550781,315.7900085449219,319.9100036621094,1124900
2021-06-03,317.3599853515625,320.9200134277344,313.0599975585937,318.6300048828125,1954900
2021-06-04,329.5199890136719,331.0299987792969,318.5,321.8599853515625,2591100
2021-06-07,331.6099853515625,338.20001220703125,330.1099853515625,330.5299987792969,1444400
2021-06-08,331.0,335.489990234375,328.3299865722656,334.8699951171875,1134100
2021-06-09,327.2200012207031,331.7699890136719,325.6000061035156,331.0899963378906,861400
2021-06-10,329.79998779296875,332.760009765625,327.510009765625,329.0199890136719,671500
2021-06-11,338.29998779296875,338.69000244140625,329.5400085449219,331.1000061035156,957700
2021-06-14,337.6199951171875,347.239990234375,335.20001220703125,340.7699890136719,895800
2021-06-15,335.19000244140625,336.57000732421875,333.4200134277344,336.3900146484375,644600
2021-06-16,337.260009765625,339.1400146484375,333.4700012207031,337.5199890136719,841200
2021-06-17,349.3999938964844,351.1000061035156,334.5,335.1499938964844,2003600
2021-06-18,347.57000732421875,351.260009765625,343.489990234375,346.2099914550781,1509700
2021-06-21,352.2900085449219,354.489990234375,345.7200012207031,348.1700134277344,829000
2021-06-22,359.1099853515625,360.25,352.04998779296875,352.2799987792969,921600
2021-06-23,359.3999938964844,362.1700134277344,357.0199890136719,358.260009765625,684500
2021-06-24,361.9100036621094,364.9599914550781,361.1700134277344,362.8399963378906,768200
2021-06-25,363.6900024414063,371.0,361.0,365.0,1707700
2021-06-28,363.7900085449219,367.7900085449219,363.5199890136719,365.05999755859375,1222100
2021-06-29,366.6600036621094,368.3200073242188,363.1499938964844,363.7900085449219,648800
2021-06-30,364.9700012207031,367.25,364.489990234375,366.3399963378906,663900
2021-07-01,364.2300109863281,366.510009765625,361.510009765625,363.7900085449219,880800
2021-07-02,368.4700012207031,369.5499877929688,365.510009765625,365.8699951171875,697300
2021-07-06,371.3699951171875,372.4100036621094,364.739990234375,369.9500122070313,948000
2021-07-07,377.8200073242188,378.0,371.260009765625,374.0,836800
2021-07-08,373.5299987792969,375.1499938964844,368.6799926757813,370.6799926757813,795500
2021-07-09,377.4200134277344,378.4299926757813,372.7699890136719,373.9100036621094,671400
2021-07-12,368.9100036621094,378.0,366.5799865722656,375.9299926757813,806000
2021-07-13,370.7699890136719,372.6199951171875,365.8800048828125,367.0400085449219,647000
2021-07-14,376.989990234375,385.8999938964844,375.8299865722656,377.3399963378906,2119400
2021-07-15,376.1700134277344,380.8200073242188,370.3800048828125,379.6099853515625,1186200
2021-07-16,371.6900024414063,378.5,370.9800109863281,376.4100036621094,623700
2021-07-19,373.0400085449219,373.7200012207031,364.510009765625,367.7799987792969,903900
2021-07-20,383.2999877929688,387.9200134277344,373.55999755859375,375.2699890136719,1637800
2021-07-21,383.6199951171875,386.3699951171875,380.5,383.2000122070313,682400
2021-07-22,395.8500061035156,397.5,383.75,383.75,1196500
2021-07-23,402.7900085449219,405.9500122070313,394.1300048828125,394.989990234375,1214700
2021-07-26,395.4400024414063,405.9400024414063,392.5400085449219,402.5700073242188,799200
2021-07-27,391.4299926757813,394.2699890136719,385.739990234375,394.2699890136719,652300
2021-07-28,393.0899963378906,394.7699890136719,389.1300048828125,392.3500061035156,511500
2021-07-29,402.8699951171875,406.239990234375,394.3200073242188,394.5400085449219,1052000
2021-07-30,400.1700134277344,403.2099914550781,397.8299865722656,399.1400146484375,563800
2021-08-02,402.6499938964844,406.2099914550781,399.5799865722656,402.7699890136719,511900
2021-08-03,407.510009765625,409.25,402.760009765625,402.760009765625,575000
2021-08-04,410.4700012207031,413.489990234375,408.1199951171875,409.0,593200
2021-08-05,414.3900146484375,415.3399963378906,410.6300048828125,411.0,553700
2021-08-06,408.5199890136719,413.0,406.5299987792969,412.4400024414063,609100
2021-08-09,407.6400146484375,410.6499938964844,406.760009765625,409.0899963378906,546300
2021-08-10,405.8699951171875,411.5400085449219,404.5799865722656,407.3299865722656,602100
2021-08-11,408.8200073242188,413.489990234375,405.8699951171875,406.260009765625,567500
2021-08-12,408.9100036621094,410.0400085449219,406.3900146484375,407.5199890136719,397400
2021-08-13,408.7200012207031,409.1400146484375,403.1700134277344,409.0,429300
2021-08-16,407.4200134277344,407.5700073242188,400.3699951171875,406.25,572900
2021-08-17,392.4800109863281,403.25,388.2000122070313,403.1199951171875,1099100
2021-08-18,391.3800048828125,397.3500061035156,390.989990234375,392.6000061035156,512600
2021-08-19,396.489990234375,399.0,384.3599853515625,385.5,840900
2021-08-20,397.8299865722656,398.2000122070313,391.5799865722656,395.9200134277344,635300
2021-08-23,404.3599853515625,406.3200073242188,396.55999755859375,398.5700073242188,546300
2021-08-24,405.7999877929688,406.8299865722656,402.0,403.5,491000
2021-08-25,408.3200073242188,409.0400085449219,402.6499938964844,404.8500061035156,506100
2021-08-26,404.4400024414063,408.5400085449219,402.0,408.5400085449219,469000
2021-08-27,405.9700012207031,409.3399963378906,402.8299865722656,403.760009765625,465800
2021-08-30,414.5199890136719,417.8500061035156,406.4100036621094,406.4400024414063,857700
2021-08-31,400.1700134277344,413.9700012207031,397.3599853515625,413.9700012207031,1275500
2021-09-01,395.5299987792969,401.9500122070313,393.6799926757813,400.7099914550781,966300
2021-09-02,388.3699951171875,398.8500061035156,386.510009765625,398.239990234375,884200
2021-09-03,388.3299865722656,390.7699890136719,385.1199951171875,388.2699890136719,712300
2021-09-07,386.4599914550781,394.9500122070313,383.010009765625,394.8800048828125,1080300
2021-09-08,380.8500061035156,386.2799987792969,376.3699951171875,384.9500122070313,2878300
2021-09-09,420.7099914550781,434.2200012207031,420.2699890136719,433.7300109863281,7789600
2021-09-10,425.5799865722656,430.0499877929688,417.0899963378906,424.0,2150600
2021-09-13,425.1199951171875,428.30999755859375,418.989990234375,428.30999755859375,1244600
2021-09-14,420.5,427.6900024414063,419.3900146484375,426.739990234375,853700
2021-09-15,418.9500122070313,421.0199890136719,414.0899963378906,420.9400024414063,818700
2021-09-16,426.4400024414063,429.7999877929688,417.2099914550781,417.2099914550781,978600
2021-09-17,426.5499877929688,432.739990234375,424.2999877929688,428.3999938964844,1546500
2021-09-20,419.5299987792969,425.2999877929688,412.489990234375,418.1000061035156,971500
2021-09-21,424.1900024414063,426.7000122070313,419.5499877929688,422.3900146484375,610900
2021-09-22,431.1799926757813,431.2799987792969,422.010009765625,425.1199951171875,948500
2021-09-23,431.9100036621094,437.3200073242188,430.0,433.0,1490100
2021-09-24,432.6099853515625,433.6099853515625,424.0700073242188,427.4400024414063,873300
2021-09-27,430.7200012207031,434.9299926757813,427.80999755859375,430.4800109863281,698100
2021-09-28,414.5400085449219,429.4500122070313,413.7000122070313,427.8900146484375,1149400
2021-09-29,410.2200012207031,419.0,408.5,418.0700073242188,898900
2021-09-30,404.7000122070313,411.2999877929688,403.3200073242188,410.2799987792969,798400
2021-10-01,401.3699951171875,408.1900024414063,399.3800048828125,407.5199890136719,787700
2021-10-04,392.5700073242188,401.4599914550781,390.4200134277344,401.30999755859375,956600
2021-10-05,397.1199951171875,404.80999755859375,396.6799926757813,399.0700073242188,818300
2021-10-06,398.1300048828125,400.6799926757813,392.5199890136719,392.6600036621094,810700
2021-10-07,399.7200012207031,408.6099853515625,398.3999938964844,401.010009765625,708700
2021-10-08,397.2200012207031,401.760009765625,393.7200012207031,401.4100036621094,560500
2021-10-11,386.0400085449219,399.3999938964844,385.6099853515625,399.3999938964844,790400
2021-10-12,384.5700073242188,389.739990234375,383.239990234375,388.4400024414063,828100
2021-10-13,400.7099914550781,402.0700073242188,388.3299865722656,390.3699951171875,1450500
2021-10-14,406.989990234375,410.6799926757813,402.0799865722656,404.4800109863281,708700
2021-10-15,403.510009765625,409.4100036621094,403.0,408.0899963378906,815500
2021-10-18,417.3800048828125,417.6199951171875,400.2999877929688,401.25,647700
2021-10-19,416.6400146484375,420.5799865722656,414.3200073242188,417.6400146484375,493600
2021-10-20,414.3999938964844,423.8999938964844,413.6600036621094,419.6600036621094,524600
2021-10-21,424.0400085449219,424.8500061035156,416.1400146484375,416.2699890136719,566800
2021-10-22,421.7300109863281,424.5700073242188,418.8999938964844,422.489990234375,444600
2021-10-25,427.9400024414063,430.0,423.0299987792969,423.739990234375,636700
2021-10-26,432.7300109863281,435.0,427.1099853515625,431.0,629900
2021-10-27,433.7000122070313,438.3599853515625,428.0,432.9500122070313,533700
2021-10-28,443.4599914550781,443.6000061035156,435.30999755859375,435.30999755859375,687400
2021-10-29,466.010009765625,467.0400085449219,446.0799865722656,446.6199951171875,1346200
2021-11-01,458.8800048828125,469.4400024414063,456.1000061035156,468.0,788700
2021-11-02,464.6400146484375,470.1099853515625,460.7699890136719,461.5,676700
2021-11-03,467.4800109863281,469.1000061035156,462.1600036621094,466.1300048828125,561800
2021-11-04,473.9400024414063,478.6600036621094,469.0199890136719,469.9299926757813,676700
2021-11-05,467.9100036621094,477.3800048828125,465.7799987792969,474.2799987792969,817600
2021-11-08,466.1400146484375,471.8200073242188,456.760009765625,471.8200073242188,736300
2021-11-09,470.239990234375,471.8399963378906,465.2999877929688,466.8399963378906,613600
2021-11-10,457.3599853515625,467.55999755859375,453.8500061035156,464.5499877929688,647500
2021-11-11,453.0,462.9100036621094,452.510009765625,461.5,507000
2021-11-12,452.5899963378906,457.4400024414063,450.6099853515625,457.4400024414063,721600
2021-11-15,461.9599914550781,464.6700134277344,454.6600036621094,455.75,737600
2021-11-16,477.9100036621094,485.8299865722656,463.7300109863281,464.510009765625,1390100
2021-11-17,465.8399963378906,477.7999877929688,465.3399963378906,476.7799987792969,866700
2021-11-18,473.239990234375,474.05999755859375,462.0499877929688,469.0,750300
2021-11-19,473.0,478.2799987792969,469.0899963378906,474.3500061035156,872300
2021-11-22,460.9299926757813,473.4299926757813,458.2699890136719,473.4299926757813,795800
2021-11-23,458.760009765625,465.3900146484375,454.7799987792969,460.7099914550781,600200
2021-11-24,457.8599853515625,458.3900146484375,446.5799865722656,452.510009765625,633500
2021-11-26,456.5799865722656,462.1099853515625,453.6400146484375,460.1799926757813,418700
2021-11-29,463.260009765625,466.7200012207031,455.5,458.5,758900
2021-11-30,454.4100036621094,468.7699890136719,452.2000122070313,463.1900024414063,1266300
2021-12-01,448.4299926757813,467.9800109863281,447.9599914550781,459.5499877929688,892200
2021-12-02,450.6799926757813,454.0,441.3999938964844,447.5,833000
2021-12-03,435.7200012207031,454.9400024414063,430.6700134277344,453.4299926757813,1279200
2021-12-06,423.5400085449219,436.5400085449219,413.05999755859375,435.7200012207031,1479900
2021-12-07,434.9500122070313,442.5,431.6600036621094,434.9700012207031,1223400
2021-12-08,426.0,436.3800048828125,421.4700012207031,434.9500122070313,1858600
2021-12-09,416.9200134277344,427.4700012207031,415.8399963378906,426.80999755859375,3002100
2021-12-10,409.5799865722656,421.3900146484375,402.3200073242188,410.0,2641100
2021-12-13,403.75,414.8800048828125,401.4800109863281,412.6700134277344,1142000
2021-12-14,395.0899963378906,399.8200073242188,391.0,398.2799987792969,1431900
2021-12-15,402.4800109863281,405.0,385.1499938964844,394.0799865722656,1901300
2021-12-16,390.6199951171875,404.4299926757813,386.4500122070313,402.4800109863281,1718400
2021-12-17,384.6600036621094,388.510009765625,378.5,384.1499938964844,2066000
2021-12-20,370.5700073242188,382.9500122070313,366.4500122070313,382.6199951171875,2210800
2021-12-21,383.30999755859375,385.2200012207031,375.0700073242188,376.0700073242188,1664500
2021-12-22,388.7900085449219,390.9100036621094,383.5199890136719,385.2699890136719,1104900
2021-12-23,391.55999755859375,392.5299987792969,383.4700012207031,389.010009765625,906600
2021-12-27,400.75,401.9200134277344,392.9800109863281,392.9800109863281,926700
2021-12-28,400.0700073242188,406.0,400.0,405.9599914550781,953600
2021-12-29,401.0,403.0,400.0,400.2999877929688,742600
2021-12-30,398.6900024414063,405.3999938964844,398.5,401.5199890136719,936500
2021-12-31,391.4500122070313,401.9700012207031,391.2699890136719,400.0,1066000
2022-01-03,387.55999755859375,394.489990234375,380.6099853515625,392.2000122070313,1321900
2022-01-04,380.8200073242188,389.7099914550781,376.010009765625,387.239990234375,1199600
2022-01-05,362.4800109863281,381.1600036621094,362.2099914550781,381.1600036621094,1543600
2022-01-06,368.7699890136719,371.4200134277344,355.67999267578125,358.92999267578125,1660200
2022-01-07,355.2099914550781,366.989990234375,354.32000732421875,366.0400085449219,2212200
2022-01-10,348.42999267578125,349.5799865722656,323.5,329.95001220703125,4235900
2022-01-11,346.75,347.489990234375,337.04998779296875,345.8099975585937,1703100
2022-01-12,352.7200012207031,354.44000244140625,345.4800109863281,348.8599853515625,1461600
2022-01-13,336.2699890136719,354.8500061035156,335.7300109863281,353.8999938964844,1479400
2022-01-14,328.9800109863281,335.4800109863281,325.7300109863281,333.5,1850400
2022-01-18,332.5299987792969,336.3299865722656,324.0,325.07000732421875,1376300
2022-01-19,330.95001220703125,338.1000061035156,329.0199890136719,334.3800048828125,997000
2022-01-20,322.5299987792969,340.2900085449219,321.6499938964844,334.5,1362500
2022-01-21,313.0199890136719,324.0,312.6600036621094,321.5,1731600
2022-01-24,321.6199951171875,322.3900146484375,296.19000244140625,308.19000244140625,2444700
2022-01-25,308.8299865722656,315.79998779296875,305.1199951171875,313.010009765625,1347900
2022-01-26,302.760009765625,319.760009765625,299.1700134277344,313.5,1457500
2022-01-27,306.5199890136719,312.42999267578125,304.45001220703125,307.8399963378906,1421800
2022-01-28,315.9100036621094,316.3299865722656,301.6000061035156,303.260009765625,1348400
2022-01-31,333.760009765625,334.0799865722656,316.4100036621094,317.3399963378906,1903700
2022-02-01,344.9100036621094,346.1300048828125,333.3900146484375,335.4800109863281,1818600
2022-02-02,349.19000244140625,353.6199951171875,344.3999938964844,348.8599853515625,2267600
2022-02-03,330.3500061035156,345.4800109863281,329.25,338.0,1664300
2022-02-04,336.3699951171875,339.5199890136719,329.75,329.75,949900
2022-02-07,332.20001220703125,338.8099975585937,327.8099975585937,336.3699951171875,840300
2022-02-08,334.3999938964844,336.1400146484375,327.6499938964844,331.69000244140625,665500
2022-02-09,339.6400146484375,343.57000732421875,335.0,339.2099914550781,703200
2022-02-10,334.3500061035156,343.9200134277344,331.17999267578125,332.04998779296875,1186400
2022-02-11,316.7200012207031,336.1000061035156,315.6300048828125,333.2099914550781,1244200
2022-02-14,313.6400146484375,320.260009765625,309.9700012207031,316.1400146484375,1121900
2022-02-15,318.1499938964844,322.7099914550781,315.1099853515625,320.9100036621094,825500
2022-02-16,320.0400085449219,321.239990234375,312.0199890136719,316.4599914550781,783800
2022-02-17,310.0299987792969,321.1499938964844,309.5899963378906,317.4599914550781,710300
2022-02-18,308.6600036621094,315.4200134277344,307.010009765625,313.239990234375,822300
2022-02-22,304.5799865722656,311.5899963378906,300.92999267578125,306.57000732421875,1291700
2022-02-23,295.239990234375,309.5199890136719,295.1700134277344,309.20001220703125,997400
2022-02-24,310.3599853515625,311.1400146484375,283.2099914550781,285.7799987792969,1507200
2022-02-25,317.5799865722656,318.4200134277344,305.2900085449219,310.0,937000
2022-02-28,319.94000244140625,320.42999267578125,311.3299865722656,312.4200134277344,1284700
2022-03-01,315.17999267578125,326.0199890136719,313.29998779296875,321.1099853515625,1236600
2022-03-02,330.07000732421875,330.7799987792969,316.760009765625,317.3900146484375,1360900
2022-03-03,322.8399963378906,331.5,320.5,330.6600036621094,1094100
2022-03-04,320.5799865722656,323.989990234375,314.5400085449219,321.260009765625,1131000
2022-03-07,302.3800048828125,324.4700012207031,301.8699951171875,322.6300048828125,1452500
2022-03-08,296.5199890136719,306.010009765625,292.19000244140625,301.8599853515625,1637300
2022-03-09,305.82000732421875,306.7900085449219,301.2200012207031,305.9200134277344,1574300
2022-03-10,301.739990234375,303.9800109863281,297.5199890136719,300.0,934700
2022-03-11,291.54998779296875,306.1300048828125,291.3800048828125,306.1300048828125,978400
2022-03-14,289.239990234375,293.760009765625,283.0,290.6700134277344,1459100
2022-03-15,289.9200134277344,293.010009765625,278.0,284.1300048828125,1734300
2022-03-16,305.1000061035156,306.3900146484375,292.25,297.1199951171875,1252200
2022-03-17,307.6000061035156,309.7699890136719,300.2200012207031,304.0299987792969,858800
2022-03-18,316.92999267578125,317.5299987792969,304.75,304.9100036621094,1272400
2022-03-21,308.2200012207031,317.0299987792969,303.5,316.0799865722656,1043000
2022-03-22,315.0299987792969,318.5,311.7099914550781,313.2900085449219,1181000
2022-03-23,310.4200134277344,315.7699890136719,308.17999267578125,313.3800048828125,975100
2022-03-24,317.739990234375,317.8299865722656,306.04998779296875,310.5400085449219,1066500
2022-03-25,321.1400146484375,321.8399963378906,316.010009765625,319.0,1321400
2022-03-28,331.7799987792969,334.0,319.8599853515625,320.2200012207031,2255500
2022-03-29,343.9700012207031,353.3900146484375,336.07000732421875,337.0,3157000
2022-03-30,376.9200134277344,389.1499938964844,358.57000732421875,370.0,8082000
2022-03-31,365.2300109863281,377.0,364.9100036621094,374.9500122070313,2232700
2022-04-01,367.4400024414063,369.2300109863281,362.7000122070313,364.8999938964844,1360300
2022-04-04,384.1799926757813,384.3999938964844,368.25,368.3599853515625,1812700
2022-04-05,378.989990234375,383.7699890136719,372.2799987792969,382.6799926757813,1497900
2022-04-06,371.8299865722656,374.7200012207031,365.0,372.0,1472100
2022-04-07,379.2300109863281,380.3999938964844,368.760009765625,369.7799987792969,1265400
2022-04-08,369.4599914550781,378.2200012207031,369.0799865722656,376.5400085449219,1268100
2022-04-11,368.739990234375,372.4100036621094,361.1099853515625,365.55999755859375,1269000
2022-04-12,376.1600036621094,390.760009765625,372.4599914550781,373.260009765625,1787300
2022-04-13,395.0299987792969,398.5400085449219,375.7900085449219,376.1099853515625,2184900
2022-04-14,390.7799987792969,398.0,390.1700134277344,394.8599853515625,1505200
2022-04-18,387.55999755859375,393.6400146484375,382.4200134277344,389.3500061035156,847100
2022-04-19,404.6600036621094,408.489990234375,394.4700012207031,395.8800048828125,1951400
2022-04-20,385.3999938964844,410.7000122070313,384.8699951171875,410.3200073242188,2287300
2022-04-21,377.25,392.0,375.010009765625,388.489990234375,1747700
2022-04-22,363.6600036621094,376.510009765625,362.6600036621094,373.7300109863281,1640000
2022-04-25,368.0899963378906,368.4700012207031,356.510009765625,361.6000061035156,1350800
2022-04-26,352.5299987792969,366.7900085449219,352.44000244140625,364.239990234375,1336600
2022-04-27,354.0199890136719,361.9800109863281,350.04998779296875,352.5400085449219,1124300
2022-04-28,362.4299926757813,367.3200073242188,352.0899963378906,359.3500061035156,1004900
2022-04-29,354.6300048828125,371.3599853515625,353.92999267578125,364.0199890136719,996900
2022-05-02,360.8399963378906,361.4400024414063,349.6300048828125,354.0,794100
2022-05-03,355.70001220703125,361.4500122070313,353.1199951171875,360.0199890136719,738800
2022-05-04,364.6700134277344,365.3200073242188,345.1700134277344,352.7799987792969,962000
2022-05-05,343.6000061035156,360.9400024414063,338.3299865722656,359.9700012207031,1181000
2022-05-06,317.04998779296875,336.75,309.5299987792969,336.260009765625,2650800
2022-05-09,292.67999267578125,313.0,291.0,308.7900085449219,2201300
2022-05-10,302.1099853515625,307.8399963378906,288.7200012207031,301.4200134277344,1402100
2022-05-11,291.29998779296875,306.5400085449219,290.7799987792969,302.1099853515625,1456500
2022-05-12,294.0,302.7900085449219,281.54998779296875,285.0,1480300
2022-05-13,309.2900085449219,312.5799865722656,301.3599853515625,303.1300048828125,1076700
2022-05-16,304.1499938964844,308.6600036621094,300.5299987792969,302.1099853515625,758600
2022-05-17,305.4800109863281,316.489990234375,300.7699890136719,314.8800048828125,1223600
2022-05-18,272.5199890136719,296.010009765625,268.3599853515625,296.0,2832100
2022-05-19,271.2200012207031,278.7099914550781,264.239990234375,267.70001220703125,1971100
2022-05-20,274.0400085449219,280.8599853515625,263.20001220703125,279.8900146484375,1846700
2022-05-23,272.8399963378906,273.3599853515625,265.5299987792969,269.9200134277344,1312100
2022-05-24,257.510009765625,267.1700134277344,253.07000732421875,266.3999938964844,1861500
2022-05-25,260.6600036621094,264.6000061035156,251.509994506836,254.8800048828125,2576400
2022-05-26,287.4800109863281,289.4700012207031,275.489990234375,276.42999267578125,2340000
2022-05-27,293.6499938964844,297.5599975585937,288.82000732421875,288.82000732421875,1852600
2022-05-31,292.69000244140625,298.19000244140625,289.0299987792969,296.3599853515625,2958000
2022-06-01,289.9599914550781,299.70001220703125,286.8699951171875,297.8500061035156,2197000
2022-06-02,302.5799865722656,303.239990234375,286.70001220703125,290.54998779296875,4300700
2022-06-03,300.79998779296875,305.8099975585937,293.57000732421875,303.45001220703125,3997300
2022-06-06,301.6199951171875,308.4200134277344,296.6000061035156,305.0,1850900
2022-06-07,306.19000244140625,307.8599853515625,294.67999267578125,295.0,1285500
2022-06-08,307.7699890136719,312.8999938964844,304.32000732421875,306.54998779296875,954200
2022-06-09,302.29998779296875,309.44000244140625,302.1300048828125,303.8099975585937,867000
2022-06-10,291.6000061035156,297.5,290.07000732421875,294.5799865722656,1184500
2022-06-13,278.5799865722656,282.3699951171875,273.3399963378906,280.4200134277344,1750200
2022-06-14,280.5,284.6199951171875,276.5799865722656,280.44000244140625,931000
2022-06-15,285.7200012207031,290.1199951171875,279.75,283.2099914550781,955300
2022-06-16,271.3399963378906,278.3699951171875,267.7799987792969,278.3699951171875,1269900
2022-06-17,278.1300048828125,281.2300109863281,271.1499938964844,271.2699890136719,1383900
2022-06-21,276.45001220703125,284.5,275.8900146484375,282.8900146484375,1128700
2022-06-22,277.8800048828125,280.5899963378906,271.3500061035156,274.1199951171875,979300
2022-06-23,286.3299865722656,288.4100036621094,278.0,282.1400146484375,972000
2022-06-24,293.3599853515625,295.7099914550781,288.4700012207031,289.9200134277344,1443300
2022-06-27,287.4800109863281,297.0599975585937,284.2300109863281,295.1199951171875,1010600
2022-06-28,278.5599975585937,294.0599975585937,278.1600036621094,288.3699951171875,939700
2022-06-29,282.9800109863281,286.4599914550781,276.5299987792969,280.4599914550781,819600
2022-06-30,272.6099853515625,279.8299865722656,271.0,277.489990234375,1248200
2022-07-01,263.3800048828125,271.0799865722656,261.0299987792969,269.1400146484375,1867900
2022-07-05,283.6199951171875,283.8399963378906,258.7900085449219,263.1700134277344,2415000
2022-07-06,280.3800048828125,288.8999938964844,275.760009765625,284.32000732421875,956600
2022-07-07,290.7200012207031,291.8699951171875,278.2300109863281,280.3299865722656,931500
2022-07-08,293.3900146484375,295.489990234375,285.1499938964844,288.9100036621094,892500
2022-07-11,281.760009765625,287.20001220703125,277.1000061035156,281.0,1230100
2022-07-12,279.3900146484375,289.0,277.04998779296875,282.8099975585937,776800
2022-07-13,280.9700012207031,283.0,271.04998779296875,272.8900146484375,797300
2022-07-14,278.989990234375,280.70001220703125,272.260009765625,277.3500061035156,797600
2022-07-15,286.4100036621094,287.6300048828125,280.6000061035156,280.8900146484375,946000
2022-07-18,284.6400146484375,293.5400085449219,283.0400085449219,291.6000061035156,700700
2022-07-19,296.3399963378906,296.6300048828125,286.8399963378906,290.3099975585937,864100
2022-07-20,302.7900085449219,303.7699890136719,294.3399963378906,295.489990234375,1001700
2022-07-21,307.3599853515625,308.25,300.1600036621094,305.29998779296875,909100
2022-07-22,304.5,312.25,301.95001220703125,307.5,808700
2022-07-25,301.32000732421875,306.0,298.82000732421875,306.0,512800
2022-07-26,283.4100036621094,294.5299987792969,281.57000732421875,293.75,1618400
2022-07-27,295.57000732421875,296.3500061035156,283.94000244140625,285.54998779296875,1302700
2022-07-28,303.8500061035156,305.1600036621094,293.3599853515625,295.57000732421875,807200
2022-07-29,310.510009765625,310.8599853515625,299.5,304.3800048828125,1384200
2022-08-01,310.010009765625,314.1499938964844,305.67999267578125,308.0899963378906,743600
2022-08-02,305.70001220703125,310.4200134277344,303.5799865722656,307.4200134277344,803500
2022-08-03,315.3800048828125,316.9700012207031,308.44000244140625,311.0,849600
2022-08-04,316.3999938964844,317.57000732421875,313.6700134277344,316.3500061035156,882200
2022-08-05,317.79998779296875,321.4200134277344,308.7699890136719,309.29998779296875,1012700
2022-08-08,316.239990234375,326.5,315.1300048828125,317.0400085449219,844500
2022-08-09,306.54998779296875,314.5,303.1600036621094,314.0199890136719,669800
2022-08-10,319.260009765625,322.0,313.45001220703125,314.0,1145800
2022-08-11,316.9800109863281,328.94000244140625,314.5599975585937,325.8399963378906,915900
2022-08-12,321.69000244140625,322.8999938964844,317.1400146484375,320.70001220703125,755000
2022-08-15,330.3399963378906,330.4700012207031,320.1400146484375,320.17999267578125,953900
2022-08-16,331.70001220703125,335.7099914550781,326.260009765625,331.0,1078000
2022-08-17,329.79998779296875,332.5,324.510009765625,327.5299987792969,772600
2022-08-18,333.4200134277344,334.9599914550781,328.510009765625,330.57000732421875,834100
2022-08-19,322.4700012207031,329.0199890136719,321.32000732421875,328.4800109863281,935200
2022-08-22,315.2200012207031,321.489990234375,313.5199890136719,317.1199951171875,892200
2022-08-23,315.92999267578125,322.54998779296875,314.69000244140625,315.3500061035156,689300
2022-08-24,317.8399963378906,321.0199890136719,313.260009765625,315.1000061035156,551800
2022-08-25,323.3599853515625,323.5899963378906,317.0400085449219,319.2200012207031,603200
2022-08-26,311.3099975585937,324.8999938964844,310.1400146484375,323.20001220703125,1111600
2022-08-29,307.5,311.9700012207031,303.6600036621094,304.9800109863281,1165100
2022-08-30,307.07000732421875,312.0,302.5,311.3599853515625,1179200
2022-08-31,299.9599914550781,310.489990234375,295.5400085449219,307.9599914550781,1915300
2022-09-01,294.45001220703125,294.8800048828125,283.3099975585937,293.9700012207031,3495300
2022-09-02,314.1700134277344,329.6400146484375,311.1199951171875,326.3999938964844,8780300
2022-09-06,327.8099975585937,328.5799865722656,312.3900146484375,313.8999938964844,3921500
2022-09-07,336.8699951171875,339.75,324.4599914550781,329.20001220703125,2616300
2022-09-08,345.7900085449219,346.0199890136719,332.9100036621094,334.6400146484375,2206700
2022-09-09,348.6499938964844,355.5899963378906,347.5,348.45001220703125,2188100
2022-09-12,352.739990234375,353.260009765625,348.0599975585937,349.0,1217400
2022-09-13,337.32000732421875,346.2099914550781,335.3699951171875,342.95001220703125,1436400
2022-09-14,342.9200134277344,343.3699951171875,335.3900146484375,339.0400085449219,1414300
2022-09-15,338.6000061035156,345.1000061035156,336.57000732421875,341.1700134277344,1065700
2022-09-16,333.239990234375,336.5599975585937,330.1600036621094,331.8500061035156,1520400
2022-09-19,337.0799865722656,337.45001220703125,329.42999267578125,330.07000732421875,1037400
2022-09-20,331.57000732421875,335.6700134277344,327.79998779296875,334.0799865722656,819300
2022-09-21,318.1199951171875,334.1300048828125,317.8999938964844,334.1300048828125,1405200
2022-09-22,306.29998779296875,318.2799987792969,306.0199890136719,318.0599975585937,1621900
2022-09-23,293.20001220703125,303.5,289.260009765625,302.5,1926600
2022-09-26,294.6600036621094,300.7900085449219,291.8699951171875,292.260009765625,1325200
2022-09-27,299.19000244140625,303.4599914550781,294.5599975585937,300.20001220703125,1247800
2022-09-28,309.3399963378906,310.8900146484375,298.5400085449219,300.1000061035156,1239500
2022-09-29,300.2200012207031,304.8099975585937,296.1400146484375,303.9700012207031,1262600
2022-09-30,279.5599975585937,287.4800109863281,277.5,285.6499938964844,3842000
2022-10-03,292.1000061035156,295.6400146484375,281.1199951171875,281.5,1776800
2022-10-04,307.79998779296875,308.9700012207031,301.6700134277344,302.1300048828125,1551200
2022-10-05,310.04998779296875,311.54998779296875,301.6700134277344,303.8500061035156,1259400
2022-10-06,310.4800109863281,316.2699890136719,308.0199890136719,308.0199890136719,1060200
2022-10-07,298.2200012207031,306.44000244140625,296.4700012207031,303.54998779296875,1284000
2022-10-10,289.8500061035156,297.6400146484375,286.54998779296875,297.6400146484375,1134000
2022-10-11,295.67999267578125,304.2799987792969,287.8299865722656,296.92999267578125,2579400
2022-10-12,295.5,302.8699951171875,292.1199951171875,298.8500061035156,1671700
2022-10-13,294.510009765625,299.5799865722656,279.1000061035156,285.5,1492400
2022-10-14,288.7799987792969,304.0,286.2799987792969,300.2699890136719,1551300
2022-10-17,297.6499938964844,300.5299987792969,293.32000732421875,295.5599975585937,1492300
2022-10-18,297.760009765625,308.8800048828125,294.260009765625,307.739990234375,1142300
2022-10-19,296.8699951171875,304.5,293.760009765625,295.0,1563900
2022-10-20,293.1300048828125,303.92999267578125,290.20001220703125,296.7200012207031,1338300
2022-10-21,298.6300048828125,299.1300048828125,289.010009765625,291.4599914550781,1258100
2022-10-24,297.67999267578125,299.8399963378906,287.6400146484375,299.8399963378906,1242000
2022-10-25,320.6300048828125,321.6199951171875,300.5299987792969,301.8500061035156,2266000
2022-10-26,321.3299865722656,328.8099975585937,314.1000061035156,316.7799987792969,1725900
2022-10-27,320.6099853515625,327.29998779296875,316.3099975585937,323.5,1339800
2022-10-28,328.4800109863281,329.4800109863281,312.489990234375,314.1400146484375,1697500
2022-10-31,329.0400085449219,332.5899963378906,323.57000732421875,325.0,1219000
2022-11-01,330.3599853515625,337.1400146484375,327.0799865722656,335.0,1154000
2022-11-02,316.0599975585937,331.1099853515625,315.8099975585937,328.9100036621094,1326300
2022-11-03,318.1000061035156,322.8299865722656,310.5199890136719,315.17999267578125,873600
2022-11-04,325.57000732421875,330.8800048828125,317.3900146484375,327.5299987792969,992400
2022-11-07,324.25,330.4200134277344,317.6000061035156,330.4200134277344,929400
2022-11-08,328.5,334.5400085449219,323.57000732421875,326.0799865722656,1044300
2022-11-09,321.2099914550781,334.82000732421875,320.1499938964844,328.260009765625,1370000
2022-11-10,353.8500061035156,354.6499938964844,338.75,338.8399963378906,2212200
2022-11-11,359.70001220703125,370.4599914550781,353.0,353.42999267578125,2337900
2022-11-14,352.739990234375,360.6600036621094,351.0599975585937,354.4599914550781,1258800
2022-11-15,359.5599975585937,368.5400085449219,357.3500061035156,364.9100036621094,1323400
2022-11-16,355.760009765625,357.4200134277344,345.7699890136719,351.6499938964844,1346200
2022-11-17,354.2699890136719,355.1300048828125,347.5899963378906,349.739990234375,806400
2022-11-18,347.8500061035156,360.0,344.29998779296875,358.1199951171875,1201800
2022-11-21,349.3800048828125,351.3099975585937,340.5,344.2900085449219,1042100
2022-11-22,355.6400146484375,355.8699951171875,346.6600036621094,351.7900085449219,901800
2022-11-23,360.5299987792969,362.1099853515625,353.0799865722656,355.3800048828125,824100
2022-11-25,361.1600036621094,362.2799987792969,358.760009765625,359.45001220703125,523400
2022-11-28,363.2799987792969,368.1400146484375,361.3299865722656,361.760009765625,1099700
2022-11-29,363.3200073242188,368.0899963378906,361.4299926757813,363.3900146484375,932800
2022-11-30,380.30999755859375,380.8699951171875,362.6499938964844,364.5700073242188,2269800
2022-12-01,381.8200073242188,386.4500122070313,377.8900146484375,380.30999755859375,1236300
2022-12-02,385.989990234375,386.7000122070313,375.2000122070313,375.510009765625,1180800
2022-12-05,381.1300048828125,384.1400146484375,374.760009765625,384.1400146484375,1699600
2022-12-06,370.0,382.0799865722656,366.3900146484375,380.6000061035156,1199400
2022-12-07,372.3299865722656,377.010009765625,369.9800109863281,371.2300109863281,1387000
2022-12-08,374.510009765625,377.2000122070313,368.4400024414063,374.989990234375,3344100
2022-12-09,326.3900146484375,349.0,323.1499938964844,344.1300048828125,9306000
2022-12-12,328.2300109863281,328.5,319.0,325.239990234375,4119800
2022-12-13,326.2699890136719,339.8099975585937,321.5,338.0,2618500
2022-12-14,333.3299865722656,337.2699890136719,326.0,326.2699890136719,2816600
2022-12-15,325.2099914550781,331.489990234375,325.0,327.1000061035156,2073000
2022-12-16,321.239990234375,326.5,318.19000244140625,322.07000732421875,2170500
2022-12-19,316.9200134277344,321.3099975585937,316.510009765625,321.3099975585937,1247600
2022-12-20,307.1199951171875,315.54998779296875,306.3800048828125,315.0,2354200
2022-12-21,316.739990234375,320.42999267578125,311.5599975585937,317.9100036621094,2324900
2022-12-22,312.92999267578125,314.489990234375,308.69000244140625,313.0199890136719,1499300
2022-12-23,311.5400085449219,312.67999267578125,309.0,310.25,933500
2022-12-27,315.0400085449219,318.989990234375,309.6600036621094,312.7699890136719,1287900
2022-12-28,308.9599914550781,315.82000732421875,307.6300048828125,313.989990234375,1458200
2022-12-29,316.82000732421875,318.3099975585937,310.0400085449219,310.2099914550781,936000
2022-12-30,320.3800048828125,320.4700012207031,311.29998779296875,311.8599853515625,1345700
2023-01-03,323.3800048828125,327.3399963378906,319.4599914550781,326.8800048828125,1305000
2023-01-04,320.9800109863281,326.75,317.0299987792969,326.5599975585937,1678100
2023-01-05,325.92999267578125,328.5400085449219,316.5,320.8699951171875,1787000
2023-01-06,329.260009765625,334.2300109863281,326.82000732421875,329.5,2298200
2023-01-09,298.6600036621094,304.4100036621094,289.4800109863281,293.20001220703125,8292900
2023-01-10,309.4800109863281,309.8800048828125,298.5899963378906,299.8399963378906,3140400
2023-01-11,311.9599914550781,312.4100036621094,306.8999938964844,310.760009765625,2224400
2023-01-12,314.989990234375,316.8500061035156,306.8599853515625,311.9599914550781,1587700
2023-01-13,315.4700012207031,315.739990234375,310.25,311.1700134277344,1543200
2023-01-17,323.82000732421875,324.19000244140625,313.1499938964844,314.0,1491400
2023-01-18,318.07000732421875,327.760009765625,317.1700134277344,324.8500061035156,1284100
2023-01-19,307.94000244140625,316.8399963378906,306.70001220703125,316.010009765625,1519700
2023-01-20,312.79998779296875,314.4200134277344,304.3399963378906,307.25,1537800
2023-01-23,316.0799865722656,319.1300048828125,310.0,312.5,1643400
2023-01-24,311.2099914550781,311.4200134277344,302.1099853515625,304.45001220703125,2693700
2023-01-25,309.5199890136719,310.8500061035156,304.2200012207031,305.4100036621094,1425100
2023-01-26,309.5899963378906,313.5,305.7699890136719,313.2699890136719,1708300
2023-01-27,310.8500061035156,311.69000244140625,305.17999267578125,307.8099975585937,2077500
2023-01-30,302.5899963378906,310.9599914550781,302.4100036621094,308.9800109863281,1585300
2023-01-31,306.8800048828125,307.260009765625,301.79998779296875,303.2099914550781,1667300
2023-02-01,315.7099914550781,318.69000244140625,305.25,306.8999938964844,2010200
2023-02-02,322.760009765625,328.4200134277344,316.5599975585937,318.9599914550781,2224900
2023-02-03,319.4200134277344,325.1000061035156,317.5,317.5,1191200
2023-02-06,311.32000732421875,319.3900146484375,310.19000244140625,314.4200134277344,1249300
2023-02-07,319.1000061035156,319.7799987792969,305.7799987792969,311.6600036621094,1263000
2023-02-08,309.2799987792969,315.5199890136719,307.0299987792969,314.0599975585937,1479700
2023-02-09,310.45001220703125,316.5299987792969,309.2300109863281,313.42999267578125,1150700
2023-02-10,309.3999938964844,311.5,305.7799987792969,306.9100036621094,1365000
2023-02-13,317.0799865722656,317.489990234375,309.9700012207031,311.3099975585937,1202500
2023-02-14,319.8800048828125,321.7900085449219,311.6600036621094,313.6400146484375,1005900
2023-02-15,325.2300109863281,325.2699890136719,317.6700134277344,318.0599975585937,1027000
2023-02-16,321.8299865722656,328.1600036621094,319.5799865722656,322.6099853515625,1096900
2023-02-17,320.3599853515625,322.1099853515625,315.20001220703125,318.7699890136719,840000
2023-02-21,314.1099853515625,318.3399963378906,313.79998779296875,314.8299865722656,1065500
2023-02-22,316.5199890136719,317.5400085449219,312.3500061035156,313.7699890136719,768800
2023-02-23,317.79998779296875,318.0,310.2099914550781,316.5400085449219,984000
2023-02-24,308.1000061035156,313.3299865722656,305.82000732421875,313.3299865722656,1287600
2023-02-27,310.29998779296875,313.1499938964844,307.3599853515625,311.5,1006000
2023-02-28,309.20001220703125,312.9800109863281,308.3800048828125,308.67999267578125,1032200
2023-03-01,309.489990234375,311.760009765625,303.8099975585937,309.3900146484375,1255300
2023-03-02,311.6499938964844,313.6000061035156,306.57000732421875,307.94000244140625,898300
2023-03-03,316.8299865722656,317.5899963378906,311.29998779296875,314.0,977400
2023-03-06,304.6000061035156,316.8500061035156,304.5299987792969,314.2699890136719,2401800
2023-03-07,301.8099975585937,311.3999938964844,301.5299987792969,305.7300109863281,1974900
2023-03-08,305.8699951171875,307.2699890136719,300.6499938964844,302.1099853515625,1395200
2023-03-09,301.79998779296875,309.19000244140625,300.19000244140625,305.7300109863281,1492000
2023-03-10,296.260009765625,302.9200134277344,294.2300109863281,302.8800048828125,2863300
2023-03-13,292.8999938964844,296.8299865722656,288.5299987792969,294.4100036621094,3388800
2023-03-14,295.1000061035156,296.5199890136719,291.5,296.1499938964844,2805900
2023-03-15,293.2300109863281,294.2900085449219,286.5799865722656,291.0199890136719,2055300
2023-03-16,297.3999938964844,297.5400085449219,289.1400146484375,290.42999267578125,1667700
2023-03-17,294.739990234375,297.32000732421875,289.94000244140625,294.8699951171875,2517600
2023-03-20,293.45001220703125,297.42999267578125,289.8099975585937,295.9599914550781,1621900
2023-03-21,298.8099975585937,304.75,296.4599914550781,296.5299987792969,2369300
2023-03-22,303.7300109863281,312.20001220703125,300.7799987792969,301.6199951171875,2457200
2023-03-23,308.2200012207031,312.5799865722656,304.19000244140625,308.2799987792969,1517800
2023-03-24,313.45001220703125,315.510009765625,306.5899963378906,308.0599975585937,1506500
2023-03-27,317.2200012207031,317.8699951171875,310.4100036621094,316.29998779296875,1817600
2023-03-28,320.3099975585937,321.25,314.2200012207031,319.6099853515625,5869000
2023-03-29,361.0400085449219,370.25,359.6400146484375,366.25,11502000
2023-03-30,358.0899963378906,368.1400146484375,356.5,365.0,2864900
2023-03-31,364.1900024414063,364.489990234375,357.7300109863281,360.04998779296875,2218000
2023-04-03,367.3999938964844,367.5199890136719,361.739990234375,364.1900024414063,1655600
2023-04-04,366.7999877929688,370.260009765625,364.7999877929688,366.5899963378906,1682200
2023-04-05,364.80999755859375,371.260009765625,362.760009765625,367.6400146484375,1437900
2023-04-06,364.3299865722656,365.5899963378906,359.6400146484375,362.2200012207031,1322000
2023-04-10,363.3699951171875,364.6700134277344,361.1700134277344,361.4700012207031,972200
2023-04-11,365.80999755859375,368.9400024414063,361.7999877929688,362.75,1329300
2023-04-12,363.5400085449219,370.0,363.1099853515625,370.0,1092900
2023-04-13,364.3800048828125,366.8599853515625,363.5,365.8699951171875,1202400
2023-04-14,368.25,369.1400146484375,363.8599853515625,364.0,1030800
2023-04-17,368.3800048828125,373.4100036621094,366.989990234375,369.989990234375,1820000
2023-04-18,372.5,373.5,369.5299987792969,372.1000061035156,1407000
2023-04-19,370.1199951171875,374.05999755859375,369.8500061035156,371.75,878800
2023-04-20,376.7099914550781,377.8399963378906,369.0700073242188,369.5299987792969,1403800
2023-04-21,377.7999877929688,378.0899963378906,374.2799987792969,376.7099914550781,1007700
2023-04-24,381.3699951171875,384.25,377.8299865722656,378.760009765625,1504000
2023-04-25,372.80999755859375,380.3900146484375,372.260009765625,378.2200012207031,1784300
2023-04-26,372.9400024414063,375.2099914550781,371.8599853515625,373.7799987792969,1019700
2023-04-27,378.0799865722656,379.1499938964844,373.3200073242188,376.3399963378906,1045100
2023-04-28,379.9299926757813,380.3299865722656,375.9100036621094,377.1600036621094,1013600
2023-05-01,384.989990234375,385.4400024414063,380.2099914550781,380.5799865722656,1302300
2023-05-02,380.75,383.7999877929688,378.25,383.1799926757813,1229400
2023-05-03,383.1199951171875,387.6799926757813,378.3800048828125,381.5299987792969,1279600
2023-05-04,382.05999755859375,384.7300109863281,381.0199890136719,383.1199951171875,1481700
2023-05-05,386.7099914550781,389.05999755859375,382.6300048828125,385.3299865722656,1318100
2023-05-08,381.8599853515625,388.989990234375,380.9200134277344,387.989990234375,1130900
2023-05-09,381.4400024414063,383.3699951171875,375.9299926757813,377.1099853515625,1004900
2023-05-10,379.3200073242188,385.3599853515625,377.7200012207031,385.3599853515625,1027100
2023-05-11,377.3200073242188,379.6600036621094,376.0499877929688,378.75,775800
2023-05-12,376.2000122070313,378.4299926757813,372.5,377.010009765625,1044300
2023-05-15,375.7099914550781,378.0,373.7099914550781,376.6000061035156,1298200
2023-05-16,371.5199890136719,372.8800048828125,367.5499877929688,372.1600036621094,1509200
2023-05-17,372.2200012207031,373.239990234375,367.3500061035156,371.2999877929688,1377200
2023-05-18,378.7000122070313,379.3500061035156,371.1499938964844,371.8999938964844,1223100
2023-05-19,368.5299987792969,375.2099914550781,365.1099853515625,375.2099914550781,1566700
2023-05-22,363.1199951171875,367.8399963378906,356.6499938964844,366.9299926757813,1830800
2023-05-23,353.8599853515625,362.989990234375,352.45001220703125,362.3999938964844,1589000
2023-05-24,344.5799865722656,353.9700012207031,343.4200134277344,353.8599853515625,2117600
2023-05-25,342.3399963378906,346.5299987792969,340.95001220703125,343.0899963378906,1415000
2023-05-26,340.260009765625,344.3900146484375,339.489990234375,342.3399963378906,1789800
2023-05-30,336.6400146484375,343.3800048828125,335.3500061035156,341.0199890136719,2531700
2023-05-31,331.92999267578125,335.989990234375,329.1199951171875,335.3900146484375,3735200
2023-06-01,328.3500061035156,334.67999267578125,326.92999267578125,330.9100036621094,4166100
2023-06-02,365.4400024414063,386.3299865722656,364.8200073242188,378.2300109863281,9317200
2023-06-05,356.44000244140625,363.6400146484375,355.6099853515625,363.0,3093000
2023-06-06,356.0199890136719,361.6099853515625,354.7799987792969,357.8999938964844,1707900
2023-06-07,353.92999267578125,358.3999938964844,352.5400085449219,355.0899963378906,1376400
2023-06-08,354.95001220703125,355.2699890136719,350.8999938964844,354.0199890136719,1367200
2023-06-09,360.3999938964844,360.5,354.010009765625,355.489990234375,1707000
2023-06-12,368.1799926757813,368.7999877929688,357.1600036621094,362.1799926757813,1939900
2023-06-13,368.3599853515625,370.5299987792969,364.4299926757813,370.25,1629500
2023-06-14,377.2099914550781,378.760009765625,369.0899963378906,370.0,1827900
2023-06-15,382.6300048828125,383.2000122070313,376.1000061035156,377.2099914550781,1405700
2023-06-16,383.0199890136719,386.8699951171875,381.0499877929688,386.8699951171875,1849700
2023-06-20,383.489990234375,383.8299865722656,378.760009765625,383.0,1468700
2023-06-21,378.80999755859375,385.5,378.0199890136719,384.0299987792969,1212900
2023-06-22,377.9599914550781,379.4200134277344,376.0,376.4299926757813,886900
2023-06-23,374.25,377.2999877929688,372.4599914550781,374.1000061035156,3265200
2023-06-26,373.7699890136719,378.2900085449219,373.4700012207031,377.30999755859375,1028100
2023-06-27,374.5199890136719,377.5,374.1600036621094,375.2900085449219,823300
2023-06-28,376.25,378.8299865722656,374.3399963378906,377.05999755859375,880400
2023-06-29,370.260009765625,379.9599914550781,369.8399963378906,378.0199890136719,1103500
2023-06-30,378.5,380.3699951171875,374.760009765625,375.3699951171875,1477700
2023-07-03,379.4100036621094,381.5,377.6099853515625,379.8999938964844,498300
2023-07-05,375.989990234375,381.1499938964844,374.1000061035156,376.3299865722656,1000100
2023-07-06,367.0299987792969,373.489990234375,366.010009765625,370.0,1136000
2023-07-07,363.739990234375,367.8999938964844,363.260009765625,366.0,935300
2023-07-10,369.5199890136719,372.8800048828125,364.2900085449219,364.7200012207031,1043300
2023-07-11,379.4800109863281,380.0899963378906,371.3800048828125,371.4400024414063,885700
2023-07-12,383.3200073242188,384.739990234375,378.5499877929688,383.6000061035156,979900
2023-07-13,379.5400085449219,387.7300109863281,379.3399963378906,386.989990234375,702000
2023-07-14,380.4100036621094,381.7799987792969,377.5199890136719,379.7300109863281,660500
2023-07-17,383.6900024414063,385.3500061035156,378.3999938964844,379.0700073242188,809400
2023-07-18,385.4200134277344,385.5700073242188,379.2300109863281,384.3800048828125,935200
2023-07-19,390.510009765625,394.5400085449219,384.8699951171875,385.0,1478200
2023-07-20,381.8599853515625,390.8299865722656,381.4299926757813,386.5799865722656,1341500
2023-07-21,382.9599914550781,388.3800048828125,381.0,384.6199951171875,2642300
2023-07-24,380.3900146484375,384.3500061035156,376.80999755859375,382.4299926757813,1211900
2023-07-25,382.1199951171875,383.1099853515625,378.7300109863281,380.0,725600
2023-07-26,378.9800109863281,381.5400085449219,375.7999877929688,380.9299926757813,782400
2023-07-27,370.75,382.8800048828125,368.760009765625,381.4200134277344,1261800
2023-07-28,377.9599914550781,378.6400146484375,374.5299987792969,375.8699951171875,1041400
2023-07-31,378.5299987792969,382.0700073242188,377.3900146484375,377.9599914550781,867200
2023-08-01,381.2099914550781,382.30999755859375,376.0,376.989990234375,1096100
2023-08-02,376.6499938964844,378.5799865722656,375.0,377.4599914550781,916200
2023-08-03,384.0,385.4500122070313,375.0,375.760009765625,1055500
2023-08-04,378.2000122070313,386.4700012207031,377.4299926757813,385.4100036621094,907700
2023-08-07,382.5,383.0899963378906,377.1900024414063,380.9500122070313,761500
2023-08-08,380.7000122070313,381.1099853515625,373.7099914550781,378.6400146484375,860600
2023-08-09,382.3299865722656,386.0,376.6300048828125,382.0,748100
2023-08-10,384.5499877929688,394.6400146484375,383.3699951171875,385.8800048828125,937600
2023-08-11,381.1300048828125,383.6000061035156,377.739990234375,382.9800109863281,650100
2023-08-14,385.0199890136719,387.4299926757813,379.5299987792969,380.0,861300
2023-08-15,383.1799926757813,385.4500122070313,378.010009765625,383.0,941700
2023-08-16,381.1600036621094,389.7799987792969,381.0799865722656,384.7799987792969,743500
2023-08-17,376.2999877929688,384.0199890136719,376.0400085449219,383.8500061035156,831400
2023-08-18,381.2900085449219,382.6499938964844,371.4500122070313,372.5899963378906,945900
2023-08-21,384.8999938964844,385.739990234375,381.3399963378906,382.9500122070313,1009200
2023-08-22,379.4200134277344,381.5299987792969,373.5400085449219,380.6000061035156,1122900
2023-08-23,377.7099914550781,379.3299865722656,368.8299865722656,374.9599914550781,1411400
2023-08-24,360.2200012207031,379.4100036621094,359.8099975585937,379.4100036621094,2347100
2023-08-25,365.5899963378906,367.3900146484375,360.4200134277344,362.05999755859375,1138400
2023-08-28,365.8399963378906,367.989990234375,362.9700012207031,367.0899963378906,1191300
2023-08-29,374.7300109863281,375.8699951171875,363.3500061035156,365.010009765625,1260300
2023-08-30,376.7300109863281,379.0,373.5,378.8699951171875,1175800
2023-08-31,381.260009765625,382.8900146484375,378.5,379.2699890136719,3328500
2023-09-01,404.1900024414063,406.75,385.1099853515625,393.0,5176100
2023-09-05,401.80999755859375,406.9400024414063,397.2799987792969,400.0,1855900
2023-09-06,399.0,404.4700012207031,396.7699890136719,400.7099914550781,990000
2023-09-07,398.989990234375,400.8399963378906,396.010009765625,397.5199890136719,830300
2023-09-08,396.3599853515625,401.3800048828125,395.510009765625,401.0499877929688,665600
2023-09-11,397.4400024414063,399.30999755859375,392.7699890136719,396.3599853515625,764200
2023-09-12,388.1199951171875,400.4299926757813,387.1799926757813,396.2699890136719,1102000
2023-09-13,388.9700012207031,392.9800109863281,385.55999755859375,386.6700134277344,898600
2023-09-14,388.739990234375,394.1799926757813,384.30999755859375,394.1799926757813,914200
2023-09-15,389.9299926757813,390.0,383.6700134277344,388.8999938964844,1411000
2023-09-18,382.80999755859375,391.989990234375,381.6799926757813,391.7000122070313,1178000
2023-09-19,384.4500122070313,386.4400024414063,379.4200134277344,382.6499938964844,740800
2023-09-20,391.8800048828125,397.989990234375,387.8800048828125,389.1499938964844,1487700
2023-09-21,383.8999938964844,390.4800109863281,383.75,387.4400024414063,1543700
2023-09-22,388.0499877929688,391.7099914550781,386.3800048828125,387.5,1102600
2023-09-25,384.3299865722656,387.5,378.1099853515625,386.0199890136719,1576700
2023-09-26,380.6600036621094,384.7200012207031,378.2900085449219,380.6300048828125,1521100
2023-09-27,379.1400146484375,384.2900085449219,377.0400085449219,382.2099914550781,700400
2023-09-28,379.0,382.1499938964844,375.6199951171875,381.5499877929688,1146500
2023-09-29,385.6099853515625,389.9599914550781,382.2000122070313,387.3500061035156,1509100
2023-10-02,382.8599853515625,388.8699951171875,380.8800048828125,384.6000061035156,1197500
2023-10-03,368.3399963378906,381.5299987792969,365.1799926757813,378.8399963378906,1652700
2023-10-04,370.1000061035156,372.0,366.989990234375,367.760009765625,976300
2023-10-05,360.3599853515625,367.5,360.20001220703125,367.5,1625400
2023-10-06,367.2200012207031,368.7799987792969,354.6600036621094,360.0,1677900
2023-10-09,372.6400146484375,372.8699951171875,363.5700073242188,366.8999938964844,1079100
2023-10-10,373.0299987792969,378.8399963378906,371.4400024414063,372.6400146484375,1178500
2023-10-11,373.3599853515625,375.9599914550781,368.239990234375,374.0,1046300
2023-10-12,373.9400024414063,374.8999938964844,366.989990234375,374.8999938964844,1250900
2023-10-13,377.6900024414063,384.6000061035156,374.3999938964844,375.0,1941700
2023-10-16,416.6400146484375,419.010009765625,401.8399963378906,402.239990234375,11454200
2023-10-17,412.9400024414063,419.8599853515625,412.1900024414063,415.0,28064700
2023-10-18,405.6099853515625,417.2000122070313,404.7699890136719,412.0199890136719,3750100
2023-10-19,396.1900024414063,408.2099914550781,394.5799865722656,407.010009765625,2628200
2023-10-20,395.8200073242188,398.1300048828125,389.0,397.4299926757813,1937700
2023-10-23,402.4599914550781,406.80999755859375,392.0799865722656,394.9200134277344,1827700
2023-10-24,403.3699951171875,405.6099853515625,398.3399963378906,405.6099853515625,1575800
2023-10-25,396.7000122070313,403.8200073242188,396.1199951171875,401.0,1309700
2023-10-26,388.6199951171875,394.0400085449219,386.0,393.1799926757813,1837200
2023-10-27,386.8200073242188,392.2099914550781,384.3699951171875,390.0,1448600
2023-10-30,391.75,393.2699890136719,387.75,388.4400024414063,1005200
2023-10-31,393.4800109863281,395.7000122070313,389.010009765625,391.75,1084300
2023-11-01,395.2900085449219,395.80999755859375,385.260009765625,393.30999755859375,1312600
2023-11-02,403.5,404.8699951171875,398.7000122070313,398.9100036621094,1390000
2023-11-03,407.9299926757813,412.0299987792969,406.2699890136719,408.7799987792969,1231000
2023-11-06,407.9500122070313,412.2699890136719,404.510009765625,411.5,826900
2023-11-07,413.6900024414063,414.4800109863281,406.0,409.8999938964844,1175700
2023-11-08,409.6400146484375,415.1499938964844,409.3200073242188,415.0,714500
2023-11-09,406.5799865722656,410.75,404.6900024414063,410.75,922600
2023-11-10,413.6700134277344,413.8999938964844,404.8900146484375,407.510009765625,1038900
2023-11-13,416.9800109863281,418.6099853515625,409.7999877929688,410.4800109863281,1277100
2023-11-14,430.3299865722656,431.1000061035156,421.6900024414063,422.6600036621094,1566300
2023-11-15,432.1900024414063,437.05999755859375,431.4500122070313,433.0899963378906,1257500
2023-11-16,420.2799987792969,431.5,416.5499877929688,430.6700134277344,1706800
2023-11-17,422.4400024414063,425.6700134277344,421.0400085449219,425.2200012207031,1219800
2023-11-20,428.5799865722656,429.5899963378906,422.7799987792969,423.8900146484375,866000
2023-11-21,430.3699951171875,431.9200134277344,425.75,426.6499938964844,867400
2023-11-22,428.6300048828125,435.0700073242188,428.1900024414063,430.8200073242188,800600
2023-11-24,431.760009765625,432.2699890136719,426.3500061035156,428.2999877929688,401700
2023-11-27,435.6700134277344,437.80999755859375,430.0499877929688,430.0499877929688,1074800
2023-11-28,427.7300109863281,436.6600036621094,427.0899963378906,435.5700073242188,1353900
2023-11-29,438.3500061035156,439.760009765625,428.6000061035156,429.2000122070313,1658800
2023-11-30,446.7999877929688,448.7300109863281,438.6000061035156,439.7699890136719,2372000
2023-12-01,466.6099853515625,467.6300048828125,447.6000061035156,447.6000061035156,2456800
2023-12-04,460.760009765625,463.3699951171875,452.2300109863281,459.2000122070313,2637100
2023-12-05,456.9299926757813,462.2699890136719,452.5299987792969,454.760009765625,1793500
2023-12-06,460.6700134277344,464.05999755859375,458.2699890136719,459.2799987792969,1387200
2023-12-07,464.6700134277344,466.6300048828125,460.6000061035156,460.6700134277344,3243500
2023-12-08,489.6400146484375,493.7999877929688,448.80999755859375,455.8800048828125,7144400
2023-12-11,502.739990234375,507.4400024414063,490.0,493.9500122070313,2799000
2023-12-12,503.6499938964844,504.3999938964844,495.6799926757813,503.0,1717100
2023-12-13,504.5,508.4299926757813,494.0899963378906,502.8299865722656,1698900
2023-12-14,489.2999877929688,505.6300048828125,487.1900024414063,505.05999755859375,2649600
2023-12-15,491.4599914550781,492.1900024414063,483.80999755859375,486.4599914550781,2677400
2023-12-18,501.6300048828125,501.7200012207031,488.4200134277344,490.010009765625,1230600
2023-12-19,506.8599853515625,509.3299865722656,502.8299865722656,503.5799865722656,1174800
2023-12-20,505.1499938964844,511.6000061035156,503.9500122070313,504.510009765625,1063000
2023-12-21,511.0299987792969,511.2699890136719,505.510009765625,507.8599853515625,896600
2023-12-22,510.0,510.4800109863281,502.2200012207031,502.6000061035156,1179500
2023-12-26,506.3200073242188,513.5,505.5199890136719,513.239990234375,887300
2023-12-27,508.80999755859375,509.8800048828125,505.5299987792969,506.0,816400
2023-12-28,509.2200012207031,512.47998046875,508.2699890136719,510.4599914550781,688700
2023-12-29,511.2900085449219,516.3900146484375,508.4599914550781,509.8699951171875,918300
2024-01-02,505.3800048828125,508.9200134277344,502.1499938964844,508.5700073242188,1187800
2024-01-03,498.0199890136719,503.9500122070313,496.6900024414063,501.8900146484375,1029200
2024-01-04,496.0,502.0,495.010009765625,496.8999938964844,1174400
2024-01-05,491.1000061035156,499.2099914550781,490.6900024414063,495.9200134277344,1121500
2024-01-08,491.4800109863281,493.489990234375,478.1300048828125,488.4700012207031,1827300
2024-01-09,485.7099914550781,489.9299926757813,483.0899963378906,488.9299926757813,1242700
2024-01-10,484.1000061035156,488.510009765625,482.5899963378906,488.0,1276000
2024-01-11,485.4800109863281,486.2099914550781,478.1600036621094,483.3900146484375,823500
2024-01-12,479.9400024414063,490.8399963378906,479.0899963378906,488.0799865722656,1050700
2024-01-16,470.7300109863281,478.0499877929688,467.5799865722656,478.0499877929688,1370200
2024-01-17,468.3999938964844,469.5799865722656,462.8399963378906,469.1799926757813,1347000
2024-01-18,477.4500122070313,478.4599914550781,468.8399963378906,472.1900024414063,1482300
2024-01-19,484.0199890136719,484.75,475.0499877929688,477.760009765625,1257700
2024-01-22,481.8900146484375,483.2999877929688,477.6199951171875,483.0,909500
2024-01-23,477.0,481.8900146484375,474.5,480.2200012207031,1038400
2024-01-24,474.8399963378906,480.9599914550781,472.6700134277344,477.0,1399400
2024-01-25,474.2999877929688,476.9400024414063,468.1600036621094,475.2200012207031,964300
2024-01-26,478.0299987792969,484.30999755859375,470.6499938964844,475.0,1128700
2024-01-29,481.989990234375,482.4400024414063,475.739990234375,478.0299987792969,1072400
2024-01-30,481.3999938964844,491.2999877929688,479.760009765625,481.989990234375,1295100
2024-01-31,453.8200073242188,473.1000061035156,451.3500061035156,472.0199890136719,2879200
2024-02-01,461.9400024414063,463.0299987792969,454.0199890136719,454.8999938964844,1526200
2024-02-02,462.3999938964844,464.6199951171875,454.6199951171875,458.5,1144200
2024-02-05,456.7300109863281,459.0499877929688,450.5499877929688,458.4100036621094,1166100
2024-02-06,456.5400085449219,459.6600036621094,450.05999755859375,457.30999755859375,1531000
2024-02-07,457.75,463.25,456.2000122070313,459.0400085449219,1013300
2024-02-08,472.9800109863281,476.6199951171875,460.9800109863281,463.2699890136719,1510300
2024-02-09,470.239990234375,471.260009765625,458.7799987792969,466.6099853515625,1350000
2024-02-12,466.0799865722656,478.0,465.1199951171875,473.2799987792969,1174700
2024-02-13,456.2300109863281,461.9500122070313,454.0,457.55999755859375,1264100
2024-02-14,460.7099914550781,461.989990234375,456.7000122070313,460.4400024414063,697200
2024-02-15,458.9800109863281,463.239990234375,454.5,461.3200073242188,915500
2024-02-16,449.6000061035156,457.3900146484375,445.5299987792969,457.1199951171875,1341000
2024-02-20,444.6000061035156,449.6000061035156,441.010009765625,445.7699890136719,1185300
2024-02-21,443.4599914550781,448.4100036621094,440.260009765625,447.2799987792969,807800
2024-02-22,455.260009765625,457.3599853515625,447.3500061035156,448.1000061035156,1105000
2024-02-23,457.8900146484375,462.8200073242188,454.2200012207031,458.5,862300
2024-02-26,468.25,472.9599914550781,459.260009765625,461.05999755859375,1447000
2024-02-27,467.8399963378906,471.5,463.9500122070313,471.0899963378906,919500
2024-02-28,464.1400146484375,474.1700134277344,463.3399963378906,466.5,913800
2024-02-29,467.0899963378906,469.8999938964844,461.1000061035156,466.0299987792969,1431900
2024-03-01,458.5,464.5700073242188,457.6300048828125,461.4400024414063,1295300
2024-03-04,450.7900085449219,459.0299987792969,449.7699890136719,458.6300048828125,1254200
2024-03-05,446.05999755859375,448.80999755859375,443.6099853515625,448.80999755859375,975500
2024-03-06,448.5400085449219,452.6600036621094,443.5199890136719,451.989990234375,941300
2024-03-07,457.2799987792969,461.0,449.0299987792969,449.0299987792969,1078300
2024-03-08,460.3900146484375,465.4200134277344,457.2900085449219,461.2699890136719,755200
2024-03-11,457.760009765625,461.5299987792969,453.6700134277344,461.5299987792969,729700
2024-03-12,465.2799987792969,467.8599853515625,458.55999755859375,459.4800109863281,841200
2024-03-13,465.5499877929688,471.7200012207031,465.3699951171875,467.9299926757813,799700
2024-03-14,470.010009765625,472.05999755859375,462.75,472.05999755859375,1316800
2024-03-15,464.9400024414063,470.6700134277344,463.1600036621094,467.1199951171875,1678100
2024-03-18,459.5700073242188,469.6900024414063,459.4800109863281,465.9200134277344,1261300
2024-03-19,467.2699890136719,467.8599853515625,454.2300109863281,457.6900024414063,1428900
2024-03-20,469.0499877929688,469.7900085449219,461.9200134277344,467.3399963378906,1627800
2024-03-21,478.8399963378906,480.9400024414063,469.0,472.0,4022000
2024-03-22,403.1900024414063,418.7000122070313,387.1099853515625,416.25,19680100
2024-03-25,388.8999938964844,405.0899963378906,387.0499877929688,405.0899963378906,5122900
2024-03-26,386.1400146484375,395.2699890136719,385.8800048828125,393.5899963378906,2881700
2024-03-27,389.4599914550781,394.4599914550781,386.4700012207031,387.0799865722656,2340500
2024-03-28,390.6499938964844,394.3200073242188,390.0700073242188,390.5,1699100
2024-04-01,385.2000122070313,394.0,384.0199890136719,393.5499877929688,1827500
2024-04-02,378.05999755859375,381.6400146484375,376.1400146484375,380.0,2137700
2024-04-03,374.010009765625,379.8999938964844,373.80999755859375,378.6799926757813,1550800
2024-04-04,357.5599975585937,373.3399963378906,356.75,373.0,4717600
2024-04-05,356.8699951171875,360.8200073242188,355.2300109863281,357.8999938964844,1809800
2024-04-08,360.4599914550781,361.7200012207031,355.8699951171875,358.6099853515625,1684500
2024-04-09,358.79998779296875,360.989990234375,355.4100036621094,360.1000061035156,1963600
2024-04-10,350.25,355.17999267578125,349.5299987792969,352.79998779296875,1962800
2024-04-11,349.9200134277344,352.04998779296875,347.510009765625,350.5899963378906,1948300
2024-04-12,336.1300048828125,346.8999938964844,336.0400085449219,345.4700012207031,2664800
2024-04-15,334.760009765625,343.82000732421875,334.5299987792969,340.989990234375,2326900
2024-04-16,338.9800109863281,341.1099853515625,330.6099853515625,334.0299987792969,2147100
2024-04-17,344.8599853515625,346.45001220703125,341.239990234375,342.0,2147800
2024-04-18,347.510009765625,352.1000061035156,344.3099975585937,346.5,2180200
2024-04-19,352.4700012207031,353.1000061035156,346.3900146484375,346.9599914550781,2470400
2024-04-22,361.7900085449219,364.6300048828125,354.67999267578125,354.67999267578125,2537800
2024-04-23,364.6799926757813,366.1900024414063,359.3299865722656,362.1700134277344,1589900
2024-04-24,364.5899963378906,368.3599853515625,361.2200012207031,368.3599853515625,1260300
2024-04-25,360.0,364.0,356.6700134277344,363.1900024414063,1538400
2024-04-26,364.7000122070313,367.5899963378906,359.3900146484375,359.42999267578125,1234500
2024-04-29,363.9599914550781,366.9800109863281,357.0199890136719,357.8900146484375,1361200
2024-04-30,360.6000061035156,362.5899963378906,358.6199951171875,362.5899963378906,1592700
2024-05-01,354.3999938964844,360.4500122070313,351.6700134277344,358.04998779296875,1336000
2024-05-02,350.79998779296875,357.2900085449219,348.510009765625,356.3399963378906,1818600
2024-05-03,355.1499938964844,357.04998779296875,351.7699890136719,355.20001220703125,1257700
2024-05-06,350.239990234375,357.8999938964844,349.1700134277344,357.0,1324100
2024-05-07,349.8500061035156,354.1600036621094,348.79998779296875,350.9800109863281,1207800
2024-05-08,345.6099853515625,349.0199890136719,345.07000732421875,347.2099914550781,1366400
2024-05-09,352.95001220703125,355.20001220703125,346.1099853515625,346.9700012207031,1774800
2024-05-10,352.9599914550781,353.3800048828125,347.3900146484375,352.8999938964844,1390800
2024-05-13,347.1600036621094,355.44000244140625,347.0,354.3699951171875,1482300
2024-05-14,352.3500061035156,353.3900146484375,349.0400085449219,349.0400085449219,1228000
2024-05-15,346.8500061035156,354.5299987792969,346.239990234375,354.5,1527700
2024-05-16,338.2799987792969,347.67999267578125,337.5400085449219,347.67999267578125,3261400
2024-05-17,334.95001220703125,338.75,334.0199890136719,338.75,2588600
2024-05-20,327.07000732421875,334.2099914550781,323.6600036621094,334.2099914550781,3629200
2024-05-21,322.9800109863281,328.2900085449219,322.1499938964844,327.3500061035156,2225100
2024-05-22,299.6300048828125,307.9200134277344,295.739990234375,306.9100036621094,8918100
2024-05-23,299.739990234375,303.6600036621094,295.2799987792969,299.6499938964844,3824400
2024-05-24,303.010009765625,306.9200134277344,299.739990234375,301.5299987792969,2284000
2024-05-28,295.25,304.4200134277344,293.0299987792969,304.0,2845600
2024-05-29,298.5400085449219,301.45001220703125,293.3599853515625,294.0,2604500
2024-05-30,302.8999938964844,307.3800048828125,299.0,299.8399963378906,2635000
2024-05-31,311.989990234375,313.3299865722656,306.70001220703125,307.9100036621094,4260700
2024-06-03,306.6199951171875,314.1300048828125,305.7900085449219,311.260009765625,2098500
2024-06-04,306.7799987792969,309.2799987792969,301.3399963378906,303.8999938964844,2151200
2024-06-05,308.2699890136719,308.760009765625,301.04998779296875,308.760009765625,6609400
2024-06-06,323.0299987792969,337.760009765625,314.6499938964844,337.010009765625,12294700
2024-06-07,317.8599853515625,329.7300109863281,316.260009765625,321.19000244140625,4031400
2024-06-10,318.260009765625,322.0299987792969,314.010009765625,314.6600036621094,2132000
2024-06-11,318.0400085449219,319.70001220703125,314.7699890136719,315.3900146484375,1760700
2024-06-12,309.8099975585937,321.95001220703125,307.8800048828125,321.8900146484375,2681100
2024-06-13,307.489990234375,309.1400146484375,303.8699951171875,306.8800048828125,2078400
2024-06-14,306.010009765625,308.0,303.1600036621094,305.1199951171875,1472700
2024-06-17,312.9100036621094,313.2200012207031,303.75,304.2799987792969,1948900
2024-06-18,313.2300109863281,315.5,311.5199890136719,312.1199951171875,1836800
2024-06-20,310.7699890136719,314.6600036621094,310.2200012207031,314.3800048828125,1626100
2024-06-21,311.82000732421875,313.45001220703125,309.1000061035156,311.2699890136719,3223500
2024-06-24,312.2799987792969,316.5299987792969,311.739990234375,312.2900085449219,2155600
2024-06-25,309.07000732421875,317.2099914550781,307.69000244140625,312.3399963378906,1985300
2024-06-26,304.8099975585937,309.8800048828125,304.3699951171875,308.7799987792969,1265500
2024-06-27,308.29998779296875,308.44000244140625,303.19000244140625,304.1600036621094,1410300
2024-06-28,298.70001220703125,303.25,296.2099914550781,302.0,3496800
2024-07-01,302.3599853515625,302.5799865722656,295.489990234375,300.7300109863281,1526500
2024-07-02,301.6700134277344,304.3900146484375,299.67999267578125,300.45001220703125,1434800
2024-07-03,300.32000732421875,302.5899963378906,299.0199890136719,301.6700134277344,952000
2024-07-05,298.1400146484375,303.1400146484375,296.79998779296875,303.1400146484375,1255000
2024-07-08,294.0299987792969,301.9100036621094,293.510009765625,300.4200134277344,1705300
2024-07-09,289.8699951171875,293.70001220703125,288.1099853515625,293.70001220703125,2012800
2024-07-10,288.0799865722656,290.2099914550781,283.489990234375,288.7900085449219,2192400
2024-07-11,289.20001220703125,295.5,288.3900146484375,289.3999938964844,1799900
2024-07-12,291.0599975585937,296.3800048828125,287.7799987792969,292.8099975585937,1797700
2024-07-15,283.7200012207031,290.0,282.5799865722656,289.5,2195100
2024-07-16,291.760009765625,291.8699951171875,282.0400085449219,284.6600036621094,1879100
2024-07-17,292.67999267578125,293.94000244140625,288.510009765625,289.9599914550781,1576400
2024-07-18,285.1300048828125,295.3500061035156,284.69000244140625,293.69000244140625,1885700
2024-07-19,280.239990234375,287.0,279.1600036621094,286.94000244140625,1623700
2024-07-22,285.0,286.42999267578125,280.8500061035156,281.79998779296875,1457600
2024-07-23,281.3699951171875,287.25,281.20001220703125,285.20001220703125,1494100
2024-07-24,272.0599975585937,281.0,268.7799987792969,280.57000732421875,2647100
2024-07-25,247.32000732421875,262.0,245.58999633789065,260.9800109863281,9370500
2024-07-26,253.5,257.260009765625,246.9900054931641,250.0,4121400
2024-07-29,259.0299987792969,260.4599914550781,251.9499969482422,256.3900146484375,2308500
2024-07-30,256.0,259.3900146484375,253.6999969482422,258.29998779296875,1563900
2024-07-31,258.6600036621094,262.5,256.0,256.0,2048800
2024-08-01,249.0500030517578,260.1199951171875,246.1199951171875,258.6700134277344,2119400
2024-08-02,236.0,243.25,234.69000244140625,240.0,3097900
2024-08-05,233.3999938964844,236.3500061035156,226.009994506836,228.0800018310547,2857400
2024-08-06,236.8999938964844,240.3600006103516,234.0,235.0,1848400
2024-08-07,233.44000244140625,244.6499938964844,232.9600067138672,239.9600067138672,1545100
2024-08-08,241.75,243.1499938964844,235.92999267578125,238.13999938964844,1762400
2024-08-09,238.72000122070312,240.8699951171875,237.27999877929688,240.75,1289800
2024-08-12,239.6999969482422,240.82000732421875,236.5500030517578,239.92999267578125,1412000
2024-08-13,241.9499969482422,245.72999572753903,238.91000366210932,241.33999633789065,1860900
2024-08-14,240.4900054931641,244.5,240.3600006103516,243.0,1157700
2024-08-15,256.54998779296875,258.3399963378906,250.1300048828125,250.82000732421875,3213500
2024-08-16,258.1000061035156,259.8999938964844,254.009994506836,258.20001220703125,2090200
2024-08-19,259.1199951171875,263.0,258.4200134277344,259.6000061035156,2061000
2024-08-20,260.6000061035156,261.32000732421875,257.3099975585937,259.0,1411000
2024-08-21,265.6300048828125,270.54998779296875,263.5899963378906,265.8800048828125,1898100
2024-08-22,263.45001220703125,267.29998779296875,262.5,265.6400146484375,1613400
2024-08-23,268.54998779296875,268.95001220703125,264.6400146484375,265.1099853515625,1605400
2024-08-26,271.6600036621094,275.0400085449219,269.260009765625,272.1499938964844,2507200
2024-08-27,271.17999267578125,272.3299865722656,268.25,270.7900085449219,1955900
2024-08-28,258.8299865722656,267.8299865722656,255.2899932861328,266.67999267578125,2882000
2024-08-29,259.010009765625,263.3500061035156,258.2799987792969,261.8599853515625,4753200
2024-08-30,259.4700012207031,270.0,249.1000061035156,269.0599975585937,7373300
2024-09-03,258.0799865722656,261.7699890136719,251.75,258.260009765625,3072000
2024-09-04,255.509994506836,257.489990234375,251.759994506836,254.2400054931641,2415300
2024-09-05,253.6999969482422,257.7699890136719,252.5,255.83999633789065,1939000
2024-09-06,253.83999633789065,265.8999938964844,250.6499938964844,262.1300048828125,2589500
2024-09-09,248.58999633789065,258.17999267578125,247.1000061035156,253.88999938964844,2031700
2024-09-10,247.17999267578125,249.3800048828125,244.8800048828125,249.0,1440500
2024-09-11,255.1999969482422,255.69000244140625,243.3699951171875,248.0500030517578,1863000
2024-09-12,260.1400146484375,260.3900146484375,253.97000122070312,254.0200042724609,1819200
2024-09-13,266.760009765625,268.7799987792969,260.9100036621094,261.010009765625,1783200
2024-09-16,265.29998779296875,267.45001220703125,260.260009765625,266.989990234375,1368900
2024-09-17,268.4100036621094,270.44000244140625,264.6400146484375,266.8999938964844,1553900
2024-09-18,270.20001220703125,274.6400146484375,266.54998779296875,269.5799865722656,2109400
2024-09-19,270.760009765625,281.17999267578125,269.44000244140625,275.9800109863281,2463600
2024-09-20,262.6099853515625,270.760009765625,261.04998779296875,270.75,2866900
2024-09-23,259.79998779296875,264.1099853515625,259.5299987792969,263.0,1717000
2024-09-24,263.54998779296875,271.760009765625,262.7799987792969,266.69000244140625,2224000
2024-09-25,259.739990234375,264.0299987792969,257.6099853515625,263.0,1741400
2024-09-26,268.82000732421875,270.7300109863281,265.7300109863281,269.0,2187900
2024-09-27,280.010009765625,283.6600036621094,272.010009765625,273.2200012207031,2936200
2024-09-30,271.3500061035156,281.3299865722656,271.1000061035156,278.0,1977400
2024-10-01,266.45001220703125,269.6099853515625,261.75,267.6700134277344,1983500
2024-10-02,260.5299987792969,265.67999267578125,259.75,264.79998779296875,1712000
2024-10-03,262.5599975585937,262.82000732421875,256.5,258.4800109863281,1715300
2024-10-04,270.3800048828125,274.6600036621094,267.1199951171875,267.7699890136719,2175200
2024-10-07,272.4800109863281,273.57000732421875,264.20001220703125,270.6499938964844,2328700
2024-10-08,276.5899963378906,279.0,268.0,271.0899963378906,1952400
2024-10-09,274.1199951171875,278.57000732421875,272.1000061035156,277.8399963378906,1404600
2024-10-10,273.5799865722656,274.489990234375,268.1600036621094,273.6700134277344,1564900
2024-10-11,278.25,279.04998779296875,272.0,272.8999938964844,1486300
2024-10-14,286.760009765625,287.19000244140625,272.8999938964844,278.5,2125700
2024-10-15,287.4800109863281,292.45001220703125,285.2699890136719,286.4200134277344,1948600
2024-10-16,294.2099914550781,295.3599853515625,286.7099914550781,287.3399963378906,2344000
2024-10-17,283.7099914550781,295.6400146484375,283.6199951171875,294.4100036621094,2670500
2024-10-18,291.6300048828125,291.7900085449219,282.1499938964844,283.54998779296875,1693200
2024-10-21,297.739990234375,299.1600036621094,291.3099975585937,291.42999267578125,2482000
2024-10-22,298.8800048828125,304.489990234375,296.0,298.239990234375,2031000
2024-10-23,293.1400146484375,297.5299987792969,290.7099914550781,297.1400146484375,1179400
2024-10-24,298.989990234375,299.2200012207031,294.6199951171875,295.3999938964844,1165700
2024-10-25,304.1499938964844,313.0899963378906,302.510009765625,302.8099975585937,2594200
2024-10-28,307.5400085449219,310.1600036621094,304.5899963378906,306.0,1619100
2024-10-29,304.82000732421875,307.489990234375,303.8500061035156,307.489990234375,1605100
2024-10-30,303.8500061035156,308.79998779296875,301.5,303.4599914550781,1528900
2024-10-31,297.8999938964844,303.7099914550781,294.20001220703125,302.70001220703125,1761100
2024-11-01,321.1700134277344,322.3599853515625,297.760009765625,299.8500061035156,3874700
2024-11-04,318.1300048828125,322.42999267578125,316.7099914550781,320.25,2251000
2024-11-05,319.2300109863281,320.239990234375,316.19000244140625,317.0,1401600
2024-11-06,313.1400146484375,321.69000244140625,310.29998779296875,320.0,2205800
2024-11-07,315.29998779296875,323.010009765625,312.3099975585937,316.5400085449219,1567200
2024-11-08,308.5299987792969,316.0,308.44000244140625,315.0199890136719,1957900
2024-11-11,318.4599914550781,320.70001220703125,308.6199951171875,310.6300048828125,2064000
2024-11-12,320.8999938964844,322.25,314.1199951171875,317.0,1159200
2024-11-13,328.29998779296875,334.3500061035156,321.739990234375,323.7099914550781,2001000
2024-11-14,330.260009765625,334.5799865722656,324.5299987792969,328.67999267578125,1579600
2024-11-15,320.010009765625,331.32000732421875,319.760009765625,330.6199951171875,1264700
2024-11-18,309.5299987792969,322.42999267578125,307.8900146484375,322.0,1895500
2024-11-19,301.8500061035156,307.7900085449219,298.20001220703125,305.1700134277344,2090300
2024-11-20,308.3099975585937,309.1700134277344,298.6700134277344,298.739990234375,1404000
2024-11-21,315.1400146484375,316.489990234375,304.44000244140625,306.19000244140625,1521600
2024-11-22,317.1099853515625,327.6700134277344,315.1400146484375,315.1400146484375,1873200
2024-11-25,326.7200012207031,328.7099914550781,318.8599853515625,319.4599914550781,2150300
2024-11-26,318.8399963378906,326.2200012207031,318.239990234375,325.3999938964844,1209200
2024-11-27,319.5199890136719,322.8500061035156,316.4100036621094,319.82000732421875,1126300
2024-11-29,320.6600036621094,324.1600036621094,318.4700012207031,321.92999267578125,839200
2024-12-02,334.3999938964844,337.29998779296875,321.8299865722656,322.9100036621094,2330100
2024-12-03,340.6600036621094,341.4200134277344,329.739990234375,333.5599975585937,1924800
2024-12-04,342.2699890136719,342.94000244140625,337.1499938964844,338.8399963378906,2036400
2024-12-05,344.8099975585937,351.3800048828125,340.69000244140625,345.4800109863281,4435400
2024-12-06,399.6000061035156,409.7000122070313,377.0,377.0,10952000
2024-12-09,404.7900085449219,420.2099914550781,396.4500122070313,398.6799926757813,3708300
2024-12-10,397.1000061035156,407.5499877929688,393.0,404.0,2263300
2024-12-11,399.75,405.1600036621094,398.0799865722656,399.4700012207031,1359500
2024-12-12,389.3299865722656,398.239990234375,389.1700134277344,396.7300109863281,1572400
2024-12-13,391.6300048828125,392.6000061035156,385.0,387.010009765625,1442500
2024-12-16,389.739990234375,397.6600036621094,389.010009765625,390.9100036621094,1494400
2024-12-17,390.5899963378906,391.489990234375,382.0,386.1099853515625,1394600
2024-12-18,372.0700073242188,389.6700134277344,371.8800048828125,387.0,2096900
2024-12-19,373.5400085449219,377.5,368.6600036621094,375.0,2021600
2024-12-20,379.4200134277344,384.1600036621094,366.9500122070313,367.989990234375,3166900
2024-12-23,383.489990234375,388.3999938964844,376.7900085449219,379.8999938964844,1899900
2024-12-24,385.6900024414063,386.8800048828125,383.2099914550781,385.2099914550781,496400
2024-12-26,385.8200073242188,389.8599853515625,384.010009765625,384.8599853515625,1012900
2024-12-27,386.6700134277344,387.4800109863281,380.3200073242188,382.0,1075500
2024-12-30,384.0499877929688,389.1900024414063,377.5400085449219,380.0299987792969,1254700
2024-12-31,382.4100036621094,386.3599853515625,380.260009765625,384.05999755859375,1027600
2025-01-02,372.30999755859375,385.2799987792969,371.4800109863281,381.5,1350400
2025-01-03,378.1799926757813,382.0299987792969,373.7699890136719,375.5199890136719,1032500
2025-01-06,395.30999755859375,396.5899963378906,381.4200134277344,381.4200134277344,1729700
2025-01-07,393.4599914550781,414.8200073242188,393.1499938964844,403.8699951171875,1845200
2025-01-08,392.9200134277344,393.2200012207031,386.1799926757813,390.0,973400
2025-01-10,395.4700012207031,397.3500061035156,388.6700134277344,391.760009765625,1321800
2025-01-13,398.8599853515625,404.75,389.4800109863281,401.9200134277344,2086800
2025-01-14,388.739990234375,401.9500122070313,384.05999755859375,400.0,2531400
2025-01-15,376.6600036621094,393.3500061035156,374.3999938964844,391.5400085449219,2195800
2025-01-16,370.989990234375,377.8599853515625,367.1499938964844,377.6700134277344,1805300
2025-01-17,373.7000122070313,378.5299987792969,373.0400085449219,378.2699890136719,1344100
2025-01-21,372.80999755859375,377.7300109863281,367.2000122070313,375.9400024414063,2115500
2025-01-22,382.8200073242188,383.3800048828125,370.0,371.989990234375,1838500
2025-01-23,387.8500061035156,389.5,379.30999755859375,383.4500122070313,1445200
2025-01-24,400.0299987792969,400.7900085449219,385.7300109863281,390.1199951171875,1969600
2025-01-27,402.8999938964844,408.1199951171875,394.5,395.4800109863281,2337900
2025-01-28,409.4200134277344,416.0,403.239990234375,404.3900146484375,1660600
2025-01-29,411.1600036621094,413.5499877929688,407.6000061035156,410.3800048828125,976600
2025-01-30,421.1600036621094,423.3200073242188,413.510009765625,415.0,1519500
2025-01-31,414.2000122070313,422.8699951171875,412.0,419.1099853515625,1297400
2025-02-03,410.2900085449219,413.1400146484375,399.4800109863281,404.5,1752600
2025-02-04,415.8999938964844,417.9100036621094,408.4299926757813,409.239990234375,1088100
2025-02-05,412.7999877929688,417.0,411.0700073242188,415.9800109863281,1186400
2025-02-06,411.8299865722656,417.1199951171875,407.739990234375,416.25,1236300
2025-02-07,398.1000061035156,414.1400146484375,396.739990234375,414.1400146484375,1487700
2025-02-10,399.7099914550781,401.0700073242188,387.2799987792969,398.1000061035156,1341600
2025-02-11,397.6300048828125,403.2099914550781,397.1300048828125,398.1700134277344,866000
2025-02-12,395.1600036621094,399.7799987792969,390.2999877929688,392.9500122070313,1169300
2025-02-13,390.8500061035156,400.010009765625,390.0299987792969,400.010009765625,1529200
2025-02-14,366.6799926757813,393.5400085449219,365.6199951171875,393.5199890136719,3310300
2025-02-18,372.4400024414063,372.9400024414063,354.04998779296875,365.6799926757813,2251000
2025-02-19,367.2200012207031,374.4100036621094,362.8699951171875,370.1099853515625,1423400
2025-02-20,365.8200073242188,369.5299987792969,359.1000061035156,367.2099914550781,1463200
2025-02-21,358.9700012207031,366.989990234375,354.2900085449219,366.0,1400600
2025-02-24,368.2200012207031,372.4100036621094,360.0,364.0,2001700
2025-02-25,366.7200012207031,370.25,359.19000244140625,366.4100036621094,1365200
2025-02-26,366.0299987792969,372.6600036621094,363.0799865722656,366.3299865722656,1241800
2025-02-27,362.1600036621094,371.75,359.3099975585937,364.6400146484375,1438300
2025-02-28,365.6099853515625,366.5400085449219,358.0,358.67999267578125,1194100
2025-03-03,347.8099975585937,367.010009765625,345.5199890136719,365.7999877929688,1696800
2025-03-04,345.2900085449219,349.5599975585937,330.29998779296875,342.6199951171875,2120600
2025-03-05,349.5299987792969,350.79998779296875,340.8399963378906,344.1300048828125,1355100
2025-03-06,347.94000244140625,363.8800048828125,345.0,348.67999267578125,1783100
2025-03-07,344.3599853515625,347.739990234375,332.760009765625,347.1300048828125,1717400
2025-03-10,333.7699890136719,342.6099853515625,330.7200012207031,337.57000732421875,1956900
2025-03-11,319.4200134277344,333.94000244140625,317.7099914550781,333.70001220703125,2033100
2025-03-12,316.489990234375,324.79998779296875,315.6700134277344,322.989990234375,1685600
2025-03-13,309.67999267578125,317.25,304.7699890136719,316.0899963378906,1812000
2025-03-14,311.0299987792969,316.9800109863281,308.6600036621094,313.3999938964844,1513900
2025-03-17,327.0899963378906,330.4200134277344,313.5,314.2699890136719,1768300
2025-03-18,323.07000732421875,326.0,319.2200012207031,325.8900146484375,1122400
2025-03-19,329.57000732421875,330.8099975585937,318.5599975585937,319.45001220703125,1097900
2025-03-20,324.45001220703125,333.010009765625,323.29998779296875,327.04998779296875,1106500
2025-03-21,322.6199951171875,324.3800048828125,311.0,317.6400146484375,1986100
2025-03-24,334.9599914550781,336.3599853515625,324.8099975585937,324.8099975585937,1703800
2025-03-25,337.3500061035156,346.7200012207031,334.739990234375,342.5,2040400
2025-03-26,337.7900085449219,340.7699890136719,332.4200134277344,336.760009765625,2300500
2025-03-27,341.5299987792969,348.5,334.07000732421875,334.25,4470400
2025-03-28,293.0599975585937,304.0,287.5,301.04998779296875,12915200
2025-03-31,283.0599975585937,291.760009765625,280.8299865722656,286.1400146484375,4414700
2025-04-01,279.6300048828125,283.6400146484375,277.45001220703125,282.2300109863281,3315100
2025-04-02,282.75,287.95001220703125,276.510009765625,277.75,2315200
2025-04-03,255.6499938964844,256.8800048828125,243.0500030517578,243.97999572753903,7596800
2025-04-04,263.70001220703125,271.75,234.83999633789065,242.0,8370800
2025-04-07,265.0,273.6499938964844,246.44000244140625,255.72000122070312,4203800
2025-04-08,247.6100006103516,270.4100036621094,243.7400054931641,269.4100036621094,3367900
2025-04-09,273.8399963378906,287.2099914550781,242.4499969482422,244.009994506836,6278000
2025-04-10,256.6199951171875,262.8900146484375,247.9199981689453,262.8900146484375,3712500
2025-04-11,261.0299987792969,263.8500061035156,249.07000732421875,256.42999267578125,1961400
2025-04-14,259.760009765625,265.8800048828125,254.5800018310547,264.7799987792969,1796000
2025-04-15,255.63999938964844,263.6000061035156,252.97999572753903,260.0899963378906,1573700
2025-04-16,249.3699951171875,256.94000244140625,246.88999938964844,253.3800048828125,1772800
2025-04-17,251.0800018310547,252.22999572753903,248.0,249.3500061035156,1600600
2025-04-21,253.91000366210932,254.02999877929688,245.6000061035156,249.33999633789065,1559500
2025-04-22,261.7099914550781,267.1000061035156,257.1199951171875,257.1199951171875,2133700
2025-04-23,265.8500061035156,277.29998779296875,263.67999267578125,271.79998779296875,1808500
2025-04-24,270.6400146484375,272.0,261.260009765625,267.82000732421875,1283300
2025-04-25,267.8999938964844,269.6300048828125,265.4800109863281,267.95001220703125,1423000
2025-04-28,268.5199890136719,270.7099914550781,265.8500061035156,268.3399963378906,1412600
2025-04-29,271.2699890136719,272.0,266.0599975585937,267.9599914550781,1533800
2025-04-30,270.7699890136719,271.2699890136719,259.3299865722656,265.7099914550781,2015600
2025-05-01,268.6000061035156,274.3299865722656,268.3599853515625,271.3399963378906,1227800
2025-05-02,277.3599853515625,279.44000244140625,272.8099975585937,273.92999267578125,1811400
2025-05-05,278.54998779296875,281.44000244140625,276.1499938964844,276.4200134277344,1329900
2025-05-06,270.79998779296875,275.04998779296875,269.57000732421875,274.20001220703125,1141700
2025-05-07,275.69000244140625,277.1300048828125,271.9200134277344,273.5199890136719,1120800
2025-05-08,282.42999267578125,286.260009765625,277.3800048828125,279.79998779296875,1483900
2025-05-09,279.7699890136719,284.0,279.5799865722656,283.260009765625,1680000
2025-05-12,304.20001220703125,309.82000732421875,297.9800109863281,297.9800109863281,2531700
2025-05-13,310.6099853515625,311.8399963378906,304.8699951171875,308.7200012207031,1643700
2025-05-14,315.8399963378906,319.07000732421875,309.8099975585937,310.7799987792969,1574300
2025-05-15,318.9599914550781,319.4100036621094,312.3500061035156,313.8599853515625,1175900
2025-05-16,321.44000244140625,325.44000244140625,317.3299865722656,320.0,1277500
2025-05-19,323.70001220703125,326.7300109863281,316.0,316.260009765625,1701500
2025-05-20,327.1700134277344,330.489990234375,322.510009765625,323.20001220703125,1378800
2025-05-21,317.5599975585937,326.42999267578125,317.3599853515625,322.1099853515625,1323300
2025-05-22,320.4599914550781,321.8299865722656,317.2300109863281,320.5,1344600
2025-05-23,310.760009765625,315.3999938964844,309.7900085449219,312.5299987792969,1989900
2025-05-27,321.20001220703125,322.0,312.7699890136719,315.0,2193300
2025-05-28,315.75,321.3299865722656,315.67999267578125,321.20001220703125,1940900
2025-05-29,317.0899963378906,322.94000244140625,316.04998779296875,321.32000732421875,2601700
2025-05-30,316.6700134277344,317.739990234375,311.32000732421875,314.3699951171875,3652700
2025-06-02,322.95001220703125,323.5,313.1400146484375,315.1300048828125,1809700
2025-06-03,334.9100036621094,340.25,324.7099914550781,328.54998779296875,3248100
2025-06-04,335.19000244140625,339.1499938964844,333.3900146484375,333.5299987792969,2293700
2025-06-05,330.7799987792969,338.489990234375,329.6000061035156,335.1099853515625,5233900
2025-06-06,265.2699890136719,275.6000061035156,262.0899963378906,271.17999267578125,16112200
2025-06-09,259.0400085449219,266.95001220703125,259.0,266.5400085449219,5395300
2025-06-10,258.5,262.1600036621094,257.3999938964844,260.0,3950800
2025-06-11,252.27999877929688,261.29998779296875,251.5200042724609,260.8599853515625,4461800
2025-06-12,247.02999877929688,251.8000030517578,246.5599975585937,251.8000030517578,4165200
2025-06-13,239.1100006103516,248.25,238.25,244.5800018310547,4525600
2025-06-16,241.2899932861328,242.0599975585937,238.259994506836,241.6199951171875,3643100
2025-06-17,235.1999969482422,241.3000030517578,234.58999633789065,240.82000732421875,3391500
2025-06-18,228.6499938964844,235.69000244140625,228.4499969482422,235.41000366210932,4682200
2025-06-20,227.47000122070312,231.3000030517578,227.1199951171875,230.6999969482422,4903100
2025-06-23,225.5599975585937,227.0,219.97000122070312,226.72999572753903,4699800
2025-06-24,232.92999267578125,233.4900054931641,227.5500030517578,227.8099975585937,3789200
2025-06-25,231.5200042724609,234.8999938964844,229.3500061035156,234.5200042724609,2676900
2025-06-26,231.5800018310547,232.9199981689453,227.6000061035156,232.4600067138672,3115400
2025-06-27,235.0200042724609,237.1999969482422,231.5,235.0,6204700
2025-06-30,237.5800018310547,238.08999633789065,233.8500061035156,236.32000732421875,2964500
2025-07-01,245.1199951171875,247.77999877929688,237.0,237.22999572753903,3879100
2025-07-02,246.3000030517578,252.2400054931641,236.32000732421875,245.66000366210932,5344900
2025-07-03,247.67999267578125,249.97000122070312,246.0,247.3999938964844,1646300
2025-07-07,237.57000732421875,247.0,235.3000030517578,245.8999938964844,3317300
2025-07-08,238.5399932861328,239.7899932861328,235.0,237.5800018310547,2317500
2025-07-09,235.88999938964844,239.2700042724609,232.08999633789065,239.2700042724609,3235500
2025-07-10,238.5200042724609,241.83999633789065,234.6499938964844,237.7700042724609,2594900
2025-07-11,236.509994506836,238.4499969482422,235.52999877929688,237.0399932861328,1670100
2025-07-14,228.88999938964844,236.19000244140625,228.75,235.6100006103516,3392300
2025-07-15,222.19000244140625,230.5399932861328,222.0599975585937,229.19000244140625,4770100
2025-07-16,226.1100006103516,227.66000366210932,222.4600067138672,224.1499938964844,3228100
2025-07-17,233.3099975585937,233.75,226.92999267578125,227.0,2956100
2025-07-18,229.7700042724609,233.0,228.07000732421875,232.7899932861328,2552700
2025-07-21,223.2100067138672,230.5,222.6499938964844,229.97000122070312,2985000
2025-07-22,223.92999267578125,225.4499969482422,221.08999633789065,221.7700042724609,3309000
2025-07-23,224.02999877929688,226.2400054931641,222.8699951171875,225.0,2212100
2025-07-24,218.69000244140625,225.3099975585937,218.4499969482422,223.41000366210932,3480300
2025-07-25,219.42999267578125,220.509994506836,216.4900054931641,220.25,2638000
2025-07-28,216.58999633789065,220.6999969482422,216.3300018310547,220.32000732421875,2368800
2025-07-29,214.0399932861328,219.1199951171875,213.8800048828125,216.0,2585600
2025-07-30,206.47000122070312,214.1499938964844,205.88999938964844,214.0,3850900
2025-07-31,200.52999877929688,206.63999938964844,200.2400054931641,203.97000122070312,4173900
2025-08-01,193.3300018310547,200.0,191.44000244140625,199.94000244140625,4697900
2025-08-04,196.4499969482422,197.4900054931641,192.8099975585937,195.0800018310547,3524500
2025-08-05,195.07000732421875,197.82000732421875,194.63999938964844,195.47999572753903,2871600
2025-08-06,196.509994506836,198.1499938964844,194.8500061035156,195.6499938964844,2143800
2025-08-07,191.13999938964844,198.1000061035156,189.7700042724609,197.6999969482422,3160100
2025-08-08,189.42999267578125,191.25,186.5200042724609,191.0800018310547,3191200
2025-08-11,186.44000244140625,192.0,185.9499969482422,189.1300048828125,2581800
2025-08-12,192.92999267578125,193.1499938964844,186.759994506836,188.16000366210932,3392700
2025-08-13,200.4900054931641,200.8300018310547,192.8500061035156,195.6100006103516,4239300
2025-08-14,195.19000244140625,197.0200042724609,192.3500061035156,196.8999938964844,4102400
2025-08-15,198.4600067138672,201.13999938964844,196.3999938964844,200.77999877929688,4757500
2025-08-18,203.6199951171875,206.7400054931641,200.3099975585937,200.33999633789065,4864400
2025-08-19,197.66000366210932,205.88999938964844,196.5200042724609,204.6999969482422,4329100
2025-08-20,198.1199951171875,200.3000030517578,195.3099975585937,197.67999267578125,2863100
2025-08-21,198.17999267578125,198.47999572753903,195.1999969482422,196.91000366210932,2222700
2025-08-22,207.58999633789065,208.1300048828125,198.5,198.5,3808700
2025-08-25,202.44000244140625,208.0,202.3699951171875,206.6999969482422,2933100
2025-08-26,202.52999877929688,204.38999938964844,200.5,204.3600006103516,2501800
2025-08-27,205.57000732421875,207.6699981689453,203.5,203.8000030517578,3423100
2025-08-28,205.0800018310547,206.6100006103516,202.3800048828125,206.0500030517578,2831500
2025-08-29,202.1999969482422,205.8000030517578,200.7100067138672,204.6199951171875,3169700
2025-09-02,200.2100067138672,201.2700042724609,195.5800018310547,199.8099975585937,4433500
2025-09-03,198.52999877929688,203.009994506836,197.6100006103516,201.3000030517578,4083900
2025-09-04,206.08999633789065,206.63999938964844,197.6699981689453,200.8999938964844,15476700
2025-09-05,167.8000030517578,176.17999267578125,163.97999572753906,165.13999938964844,36788900
2025-09-08,168.10000610351562,169.61000061035156,162.8000030517578,167.75999450683594,13919800
2025-09-09,165.69000244140625,169.14999389648438,164.3800048828125,167.8300018310547,8678900
2025-09-10,163.89999389648438,167.35000610351562,163.1999969482422,164.6999969482422,5785900
2025-09-11,165.77999877929688,168.58999633789062,163.33999633789062,163.9600067138672,6645300
2025-09-12,159.8699951171875,165.92999267578125,159.75,165.25999450683594,8061200
2025-09-15,159.97999572753906,162.1699981689453,159.25,160.72999572753906,5576100
2025-09-16,162.33999633789062,163.63999938964844,159.75,160.0,5091000
2025-09-17,163.47999572753906,165.69000244140625,162.22000122070312,162.33999633789062,4339900
2025-09-18,169.75999450683594,170.72000122070312,166.52000427246094,169.02000427246094,7097200
2025-09-19,169.6199951171875,170.89999389648438,167.52999877929688,169.6999969482422,7885900
2025-09-22,173.41000366210938,174.17999267578125,165.10000610351562,169.3000030517578,6349100
2025-09-23,173.3300018310547,176.1699981689453,171.5800018310547,172.22000122070312,6042600
2025-09-24,179.22000122070312,179.55999755859375,171.8000030517578,173.25999450683594,5304600
2025-09-25,172.00999450683594,177.82000732421875,171.00999450683594,177.11000061035156,6628800
2025-09-26,176.3000030517578,176.7100067138672,171.50999450683594,172.1999969482422,3821600
2025-09-29,179.11000061035156,179.39999389648438,176.00999450683594,177.72000122070312,3507800
2025-09-30,177.92999267578125,180.08999633789062,176.49000549316406,178.52999877929688,3415800
2025-10-01,177.57000732421875,181.57000732421875,175.9499969482422,178.25,3482900
2025-10-02,178.1999969482422,180.6300048828125,175.0,177.0800018310547,3530400
2025-10-03,175.58999633789062,179.11000061035156,175.52000427246094,178.11000061035156,3017900
2025-10-06,174.1199951171875,177.19000244140625,172.3000030517578,174.47000122070312,3694600
2025-10-07,173.1699981689453,177.0,172.14999389648438,174.74000549316406,2902400
2025-10-08,174.82000732421875,176.33999633789062,171.8800048828125,173.4499969482422,4952200
2025-10-09,173.47999572753906,178.89999389648438,172.6999969482422,175.11000061035156,4277300
2025-10-10,167.50999450683594,176.67999267578125,166.52999877929688,174.19000244140625,7424400
2025-10-13,169.85000610351562,170.75,164.22999572753906,169.19000244140625,3588200
2025-10-14,169.1300048828125,171.35000610351562,165.52999877929688,167.47000122070312,3105400
2025-10-15,167.10000610351562,171.0,166.52999877929688,169.60000610351562,2510000
2025-10-16,164.6199951171875,166.88999938964844,161.8000030517578,166.3800048828125,4092600
2025-10-17,167.41000366210938,167.8699951171875,162.85000610351562,162.97999572753906,4111300
2025-10-20,172.42999267578125,176.47000122070312,170.9199981689453,171.27999877929688,5105300
2025-10-21,181.38999938964844,183.0500030517578,172.92999267578125,173.17999267578125,6689700
2025-10-22,178.2899932861328,181.5,175.89999389648438,181.4499969482422,3626600
2025-10-23,179.05999755859375,180.58999633789065,177.52000427246094,178.5500030517578,2638600
2025-10-24,178.1699981689453,181.38999938964844,177.25999450683594,180.47999572753903,2609400
2025-10-27,181.38999938964844,186.91000366210932,181.3300018310547,186.42999267578125,5185500
2025-10-28,179.97999572753906,181.5200042724609,175.17999267578125,181.3999938964844,3800100
2025-10-29,170.3000030517578,178.99000549316406,169.77000427246094,178.7100067138672,5155700
2025-10-30,168.02000427246094,172.2100067138672,166.77999877929688,168.0,2832400
2025-10-31,170.5399932861328,171.4600067138672,166.57000732421875,168.39999389648438,2991000
2025-11-03,165.47000122070312,170.1999969482422,164.2899932861328,170.1999969482422,4237600
2025-11-04,160.66000366210938,164.85000610351562,160.4600067138672,164.0800018310547,5194800
2025-11-05,167.58999633789062,169.74000549316406,161.10000610351562,161.22999572753906,4679500
2025-11-06,163.5500030517578,168.89999389648438,161.8699951171875,167.41000366210938,3023100
2025-11-07,166.1300048828125,167.1199951171875,161.6999969482422,162.5,2912700
2025-11-10,170.35000610351562,171.22999572753906,165.35000610351562,167.8000030517578,2942200
2025-11-11,169.80999755859375,172.25999450683594,168.88999938964844,170.19000244140625,2664000
2025-11-12,170.89999389648438,172.47999572753906,169.8800048828125,171.58999633789062,2556400
2025-11-13,169.66000366210938,173.22999572753906,169.0,170.39999389648438,2096400
2025-11-14,170.67999267578125,171.77999877929688,165.3800048828125,165.82000732421875,1950100
2025-11-17,164.16000366210938,168.72999572753906,162.75999450683594,168.6199951171875,3240500
2025-11-18,163.97000122070312,164.97000122070312,160.97000122070312,162.5800018310547,2791900
2025-11-19,166.05999755859375,169.10000610351562,163.4499969482422,164.6699981689453,2500900
2025-11-20,164.69000244140625,170.5,164.50999450683594,166.1300048828125,2911400
2025-11-21,168.17999267578125,170.17999267578125,163.47000122070312,165.2100067138672,3337500
2025-11-24,169.6699981689453,172.38999938964844,166.22999572753906,168.32000732421875,3862500
2025-11-25,177.50999450683594,179.1699981689453,171.5,171.5500030517578,4518200
2025-11-26,181.94000244140625,183.69000244140625,177.7899932861328,178.0,3840000
2025-11-28,184.17999267578125,186.69000244140625,183.5,185.0,3021000
2025-12-01,182.41000366210932,184.94000244140625,180.25,181.19000244140625,4155100
2025-12-02,182.3999938964844,184.41000366210932,181.2100067138672,183.3500061035156,2362300
2025-12-03,182.3000030517578,185.07000732421875,178.89999389648438,182.66000366210932,2742200
2025-12-04,183.6000061035156,184.8999938964844,179.58999633789062,182.7100067138672,2973300
2025-12-05,190.009994506836,191.8500061035156,184.6199951171875,184.6199951171875,4641900
2025-12-08,183.0399932861328,191.27999877929688,180.0,190.52999877929688,5226400
2025-12-09,182.27999877929688,183.58999633789065,180.6999969482422,182.8000030517578,3274300
2025-12-10,187.6199951171875,188.22000122070312,181.5,181.63999938964844,3233500
2025-12-11,187.009994506836,188.5,182.0399932861328,183.44000244140625,9925700
2025-12-12,204.97000122070312,213.22000122070312,202.1100006103516,204.5800018310547,20263800
2025-12-15,206.2899932861328,208.3000030517578,198.5399932861328,203.22999572753903,7686800
2025-12-16,206.7400054931641,209.2100067138672,203.2700042724609,208.8099975585937,5156000
2025-12-17,207.8699951171875,209.4499969482422,201.009994506836,206.42999267578125,5254400
2025-12-18,215.1100006103516,225.97999572753903,215.0500030517578,223.88999938964844,12120600
2025-12-19,209.4499969482422,217.259994506836,207.3800048828125,214.9900054931641,15983300
2025-12-22,212.3699951171875,213.72000122070312,207.9900054931641,209.42999267578125,4610500
2025-12-23,212.67999267578125,213.3699951171875,209.25,211.1100006103516,2867800
2025-12-24,210.3999938964844,214.19000244140625,210.25,213.22000122070312,1152500
2025-12-26,208.97000122070312,211.0,207.8600006103516,210.0,2076700
2025-12-29,212.5399932861328,212.8999938964844,207.0200042724609,208.0,3453500
2025-12-30,210.6699981689453,213.17999267578125,210.47000122070312,212.509994506836,1987600
2025-12-31,207.8099975585937,211.3600006103516,207.69000244140625,210.91000366210932,1967500
2026-01-02,210.8099975585937,212.0800018310547,208.5599975585937,209.22000122070312,2415700
2026-01-05,212.3999938964844,216.4499969482422,211.07000732421875,211.44000244140625,3173100
2026-01-06,215.8800048828125,216.4600067138672,209.9900054931641,212.3999938964844,3105900
2026-01-07,211.72000122070312,216.75,209.3699951171875,215.8500061035156,2343200
2026-01-08,212.1699981689453,217.22000122070312,209.4600067138672,209.75,2750600
2026-01-09,203.8999938964844,213.6300048828125,200.4499969482422,213.0,5732800
2026-01-12,209.0399932861328,211.4199981689453,202.0,203.3000030517578,4200900
2026-01-13,211.8999938964844,214.1499938964844,208.3699951171875,208.8999938964844,2417000
2026-01-14,203.13999938964844,215.0,202.17999267578125,211.3300018310547,2628600
2026-01-15,205.009994506836,205.83999633789065,201.0,203.4600067138672,2422600
2026-01-16,201.8699951171875,205.07000732421875,201.5,204.38999938964844,3642300
2026-01-20,188.759994506836,201.2899932861328,188.5500030517578,198.41000366210932,4306200
2026-01-21,189.83999633789065,193.2899932861328,186.8999938964844,188.91000366210932,2523200
2026-01-22,194.66000366210932,196.27999877929688,190.8699951171875,190.91000366210932,2080600
2026-01-23,191.07000732421875,194.88999938964844,191.0,192.7100067138672,1719900
2026-01-26,192.7899932861328,195.7400054931641,189.16000366210932,191.009994506836,1885800
2026-01-27,186.38999938964844,192.4900054931641,186.17999267578125,192.0,2632300
2026-01-28,180.3500061035156,187.4900054931641,179.1999969482422,186.5200042724609,2872100
2026-01-29,172.5399932861328,180.0,171.3000030517578,179.6199951171875,3543700
2026-01-30,174.5,175.39999389648438,171.25,173.75999450683594,2735200
2026-02-02,179.0800018310547,181.5599975585937,173.9499969482422,174.8699951171875,3062800
2026-02-03,171.57000732421875,179.9199981689453,171.3300018310547,176.5,2452200
2026-02-04,178.0,178.1699981689453,172.44000244140625,173.11000061035156,2858500
2026-02-05,170.08999633789062,178.8800048828125,169.42999267578125,177.0500030517578,2204400
2026-02-06,172.85000610351562,175.42999267578125,170.0,170.0,1953900
2026-02-09,175.67999267578125,175.88999938964844,170.27000427246094,173.0,1664900
2026-02-10,180.6199951171875,184.5,176.00999450683594,176.32000732421875,2266900
2026-02-11,175.86000061035156,181.72000122070312,175.83999633789062,180.10000610351562,1630700
2026-02-12,169.52999877929688,178.97999572753906,168.38999938964844,176.8000030517578,2599800
2026-02-13,176.4199981689453,176.6699981689453,170.82000732421875,171.6199951171875,1934200
2026-02-17,177.72000122070312,178.80999755859375,172.39999389648438,175.2100067138672,1636100
2026-02-18,182.1300048828125,182.5800018310547,176.0,177.00999450683594,1751300
2026-02-19,182.8800048828125,183.3000030517578,179.2100067138672,180.8999938964844,1331100
2026-02-20,187.3000030517578,192.4900054931641,178.1999969482422,181.3699951171875,3489000
2026-02-23,178.11000061035156,185.009994506836,176.67999267578125,184.83999633789065,2325600
2026-02-24,179.49000549316406,182.0,177.5,178.8300018310547,1312100
2026-02-25,182.5500030517578,183.8500061035156,179.47000122070312,179.75,1581700
2026-02-26,186.1000061035156,188.4199981689453,184.0,184.66000366210932,1812300
2026-02-27,185.1699981689453,186.6499938964844,180.97999572753903,181.1300048828125,1810800
2026-03-02,176.1699981689453,179.3800048828125,175.27999877929688,179.3800048828125,2974200
2026-03-03,174.27000427246094,175.4600067138672,168.5399932861328,171.72999572753906,2843800
2026-03-04,173.2100067138672,175.4499969482422,172.13999938964844,173.55999755859375,2188700
2026-03-05,173.17999267578125,174.39999389648438,170.07000732421875,172.97999572753906,2150300
2026-03-06,170.1300048828125,171.77000427246094,165.8800048828125,171.77000427246094,2771400
2026-03-09,169.75999450683594,170.92999267578125,163.4499969482422,165.63999938964844,2708400
2026-03-10,166.42999267578125,171.33999633789062,166.33999633789062,169.75999450683594,2320300
2026-03-11,162.7899932861328,168.3800048828125,162.72999572753906,167.3800048828125,2601300
2026-03-12,158.19000244140625,163.02999877929688,157.9499969482422,161.75999450683594,2787700
2026-03-13,157.77999877929688,159.49000549316406,156.63999938964844,159.0500030517578,2516900
2026-03-16,159.91000366210938,161.58999633789062,156.77999877929688,157.5,3026200
2026-03-17,159.27000427246094,164.02999877929688,158.8699951171875,161.4499969482422,6341500
2026-03-18,165.38999938964844,169.39999389648438,156.80999755859375,158.0399932861328,7402500
2026-03-19,165.57000732421875,167.6999969482422,161.3300018310547,163.0399932861328,3859700
2026-03-20,162.82000732421875,166.69000244140625,161.2100067138672,165.16000366210938,4942200
2026-03-23,164.3800048828125,167.49000549316406,162.60000610351562,165.8800048828125,2609300
2026-03-24,160.9499969482422,166.5399932861328,160.2899932861328,164.25,1874600
2026-03-25,158.72000122070312,163.6300048828125,156.8300018310547,162.60000610351562,2391900
2026-03-26,151.38999938964844,160.10000610351562,151.22999572753906,157.99000549316406,3015700
2026-03-27,145.85000610351562,150.52000427246094,143.9600067138672,150.36000061035156,3694900
2026-03-30,145.8300018310547,148.85000610351562,145.3699951171875,145.9199981689453,2694000
2026-03-31,153.10000610351562,153.6699981689453,148.0,148.41000366210938,2520900
2026-04-01,158.80999755859375,161.0,150.8000030517578,150.92999267578125,3039500
2026-04-02,155.72000122070312,159.4499969482422,152.85000610351562,155.1699981689453,1963500
2026-04-06,156.17999267578125,157.25,153.6300048828125,155.32000732421875,1506500
2026-04-07,153.6699981689453,155.24000549316406,151.7100067138672,154.3000030517578,1434300
2026-04-08,158.86000061035156,163.16000366210938,158.1699981689453,160.22999572753906,1664700
2026-04-09,166.50999450683594,166.8000030517578,157.30999755859375,157.42999267578125,1967600
2026-04-10,163.86000061035156,167.9499969482422,162.8000030517578,166.7899932861328,1556600
2026-04-13,162.55999755859375,163.94000244140625,156.5500030517578,162.1999969482422,1986800
2026-04-14,160.60000610351562,164.2100067138672,158.47000122070312,162.5800018310547,2635800
2026-04-15,162.74000549316406,164.2100067138672,160.35000610351562,161.32000732421875,1853500
2026-04-16,162.9199981689453,167.42999267578125,162.2100067138672,164.7100067138672,1516900
2026-04-17,167.27999877929688,168.9499969482422,165.0,165.25,2244600
2026-04-20,166.80999755859375,167.42999267578125,164.6999969482422,164.83999633789062,1386000
2026-04-21,166.6999969482422,170.1999969482422,165.61000061035156,167.5,1723700
2026-04-22,163.4499969482422,168.1999969482422,161.2100067138672,167.61000061035156,2513500
2026-04-23,141.66000366210938,152.0800018310547,141.3300018310547,152.0800018310547,12180300
2026-04-24,143.8000030517578,145.38999938964844,141.77999877929688,141.8800048828125,3817900
2026-04-27,146.94000244140625,148.69000244140625,143.77000427246094,143.83999633789062,3245000
2026-04-28,142.38999938964844,148.6699981689453,142.22999572753906,146.97000122070312,2594900
2026-04-29,138.16000366210938,141.72999572753906,136.91000366210938,141.5,3373900
2026-04-30,137.6999969482422,139.94000244140625,136.89999389648438,137.91000366210938,3056200
2026-05-01,133.5800018310547,139.1999969482422,133.5500030517578,137.8699951171875,4183500
2026-05-04,128.97999572753906,133.97000122070312,128.92999267578125,133.55999755859375,4782100
2026-05-05,130.2100067138672,131.25,127.8000030517578,129.66000366210938,3378600
2026-05-06,132.0399932861328,132.50999450683594,129.61000061035156,131.89999389648438,2551400
2026-05-07,133.58999633789062,135.1699981689453,132.19000244140625,133.13999938964844,3014100
2026-05-08,131.17999267578125,133.72000122070312,131.07000732421875,133.1199951171875,2082000
2026-05-11,126.33999633789062,130.69000244140625,126.0999984741211,130.69000244140625,3792400
2026-05-12,125.12999725341795,126.33999633789062,123.51000213623048,126.26000213623048,3097500
2026-05-13,121.20999908447266,124.5999984741211,121.1500015258789,124.33999633789062,4234500
2026-05-14,121.05999755859376,122.87999725341795,120.51000213623048,122.19000244140624,2672500
2026-05-15,119.13999938964844,122.5,119.05999755859376,120.6999969482422,2952900
2026-05-18,120.26000213623048,121.8000030517578,118.37999725341795,118.70999908447266,3309700
2026-05-19,119.22000122070312,121.25,118.05999755859376,120.88999938964844,2611600
2026-05-20,125.19000244140624,125.30999755859376,116.62999725341795,118.52999877929688,3355500
2026-05-21,126.76000213623048,127.04000091552734,121.1999969482422,124.55999755859376,2918900
2026-05-22,127.18000030517578,127.94000244140624,124.9000015258789,127.26000213623048,2259200
2026-05-26,127.3499984741211,129.00999450683594,125.20999908447266,128.3000030517578,2374700
2026-05-27,131.0399932861328,136.13999938964844,130.52999877929688,131.9600067138672,4862900
2026-05-28,131.3300018310547,131.82000732421875,127.11000061035156,129.97000122070312,3014500
2026-05-29,131.17999267578125,132.4199981689453,129.05999755859375,131.1300048828125,3428000
2026-06-01,132.08999633789062,134.3800048828125,131.1300048828125,132.33999633789062,3672400
2026-06-02,126.47000122070312,131.11000061035156,126.41000366210938,131.11000061035156,3846800
2026-06-03,126.02999877929688,126.16000366210938,123.4499969482422,124.9000015258789,2876400
2026-06-04,124.91999816894533,129.0,123.66999816894533,128.60000610351562,9835900
2026-06-05,114.2300033569336,116.76000213623048,109.36000061035156,110.43000030517578,16205900
2026-06-08,117.5500030517578,118.02999877929688,113.9000015258789,114.37000274658205,5830500
2026-06-09,121.36000061035156,121.9000015258789,115.76000213623048,117.16000366210938,4483100
2026-06-10,118.93000030517578,124.37999725341795,118.0199966430664,119.4499969482422,4189300
2026-06-11,121.83999633789062,121.88999938964844,115.87999725341795,118.56999969482422,2987900
2026-06-12,118.7699966430664,122.61000061035156,118.5,121.98999786376952,2847700
2026-06-15,116.20999908447266,120.52999877929688,115.91999816894533,119.20999908447266,3344400
2026-06-16,115.5,118.6500015258789,115.3000030517578,115.7300033569336,2609100
2026-06-17,111.76000213623048,118.8499984741211,111.6999969482422,115.93000030517578,3446900
2026-06-18,111.7699966430664,113.6999969482422,110.2699966430664,111.5,6175500
2026-06-22,105.43000030517578,111.37999725341795,104.44000244140624,111.37999725341795,5647600
2026-06-23,108.91999816894533,109.93000030517578,105.20999908447266,105.4800033569336,4660900
2026-06-24,113.08999633789062,113.4000015258789,110.16999816894533,110.9000015258789,3598400
2026-06-25,112.05999755859376,114.16000366210938,110.55999755859376,112.93000030517578,3599400
2026-06-26,117.56999969482422,117.6500015258789,111.36000061035156,112.0,5404500
2026-06-29,114.29000091552734,117.8000030517578,112.8000030517578,117.20999908447266,3252800
2026-06-30,114.18000030517578,114.1999969482422,111.25,113.08000183105467,3816800
2026-07-01,116.4000015258789,116.91999816894533,114.0,115.30999755859376,2623300
2026-07-02,118.43000030517578,119.83000183105467,116.4000015258789,116.4000015258789,2632900
2026-07-06,115.63999938964844,117.66999816894533,112.91999816894533,116.33999633789062,3344100
2026-07-07,115.06999969482422,118.80999755859376,113.5,117.36000061035156,2428900
2026-07-08,113.62000274658205,115.4000015258789,110.9000015258789,113.0,2830000
2026-07-09,116.51000213623048,116.69000244140624,111.30999755859376,113.0,2062200
2026-07-10,119.26000213623048,121.41000366210938,117.16000366210938,118.26000213623048,3114600
2026-07-13,120.3000030517578,122.0,119.23999786376952,119.25,2673800
2026-07-14,117.31999969482422,120.0199966430664,115.86000061035156,119.88999938964844,2217800
2026-07-15,117.41999816894533,120.48999786376952,116.56999969482422,118.0,2013000
2026-07-16,118.79000091552734,119.9000015258789,114.33999633789062,115.06999969482422,2118200
2026-07-17,116.33000183105467,119.0500030517578,115.66000366210938,118.01000213623048,2841000
2026-07-20,116.66999816894533,117.80999755859376,115.0,116.2300033569336,2395200
2026-07-21,116.62999725341795,116.9499969482422,113.38999938964844,113.87999725341795,1961000
2026-07-22,113.37000274658205,116.55999755859376,112.43000030517578,116.0999984741211,2238900
2026-07-23,110.62999725341795,112.13999938964844,109.1999969482422,111.20999908447266,2717600
2026-07-24,114.27999877929688,115.6999969482422,110.5500030517578,111.3000030517578,2912500
2026-07-27,117.83000183105467,118.37000274658205,115.76000213623048,117.58999633789062,2781000
2026-07-28,120.31999969482422,121.87999725341795,118.4800033569336,119.0,2883700
2026-07-29,119.02999877929688,120.87000274658205,118.04000091552734,118.8000030517578,2399000
2026-07-30,119.4800033569336,119.69000244140624,115.11000061035156,117.52999877929688,2026600
2026-07-31,118.87000274658205,121.0,117.87000274658205,120.4000015258789,2515400
2026-08-03,123.66999816894533,124.37999725341795,120.54000091552734,122.18000030517578,2359800
2026-08-04,123.02999877929688,124.61000061035156,120.86000061035156,121.75,2161300
2026-08-05,123.51000213623048,124.81999969482422,122.5999984741211,123.94000244140624,1857400
2026-08-06,124.7300033569336,125.91999816894533,122.01000213623048,122.5999984741211,2222900
2026-08-07,128.5800018310547,128.86000061035156,124.0,124.54000091552734,2792100
2026-08-10,127.8000030517578,128.75999450683594,125.0199966430664,128.75,2136500
2026-08-11,125.61000061035156,126.4800033569336,123.5999984741211,125.5,2233000
2026-08-12,120.87000274658205,124.9499969482422,120.6999969482422,124.87000274658205,2861800
2026-08-13,119.55999755859376,122.87999725341795,118.7699966430664,122.2699966430664,3535700
2026-08-14,119.5500030517578,120.2300033569336,117.9499969482422,119.0999984741211,2988400
2026-08-17,115.73999786376952,119.33000183105467,114.91000366210938,118.4800033569336,2830000
2026-08-18,119.01000213623048,122.0500030517578,115.61000061035156,116.9800033569336,3042800
2026-08-19,119.4499969482422,121.33999633789062,119.01000213623048,119.02999877929688,1974900
2026-08-20,115.69000244140624,117.8499984741211,114.69000244140624,117.16999816894533,3339200
2026-08-21,121.06999969482422,121.66000366210938,116.9000015258789,116.9000015258789,3247100
2026-08-24,122.77999877929688,123.48999786376952,120.30999755859376,122.22000122070312,2743400
2026-08-25,118.33000183105467,119.5500030517578,117.12000274658205,118.62000274658205,3502900
2026-08-26,116.3499984741211,118.6999969482422,115.87000274658205,118.18000030517578,3686600
2026-08-27,115.0,118.5,114.9000015258789,116.43000030517578,2891800
2026-08-28,120.80999755859376,121.1999969482422,116.3499984741211,116.63999938964844,3921800
2026-08-31,120.26000213623048,124.47000122070312,118.1999969482422,119.0,13645700
2026-09-01,118.0,122.66999816894533,117.25,118.05999755859376,3806800
2026-09-02,120.06999969482422,122.20999908447266,118.55000305175781,118.55000305175781,3942800
2026-09-03,121.7699966430664,122.5999984741211,117.88999938964844,121.1500015258789,16937300
2026-09-04,100.61000061035156,103.16000366210938,97.98999786376953,98.1500015258789,37426200
2026-09-08,103.19000244140625,103.75,100.18000030517578,100.58000183105469,11221900
2026-09-09,99.72000122070312,102.0,97.55000305175781,101.9000015258789,9470502
