Date,Close,High,Low,Open,Volume
2016-09-27,92.17389678955078,93.0837619704046,91.52915112778992,92.87287081696486,294000
2016-09-28,92.39083862304688,92.72224958365672,91.51109399982502,91.94493940382937,249700
2016-09-29,90.9507064819336,92.61377423218376,90.9507064819336,91.1977590997014,207200
2016-09-30,91.72197723388672,92.7162007353697,91.541206816972,91.6074889966952,330900
2016-10-03,91.46288299560548,92.17993325502312,91.02904680938936,91.96301056473176,233300
2016-10-04,89.46236419677734,92.14978506690714,89.45634188787203,91.4869725070974,284100
2016-10-05,88.57659912109375,90.91454223056836,88.38980640356941,90.39633862984044,527300
2016-10-06,88.15481567382812,88.78147606021665,87.79930632775803,88.47417277377119,234700
2016-10-07,88.29341888427734,89.52265064900006,87.98008403521916,88.57662379113172,252500
2016-10-10,89.52264404296875,90.55301995198658,88.87187595573111,88.92610433107589,240900
2016-10-11,88.60070037841797,90.14326661178596,88.23313724065831,89.49852094622179,159900
2016-10-12,88.90802764892578,89.68532860709786,88.00418462137526,88.68507344996061,261200
2016-10-13,87.96199798583984,88.40187486478484,86.90751448823428,87.85956354939641,286800
2016-10-14,88.36571502685547,89.70340342366778,88.0584117119427,88.40187647069808,189500
2016-10-17,87.51007080078125,88.68506478289305,87.38353793813543,88.4440436768476,289900
2016-10-18,89.5828857421875,89.74558004626816,88.40789175575128,88.87788935032576,319700
2016-10-19,91.02301025390624,91.30019280726196,89.16109596227352,89.97455830431728,421300
2016-10-20,91.39056396484376,92.24620077539085,90.51082872337024,90.77594824102133,420300
2016-10-21,90.99288940429688,91.70993969553982,89.57687414164063,89.57687414164063,156800
2016-10-24,90.6976318359375,91.80032136304943,90.38429703180472,91.77621373499592,194700
2016-10-25,90.43251037597656,91.28814735345722,90.34815205972824,90.42648806566127,226400
2016-10-26,90.77597045898438,91.3182818283964,89.63712853589666,89.84200662355936,190400
2016-10-27,89.27558135986328,91.74607985598804,89.23942911370213,91.10736565549904,213800
2016-10-28,89.36597442626953,89.77572139337109,88.65495563439482,89.47444037423088,150600
2016-10-31,89.58889770507812,89.99864457278014,89.03454186766405,89.98056845156614,249100
2016-11-01,89.8781509399414,90.8000700727344,88.65495080442217,90.03481375138709,211800
2016-11-02,88.66698455810547,89.77570549997859,88.35968128295787,89.6792933842739,301700
2016-11-03,88.55252075195312,90.29392466617074,88.08251390560815,89.05263915020207,305100
2016-11-04,93.89122772216795,95.01801586960958,89.1791878431073,89.94444425915692,772300
2016-11-07,98.2778549194336,98.55502825968262,95.33132743575604,95.80734731715695,703800
2016-11-08,98.00667572021484,99.4226996659296,96.07245743919404,98.2175760336153,699300
2016-11-09,98.03683471679688,98.79003721031002,94.3250506221162,98.00068246820688,541600
2016-11-10,96.07849884033205,99.12143845549856,95.92183604696967,98.39233446753911,484000
2016-11-11,93.42723083496094,96.13272806693224,92.8728749523035,95.37952564032722,556000
2016-11-14,91.98108673095705,94.38531244990855,91.59544741408337,93.65620837559898,799500
2016-11-15,92.46915435791016,92.83671748920985,91.33031272066444,92.83671748920985,400600
2016-11-16,91.43877410888672,92.66799641711962,91.34236199214064,91.76415350994776,277900
2016-11-17,89.83597564697266,91.54122738632698,89.45636779995556,91.43879293907682,383000
2016-11-18,92.01119995117188,92.6981201468593,87.99211319634504,89.88415718757987,569000
2016-11-21,90.5951919555664,93.1259502814212,90.45659608850713,92.89697380051076,398500
2016-11-22,91.14352416992188,92.23416910553004,90.39635317956385,91.17365410858356,248900
2016-11-23,90.17941284179688,91.42068883901612,89.95645869483404,89.99262013076975,322300
2016-11-25,92.00519561767578,92.31853044015806,89.44430705180406,90.54699664349164,256700
2016-11-28,91.05314636230467,93.04160284866629,91.01699411253992,91.58942618733748,354100
2016-11-29,92.43903350830078,93.30069270729484,90.51083705393826,90.83621647040076,370000
2016-11-30,94.41544342041016,94.93966943025764,92.96928907056312,92.96928907056312,683800
2016-12-01,95.88567352294922,97.05464502437908,94.93964697170551,94.93964697170551,514800
2016-12-02,93.44530487060548,96.04234530843776,93.40312112236226,95.70491209995356,300100
2016-12-05,95.11441040039062,95.44581212755514,93.55979941841976,94.05389545149306,279200
2016-12-06,95.03005981445312,96.10261946992972,94.5781383013804,95.69890402157544,241300
2016-12-07,95.45185089111328,95.92184852671404,93.95749047571778,95.57236145509894,313800
2016-12-08,94.81314086914062,96.10262326965056,94.3973715895763,94.70467492064392,241800
2016-12-09,96.3556900024414,96.59068881070552,94.63236234371578,95.3433810784347,291600
2016-12-12,93.8429946899414,96.25324231752508,93.71645264397266,95.89170149564151,322000
2016-12-13,95.2469711303711,95.4458084813274,93.48145984913629,93.9996634899968,225500
2016-12-14,94.04786682128906,96.24119187133476,93.86107409471602,94.57812426010187,203800
2016-12-15,94.49979400634766,94.9637692934866,93.54172268933414,94.01172028614702,256200
2016-12-16,94.48171997070312,95.21684631926792,93.99364623971763,94.20453741535653,241400
2016-12-19,93.86106872558594,95.00593264549816,93.46939797818924,94.48170674034618,246300
2016-12-20,94.70466613769533,94.89749038631037,93.37300929886686,93.94544134609762,217800
2016-12-21,95.39762878417967,95.62057380191916,94.36122131595016,94.9095457972653,177700
2016-12-22,94.42747497558594,95.57233885426362,93.99362969233944,95.10234132980736,240400
2016-12-23,93.86710357666016,95.3253024504549,93.72248539292453,94.60222992050892,69700
2016-12-27,94.06594848632812,94.2768488512918,93.66223307412176,93.66223307412176,51000
2016-12-28,95.27108001708984,95.40364439518456,92.85480966066658,94.31300862534172,112400
2016-12-29,94.99388122558594,96.24721109896322,94.99388122558594,95.2469653182726,153000
2016-12-30,95.12044525146484,95.91582237364028,94.72878359806768,95.38557402364572,156000
2017-01-03,97.30773162841795,98.82015879760482,94.84927779403174,96.40991102205348,220600
2017-01-04,98.69361877441406,98.7478563381977,97.51862479853128,97.72349365702044,221800
2017-01-05,98.92860412597656,98.99488629993532,98.08502117956,98.59117094740994,199700
2017-01-06,99.23594665527344,99.386587169549,98.11518086128852,98.79607892801162,264600
2017-01-09,98.33809661865234,99.64565479016213,98.30194437708246,99.43476364954964,169900
2017-01-10,99.42272186279295,99.8987417583121,98.57913880958222,99.12144088745116,199800
2017-01-11,98.56707763671876,99.13950960825488,97.2836178353941,98.87438089865118,162900
2017-01-12,98.41644287109376,98.96477644374082,97.61503438669394,98.5670833562584,156300
2017-01-13,97.16310119628906,98.5550176400027,96.82566802137237,98.4345071052988,209400
2017-01-17,96.84376525878906,97.1751761972628,95.2891541973394,96.16286725741271,225500
2017-01-18,97.42823791503906,98.00669220701454,96.301450071472,97.27759743565886,238100
2017-01-19,95.8133773803711,97.81990988234192,95.46389032773328,97.47645433391422,144700
2017-01-20,96.48221588134766,96.50632350803993,95.21684131097324,95.96401223985175,183600
2017-01-23,98.89247131347656,98.93465506626728,96.27133216148692,96.96427477544174,215800
2017-01-24,99.8746566772461,100.3747842664954,98.5429905426947,99.42273515381964,348100
2017-01-25,101.29067993164062,101.76067757490172,99.3263218486278,99.65773280076496,276900
2017-01-26,99.41670989990234,101.71246969983608,99.3443962061257,101.70643819530748,359800
2017-01-27,100.10363006591795,100.57965001021029,99.38054829551788,99.93491343798904,202000
2017-01-30,98.86235809326172,100.51940369952676,98.69363226362432,99.42875868631673,137800
2017-01-31,98.62733459472656,99.0551576205486,97.69337093688551,98.28387906766756,141000
2017-02-01,98.39835357666016,99.83847605428248,98.13924719579128,99.64565184578802,166200
2017-02-02,97.78376007080078,98.38029975739512,97.50055519685498,98.37426825303471,192200
2017-02-03,98.79606628417967,99.15157564572412,98.2417011715495,98.54901366573716,211900
2017-02-06,97.8922119140625,99.04309817409168,97.50657265955552,98.21156899071524,425500
2017-02-07,100.53746032714844,102.40539676805489,98.21759325053988,98.21759325053988,822900
2017-02-08,101.38105010986328,101.53169060036828,99.94694969805865,100.89899870137413,444000
2017-02-09,102.42951202392578,102.50181651772888,101.0496399714103,101.0496399714103,380500
2017-02-10,103.70694732666016,103.92989232691124,102.1463139361696,102.1463139361696,252700
2017-02-13,102.14629364013672,104.7252577804798,102.0739799615418,104.06846753041646,171500
2017-02-14,100.51335906982422,102.23668664308435,100.41694694958282,101.64014699275228,317500
2017-02-15,101.18822479248048,101.5377118300588,100.53746597146234,100.80258550866398,291100
2017-02-16,100.4229736328125,101.89924852497327,100.0915627318706,101.1098938664169,147800
2017-02-17,100.16989135742188,100.79655167408468,99.43476512008075,100.1638598541613,246300
2017-02-21,102.8573226928711,103.0802768658174,101.00746229343476,101.26655951779976,270700
2017-02-22,102.97783660888672,103.16463854215328,102.25476408647285,102.4355345156678,200800
2017-02-23,102.50782775878906,103.25500782675024,102.20654680798673,102.79706409150208,204500
2017-02-24,101.04362487792967,101.50760019982243,100.02529361043564,100.56759574142028,278100
2017-02-27,100.30847930908205,101.59796139548752,100.26027325420011,101.24847439336727,298500
2017-02-28,99.19374084472656,100.5736127975564,98.4164400093997,99.7059221571397,262800
2017-03-01,100.89295959472656,101.36295711130612,100.22411556046112,100.48321274769874,196400
2017-03-02,99.5191421508789,100.49528964891933,99.39260008532686,100.21208477330104,278200
2017-03-03,100.9532241821289,101.25450515451656,99.65169736913218,100.3747698639894,245700
2017-03-06,99.88671875,101.46542846015204,99.501079385903,101.16414741962728,218700
2017-03-07,98.12721252441406,99.91682216554882,97.95246441845848,99.59745588856433,271800
2017-03-08,96.69914245605467,98.2416996295101,96.45812134558952,98.2416996295101,311700
2017-03-09,95.97606658935548,97.440296907841,95.5422212501276,97.283624916563,361900
2017-03-10,95.3373565673828,96.4279922727197,94.52389422212929,95.79530035911873,457400
2017-03-13,95.41568756103516,95.837479083187,94.48171470846393,95.51209048440872,334200
2017-03-14,94.95171356201172,95.40965733586162,94.59017271282734,95.16260472873115,312100
2017-03-15,96.50631713867188,96.53644707286584,94.10209182208972,94.69863141941568,576800
2017-03-16,98.5911865234375,98.850292951435,96.84376048934952,97.20530134885476,412200
2017-03-17,98.82015228271484,99.48297405504002,98.45258915340088,98.82015228271484,569600
2017-03-20,98.79002380371094,99.1274570039138,98.47668903450892,98.82015373823586,421100
2017-03-21,96.59669494628906,99.48297154319825,95.95798081510164,99.48297154319825,523400
2017-03-22,97.2233657836914,97.36797475461506,95.59041899688104,95.93388369155448,417200
2017-03-23,98.86235809326172,99.5251708191475,97.1390302949714,97.4463336247066,423300
2017-03-24,98.94670867919922,100.51939584493928,98.7900366769998,99.42272860700857,367800
2017-03-27,98.73580169677734,99.0913110413569,97.08477864042788,97.70541671464838,463500
2017-03-28,100.0976104736328,101.21837631789106,98.6273575172545,98.6273575172545,442600
2017-03-29,99.66976928710938,100.35065800381184,98.63938435949214,99.7842575228852,315700
2017-03-30,99.56131744384766,99.82644619696552,98.83222256714,99.02503762753794,335000
2017-03-31,98.39835357666016,99.74206395003525,97.42822861428768,99.01899155690968,340500
2017-04-03,98.4586181640625,99.0190055541466,97.7536217915301,99.0190055541466,343300
2017-04-04,99.50106811523438,99.83246986677896,97.5849161334718,98.60324740619603,145000
2017-04-05,99.04310607910156,100.38682586517926,98.82016109687277,100.09156719583277,148700
2017-04-06,97.44632720947266,99.019014394567,97.1571000243882,98.66350502182084,341400
2017-04-07,96.51837921142578,97.47645980361013,96.42799858686438,97.47645980361013,211300
2017-04-10,96.42799377441406,96.85581682950888,96.01825603769564,96.44004758854292,194400
2017-04-11,96.4460678100586,97.69337550594828,95.60248472663032,96.38581712945144,284200
2017-04-12,95.9375,97.61658674790854,95.47847220674528,96.68644881480206,252800
2017-04-13,94.55072784423828,96.38162401133552,94.46413197784972,96.06616022515882,281600
2017-04-17,95.94246673583984,96.5239002514826,94.68063972774252,95.1692858774304,252300
2017-04-18,94.86000061035156,95.565141079623,94.0373351564946,95.3239090621944,324800
2017-04-19,94.21051788330078,95.03318325850832,93.7589830093829,94.00639705141552,743000
2017-04-20,96.2208023071289,96.47440787370245,94.47651133712438,95.09505597467418,334000
2017-04-21,94.67442321777344,96.4620165124221,94.4579382975819,95.95481491124616,156000
2017-04-24,94.27857208251952,96.57955887851976,93.89507742926686,96.0104989472202,373800
2017-04-25,94.34661102294922,95.27442796169578,93.91981372100707,95.27442796169578,191500
2017-04-26,94.44558715820312,95.07650536421608,93.76518424600847,94.56311215560426,246700
2017-04-27,93.99404907226562,94.23528110799325,93.22086826054348,94.14868523461006,299300
2017-04-28,95.04557800292967,95.08268917369242,93.697145689679,94.34661949275538,233800
2017-05-01,96.41873168945312,96.64759016272126,94.66824940383698,95.11978430236968,289300
2017-05-02,97.31561279296876,97.37127953592318,96.24553339046886,96.70325030574828,249900
2017-05-03,97.28469848632812,97.63727345518626,96.96924412333033,97.26614290251896,208000
2017-05-04,97.14862060546876,97.73005408291628,96.56100507932751,96.56100507932751,313400
2017-05-05,97.32181549072266,97.36511814770242,94.09920306603146,96.41255407657356,286400
2017-05-08,97.3032455444336,97.79190104390432,95.88678262107304,96.98159972285396,274300
2017-05-09,98.7197265625,98.7444641948332,97.41459701779614,97.82282929986724,241400
2017-05-10,100.66813659667967,101.28049916637126,98.64549305276678,99.27641120594215,445400
2017-05-11,101.23717498779295,102.33818341886612,100.4145096880379,100.81037778192668,418000
2017-05-12,103.457763671875,104.09486383802658,100.5011213168489,100.6000907154188,542300
2017-05-15,105.96907043457033,106.13607068896684,102.84541816858732,104.4969311964247,632100
2017-05-16,105.5855712890625,106.24122711677217,104.6268251810045,105.6350559943179,264900
2017-05-17,106.27214050292967,106.45770576060244,103.92166926163743,104.38557768669877,448700
2017-05-18,105.36907196044922,106.37111115013248,103.97115518267844,105.21443581694298,561700
2017-05-19,106.7113265991211,107.39172005715902,105.46186375242551,106.24122662051197,412400
2017-05-22,107.58966064453124,108.13398297049662,106.50101599260051,106.5505006984376,595900
2017-05-23,107.10718536376952,109.01230386725054,106.865953346933,108.36901219685872,290000
2017-05-24,106.38965606689452,107.53396718942176,106.19171729269384,106.54429219489874,287800
2017-05-25,105.07217407226562,106.82265652098928,104.63301266706084,106.82265652098928,339900
2017-05-26,104.53404235839844,105.38763696712458,104.13817417315074,104.66394088338625,354800
2017-05-30,103.7608642578125,104.4412671429967,103.3340669424008,103.52581427234118,303500
2017-05-31,103.61862182617188,105.15261020289398,103.1114105877772,103.55676357428428,327900
2017-06-01,104.27426147460938,104.92991731389463,103.2969597646066,104.38559498471776,209200
2017-06-02,103.76703643798828,104.40413660705168,103.53817796121056,104.29898515993108,181400
2017-06-05,104.65775299072266,104.67630857518073,103.59385543666328,104.15055128513194,105800
2017-06-06,106.38965606689452,106.42058518014342,103.42683200715965,104.28660850133342,304700
2017-06-07,107.26182556152344,107.33604789619956,106.024736312964,106.19173656598532,295500
2017-06-08,106.6494598388672,108.28860870778804,106.20410696746724,107.63913498380964,336000
2017-06-09,107.39789581298828,107.6391278157453,106.20409989496638,106.32162487240409,393500
2017-06-12,106.92161560058594,108.05355330530372,105.48040560840124,107.008211463547,237200
2017-06-13,110.02051544189452,110.02670692783228,107.02676210266056,107.15666061022338,364000
2017-06-14,111.31330871582033,111.90710634427651,109.34014960647964,110.82465311586334,375300
2017-06-15,110.59577178955078,111.1277205010605,109.51950083233592,109.51950083233592,364400
2017-06-16,110.4535140991211,111.10916986706084,110.0390809101674,110.68855462985472,328800
2017-06-19,112.29679107666016,112.88440664827657,110.7195002194055,110.90506551524304,207700
2017-06-20,112.58130645751952,113.20604258399992,111.0473183939963,111.7648324411212,356100
2017-06-21,113.16893768310548,114.35654232433647,112.63698888605214,113.15037265970624,280800
2017-06-22,111.8885498046875,114.49262713053191,111.68442892219434,113.34213361717975,287300
2017-06-23,111.55452728271484,112.33389011516311,110.5772256392208,111.7462746070142,375300
2017-06-26,111.51742553710938,113.19986796257004,111.02259730229214,112.21020205469196,137200
2017-06-27,111.28854370117188,111.8204924366219,108.80818324398452,111.23905900040424,460100
2017-06-28,111.3874969482422,112.36479841062184,111.07822469197929,111.51738601045808,534100
2017-06-29,111.67204284667967,112.00606223079762,110.63907445180016,112.00606223079762,424300
2017-06-30,110.96072387695312,112.4947119592083,110.55248214464773,111.77720734156394,397500
2017-07-03,113.05757904052734,113.1565484397861,111.18957174204412,111.51739961862756,100600
2017-07-05,112.8039779663086,112.96480560604031,111.338030254857,112.38955420850452,219500
2017-07-06,111.93185424804688,113.13801453814844,111.81432924368563,112.8534798203137,165800
2017-07-07,112.59369659423828,113.119463390724,111.12774860245712,112.11741450880658,136900
2017-07-10,112.78541564941406,113.18747528649769,111.95656818329026,112.80397123162273,139000
2017-07-11,114.13384246826172,114.39363004544268,112.28439087475252,113.04519802494254,191600
2017-07-12,114.99982452392578,116.47196386657366,113.62665459418122,114.91322864719606,347100
2017-07-13,114.67198181152344,115.4142334360757,113.57715523832,115.1482637912264,324000
2017-07-14,115.35858154296876,115.77918739035609,114.0905630753573,114.9998244999511,131200
2017-07-17,114.71530151367188,115.40806854112178,114.2080903412583,114.9688976616358,138900
2017-07-18,115.22867584228516,115.35239231981546,114.05962686026382,114.62250474300352,209900
2017-07-19,114.7771453857422,115.66785120460231,113.88643956688207,115.61836649930537,203100
2017-07-20,114.52973175048828,115.70496283165105,114.3317929285176,114.9503375898122,238100
2017-07-21,114.8018798828125,115.06784952662812,114.17096175718645,114.17096175718645,105400
2017-07-24,113.80606079101562,116.23075526678288,113.68234428080991,115.0369588986589,215800
2017-07-25,114.64724731445312,114.7523987656335,113.41015809363677,114.12766266864654,165000
2017-07-26,115.90290069580078,116.19361743926616,114.84518518090124,115.0678616346568,222200
2017-07-27,116.31730651855467,116.37915531167546,115.2162979556506,116.16267037839128,216100
2017-07-28,116.8492660522461,116.87400368413984,115.75443943567194,116.0575296962608,156500
2017-07-31,114.51734924316406,117.41832498748958,114.43075337489653,116.86782065959407,344600
2017-08-01,117.3379135131836,117.4245093831822,114.8080682612852,114.8699264991022,249000
2017-08-02,116.27400207519533,117.2822327137438,115.42041701266548,116.65131462890284,284400
2017-08-03,117.1833038330078,117.51113180337424,115.29674041224732,115.77302252397077,190700
2017-08-04,116.97296905517578,117.83274566702758,116.4719494419858,117.52347336868893,118500
2017-08-07,116.2678451538086,117.91935832959132,115.78538105473692,117.1894801319034,175000
2017-08-08,120.9130859375,121.01823737836432,116.3482335785346,116.43482943796644,266100
2017-08-09,124.15426635742188,125.35424432862348,118.90281958099796,120.77082681776254,376900
2017-08-10,119.72549438476562,123.39965091459712,119.6512720510694,123.39965091459712,176300
2017-08-11,120.47396087646484,120.64715264748972,118.61213518058196,120.26364849315436,169400
2017-08-14,122.08216094970705,122.11309007147678,120.31312278044584,120.65332424342738,176300
2017-08-15,123.20789337158205,123.26974216511688,121.5440069821656,122.54604615689595,141500
2017-08-16,124.0986099243164,124.18520579344262,122.56461247373508,123.7089237941275,167300
2017-08-17,123.2450180053711,124.51921843799296,123.18315976683442,124.09861261831828,395800
2017-08-18,124.93364715576172,125.62642358948244,121.22857070147091,123.25120493396383,267500
2017-08-21,126.4119644165039,126.60371174381427,124.34602759454243,125.22435984630611,326100
2017-08-22,125.6078643798828,127.33978181859658,125.08209766140332,126.75834834778172,294300
2017-08-23,124.81612396240234,125.88002154266714,124.29654870829422,125.4470421642437,463500
2017-08-24,125.6944351196289,126.1026673267055,124.12332676519372,125.125365859844,288300
2017-08-25,127.43256378173828,127.57482639998572,125.55837435986692,126.05320249955224,167800
2017-08-28,125.42229461669922,127.420191086661,124.98931527249972,127.06761612465736,165200
2017-08-29,125.18106842041016,126.12124948636531,124.3274737890834,124.3274737890834,297800
2017-08-30,124.66148376464844,125.51507839611013,124.28417115317184,125.46559369185589,159100
2017-08-31,125.46558380126952,125.63259348518176,124.265605772866,125.094462705982,264100
2017-09-01,126.66556549072266,127.76039210186006,125.78105122172592,125.94805147222348,155600
2017-09-05,124.31510162353516,126.41815910509553,124.0182028330268,125.92332149542,177400
2017-09-06,127.89025115966795,128.68817881100924,124.77279118515024,125.08206342000572,341200
2017-09-07,125.70063018798828,127.98306119622472,125.65114548904448,127.98306119622472,223700
2017-09-08,125.91092681884766,126.79545043134291,125.62021012590957,125.62021012590957,170400
2017-09-11,128.873779296875,129.03459750523027,126.77691334842366,126.8016509811544,232900
2017-09-12,128.7500762939453,129.78305425473087,128.43462189284034,128.73771219540697,180000
2017-09-13,130.642822265625,130.81601401599423,128.34801741586878,128.95418854216112,223600
2017-09-14,130.56858825683594,131.32321348693847,129.8448921469656,130.43250767840811,164100
2017-09-15,131.6572265625,131.73144889689948,129.96241090052365,130.35827908105745,366600
2017-09-18,130.91497802734375,132.26341034052064,129.26346486079257,130.7788974423926,348300
2017-09-19,126.00990295410156,130.82217904524563,125.85526680865802,130.82217904524563,384900
2017-09-20,126.13360595703124,126.95008930926952,125.61403079010198,126.18309065458274,511300
2017-09-21,126.4862060546875,127.41402308234352,125.76869195478857,126.74599368984204,275300
2017-09-22,125.18106842041016,126.13980507067744,124.74807961781455,125.688270122012,193500
2017-09-25,125.261474609375,125.51508018294749,124.08624354089352,124.5192229114792,133900
2017-09-26,125.97279357910156,126.49236876999596,124.81610877674584,124.95218934172884,209400
2017-09-27,126.2820816040039,126.82021244458512,124.98313402673033,126.18311219200842,330200
2017-09-28,126.1583480834961,127.12327605235312,125.01403691326094,125.98514692972938,340500
2017-09-29,126.81400299072266,128.04490057278576,125.4160863035483,126.5170948188991,260100
2017-10-02,130.48199462890625,130.5809640400558,126.79547372689062,127.16659486133751,219000
2017-10-03,130.94589233398438,131.0077505704155,129.1211876181664,130.76651854952084,145800
2017-10-04,129.1830596923828,130.77271460593258,128.9047070368679,130.50674492492044,165900
2017-10-05,129.4737548828125,130.24074411482547,128.9170591027399,129.73972451952895,198500
2017-10-06,127.5315170288086,129.26963522747764,126.59751811037438,128.91087823833465,197000
2017-10-09,125.8738250732422,127.42018656062848,124.95219022899305,127.08617663217927,168500
2017-10-10,124.98312377929688,126.35629358385886,124.42643739938984,126.1645462627407,316400
2017-10-11,125.9233169555664,125.9294990041016,124.6491165274037,125.23054998994212,186100
2017-10-12,126.8016586303711,126.98722392089336,125.71920544694107,125.81198337308084,215100
2017-10-13,129.0655059814453,129.12735477250084,126.5975098690812,127.13564059864365,252800
2017-10-16,128.86758422851562,129.4242800510284,128.04491874900995,129.22634124171492,202200
2017-10-17,128.1315460205078,129.49853412239986,126.83260765945631,128.90472698717332,294600
2017-10-18,128.57069396972656,129.26346097173112,127.78513960536904,127.78513960536904,100800
2017-10-19,127.80986785888672,128.57685708725003,126.7150413243706,127.17276770515345,124400
2017-10-20,129.04075622558594,129.4118867171485,128.49644345973206,128.84282688479556,112800
2017-10-23,128.25523376464844,129.139748061805,127.76657821787964,129.139748061805,73200
2017-10-24,128.77481079101562,129.10263869688558,127.43257004772428,128.20575085180286,195100
2017-10-25,127.67378997802734,129.5170501975081,127.6675984917066,129.24488907015362,234100
2017-10-26,128.04489135742188,129.12734421390988,127.43253835336792,128.75003169783304,260300
2017-10-27,130.3026123046875,130.53147079453564,126.52948633608872,128.39131168834044,208800
2017-10-30,129.70262145996094,130.06756051659323,129.00985451337195,129.70262145996094,211000
2017-10-31,129.54800415039062,131.13147708048896,128.9170859104085,129.98716560425348,422900
2017-11-01,129.02841186523438,131.81186266295597,128.64490778176602,130.67373338593484,167400
2017-11-02,128.0634765625,129.63458521449655,127.77276926840196,128.55213210760022,126700
2017-11-03,128.2366943359375,128.53359315525273,126.35013107501554,127.9274219796632,129000
2017-11-06,130.9335174560547,131.12527421172769,126.90679547527137,128.66965137481816,219800
2017-11-07,128.31707763671875,130.18508500424488,121.21618814667283,130.11704471951984,933200
2017-11-08,127.68617248535156,129.8943815012289,127.03051664122609,127.76040426421444,248500
2017-11-09,129.15211486816406,129.4737607041182,126.65938087556306,127.84698537957652,407600
2017-11-10,127.76656341552734,129.6778638499053,127.24698824781622,128.72530937576826,279000
2017-11-13,127.3644027709961,127.85210049877524,125.18560788085009,127.30740177623872,325900
2017-11-14,128.57411193847656,129.07446999365823,126.73100289121828,127.40871344037636,203500
2017-11-15,128.55511474609375,128.89080008618356,127.35171556438988,127.64306036378952,304000
2017-11-16,129.14414978027344,130.06254408754907,128.5424501635639,129.30249229332645,266500
2017-11-17,132.1336669921875,132.4186912683739,128.97315638268046,129.1061586914041,312400
2017-11-20,132.9823760986328,133.07737773759715,131.65862538748462,132.6403508694417,250400
2017-11-21,134.3188018798828,134.40113342113162,132.9253799269247,133.64742145506628,222800
2017-11-22,134.4708251953125,135.7185652585689,133.75511377892198,135.0345242849718,257500
2017-11-24,135.408203125,135.6362167706451,133.47009196924768,134.27447478367085,85400
2017-11-27,135.05984497070312,135.78188650543547,133.856435969842,133.856435969842,276900
2017-11-28,135.62353515625,136.61159091166547,134.9584946548865,135.9908909538076,266300
2017-11-29,135.29417419433594,136.33923089117923,134.977489175358,135.57918877852413,255400
2017-11-30,133.6600799560547,135.9085455509317,133.6157490783798,135.75653326077503,676900
2017-12-01,133.78042602539062,134.97749506276222,131.70930320488856,134.3314548898197,203200
2017-12-04,132.4440155029297,135.7438778144773,131.77897499764907,135.6742067203153,243100
2017-12-05,131.3166046142578,133.19771430681809,129.8851918786982,133.19771430681809,215700
2017-12-06,130.0308837890625,131.09494092079044,129.7331990681589,130.38556949963848,359000
2017-12-07,131.05691528320312,131.5192726631944,129.9485178166695,130.33487389158242,311500
2017-12-08,132.41868591308594,133.6347552945396,130.82892084325627,131.93098825041443,216900
2017-12-11,132.26666259765625,133.06470534462417,131.23426637117004,132.15899085386008,200000
2017-12-12,133.3940887451172,133.74877448564052,131.34196596349582,132.08934777199423,203600
2017-12-13,131.82330322265625,133.9450869566554,131.70929159538173,133.71074314567355,287300
2017-12-14,124.6092300415039,131.75997382151078,124.15320282164151,131.75997382151078,810500
2017-12-15,121.6070556640625,126.34466116825932,120.14397232191791,125.47694724911706,1127300
2017-12-18,128.09909057617188,128.19409221637767,121.80973071859152,122.71544523675304,490300
2017-12-19,129.60650634765625,130.54389124272893,127.38337145974312,128.21308461442212,447500
2017-12-20,129.78384399414062,130.79089993567644,128.60577545317798,130.47421494793872,395400
2017-12-21,126.72466278076172,129.4924864138641,126.61699104727616,129.20747186470135,404100
2017-12-22,131.0062713623047,133.21040630569323,130.4742427888499,132.21601059307,213500
2017-12-26,130.68324279785156,131.25961185938897,129.0744774683362,130.34121756079116,133000
2017-12-27,130.84791564941406,131.56362689492784,129.48617391457313,130.2018851600869,112600
2017-12-28,131.26593017578125,131.65228625551873,130.41721671027895,131.1012574579023,82400
2017-12-29,131.3799591064453,132.55169769203383,130.71492821326046,130.95560228657592,117400
2018-01-02,135.27517700195312,135.8958769474886,131.89931346166253,132.69102602745883,150300
2018-01-03,137.73265075683594,138.6320350382686,134.06543287687822,135.30050250051954,368700
2018-01-04,138.96139526367188,140.6018311580936,137.3716398011506,137.726325508768,201600
2018-01-05,141.34918212890625,141.81787940940026,139.4300717967864,139.4300717967864,195400
2018-01-08,139.0817108154297,141.73553256318775,139.01837961645717,141.3111758386823,171700
2018-01-09,139.42373657226562,139.83542319283904,139.17672266702976,139.46806744527774,133300
2018-01-10,139.4807586669922,140.46248421597474,138.51803344709973,139.58843041998946,133200
2018-01-11,139.4617462158203,141.55186921419826,137.90365171464123,139.94310395169651,197200
2018-01-12,141.16551208496094,142.10289700143858,137.9733217961526,139.06905888089477,188800
2018-01-16,141.8368682861328,143.4392934880219,138.72701950916294,141.24149898624515,163100
2018-01-17,142.81863403320312,143.70534834904797,141.7545671897281,141.7545671897281,102800
2018-01-18,144.59202575683594,144.85170976321203,141.64052905064906,143.10994235103763,254500
2018-01-19,145.66880798339844,145.67513820585333,143.87002936664828,144.56041019270174,213600
2018-01-22,145.89047241210938,145.89047241210938,143.80668895123574,145.67512888887475,229800
2018-01-23,147.54354858398438,148.6582860373636,145.33309333415002,145.9537932660345,200900
2018-01-24,149.81101989746094,150.40638930168004,146.9418542915627,148.1515934286921,223800
2018-01-25,148.47459411621094,150.29870280731382,147.83489389595076,150.29870280731382,182500
2018-01-26,149.62100219726562,150.0326985229159,146.6061642789358,149.41198892383576,341000
2018-01-29,150.1530303955078,150.7357296352161,148.4745940984356,148.4745940984356,518600
2018-01-30,149.41836547851562,150.66610553963545,148.1959559729098,148.7153241733388,265100
2018-01-31,146.70751953125,150.64708233112287,146.55550722786217,149.41834278933823,300900
2018-02-01,146.56814575195312,147.12550474868172,144.71870661601014,147.07484365626348,334200
2018-02-02,141.87489318847656,146.30848360061646,139.8354408257354,144.85173053230704,272700
2018-02-05,137.9733123779297,141.8812039453474,136.19354430296283,141.03249050235647,217800
2018-02-06,140.54478454589844,142.22322067035506,132.36164615502986,135.49682539671156,383700
2018-02-07,139.21473693847656,142.22324463309224,139.10072530558253,140.08878102318485,242700
2018-02-08,132.35533142089844,139.4997443420831,132.35533142089844,139.4997443420831,279700
2018-02-09,133.64109802246094,134.25546782444147,131.12661782205677,133.5144259287916,409700
2018-02-12,135.7882080078125,136.60525114025694,133.76775595178242,134.71781105039517,137800
2018-02-13,137.4539794921875,137.51731070244404,134.8444881523196,135.2561845090597,112100
2018-02-14,139.487060546875,140.0127587619609,136.78257783498591,137.11192324860292,137900
2018-02-15,140.92483520507812,142.9072865412644,140.05712133486955,140.63348073161762,142900
2018-02-16,138.21401977539062,140.92484294747052,138.15067890154018,139.6644330077458,183600
2018-02-20,137.27029418945312,138.4040320402671,135.59819757144462,137.5173081330978,150300
2018-02-21,137.76431274414062,139.84810557003428,136.5419132163255,137.82132339224302,517300
2018-02-22,138.94873046875,140.68415829302484,138.1506779871424,138.4610328038187,228400
2018-02-23,138.04296875,139.3920497391833,137.47293970174502,139.3920497391833,94000
2018-02-26,137.87831115722656,138.45468015291485,136.80158413454595,138.45468015291485,198100
2018-02-27,137.289306640625,137.9480169914787,136.29492055667754,137.51732027523417,425000
2018-02-28,137.09298706054688,137.73269719074827,136.2949440341784,137.28300006619543,758900
2018-03-01,136.7445831298828,137.44129401602436,135.55385406692207,137.44129401602436,576600
2018-03-02,137.71365356445312,138.4230346346895,134.82548751012536,135.9148848344013,453300
2018-03-05,141.41888427734375,141.48855537941645,135.2371951817877,137.1436358265605,285300
2018-03-06,142.2042236328125,143.42029277496323,141.26682915003218,141.9825402849145,332800
2018-03-07,141.39987182617188,142.03957213439915,140.39914592966014,141.6025548928145,128300
2018-03-08,139.96212768554688,142.29293477388262,139.21475557608528,142.27393444326657,218200
2018-03-09,140.04444885253906,141.86855764631932,139.75309438402036,141.17817696304624,160400
2018-03-12,139.70875549316406,140.96282538472263,139.202057561239,140.4561274527976,160700
2018-03-13,139.70245361328125,139.96212802047592,138.6320565518628,139.4490997636922,283100
2018-03-14,136.73825073242188,140.9501574226683,136.14922126352656,140.9501574226683,150400
2018-03-15,136.4785614013672,138.15699765709033,135.75018978579044,137.04860018545503,166300
2018-03-16,136.8079376220703,137.7009917565738,136.1112266665441,137.0612817889196,349500
2018-03-19,138.16336059570312,138.88540216163133,135.87056380405522,136.2569199722381,201000
2018-03-20,140.85516357421875,140.91216455865805,138.5370268957551,139.17039693919588,173600
2018-03-21,141.54554748535156,142.66028504852332,136.9536142524553,136.9536142524553,443300
2018-03-22,137.98602294921875,140.62717534720946,136.4975992127731,139.7847918776957,231800
2018-03-23,137.8973388671875,139.63910664120266,137.44131162228848,138.4357073176674,223300
2018-03-26,141.86854553222656,142.0142179218171,139.74042200935574,139.78475288250985,161600
2018-03-27,140.40545654296875,142.2992363165349,140.0697712171251,141.77353805836518,303800
2018-03-28,142.2865753173828,142.5272590246977,139.5250815622818,141.3681906942294,224700
2018-03-29,143.80032348632812,144.5667054543519,142.11556659688762,143.90166500786935,199100
2018-04-02,145.16209411621094,145.35843730001926,143.32531503574776,143.32531503574776,331300
2018-04-03,147.67657470703125,147.94258898906455,145.06708332546748,146.19449099379085,338700
2018-04-04,148.14523315429688,148.42391748936117,144.41468439145976,145.54842205779337,252500
2018-04-05,150.18472290039062,151.40079239646917,148.98765373515226,149.77936640169776,254400
2018-04-06,148.6392822265625,150.1403758525596,147.41055241851564,148.7469636423457,226000
2018-04-09,147.60687255859375,150.87506390371766,147.60687255859375,150.08968166640966,460700
2018-04-10,150.1657257080078,151.71748063397638,147.37890092930758,148.34162625799698,559900
2018-04-11,149.6083221435547,151.2044074804995,147.9488862805204,149.5386510615442,344200
2018-04-12,147.8475799560547,150.33039928891884,144.68072940995958,149.7603603919452,445200
2018-04-13,146.3084716796875,148.9749636626621,145.52308939146565,148.34792387625808,252000
2018-04-16,145.24441528320312,146.6251572655974,144.1676785349984,146.6251572655974,221100
2018-04-17,147.51910400390625,148.17105000914503,142.56178505943004,142.56178505943004,258100
2018-04-18,147.95159912109375,148.5712591130709,145.97640704220692,147.35129303896554,265800
2018-04-19,148.706787109375,148.93270087330367,147.44163260397315,148.40985977619465,201200
2018-04-20,149.06829833984375,149.61695464662623,148.45508959728977,148.9521059253188,193400
2018-04-23,150.17849731445312,150.953077111721,148.45505406450422,148.58414905582944,253200
2018-04-24,151.4501495361328,152.61847581667809,149.9913471245317,150.39800582855423,283000
2018-04-25,149.68150329589844,151.54695439040614,148.2872534527825,151.46303819588977,203900
2018-04-26,151.0692596435547,151.49528197929712,150.2236761236916,150.26886478777786,144100
2018-04-27,151.5017547607422,152.0568721304179,150.27532762576143,150.83044499543715,211700
2018-04-30,150.06878662109375,151.6373101865653,148.9069118414938,151.62439773087033,154100
2018-05-01,148.08714294433594,149.93323013196695,147.69339676570183,149.39747648895215,200600
2018-05-02,148.2743377685547,150.62390236392886,147.32547419644996,148.44861159658538,182000
2018-05-03,144.03994750976562,148.07422802313928,142.0389502847229,148.07422802313928,215600
2018-05-04,147.18345642089844,148.30014243967568,143.54937360889772,144.42723338793226,258200
2018-05-07,147.55783081054688,147.8353845498673,145.0662590617126,147.64819828954847,256200
2018-05-08,148.49380493164062,148.73908249894015,146.54443775329443,148.46152871640388,336800
2018-05-09,146.20233154296875,149.1070136266039,145.7182178623629,149.1070136266039,296200
2018-05-10,147.17054748535156,148.1129597108433,146.37660386856837,146.8478050566556,137900
2018-05-11,146.53150939941406,148.32595645952637,146.53150939941406,147.75793650012278,110500
2018-05-14,145.95703125,147.3061020730882,145.51810627931204,146.70579604045062,117300
2018-05-15,145.2147216796875,145.96993774203912,142.59405486948015,144.35622568163393,270100
2018-05-16,143.01364135742188,145.07919119016964,142.5940800872438,145.07919119016964,176100
2018-05-17,144.11094665527344,144.53051772490446,139.99275993579516,142.58760198792248,231000
2018-05-18,142.92970275878906,145.09853220553015,142.52950531154775,143.47191750746205,409100
2018-05-21,144.10450744628906,145.09854988287927,143.42674631486395,143.42674631486395,158200
2018-05-22,143.92376708984375,144.87908197174778,143.87857841975233,144.26587329449825,209600
2018-05-23,141.10299682617188,143.5171039416174,140.20577324890874,143.5171039416174,219900
2018-05-24,141.72265625,142.16804238546388,139.88948158602815,140.71570143033426,260900
2018-05-25,144.71124267578125,144.96943266281292,140.66405011603533,141.46445483474022,305200
2018-05-29,140.8060760498047,144.76935295190236,140.05731120006584,143.76239808123464,258100
2018-05-30,142.50369262695312,142.6521513841595,139.68937829617076,141.58064417282247,188600
2018-05-31,142.9232635498047,144.7822631898321,141.97439997098385,142.5359785243442,462700
2018-06-01,146.23460388183594,146.6477138176962,143.220190625754,144.13677798815283,214800
2018-06-04,147.64822387695312,147.80959510665846,146.11196661837644,146.59608030749246,146900
2018-06-05,146.82200622558594,147.41585117811132,146.6218976242482,146.7897300092851,155800
2018-06-06,149.24256896972656,149.4813952323963,145.72466836389208,147.13828187937423,313200
2018-06-07,147.43521118164062,150.01068967814288,146.51862378809676,149.24257090593642,142700
2018-06-08,148.4615020751953,150.05585029846986,146.8348776424759,148.19685094679056,145300
2018-06-11,147.6740264892578,149.4555611692448,147.2996440859883,149.4555611692448,132900
2018-06-12,149.24899291992188,149.98484518156056,147.65464471148536,148.33240570625378,587800
2018-06-13,148.4486083984375,149.94613803211257,148.33887715189852,149.94613803211257,138900
2018-06-14,145.8472900390625,148.8423391468443,145.62782756871815,148.8423391468443,163700
2018-06-15,144.2916717529297,145.16308019617674,142.87806827620037,145.16308019617674,494800
2018-06-18,144.15614318847656,144.71771189692726,141.8969460496105,142.82644587692053,332200
2018-06-19,144.265869140625,144.71125527896336,140.98680480329585,142.86516814788916,259000
2018-06-20,143.6074676513672,144.91134981508455,142.32295909465395,144.84034608712676,253600
2018-06-21,141.9098358154297,143.0587979601146,140.96097238087404,142.4584919804105,421100
2018-06-22,142.34878540039062,142.8587239912764,140.71570937766862,142.8587239912764,305500
2018-06-25,141.51609802246094,142.4649615128363,139.70227737228075,142.4649615128363,143200
2018-06-26,143.32992553710938,143.5493880416039,141.14818340015628,142.18096319085217,171200
2018-06-27,141.69683837890625,143.79466416137967,141.47091473952835,142.5811494800443,243800
2018-06-28,142.85870361328125,143.16853356586972,140.47686307621265,141.52254532202164,228700
2018-06-29,145.31155395507812,145.78276501197425,142.6650718398903,144.87262896156787,251300
2018-07-02,144.89198303222656,147.5384748197796,144.09803943568744,144.86615812297168,224100
2018-07-03,147.62240600585938,148.5583572129296,145.78923111280452,148.5583572129296,166100
2018-07-05,146.60899353027344,148.64226709546512,146.0926036226526,147.73859214411732,263500
2018-07-06,147.51910400390625,147.9774025833383,145.96349299330947,146.053860478777,144600
2018-07-09,148.50672912597656,149.82996541141273,148.04197916792293,148.5583592552547,149000
2018-07-10,148.3195037841797,149.73311714096062,147.428731564988,148.64224619990804,171900
2018-07-11,147.62240600585938,148.32598223709738,146.62836351716078,147.6353184626608,148700
2018-07-12,147.71278381347656,148.65519623937635,147.33195003046558,148.65519623937635,249300
2018-07-13,146.7380828857422,147.59657898107295,146.11841305063172,147.44165905996584,151600
2018-07-16,147.87411499023438,148.35822860503882,146.61542156160613,146.73161395080388,172300
2018-07-17,147.22218322753906,148.3969605126069,146.77034581020527,147.81602809736592,197800
2018-07-18,147.45458984375,147.73860480975603,146.68000984057306,146.796192408856,142600
2018-07-19,146.3572540283203,147.2222014556396,145.95059537771155,146.5831678402999,83300
2018-07-20,148.1839599609375,149.02954352838248,146.41532794744305,147.68047272261785,175200
2018-07-23,147.15765380859375,148.59063116280564,146.983379966368,148.06133863384838,112000
2018-07-24,148.42922973632812,149.1586307216732,147.19635138832678,148.3453234087631,187100
2018-07-25,150.02357482910156,150.2172222374095,148.51959407526348,149.1069876023815,133000
2018-07-26,148.34535217285156,151.55340323158362,148.13879226641944,149.5911333670706,155000
2018-07-27,148.1645965576172,149.88804987248486,146.64771298348128,149.1651001018536,137700
2018-07-30,148.11941528320312,149.0424539282078,147.17700303054633,148.81007897887582,215400
2018-07-31,147.66757202148438,149.21673172311267,146.8736185637815,148.11940944701618,210600
2018-08-01,147.54493713378906,148.4421607356738,146.2346035968491,147.64175592742785,184500
2018-08-02,146.0409698486328,147.35130350838995,144.22715871612752,146.46053112615002,342900
2018-08-03,148.97793579101562,149.52014081197004,147.396499555239,147.50623082024268,216000
2018-08-06,148.01611328125,149.56528266237223,147.8353783308498,148.37113188000612,77300
2018-08-07,149.21673583984375,149.875133163393,148.25495984021387,149.23609959794956,430800
2018-08-08,148.4744415283203,149.86868144630046,148.28724538908926,149.73958643436205,103700
2018-08-09,148.50672912597656,149.10702540969322,144.7435506360994,148.49381666899762,183200
2018-08-10,146.17652893066406,147.37713135479822,143.04592292304253,145.5568590330095,404700
2018-08-13,144.9888153076172,146.60252756008134,144.22068669955337,144.22068669955337,206200
2018-08-14,145.73110961914062,145.99575090813465,144.44013998755688,145.7762884346014,227400
2018-08-15,143.4590301513672,144.9049199852617,142.0260527742832,144.3433413811707,299800
2018-08-16,143.68492126464844,146.03448555649211,142.84578904985074,143.87855882633397,178400
2018-08-17,143.14271545410156,143.45255527071777,141.39990834523297,143.21371918091148,114300
2018-08-20,143.5235595703125,145.18245050430332,142.79415854192854,143.91084456865275,169300
2018-08-21,141.9033660888672,144.47240250370857,141.9033660888672,143.94310027725965,158700
2018-08-22,142.2648468017578,142.6456903214374,140.97387719430333,142.01310812227683,160800
2018-08-23,143.10398864746094,143.968935978831,142.14222252874237,142.14222252874237,246700
2018-08-24,143.69137573242188,144.62087544625498,142.46495851791894,143.74301569978113,107500
2018-08-27,144.265869140625,148.89399449892292,143.89793803527851,148.89399449892292,208500
2018-08-28,143.32345581054688,144.11740928999197,142.96844701246826,144.11740928999197,119400
2018-08-29,143.26536560058594,143.56229297588243,141.6516534179947,143.04590310758974,190500
2018-08-30,139.7152099609375,143.0200994724527,139.30856115597263,143.0200994724527,197100
2018-08-31,140.72860717773438,140.93515720430702,137.75937298238122,139.75391876852024,254900
2018-09-04,136.7072296142578,140.2444936207989,136.46840337579067,139.45700132987176,205500
2018-09-05,135.80355834960938,136.60396311615375,135.0677060083395,136.0552970492723,284800
2018-09-06,135.42918395996094,137.30109606112484,134.72560778972317,136.10694506815273,352500
2018-09-07,135.4550018310547,136.4748592426085,134.65459705878033,135.57763568104653,203100
2018-09-10,135.78421020507812,135.97139650099024,134.67397533805345,135.31946026775066,169200
2018-09-11,134.54486083984375,136.02947793303804,134.2350308762617,135.04833822415844,203300
2018-09-12,137.1009979248047,137.84976282236457,133.88003436347208,134.43515180830877,263300
2018-09-13,137.26234436035156,139.411810013651,136.90733558537264,138.32093908141357,253100
2018-09-14,137.70773315429688,137.95302054483753,136.03592978553726,137.3720881296083,160900
2018-09-17,138.8502655029297,139.65067037235644,137.6496631234488,137.6496631234488,106200
2018-09-18,139.8959197998047,140.71568826447515,137.9981928867693,140.71568826447515,191400
2018-09-19,142.32940673828125,143.42672899270394,138.88252006818345,139.90238729384973,157300
2018-09-20,146.13133239746094,146.33789230201108,142.92327151863944,142.92327151863944,185000
2018-09-21,146.52508544921875,147.49331288610784,145.49230557680949,146.58963788473886,385600
2018-09-24,145.0404510498047,147.13182561373316,144.2271436440469,146.2023258075427,152700
2018-09-25,146.486328125,146.61542312045708,144.12385129579982,145.51163973326788,135500
2018-09-26,146.2539520263672,148.17104273402305,146.15712339355943,146.6799743723611,253900
2018-09-27,146.52508544921875,147.76441538651855,145.93124046984502,146.1313392309111,174700
2018-09-28,143.99478149414062,146.33143382348763,143.57521037384956,145.87959633567448,162800
2018-10-01,146.30560302734375,147.2092779057978,144.717705913126,144.717705913126,127800
2018-10-02,146.08612060546875,147.05434777857184,144.8338785523648,146.4088629965031,121400
2018-10-03,146.3572540283203,147.3642089257151,145.4342054728296,146.88009523663544,106900
2018-10-04,143.9818572998047,147.48684535740895,142.684436222856,146.62188812345877,150800
2018-10-05,143.14271545410156,145.0662673806548,142.1163969160177,145.0662673806548,99800
2018-10-08,142.05186462402344,143.66557685077345,141.54192604475247,142.91035086125478,86100
2018-10-09,143.47837829589844,144.03994698955023,140.08958267690358,141.39346489192576,134900
2018-10-10,140.17994689941406,143.8011173847266,140.05085189632425,142.7167075395913,170000
2018-10-11,138.32093811035156,141.02552108920352,137.88846446172445,139.9669263755732,176400
2018-10-12,140.61886596679688,151.1596239594952,138.98579022993846,140.43813101286668,111800
2018-10-15,140.9932403564453,142.18739117803617,139.5279969496656,139.7216443598312,124100
2018-10-16,145.06626892089844,145.11790889088277,142.3294096076324,142.57469700272864,119000
2018-10-17,144.38206481933594,145.15019346407945,143.78821986399,145.05982596759895,157100
2018-10-18,142.01956176757812,145.6020042087813,141.87109317906015,141.87109317906015,103900
2018-10-19,141.4644775390625,144.76935718020437,141.4580163862939,143.25246367731873,123700
2018-10-22,140.32839965820312,142.99425518744297,139.9927546343897,142.0453916888768,86800
2018-10-23,140.81898498535156,141.31600125568076,137.35918560507832,137.86911433092655,120700
2018-10-24,138.0692138671875,141.56775063422938,138.0692138671875,140.22514088270685,87900
2018-10-25,138.9276885986328,140.20575557438414,138.43067240182356,138.70822613386122,88000
2018-10-26,139.25045776367188,139.74748390534754,136.89444176688866,137.06226429880334,148300
2018-10-29,139.27627563476562,142.6715225655965,138.37905204348104,141.02553414795875,229200
2018-10-30,142.34878540039062,143.08463779857635,140.1670432683496,140.3542394065343,220900
2018-10-31,145.6923828125,146.49277768440012,143.09106993087448,143.59455715100472,230100
2018-11-01,147.97096252441406,148.86818614448924,145.15018680429566,146.43470530541364,227800
2018-11-02,147.95159912109375,150.56580510180666,146.170054483194,149.62340265795703,147200
2018-11-05,148.34535217285156,149.9267882903636,146.9704661124532,147.20929238611174,202700
2018-11-06,148.4615020751953,148.9068881573115,146.65414268876444,148.30658217944992,144200
2018-11-07,147.71922302246094,149.6621290219939,147.55139064521816,149.6621290219939,221400
2018-11-08,145.18890380859375,148.7584441206016,144.36914513368126,147.22863831565047,109700
2018-11-09,144.73709106445312,145.67304229461735,142.63281362255876,144.7435522176726,219100
2018-11-12,142.3939666748047,145.02108498168076,142.3939666748047,144.6273388158658,77400
2018-11-13,144.32395935058594,145.99576279577678,141.86466357806245,143.14918201183363,172300
2018-11-14,141.9873046875,145.42774015493256,141.24500104217216,144.65316029691283,168500
2018-11-15,145.53750610351562,145.76988110126544,140.3542622572126,141.0384747924427,158200
2018-11-16,145.9312286376953,146.53152487222133,141.36764562750167,143.62684279706653,156100
2018-11-19,146.00868225097656,147.67403447307936,145.18891367106116,146.22814475290102,95400
2018-11-20,140.4316864013672,145.05981172614582,139.4247315824955,145.05981172614582,185100
2018-11-21,144.37559509277344,144.95653736686154,140.9287083605893,142.25840557454907,127100
2018-11-23,140.7415313720703,142.6457198162473,139.37955776061833,142.30361358747996,104900
2018-11-26,143.23309326171875,143.3686494224231,140.59952357588767,141.4128309921604,121700
2018-11-27,142.9490966796875,144.52407163268566,142.2519717745973,143.22665047142576,175800
2018-11-28,145.28573608398438,145.79566479885688,143.07817900499492,143.78175515121407,228200
2018-11-29,144.8339080810547,145.9118667049654,142.8974533400447,143.69139702604974,138000
2018-11-30,141.54837036132812,143.8721197928791,140.42523301050954,143.4267336643887,263300
2018-12-03,144.67897033691406,148.46151185912356,142.8328833172149,146.38304990515047,228200
2018-12-04,143.74302673339844,145.8795800691397,141.55483342633403,144.00767789293528,309000
2018-12-06,143.32345581054688,143.63329563881115,138.92125413078787,140.7092499736245,234800
2018-12-07,142.44561767578125,146.22170866943398,142.42625391473226,143.9108713075068,200200
2018-12-10,139.52801513671875,142.65861092008004,138.5275115948809,142.29714096028982,164400
2018-12-11,142.7747802734375,143.52354498317126,141.83882931092836,141.9937393547932,175200
2018-12-12,140.57369995117188,145.2211892354255,140.30259747659986,144.76290047459585,236500
2018-12-13,141.0642547607422,142.1163982178405,139.59255009094375,140.88998094278088,232500
2018-12-14,140.67698669433594,141.3418353818057,138.7792594313374,139.618391807065,144500
2018-12-17,139.2181854248047,141.3095601505205,139.0116353681825,139.87658281334237,194900
2018-12-18,138.8437957763672,141.05780409378872,138.79215580622537,139.6054631749954,200000
2018-12-19,139.31500244140625,142.8974454852176,138.14667638777536,139.26336246923304,202600
2018-12-20,139.65708923339844,141.96146480669182,139.05033195631972,139.263343118442,228500
2018-12-21,137.9207763671875,140.0702425616884,137.55930634937098,139.61840503941778,621500
2018-12-24,137.65609741210938,139.08907458628028,136.05529772044105,136.48132009099288,118600
2018-12-26,140.6511688232422,140.7221725628043,135.90039912437976,137.87559137511226,127000
2018-12-27,141.80010986328125,141.8194834705278,138.1983129980079,138.85024916336465,210900
2018-12-28,143.14918518066406,144.0141325595641,141.54192427713855,142.41978411150032,144300
2018-12-31,143.0846405029297,144.38206164155525,142.3875156100013,142.98136055227698,82100
2019-01-02,146.17005920410156,146.24752409258912,142.03895962643708,142.1293271219073,157600
2019-01-03,143.73008728027344,146.0732000611816,142.67149269028775,145.80209764964675,217300
2019-01-04,147.49330139160156,147.91286264182858,144.6531717377925,144.6531717377925,293900
2019-01-07,146.36367797851562,147.7966550183344,146.26039804697712,147.7966550183344,222000
2019-01-08,146.84136962890625,147.67404085126256,145.95704858113936,146.37661969339442,232100
2019-01-09,146.10549926757812,149.74603341590313,145.85376057086003,147.8999463568646,375900
2019-01-10,148.764892578125,149.2038175437635,145.0017147609106,146.1248619336657,314100
2019-01-11,148.30661010742188,149.04892366717445,147.2738401559182,148.4679813357179,139000
2019-01-14,149.0102081298828,149.4555844823644,144.3562571979108,146.76391335987313,256800
2019-01-15,148.44216918945312,149.50721537740543,148.1839791588339,149.35230529876122,282800
2019-01-16,149.84286499023438,150.8562810156291,148.0484177478184,149.10701259477833,253100
2019-01-17,150.77882385253906,151.21129757778715,149.06829271168343,149.41039893985456,196400
2019-01-18,149.78475952148438,151.61793410850632,148.14522250756423,151.04345299323123,400100
2019-01-22,149.939697265625,149.939697265625,146.69936985272798,148.6745522576107,250300
2019-01-23,151.30810546875,153.14128007184345,149.86866716729347,150.7207118936794,236000
2019-01-24,151.5146484375,153.99331762191127,150.38505000699774,151.66311703701686,199400
2019-01-25,152.48289489746094,154.6000845777426,150.9014588651427,151.85677375763126,161300
2019-01-28,152.7023468017578,153.25745428509467,147.02207848260272,151.46946844620055,207800
2019-01-29,154.70980834960938,154.73563325993297,152.43124755476603,153.30910736873668,234000
2019-01-30,152.528076171875,156.58172035214218,152.2957012255844,154.96155688034654,317300
2019-01-31,156.71083068847656,156.93675435395048,151.81160242826633,152.45708735897077,248000
2019-02-01,156.820556640625,157.9824314464585,156.09116539113575,156.2137992503943,139100
2019-02-04,159.0603790283203,159.13783406023012,155.92332219484695,157.16265195199085,153400
2019-02-05,160.3965301513672,161.15819752878832,158.69245058140245,159.176564207521,184700
2019-02-06,159.29920959472656,161.63587156363056,159.0345682787547,159.6413256433433,178200
2019-02-07,153.2703857421875,158.3955373641246,150.74653744887505,156.8334651063158,260400
2019-02-08,154.66464233398438,155.36821853412536,152.45062393303402,153.48340374648953,175700
2019-02-11,152.65716552734375,155.5553960211646,147.77730168510882,153.1735553721411,609700
2019-02-12,155.0002899169922,156.11052471666525,153.94814639363136,153.94814639363136,353100
2019-02-13,155.00672912597656,156.17505511080503,153.67058062845638,155.0260928832365,323300
2019-02-14,152.55389404296875,154.0062350217083,151.1467417334624,154.0062350217083,214900
2019-02-15,154.32252502441406,154.50326000138375,152.56035407430088,152.8249953874452,155400
2019-02-19,154.72918701171875,155.2972070162671,152.54099363288896,153.3994798675033,170100
2019-02-20,155.54248046875,156.47843150356425,154.6646207048728,155.561844225729,174500
2019-02-21,154.3547821044922,155.5360204606813,153.2703625277791,155.5360204606813,195400
2019-02-22,156.60108947753906,156.65272945063103,154.19343359686775,155.23266466321397,169500
2019-02-25,156.0782470703125,157.84686935060043,155.18747477775906,157.84686935060043,185100
2019-02-26,156.08470153808594,157.0335651256573,154.01270053207182,155.89751525145144,161200
2019-02-27,157.13685607910156,157.75651610868147,154.99384134095106,156.48490998319355,271100
2019-02-28,156.91091918945312,158.27289269822876,153.5027597659486,156.73018420860953,223400
2019-03-01,154.33544921875,157.99534755474087,154.225708114305,156.80764780947896,218400
2019-03-04,155.94268798828125,155.98787665703006,154.18051704411042,154.27088453229052,121000
2019-03-05,153.58021545410156,156.20734368927555,153.4511204457095,156.20734368927555,132600
2019-03-06,155.3036651611328,155.72967769396456,153.52858175149498,154.1869692337429,157100
2019-03-07,152.4958038330078,154.85828087209828,151.78576652093656,154.85828087209828,133400
2019-03-08,152.0826873779297,152.54098595957552,150.3011527204,151.6631261610861,123200
2019-03-11,156.4720001220703,156.49136388151462,152.95410931613108,152.95410931613108,158700
2019-03-12,155.1358184814453,157.41437909644517,154.89054094863528,156.91090172736577,166700
2019-03-13,157.22076416015625,157.50476924695525,154.9163783051938,155.74904950488423,99500
2019-03-14,159.0926513671875,159.3831175790933,156.0524133976368,156.2525219740598,181300
2019-03-15,160.20289611816406,161.75205591146994,158.71182760101064,159.092661321545,451300
2019-03-18,161.82305908203125,162.17162643637283,160.39008184599965,160.39008184599965,204200
2019-03-19,160.9258575439453,162.9785048861242,160.2932850262445,162.4556537829378,187100
2019-03-20,160.15126037597656,161.48740900937028,159.4347717365481,160.28681653989784,203600
2019-03-21,157.67257690429688,159.97050124629013,157.1690995416946,159.47347518601785,197500
2019-03-22,155.8394012451172,156.90445714789428,154.67107525272417,156.16214366729503,136800
2019-03-25,154.8389129638672,156.8076339276968,154.68399305011684,156.149246455222,121900
2019-03-26,155.4198455810547,156.4590766115175,154.66462946813212,155.8716830183608,96300
2019-03-27,154.4580841064453,156.98193253907257,153.18002670665703,155.63287140322282,168100
2019-03-28,154.26441955566406,155.79421541615724,152.56679133962874,154.39996585126093,140200
2019-03-29,154.88409423828125,155.52312781215005,152.83145705746486,155.15519670465414,217300
2019-04-01,156.56878662109375,157.6144688126467,155.60055945134,156.96898403281082,152700
2019-04-02,156.91737365722656,157.21429117768474,155.3811165361828,156.21378767321772,224700
2019-04-03,157.20138549804688,158.33744520599504,156.3558018695377,157.61449543294137,162100
2019-04-04,157.15618896484375,158.2922386954332,156.46551548394024,156.89799897812873,144400
2019-04-05,158.3245391845703,158.88610790891408,156.6656480744424,157.8727017138731,187200
2019-04-08,158.44717407226562,159.02810652377127,156.943193121934,157.89205668222613,374400
2019-04-09,154.9486541748047,157.5822337820349,154.91637795953284,156.85928398735413,221700
2019-04-10,155.96852111816406,156.34935484918418,154.3741726110738,154.7614576454048,195600
2019-04-11,155.5618438720703,156.56234732741794,155.181010186593,156.07823370540945,127100
2019-04-12,156.11053466796875,156.73019468676895,154.2708986729365,156.62046343030053,167300
2019-04-15,154.9010467529297,156.1455971773468,154.2721400396406,155.56966166233087,203300
2019-04-16,155.30487060546875,155.79474308888297,154.04045089582482,155.37106440256156,202300
2019-04-17,153.8219757080078,155.7285346680666,153.3850542627784,155.3842926111014,241300
2019-04-18,153.146728515625,154.14635270207287,150.95551512616447,154.04043051917986,198400
2019-04-22,154.3648223876953,154.44426908532887,151.77641564451605,152.1338904293289,215700
2019-04-23,154.748779296875,155.82784017893624,153.55718997339457,154.60976525640726,225100
2019-04-24,154.42442321777344,154.59653922507215,152.29278682149328,154.2192052587218,323700
2019-04-25,154.70907592773438,155.17247294283476,153.29902573187874,154.245678912634,147800
2019-04-26,156.48985290527344,156.595775108465,153.36521862020356,154.1397557911094,198800
2019-04-29,157.15184020996094,158.3301968570699,156.1058812566615,156.85394287356533,168800
2019-04-30,156.8274688720703,157.84032595149824,156.07279085011817,157.11874988077065,250300
2019-05-01,156.76126098632812,158.55527142672227,156.50969830118058,157.5953755352383,104300
2019-05-02,157.4232635498047,158.56851825906196,156.11250919638263,156.33758628813555,198600
2019-05-03,157.66819763183594,158.83993792484128,156.19194365446313,158.45597754348088,203100
2019-05-06,157.1849365234375,158.1448323957637,154.9076599068895,157.24451396832137,174600
2019-05-07,155.0797576904297,157.5887375443244,154.53029774907884,156.05289624783123,436100
2019-05-08,149.92282104492188,154.94738790394817,149.86985994572186,154.94738790394817,439300
2019-05-09,149.10191345214844,149.73080998211137,146.03024093722155,148.24131341579627,204500
2019-05-10,148.18836975097656,149.3005223935031,145.80517108656892,149.13502276684412,259700
2019-05-13,142.84605407714844,146.57310934869574,142.7732338286375,145.66616441700552,251500
2019-05-14,144.7062530517578,145.699250824822,142.10460373495155,144.2759580572816,399800
2019-05-15,143.2432403564453,144.8518918818478,142.83279441271034,144.17003422688762,264100
2019-05-16,143.99130249023438,144.57386445278345,143.24325098973898,143.38889148037623,247400
2019-05-17,144.20314025878906,144.78570219460107,143.00492454187238,143.6867822161542,440900
2019-05-20,145.83168029785156,146.14282047600824,142.83945362900135,143.95160652865232,530600
2019-05-21,148.2413330078125,148.65177898476796,145.62644071050417,145.83828509877748,1009500
2019-05-22,149.30715942382812,149.77056652369996,147.22186787959274,148.27444322663357,440800
2019-05-23,148.12879943847656,149.81028149764444,146.23548308521868,148.94968131865508,379100
2019-05-24,146.35464477539062,148.94967795245108,146.21562063139783,148.73783356185194,332600
2019-05-28,145.37490844726562,147.26159855023568,145.22926793529348,146.50030413871585,678800
2019-05-29,145.44769287109375,145.89784699625577,143.35577521566998,144.5937091611609,383200
2019-05-30,146.8180389404297,147.87061422015034,145.36826048659358,145.36826048659358,218200
2019-05-31,148.1552734375,148.53923379810055,144.73935858909172,146.189136989945,407000
2019-06-03,147.18212890625,149.20122636782153,146.57970784207208,148.67824189187084,168500
2019-06-04,148.18174743652344,148.71796462565595,146.41421258663271,148.12878634235906,414900
2019-06-05,147.2218475341797,148.63852393478552,146.66577121273716,148.168510651648,164800
2019-06-06,148.77755737304688,149.0489691008495,147.67202100960355,147.67863735861954,430500
2019-06-07,151.57781982421875,151.86910082360788,148.9430682319847,148.9430682319847,244300
2019-06-10,151.5182342529297,152.63701344002433,150.0949312824432,152.3391060057924,146900
2019-06-11,150.88931274414062,153.84844683719862,150.3332364303393,152.54430898852226,168800
2019-06-12,148.0228729248047,150.7503035913313,147.49327208921716,150.24718835323577,289800
2019-06-13,146.02365112304688,148.34726255225786,145.80519037480187,147.72498225749274,309800
2019-06-14,146.2487335205078,146.33479657328888,144.42162097074385,145.7058999062587,197500
2019-06-17,144.6466827392578,146.5135234932562,144.58710529424835,146.44731959793717,425600
2019-06-18,145.80517578125,146.44731516146632,144.51428067200436,145.34177883194334,367800
2019-06-19,145.341796875,146.98355059976709,144.8717734172347,145.9706935343671,478000
2019-06-20,147.40060424804688,149.26743496565442,145.64630197406092,147.26158010356178,608000
2019-06-21,149.52560424804688,150.67748532293373,146.1494178169027,146.96367317776802,3298400
2019-06-24,150.273681640625,150.84300083855766,148.53262209669083,148.53262209669083,264300
2019-06-25,150.31338500976562,152.86208339763712,149.81026976207934,150.048589637572,804500
2019-06-26,151.5115966796875,151.55794142429338,149.7374455106381,150.45240511797456,874800
2019-06-27,152.92166137695312,153.2328014960835,150.89594747881642,151.9750083218131,403600
2019-06-28,151.5380859375,153.4975959297151,150.51198619566708,153.4975959297151,558600
2019-07-01,152.82899475097656,153.37845479232715,151.26667767596072,152.94814964844457,179000
2019-07-02,153.9345245361328,154.64948419395893,152.06106739689605,152.90842474662412,333100
2019-07-03,155.4174041748047,155.6358649109383,153.41816570276384,153.65648558751903,183900
2019-07-05,157.8005828857422,158.03890275534144,155.6159958659275,155.63585501328612,434300
2019-07-08,157.6814422607422,159.46222004443695,156.54280390316703,157.53580176607815,390100
2019-07-09,158.07862854003906,158.24412817673303,156.11250214930723,157.0459124232761,398300
2019-07-10,156.11251831054688,158.59501311795174,155.90729025471174,158.59501311795174,216900
2019-07-11,156.41700744628906,157.5953639883328,155.29161199730635,155.90064941556412,205100
2019-07-12,156.13897705078125,156.92013048437374,155.42401741083606,156.92013048437374,232700
2019-07-15,154.44427490234375,157.6748211910468,154.35159550269444,156.2912465458186,379500
2019-07-16,156.41700744628906,156.86717168665956,153.04743744798762,154.24565313726723,374900
2019-07-17,155.7417755126953,157.68143652030875,155.57627587490185,156.45673516011863,204600
2019-07-18,156.48321533203125,157.1452138602469,154.8414517091234,155.31809145754232,366200
2019-07-19,152.62379455566406,157.71456591638383,152.29279522247083,156.62888850756192,260000
2019-07-22,150.92904663085938,153.16659476579878,150.816508094302,152.82897915612668,607900
2019-07-23,149.92942810058594,151.49174507560352,149.35349259709386,150.89595042380455,438200
2019-07-24,151.28652954101562,151.7035918646655,149.61829034771245,149.61829034771245,172700
2019-07-25,151.02835083007812,151.5248497492751,150.10155688809564,151.332874611756,152900
2019-07-26,151.9882354736328,152.57741374343075,150.9753785615228,151.26665952210527,164200
2019-07-29,148.5657196044922,152.02135298840423,147.39397929352745,151.57781515347332,308000
2019-07-30,144.9512176513672,147.85076464550025,144.64669385132004,147.5131489965476,188700
2019-07-31,144.30905151367188,145.4145877571563,143.85227094872724,144.8717441578612,491900
2019-08-01,143.7794647216797,146.43407523435874,142.99168484176076,144.42160411448944,220300
2019-08-02,142.06491088867188,143.62722806887308,140.82696657428144,143.15058824431696,209400
2019-08-05,138.46360778808594,140.734257779767,137.71554625551332,140.23114255948985,277100
2019-08-06,139.09251403808594,140.4694722173482,137.93401658979906,139.39703781192023,337000
2019-08-07,141.36317443847656,141.89940178136897,136.5372091628195,137.3183626502558,238500
2019-08-08,142.22377014160156,142.66069162145874,140.6879387141747,141.42275752982664,271600
2019-08-09,137.29849243164062,143.64706607375584,136.8814402225207,143.64706607375584,561400
2019-08-12,133.822998046875,137.3117331087306,133.70384316076672,136.2326722784804,399600
2019-08-13,137.64935302734375,138.94025827501434,133.77005123921725,134.65712686787492,525900
2019-08-14,133.18748474121094,136.8284766254374,133.18748474121094,135.47799397892592,300300
2019-08-15,133.8428497314453,134.6703478431531,132.6247749353223,133.9884902072095,450400
2019-08-16,136.53721618652344,137.5831752244959,135.0609620835124,135.16025783658367,568800
2019-08-19,136.68284606933594,137.960498465612,135.94802724982438,137.6758439280653,323200
2019-08-20,136.06056213378906,137.27863705007582,135.63688346285034,136.20620262392077,357600
2019-08-21,136.47097778320312,137.60961593662228,135.861940415306,136.74902602410566,328500
2019-08-22,134.85572814941406,138.25840026925843,134.77628145507205,136.80199538811027,236800
2019-08-23,133.28016662597656,136.21281529537575,133.13452613977702,134.74317773557743,350300
2019-08-26,132.91607666015625,134.6902381416131,132.28718001722785,133.94217649930098,142700
2019-08-27,133.19410705566406,134.86896258932023,132.53210850160875,132.55196765012673,481700
2019-08-28,133.45892333984375,133.8561164436468,132.49901727773454,132.49901727773454,239000
2019-08-29,134.6107940673828,135.45815147462957,134.11429511307588,134.3261395155361,207500
2019-08-30,137.1131134033203,137.1131134033203,134.49160524256015,135.12050173912218,224800
2019-09-03,135.71630859375,136.68944719502673,135.29925640841387,136.41140903770415,252100
2019-09-04,135.9612579345703,137.35144875213803,135.14037614136672,136.90129461158153,277000
2019-09-05,140.0855255126953,140.78724241931354,137.19259483497018,138.1922090942267,389300
2019-09-06,140.8269500732422,141.95897204924557,139.46323466327885,140.70779518171358,247600
2019-09-09,140.15834045410156,141.6345944621761,138.596023398035,141.45585201684526,405700
2019-09-10,140.50257873535156,140.96597570948174,139.33083844974664,139.99283701316017,201400
2019-09-11,141.53529357910156,141.53529357910156,140.2311556130422,141.28373089489833,187700
2019-09-12,141.93911743164062,142.41575721556302,140.22454354015971,141.3565554510029,138200
2019-09-13,142.62757873535156,143.46170333316795,141.30358169886412,142.81956396236788,175500
2019-09-16,143.3955078125,143.44846890920695,141.78684606657754,142.4289854748668,170500
2019-09-17,141.8000946044922,142.84605357886585,140.26426314302353,142.84605357886585,228100
2019-09-18,141.81333923339844,142.27011987823752,140.87330244460216,141.44923798741826,175000
2019-09-19,140.42312622070312,142.20390389870988,139.13884744468504,141.6610703518762,210700
2019-09-20,138.6026153564453,141.5948512459993,138.47021768373122,140.53564966169677,559500
2019-09-23,137.4971160888672,139.3970590625796,136.58356483068846,138.9866130351625,309900
2019-09-24,137.20582580566406,137.5368251047139,134.65051081294757,136.55707000788956,978200
2019-09-25,138.99984741210938,139.27126926351806,136.52396900163197,137.2058267542851,400800
2019-09-26,140.42312622070312,140.5621503578302,138.17233523887288,138.8872948698921,236000
2019-09-27,140.7739715576172,142.3164292153106,139.8273185877327,141.54189221232463,636000
2019-09-30,137.98696899414062,140.93947664822682,137.98696899414062,140.72102603230678,364900
2019-10-01,135.1205291748047,136.15324533275026,132.92268906324128,135.95464374053844,601900
2019-10-02,133.75018310546875,135.1470004553263,132.54535099256634,135.1470004553263,438900
2019-10-03,134.7564239501953,135.95463971596467,132.7108508439494,133.78991171869689,176400
2019-10-04,137.4639892578125,137.91415350611774,135.04108234066348,135.04108234066348,284200
2019-10-07,137.05355834960938,139.0991314351149,136.52395749185715,136.8417240672862,248000
2019-10-08,135.80238342285156,137.8810584853907,135.61040828611257,136.2326784438885,329400
2019-10-09,135.0476837158203,136.86817945218553,135.02120822240647,136.64310240363656,239300
2019-10-10,134.47178649902344,135.8222592752662,134.38572344371323,134.81601851766914,380900
2019-10-11,138.21205139160156,139.5890095372535,135.19995607931892,135.4449024027163,144400
2019-10-14,138.06642150878906,138.72180373603905,137.179345840525,137.44414123062583,152400
2019-10-15,138.99984741210938,139.36394866384092,137.8810681573784,138.62250335996114,443800
2019-10-16,138.54307556152344,139.70818953978556,136.70272013727077,138.94027878888204,213300
2019-10-17,138.52320861816406,140.2179234371417,138.4503883672878,139.25141112692654,161200
2019-10-18,138.90716552734375,141.13809754604722,138.49672963344022,138.49672963344022,174300
2019-10-21,138.9932098388672,139.90676090218346,137.6559700372882,139.82070796585742,170000
2019-10-22,139.03472900390625,140.4474390004622,138.17773063991487,139.3627924646088,180900
2019-10-23,141.9739532470703,142.22167627802165,138.7334278808719,138.88741704474228,244600
2019-10-24,143.9290008544922,144.31062800249623,141.7597179278228,142.61002469145618,561100
2019-10-25,142.36900329589844,144.33742512844145,141.6191322039687,144.04952162378652,168400
2019-10-28,143.17242431640625,143.77500799988076,142.0944796171803,142.44933002597273,164900
2019-10-29,143.09207153320312,143.81516576108345,142.1212542682971,143.1858054025825,182000
2019-10-30,141.93380737304688,143.13226275155392,140.16624685073063,142.9782735612937,229700
2019-10-31,143.3063201904297,143.38667080669455,140.186315466279,141.49858967597052,298700
2019-11-01,144.99356079101562,144.99356079101562,142.73724569405434,143.94909457659114,200000
2019-11-04,143.90890502929688,146.70753796020577,143.1992042464817,146.41964471353492,203600
2019-11-05,142.30203247070312,144.37758146447757,140.74872675575423,143.56744492488198,284500
2019-11-06,142.2886505126953,142.36229928969436,140.75541966868627,141.67937519536025,171500
2019-11-07,145.50909423828125,145.63630669362178,142.83097169629747,143.21259884609225,314700
2019-11-08,138.4254608154297,145.66978729611313,136.85876155845784,145.66978729611313,351100
2019-11-11,137.80279541015625,138.9409954068528,137.0395207052062,137.42115805768125,406300
2019-11-12,136.43026733398438,138.27147667442685,136.27626792437283,138.27147667442685,349800
2019-11-13,137.0328369140625,137.990271056032,135.57995662946192,135.94820053021942,239800
2019-11-14,136.54408264160156,137.2403900237162,135.88794546396298,137.0930924631527,166500
2019-11-15,141.00982666015625,141.17051766671088,136.85873937830112,136.85873937830112,231100
2019-11-18,141.1504669189453,142.04763560404103,140.17963923205568,141.04333955517123,173900
2019-11-19,139.3895721435547,141.17721755413635,137.65549040495844,141.17721755413635,200700
2019-11-20,138.6464080810547,139.38288566553825,137.74923946289968,139.06151381442226,155100
2019-11-21,139.27577209472656,139.5301868009417,137.44794601964426,139.38288923702532,160800
2019-11-22,139.10166931152344,140.12605027933188,137.99694794348716,139.80467846219466,159800
2019-11-25,140.38047790527344,140.90941279368803,139.12845896825897,139.58373486672747,149000
2019-11-26,139.02134704589844,140.16624897962097,138.34512475124413,139.91851568622647,433700
2019-11-27,140.95626831054688,141.3646823617551,138.20449729383515,139.31592047793953,259700
2019-11-29,141.398193359375,141.67270340446615,139.25569711425803,140.3001633952383,129000
2019-12-02,141.65928649902344,142.58993363045178,139.84485406603514,141.63249955376185,211600
2019-12-03,138.2647705078125,140.52778736834458,138.03713253927637,140.3737981797733,195700
2019-12-04,138.67315673828125,139.68415435242454,137.55504200626916,138.11075355862695,160700
2019-12-05,138.21121215820312,138.81379589466235,136.3432260725024,138.76692384368368,276500
2019-12-06,139.0815887451172,140.14615016396698,138.45893019060284,138.73344018863068,195500
2019-12-09,138.98114013671875,139.8649150697884,138.5258540917484,139.06148052620932,135100
2019-12-10,136.51058959960938,139.3761796658041,136.1021755370046,138.60622358500083,486700
2019-12-11,137.0328369140625,137.548378375123,136.08210461697846,136.79850731629097,459400
2019-12-12,139.5167999267578,141.01654204233623,137.1265706057143,137.1265706057143,169700
2019-12-13,139.1953887939453,140.8357467146744,138.29822036339684,139.53685589206475,289300
2019-12-16,138.7267303466797,140.5411626641003,138.6463899484646,139.80467495970987,209200
2019-12-17,140.97633361816406,141.13702460822296,138.4455092680255,139.2489437858716,276100
2019-12-18,141.92709350585938,142.05430595425693,140.99644638196148,141.31782842514255,316200
2019-12-19,143.70135498046875,143.88212088556983,141.41156156982004,141.83335889794867,195900
2019-12-20,143.50051879882812,144.25709177294968,142.5096162051291,142.94480708165,440000
2019-12-23,144.3173370361328,144.89982544610416,142.4225640262381,143.51390228053128,149900
2019-12-24,143.01174926757812,144.37758728259476,142.77740945630563,144.28385340133113,45200
2019-12-26,143.96917724609375,144.48471871570962,143.0184449332324,143.11887044591143,73700
2019-12-27,144.17672729492188,144.5918432437349,143.5071966468917,144.08969525771226,72000
2019-12-30,143.2996368408203,144.20350725837878,142.91800970236272,144.20350725837878,104100
2019-12-31,142.69708251953125,143.4536452696431,142.10120060033913,142.98497581908092,107600
2020-01-02,146.78118896484375,146.9217948844385,143.07199397673438,143.07199397673438,173400
2020-01-03,145.89071655273438,146.1920135017029,144.29053879558376,145.0471116578112,142700
2020-01-06,145.02703857421875,145.14085756196496,143.6879772366483,145.0404320481381,189500
2020-01-07,140.26666259765625,144.65209013023158,140.25997096940716,144.1097719714908,309800
2020-01-08,140.94288635253906,142.22838390982466,139.83147329386782,139.83147329386782,193200
2020-01-09,142.46273803710938,142.73724806927612,140.4608376153316,141.7329520438902,326100
2020-01-10,140.98306274414062,142.8979104443918,140.48760642441357,142.83765514254324,193400
2020-01-13,141.64590454101562,142.45604113330288,139.68418461452222,141.29105410915008,236100
2020-01-14,141.23748779296875,142.47612357510775,139.8247777206344,141.40487045454284,228200
2020-01-15,142.99835205078125,143.8352653316645,140.58134608694138,141.50530161822897,313200
2020-01-16,144.51817321777344,147.16950847310548,143.212580473072,143.67455818689243,274700
2020-01-17,145.18772888183594,145.4086650111431,142.2150110927949,144.53828331908474,262100
2020-01-21,145.95767211914062,146.2924374221662,143.7750060212555,144.83286560476338,187500
2020-01-22,146.9485626220703,147.46410400740666,146.25225534346285,146.4932867507165,265300
2020-01-23,146.77452087402344,147.24988194994472,145.62961888186197,146.5267977842117,122900
2020-01-24,145.60281372070312,147.13603422923694,144.8328576525104,147.13603422923694,147500
2020-01-27,141.3580322265625,143.49383697949378,141.3580322265625,143.49383697949378,166700
2020-01-28,142.86444091796875,143.43353579114554,141.90700685945492,142.1882084820057,167000
2020-01-29,142.69708251953125,143.74154878542055,142.26188143125884,143.30634769714814,238700
2020-01-30,140.86253356933594,142.30202018132314,138.75351639991734,141.76640390835848,295600
2020-01-31,138.3116455078125,140.04572747207652,137.3609131928543,139.86495133262835,328900
2020-02-03,139.82476806640625,140.8692341679169,138.51918543951797,139.18871603958644,151600
2020-02-04,143.54066467285156,143.70135569441032,141.03661655541495,141.39146695549263,170900
2020-02-05,144.3708953857422,146.96197569717867,144.0093431185209,144.84625641975765,233800
2020-02-06,135.92140197753906,144.3307148054208,133.1897159327458,144.3307148054208,989300
2020-02-07,134.74302673339844,136.55745906678624,133.59812496763,135.91470522673234,280400
2020-02-10,136.91232299804688,137.51489648203977,134.3078492409392,134.49531700112482,242000
2020-02-11,137.13327026367188,139.0481180819572,136.81859004631931,137.66219497287886,274400
2020-02-12,139.63731384277344,141.27766192860142,136.5842556452984,136.62442585059773,348600
2020-02-13,138.47900390625,139.93857559117265,138.38527003855978,139.64399073287868,221300
2020-02-14,136.6177520751953,138.67320617269564,135.9147427419053,138.592865751598,250300
2020-02-18,134.8501739501953,136.19592691160472,134.72965311782423,135.63352360381216,395300
2020-02-19,134.7363739013672,136.16246747399038,134.41499178068906,135.7540533014953,216200
2020-02-20,133.24330139160156,134.91712814741086,133.15626934733433,134.63592647838223,294000
2020-02-21,133.38389587402344,134.43505367391887,132.8014074822415,133.22990668626335,313800
2020-02-24,129.8353729248047,131.8238796271468,129.13236375048328,130.91331760110387,359900
2020-02-25,125.77133178710938,130.70576921609924,125.57047055669246,130.20362124817024,249700
2020-02-26,126.79572296142578,128.23520983141546,126.07262860385104,126.95640378562416,350200
2020-02-27,122.39689636230467,126.98987702509052,122.39020473365346,125.77133655581878,221200
2020-02-28,121.36581420898438,121.8746537849898,117.19463123295183,120.60924136499342,570600
2020-03-02,127.30455780029295,127.97408845249105,121.14487784331608,121.82780196910169,356100
2020-03-03,125.40308380126952,129.54077801795393,123.79620422668992,127.44515418067054,306400
2020-03-04,133.2231903076172,133.22989215171924,126.29355501967017,127.11707476238776,314100
2020-03-05,128.72396850585938,131.8439840149477,127.21083280403232,130.15676379300305,397800
2020-03-06,124.90093231201172,126.5479718252386,121.82778938768703,126.11947266073294,455100
2020-03-09,116.91344451904295,119.05595087620976,115.63464867969051,117.1678694476077,318300
2020-03-10,121.8411865234375,122.25630247925348,115.96940999683991,120.85028400817995,488500
2020-03-11,114.46296691894533,119.59826589065004,114.3022758815942,118.95551195747282,407500
2020-03-12,102.6859130859375,106.57588454923064,98.487963243038,98.7557714180198,507100
2020-03-13,116.39791107177734,117.05404826786632,104.73467780951754,110.4792521843504,481000
2020-03-16,100.03458404541016,108.8188235344458,99.46547886558872,104.36644847899942,442700
2020-03-17,98.22013854980467,104.232520573553,97.6041716138868,101.6950040540528,332400
2020-03-18,90.58079528808594,93.70751234982431,84.97013550303771,92.87729068298718,374800
2020-03-19,90.43350982666016,92.72330342440596,85.76017853256229,89.8443195852892,395500
2020-03-20,88.93376159667969,97.0819487597395,87.9562423071312,92.36175541472736,760000
2020-03-23,83.12893676757812,90.11883912910544,81.17390318017793,88.1102469661943,430800
2020-03-24,85.86730194091797,88.21065910889624,83.81184314361585,86.8381192958351,596300
2020-03-25,85.69992065429688,88.34456459999274,84.86300736665726,86.20876025534017,1213700
2020-03-26,86.7845458984375,90.21254923289756,84.79604447232683,86.14849392448424,1710000
2020-03-27,84.26043701171875,86.77118222809663,79.00462207337544,83.87210798235992,830800
2020-03-30,89.11453247070312,89.65685065572526,82.50626320013559,84.77597166618584,434000
2020-03-31,95.7897491455078,98.74237136723843,87.78215856571764,88.02988162188647,727000
2020-04-01,89.63676452636719,93.6740334310646,87.94285284007516,92.58269522872897,479300
2020-04-02,91.4846649169922,93.3995229283296,88.98061668178892,89.63676405517651,619700
2020-04-03,86.73770141601562,91.6319690397361,86.6439675297038,90.6812367025083,322200
2020-04-06,89.6099624633789,92.000191326727,88.75296421394387,90.10541872667494,678900
2020-04-07,88.59229278564453,94.772057285663,88.424910137742,93.05806060573715,409700
2020-04-08,97.8039093017578,98.420742840316,93.94511268070777,95.54458313591836,365800
2020-04-09,103.98619079589844,104.4462435270976,99.4853911040874,100.96520672010377,439100
2020-04-13,102.9664077758789,104.30055122735452,99.04833172490048,104.30055122735452,179300
2020-04-14,105.61934661865234,106.14840365695798,101.76261206647844,106.14840365695798,995200
2020-04-15,106.52410125732422,108.12661056914182,101.10320879082948,102.52935795804466,690800
2020-04-16,108.50231170654295,109.2460568757181,106.19440855557563,106.5241039915888,583400
2020-04-17,110.4268569946289,112.6887572964915,107.95025686480555,111.48495942724526,622200
2020-04-20,109.54508972167967,111.29327114100802,108.1419419536036,108.67867396624636,562500
2020-04-21,105.9720687866211,108.56366473145464,104.3235563271275,106.53945386880956,456800
2020-04-22,106.28641510009766,108.50998736765472,104.53823370332874,107.842909837575,427000
2020-04-23,105.074951171875,108.13427438341628,104.08585318447624,106.3170886462855,384600
2020-04-24,102.90506744384766,105.4199953830056,102.45267805325312,104.86793688908072,339500
2020-04-27,105.54267120361328,106.70046612750885,102.89739761329534,103.54146198840095,298500
2020-04-28,107.29084777832033,108.80133953960622,106.82314357674048,108.1112722688042,272500
2020-04-29,114.3142547607422,115.16534400665464,109.52208821835788,109.6754352077891,543900
2020-04-30,114.26058959960938,114.6286247174559,112.81143889223658,112.97244913770832,525900
2020-05-01,107.01483917236328,112.79610396087767,106.3247601442702,112.13670135161136,184200
2020-05-04,108.72467803955078,109.13105283080785,103.71782331742098,105.55801060991988,214500
2020-05-05,109.31507110595705,113.38649378162611,108.6096539206825,109.5680871946018,498900
2020-05-06,109.03904724121094,110.58020380993564,107.6435627096327,109.7137763436343,155900
2020-05-07,110.1201629638672,112.69643247612208,108.39498280029365,110.71056122907451,362900
2020-05-08,111.684326171875,113.83888250845288,111.1782705463057,113.37116655747994,366600
2020-05-11,108.81670379638672,110.457541470515,107.42123071260131,110.12784596432282,318800
2020-05-12,108.1189422607422,110.64154532267274,107.90425413201945,109.72911492578832,469700
2020-05-13,103.97085571289062,108.3336345458095,103.45712513556684,108.3336345458095,346400
2020-05-14,104.26988983154295,105.9490553072401,101.12622362481044,102.86674194119902,418700
2020-05-15,102.47569274902344,104.54591821839868,101.63227839078375,103.52614369375216,224600
2020-05-18,104.13187408447266,107.65891380886728,102.70572466369376,105.16698687522216,436900
2020-05-19,101.90829467773438,104.5995710652456,101.7089330715022,103.96316997539826,605200
2020-05-20,101.98497009277344,104.17020277629425,101.59393350398184,103.43412082722256,343600
2020-05-21,103.00474548339844,103.14276596866608,101.90062839976048,102.3070032014292,294900
2020-05-22,101.60160064697266,102.88974118223736,100.727509880039,102.24567676441806,252100
2020-05-26,104.47689819335938,106.49344570155596,103.15809297046,104.71459949136371,360000
2020-05-27,108.60199737548828,110.37318030316992,106.63146452638112,107.78158452613548,480200
2020-05-28,109.20772552490234,109.52209447595446,106.98416480204196,109.36108422272116,457600
2020-05-29,105.67303466796876,108.27996873994904,103.12743003565475,107.93493506860251,809000
2020-06-01,107.76625061035156,109.37641165438164,106.33242633112164,106.51644975027914,391600
2020-06-02,110.44985961914062,110.79489327904643,108.57133262665285,109.26139994646448,303500
2020-06-03,116.50714111328124,117.09753925892907,111.92199981628912,112.64274347727816,457200
2020-06-04,118.97607421875,120.04952652995895,114.88931324097904,115.86308474553194,449400
2020-06-05,127.54830932617188,127.9163444405998,122.59512084190608,123.68389967598998,1061000
2020-06-08,130.0785675048828,131.97243271020915,128.51440945049674,129.36549871969046,398900
2020-06-09,127.2646026611328,127.80132296342926,123.76823989231583,126.5131942379178,461800
2020-06-10,122.9401626586914,127.19560916937652,122.74847598433286,126.06849058817812,653500
2020-06-11,118.08663940429688,121.21496692963316,117.8182851146394,118.73071543864891,483800
2020-06-12,119.9038543701172,121.87438733292504,116.90587192319558,121.6903756101072,380400
2020-06-15,120.93128967285156,122.48012127266584,116.15446103883836,116.64517845565932,397200
2020-06-16,119.86551666259766,125.38609073066972,119.18311254681636,124.65768368342869,484700
2020-06-17,118.4393539428711,121.10762896349974,116.26179630189398,119.28277992334648,981600
2020-06-18,114.9506607055664,119.14476597544176,114.55194915661254,117.87196368045976,359900
2020-06-19,113.42483520507812,116.76785132897557,113.21014706222816,116.76785132897557,1102800
2020-06-22,111.33928680419922,113.0874682398049,111.04791933172312,113.0874682398049,361800
2020-06-23,109.54508972167967,112.75009679019853,108.59433136708468,112.19037501373931,622800
2020-06-24,107.16817474365234,108.01926393117093,105.11328778746017,108.01926393117093,508800
2020-06-25,104.88327026367188,107.14518226584578,104.41555433402286,106.37843560738018,592000
2020-06-26,103.58747863769533,105.26664399851968,103.31911262634809,103.97085196840531,301100
2020-06-29,103.7408218383789,104.37722294805243,102.3530123038725,103.7408218383789,253600
2020-06-30,102.49102020263672,103.81748859113463,101.93129844095552,102.96639936738308,270000
2020-07-01,102.6597137451172,105.25898455342175,102.1383316123014,102.31468007491544,270300
2020-07-02,101.31024169921876,105.50434693864528,100.85785227020166,103.80983164261272,426000
2020-07-06,102.16132354736328,103.83282555801726,101.4022401840262,103.51079338255984,881600
2020-07-07,102.19966888427734,102.23800856159944,100.03744913890964,101.38691920340769,809900
2020-07-08,99.35503387451172,103.2961112495477,99.22468834591552,102.61370718829367,700500
2020-07-09,95.91999816894533,99.03299333239694,95.84332467916444,98.97165220064733,358600
2020-07-10,98.71096801757812,99.07133987935742,95.62864320603778,96.15770026693188,421300
2020-07-13,97.9058837890625,99.95309598616244,96.29571110838243,99.53905793378436,599100
2020-07-14,97.3768310546875,97.89821904550828,95.30661730132412,97.78320587036296,444000
2020-07-15,100.06809997558594,100.77350548184816,98.12823775827113,99.04066228383172,335300
2020-07-16,98.77230834960938,101.38690551535588,98.55760852551734,99.439374186372,240700
2020-07-17,98.5346221923828,98.91799557345918,96.83244929424713,98.91799557345918,249800
2020-07-20,96.80176544189452,98.70329387527384,96.79409633737733,97.6835252673674,201300
2020-07-21,98.13590240478516,99.36269587868831,97.15446762566262,97.63751591075216,739300
2020-07-22,97.2464828491211,99.17868775902892,96.1577039672437,97.30015488274005,372700
2020-07-23,98.6726303100586,99.23235210028996,96.9934532397388,97.12379876899128,460000
2020-07-24,97.58384704589844,99.1020080408677,97.18514134762074,98.45794363984692,117000
2020-07-27,96.9321060180664,97.09312210582648,94.98456890688205,96.86310163037456,200600
2020-07-28,96.54873657226562,97.94421523850122,95.76665756473668,96.99345103233732,305500
2020-07-29,99.01766204833984,99.05600172081732,96.60240892757643,96.86310583083532,572700
2020-07-30,98.99466705322266,99.08667291348006,96.62541670477206,98.02856457182833,328200
2020-07-31,97.50717163085938,98.86431649888809,95.80499310475574,98.86431649888809,352300
2020-08-03,97.58384704589844,98.6496303091716,96.03502133167255,97.32315598352704,358600
2020-08-04,95.5443115234375,97.94422670828044,95.5059718465988,97.94422670828044,305800
2020-08-05,95.9046859741211,97.63752943677228,95.705330178928,96.47974604309796,459000
2020-08-06,95.2299346923828,95.95834754349995,93.81912361833288,94.67788200024124,372200
2020-08-07,98.48860168457033,99.23234684711689,94.0261365591034,95.26059909388044,551100
2020-08-10,98.78763580322266,99.16334587444402,96.90910884636664,98.3582595501842,280400
2020-08-11,99.086669921875,101.50192897734637,99.02532878368,100.32880749597844,269600
2020-08-12,100.351806640625,101.11855330089963,98.64962811884526,100.2981287585855,248200
2020-08-13,101.08021545410156,101.7472813167117,97.91354794607732,100.16778503995046,264100
2020-08-14,101.10321807861328,101.49425467504024,100.0987817959203,100.15244797991966,232200
2020-08-17,99.1020050048828,101.11087749398366,98.67262875068954,100.89618936688704,841900
2020-08-18,99.89175415039062,100.3901348006458,98.75697236696882,98.75697236696882,255500
2020-08-19,99.2400131225586,100.77350641991436,99.1786836863347,99.7307422093528,305400
2020-08-20,98.16658020019533,99.50072368548832,97.376832026033,98.41194476285318,538600
2020-08-21,96.72509765625,97.67586192906728,96.08869648944412,97.3998326482795,271700
2020-08-24,98.7186279296875,98.8796498687088,96.93210689018942,96.93210689018942,192800
2020-08-25,99.67707824707033,99.80742379159202,98.63430219126973,99.50839302483588,160200
2020-08-26,99.39337921142578,99.83809370472116,98.30460029320308,99.83809370472116,224500
2020-08-27,99.97610473632812,100.88853520856848,98.93332872514291,99.27069915517733,192100
2020-08-28,99.67707824707033,100.474489725211,98.6803051246742,99.93010608042196,260100
2020-08-31,100.04510498046876,100.19845197876604,98.5729527374878,99.86875651740814,239100
2020-09-01,100.62783813476562,101.54793180754604,98.94098608510474,99.76141064558762,207900
2020-09-02,100.8348617553711,101.68595112323932,100.44382512134456,101.01888518883318,246000
2020-09-03,101.8086166381836,102.92807186628876,100.74283929002104,100.74283929002104,196800
2020-09-04,101.50959777832033,102.71339574436912,99.32436494678176,102.55237378535648,188100
2020-09-08,99.43938446044922,101.19522930974274,98.91032734919928,100.43615754110289,414000
2020-09-09,100.32113647460938,102.0769929878566,99.14035169203316,100.06810865699455,262200
2020-09-10,98.64195251464844,101.60159507179604,98.64195251464844,100.42847362527417,218100
2020-09-11,97.95955657958984,99.14801041284196,97.05479527146508,98.75697382148056,186600
2020-09-14,99.46237182617188,100.06809650414068,97.89820802971389,98.6112826156019,239200
2020-09-15,99.51603698730467,100.8808567115924,98.97165344805556,99.76906477160172,277300
2020-09-16,99.7384033203125,101.21055545017826,99.50071373627104,99.50071373627104,394100
2020-09-17,100.81185150146484,101.33324533434708,99.01000380016654,99.01000380016654,213300
2020-09-18,98.79531860351562,100.85785743283112,98.46561143327472,100.50516049680746,577500
2020-09-21,96.6714096069336,98.13589252369,96.2573657543406,97.20812986965852,237600
2020-09-22,95.95068359375,97.8062092429305,95.56731023566412,96.66375827378226,239000
2020-09-23,94.51685333251952,97.1698017872116,94.42484748194204,95.95067161874762,256000
2020-09-24,96.05802154541016,97.3154856118238,92.87602170608514,94.53986642001917,388600
2020-09-25,94.53219604492188,95.96601439946592,93.61209654662046,95.24527066993504,145000
2020-09-28,94.71621704101562,97.12380116339516,94.52453036980826,95.49830193543696,211100
2020-09-29,94.50151824951172,94.8465518788548,93.26705575814567,94.42484475963684,328300
2020-09-30,95.06892395019533,96.37239688100304,94.62421529950426,95.19927533814534,198800
2020-10-01,94.66254425048828,96.56407858758526,93.6657770780643,94.95390588246212,290500
2020-10-02,95.09959411621094,95.49830568386749,93.8651314371962,94.29451357542732,212100
2020-10-05,95.1916046142578,96.0350248199595,94.80056215668397,96.01969245977428,215500
2020-10-06,98.65728759765624,99.94542802142172,95.55196725228204,95.84332886610248,475400
2020-10-07,96.17303466796876,99.53905791765236,95.94300832796236,98.91032003494328,356800
2020-10-08,97.92121124267578,98.05922586982494,96.1500284024386,96.602406105431,1047600
2020-10-09,97.0011215209961,99.4547143410233,96.91677892047502,98.25857972464482,493800
2020-10-12,95.23760223388672,96.83243669561972,94.86956711183312,96.64841913459291,403700
2020-10-13,93.53543090820312,95.84334017762812,93.49709708202002,95.84334017762812,298000
2020-10-14,92.60765075683594,94.31749819972958,92.06326138842184,93.39739879622276,276200
2020-10-15,92.55398559570312,92.81468249346857,91.60322140638591,91.88691391741553,206200
2020-10-16,92.04027557373048,92.87602667793456,91.54955814836396,92.55399446437774,176300
2020-10-19,92.3623046875,93.69644227732664,92.12461508782518,92.63833396123144,301100
2020-10-20,92.37763214111328,93.83444598863458,92.0862646917592,93.47408000360087,405600
2020-10-21,94.6702117919922,95.82800089566096,92.4006423624898,92.73800691767492,417600
2020-10-22,93.3667449951172,96.9244551377265,93.22873035230124,94.96924867280296,717500
2020-10-23,93.10604095458984,94.5935312478257,92.23961939244788,94.11047714032904,1108200
2020-10-26,92.17829132080078,92.99871007459538,91.13551531693676,92.70734842785608,300700
2020-10-27,91.97892761230467,93.21339018920928,91.51888079136552,93.21339018920928,465200
2020-10-28,88.32921600341797,91.02816761758206,87.13309304362535,91.02816761758206,479300
2020-10-29,87.57013702392578,88.17586759897455,85.41558073975183,87.68515019510441,378100
2020-10-30,87.93050384521484,87.99184497962763,86.12098132872543,87.53179817115681,493500
2020-11-02,89.98538970947266,91.05883621803513,87.48579392592818,88.75859620674964,311600
2020-11-03,91.81024932861328,92.22429325359022,90.8518159420407,91.25819076197736,404500
2020-11-04,91.13551330566406,93.58910040777629,90.4684415701774,90.4684415701774,663200
2020-11-05,93.30540466308594,93.79612206662966,91.25818659694416,92.00960091164022,486800
2020-11-06,91.05116271972656,94.14115071647652,90.32275575789376,94.12581835772548,398800
2020-11-09,105.42766571044922,108.52531706785192,94.992243203779,95.95067652841946,1026300
2020-11-10,86.5810317993164,96.61007955731674,84.70250481451592,96.61007955731674,2112400
2020-11-11,91.56488037109376,91.77956848969596,87.40911507582949,87.43978564274587,1034400
2020-11-12,91.93292236328124,94.24849461841978,89.27997971806207,90.51444226378888,645600
2020-11-13,95.9813461303711,96.9397794453613,92.7303419638719,92.7303419638719,938300
2020-11-16,97.78319549560548,98.51927739851229,92.79167336232702,93.54308762371367,441400
2020-11-17,102.80540466308594,103.05075753693905,95.39096506528256,96.92445855065144,832400
2020-11-18,103.51846313476562,105.350987197989,102.19965793365812,103.65648361841092,492200
2020-11-19,102.42969512939452,103.42646824047416,100.45916207330326,103.05843307778966,307400
2020-11-20,102.15365600585938,103.18876869464437,101.25656380207108,101.89296494485268,205500
2020-11-23,104.55357360839844,104.67625588024566,101.83162066236844,103.51079769694788,586300
2020-11-24,112.24403381347656,112.69641149758156,105.65768335628806,106.63145480990994,474000
2020-11-25,116.26179504394533,116.47648316399336,110.61853938919992,111.23193903203368,649400
2020-11-27,118.88406372070312,118.92240339096692,115.7787376233312,116.97486045796342,282500
2020-11-30,118.0099639892578,118.81505020443704,115.95507715718486,118.10196983112156,1235100
2020-12-01,120.60926818847656,120.85462106888876,117.55761934690725,120.0495463272492,548700
2020-12-02,123.67623138427734,123.70689610105352,119.40544712135856,120.77793011449624,479100
2020-12-03,126.17581939697266,128.0160182680199,123.69156788551469,124.4659777443936,635900
2020-12-04,127.5866241455078,129.33480538334686,125.49340929223656,127.36427278877902,450700
2020-12-07,125.7081069946289,127.3796207231386,124.1746137426063,126.6358755599376,343200
2020-12-08,125.53177642822266,126.26018348676811,123.90627709341048,124.78036790359036,264500
2020-12-09,124.8723602294922,126.51319759700776,123.26218758022556,126.4441932062286,263000
2020-12-10,124.7650146484375,127.13425896670444,123.58421826677272,124.2359575929822,412500
2020-12-11,123.16252136230467,125.78479357009718,122.7944745369254,123.49989176908952,222500
2020-12-14,123.86026763916016,126.35219463283192,123.51523393380796,124.75737165255391,419600
2020-12-15,125.85381317138672,127.27996261810478,123.75292282955948,124.3279829016292,365800
2020-12-16,124.51964569091795,125.38607311040734,121.5216753157012,125.38607311040734,241800
2020-12-17,123.92926788330078,125.58543179701216,123.23152560643764,125.39374512971736,231000
2020-12-18,123.88327026367188,124.9260345467988,122.52612532517398,123.76058798343593,456000
2020-12-21,121.37598419189452,123.92925167018336,120.29486872187938,123.40785791954784,267100
2020-12-22,124.1362762451172,124.4353069665129,121.45266300708516,121.9280538792817,436300
2020-12-23,126.61289978027344,126.96559674799242,124.79570195226708,124.97972539170354,285000
2020-12-24,126.51319122314452,127.27993783661812,125.20972432016436,127.27993783661812,72600
2020-12-28,126.51319122314452,127.27993783661812,125.5240932395985,126.6051970728814,166100
2020-12-29,126.4365234375,128.03903289783463,126.01482212124836,127.25694800471864,159000
2020-12-30,125.47808837890624,128.2767207556292,124.98737097608404,127.27994774062688,204000
2020-12-31,125.76180267333984,125.97649082303784,122.33444383402514,125.93048789090636,242800
2021-01-04,120.83927917480467,126.12982648743656,120.03419283602358,126.10682502343931,309500
2021-01-05,120.23353576660156,122.26542133201862,119.6278110838489,120.95427946227876,368300
2021-01-06,124.7266845703125,126.2601779738198,121.76704183355832,121.76704183355832,274200
2021-01-07,126.00711822509766,126.81986765104638,124.1669312870863,126.0454578903944,288000
2021-01-08,127.12659454345705,127.67865305715048,124.6039915601252,126.00713930746058,336100
2021-01-11,126.49785614013672,128.41472272117733,125.74644771626384,126.21416363002274,232900
2021-01-12,126.72789764404295,127.4409781813786,125.53177462619122,127.27995622145556,170800
2021-01-13,122.31910705566406,127.27229616655356,121.52169559025285,126.13750256243225,580100
2021-01-14,121.5830078125,124.55797651389835,121.52932993740212,122.63344685735368,308300
2021-01-15,118.00231170654295,121.02329555744603,116.43815359623522,120.4175708160986,509300
2021-01-19,119.22145080566406,120.70892960356134,118.15567334088573,118.15567334088573,271300
2021-01-20,119.35945129394533,120.30254641092236,118.76905308917894,119.36711454868885,205200
2021-01-21,118.11734008789062,119.52048805516152,116.41516135379985,118.66172373279574,260400
2021-01-22,118.7230453491211,118.88406728921252,116.47648333964986,116.9135228348264,461600
2021-01-25,118.09432220458984,118.66170723732846,117.45792108169688,118.09432220458984,321400
2021-01-26,118.89175415039062,119.2597893298717,116.36148742975,118.6464012639457,266100
2021-01-27,117.07454681396484,118.2323300332508,115.61772117221147,117.59592891548424,810800
2021-01-28,116.62218475341795,117.58061818597524,115.01201190687102,117.05922431485811,533400
2021-01-29,115.26502227783205,118.9684099042365,115.11167529177573,116.63749359753002,630900
2021-02-01,116.54549407958984,117.27390107766212,115.79408561734031,116.5914970079443,385900
2021-02-02,117.80297088623048,118.82274547360868,117.02856087609828,118.2170089857994,173800
2021-02-03,119.22911071777344,120.63992182446576,117.81062465639324,118.03298774907228,299200
2021-02-04,119.53579711914062,120.3715598528116,118.94541062699386,120.04185271208812,222800
2021-02-05,121.2149887084961,121.58303556557463,119.69683344683396,120.37157431851789,138000
2021-02-08,121.9587173461914,122.3037509904746,120.97728259374692,121.40665883548826,204200
2021-02-09,127.19561004638672,127.49464079246285,120.08020158110678,121.09230114489274,361100
2021-02-10,128.36871337890625,129.23514077410994,127.08824797072778,127.08824797072778,506300
2021-02-11,124.7266845703125,127.94701837775264,124.11328486898434,127.78600812217502,269200
2021-02-12,127.07292938232422,127.25695280518332,123.99061602191205,125.2404052074978,125700
2021-02-16,126.65888214111328,129.96355836082606,126.44419401312445,128.3610606556145,202100
2021-02-17,128.7674560546875,129.1814941678892,125.89215563081407,127.0499390562946,303800
2021-02-18,124.40464782714844,128.97446315094558,124.22062441356658,128.28438412473295,724400
2021-02-19,125.52410125732422,125.89213637940446,123.4922155820596,124.55032972011912,396700
2021-02-22,124.93370819091795,126.62821183284862,123.9445984038783,125.45509032701167,335200
2021-02-23,125.80780029296876,126.3598588544879,124.41999063401477,125.6084503622748,236700
2021-02-24,126.03782653808594,126.58221014436734,125.47809302225282,126.09916767816188,330200
2021-02-25,124.22830200195312,126.7355552547698,123.43087889248388,126.7355552547698,369500
2021-02-26,122.68712615966795,124.98736608913865,121.59834733034025,124.30496204471402,397800
2021-03-01,121.72869873046876,125.52410415696556,121.6903707561614,124.57333406170083,316700
2021-03-02,121.8667221069336,122.5337879906136,120.76260498937626,121.45267233803654,239400
2021-03-03,121.391357421875,122.6104820101975,120.57859599669914,122.2807748066552,475200
2021-03-04,119.62781524658205,122.51077842998534,118.77672599967468,122.26542558653364,287200
2021-03-05,119.2367706298828,121.57535031703534,116.81386004053654,121.38366364922982,574300
2021-03-08,117.08221435546876,121.06163145104406,116.80618508584428,119.47447192542268,407200
2021-03-09,116.8061981201172,119.29046182395358,115.31104428431952,116.7218555088862,536900
2021-03-10,117.55760192871094,118.99907767416732,116.49181285416084,116.98254194152943,325800
2021-03-11,117.3045654296875,118.99140559371192,116.84451279421516,117.67260051829068,354200
2021-03-12,116.47650146484376,118.37803012673504,115.56407096146542,117.74162892102048,347600
2021-03-15,117.31990814208984,118.0099871906124,116.25413069901026,116.46115558352965,450900
2021-03-16,116.26946258544922,118.17099101868436,116.08543917592628,116.99020631488224,200600
2021-03-17,114.67465209960938,117.2662600854256,113.40952453117856,116.43817211895838,637800
2021-03-18,113.21781158447266,115.47971183083273,112.97244704403856,114.96599298637724,357800
2021-03-19,112.55074310302734,113.63185875945398,111.37762158635202,112.49707691775768,535400
2021-03-22,110.70288848876952,112.45873322364508,110.02814767205716,112.45873322364508,431800
2021-03-23,107.91958618164062,110.59553608284077,107.4212055611846,109.91313206271448,263200
2021-03-24,106.38610076904295,108.77068338759898,105.8877201119572,105.92604808586708,479400
2021-03-25,105.74970245361328,106.89982249266748,103.86351214135502,105.90304945222864,390800
2021-03-26,106.75413513183594,108.44865041312728,104.92928602078256,106.57012341958304,345800
2021-03-29,105.09797668457033,106.86148474996688,104.35423144323298,105.45833687299933,196600
2021-03-30,106.40144348144533,106.40144348144533,104.76826925664092,105.2513234244566,224100
2021-03-31,104.714599609375,106.57778842428124,104.6072438426306,105.81104174496988,414600
2021-04-01,105.45832061767578,106.10239664362788,104.63790785191604,104.63790785191604,281100
2021-04-05,107.3521957397461,107.65122646939788,105.00595283022822,106.6391269612017,260000
2021-04-06,112.3667221069336,112.53540730321572,106.54711793407532,107.09916474962344,547300
2021-04-07,111.47731018066406,113.47851967810766,110.40386940410032,112.35906426858234,616700
2021-04-08,117.47327423095705,117.62662124039934,111.44664433282162,111.69199720800395,474400
2021-04-09,115.01200103759766,118.0789877319336,113.88488249145914,117.13589259932051,730500
2021-04-12,112.35139465332033,112.89578996609411,107.91959959866666,111.17827312118412,976900
2021-04-13,111.3086166381836,112.8344467776088,109.23840289549,110.18917301196552,624400
2021-04-14,110.35783386230467,111.86832561861723,109.399400600666,111.80699618554216,302200
2021-04-15,108.75535583496094,111.17827836446948,107.40588577150616,110.97892842202646,517800
2021-04-16,108.14195251464844,109.85946938366062,106.30942831719577,109.215404945141,706000
2021-04-19,102.81304931640624,108.3489607329308,102.50635535467416,108.3489607329308,753200
2021-04-20,97.39215087890624,101.11087073119378,97.03178488956152,100.76583709998212,1134800
2021-04-21,95.9813461303711,97.10079554030212,93.58909447022296,95.2222685828464,1219900
2021-04-22,93.99546813964844,96.15003018394276,93.92646374970158,95.7743259668915,642000
2021-04-23,92.1322784423828,94.07214649239162,90.8671453250428,93.61209383167702,966000
2021-04-26,93.35907745361328,93.8727963255821,90.48377740180032,92.99103647306352,1308900
2021-04-27,93.04470825195312,94.731554454286,92.80701865359418,94.24083704810518,682400
2021-04-28,92.53099822998048,93.47409930849788,91.25819581423656,92.67668198474507,948400
2021-04-29,92.33163452148438,93.08304884766028,91.27352620076776,93.0447091734362,678500
2021-04-30,91.54955291748048,93.24406234416304,91.41920738846169,91.5878867408204,1066500
2021-05-03,91.42687225341795,92.69967454690068,91.20451501480426,92.00193226195977,966900
2021-05-04,90.26141357421876,92.1169390015971,89.3949861446335,91.58788195873974,429300
2021-05-05,88.95794677734375,90.66779443877488,88.57457343933625,90.66779443877488,423800
2021-05-06,89.49467468261719,89.60968785619526,86.88006565918205,88.55157367905265,876200
2021-05-07,92.86835479736328,94.30983636927,90.02372547551973,90.72146187342234,1359900
2021-05-10,102.36067962646484,102.70571328528062,92.85301982453102,92.85301982453102,1401500
2021-05-11,102.19966888427734,102.51403785884072,99.73075511958685,100.85019881977932,767800
2021-05-12,107.29084777832033,109.69076841724534,103.05073995084004,103.05073995084004,1588300
2021-05-13,108.82434844970705,110.77189152884492,106.97649788043525,106.97649788043525,769200
2021-05-14,111.7763214111328,111.84532579907436,108.91635979229126,109.01602889722076,640400
2021-05-17,110.6185302734375,112.53539668706374,109.14637827172746,112.06768081415396,813100
2021-05-18,108.1266098022461,111.20892273886184,107.55921310116334,111.00190957868784,624800
2021-05-19,107.15283966064452,107.49787329815992,105.39699505661632,106.63912083152164,398100
2021-05-20,106.02572631835938,107.42887409832991,105.8723793275724,107.34453149845328,461200
2021-05-21,103.51846313476562,105.1669754859628,100.12178102119124,105.1669754859628,1182100
2021-05-24,101.2182159423828,103.10441775395114,100.32879876502012,103.10441775395114,773200
2021-05-25,100.1217803955078,101.60927078976076,99.81507471133808,101.60927078976076,417900
2021-05-26,99.53905487060548,100.36713094987871,98.2279129624431,99.97609437357606,610000
2021-05-27,100.82718658447266,101.96964332873988,99.75374593186464,100.85785130327903,1137300
2021-05-28,105.40467071533205,110.65689033654158,102.37602356352468,103.3574584122173,989100
2021-06-01,106.24041748046876,109.1387189777558,105.05963274808823,105.7650382855608,646700
2021-06-02,108.3719711303711,109.0313737321252,105.57335047503862,106.14841047541864,657400
2021-06-03,108.75535583496094,109.17706888592396,106.57779788042248,108.31064131754783,910500
2021-06-04,114.63629150390624,115.24202793072486,109.2153985795483,109.253738253336,1111500
2021-06-07,103.2347640991211,108.73233594194382,100.84251839670448,106.79246793588486,1999500
2021-06-08,102.77471923828124,103.39579387313458,101.94664312439504,102.6597119168042,1032600
2021-06-09,96.1423568725586,99.6770592094319,94.92323257167624,99.29368590478023,1786500
2021-06-10,96.11170196533205,100.4514854391512,95.8433417783154,97.31549410407511,957300
2021-06-11,95.84333038330078,96.90143864479988,95.30661007307936,96.55640499534503,388100
2021-06-14,93.55076599121094,96.2420426815663,93.46642338668906,95.720654694437,650500
2021-06-15,92.27029418945312,94.68554744136432,92.16295012046268,94.02614481767267,446900
2021-06-16,90.4377670288086,91.88691776139082,90.12340393725488,91.08950637558064,571600
2021-06-17,92.00192260742188,93.02936609010096,89.96237969972279,90.59111167575782,714600
2021-06-18,89.19564056396484,91.9022553439308,88.1758660998979,91.4192070529683,1017800
2021-06-21,89.3873291015625,89.9853905742743,88.14519737759825,89.9853905742743,378100
2021-06-22,89.52534484863281,89.7707035545805,87.86916919612615,88.90427605403633,295400
2021-06-23,89.34899139404297,91.4652139092826,89.14197236039954,89.81670734577733,299300
2021-06-24,90.50677490234376,91.22751862237212,88.88893900939455,89.4256593223012,509300
2021-06-25,91.64923858642578,91.84859438045004,90.28443030002612,90.55279049401254,261100
2021-06-28,94.8542251586914,94.96923832347326,90.18474097693633,90.3994290979624,779300
2021-06-29,93.53543090820312,96.64075746988358,93.32841186733728,94.677887734986,418300
2021-06-30,92.8606948852539,93.98781348940489,91.47288520657686,93.98781348940489,504900
2021-07-01,92.74567413330078,94.11815133953714,92.36230080808882,93.12904745851274,359200
2021-07-02,92.92203521728516,93.37441296613493,91.0818419520273,92.88369554204124,532700
2021-07-06,91.49588012695312,93.00637197957704,91.44220809487165,92.4389752406439,357100
2021-07-07,91.60323333740234,91.96360523870833,90.3917720925309,91.09717768455224,266800
2021-07-08,90.71379852294922,91.6415613107681,89.80903719973374,90.00072387117928,341300
2021-07-09,91.54955291748048,92.63833177718936,90.9438223505068,92.43897600645822,286000
2021-07-12,92.42364501953124,92.58466111950068,90.62945475593388,90.89782077236244,172900
2021-07-13,91.66456604003906,92.83001839564191,91.51121319731972,92.76101400377782,313300
2021-07-14,91.0435028076172,92.68434030083736,90.50678244995196,92.30096694541558,213700
2021-07-15,90.92848205566406,91.4115361871321,90.08506191396516,90.62178807672822,277700
2021-07-16,91.08950805664062,92.91436305176674,90.10040413602196,91.71057099640537,429500
2021-07-19,89.44866943359375,90.8901510689288,88.81993154764604,89.64035610131552,401800
2021-07-20,90.52210235595705,90.867141838253,89.51766617488542,89.51766617488542,360300
2021-07-21,93.4280776977539,94.07981117725842,90.56811598245834,91.21218035755098,301200
2021-07-22,93.9188003540039,94.50152947594113,92.82235235408362,93.42808294073455,515500
2021-07-23,91.35785675048828,94.44017544752109,90.66778365419373,93.926456639651,397500
2021-07-26,92.88369750976562,92.8913666149395,91.05117331069748,91.84859060419612,223900
2021-07-27,93.10604095458984,93.2670570404846,91.95592104121674,92.68432797976142,404400
2021-07-28,94.22550964355467,95.39096800423783,93.0830585997042,93.75779364812198,301500
2021-07-29,92.53865814208984,94.70088353310206,91.71057032855846,94.24083669774448,716300
2021-07-30,77.41072845458984,91.10482185775992,76.22993810422581,91.10482185775992,2286300
2021-08-02,79.73399353027344,84.93253560075141,79.2969481132814,82.59396150449396,1391000
2021-08-03,77.5257568359375,81.57417834703291,77.44141423363861,79.84132922227319,688600
2021-08-04,77.21139526367188,79.00558569775379,76.33730443803131,77.58710538244682,816100
2021-08-05,78.21582794189453,78.28483233295859,76.44463919035147,76.52898179041603,481900
2021-08-06,78.59920501708984,79.7416559499638,77.57176140813947,78.36150956475075,729800
2021-08-09,78.40751647949219,79.73398494891158,78.00880493332899,79.07458234163721,607200
2021-08-10,80.9837875366211,81.94988415454807,79.74165579238397,79.74165579238397,403200
2021-08-11,80.19403076171875,82.04189302945112,79.82599563897713,81.83487400413556,715400
2021-08-12,79.35828399658203,80.51607315950399,78.62987696649034,80.12503070186301,710500
2021-08-13,76.92768859863281,82.43292947906991,76.59031821911128,79.29693280987522,2351800
2021-08-16,77.11937713623047,78.3615029279071,76.06126304724665,76.68233179289749,884600
2021-08-17,74.22108459472656,77.39541553722577,72.61091180810861,76.48298507145068,613200
2021-08-18,70.87039184570312,74.8651411198915,70.80138160651556,73.92204603289134,964700
2021-08-19,70.77072143554688,71.82116065115738,67.9874272223588,70.79372290014959,1048600
2021-08-20,72.4192123413086,72.45755201033947,70.97773087285539,71.26142921417217,457500
2021-08-23,76.67466735839844,76.74367175111082,71.89783300805256,72.54190325576579,675200
2021-08-24,79.235595703125,79.59596756323076,76.50597951139866,77.08103949672164,823800
2021-08-25,80.4240493774414,80.53906253593293,78.30782715055912,79.71864391841807,333000
2021-08-26,78.70654296875,80.64641101233121,77.94746544078617,80.0790201424258,326600
2021-08-27,79.51162719726562,80.9147750048182,78.62987320818851,79.81065793004728,222400
2021-08-30,79.26626586914062,79.8873346280135,78.37684280491933,78.99023660959993,181000
2021-08-31,81.7582015991211,82.15691317405647,79.235604158987,79.78766273978165,550500
2021-09-01,80.52374267578125,84.24246916539255,80.46240738044764,82.34093461452491,340400
2021-09-02,80.33970642089844,81.04511187672895,79.8643272810098,79.8796596388269,262000
2021-09-03,80.2093734741211,81.58185078140393,79.39662383677438,80.05602647267146,275800
2021-09-07,80.57740783691406,81.9728924457271,80.45473140690544,80.49307108180298,305800
2021-09-08,79.71098327636719,81.21380605070318,79.08992034432057,80.76142832237612,281300
2021-09-09,79.88734436035156,80.89178071338316,79.21260348824563,79.35828724014367,376300
2021-09-10,80.48540496826172,81.97289549241351,80.17870510712142,80.37039178910744,323500
2021-09-13,82.31792449951172,82.84698158365151,80.73075909690532,80.93777812776139,287600
2021-09-14,82.41020202636719,82.77467832987999,80.69639307950898,81.2237193644222,255900
2021-09-15,81.97593688964844,82.9452862605644,81.6579933725363,82.681626071566,345100
2021-09-16,81.90614318847656,82.50325977304023,81.13841425861628,82.2318431436931,304100
2021-09-17,83.17017364501953,83.51138650708005,81.58043835562543,81.99144744694327,594200
2021-09-20,81.60369873046875,81.98368197458205,79.88213353977835,81.09963594419048,489500
2021-09-21,81.27025604248047,82.44898230935577,80.96781950307039,82.43347532219285,193900
2021-09-22,82.2861328125,83.20895533985376,81.57269306995319,81.57269306995319,199100
2021-09-23,84.39543914794922,84.7211391324489,81.93717044386845,82.84448007916296,359600
2021-09-24,85.00807189941406,85.79905845112397,83.81383266138965,84.24809932378415,413800
2021-09-27,88.5985336303711,89.38952012388168,85.38029249464529,86.24883167196832,1229900
2021-09-28,88.39690399169922,89.00953348895285,87.49735087426524,88.59853031247053,1163900
2021-09-29,87.70672607421875,89.80052417399597,86.34963701408934,88.64505551439272,469800
2021-09-30,86.03170013427734,88.99403167408168,85.90762057076506,88.45894891020366,479000
2021-10-01,87.85406494140625,88.53648470683362,85.15539393385352,85.8843464880508,292100
2021-10-04,85.75251770019531,88.24956243794871,85.56639837518264,87.61366953525189,214700
2021-10-05,87.69121551513672,88.35037184848248,86.23331039770909,86.26433028493506,324300
2021-10-06,89.28096008300781,89.38177621285998,86.36516118189057,87.15614773402227,255900
2021-10-07,97.44674682617188,98.38507621506446,91.7935011403916,92.39837414179026,1092400
2021-10-08,98.43936920166016,99.16831590535963,97.19859727382294,97.71041658152166,566600
2021-10-11,99.87399291992188,99.92053162642743,97.71816691715208,98.34630337688786,454400
2021-10-12,100.6882553100586,101.03721871803224,99.74993174268228,100.0368553707907,712800
2021-10-13,100.6882553100586,101.1690606457947,99.64911562129151,100.43234565544375,527400
2021-10-14,100.23846435546876,101.02170613322484,99.4164580734836,101.02170613322484,552100
2021-10-15,104.1158676147461,104.41055359486394,101.17680567980992,101.649848621794,432000
2021-10-18,102.75102996826172,104.30973944605748,102.36329023253242,103.17754604413948,372800
2021-10-19,102.92938232421876,104.44156485927051,102.6889855920922,103.61955854959506,254000
2021-10-20,102.06085968017578,102.75878651215,101.30864360224352,102.2314661205034,350300
2021-10-21,102.94489288330078,103.09998640054204,101.10701044659407,101.10701044659407,199600
2021-10-22,101.19232177734376,103.23958713471468,100.8123325716607,103.03020436155236,296400
2021-10-25,101.96004486083984,102.12290076791903,100.56417934615584,102.12290076791903,293000
2021-10-26,99.98255920410156,102.25472013195753,99.64135818778186,102.14615348292914,849200
2021-10-27,100.8355941772461,101.61882417931211,98.9511788352204,99.40095242972012,345900
2021-10-28,101.14576721191406,102.61143456139528,100.21519434679384,100.71150066371636,268500
2021-10-29,100.54867553710938,101.30864213939996,99.8584992504328,100.9596787284517,474400
2021-11-01,104.13137817382812,104.5501436975066,100.447850836755,100.87436689499154,275200
2021-11-02,102.5571517944336,104.25545359264515,101.32414237456484,103.7358838087925,491900
2021-11-03,100.99068450927734,103.41018841684976,100.77355121195224,101.97554671470868,533700
2021-11-04,99.02873229980467,102.66573314048358,98.27652213549938,100.61846768177644,498600
2021-11-05,99.0209732055664,101.6343351745666,97.9585642254812,100.80457831329862,447600
2021-11-08,98.57119750976562,99.73441673370296,97.89652822996396,99.21484690028964,404000
2021-11-09,96.7410659790039,99.16831464278754,96.44638590393578,97.687151899537,338500
2021-11-10,97.5553207397461,98.1679443211559,96.89615845001951,96.9194278041779,662300
2021-11-11,98.9589385986328,99.39320522155585,97.47776992675904,98.20672254361328,254500
2021-11-12,99.43972778320312,99.470753587996,98.5013983471362,98.6487413377086,178400
2021-11-15,97.95857238769533,100.16093729335358,97.76470250837224,98.91241479719798,313300
2021-11-16,96.85738372802734,99.2303489331409,96.71779719146544,97.73367336973118,257200
2021-11-17,93.7709732055664,95.89579114778648,92.84815668785518,95.89579114778648,261400
2021-11-18,93.36772918701172,94.67828546554672,93.15834641731922,93.2746695208774,635000
2021-11-19,93.32896423339844,93.9881206787286,92.21227768574202,92.98775724882208,430300
2021-11-22,91.52983856201172,94.09667364895644,91.1963821617626,94.09667364895644,279900
2021-11-23,93.4142608642578,93.91056727627812,91.30495565495193,92.2587980534392,295800
2021-11-24,94.49993133544922,94.79461141238832,92.26655252918684,93.181618566085,277700
2021-11-26,90.56049346923828,93.09631470280624,88.08671201452363,93.08855825133983,266700
2021-11-29,91.87881469726562,92.70857753404336,89.45931650275115,91.708208258901,311700
2021-11-30,91.50657653808594,93.01100858798944,89.4515547800022,90.8861906017607,689400
2021-12-01,87.72225189208984,93.05754925265724,87.41981533033388,92.8869427990637,690500
2021-12-02,89.32747650146484,90.15723924623606,87.63693112507394,88.815657243123,418000
2021-12-03,88.16426086425781,91.61514206194424,87.52061149861872,89.62991655643823,241100
2021-12-06,89.26544189453125,90.32009444266916,88.807905932582,88.97076182707225,483900
2021-12-07,90.15724182128906,91.20413788746224,89.72296930944553,89.8625558460312,685400
2021-12-08,89.17237854003906,91.40576309850798,88.77688828817566,90.18826062267983,279600
2021-12-09,88.8466796875,90.0254058394797,87.95487714336056,88.10997658206752,376600
2021-12-10,87.14063262939453,89.18014156304882,86.70636009077856,89.18014156304882,581400
2021-12-13,85.54313659667969,88.01691794586345,85.05458667103908,86.68309233961313,425900
2021-12-14,84.74440002441406,86.1325090592236,84.06973663629375,85.51212308378231,607100
2021-12-15,84.51174926757812,85.25620879616096,83.79055317482002,84.67459923478953,1420600
2021-12-16,88.95525360107422,89.78501643749503,84.90724962503359,85.26396948853383,805000
2021-12-17,90.63029479980467,90.7233485568823,87.97039977528273,88.62955619248604,469200
2021-12-20,89.53685760498047,90.4209037147162,88.38139486794674,88.76137814616398,314100
2021-12-21,91.86328887939452,92.97222465642685,90.4208967241934,90.552726802055,197000
2021-12-22,92.06492614746094,92.55347609702844,90.46744028875284,91.61514662259238,168500
2021-12-23,92.97223663330078,93.7244526937305,92.41389044756166,92.41389044756166,143500
2021-12-27,95.2288818359375,95.32193558635736,92.70081709244438,92.99549716283876,186400
2021-12-28,95.25989532470705,95.7019243027122,93.93382614000808,94.86440505455322,289400
2021-12-29,94.43013763427734,95.92681333006604,94.0811742202266,95.26765692772616,181100
2021-12-30,97.01248168945312,97.29165477535167,94.8799131211075,95.03501256685053,231400
2021-12-31,94.66278076171876,97.0279955641512,94.57747754481537,96.92717944429866,114600
2022-01-03,96.30680084228516,96.84963412483036,93.96484944287222,94.55421551852064,183400
2022-01-04,99.66462707519533,100.1764345441044,96.8263693102433,96.8263693102433,269500
2022-01-05,100.34703826904295,101.8204563556642,99.92053402861238,100.42459094887268,425600
2022-01-06,102.4098129272461,103.7048621717734,100.40132401804446,101.23884323297796,229700
2022-01-07,104.00730895996094,105.27134435829804,102.46411229526451,102.84408968528362,505900
2022-01-10,102.3477783203125,104.6432027845088,101.69637839787435,104.55014903355416,255000
2022-01-11,107.08596801757812,107.72961746280929,102.36330040687896,102.36330040687896,316700
2022-01-12,111.47516632080078,111.54495662851988,107.28758219737884,107.64429610319436,412400
2022-01-13,112.63838958740234,114.01874205533724,110.4825576730826,111.63802630803188,518600
2022-01-14,112.46003723144533,113.1657145635554,111.37435886233833,111.62251797512086,247400
2022-01-18,110.56785583496094,113.03387468204043,110.30419567512416,112.2118683996806,311900
2022-01-19,110.44377899169922,111.66903791094512,110.04052637492634,110.893558481008,403600
2022-01-20,109.1487274169922,112.35146118029554,108.96260809797305,110.39724974566326,374600
2022-01-21,106.465576171875,108.8385533998438,105.84520203337988,108.62142008479488,378500
2022-01-24,106.6749496459961,106.86106897103558,102.15390310047752,104.3019844579092,326000
2022-01-25,107.09371948242188,108.00877957674732,103.47998231427924,104.7905445111332,280700
2022-01-26,105.37216186523438,108.45856706802248,103.91425656864568,108.0630767692766,205400
2022-01-27,105.65133666992188,107.82266991316264,104.49586789679262,106.97740005540972,348500
2022-01-28,108.2491683959961,108.40426191198524,104.69747126532404,105.58151732262657,196300
2022-01-31,111.06417083740234,111.85516321141375,107.79164652155652,108.13285938222332,298200
2022-02-01,107.10922241210938,111.29681872029688,106.00804296612614,110.11808659285768,603000
2022-02-02,107.28758239746094,108.53610473589735,103.47997560866,107.09371254262842,617100
2022-02-03,103.8754653930664,106.25619287965657,103.487725685117,106.17864020491594,478600
2022-02-04,104.87584686279295,106.1863972159812,102.98367507932836,103.87547172885556,692600
2022-02-07,104.68972778320312,105.953763097773,104.5036084517526,104.90686108678992,242700
2022-02-08,112.66940307617188,118.82671174735326,102.9293831645597,104.68972481351857,1133800
2022-02-09,116.94229888916016,119.22996081132234,112.89429537059438,112.89429537059438,669900
2022-02-10,119.951171875,122.26210946832975,116.18235259766026,116.32193323776367,843600
2022-02-11,119.28425598144533,122.94450813917057,118.36918406735587,119.19119040007236,526000
2022-02-14,118.60958862304688,121.45559700324476,118.09776930683604,119.59445091341408,563300
2022-02-15,123.44860076904295,124.3559104910326,120.21485222157844,120.21485222157844,325800
2022-02-16,122.59554290771484,124.69709741506016,122.23882898858942,123.09184928036387,359900
2022-02-17,120.04421997070312,121.72700893965292,118.67161804535728,120.98254346897532,686800
2022-02-18,119.36180114746094,121.28498696086096,118.4079646922292,119.1679312758273,293800
2022-02-22,117.53165435791016,120.80417832763302,117.08187489213708,119.5711689384434,290500
2022-02-23,116.42273712158205,119.36179911913824,116.18234037810186,118.1753164715325,265500
2022-02-24,112.59186553955078,112.93307839778376,110.17237339262974,110.89356361608598,532700
2022-02-25,117.0818862915039,117.31453249753773,114.22036517290653,114.274654415228,133800
2022-02-28,117.29126739501952,117.45412328679438,113.50692387370408,114.77870970470524,296100
2022-03-01,116.438232421875,118.625090108164,115.36031648063474,116.9888280271426,219500
2022-03-02,118.26837921142578,119.043858743727,115.36033096529611,117.03536959495769,577500
2022-03-03,120.97479248046876,121.35478166540344,118.31490368455744,118.31490368455744,451600
2022-03-04,120.07523345947266,122.23106535262696,118.36143052619909,119.11364652843751,768200
2022-03-07,114.70116424560548,118.79569465062278,113.92568482294496,117.88062277878736,784500
2022-03-08,118.71814727783205,121.3160081929307,115.49991226319707,115.54643913737456,1405900
2022-03-09,125.68971252441406,126.72885216280572,120.07523696400835,121.32375937018496,656900
2022-03-10,124.47219848632812,125.51134991081337,123.05306971590328,123.69671905983654,617000
2022-03-11,125.3329849243164,127.16311689965832,124.34037217493206,125.74398808619225,292700
2022-03-14,126.55049896240234,128.96224063239026,125.03055396639311,126.53498605950732,542900
2022-03-15,127.72147369384766,127.75249950084492,124.15427502625256,126.70559742293602,383700
2022-03-16,130.1409454345703,131.66862881192247,127.15534531317118,127.95408806781296,338300
2022-03-17,130.78460693359375,132.70780452491414,129.5205834530202,130.2727994800936,574300
2022-03-18,130.16424560546875,131.04829180831948,128.4194166393519,130.76911870042562,1001000
2022-03-21,131.0017547607422,133.0722955731085,129.35774190052268,130.69156767375398,329300
2022-03-22,135.6623992919922,136.25175951153733,131.2033917177227,132.52170463397434,405800
2022-03-23,137.97329711914062,138.86510555272437,133.97182046820205,135.23585571053823,834500
2022-03-24,135.44525146484375,138.33003613347574,134.7162988461312,137.7018996356552,595000
2022-03-25,136.94969177246094,139.1055239513645,135.81748643531824,135.9570789058958,493600
2022-03-28,137.74842834472656,137.9035218792467,134.25877057007182,136.39908974535726,238700
2022-03-29,137.2676239013672,139.57079899430994,136.77907985608238,138.98918936140274,432200
2022-03-30,134.157958984375,141.22257799149162,133.94857619760955,137.73292009883446,664700
2022-03-31,133.2816619873047,135.95707581108522,132.529445902485,134.4216178340777,433400
2022-04-01,132.21925354003906,136.9574337149943,131.56009123791992,136.17420368699788,515100
2022-04-04,131.3584442138672,133.64610588783276,131.11804751303657,132.5759524508166,323800
2022-04-05,130.00137329101562,132.366587957646,129.69118624711012,131.3972386543448,299700
2022-04-06,125.72071075439452,128.6520218048324,124.54974117413131,128.4814153980555,482900
2022-04-07,123.32449340820312,126.04642196095284,121.65721735871615,125.99214455368396,825900
2022-04-08,113.44488525390624,123.71998812218114,113.01838101624216,123.38653763340702,2212100
2022-04-11,115.03461456298828,116.39946591807796,112.26615918090648,113.87139543056064,774700
2022-04-12,112.28167724609376,116.8027243784394,112.05679338624888,115.3913577705469,701600
2022-04-13,112.13433074951172,113.49917029181148,110.75397830534574,112.06452860755228,286800
2022-04-14,112.29717254638672,113.56120778333631,111.78535329098514,112.01799948279285,187100
2022-04-18,110.3507308959961,112.4988123400978,109.27281490651504,111.18825014314994,272300
2022-04-19,113.2742919921875,113.35958337442248,111.00988152426628,111.35885675246736,983100
2022-04-20,117.61695861816406,118.37692511334096,113.86364117992132,114.21260454168484,1117800
2022-04-21,119.29975128173828,120.58704996043468,117.49288281093897,118.55529766402064,1778500
2022-04-22,114.09630584716795,120.18381299454263,114.08854347890652,119.47037325431816,391600
2022-04-25,108.44304656982422,112.79348688287403,106.79128334013204,112.7159460353683,515300
2022-04-26,105.48847198486328,108.07857059017728,104.1003689317737,106.79128365530816,549300
2022-04-27,107.31085968017578,107.8847069514847,104.4415759921176,105.48847807645,459600
2022-04-28,107.7063446044922,108.28020368006425,104.49586002760844,108.08633380988314,244600
2022-04-29,107.7063446044922,108.95486704177354,107.33411776695029,108.19490046386944,567300
2022-05-02,107.10147094726562,108.45856003081796,105.63581521034422,107.97776654202316,212600
2022-05-03,109.05567169189452,109.71482208146368,107.0704463232778,107.3883838839516,729900
2022-05-04,110.82376861572266,111.02538900847746,107.39615094162846,109.48218067689092,466600
2022-05-05,102.98367309570312,109.68381505536745,102.3943011419829,109.68381505536745,838200
2022-05-06,102.99919128417967,106.16313718254018,99.81197011492964,100.81233344806336,556400
2022-05-09,97.60960388183594,102.6657274677067,97.41573401262184,102.00656517922764,286300
2022-05-10,98.19895935058594,100.2229670786016,95.8647704961809,97.97406960302864,282900
2022-05-11,96.54719543457033,99.85073376550754,96.50066855894664,97.81898131075476,344100
2022-05-12,93.60037231445312,96.53944029899996,92.13471654794104,94.60849802059242,734300
2022-05-13,102.31676483154295,103.3946808390844,94.91868985727427,95.03501296295669,606100
2022-05-16,102.82080841064452,105.03092938230492,102.44858162052192,102.99141482129995,439900
2022-05-17,108.60591888427734,109.645058694395,104.06160801614796,104.30200479565045,785800
2022-05-18,102.43307495117188,108.80751680508142,102.04533523661718,107.1635042018901,336600
2022-05-19,106.69046783447266,107.7700120163058,100.75700143632989,101.30076962462591,364200
2022-05-20,107.28221893310548,109.8811098246914,105.379027237145,108.28978454764832,506300
2022-05-23,110.96863555908205,111.93621570374025,107.11427496467596,108.53766640197524,360200
2022-05-24,110.61679077148438,111.37646410529663,108.12185950192878,109.86510963211222,338300
2022-05-25,111.32847595214844,112.08814921374632,109.84910259917694,109.84910259917694,405700
2022-05-26,112.49598693847656,114.7350338757634,111.92823605977858,112.54397671294292,576400
2022-05-27,113.87939453125,115.86254462344664,112.15212886942244,112.15212886942244,339500
2022-05-31,112.25608825683594,115.6386410221892,111.9602062510172,114.00734270044713,1748100
2022-06-01,110.05702209472656,113.67147034799208,109.48126690004626,112.37602726087265,385600
2022-06-02,114.54312133789062,114.57510231841655,110.5768086523584,110.86468628438756,174300
2022-06-03,112.0561752319336,113.07973737074532,111.20853897965104,112.80785634677228,176800
2022-06-06,109.38530731201172,112.83983872471056,109.0574565210716,112.83983872471056,288000
2022-06-07,108.7136001586914,109.6491993935597,107.69003797686165,108.25780103485368,199700
2022-06-08,108.0099105834961,109.22538306852022,107.18625086541849,108.18582427852483,174800
2022-06-09,105.12313842773438,107.87395411554272,105.07514865603976,107.87395411554272,192400
2022-06-10,100.5810775756836,103.87566775309644,100.51710341084338,102.92408408088713,203900
2022-06-13,99.0617218017578,100.39715652463758,96.17495328306578,97.63833023095027,334800
2022-06-14,98.46996307373048,99.54150880892,97.79825275389824,99.00573289086964,315100
2022-06-15,101.80455780029295,103.63578324798308,98.92578739916284,99.49354440347892,244800
2022-06-16,97.98218536376952,100.7969875717314,96.89464897899956,99.06172345280842,204800
2022-06-17,99.87738037109376,100.70902621382729,97.91022055307316,99.05373282421778,580500
2022-06-21,101.1888198852539,105.7708672491836,100.39715942374788,102.46028048189056,308500
2022-06-22,99.66146087646484,100.56507910562712,98.61390993920062,98.7178633731337,240500
2022-06-23,99.0537338256836,99.9973314163144,98.41400437067848,99.84539429804543,333900
2022-06-24,99.88536834716795,101.50867448654547,98.9417708635662,99.14168553296564,273100
2022-06-27,99.59749603271484,100.58107284196566,98.70187606983954,99.98932709732384,252400
2022-06-28,98.9417724609375,103.14797888126404,97.9501912920514,100.80497257312794,297600
2022-06-29,98.11812591552734,99.47754944734612,97.5423767418726,99.25364597410616,136700
2022-06-30,95.88707733154295,97.26248516627462,94.54365047590431,96.90264119281728,357900
2022-07-01,97.95018768310548,97.95018768310548,95.0394306449758,95.58319877852264,322700
2022-07-05,96.44684600830078,96.77470293584538,93.72800493430208,95.9750441553112,382700
2022-07-06,93.53607940673828,97.12654527267604,92.12867838209552,95.63917959796632,436500
2022-07-07,98.30204010009766,100.2372126084785,95.07141835587989,95.07141835587989,435600
2022-07-08,98.2620620727539,101.15682885773842,97.83824392404132,98.70987510801696,547400
2022-07-11,96.27091217041016,98.39000898445398,95.90306989377382,97.59834856519124,152900
2022-07-12,95.75112915039062,97.75827415625068,95.64717571775918,96.18294557202456,190700
2022-07-13,94.44770050048828,94.93549285214245,93.26420280280789,94.34374705375846,231900
2022-07-14,91.9847412109375,93.72799745747628,90.52936259049956,92.44854473086797,202000
2022-07-15,92.72042846679688,93.64803553367628,90.63331866723024,93.52008720683276,425300
2022-07-18,95.6231918334961,96.99860581712784,94.00787779191484,94.16781319751848,274000
2022-07-19,101.3247528076172,101.37273037716574,98.36601806783042,98.47796979738484,244700
2022-07-20,100.54908752441406,102.18839036979692,100.373161626754,100.96491348268545,455600
2022-07-21,100.38916015625,100.81297831738934,99.301623768728,99.81340488039577,165200
2022-07-22,100.23722076416016,101.5326701053998,99.33360859397624,100.2852044366659,229000
2022-07-25,104.35546112060548,104.59536117274168,100.57307275727354,101.14882800167103,290000
2022-07-26,103.56380462646484,104.65934545676252,102.5962243317503,103.3958831150035,242500
2022-07-27,102.2123794555664,103.86767279608772,100.53309732909597,103.19596238586436,518500
2022-07-28,104.82725524902344,105.01917772820504,102.6681792159794,103.3558861807677,274200
2022-07-29,103.475830078125,106.02674326317366,103.37987493946996,105.34704069466156,369800
2022-08-01,103.93163299560548,105.1950950937454,102.61220113837864,102.8440967720054,569400
2022-08-02,103.2039566040039,105.60293286054262,102.75614965507522,104.46741889666654,311900
2022-08-03,104.35546112060548,104.69930850726934,101.83653497682228,104.59536117274168,370000
2022-08-04,103.89166259765624,106.62649403900704,103.1479858223155,105.9547836222172,429400
2022-08-05,105.27507019042967,105.67489956783628,103.0920052063004,103.0920052063004,523800
2022-08-08,110.4168701171875,111.03261070680615,106.5145319206974,106.5145319206974,539300
2022-08-09,109.18540954589844,111.3125049283654,107.99392571728347,110.36090898348148,250000
2022-08-10,113.39161682128906,113.9193945416269,108.95350817631112,110.46486277413338,466600
2022-08-11,113.4315948486328,114.99092691963509,112.63193612485485,114.51112680463878,401700
2022-08-12,110.85669708251952,111.56839288621865,108.7216096714222,111.05661177121956,410700
2022-08-15,108.99348449707033,110.49683457302623,108.51368439085284,108.92951033611976,250700
2022-08-16,110.58480072021484,110.83270517675824,108.44172117454086,108.44172117454086,173100
2022-08-17,109.62521362304688,110.60880265752732,109.0814515372934,109.76115414448525,333800
2022-08-18,108.00189971923828,109.39331021961311,107.33018935429448,108.83355158215996,204200
2022-08-19,105.85082244873048,106.75444072046108,105.2590827962263,106.75444072046108,86600
2022-08-22,105.37103271484376,106.06673189510155,102.38030471608744,103.6277703642009,211100
2022-08-23,105.58692932128906,106.67446564076556,104.77128623304924,105.68289666247637,178000
2022-08-24,104.23551940917967,106.29063598205347,104.05158911760232,105.37902552603413,204700
2022-08-25,106.7224578857422,106.8264052218544,104.49939542376067,105.16311362399826,132900
2022-08-26,104.65933227539062,107.49811083694834,104.1635355949762,106.82640047205248,267500
2022-08-29,103.50782775878906,104.29948209075616,102.36430943220212,102.8361173553552,209100
2022-08-30,102.500244140625,104.18752445000176,101.82054158109888,103.8036916986327,203400
2022-08-31,103.06800842285156,104.9871844047665,102.8121239861138,103.08400501321746,494900
2022-09-01,101.12483978271484,102.93207017643198,98.92577832916616,102.78812526361509,289700
2022-09-02,101.43670654296876,103.6037809234974,100.93292375001214,102.09242644371577,201500
2022-09-06,101.09285736083984,102.86810075584062,100.8209763152188,101.86852732180073,156400
2022-09-07,101.98847198486328,102.20437715084822,99.50953121913112,100.74100635714646,165200
2022-09-08,103.45985412597656,103.55580927245606,101.63662703100805,101.65262362269604,120200
2022-09-09,104.63534545898438,106.1147067284121,104.55537470849708,105.16311092600095,226000
2022-09-12,105.2190933227539,106.218666698823,104.44342340677844,105.6349192637092,423600
2022-09-13,101.74058532714844,103.71573731255744,101.39673182101669,103.02003810546006,201200
2022-09-14,102.02045440673828,102.97205017468757,101.45269748412755,102.3643017773698,117600
2022-09-15,102.03644561767578,104.29947502918944,101.25278353339392,101.37272745380638,413500
2022-09-16,103.3398895263672,103.7797042480797,100.41314188114464,101.19681008503832,485500
2022-09-19,104.0436019897461,104.52340212757372,102.14840852788112,102.30034564492068,433700
2022-09-20,104.78727722167967,105.36303249777332,103.18795972182495,103.18795972182495,211200
2022-09-21,104.93921661376952,106.35461604836767,103.9556397465248,104.68333215318832,368900
2022-09-22,103.1639633178711,105.09114369133133,102.99604182580718,105.09114369133133,448900
2022-09-23,98.30204010009766,101.54066013923428,97.99017370828882,101.19680666866154,602600
2022-09-26,94.67959594726562,98.54994131679308,94.62362007955468,97.55836618837968,279600
2022-09-27,95.88707733154295,96.71871700801822,94.85551687981048,95.01544617892225,370000
2022-09-28,100.38916015625,101.2607852648706,95.54323008599692,95.75113696823487,409200
2022-09-29,97.99818420410156,99.09371280883084,97.32646766825276,98.78984467410888,227500
2022-09-30,98.19808959960938,100.15725095028829,97.6303265607496,98.30204303301002,287400
2022-10-03,101.0768585205078,101.79655255374624,98.27805313640069,99.38957821515888,211200
2022-10-04,106.7624282836914,106.81041805506096,102.8201167628841,103.92364966973976,356600
2022-10-05,104.44342041015624,105.77884893805049,104.355457467513,105.02716782852151,247800
2022-10-06,103.72373962402344,104.65933887739465,102.76413938298472,103.70774303285307,190000
2022-10-07,104.49939727783205,105.94678983279589,102.9720583725582,103.21995062727402,281500
2022-10-10,102.23636627197266,105.22708818061729,101.95648693977134,104.85925200193432,162000
2022-10-11,102.23636627197266,103.47583362912472,100.74100836810626,101.78855934045056,247200
2022-10-12,103.45985412597656,104.3794568179366,101.3807364722091,102.3403306433892,312800
2022-10-13,104.29148864746094,105.25908106606504,101.35674261352102,102.25236257495496,554200
2022-10-14,102.28435516357422,105.77086785354848,100.89294452520454,105.01918666506684,313300
2022-10-17,104.17953491210938,105.5869298375626,103.61977626004408,104.07557537607458,329100
2022-10-18,106.59451293945312,106.77043883915344,104.93122128890188,105.83483957356036,290700
2022-10-19,105.61892700195312,106.27464081858056,104.29948277037072,105.73087873658824,187100
2022-10-20,105.61892700195312,106.61850041898953,105.2111054404589,105.55495283904392,583900
2022-10-21,106.4745635986328,107.2342492148084,104.8272684343834,105.95479026297834,818000
2022-10-24,107.54610443115234,107.71402592743505,104.57137305019415,106.55452323689175,351800
2022-10-25,110.18496704101562,111.68033710911236,107.09828396710992,107.13027714817076,373000
2022-10-26,112.00819396972656,112.63991894010604,109.99305073709291,109.99305073709291,484200
2022-10-27,114.4151611328125,114.54310944527968,111.76028855732054,112.22409203864706,341700
2022-10-28,115.10287475585938,115.48670751376672,113.60751689760644,114.711037601818,246400
2022-10-31,117.03804779052734,117.3659107858822,114.12729061133508,114.35119407113268,369600
2022-11-01,121.76405334472656,121.85201630401586,118.3814877117315,118.3814877117315,435200
2022-11-02,115.27080535888672,121.24425727148729,115.06289847396944,121.09232015481436,411900
2022-11-03,115.55068969726562,116.27037769354314,113.319647147346,113.67148674879496,210900
2022-11-04,122.06790161132812,123.93911233372464,117.66178635268284,117.95765618148968,479100
2022-11-07,122.79559326171876,124.14701847470135,121.2602499563954,122.37976730345704,418000
2022-11-08,123.18742370605467,124.18699706913236,121.6041029154502,122.65165384766388,324600
2022-11-09,121.54812622070312,121.7080555253656,119.6929121215117,121.7080555253656,294700
2022-11-10,123.93109893798828,125.11460257092423,121.83599709880612,125.00265084368144,431700
2022-11-11,125.5304183959961,125.9142633545157,123.77916390344834,124.50685624359048,300900
2022-11-14,125.0506362915039,126.5140132338406,124.53085079512182,125.53842860561612,154300
2022-11-15,125.54641723632812,127.10574927756112,123.81915149750532,126.8338682451048,328400
2022-11-16,124.6108169555664,125.94624552324484,123.9630953594529,125.5464161723774,222700
2022-11-17,121.31622314453124,124.31494318051426,119.80486873446873,122.63565507963456,332800
2022-11-18,120.86042022705078,122.45973769052998,119.78087605847274,121.59610479603234,203300
2022-11-21,120.0767593383789,120.7564619463498,118.75731509615764,120.7564619463498,204500
2022-11-22,122.60367584228516,123.17142667747208,120.12472902994377,120.91639552334075,215600
2022-11-23,123.0834732055664,124.3309389019548,121.93996705115178,122.57968428901565,231300
2022-11-25,122.73162078857422,123.93911330291286,118.70134608183844,121.82801470379906,192300
2022-11-28,118.06161499023438,122.33979409752142,117.9976408273006,122.33979409752142,437200
2022-11-29,117.4938507080078,120.02877960603392,117.22196966971266,118.54940608278731,309700
2022-11-30,122.78758239746094,122.81157117969168,116.98205306117973,118.5653858993412,642900
2022-12-01,120.92438507080078,123.35534205914554,119.10116427908645,122.7076204886448,295000
2022-12-02,119.98078918457033,120.93238501528462,118.21355024337838,119.38904953992856,207100
2022-12-05,119.20513153076172,119.2451047053978,116.98206905819714,118.59738309294922,553100
2022-12-06,118.58139038085938,119.92482342254698,116.59024790736004,119.73290093035614,395500
2022-12-07,115.63065338134766,118.11759243675756,110.39288643421222,117.86169579481866,1489600
2022-12-08,116.11844635009766,118.7333215397784,115.35876081608713,117.58981544428644,414700
2022-12-09,118.1735610961914,118.67734997915878,114.86297458345588,115.95051089788134,392900
2022-12-12,111.28050994873048,118.1095900208112,110.88867278487572,117.38990205648274,415400
2022-12-13,110.76073455810548,114.82300267361224,110.40889494020392,114.82300267361224,341300
2022-12-14,108.5776596069336,112.69589711833004,108.46570787463806,110.63278836628731,491500
2022-12-15,107.0822982788086,108.01789748339672,105.76285411708947,107.95392332387487,546500
2022-12-16,106.97035217285156,107.70603674328794,105.61093476657076,106.42657788924488,866000
2022-12-19,107.38616180419922,108.27378345216516,106.15469277098784,106.90637390372952,358300
2022-12-20,108.3057861328125,109.68120019807908,107.69803765635896,108.61765256610988,392300
2022-12-21,108.74559783935548,109.54525658960696,108.06588302091204,109.06545645872636,344100
2022-12-22,106.67447662353516,108.40174252085774,105.26708156006382,107.76201305497996,357600
2022-12-23,107.6900405883789,107.9859104163226,105.43500929622688,106.6744705764364,629200
2022-12-27,107.01034545898438,107.95393697716814,106.58651507332108,107.65006273146328,320600
2022-12-28,107.7060317993164,108.49768609979796,106.89836870656868,107.01033263784517,342900
2022-12-29,108.44171142578124,109.0654442047524,106.63448724591906,108.62562950116433,354700
2022-12-30,108.48169708251952,108.87352201797547,106.9223651310187,107.4101574032136,364300
2023-01-03,110.4488525390625,111.1765448634146,109.04145766049946,109.5532387255972,334800
2023-01-04,112.0641632080078,112.95178480142287,111.48840800136978,111.95221148459612,344100
2023-01-05,114.19925689697266,114.19925689697266,111.50441098486247,112.3520472538453,583700
2023-01-06,116.75017547607422,117.05404970039014,114.25524412390892,114.74303644102574,303700
2023-01-09,118.11759948730467,119.22912466319974,117.70976571509856,117.75774328787006,379100
2023-01-10,118.34947967529295,119.65292717359732,117.18197268266718,117.18197268266718,391900
2023-01-11,115.96651458740234,118.7253348165974,115.35876613218691,118.34150203560418,472700
2023-01-12,118.66934967041016,118.67735406681128,114.82299316319398,116.07846321579238,347200
2023-01-13,118.89324951171876,119.76488676702388,117.90967272844875,118.57339091284469,378700
2023-01-17,114.70304107666016,118.95721883755188,114.63107472511165,118.95721883755188,398500
2023-01-18,114.29521942138672,115.84655935058916,114.21526086738275,115.44672997509674,274100
2023-01-19,114.24723815917967,115.238819371036,112.59994313763968,113.43958723942356,365200
2023-01-20,112.16812896728516,114.8629748745368,111.76029522220249,114.8629748745368,347600
2023-01-23,112.45601654052734,113.51155977020314,111.89624564100932,112.4400199486434,236400
2023-01-24,111.59237670898438,113.07974241482609,110.75273261342755,113.07974241482609,189800
2023-01-25,111.11257934570312,111.79229415459508,110.50484309670873,111.14457252828517,456000
2023-01-26,114.74302673339844,115.08687410397148,111.35246958637082,111.72831013670404,177000
2023-01-27,112.53596496582033,114.28721946381876,111.69632089395242,114.25523848475424,238400
2023-01-30,106.82640838623048,111.71232378659194,105.33904263844283,111.71232378659194,1124100
2023-01-31,107.3941650390625,108.129849573286,105.57094419298176,106.20266919240714,829500
2023-02-01,107.7300262451172,107.79400040842692,106.04274581852336,107.15427097715371,868700
2023-02-02,108.11386108398438,108.36175334539476,106.89038416669648,107.9699283651619,338000
2023-02-03,108.53767395019533,108.92951111312874,106.62649010977472,107.1702643808216,466800
2023-02-06,108.32177734375,109.03347312806524,107.37817369383744,108.27378757023668,442900
2023-02-07,109.817138671875,110.30493100220144,108.28179532113217,108.70561348661629,316000
2023-02-08,110.3289031982422,110.79270667223705,109.5132479714359,109.80112556902505,219400
2023-02-09,109.63320922851562,111.34447830502522,109.53724189027132,110.52083084588136,248000
2023-02-10,101.63662719726562,107.29820658256712,99.84539328274305,105.730882245658,1517100
2023-02-13,105.87480926513672,105.91479464135716,101.6126329396132,101.77256224267124,857900
2023-02-14,103.73973083496094,106.65048832634804,103.64377568527694,105.56295188990536,298600
2023-02-15,103.77970886230467,103.78770105693724,99.96533940978648,101.55665857206984,427000
2023-02-16,103.17996978759766,103.77172166816555,101.812554027372,103.35589569258204,374300
2023-02-17,103.61177825927734,103.65175143075204,101.9164936056815,103.075996220372,302000
2023-02-21,103.87565612792967,105.03517095838384,102.85209400868612,103.27591212672496,377100
2023-02-22,103.87565612792967,104.40343377742737,102.57222079588436,103.5877785192785,547700
2023-02-23,103.19596099853516,105.30705954644492,103.19596099853516,104.80327064463816,358300
2023-02-24,102.81212615966795,103.78769855979264,101.09285261277462,102.83611494481232,226800
2023-02-27,101.94849395751952,104.1395572592588,101.26878522934597,103.95563916033213,292800
2023-02-28,101.89251708984376,102.26835768081006,100.64505138443404,102.26835768081006,462200
2023-03-01,104.97119903564452,105.0831507635134,101.90050651162429,102.49225223048992,457500
2023-03-02,104.44342041015624,104.7472946123462,103.77970224327052,104.17953158222652,386700
2023-03-03,105.48297882080078,105.55494517316312,103.8036907214076,104.53138304459952,229100
2023-03-06,105.95478057861328,106.52254363957285,105.15512185726526,105.5069736469502,204500
2023-03-07,105.27507019042967,106.1147143233484,104.27549674691318,105.49098147074004,558700
2023-03-08,106.2266616821289,106.36260220062456,104.7712891533101,105.43500735666451,412600
2023-03-09,103.95563507080078,106.20267415350088,103.85967992762676,105.92280091863536,1072700
2023-03-10,102.97205352783205,104.9552036740774,101.7405784059468,103.24393455557872,432400
2023-03-13,101.21280670166016,101.67661023610503,99.42157282835306,100.4451350416714,482100
2023-03-14,103.835693359375,105.115140035707,102.7321603820109,103.371889821089,673500
2023-03-15,101.82854461669922,101.86053169953747,99.06172601076744,100.99690486655317,771800
2023-03-16,101.5886459350586,102.81212891845588,99.65347326993916,100.54109494956812,836200
2023-03-17,99.64547729492188,100.5011119131222,96.75071042448396,99.1176995916464,1382400
2023-03-20,99.43756103515624,100.04530337319892,96.59877622761772,100.04530337319892,469700
2023-03-21,102.34832000732422,103.6437693571742,101.34075439168622,102.068440669647,471000
2023-03-22,99.7894058227539,102.69216458867469,99.62147823473316,102.69216458867469,336600
2023-03-23,99.84538269042967,102.2683475005496,99.3495921153937,100.68502673989629,587200
2023-03-24,99.38158416748048,99.95733941867796,97.32646151306892,98.50995909618727,308700
2023-03-27,102.59622192382812,103.49183583546784,99.7174454909513,100.63705429029184,240100
2023-03-28,105.10714721679688,105.2031023614504,102.56422606706194,102.63620462737616,252900
2023-03-29,108.15384674072266,108.31377605154556,104.73930043635318,105.35504109493684,322200
2023-03-30,105.6509017944336,108.99348145017407,105.4829803032282,108.99348145017407,472000
2023-03-31,105.86681365966795,107.03432071784027,105.29105842575056,106.59450599723348,587900
2023-04-03,105.01119232177734,107.19425728060304,104.42743265221652,106.14670627623164,237800
2023-04-04,104.24351501464844,105.20310307314745,103.24394157833191,104.6353521943412,269900
2023-04-05,103.6437759399414,104.85125631645602,102.72417321501088,103.7317388946428,187500
2023-04-06,103.54781341552734,103.963627170116,102.94806936759196,103.46784266173972,113800
2023-04-10,103.02802276611328,104.13954785794895,102.5962124420014,103.26792281365246,307700
2023-04-11,103.3638916015625,104.3154875213086,102.18039999972714,103.35589940625763,282400
2023-04-12,104.09156799316406,104.8832344720369,103.21195077401724,104.33146803541248,286800
2023-04-13,104.9472198486328,105.48298975256009,103.50783164309912,104.26750502324002,202600
2023-04-14,105.2510757446289,106.19467936952,104.37945067718722,105.88281295998472,234600
2023-04-17,105.95478057861328,106.57851340511884,103.69973712753644,104.96319937148516,225600
2023-04-18,105.8988037109375,106.1147149926096,105.19511229950422,105.87481492428776,314500
2023-04-19,106.1467056274414,106.66647892813872,104.1235699897256,105.2350951511656,254400
2023-04-20,106.85839080810548,107.38615625114848,105.15511395504876,106.09071312449848,201000
2023-04-21,106.53053283691406,106.8503914357246,105.30705600381977,106.41858110714804,196300
2023-04-24,107.14627838134766,107.76200682247884,106.04274542157783,106.7464490135266,148300
2023-04-25,107.49810791015624,107.58607085091364,105.50696565401074,106.23465796374704,187900
2023-04-26,106.67447662353516,108.385745928709,106.50655511235986,107.61808033111542,235100
2023-04-27,107.1542739868164,107.57009995909696,105.94679365021877,106.0267522052337,174800
2023-04-28,108.33775329589844,108.33775329589844,106.41058517279065,106.41058517279065,207500
2023-05-01,109.20939636230467,110.0010506795224,108.38573666170132,108.47369960826148,177900
2023-05-02,106.11470794677734,108.84154706526893,105.1151345633265,108.64962458298989,515000
2023-05-03,107.23423767089844,108.95349901312848,106.4265745662946,106.76242975958412,261100
2023-05-04,107.0822982788086,107.82597500483122,105.02716958532336,107.1862456114362,282200
2023-05-05,113.03176879882812,113.327638630712,108.2338163155696,108.38574122800718,298000
2023-05-08,117.64579010009766,118.4534532378725,109.82512858735164,111.66434613246608,579000
2023-05-09,116.28636932373048,117.95765311614832,115.47071401474489,117.28594272137134,445100
2023-05-10,113.49556732177734,117.40591055700897,113.35962679036209,117.10203630924252,581500
2023-05-11,112.75188446044922,113.86340964187995,111.72033003525203,112.40803705265824,302700
2023-05-12,109.5212631225586,113.17569711007718,109.21738890586616,112.43202036100196,215900
2023-05-15,109.6572036743164,110.336906262099,108.52168976135287,110.04103644164208,536200
2023-05-16,107.78600311279295,109.96107600132076,107.77801091753676,109.96107600132076,406800
2023-05-17,109.16140747070312,109.73716272522876,108.07387112346844,108.90552302526046,272000
2023-05-18,108.48406982421876,109.84717638380218,106.55722730764045,108.95527492027573,249300
2023-05-19,111.69829559326172,111.76561060774873,108.6271234865716,109.11513487330645,430400
2023-05-22,111.67304229736328,112.74164717629571,111.06722006986024,112.49762866962163,227400
2023-05-23,112.14423370361328,114.10473994809738,111.68145105551191,112.59018439023149,373400
2023-05-24,112.27044677734376,113.20442168019864,110.9999096626057,111.27757926497073,241400
2023-05-25,112.7837142944336,113.55783050435562,111.68988066885696,112.14424094604756,357700
2023-05-26,111.06722259521484,113.53257220675536,111.05039063322792,113.53257220675536,352200
2023-05-30,109.6452178955078,110.84845275481142,107.97921323703504,110.59602469406715,502900
2023-05-31,108.9216079711914,109.83034137268652,107.04524855721972,108.55980422637823,1021600
2023-06-01,111.2691650390625,111.81608182020284,109.64522097918793,110.13324515327886,287800
2023-06-02,115.2490692138672,116.1493801469765,112.0180259213038,113.07820839070044,394700
2023-06-05,116.08206939697266,116.41022200650276,115.2490606932314,115.99792243492954,178200
2023-06-06,118.21086120605467,118.42962534129714,116.20828155005508,116.4691191679661,279700
2023-06-07,117.81539916992188,118.93448709908324,117.2095769400146,118.14355180786956,441200
2023-06-08,118.41278839111328,118.5642503545334,117.25163992033676,117.82379817564347,353200
2023-06-09,118.21927642822266,118.3286649205944,116.72155281447463,117.8406407441223,375900
2023-06-12,119.22897338867188,119.88527865121858,117.84063829613643,117.8911213410978,213000
2023-06-13,120.861328125,121.03803162305768,118.2781805342337,119.93576282855454,292500
2023-06-14,122.90597534179688,123.7726351502636,121.29044093245538,121.29044093245538,480200
2023-06-15,124.86648559570312,125.16098717171754,121.50923439207364,123.01536768096862,337900
2023-06-16,125.6153335571289,125.98555966690748,123.75580628622888,125.48912594653368,610300
2023-06-20,125.41341400146484,125.85936472247992,123.71374525326026,125.37134051402413,514100
2023-06-21,124.74026489257812,126.14543193449622,123.82312201284512,125.00110251534396,218500
2023-06-22,123.04901885986328,124.46259546463374,122.12345357886508,124.36162937544286,322100
2023-06-23,121.41666412353516,122.2160089464298,119.5739559791523,121.92992980375584,454500
2023-06-26,121.6943359375,122.77975992297912,121.41666635074378,122.03930769162922,197700
2023-06-27,122.00567626953124,122.92281930632888,121.58496704101562,122.32541939169168,180700
2023-06-28,121.95516967773438,122.59464295960348,120.22185004504304,121.79529814751102,217600
2023-06-29,122.84708404541016,123.38559129752764,121.57654690781165,122.6535614120466,130800
2023-06-30,124.2270050048828,125.28718750660266,122.98170943855752,123.83994691370089,307700
2023-07-03,124.42894744873048,125.4134053596845,123.7726421747611,124.1428554572625,68200
2023-07-05,126.61662292480467,126.7260114129281,122.8639044748524,123.62958537464304,362900
2023-07-06,124.10920715332033,126.68394526103668,124.00824105937856,125.44705925414938,234200
2023-07-07,127.65158081054688,129.0567478844542,125.30401647416184,125.91824826166058,384900
2023-07-10,126.7091827392578,128.7201720265554,126.1706755237186,127.05416733457857,277700
2023-07-11,125.98555755615234,128.11434481268918,124.05029291229404,127.60107913982708,342200
2023-07-12,126.2295913696289,127.60109462464504,125.96033132016206,127.1214928151927,205900
2023-07-13,127.97974395751952,129.0315169590145,124.8749080028622,126.28007519217638,306300
2023-07-14,127.5842742919922,128.45934376641677,126.63346740498152,127.74414583997016,212500
2023-07-17,130.79006958007812,131.227610714335,126.51566284748031,127.09624355968126,297300
2023-07-18,131.47161865234375,132.29620504960417,128.90529008844496,130.19265915116668,295700
2023-07-19,131.5052490234375,132.161567052273,130.27678560210614,131.4042829447043,161200
2023-07-20,131.9428253173828,131.97648924529568,130.22633732559976,131.42955954843822,197000
2023-07-21,131.87550354003906,132.75899543657337,131.2865132220249,132.5233993093677,149700
2023-07-24,130.3441162109375,132.38875658429018,130.25155968133976,131.38746672019408,136700
2023-07-25,130.84054565429688,131.52209242307535,129.88132930582634,130.4955610699197,205300
2023-07-26,132.2709503173828,132.77580641820305,130.55446268483718,130.7479852932412,112900
2023-07-27,130.38619995117188,132.43925004724258,128.72860468827966,132.43925004724258,183600
2023-07-28,132.96932983398438,133.25540896797503,130.44507499260413,132.3635076449312,94200
2023-07-31,132.14476013183594,133.39005574859144,131.2696778202586,133.07031265331983,241600
2023-08-01,133.33956909179688,133.87807633087922,131.48845125989044,131.48845125989044,193900
2023-08-02,129.75514221191406,133.2217820476478,129.07358249635035,132.2625655475163,270200
2023-08-03,129.05674743652344,130.63860516482544,127.47487686919662,129.20819657304207,148500
2023-08-04,129.47747802734375,130.2852325671618,128.88006526560116,129.056768793139,74200
2023-08-07,130.8994598388672,131.6903823089267,129.65415142757303,129.89816994072908,149000
2023-08-08,131.62306213378906,132.01852977281007,128.2826432026298,129.24185957750475,143500
2023-08-09,133.01141357421875,133.22176816055722,131.00042424238407,131.00042424238407,182600
2023-08-10,132.70849609375,134.75313641219952,132.70849609375,133.83599354110137,321100
2023-08-11,126.15384674072266,131.7576960192274,125.79204301384964,129.58683514091408,389500
2023-08-14,122.2749252319336,126.72602281615124,121.39984292625232,125.37974827157647,321500
2023-08-15,119.92735290527344,122.70403594720246,119.91894334406742,121.69433652441684,194100
2023-08-16,117.79016876220705,120.32283357413058,117.33579562738714,119.35520753064836,370500
2023-08-17,116.8982391357422,118.35390204979127,116.09048475151874,118.00050790181548,272500
2023-08-18,116.78887939453124,117.14227359064368,114.8536144585598,116.0905005644664,169900
2023-08-21,117.63029479980467,118.27819056224725,115.69502991344731,117.24323668692288,253900
2023-08-22,118.03416442871094,119.28788238501424,117.59662329431262,117.59662329431262,216300
2023-08-23,120.6762237548828,120.81085377842784,117.13385952865625,118.14355902719248,145200
2023-08-24,118.86717224121094,121.34094420994543,118.84193071818508,120.22185627937388,153100
2023-08-25,119.07752227783205,119.36360142054887,117.4115047876056,118.69046420784346,158900
2023-08-28,119.7843246459961,120.76878263913532,118.18563481215138,119.86004922107772,180400
2023-08-29,122.42636108398438,122.97327783637876,119.16165401325703,119.92734773782853,216300
2023-08-30,121.75322723388672,123.07426014705842,121.52604069461668,121.96358181198224,191600
2023-08-31,119.00180053710938,122.1066365496539,117.4956672200593,121.383016197573,496700
2023-09-01,120.27234649658205,121.00437638602884,118.85875692772446,119.64128270525872,112900
2023-09-05,116.4522933959961,121.00436970753542,116.4102327501165,119.84320828709932,152600
2023-09-06,115.7455062866211,117.13385426891396,115.18175753224465,116.02317588307966,140400
2023-09-07,113.7850112915039,115.18176897400517,113.61673017242546,115.17335941171048,173000
2023-09-08,113.18759155273438,115.77916141716132,112.9435730596712,114.36557201882655,117600
2023-09-11,114.63484191894533,115.40052286842187,113.13711826617542,114.230951862292,75600
2023-09-12,115.5099105834961,116.03158585436834,113.63355124943364,114.66849222968914,109200
2023-09-13,115.17334747314452,116.6289976188725,114.82836286942674,115.73709622508512,109600
2023-09-14,115.99793243408205,117.07494687815014,114.76104645176515,117.07494687815014,140100
2023-09-15,114.76105499267578,116.0315921538541,113.0445671068906,115.13128114269486,602700
2023-09-18,115.1817626953125,115.97269803479544,113.9701181615536,114.64325544020028,176600
2023-09-19,114.55068969726562,115.46783258570872,114.10473901429695,115.25747800547732,110700
2023-09-20,113.59147644042967,116.43547455164844,113.18759923023516,115.35846009844636,136300
2023-09-21,111.39537811279295,113.92804279858672,111.24392896807946,112.43031911874516,187900
2023-09-22,110.8232192993164,113.80183468363936,110.61286470655553,111.4122095912418,189000
2023-09-25,111.20185089111328,113.09504215603408,109.93130098079048,111.22709241419022,212800
2023-09-26,108.85428619384766,112.23679150490192,108.47565050984734,111.05881096822876,346100
2023-09-27,109.08988189697266,109.85557566248556,107.91190136466425,109.51901346440457,210600
2023-09-28,108.50089263916016,109.74618819046276,108.122256953044,109.2245129268816,261900
2023-09-29,107.6763153076172,110.26788555959143,107.30608915176,109.40122562157396,229300
2023-10-02,104.07503509521484,108.55979632632044,103.46921287163802,107.78569300486669,303600
2023-10-03,104.93328094482422,105.30350707055145,102.23232883002674,103.64591190519774,322300
2023-10-04,104.0161361694336,105.42130323855116,103.34299893825111,104.98376211242883,273300
2023-10-05,104.20966339111328,105.18571177746942,103.71322963632063,103.71322963632063,142900
2023-10-06,106.77598571777344,107.16303737327576,103.66273409297446,104.19283174120496,356000
2023-10-09,106.86854553222656,107.4575358044683,105.37082190894404,105.74104161456204,193400
2023-10-10,106.70025634765624,107.89506883528884,106.45624426167284,107.73519729838294,187400
2023-10-11,107.96239471435548,109.46011846510032,107.27243187121977,107.27243187121977,210100
2023-10-12,105.54751586914062,108.95526262500624,105.28667182527995,107.46594860714912,164400
2023-10-13,104.89962768554688,107.23036018844432,104.85756061833813,105.8251866178058,220200
2023-10-16,106.95269012451172,107.41547279841409,105.16047129737782,106.53198093715058,300000
2023-10-17,106.170166015625,107.23035491767038,105.3960626862958,105.8840804429088,174500
2023-10-18,106.01029205322266,107.31449301350766,104.52940043606836,105.72421290656068,248700
2023-10-19,105.98505401611328,107.29766458069167,104.97535456943952,106.17858306014055,273100
2023-10-20,104.2433090209961,106.35527067746128,104.20965151983393,105.62323447108577,203300
2023-10-23,103.78053283691406,104.86596324350154,103.0148455014296,103.90674686921724,183000
2023-10-24,105.5811767578125,106.2122405165782,103.28410185131985,104.2517342319964,227500
2023-10-25,107.30607604980467,107.94554934337152,104.77340513917926,105.04265874160536,246800
2023-10-26,107.71837615966795,109.26658277615492,105.91773506164868,107.21352003562788,206300
2023-10-27,105.27826690673828,108.05494362700848,104.66402868289704,108.05494362700848,188300
2023-10-30,105.3035125732422,106.3889430644247,104.45367820364729,106.3300440340278,179600
2023-10-31,105.14363861083984,106.13651254295482,104.319052204218,104.97535750485945,293000
2023-11-01,106.48149871826172,106.57405525376308,104.7481724875648,105.7831199211197,106500
2023-11-02,108.12225341796876,108.3073664742888,106.33844428012648,107.28925108404084,200300
2023-11-03,102.29122924804688,106.52356255019428,100.11195878809926,104.48733167003596,894600
2023-11-06,102.11453247070312,103.9740662720927,101.58444121603058,102.58572469707872,267000
2023-11-07,101.68540954589844,103.07375115143252,100.37279893241816,101.17214382252212,384200
2023-11-08,101.46663665771484,101.87052029393286,100.66729178583064,101.31518751608478,222700
2023-11-09,100.43169403076172,102.9307075390004,100.43169403076172,101.634922519191,233000
2023-11-10,103.09899139404295,103.2588629378816,99.70807640502775,100.19610059815736,194700
2023-11-13,97.95792388916016,103.32617713218184,97.95792388916016,102.38378625835514,320200
2023-11-14,102.257568359375,102.42585587665718,98.57215839431242,100.01939894537726,306200
2023-11-15,104.00772094726562,104.07503595477732,101.4918819220062,101.79479303629638,232500
2023-11-16,105.06790924072266,106.14492367664236,103.4187300832816,104.00772034682754,421300
2023-11-17,107.4996109008789,108.06335323889311,105.42130653558034,105.6821441715528,243700
2023-11-20,110.26787567138672,110.91577138603714,107.43229356365052,107.75203022080125,287200
2023-11-21,108.76173400878906,110.86527993619968,108.23164916561888,109.89765394520096,354400
2023-11-22,107.45753479003906,109.50218160082257,106.95268507295316,108.76172935755164,211900
2023-11-24,108.22322845458984,109.45170494454868,107.6678956592298,107.8782566747679,131500
2023-11-27,105.6484832763672,107.75202909769985,105.3960616295147,107.58374799979818,269900
2023-11-28,105.78311920166016,107.88666514054296,104.98376789317705,105.84201823116835,804200
2023-11-29,105.95980834960938,107.62581943294012,105.64848126296084,106.29637695851088,367400
2023-11-30,105.6232452392578,106.63295111852575,104.26015161053937,105.95981386568046,553200
2023-12-01,107.9960479736328,109.06464001044095,104.69768323562886,105.59800059346998,415800
2023-12-04,106.70867156982422,108.23164310120328,106.43941796298294,106.98634115736714,214500
2023-12-05,108.2148208618164,108.57662461083072,106.43942752549805,106.80965367548303,201900
2023-12-06,105.10997772216795,109.72936904092728,105.10997772216795,108.7869717675277,364500
2023-12-07,105.11839294433594,106.20382336781876,104.04137850167427,105.33716350909924,398300
2023-12-08,104.89962768554688,105.21937077779992,103.26728039685804,105.21937077779992,176500
2023-12-11,104.78182983398438,106.11127241506372,104.18442355452758,104.18442355452758,176900
2023-12-12,105.42972564697266,105.69897927195858,104.16759807619252,104.54623377962145,157600
2023-12-13,109.62838745117188,109.93972096064124,104.77340656105184,105.87566892740584,243100
2023-12-14,118.07624816894533,118.17721427064288,111.22710275822747,111.22710275822747,606300
2023-12-15,126.5156707763672,126.70919341288746,119.66652553348209,120.43221935666227,1107200
2023-12-18,127.48328399658205,127.50852551885323,123.16681678088696,125.82568889264202,797500
2023-12-19,129.55319213867188,129.8308617514912,126.24641114875637,127.94607991251732,670700
2023-12-20,127.3570785522461,130.52922924155624,127.27293158389394,129.69622047535896,622500
2023-12-21,128.40045166015625,128.90529499156864,125.41341380295307,128.0470446374341,314300
2023-12-22,127.50852966308594,129.30916439809448,127.25611443217,128.40044388874716,155200
2023-12-26,128.22373962402344,128.91370882181556,127.42439477316115,127.68523240290332,90100
2023-12-27,127.9965591430664,128.69493793525348,127.5758499554134,128.30789267246698,97800
2023-12-28,126.97844696044922,128.98101391364557,126.23799469999248,128.34154058626714,91700
2023-12-29,126.15384674072266,127.15513662898996,124.40370787539378,126.57455591468202,206300
2024-01-02,125.05158996582033,125.52278218342136,123.5622887435509,124.4878412169744,155800
2024-01-03,122.63671875,124.8833040982536,122.52733026115196,123.9240877378866,160900
2024-01-04,122.70403289794922,123.65483969061526,121.56811305115306,122.07296916951232,152400
2024-01-05,122.70403289794922,124.43735255114524,121.3493489140104,122.43477287775109,125100
2024-01-08,124.70661163330078,124.70661163330078,121.38299908398056,122.80499806227262,172800
2024-01-09,124.1428451538086,125.5648440757292,123.0742532014859,124.03346950990812,168100
2024-01-10,124.20176696777344,125.69108108789504,122.26650213559132,123.35193903024836,203700
2024-01-11,124.39529418945312,124.64772227931762,122.00566899532473,123.7053377721179,126600
2024-01-12,124.71503448486328,126.03605467760684,124.06713873123644,125.00953605624612,106100
2024-01-16,126.65870666503906,127.55060808620648,122.41796371414055,123.24255012478254,326100
2024-01-17,124.26907348632812,126.57455146153808,123.87360584959764,124.55515263318964,234500
2024-01-18,125.20304107666016,126.40626303938342,124.6224604164277,125.1862091163425,190100
2024-01-19,125.32085418701172,125.62376531402646,122.88915560923596,125.09366763199432,146400
2024-01-22,126.7091827392578,127.19720690943784,124.73185737488286,125.7583887606021,199300
2024-01-23,126.48201751708984,127.28136241327248,124.3279756714571,126.4483535919097,196700
2024-01-24,125.12733459472656,127.3486786337596,123.78946959516374,127.3486786337596,340900
2024-01-25,125.31242370605467,126.5829735808688,124.13444319863558,125.8256893926497,241800
2024-01-26,126.78492736816406,128.0891285487441,124.31116788097394,124.81601125347063,110300
2024-01-29,126.68394470214844,127.71047611611156,125.34609260722154,126.43151662938249,110500
2024-01-30,126.07811737060548,127.7188805187732,125.49753667840196,126.3389549942854,146500
2024-01-31,124.89170837402344,126.70076536837644,124.39527467322462,125.21145142695607,150800
2024-02-01,126.55773162841795,126.57455075059208,123.68849209771062,124.77391607307077,190400
2024-02-02,126.05287170410156,126.82697498858172,125.1188968906156,125.92666409647812,370200
2024-02-05,126.423095703125,127.37390246149307,123.93249196223232,124.9590232839154,178000
2024-02-06,129.11563110351562,130.31886590721103,126.36418976270936,127.21403043330496,212700
2024-02-07,129.81402587890625,129.88134088959504,127.23087814373008,128.50982482974035,204600
2024-02-08,127.97974395751952,130.24314867195497,127.21405013106497,128.73701538298556,229700
2024-02-09,129.81402587890625,130.1674200557532,125.60693400354884,127.89559301086533,425000
2024-02-12,133.40689086914062,133.40689086914062,129.02309532372223,130.4198529593629,305500
2024-02-13,132.944091796875,133.60880660668866,129.48586205999027,131.9512243626427,204800
2024-02-14,136.71365356445312,137.07547014090966,133.7350381750706,134.6269395956477,347300
2024-02-15,142.20811462402344,142.46896510448133,136.3686818991442,136.3686818991442,370100
2024-02-16,143.2178192138672,145.89352333334983,141.46766755148414,142.6204065520006,393000
2024-02-20,140.57577514648438,144.86700118830836,140.4159035997706,143.2178283505805,369000
2024-02-21,141.602294921875,141.71168342084533,139.24633370578837,139.65862049909066,318700
2024-02-22,142.29225158691406,142.83075879428588,141.24888825555792,142.20810461990848,247100
2024-02-23,143.487060546875,143.88252817189633,141.19840176169717,142.1996915850905,132900
2024-02-26,143.47865295410156,144.2275147319414,141.66959589505575,142.7718518202894,119300
2024-02-27,143.78155517578125,145.38865428129353,142.63722583818287,143.96666821855626,208800
2024-02-28,141.6443634033203,143.5543866722419,141.21524466248957,143.04112095994228,182300
2024-02-29,143.78155517578125,144.0255608199718,141.87153214661566,143.09158604561557,349700
2024-03-01,144.6482391357422,145.69158972690613,143.4702456812004,144.79127872198157,218100
2024-03-04,143.8068084716797,146.7096991143164,143.31878430431377,144.47152329678386,110500
2024-03-05,146.38995361328125,146.5750666681409,142.36797512864763,143.5291365020356,190600
2024-03-06,146.3058319091797,147.2734579098174,145.3970985188029,147.14725028852573,307900
2024-03-07,147.44174194335938,148.0980472651494,146.3142443740305,146.8275101091766,324800
2024-03-08,147.94659423828125,148.2074318799722,145.48965412693116,147.53429461297995,157800
2024-03-11,145.6663360595703,148.35046256584815,145.36342494954155,147.72782122341798,171800
2024-03-12,145.31295776367188,147.4754092538618,144.4715393483188,145.59903694352565,167500
2024-03-13,145.8177947998047,146.44043612842444,144.53042582049295,145.68316478966145,257600
2024-03-14,144.7491912841797,145.63268308018235,143.9834975383757,144.50518562270537,282700
2024-03-15,145.2288055419922,146.4404371244491,144.23592525921316,145.23721510304918,545700
2024-03-18,145.5737762451172,145.5737762451172,144.05923356817826,145.4307366740296,198800
2024-03-19,142.9149169921875,145.88512284674763,142.6204154235493,144.7407933362779,154300
2024-03-20,149.3433380126953,149.55369258674264,142.24176553861335,142.24176553861335,203400
2024-03-21,149.4947967529297,151.05983539800485,148.13170313396992,149.71356090195252,180100
2024-03-22,146.1711883544922,149.2591919801197,145.66633223801426,149.2591919801197,182000
2024-03-25,143.45343017578125,146.64240031902364,143.38611516190733,145.49807076121908,190100
2024-03-26,142.6204071044922,145.1530716587531,142.18286597744526,144.10129874500316,227000
2024-03-27,141.40036010742188,143.88254173921135,140.4074797512908,143.68059670770364,377800
2024-03-28,142.56150817871094,143.94144663012685,141.3835275970454,142.1997044425656,350100
2024-04-01,141.58546447753906,142.4100508372384,139.9867619641346,142.4100508372384,282800
2024-04-02,143.04112243652344,143.95826537548564,139.22949825989576,140.57577278314378,377500
2024-04-03,143.04112243652344,144.80810614340828,141.92203446736642,142.46054170886055,273900
2024-04-04,143.56280517578125,147.01262579647846,141.85472682857989,143.7815821796171,415700
2024-04-05,145.49806213378906,145.50647169538985,143.1252690208039,143.62170277478327,194100
2024-04-08,146.4656982421875,146.70970391434145,145.1783163557077,146.01132514365932,200300
2024-04-09,144.03399658203125,147.46698521932984,143.49548931573105,147.31553606897631,203600
2024-04-10,141.61070251464844,144.15178937659527,140.83659921902063,141.1647518425914,301500
2024-04-11,142.84759521484375,143.1757478539703,140.73562696390422,142.38481255991528,298300
2024-04-12,138.9265899658203,141.93044692192092,138.50588077360828,141.5349920931452,466200
2024-04-15,134.9046173095703,140.59260122739286,134.5343911491806,140.213965504822,290000
2024-04-16,134.3240203857422,135.1570291464174,133.23859639973327,134.50072388250044,153700
2024-04-17,135.45993041992188,136.6295012888011,134.12206562767398,135.0560404106656,244800
2024-04-18,136.20880126953125,136.604268905658,134.55120615785742,135.8974677616929,193200
2024-04-19,138.85086059570312,138.93499472782355,136.94083733411892,136.94083733411892,190200
2024-04-22,140.71881103515625,141.11427869115988,138.12724094775967,139.448261095603,134800
2024-04-23,142.06507873535156,143.46183635246612,141.03854726629396,141.16476772896382,199100
2024-04-24,141.5434112548828,142.7971293547552,140.2055590142771,141.32464708214445,392900
2024-04-25,141.14793395996094,142.06507691744042,140.25603252688725,140.5337021343768,183300
2024-04-26,140.56735229492188,143.84889167534993,139.70910195369908,143.84889167534993,390200
2024-04-29,141.34986877441406,142.03141556214533,139.3304570947764,140.60100698012573,175800
2024-04-30,139.3472900390625,141.32462824867113,139.18741850223992,140.95440212950825,291200
2024-05-01,138.65733337402344,140.51687369909305,137.8243373696701,140.0793325333662,71700
2024-05-02,138.59841918945312,141.18156661562762,138.59841918945312,139.89419768288815,199500
2024-05-03,141.8968048095703,142.93174589293662,139.38938146033897,139.56607214238795,212900
2024-05-06,142.82235717773438,143.64694357635372,141.60229028340973,142.99063828208165,120300
2024-05-07,142.8560028076172,143.8909437569047,141.77898837409325,142.98221042130172,365200
2024-05-08,148.22427368164062,148.2326832438895,141.82948847926076,142.38482772432022,189200
2024-05-09,148.08963012695312,148.30839427668252,144.64823214457348,146.86115368241073,349800
2024-05-10,147.180908203125,151.6320188262334,144.72396796212556,151.6320188262334,712200
2024-05-13,143.3440399169922,147.84563351707988,142.8980891896894,146.91165857444037,335800
2024-05-14,143.2178192138672,144.4126316985756,142.50260849967793,143.46182487974102,162500
2024-05-15,146.0365753173828,146.6171560671007,143.54598404549486,144.62299856939654,185400
2024-05-16,145.25405883789062,146.6255620647704,144.72396115076882,146.38996594583307,160000
2024-05-17,145.8391876220703,146.5950668879881,144.71872069959943,145.36787913784258,214300
2024-05-20,145.94590759277344,146.30162110086923,144.6475906032017,145.35010273193123,130900
2024-05-21,147.32424926757812,147.4576469040131,144.45193260821586,145.29673002931287,223600
2024-05-22,145.2078094482422,147.04859113389583,144.68314731749263,146.0081546212107,332700
2024-05-23,145.06553649902344,148.1068155669676,144.32744628071188,145.225597390929,301400
2024-05-24,146.84405517578125,147.38650633931928,144.81653590824786,145.48348339280705,107600
2024-05-28,147.8489227294922,148.72041060017008,146.12376319300984,147.00412524341905,152800
2024-05-29,146.14154052734375,147.79557095594188,142.54892244463633,145.8658710507578,248400
2024-05-30,145.35899353027344,146.72845312235268,143.80278266382425,146.72845312235268,251400
2024-05-31,147.0130157470703,147.1819643765914,144.96770743660517,145.10109150440633,430100
2024-06-03,146.84405517578125,148.22240245527183,144.82542365650605,148.0979061342507,198800
2024-06-04,143.27809143066406,146.141520199832,143.00242199242226,145.1811142552899,131900
2024-06-05,144.5586395263672,146.0437076054759,143.62491034981542,143.62491034981542,246600
2024-06-06,145.01217651367188,145.93700439867882,144.07844731122776,144.8698911254919,160700
2024-06-07,142.50445556640625,144.7631785641141,141.1794482553654,143.0024408843839,209700
2024-06-10,142.51333618164062,143.03801185810892,141.15276437416978,141.7396814277286,288200
2024-06-11,140.15679931640625,143.3225747205969,139.84555171143205,141.48180661338623,221300
2024-06-12,143.92727661132812,144.23851063802425,140.9571267513837,142.63783391660425,248300
2024-06-13,141.3217315673828,143.98063389911275,140.85931082075976,143.82946075617645,282400
2024-06-14,138.69839477539062,140.53916270785112,136.46634882893602,139.3386654220936,401200
2024-06-17,139.3653564453125,139.56099547225787,136.39522004580695,138.88514662678037,199900
2024-06-18,139.5343017578125,142.75343042554974,139.365339566906,140.48580639264532,154800
2024-06-20,141.3750762939453,141.91752745223823,139.5431960584555,140.72591788126073,273300
2024-06-21,140.87710571289062,141.179452011266,138.5116618204849,139.95227775048286,465000
2024-06-24,144.0517578125,144.2118186832971,141.39285582747914,141.70410339058054,257600
2024-06-25,144.94992065429688,145.10109378987968,142.13984531632116,144.14958909672166,296500
2024-06-26,145.45680236816406,146.10596076833326,142.30880273348976,144.67424633349594,342000
2024-06-27,141.46401977539062,145.6524426863402,139.83666616564994,145.6524426863402,429500
2024-06-28,143.46484375,143.96282900588668,139.98782113746773,142.6022572999533,220500
2024-07-01,140.58363342285156,144.25629523529756,139.1874970820586,144.25629523529756,401100
2024-07-02,142.2021026611328,142.53112575183067,139.1697114427652,140.47692962618862,193800
2024-07-03,144.08734130859375,145.81251440012207,142.43331091424088,142.80679989760029,155600
2024-07-05,145.1366729736328,145.4568083128005,143.17139505864318,144.5675449894549,176100
2024-07-08,144.06065368652344,146.2482473610478,142.45108929478255,145.05662423410212,181200
2024-07-09,149.98316955566406,150.12545495743456,143.87392071956464,143.87392071956464,305500
2024-07-10,150.6056365966797,151.66386211978846,149.29841842920197,149.7430500897296,277600
2024-07-11,150.2321319580078,151.35259874078173,148.35578600355717,151.21921468417057,250700
2024-07-12,152.10848999023438,152.10848999023438,150.3121743271187,150.96133273597118,205100
2024-07-15,150.10763549804688,153.26452266911417,149.39622220231507,152.4463885591206,147400
2024-07-16,152.1262664794922,152.2596505356677,149.81417666586344,149.81417666586344,203200
2024-07-17,152.40194702148438,152.9088200409926,150.57895456269955,151.55713604050243,169100
2024-07-18,152.65982055664062,154.02039224412604,151.59270737005525,152.81989499762264,263100
2024-07-19,153.13113403320312,154.260502197637,152.01066718577695,152.84657683965332,248700
2024-07-22,154.52728271484375,154.86519353153517,150.32995898167292,151.6549525739422,190100
2024-07-23,152.97996520996094,154.73181500560838,152.57091168851662,154.73181500560838,156800
2024-07-24,152.95327758789062,153.35344333288012,150.82793898277558,151.91284122328588,215000
2024-07-25,150.46334838867188,152.46419082354538,150.46334838867188,152.46419082354538,221000
2024-07-26,151.2725830078125,152.06402681513975,149.33398192582587,151.4860110882118,196800
2024-07-29,152.33079528808594,152.95327684048118,150.4544493143145,151.85948685776668,90600
2024-07-30,153.17559814453125,153.67358340431107,152.0106654327433,152.32189943556537,141700
2024-07-31,151.74388122558594,155.1052952425229,151.60159584826744,155.1052952425229,346700
2024-08-01,147.61770629882812,153.0688946144992,146.50612718513213,152.65982753026344,358900
2024-08-02,144.30076599121094,146.54169983842846,141.1260893540302,146.54169983842846,288100
2024-08-05,142.3799591064453,142.9401993731979,136.2974008954366,140.50361284780314,294600
2024-08-06,145.4034423828125,147.21754717693622,142.66450969474374,143.46485483418007,212500
2024-08-07,144.47860717773438,147.39538967060665,143.45595982635498,146.9774348406145,185700
2024-08-08,150.0720672607422,150.6589842860826,144.5141717232329,144.80763023590308,240800
2024-08-09,147.30645751953125,150.40999126456094,142.59337297111367,144.69203486344108,237000
2024-08-12,146.21267700195312,148.23130858678834,145.97257210037105,147.71553422035512,219400
2024-08-13,148.2935333251953,148.45360776464912,146.15930697239952,147.18195427288913,165200
2024-08-14,147.6088104248047,148.70260041312486,147.48431411368762,148.70260041312486,102300
2024-08-15,149.2628631591797,151.37930076807552,148.95161554980092,149.5563081326048,97900
2024-08-16,148.49807739257812,150.15210760696445,146.88849948614305,149.68079916240472,165500
2024-08-19,150.3655242919922,150.53448648572078,148.96938800264684,149.36955376358884,178100
2024-08-20,151.1302947998047,151.13919611699768,148.4980830360875,149.91200842350133,124400
2024-08-21,149.5296173095703,151.36151109141423,149.37844417803058,151.36151109141423,146300
2024-08-22,147.83114624023438,149.8141997389091,147.15529740064363,149.7074924775346,164000
2024-08-23,150.863525390625,152.0640363685358,149.0938999673909,149.0938999673909,208500
2024-08-26,150.53448486328125,151.84170295226204,149.84086060003602,151.2636872559179,163700
2024-08-27,150.16989135742188,151.1214096157014,149.21838666822367,150.2588231163741,71800
2024-08-28,153.16671752929688,153.31789066383547,150.16100319683923,151.21032739037102,177100
2024-08-29,154.52728271484375,155.09641066667638,152.7487561692317,153.3979145590375,112300
2024-08-30,158.60011291503906,158.69793241952706,155.3987596491411,155.3987596491411,378700
2024-09-03,153.12225341796875,157.53299189155624,151.95732063848192,157.53299189155624,195700
2024-09-04,152.13516235351562,153.38902682486335,150.2499285571045,153.1222451291816,268300
2024-09-05,153.14892578125,154.59842929449766,151.80614309039893,152.65982825508536,205100
2024-09-06,152.0551300048828,153.2645285835734,150.83683010936358,152.41082988193511,372100
2024-09-09,154.3049774169922,155.34541388882138,153.2912177596395,153.6024517848928,142600
2024-09-10,152.94439697265625,156.61704510554264,150.2854948708415,154.75848810010987,259500
2024-09-11,154.03819274902344,154.94524513107473,150.94356020736075,152.96217816580676,224600
2024-09-12,155.38987731933594,157.470750230186,153.64691524288796,154.0204042087522,170000
2024-09-13,156.13685607910156,157.52410469369192,155.32762319756336,156.90162308061696,132600
2024-09-16,154.93634033203125,156.94608406610195,154.5717526930098,156.94608406610195,196900
2024-09-17,155.8256072998047,158.34222411619345,154.40279413349438,155.64775735015107,132600
2024-09-18,160.4408721923828,161.3568122443982,155.7900292447897,155.95009011489094,247500
2024-09-19,160.1474151611328,162.58400134682094,159.39154954137797,162.5217464062692,193400
2024-09-20,159.53382873535156,161.60581382852283,156.06570733335386,159.6494373051118,437000
2024-09-23,158.82603454589844,160.037339658874,156.71076792293672,159.16954433356776,124400
2024-09-24,160.76954650878906,162.03508699868854,159.07009459947537,160.905135206508,202200
2024-09-25,158.31982421875,160.9955564572958,158.0305636972999,160.9955564572958,199700
2024-09-26,162.47804260253906,164.0690098536934,157.659926222707,159.74807505027135,301400
2024-09-27,167.2328643798828,168.46225247516648,163.17407259770317,163.17407259770317,341500
2024-09-30,163.5899200439453,167.05209437717244,162.91194889289622,166.39220631895833,297300
2024-10-01,165.3345489501953,165.5334215789939,161.302888479149,163.34583645556674,253700
2024-10-02,163.4362335205078,166.618181698365,162.75826243051125,166.618181698365,190800
2024-10-03,164.22268676757812,165.0814474481185,161.04073837277872,162.31532741927822,319400
2024-10-04,166.34698486328125,166.77184783540827,164.02379738618848,165.71421462607822,291400
2024-10-07,164.94586181640625,166.99785835579965,163.73455667416064,166.3470049494137,129500
2024-10-08,165.6780548095703,166.744736501853,165.03624989909338,165.03624989909338,390100
2024-10-09,164.2859649658203,165.95828543416798,162.9571404816963,163.99669067030817,108700
2024-10-10,167.39556884765625,167.57637216603143,163.2915900769727,164.14131601725222,153700
2024-10-11,168.79672241210938,169.6735661465747,166.7808921844322,167.10631886725807,253000
2024-10-14,167.67581176757812,169.62835798683324,167.67581176757812,169.22157809921163,123300
2024-10-15,165.00912475585938,167.99220043949143,164.83738365872154,167.25095918825937,198700
2024-10-16,167.79331970214844,171.38204775713413,164.7198562937587,165.78652418246625,359300
2024-10-17,168.68824768066406,171.44533287727148,167.55829586183782,167.62156599114638,148200
2024-10-18,172.29505920410156,172.40353016505628,168.44417456992278,169.75491592376866,279700
2024-10-21,169.80917358398438,171.2555037104537,168.22724095626748,171.2555037104537,166300
2024-10-22,170.1526641845703,171.0023901760472,167.65773548493476,168.5888146985682,135200
2024-10-23,170.50521850585938,173.18095069010192,169.02272215594826,169.48375136164825,137700
2024-10-24,170.59561157226562,171.14702862668096,169.51989520436047,170.76736646036576,113000
2024-10-25,171.14703369140625,171.97867662223462,169.21255661911124,170.34250850230595,149600
2024-10-28,173.46116638183594,174.6905545359969,170.36058515240964,171.33685140441744,193400
2024-10-29,169.6283721923828,173.84083614828475,169.45663109154086,173.13574727246436,202900
2024-10-30,169.3029327392578,171.55380169991548,167.78428413449384,169.53797154239297,181300
2024-10-31,166.44642639160156,168.00124119083773,165.52438184941334,167.96507500851666,254300
2024-11-01,164.3040313720703,167.23287149246593,164.3040313720703,166.1481204901052,224700
2024-11-04,164.08709716796875,165.85885400340302,163.62606797008976,165.1176127377012,188100
2024-11-05,164.33116149902344,164.90066168036557,163.23737576515242,163.71647427558491,123100
2024-11-06,165.8498077392578,168.36281945776284,163.49950246035698,168.03739278519743,307000
2024-11-07,164.882568359375,167.21479063191305,163.71646411978475,165.63285804263535,219700
2024-11-08,167.2328643798828,167.5040555672783,158.91642199101403,162.51418461661433,279800
2024-11-11,167.68484497070312,169.0136693739395,166.74473115423007,167.23286425649638,140500
2024-11-12,169.48374938964844,170.85776096104163,167.37751740478515,169.36622997884,161900
2024-11-13,169.0588836669922,171.04759620920112,164.828336672573,168.94136425806565,242000
2024-11-14,170.4509735107422,170.5865760080001,166.71760820530005,168.36282471053133,198500
2024-11-15,173.86795043945312,173.86795043945312,168.59785327441512,170.84872236000493,189800
2024-11-18,174.60015869140625,177.17645449088732,172.43969125215474,173.22614713881703,293200
2024-11-19,174.89846801757812,176.64312089370011,172.9459216509323,172.9459216509323,133200
2024-11-20,174.31993103027344,174.8713480928344,172.48489030263036,174.8713480928344,260400
2024-11-21,179.5719451904297,180.79229872416087,174.56400458484785,174.70864173423303,362300
2024-11-22,178.3696746826172,180.79228467647067,177.39339469016144,178.984361829706,317000
2024-11-25,173.44308471679688,179.16516253918147,173.44308471679688,178.2340833184483,344000
2024-11-26,174.18434143066406,174.67247456538976,170.32442201252562,172.91878707071558,168100
2024-11-27,172.9187774658203,174.24760188360898,171.21029089914296,174.00354222648144,183800
2024-11-29,167.65773010253906,173.37980769759264,167.2328671204402,172.13233649114432,399800
2024-12-02,172.50296020507812,175.38659935470818,169.4837323591845,169.4837323591845,426800
2024-12-03,173.2622833251953,175.16964246882523,171.29165405485364,171.88825810775623,308700
2024-12-04,172.20465087890625,176.40806597356837,171.11989993125377,176.40806597356837,400300
2024-12-05,174.60015869140625,175.43181541186536,172.36737267675144,173.4521375144432,253300
2024-12-06,172.1865692138672,177.63745552980396,170.47808266399682,175.11540921079788,224900
2024-12-09,172.5481719970703,175.41372823813066,171.30070073876584,172.9549519050608,281400
2024-12-10,172.65663146972656,173.86793646387298,171.52667969309223,172.95494039396084,356300
2024-12-11,176.42616271972656,176.85102572439013,171.21030104929957,173.56060644559338,301100
2024-12-12,174.26568603515625,177.38435025764605,172.39449301900518,176.61599130641764,329200
2024-12-13,171.42726135253906,176.5436868438045,171.06568226346113,174.3561016301594,211900
2024-12-16,166.8712921142578,172.07810519197653,166.76280735887218,170.5052072757794,439100
2024-12-17,166.7808837890625,168.34473320039186,166.44642247392878,167.67581057012444,504500
2024-12-18,163.4000701904297,169.1763834262982,162.76729992072526,168.05548003235248,270400
2024-12-19,162.8667449951172,167.51310664454093,162.41476423624968,165.2622512931299,264600
2024-12-20,164.63851928710938,166.34700604175188,163.02946885335544,163.03850350312405,415300
2024-12-23,164.33116149902344,164.78314226685472,162.5684392631531,164.37636233447824,163700
2024-12-24,165.3978271484375,165.75037156121945,164.2317091569115,165.24415535756916,93800
2024-12-26,165.16281127929688,167.1424753724252,164.6294635128135,165.07240961220265,130100
2024-12-27,163.72549438476562,165.33454467187556,162.27011588986764,162.8576991118797,199000
2024-12-30,162.8757781982422,164.24980355513745,160.8870656355578,163.4543268060785,259800
2024-12-31,165.71421813964844,166.2385036377638,162.61362322157797,165.12663492643566,284700
2025-01-02,166.3289031982422,167.68484534388003,165.14471593132222,165.2803046285433,164900
2025-01-03,166.67242431640625,168.28147466877073,164.53002620078567,166.9436017293324,187200
2025-01-06,169.8001251220703,171.03856175854096,167.42271575273867,167.42271575273867,200300
2025-01-07,167.29615783691406,171.04759246409378,166.52778506105437,171.04759246409378,181600
2025-01-08,166.13003540039062,167.05207994831764,165.2079908524636,166.2565894525879,168500
2025-01-10,162.821533203125,165.3978288726356,160.76955062717704,164.06900442752263,395100
2025-01-13,162.7492218017578,164.1865310645066,161.6373530229231,162.83058881941523,434000
2025-01-14,169.7910919189453,170.5052154420967,162.1074190911659,164.13229783727192,436300
2025-01-15,171.98770141601562,174.11201635203196,171.17414162407928,172.97302988464966,248900
2025-01-16,168.81480407714844,173.12670413981326,168.81480407714844,171.79787967895024,131400
2025-01-17,164.64755249023438,169.14024239692355,163.35489412339942,168.90521736477857,374200
2025-01-21,165.19895935058594,166.76280883824893,163.49950736582727,166.0758030837129,376200
2025-01-22,165.27127075195312,166.64529599475847,163.55373575010722,165.01816265372014,248000
2025-01-23,164.74697875976562,166.77185742864935,163.64414465719187,165.20799414624187,169200
2025-01-24,164.16844177246094,166.31987446729627,163.31871579069045,165.69613885117295,296200
2025-01-27,163.8972625732422,165.06338066962823,162.8486638894701,164.56619907013643,258900
2025-01-28,164.00572204589844,166.42834594570425,162.9661718780365,163.5266235727074,126000
2025-01-29,166.48257446289062,167.12439314555203,164.0780337551123,164.66561695905577,207600
2025-01-30,167.39556884765625,169.6735554842887,166.17522920876348,167.82948025972874,308700
2025-01-31,165.51535034179688,168.01027902837552,164.80121305765155,167.57638138578736,384700
2025-02-03,165.25320434570312,166.49162722233294,162.12550519031558,162.69499157215884,239100
2025-02-04,168.2724151611328,169.16734194501518,165.126633237825,165.3887897775588,188100
2025-02-05,169.44757080078125,170.13459032954435,168.17298184770377,168.90520220757344,159100
2025-02-06,174.37416076660156,174.37416076660156,169.94475511343472,169.94475511343472,274500
2025-02-07,171.9425048828125,175.84761097915597,170.35152398255417,174.42839874610976,247100
2025-02-10,172.66566467285156,174.7357440345956,170.75830553812608,172.0238597933759,279800
2025-02-11,170.3244171142578,173.74139033914378,163.49950531350257,173.74139033914378,421000
2025-02-12,167.0159149169922,170.062274426397,166.78088990225075,169.14022987211445,285000
2025-02-13,166.12100219726562,167.23287093648707,163.4543186355985,166.41026269336672,295800
2025-02-14,168.22723388671875,169.6916470438191,164.40346696462316,166.28370846404044,234100
2025-02-18,167.5402069091797,169.87242903684677,165.75940180154268,167.1695794151654,269000
2025-02-19,166.46449279785156,167.06111065557204,164.6023344480181,166.37410493033312,298700
2025-02-20,167.15151977539062,168.7605700986035,165.47918552806968,166.808010000764,365900
2025-02-21,161.781982421875,171.58092126653173,160.42604024174642,168.6340118939942,440800
2025-02-24,163.36392211914062,164.29500135346606,161.3752095932035,162.1164508449207,306100
2025-02-25,163.87918090820312,164.42156334752988,160.99555519274583,163.73455754529328,295000
2025-02-26,166.22947692871094,167.08823758080902,163.47239164072647,164.5933088477608,276200
2025-02-27,164.2407684326172,167.07017236372647,163.79782232852747,166.2927649158829,353100
2025-02-28,165.44302368164062,165.49725916014324,161.35711418304493,164.32210655027885,436200
2025-03-03,166.0215606689453,168.5888078371319,164.71081934523684,166.4373752052825,350900
2025-03-04,165.37071228027344,167.69388606808883,162.82153433330686,164.9368146400892,237400
2025-03-05,166.28370666503906,167.8927569493074,165.08143627630244,166.41026071683464,297100
2025-03-06,164.55714416503906,167.35039566218245,163.21928501714578,165.5695904169801,150600
2025-03-07,164.4215545654297,165.2079966464254,162.39667586590235,164.3944368242476,152300
2025-03-10,162.97520446777344,165.16280332454318,161.51079132621092,162.52322374078676,213400
2025-03-11,163.61703491210938,164.40347701963552,161.9356659353114,163.23737272939476,244000
2025-03-12,165.3978271484375,165.8678909632658,161.9989370715304,165.0724004756113,342200
2025-03-13,167.30519104003906,169.01367767188668,163.1288934496021,166.0306020529928,386500
2025-03-14,171.20126342773438,171.20126342773438,166.32891162269516,168.43514351746805,237000
2025-03-17,172.48487854003906,173.7413843781077,170.64983793753643,171.30069127169426,234900
2025-03-18,173.2532501220703,174.5187906004301,171.65323453679233,172.65663227083354,231800
2025-03-19,173.9402618408203,175.42275807805535,169.610292532359,172.8735939427392,310500
2025-03-20,175.62164306640625,178.31544453485185,171.69845337857635,173.60581273820875,320200
2025-03-21,174.9255828857422,176.05553474773478,172.71087999490825,175.6126024455826,402100
2025-03-24,173.70523071289062,176.6883061736238,173.70523071289062,175.51315356262506,172600
2025-03-25,178.44198608398438,178.6679764482211,172.8464762519028,174.29280630700362,368000
2025-03-26,173.27133178710938,178.6408652447929,171.93347264401308,177.92674173675084,543800
2025-03-27,172.31312561035156,175.73009875665517,171.35492868904566,172.2679385729502,481100
2025-03-28,170.0894012451172,173.52445774609268,168.5617040843658,172.5120114741407,244700
2025-03-31,168.28146362304688,169.43853315344265,166.9616738622184,167.63964493674823,421200
2025-04-01,174.04873657226562,174.7447907711349,168.70633473045189,168.95039439782784,237300
2025-04-02,175.00694274902344,175.05212978696989,172.1865736372945,172.3583285202338,208500
2025-04-03,171.05662536621094,173.9131469261627,169.30293790480565,170.37865426267945,269200
2025-04-04,161.57408142089844,167.3955818204468,157.66896116974743,167.3955818204468,646300
2025-04-07,154.4960479736328,163.1469514992741,149.61464808108724,156.57516197638242,912800
2025-04-08,153.57400512695312,161.43846672406838,152.85988167406782,158.87121960109076,760700
2025-04-09,160.9232177734375,163.1198374294741,150.15703382218504,152.4440551386445,634600
2025-04-10,155.54466247558594,159.29609719650227,151.9197680200247,159.27801410429817,244400
2025-04-11,160.78761291503906,162.58650110145217,153.34801431123773,156.82827128591614,258200
2025-04-14,166.58201599121094,167.61253149921149,162.82153302422898,162.82153302422898,244000
2025-04-15,167.30519104003906,169.49277614899924,165.20799380234388,165.77749394407888,285200
2025-04-16,167.40463256835938,168.50746670299026,165.65094504957398,167.01592195040365,317100
2025-04-17,167.3503875732422,169.7910807284167,165.9582792166205,167.80236829802848,180400
2025-04-21,167.19671630859375,167.68484942382315,165.88596116789972,167.44077596952988,88600
2025-04-22,172.9007110595703,173.189971552122,167.6758149622173,169.07694418034706,225700
2025-04-23,174.0577850341797,175.91090881941463,172.92783318871415,174.6995899581239,249500
2025-04-24,177.22164916992188,177.22164916992188,173.25325886348026,174.11201950236392,314100
2025-04-25,178.86685180664062,178.86685180664062,173.28941118721585,175.54931486413142,164700
2025-04-28,180.4759063720703,181.5064219212823,177.9448252289936,177.9448252289936,211300
2025-04-29,180.9459686279297,183.08835293150057,179.23748197461268,180.7922968308264,342900
2025-04-30,182.77197265625,182.77197265625,177.17644892460217,179.8883333469175,292800
2025-05-01,178.98435974121094,182.45556825608944,178.1707999870026,181.7504794575472,120200
2025-05-02,181.88609313964844,182.65445211183237,179.40019910135973,181.44314705449017,459600
2025-05-05,181.43411254882807,183.58553146600104,180.8646124093684,182.43751033135567,201700
2025-05-06,182.4917449951172,182.9617950257696,180.11432192794055,180.68382206484927,253400
2025-05-07,181.03636169433597,183.86575162585723,179.64425335058442,182.0578287434265,331300
2025-05-08,184.3358154296875,185.3301785323254,180.58438096614415,182.5821280268663,223900
2025-05-09,185.6465606689453,187.1019391716137,184.50757419469244,185.08610897749097,176700
2025-05-12,183.7301788330078,188.1867025032007,182.5369430064908,187.101951438504,172100
2025-05-13,186.64093017578125,187.87935300474624,182.6002212069897,184.76972326834348,290400
2025-05-14,187.9426422119141,188.21383342554432,185.0590027672498,185.3844294649345,293700
2025-05-15,188.4940490722656,190.4737268931016,186.41493493826667,187.1652246115225,292100
2025-05-16,186.7041931152344,187.62623766280092,182.7086851335889,187.3821642074598,379300
2025-05-19,184.76678466796875,188.9586506727217,184.4134885018417,186.3709544094149,294900
2025-05-20,189.8944091796875,189.9516988725578,185.12963183451444,186.3327590951365,279700
2025-05-21,191.4221954345703,192.25292509155295,188.26158788385987,191.22166694661863,365100
2025-05-22,195.1939239501953,195.4612855631577,190.76334134524163,190.84927588438345,440600
2025-05-23,195.0220489501953,196.73125453617143,192.24338237472787,192.80675042992695,294000
2025-05-27,198.3067779541016,198.5264078616584,192.9690747489936,195.05069245250493,323700
2025-05-28,199.06114196777344,199.62451004994165,197.01772699286408,198.55506357936935,289500
2025-05-29,200.3215484619141,200.93266278028955,197.2755348652409,199.16616751113463,539800
2025-05-30,202.2503967285156,203.319843210722,198.43092835478947,199.2425712122525,637800
2025-06-02,204.771240234375,205.93617922530967,202.4318188270477,203.32939620400876,597200
2025-06-03,207.11065673828125,207.54990199090452,203.3866810817321,204.3415481290642,558800
2025-06-04,203.8736572265625,210.4049588778421,203.2625429014848,208.01779126892677,796500
2025-06-05,204.9717712402344,206.0603191304917,200.00646532976424,204.73305446982604,365700
2025-06-06,207.73133850097656,208.361554277682,205.3537141998328,207.4639768811832,204300
2025-06-09,203.7686309814453,207.44487510244625,203.2721105856073,206.6618770957459,310200
2025-06-10,207.11065673828125,207.29208380849272,202.7278204878546,203.14796431989907,318200
2025-06-11,208.3806304931641,210.50999448727745,206.8051057019316,207.5976470951945,321900
2025-06-12,208.60980224609372,211.28343285739945,207.80771743373649,209.1731702997651,261500
2025-06-13,207.49261474609372,208.80077795392816,205.2773161765048,206.4040668821033,203500
2025-06-16,208.46658325195312,211.19748905256287,207.5976507316964,207.5976507316964,198900
2025-06-17,208.93446350097656,209.6888166536484,205.70700810725305,206.7573677235877,319100
2025-06-18,207.94140625,212.92581352907445,207.1584082576777,209.22092462904277,186800
2025-06-20,208.5716094970703,210.0707578078087,207.22525798622613,210.0707578078087,360100
2025-06-23,206.37542724609372,208.77213837842575,204.10283892683407,208.18012544958955,370200
2025-06-24,207.9604949951172,210.28082957656596,207.3780254933648,207.4448731826371,225800
2025-06-25,207.6167449951172,209.3164218248179,206.7382690181497,207.2825502547045,165100
2025-06-26,212.9831085205078,213.3077598360818,207.11066714234843,207.62630353307472,318000
2025-06-27,213.7947235107422,214.1575776468222,211.68447552065973,212.19055388407935,330900
2025-06-30,213.431884765625,215.4943864978216,212.4579163056255,213.33639223362152,239500
2025-07-01,212.58206176757807,216.61160199343843,208.72439062172248,214.2721660014184,405600
2025-07-02,215.9240875244141,216.0768551768949,210.15668246740807,211.7608666644317,584100
2025-07-03,216.99354553222656,218.36855646879772,215.8763527887913,217.6142033107632,228600
2025-07-07,215.54214477539065,217.95795735453487,213.44144008528025,215.9813900489239,293900
2025-07-08,215.55169677734372,216.40152788348917,213.15497111621784,215.8954495039933,233500
2025-07-09,214.48223876953125,218.0057006246744,212.02823795127944,216.3537846565046,210600
2025-07-10,213.42233276367188,217.2800038711535,210.84419459844088,216.16281115189057,312600
2025-07-11,212.38153076171875,213.48918005349176,211.3693740044526,212.24784995547824,403100
2025-07-14,211.4266662597656,213.97615960475727,211.28344202638448,212.5916052583167,177000
2025-07-15,211.80862426757807,213.32685943933544,208.3615535001244,211.3025313068769,221500
2025-07-16,210.60548400878903,212.45792850313603,207.0820220992489,211.4362137184767,338300
2025-07-17,215.38937377929688,215.83814790145323,210.8441971631181,211.0065228179652,341000
2025-07-18,216.0291290283203,217.23225627939556,214.7877989355579,214.7877989355579,298800
2025-07-21,216.1246032714844,219.1897328939912,215.322518451243,216.8789563956111,201700
2025-07-22,220.0013732910156,220.51700968259067,216.28694086699235,217.0890403016518,470800
2025-07-23,226.30349731445312,226.6567934706084,220.53610657855577,220.53610657855577,624900
2025-07-24,226.41807556152344,229.1680973926724,222.54131757851584,227.55436970898052,446900
2025-07-25,225.2053985595703,228.4137524159722,219.8581372755289,225.577796124594,144400
2025-07-28,224.3937530517578,228.33735856569984,221.72012244179905,224.00225407088251,222600
2025-07-29,227.25836181640625,228.9007343363189,223.9831747721192,224.51789799811584,271700
2025-07-30,224.47015380859372,227.12468311230265,221.09947419841416,225.425020883888,336800
2025-07-31,226.30349731445312,226.37988842904903,223.0473970841137,225.24359427587197,372400
2025-08-01,225.82606506347656,226.20800606851876,221.2809029949669,226.20800606851876,388300
2025-08-04,231.5075225830078,231.5075225830078,225.5778061254997,226.53267321354684,399600
2025-08-05,231.0778350830078,238.37301904579897,229.36862940791409,231.71759428296428,328000
2025-08-06,232.0231475830078,233.4554481447867,229.3304155332084,232.0231475830078,327800
2025-08-07,234.8972930908203,234.97368420284084,231.937199423012,232.85387819714376,318700
2025-08-08,237.95286560058597,237.98151044643515,230.3234872070336,235.59434282490017,220500
2025-08-11,237.95286560058597,239.1178045655042,236.9693537061227,238.14383609628572,255000
2025-08-12,239.68118286132807,240.18726125309303,238.16294768603345,238.5735481109291,338100
2025-08-13,238.1151885986328,243.04230601143703,238.0674569028256,239.6716265329769,467700
2025-08-14,239.06051635742188,240.98935188722476,236.54921134154503,238.89819070656387,276800
2025-08-15,240.5119171142578,243.86349521309256,236.6542460746324,236.6542460746324,559800
2025-08-18,241.79144287109372,243.12825095343257,238.1629450574544,239.98674467487868,345800
2025-08-19,239.1750946044922,243.09005533754015,238.18203928334225,241.50497253771175,494500
2025-08-20,237.8287506103516,240.0535780850603,235.97630614392455,238.06746738035267,974100
2025-08-21,239.77667236328125,243.01367117251925,235.9094577861985,238.69766790349684,394200
2025-08-22,243.50064086914065,245.39127354613163,239.1178046119781,239.4711007575972,409900
2025-08-25,240.63604736328125,245.15256456787705,240.2732077808949,243.10916417148448,136900
2025-08-26,242.7558441162109,242.7558441162109,239.26104181422076,239.67162764880865,273400
2025-08-27,240.9416046142578,242.44073830716505,238.32526365050333,240.6837864309765,208800
2025-08-28,244.5319061279297,244.96160796845373,240.33049681930927,241.7818988552445,257900
2025-08-29,245.59182739257807,247.02412802867735,242.75585639737685,243.21420309141175,442600
2025-09-02,248.37045288085935,248.52323510475972,243.54838596371584,243.8348489910003,360200
2025-09-03,249.7550201416016,251.53108798529715,246.7853976405707,248.48505980269368,446300
2025-09-04,248.2463531494141,252.00853176371652,247.99807838453975,250.70033939053573,232800
2025-09-05,249.41128540039065,250.3470364607102,240.59785202836164,248.2367884370691,586400
2025-09-08,251.6074676513672,253.13526075926964,249.22985802196405,249.22985802196405,380600
2025-09-09,252.00852966308597,256.3722500216834,251.9894136719592,251.9894136719592,257200
2025-09-10,252.25677490234372,254.10921934454043,250.86267714303696,253.3262213555232,321000
2025-09-11,254.5580139160156,254.96859977088235,250.471183938195,252.79150397223452,457200
2025-09-12,254.0519256591797,255.4460233965777,252.3999951678573,254.5770908819674,318600
2025-09-15,253.65089416503903,256.3054233671986,253.42170626037927,255.6752076247857,189200
2025-09-16,258.5684509277344,259.7142738783329,252.32361239915892,254.0710062404305,322200
2025-09-17,265.7299499511719,268.20305202494,260.2489934658478,262.1682854922256,569600
2025-09-18,250.0892333984375,265.3766642449207,248.6473748232435,263.9443636651322,769200
2025-09-19,250.75762939453125,251.74117045960352,247.13870414946945,250.4425360804572,512600
2025-09-22,254.72987365722656,255.20730718451168,250.5189064497441,250.8817605929176,222300
2025-09-23,253.56494140625,257.7090901763356,252.4573212369913,255.14049540023785,196000
2025-09-24,254.0996551513672,256.8401480460854,252.45731180992087,254.68213920126377,277000
2025-09-25,250.8817596435547,256.85923670741875,250.0510299716589,254.9495026055048,181000
2025-09-26,251.76025390625,253.946907644812,250.81494483658025,253.27848904308308,177600
2025-09-29,255.39830017089844,256.78286909904995,251.6838532261323,252.8869950770714,516400
2025-09-30,254.26199340820312,259.09361828347227,250.88175593847131,256.4200022363694,461500
2025-10-01,250.36614990234372,256.43909029812346,248.265430755246,255.84707739491304,525800
2025-10-02,247.39649963378903,251.2637286570793,245.0475348581608,250.07014484869893,279200
2025-10-03,254.1760711669922,254.36705623969357,245.7827813477612,247.9598771314948,353100
2025-10-06,252.74375915527344,254.30972594799408,249.77410750787823,253.2880403617424,142700
2025-10-07,250.7671813964844,254.87312721834743,250.47117494056445,253.1925518761724,141900
2025-10-08,252.5623321533203,254.4625082385985,250.11787486142904,251.47376974009416,156100
2025-10-09,249.449462890625,253.42171338031923,249.3348835051907,252.6100705465192,228300
2025-10-10,243.48155212402344,249.4112828617779,241.9633024549589,248.76195112707225,465100
2025-10-13,246.35569763183597,250.42344056877,243.5865890291364,245.992843492267,361500
2025-10-14,242.48849487304688,248.4659576181461,242.22113325314567,246.54669458037463,442200
2025-10-15,243.39561462402344,246.9095185101782,242.2115887611352,244.6178433296525,280800
2025-10-16,241.2471618652344,244.51282009960568,238.63083539165348,243.3956127946224,368700
2025-10-17,242.5935211181641,245.3531008882372,238.2870759550109,240.2159114814185,402800
2025-10-20,242.1256561279297,246.60398513201855,241.50498377448173,244.0544771681924,249200
2025-10-21,242.39300537109372,243.62477744915608,240.7888211579103,241.06574076041855,223400
2025-10-22,241.6195526123047,244.6369505658785,239.1941967092175,243.49109844650883,134000
2025-10-23,246.28884887695312,246.57532647337396,242.88952454241192,244.6655923914865,269800
2025-10-24,245.20985412597656,248.40866466730125,245.20985412597656,246.75676327108712,131100
2025-10-27,244.91384887695312,247.7593632757424,243.92079352114672,246.6039822641847,221900
2025-10-28,248.590087890625,251.0631900890171,245.0284232522002,246.09789884144,273200
2025-10-29,251.4737701416016,252.79149132172472,247.663859969686,248.26543086845783,313500
2025-10-30,248.26544189453125,251.0154637594922,247.75936350550933,250.366161135885,255900
2025-10-31,249.2203063964844,250.5380276214774,247.09094233027665,247.09094233027665,201800
2025-11-03,248.6951446533203,250.7767479108991,247.73071956984705,249.8505256701994,148300
2025-11-04,245.76368713378903,251.139593312714,242.6317243608404,246.47983742461787,178100
2025-11-05,247.13870239257807,249.09616823269096,246.0310530930198,246.08834278608052,188600
2025-11-06,247.1577911376953,248.7619608361509,244.47461697794247,248.57100490456185,169100
2025-11-07,247.8070831298828,249.0197829174913,243.49109461002303,246.4416302596464,298200
2025-11-10,247.32012939453125,251.20641622708243,245.33398956824232,249.39217462015557,136500
2025-11-11,246.50848388671875,248.9911440725805,246.40343335712228,248.21770408463328,235700
2025-11-12,250.67169189453125,250.67169189453125,246.6230648560328,247.32012830530385,335300
2025-11-13,240.7697296142578,250.87223969039,239.9581013342134,250.3375164540983,224000
2025-11-14,242.3452606201172,248.49459219377877,220.0491091362899,225.3581676121869,357800
2025-11-17,239.16555786132807,243.3001340517608,237.6186778595455,240.66469159525377,176900
2025-11-18,240.3018493652344,241.8678307709229,237.2749225139389,238.1151956244764,176100
2025-11-19,243.2046356201172,244.0831115609512,240.36867930552333,240.36867930552333,189300
2025-11-20,237.10304260253903,246.45119948679053,236.5587759427128,246.45119948679053,313900
2025-11-21,236.66380310058597,238.1247485148718,229.1680909639282,229.45455399165607,453300
2025-11-24,242.3261566162109,242.3548014618456,236.530121251006,240.2922851554636,610900
2025-11-25,240.29229736328125,245.44857382108117,239.8817115082489,244.1499685660308,256100
2025-11-26,244.32183837890625,246.07879033287804,240.6742536607717,242.1829454158504,352800
2025-11-28,245.60134887695312,248.628290285431,242.6890159937176,245.35310325617024,241900
2025-12-01,243.443359375,248.76196143944944,242.94682441327203,246.05970042205337,297200
2025-12-02,249.43994140625,251.6170372145256,244.96161240506652,246.17428312372093,454900
2025-12-03,251.28282165527344,252.38091295780276,247.20554975657657,250.031948124706,302800
2025-12-04,265.11883544921875,266.8567005056315,252.4668468055171,253.12570741327548,701000
2025-12-05,260.0102844238281,267.8974955321028,258.22468771399366,265.93047175269083,323100
2025-12-08,257.18389892578125,261.4425979945734,253.29758286975104,260.8983458989983,200500
2025-12-09,263.8202209472656,264.90875421295846,255.91392307242944,256.67780504343386,264700
2025-12-10,264.4981689453125,265.71083959042755,262.58843487350515,263.4287225275371,306400
2025-12-11,268.90008544921875,271.9365846960665,264.5077205031437,264.64138673199784,440200
2025-12-12,269.7785949707031,272.61455136416373,268.518163431336,269.7690369750284,285800
2025-12-15,269.5016784667969,272.78642359139457,268.5945722143918,271.15360902488067,189800
2025-12-16,267.36279296875,271.9079697740929,264.68917669515525,268.585021713855,290800
2025-12-17,263.161376953125,268.8523766745042,259.7238495864348,263.161376953125,488000
2025-12-18,268.3176574707031,269.7976898326873,263.2282286044376,263.74383586202663,241100
2025-12-19,272.8723449707031,274.0945736227456,268.91921055715545,268.91921055715545,567100
2025-12-22,276.032958984375,278.8211836425013,272.3758309384367,273.89406607856654,297100
2025-12-23,275.9565734863281,278.5060812949096,273.76039095896465,277.96180009057224,195000
2025-12-24,276.38629150390625,277.84723698941866,275.3454607299653,275.3454607299653,83700
2025-12-26,278.34375,278.7543358451097,276.04251687195455,276.9782970879949,194800
2025-12-29,277.9140625,278.4487857538267,274.4574482019662,278.3437643583612,179600
2025-12-30,276.91143798828125,278.80208519330444,275.2117758448589,278.80208519330444,239400
2025-12-31,274.0468444824219,276.911445644259,271.8601907696218,276.27167189641426,294900
2026-01-02,273.4834899902344,277.36980608632405,271.9079651010776,275.7178755105309,267500
2026-01-05,279.2986145019531,280.84549447368096,274.04684568225827,274.7820828265328,350700
2026-01-06,282.3637390136719,286.4028372946982,281.1987999983079,281.75263922901576,383500
2026-01-07,280.4444580078125,282.7361330488308,277.86630537402374,280.7309064603539,369500
2026-01-08,290.1268005371094,290.5087415284867,280.77864397245986,280.77864397245986,371300
2026-01-09,288.5130920410156,292.09384371074583,287.4150006903447,290.06953009589546,380000
2026-01-12,293.28741455078125,293.68847154164786,288.51307920357584,288.51307920357584,217900
2026-01-13,297.44110107421875,298.2336279439828,291.02439300903086,294.423717547232,460800
2026-01-14,302.68328857421875,303.829140658964,298.21451789612456,298.8733784738187,323900
2026-01-15,304.3925170898437,308.2024272951768,303.5140265819797,304.49756761828274,628000
2026-01-16,307.3048400878906,308.11648288257453,301.7475361805422,302.6832872099786,353700
2026-01-20,312.1746826171875,313.5878963640985,304.3638770178819,304.59303578864524,369900
2026-01-21,317.5792236328125,318.38130844528143,311.5253701285218,312.42294747252424,397000
2026-01-22,325.2372436523437,326.13482098776416,317.63651028666254,318.5531744721154,563000
2026-01-23,328.78936767578125,328.95170790051054,320.73031635800004,326.0871066706077,424500
2026-01-26,333.24859619140625,334.7763892799285,326.8509753820697,327.443017423297,825200
2026-01-27,340.0758972167969,343.61844584623486,335.4829889944685,336.8962027321965,1151600
2026-01-28,342.0142822265625,343.0073521446886,332.4083217749472,340.07590322824007,540300
2026-01-29,348.9275207519531,348.9275207519531,338.0133685204281,344.7069956839284,495200
2026-01-30,340.7251892089844,346.05336355046825,336.0559045890984,344.04813696109505,973300
2026-02-02,351.3051452636719,352.1358749475076,337.8224269728108,339.30245926697444,327100
2026-02-03,358.3138732910156,363.040477013172,353.3008210997356,355.983995274707,925800
2026-02-04,347.21832275390625,360.03262271507754,342.93097886746455,357.27307199256285,407000
2026-02-05,340.3146057128906,346.1297424637744,335.78854528831386,342.70177330226306,559400
2026-02-06,337.3545227050781,348.11589318683906,335.75991102365475,344.0385921659561,802800
2026-02-09,340.6392822265625,342.2339231160193,334.9578404273829,338.0993322266041,918000
2026-02-10,332.80938720703125,343.7521560142191,330.94738470586174,341.4795676536881,633800
2026-02-11,328.168701171875,336.59063555734804,327.80584702997214,335.5307471177969,670300
2026-02-12,325.65740966796875,330.6131722005416,324.1010007877267,328.43607639908186,569900
2026-02-13,314.9247131347656,318.7537394967779,303.7909593503985,309.61565443693445,1122300
2026-02-17,318.1426086425781,322.3440179919118,310.94293179685246,317.2927920891645,912700
2026-02-18,330.3840026855469,331.7685715783269,320.73031069843285,322.0766476093269,515300
2026-02-19,333.63055419921875,334.5758924302225,325.5141839638674,328.96126929909553,714500
2026-02-20,334.44219970703125,336.29464420079546,324.9985501591135,334.52813424867213,478500
2026-02-23,328.9230651855469,337.95609962978506,328.0541326433505,336.30419822624947,218600
2026-02-24,336.5238037109375,336.53336170677323,325.74337517609985,331.5298674476956,488600
2026-02-25,339.11151123046875,344.5446781459412,336.40922105600055,336.40922105600055,488500
2026-02-26,339.4361572265625,341.183551146526,332.1409588095691,337.3258800165915,374400
2026-02-27,330.7468566894531,343.32243954291977,330.3362708475762,338.2425689336088,802000
2026-03-02,337.0107727050781,337.3831556947492,323.62354740295706,326.98466886610964,252000
2026-03-03,317.6651611328125,332.27464438686417,314.54275639011746,328.30239398789007,890600
2026-03-04,323.9195556640625,326.21123072631696,318.1235057520228,320.1382612141017,352300
2026-03-05,319.09747314453125,323.9195693727532,310.71374136498133,319.4507693009678,351600
2026-03-06,315.6504211425781,320.37699575704846,309.4437850534956,317.4169310882863,616000
2026-03-09,314.72418212890625,314.9151380527181,305.27100426344936,311.4489951762265,251400
2026-03-10,325.8770446777344,330.17394665351685,314.43772626061235,317.808405978228,387600
2026-03-11,322.3726501464844,325.7338008058015,317.43600382595696,322.6113669085277,172900
2026-03-12,310.52276611328125,316.88215481392933,309.90207923899123,312.8526439699471,422200
2026-03-13,310.9811096191406,319.13568279889563,309.41514273065525,314.609622077268,432100
2026-03-16,317.6460876464844,320.4056383662046,308.8517699624906,315.57401325259275,229100
2026-03-17,319.4794006347656,325.6669495292111,317.83702816440086,322.37264659323165,342200
2026-03-18,309.4151306152344,323.1079207735685,308.7657988671595,319.4794084575187,289900
2026-03-19,313.501953125,314.409059327585,300.79267517171485,303.027060545341,313000
2026-03-20,307.1234436035156,314.2849462839084,305.013166499395,311.534924592201,526100
2026-03-23,314.9437866210937,323.23205477065017,312.2319676929826,315.9464145088182,325800
2026-03-24,315.3352966308594,317.464660719578,308.4411551158061,308.4411551158061,269600
2026-03-25,323.6044311523437,325.67650543243184,317.2927740613405,319.9950349388267,342700
2026-03-26,313.7120361328125,324.84578969408153,313.6165435975242,320.0618963363732,239700
2026-03-27,307.8777770996094,315.00110630045447,305.3378272401974,313.63562426722723,384300
2026-03-30,305.01318359375,309.2909985917357,302.4064151217382,309.2909985917357,285000
2026-03-31,323.8717956542969,324.6643516160762,305.6815901972232,311.7831754302948,469900
2026-04-01,325.8579406738281,332.29373530280776,325.5810210684781,330.28850865827934,295200
2026-04-02,324.6357116699219,328.10185459986263,315.5071849603866,318.5054523585096,175900
2026-04-06,323.53759765625,328.3501358654182,322.0384784975972,324.16781342151745,180700
2026-04-07,322.2103576660156,323.82408540179733,317.45510900113896,321.7138372627872,196700
2026-04-08,336.3519287109375,340.8875473379835,332.0359400026315,332.0359400026315,337900
2026-04-09,336.46649169921875,338.9205069672713,330.4890147487701,334.29895402515564,435400
2026-04-10,333.649658203125,342.4630624452288,331.1669980393464,337.1922068075407,291500
2026-04-13,345.0316467285156,348.96569420237284,331.7017112415026,335.63575871535977,644400
2026-04-14,341.4508972167969,346.1106529782086,338.06113092178987,346.1106529782086,347200
2026-04-15,302.20587158203125,342.0333983060761,300.3247822765547,342.0333983060761,1329300
2026-04-16,324.8648681640625,325.5810184499035,301.785718797324,303.76230057990045,1045500
2026-04-17,316.9585876464844,333.5541825143179,313.5974659434696,325.8197531728245,718200
2026-04-20,320.6921081542969,324.5020184014993,312.7285203651309,315.02975347817494,333100
2026-04-21,318.1808166503906,330.126213412137,316.0323656725359,322.4681606102134,255600
2026-04-22,319.3743896484375,323.6999363042389,315.0392849970749,322.086208626843,388600
2026-04-23,308.8899230957031,321.522824265725,307.00883389995846,318.9255848047003,385100
2026-04-24,309.042724609375,315.82228670532066,305.9107617526306,308.4220668354303,314500
2026-04-27,305.50018310546875,311.5826818859647,302.1390613951476,309.0427318964836,288800
2026-04-28,306.2449645996094,306.2449645996094,301.9957945272,304.50709955703337,310200
2026-04-29,303.7050170898437,310.48457909562217,301.02184296198783,306.579176287249,192700
2026-04-30,309.5392761230469,311.1625326852799,302.9029382185529,306.28317586261494,188700
2026-05-01,307.43853759765625,312.3370101046014,306.73194532312675,308.66076622560865,143000
2026-05-04,305.5383605957031,309.3769155387571,303.48537318349423,307.2571095814935,194200
2026-05-05,304.0296630859375,310.4654868224001,302.9697746470716,307.6581753623905,331900
2026-05-06,311.81182861328125,313.6356282053914,303.5904371658366,310.3317963177043,303900
2026-05-07,307.24755859375,314.1416998245864,304.7649275888159,310.52277470483,285300
2026-05-08,315.58355712890625,317.77973966766007,309.1382046005549,311.8595814961269,452500
2026-05-11,307.8682556152344,318.0948738448996,307.0184099298707,315.6695033114164,318100
2026-05-12,309.2050476074219,311.4298749581319,303.24665754492287,305.0800150580524,302600
2026-05-13,303.3421630859375,310.0835222529624,297.9185251348305,308.73715619062153,503100
2026-05-14,312.900390625,314.1703509987906,301.7379923123531,303.54270505115204,576400
2026-05-15,302.03399658203125,323.56623706938643,299.5895392464104,307.3716999358409,668000
2026-05-18,303.8599853515625,310.2799987792969,300.0,302.0899963378906,337800
2026-05-19,315.7900085449219,316.57000732421875,303.8699951171875,306.42999267578125,648700
2026-05-20,333.2699890136719,335.54998779296875,313.3699951171875,313.3699951171875,668900
2026-05-21,344.0,345.7699890136719,328.9100036621094,331.4200134277344,531800
2026-05-22,334.29998779296875,350.0,332.54998779296875,344.4800109863281,454900
2026-05-26,351.75,353.6099853515625,336.1099853515625,337.29998779296875,309600
2026-05-27,348.239990234375,354.4100036621094,343.0799865722656,351.239990234375,345500
2026-05-28,341.5,345.7699890136719,336.82000732421875,345.7699890136719,684900
2026-05-29,342.6300048828125,347.6400146484375,337.6700134277344,340.7900085449219,792300
2026-06-01,340.5599975585937,343.79998779296875,335.75,339.54998779296875,307600
2026-06-02,343.92999267578125,344.8800048828125,337.17999267578125,340.5799865722656,256400
2026-06-03,327.4200134277344,343.3099975585937,327.4200134277344,339.5799865722656,822200
2026-06-04,326.5299987792969,333.760009765625,325.0,330.5,679600
2026-06-05,322.5,324.3599853515625,310.75,322.3699951171875,1205100
2026-06-08,319.8900146484375,320.9800109863281,299.0,317.989990234375,1578600
2026-06-09,349.6099853515625,366.2200012207031,339.0899963378906,341.70001220703125,1426900
2026-06-10,351.6600036621094,355.8800048828125,343.4100036621094,346.8399963378906,675100
2026-06-11,368.3800048828125,374.8399963378906,362.0499877929688,364.4100036621094,730200
2026-06-12,369.5499877929688,376.7699890136719,368.6099853515625,374.4700012207031,309100
2026-06-15,362.3200073242188,374.5199890136719,359.3299865722656,369.6700134277344,654100
2026-06-16,364.2799987792969,368.4599914550781,361.260009765625,365.2799987792969,475200
2026-06-17,386.9400024414063,396.0299987792969,374.8399963378906,374.8399963378906,568800
2026-06-18,382.760009765625,398.5199890136719,380.5700073242188,398.5199890136719,674500
2026-06-22,380.5700073242188,390.0,378.4800109863281,383.0899963378906,431700
2026-06-23,368.7699890136719,378.4500122070313,368.5299987792969,375.3500061035156,473000
2026-06-24,376.489990234375,385.6400146484375,368.75,371.1900024414063,491500
2026-06-25,380.4100036621094,390.1900024414063,371.25,379.1499938964844,435400
2026-06-26,384.1000061035156,391.2099914550781,380.010009765625,380.8200073242188,274600
2026-06-29,384.739990234375,389.7000122070313,379.5899963378906,381.5700073242188,264100
2026-06-30,389.5799865722656,394.260009765625,385.0,385.0,380800
2026-07-01,387.0,399.3800048828125,384.25,386.4700012207031,406200
2026-07-02,391.2099914550781,396.3800048828125,388.9299926757813,390.80999755859375,245200
2026-07-06,392.3200073242188,398.5799865722656,389.4599914550781,395.5199890136719,274000
2026-07-07,386.4700012207031,394.0,385.8599853515625,389.6000061035156,251100
2026-07-08,381.4700012207031,389.0899963378906,376.5899963378906,384.5400085449219,290800
2026-07-09,391.9200134277344,394.75,378.260009765625,382.7999877929688,323700
2026-07-10,400.80999755859375,402.1900024414063,394.1099853515625,395.9599914550781,205200
2026-07-13,389.2200012207031,403.2999877929688,387.7999877929688,401.2099914550781,210000
2026-07-14,392.239990234375,397.1499938964844,389.7000122070313,394.239990234375,259800
2026-07-15,398.2000122070313,399.8900146484375,392.0899963378906,393.6400146484375,256700
2026-07-16,387.4400024414063,396.510009765625,387.0799865722656,392.3999938964844,366800
2026-07-17,390.5799865722656,393.3800048828125,377.4500122070313,382.0,253400
2026-07-20,386.8500061035156,397.6799926757813,386.1099853515625,390.4400024414063,241400
2026-07-21,391.1000061035156,396.1499938964844,389.7900085449219,392.6499938964844,280500
2026-07-22,393.6700134277344,394.2699890136719,386.2000122070313,391.6099853515625,703900
2026-07-23,387.6300048828125,393.0199890136719,385.1199951171875,390.3800048828125,169800
2026-07-24,388.4200134277344,394.260009765625,386.05999755859375,391.5199890136719,162700
2026-07-27,390.989990234375,395.5899963378906,383.989990234375,392.2799987792969,175600
2026-07-28,388.9500122070313,393.1900024414063,381.0700073242188,381.0700073242188,199500
2026-07-29,383.9299926757813,391.8800048828125,380.4299926757813,390.6099853515625,201200
2026-07-30,402.2699890136719,402.8399963378906,390.0899963378906,390.0899963378906,412200
2026-07-31,400.5799865722656,413.25,400.239990234375,409.2999877929688,349100
2026-08-03,395.7900085449219,401.9299926757813,392.8299865722656,396.0700073242188,269800
2026-08-04,392.1199951171875,400.6099853515625,390.7900085449219,393.6700134277344,316400
2026-08-05,394.8800048828125,400.9700012207031,391.489990234375,391.489990234375,204700
2026-08-06,392.5700073242188,399.260009765625,391.239990234375,395.6000061035156,168000
2026-08-07,386.9299926757813,396.0199890136719,385.4400024414063,392.8200073242188,210300
2026-08-10,382.2099914550781,392.5199890136719,381.6700134277344,384.739990234375,211000
2026-08-11,377.0,389.0,374.6900024414063,385.0,306100
2026-08-12,372.2200012207031,384.4299926757813,372.1499938964844,381.1400146484375,273500
2026-08-13,375.1400146484375,379.4400024414063,370.55999755859375,373.7300109863281,339200
2026-08-14,386.3599853515625,392.1600036621094,376.0,384.2999877929688,455400
2026-08-17,378.2799987792969,392.3900146484375,375.510009765625,385.2300109863281,440300
2026-08-18,368.4400024414063,389.7000122070313,365.7799987792969,376.2099914550781,350400
2026-08-19,368.9800109863281,380.3699951171875,365.5799865722656,371.9800109863281,258200
2026-08-20,370.2099914550781,377.9100036621094,368.1400146484375,368.1400146484375,298500
2026-08-21,378.9700012207031,379.8299865722656,373.7200012207031,375.0899963378906,192800
2026-08-24,379.739990234375,381.5400085449219,375.1799926757813,379.0899963378906,199300
2026-08-25,383.2999877929688,383.6900024414063,375.2099914550781,381.5400085449219,214600
2026-08-26,382.5499877929688,385.9700012207031,380.8800048828125,382.8800048828125,240600
2026-08-27,373.2000122070313,383.010009765625,372.0899963378906,380.989990234375,310600
2026-08-28,368.3999938964844,377.7900085449219,367.9599914550781,377.7900085449219,554800
2026-08-31,366.3800048828125,373.4700012207031,365.6499938964844,372.4800109863281,389100
2026-09-01,372.5199890136719,374.3699951171875,364.489990234375,366.0199890136719,293900
2026-09-02,379.55999755859375,383.80999755859375,372.5199890136719,374.92999267578125,278600
2026-09-03,384.19000244140625,386.20001220703125,377.7099914550781,382.05999755859375,215200
2026-09-04,382.5299987792969,385.260009765625,380.1199951171875,380.3299865722656,149400
2026-09-08,377.239990234375,385.2900085449219,375.5899963378906,383.8699951171875,579391
