Date,Close,High,Low,Open,Volume
2016-09-06,13.024144172668457,13.032208842996205,12.790274116788796,13.016079502340707,1491700
2016-09-07,12.959305763244629,13.121399013833422,12.910678406402313,12.959305763244629,1236300
2016-09-08,13.04845905303955,13.14571378049341,12.967412416270655,12.975517234531146,1725800
2016-09-09,12.77290153503418,13.07277208429795,12.77290153503418,12.967412537597824,1495000
2016-09-12,12.934992790222168,12.951201652414243,12.537866005042044,12.643226314503332,1229600
2016-09-13,12.6675386428833,12.8458407454826,12.594596838505504,12.748584491033629,1158400
2016-09-14,12.618910789489746,12.789108079091942,12.537864939580722,12.643225240088544,1116100
2016-09-15,12.724272727966309,12.821528224127361,12.529761735644204,12.61080836890407,1563900
2016-09-16,12.221783638000488,12.61080633275068,12.2055747777164,12.61080633275068,3527900
2016-09-19,12.237994194030762,12.440609986826516,12.140737933321038,12.343353726116792,1887300
2016-09-20,12.246100425720215,12.35146074954359,12.116426418835461,12.35146074954359,1398800
2016-09-21,12.28662109375,12.456818384274733,12.156947114858372,12.335249222293303,1575800
2016-09-22,12.529759407043457,12.602701208837829,12.327143634467022,12.33524845087036,1458100
2016-09-23,12.464923858642578,12.586493027036129,12.400086865776961,12.489237537737703,1196500
2016-09-26,12.294730186462402,12.408195343911885,12.189369848741771,12.375776837914625,1433000
2016-09-27,12.54596996307373,12.635121409727528,12.181261677713296,12.19747131271142,1954400
2016-09-28,12.8539457321167,12.862050549401593,12.602702579628298,12.602702579628298,1833100
2016-09-29,12.602705001831055,12.943099664040316,12.529763178083632,12.829634518997874,1614600
2016-09-30,12.375775337219238,12.513553391311913,11.589625695967081,11.605834560541137,8125900
2016-10-03,12.15694808959961,12.310935758650643,11.873285658341775,12.197471404481865,2489400
2016-10-04,12.254202842712402,12.416295319550285,12.140737722466936,12.181261034905882,1643000
2016-10-05,12.77290153503418,12.797215217125132,12.310936937798006,12.343355438225279,1609000
2016-10-06,12.805318832397461,12.926888004348768,12.635121527914864,12.837737329779007,2096200
2016-10-07,12.6675386428833,12.870154422635911,12.602701655195895,12.7728989411048,1756100
2016-10-10,12.926888465881348,13.032248779362567,12.797214471725379,12.797214471725379,1227600
2016-10-11,12.740483283996582,12.95930797293458,12.683750327449816,12.918784653377756,1199500
2016-10-12,12.77290153503418,12.894470718406954,12.69995971584331,12.69995971584331,1124400
2016-10-13,12.505447387695312,12.602702878667998,12.254203456327422,12.602702878667998,1260400
2016-10-14,12.699958801269531,12.84584242914562,12.659435485424176,12.683749165764203,937300
2016-10-17,12.6675386428833,12.878259239326303,12.651329009502518,12.732375630570708,1200900
2016-10-18,12.683751106262207,12.870158078502214,12.594600416097558,12.870158078502214,1151300
2016-10-19,12.659435272216797,12.781005217705404,12.651330454600632,12.716167449694044,896600
2016-10-20,12.473031997680664,12.716170399218095,12.456822358688502,12.627019703515579,2048200
2016-10-21,12.440611839294434,12.473030340052311,12.213681561071265,12.302833017843948,1817000
2016-10-24,12.432507514953613,12.60270484392576,12.335252008814967,12.60270484392576,1294900
2016-10-25,12.15694808959961,12.473029018179659,12.132634409837435,12.424400885737366,1388300
2016-10-26,12.383875846862793,12.383875846862793,12.051586102339549,12.108318271526102,1412000
2016-10-27,12.440611839294434,12.521657704730115,12.375774837778678,12.505448840810189,1181000
2016-10-28,12.221783638000488,12.473027542205598,12.035377493685289,12.473027542205598,1715200
2016-10-31,12.221783638000488,12.3919809220316,12.2055747777164,12.262306948087486,2055900
2016-11-01,12.205575942993164,12.375773243273159,12.100215635875271,12.29472661536157,1766200
2016-11-02,13.145713806152344,13.704933900529635,12.805319940645399,13.680619445700701,6056900
2016-11-03,12.967411041259766,13.267283101756675,12.943097361974424,13.145712386576179,2721100
2016-11-04,12.79721450805664,12.999831090648039,12.764796009425611,12.943098138355257,1254100
2016-11-07,13.016040802001953,13.234866274709088,12.991727891147479,13.121401901825156,1947700
2016-11-08,12.967411041259766,13.153817203977269,12.797213740426514,12.991725493463036,1925500
2016-11-09,12.967411041259766,13.486106988242682,12.959306223858675,13.283491190722998,6021400
2016-11-10,13.49421215057373,14.069641834073025,13.242968988061254,13.356433342905103,4725200
2016-11-11,13.899444580078125,13.948071942774936,13.340224498638843,13.340224498638843,3020100
2016-11-14,14.296571731567383,14.401932823392617,14.07774782130733,14.07774782130733,3543900
2016-11-15,14.142585754394531,14.223630850883566,13.923760283867429,14.134480935578402,1861900
2016-11-16,14.102058410644531,14.256046840993731,14.061535871738002,14.110163227592992,2053900
2016-11-17,14.183104515075684,14.264151135757546,14.02911609036372,14.11016271104558,1303600
2016-11-18,14.183104515075684,14.38572029386248,14.158790065120412,14.207418965030957,2736100
2016-11-21,14.466766357421875,14.48297599010115,14.1831039688772,14.304673122300445,2129300
2016-11-22,14.580231666564941,14.66127828952901,14.410035149592582,14.466767321916702,2581600
2016-11-23,14.588335990905762,14.685592244346177,14.482976466694709,14.604545624118447,1220800
2016-11-25,14.588335990905762,14.653172977920804,14.531603820497063,14.612650440724792,603000
2016-11-28,14.418136596679688,14.588333073873892,14.393822151722489,14.44244949580149,1622300
2016-11-29,14.337096214294434,14.653176406725226,14.312781758785885,14.50729276534607,1076800
2016-11-30,14.507294654846191,14.6612831347844,14.442457644214779,14.572131665477606,1663600
2016-12-01,14.669387817382812,14.807166656917735,14.612655626839535,14.63696853945165,3308000
2016-12-02,14.572127342224121,14.70180132501532,14.523499985136375,14.612651427993752,1542200
2016-12-05,14.782844543457031,14.807158989314633,14.580228798816718,14.766634912885298,1873800
2016-12-06,15.034092903137207,15.09892990231281,14.831477087483952,14.88010599624265,1526300
2016-12-07,15.058507919311523,15.449214779205127,15.009669949957587,15.099205968351296,3663400
2016-12-08,15.522477149963379,15.6364329633668,15.082932189313384,15.1480500187627,2098000
2016-12-09,15.782953262329102,15.831792813651276,15.473643866615278,15.546901641066551,1812600
2016-12-12,15.587599754333496,15.774813377282642,15.571319903851313,15.620159455297866,1994500
2016-12-13,15.506200790405273,15.734114020980632,15.367825177650923,15.620158181958885,1190600
2016-12-14,15.546895980834961,15.791087438413943,15.31084289298138,15.457358388541337,1475500
2016-12-15,15.921320915222168,16.189932102889692,15.595731832069292,15.603871753214515,3023300
2016-12-16,15.717833518981934,16.01900450571403,15.612017608932808,15.888768822946583,3283800
2016-12-19,15.831790924072266,15.872488992784634,15.636435847163852,15.636435847163852,1431000
2016-12-20,16.17365264892578,16.18179101695398,15.986437581124099,15.994577501683398,1618500
2016-12-21,15.994576454162598,16.157371749624552,15.9864365341364,16.157371749624552,658300
2016-12-22,15.848066329956055,16.035281448474745,15.799228345901035,16.035281448474745,949300
2016-12-23,15.848066329956055,15.970163618890881,15.799228345901035,15.823648114194304,701300
2016-12-27,15.83992862701416,15.986444152243559,15.83992862701416,15.896908094350279,455800
2016-12-28,15.660848617553711,15.92131986692599,15.628290487647732,15.831783845286212,798000
2016-12-29,15.6527099609375,15.848063413741956,15.555034010800888,15.628291749668964,502800
2016-12-30,15.587599754333496,15.709695527885897,15.538761755418935,15.709695527885897,873100
2017-01-03,15.668992042541504,15.986441254645266,15.538756388728093,15.872485445691394,910200
2017-01-04,15.86434555053711,15.978301359686906,15.766669586274846,15.766669586274846,1177800
2017-01-05,15.620155334472656,15.872486740249837,15.5224778098803,15.82364875421945,834600
2017-01-06,15.791091918945312,15.905049310343436,15.636436457246916,15.725974074945755,943100
2017-01-09,15.416664123535156,15.644575792685199,15.351546281987742,15.50620018533047,800100
2017-01-10,15.579458236694336,15.668995852662595,15.327126790139593,15.441082626803317,961500
2017-01-11,15.668992042541504,15.766669559167292,15.498058329110696,15.579454448345487,939400
2017-01-12,15.245718955993652,15.498051787209654,15.091065152703486,15.498051787209654,1458900
2017-01-13,15.701553344726562,15.774809549054604,15.351544406959663,15.449220381084798,1476100
2017-01-17,15.351551055908203,15.530624787717764,15.237593633363675,15.51434493413536,1106800
2017-01-18,15.571317672729492,15.660855285020201,15.270148244621822,15.522479680812637,831300
2017-01-19,15.668992042541504,15.71783002458867,15.465498639391615,15.652712197681964,1522600
2017-01-20,15.612019538879395,15.791093236688644,15.563181539937233,15.701557164050016,978800
2017-01-23,15.473637580871582,15.612013148342458,15.416659680006754,15.555035247477631,598400
2017-01-24,15.734110832214355,15.831788354817006,15.489919354505059,15.595735247504006,810100
2017-01-25,15.97830581665039,16.019005440221907,15.815511979960007,15.872489900428237,738700
2017-01-26,16.010866165161133,16.157381710899788,15.95388824238098,16.010866165161133,928100
2017-01-27,15.74224853515625,16.02713958732921,15.725968691596348,15.896903943912656,579600
2017-01-30,15.677131652832031,15.693411497367432,15.335262680245734,15.652711886028928,896100
2017-01-31,15.392240524291992,15.766669184506664,15.196887048214023,15.660851747965626,1233900
2017-02-01,15.571317672729492,15.84806888114462,15.424803696978929,15.612017293103348,951700
2017-02-02,15.400379180908203,15.587592719364414,15.270143540892466,15.424798945610389,805500
2017-02-03,15.685267448425293,15.848061193355234,15.595729879568665,15.677127528299144,789000
2017-02-06,15.636431694030762,15.750389050714857,15.457358065714883,15.465497987801704,756900
2017-02-07,15.571317672729492,15.74225297323614,15.522479680812637,15.74225297323614,1163900
2017-02-08,16.26319122314453,16.320169123473384,15.196886302976672,15.880624211985573,2316900
2017-02-09,16.393428802490234,16.596922214845005,16.320171049839995,16.36901058662784,1583100
2017-02-10,16.727155685424805,16.841113037151032,16.523662299701723,16.588780121031856,1475700
2017-02-13,16.889951705932617,17.02832727598609,16.849253648135697,16.85739201766997,1064100
2017-02-14,17.10972785949707,17.23996352967619,16.91437435422839,16.91437435422839,1460700
2017-02-15,17.305076599121094,17.313216520332094,16.99576580322804,17.13414135875257,1013200
2017-02-16,17.012048721313477,17.345777788644263,16.971350660431774,17.19926228541972,1548800
2017-02-17,17.02832794189453,17.02832794189453,16.72715702381303,16.930650425818207,1688000
2017-02-21,17.215547561645508,17.30508518686883,17.142289786923154,17.1667095626746,1597400
2017-02-22,17.16670799255371,17.288803755079712,17.093450224531743,17.093450224531743,1024200
2017-02-23,17.142276763916016,17.24809415925071,17.020181082978983,17.15855660204917,670100
2017-02-24,16.963218688964844,17.036476474915435,16.792283337569383,16.857401197021886,711200
2017-02-27,17.16670799255371,17.20740606255176,16.979494386511725,17.00391260749781,937100
2017-02-28,17.020191192626953,17.231824556471445,17.003911344823898,17.085309031307432,1458700
2017-03-01,17.305076599121094,17.66322536974892,17.296936677910097,17.589967631381153,1319600
2017-03-02,17.12600326538086,17.37833461685326,17.12600326538086,17.37833461685326,754600
2017-03-03,17.215547561645508,17.28880533636786,17.060892086950314,17.10159171320273,1053200
2017-03-06,17.00391387939453,17.085311578011048,16.92251773330998,17.044613504968773,737900
2017-03-07,16.816694259643555,16.995767890686075,16.80041441522203,16.987629521006728,770400
2017-03-08,16.669612884521484,17.061838703318024,16.669612884521484,17.037325563747526,1217700
2017-03-09,16.6042423248291,16.849384636556838,16.6042423248291,16.661441729995506,909300
2017-03-10,16.579729080200195,16.718641029833794,16.481671844413487,16.669613191223885,1728600
2017-03-13,16.498016357421875,16.628758310367207,16.465330089902032,16.579730467654464,1380900
2017-03-14,16.587892532348633,16.653263477516425,16.359095003544493,16.498008456846836,1176200
2017-03-15,16.52252769470215,16.677784331328333,16.36727261664281,16.645099625945733,1418600
2017-03-16,16.62875747680664,16.685956883532075,16.506187096885437,16.64510060974732,1742300
2017-03-17,16.824867248535156,16.84938194335958,16.41629835286129,16.60423967081527,3150400
2017-03-20,16.96377944946289,17.06183510419416,16.68595249678008,16.68595249678008,1972500
2017-03-21,16.612407684326172,17.094519002840038,16.596064557937083,17.070004313256405,3238500
2017-03-22,16.416297912597656,16.514353572132336,16.23652816440634,16.47349730708732,1459400
2017-03-23,16.530698776245117,16.653269145329837,16.203843939163598,16.39178527566462,1050800
2017-03-24,16.50618553161621,16.702298432606288,16.416299867533212,16.52252710444029,800900
2017-03-27,16.51435089111328,16.547037144696137,15.844298278328301,15.844298278328301,972900
2017-03-28,16.57155418395996,16.64509670637994,16.391782880903747,16.39995444545781,1231700
2017-03-29,16.465328216552734,16.620584852473563,16.41630037941815,16.473499782502973,780400
2017-03-30,16.677783966064453,16.7431549339648,16.44081479188826,16.457156364938236,1045400
2017-03-31,16.75132179260254,16.890235255176535,16.653264589022978,16.653264589022978,1004700
2017-04-03,16.694122314453125,16.83303577626049,16.481666340008545,16.75132170015621,1541500
2017-04-04,16.775842666625977,16.824870507203972,16.645100719373353,16.645100719373353,1196600
2017-04-05,16.685956954956055,16.939269282353106,16.661442255440104,16.849385167928506,1729200
2017-04-06,17.09452247619629,17.102694041051173,16.596067930014684,16.677782019996908,1368700
2017-04-07,17.102699279785156,17.23344124037768,16.922927915045104,16.939271049760947,1725000
2017-04-10,17.086353302001953,17.249781504832683,16.996467634588363,17.17623896941554,884300
2017-04-11,17.09452247619629,17.225264396741196,16.939265861086724,17.02097995106895,1096400
2017-04-12,16.65326690673828,17.05366578172775,16.62875377135656,17.05366578172775,947400
2017-04-13,16.432640075683594,16.710467025637953,16.424468511441816,16.53069572945189,840500
2017-04-17,16.636924743652344,16.645096308010835,16.42446874603119,16.473496573615602,767300
2017-04-18,16.57155418395996,16.620582012717758,16.40812601001187,16.473496967877793,766600
2017-04-19,16.587892532348633,16.76766380048477,16.5306931501476,16.710464418283735,2048600
2017-04-20,16.92291831970215,16.980119258774504,16.67777767222839,16.702292360402257,1166800
2017-04-21,16.85755157470703,16.98012348753567,16.824866874234914,16.922922534217886,939700
2017-04-24,17.20891761779785,17.32331794294048,17.143546671387618,17.29880325357428,1138500
2017-04-25,17.315153121948242,17.494922904933098,17.315153121948242,17.364180961204674,1077900
2017-04-26,16.833038330078125,17.396863826315208,16.824866765371315,17.290635043693275,2480900
2017-04-27,17.405031204223633,18.46731107720126,17.11086271203214,17.445889021587984,1743600
2017-04-28,17.21709442138672,17.486749852226293,17.208922855777423,17.470406721007706,1037100
2017-05-01,17.396860122680664,17.470401072252546,17.102690090128053,17.24977510640436,1277800
2017-05-02,17.552122116088867,17.576636814729017,17.36418076888173,17.396867033735266,1088900
2017-05-03,17.372346878051758,17.52760347020268,17.364175314405248,17.503088779263145,914000
2017-05-04,17.478578567504883,17.666521462405395,17.478578567504883,17.576635797825446,1306300
2017-05-05,17.298809051513672,17.51943665405701,17.208923385610795,17.51126508819613,815100
2017-05-08,17.306982040405273,17.405037721664634,17.19258322608037,17.323325173470817,712000
2017-05-09,17.184404373168945,17.42954503094193,17.11086186412379,17.33148783269296,853600
2017-05-10,17.298809051513672,17.372351585694783,16.98829734163428,17.086353014831214,833400
2017-05-11,17.429542541503906,17.503085040045082,17.19257348064483,17.257944417285202,1422500
2017-05-12,17.225263595581055,17.437719596226696,17.208920466631415,17.282462988338235,719100
2017-05-15,17.405031204223633,17.486745280385968,17.266117742317572,17.306975559681923,907000
2017-05-16,17.527605056762695,17.527605056762695,17.306977494035362,17.37234845055829,715500
2017-05-17,16.416297912597656,17.52760577776808,16.342755388663342,17.52760577776808,1589300
2017-05-18,16.457155227661133,16.62875498064534,16.3427564313828,16.399955829521964,2073000
2017-05-19,16.57155418395996,16.726809234787414,16.40812601001187,16.40812601001187,1558000
2017-05-22,16.6042423248291,16.72681270140952,16.522528220919856,16.62058545732433,1054300
2017-05-23,16.685956954956055,16.743156361926328,16.514357175478285,16.645100680996414,695200
2017-05-24,16.694122314453125,16.931091420732532,16.612408238348845,16.743150136689145,778300
2017-05-25,16.726806640625,16.84120696807293,16.628750998316868,16.759492893771935,671300
2017-05-26,16.743152618408203,16.775838877121313,16.58789600665412,16.661438530192022,712600
2017-05-30,16.66143798828125,16.775838331489688,16.514352945989362,16.636924853610303,896800
2017-05-31,16.743152618408203,16.75949574776476,16.440812518144913,16.67778165954858,875800
2017-06-01,17.119035720825195,17.13537729058425,16.76766625465831,16.85755034331585,1082200
2017-06-02,17.110864639282227,17.380520029993605,16.931093339763613,16.955608032943392,975100
2017-06-05,16.62875747680664,17.17623996178384,16.62875747680664,17.110868988588066,1327900
2017-06-06,16.171157836914062,16.57155517254968,15.958701821533937,16.448983255493197,1507200
2017-06-07,16.4338321685791,16.54054467313681,16.138318208747528,16.17115378903399,1932600
2017-06-08,16.778600692749023,16.918148800544827,16.42562597504864,16.43383487147038,1518700
2017-06-09,17.131576538085938,17.213662376332614,16.81143581931328,16.926358811095238,1339100
2017-06-12,17.205453872680664,17.47634278156033,17.033071729597648,17.09053244395865,1245700
2017-06-13,17.189041137695312,17.35321441699639,17.08232701874662,17.27112856018953,1005800
2017-06-14,17.057695388793945,17.074111614488125,16.60621551993864,17.033068701722534,997800
2017-06-15,16.942771911621094,17.221868094061005,16.90993789552113,16.90993789552113,901200
2017-06-16,16.90993881225586,17.03306911925771,16.75397292168722,16.852478106700783,2111300
2017-06-19,16.721141815185547,17.041280982268308,16.606218818378935,17.041280982268308,2253400
2017-06-20,16.392789840698242,16.721139423830508,16.089068511693803,16.704721631536522,3065900
2017-06-21,16.08086395263672,16.532342402679316,16.031612128158155,16.392794261917324,1236900
2017-06-22,16.13831901550293,16.26965821184114,15.900267309272447,16.04802273088789,1237500
2017-06-23,16.286081314086914,16.31891534103607,16.056236862693897,16.138324278597636,2456500
2017-06-26,16.450252532958984,16.58979907395361,16.2696599444965,16.343538446015355,1309400
2017-06-27,16.54875946044922,16.737559417259288,16.483089842181055,16.556968358443637,936400
2017-06-28,16.942771911621094,16.967398597961104,16.69651131096786,16.70472020641453,1000400
2017-06-29,17.189041137695312,17.312171488592963,16.9920322631216,17.230084066098744,1316100
2017-06-30,17.139780044555664,17.31216371091704,16.983815734141388,17.254703010692133,1164300
2017-07-03,17.336790084838867,17.615884685819033,17.20544933080159,17.24649380571531,574000
2017-07-05,17.23828887939453,17.33679407617906,17.049488948385086,17.328585179306433,694700
2017-07-06,17.180830001831055,17.435299569311063,17.115160385523726,17.271126311386315,730600
2017-07-07,17.213659286499023,17.353207378431446,17.057694969276163,17.230077077476185,718300
2017-07-10,17.082324981689453,17.287542730609225,17.082324981689453,17.213664215743133,1084200
2017-07-11,17.12336540222168,17.246495709179253,16.975608407597875,17.22186902151302,857100
2017-07-12,17.336790084838867,17.369624099083218,17.09052793241643,17.123363512347403,838000
2017-07-13,17.361419677734375,17.459924877223177,17.271124941030592,17.336794552127447,1102600
2017-07-14,17.295747756958008,17.38604404729063,17.139781864298072,17.189035240308677,1382000
2017-07-17,17.53380012512207,17.67334821846571,17.180825443977174,17.27932905946284,919800
2017-07-18,17.468135833740234,17.509178758381918,17.279334309601722,17.361421724572306,454300
2017-07-19,17.853944778442383,17.86215367656781,17.50096998748506,17.542014478112204,1648300
2017-07-20,17.911407470703125,17.98528599627476,17.780068217617416,17.870364541246616,943500
2017-07-21,17.927824020385742,18.174084711351632,17.78006697953129,18.174084711351632,817100
2017-07-24,17.96065330505371,18.02632290968019,17.804688972620127,17.894983700427236,578800
2017-07-25,18.280792236328125,18.37929585093411,18.124826353234134,18.16586926503884,1600100
2017-07-26,17.853944778442383,18.264380290590484,17.853944778442383,18.264380290590484,1320800
2017-07-27,18.72406578063965,19.430015292986454,18.330048103570903,18.34646589820387,2152900
2017-07-28,18.69123649597168,18.789740157369607,18.38751348100523,18.732279427272903,1168300
2017-07-31,18.78152847290039,18.880033685378663,18.625564104533378,18.80615516744177,673000
2017-08-01,19.019580841064453,19.04420753433432,18.781527503183874,18.986745250037963,1058500
2017-08-02,18.748689651489258,19.02778585550601,18.69943784068831,18.962116252542472,950700
2017-08-03,18.797941207885742,18.945698203975727,18.71585381387055,18.765107189691754,930500
2017-08-04,19.109878540039062,19.134503669412087,18.863616286497944,18.945703704344982,1039100
2017-08-07,19.356138229370117,19.454643438842442,19.01958124267772,19.118086452150045,1268100
2017-08-08,19.454641342163086,19.65985907123364,19.216588024911477,19.323302120812897,1316000
2017-08-09,19.479265213012695,19.487474109529252,19.126290491235434,19.233004580263728,861100
2017-08-10,19.315095901489258,19.45464403923078,19.15092106919786,19.315095901489258,1413900
2017-08-11,18.99495506286621,19.282260235440138,18.937494341488872,19.068833580547714,1229500
2017-08-14,19.011369705200195,19.10987490099601,18.797943085715065,18.937491199775074,1487200
2017-08-15,19.027788162231445,19.29046660592993,18.994952573925623,19.16733628115714,951400
2017-08-16,18.95391082763672,19.17554636536105,18.921075237298094,19.044207135380805,684100
2017-08-17,18.47780418395996,18.904657428581363,18.45317749326323,18.87182184098572,982400
2017-08-18,18.313627243041992,18.45317534268622,18.264375433075443,18.321836138984217,1984200
2017-08-21,18.091989517211914,18.28078938718704,18.034527257679656,18.26437159874925,1446300
2017-08-22,18.338254928588867,18.34646382497771,18.116619423150773,18.16587123579694,989700
2017-08-23,18.330047607421875,18.436760138273566,18.091995854435634,18.133038774220044,812700
2017-08-24,18.35467529296875,18.535266341764537,18.33004860035187,18.428553805132278,875200
2017-08-25,18.41213607788086,18.444970102470542,18.321839770306777,18.37930048760406,734600
2017-08-28,18.330047607421875,18.436760138273566,18.231542407977447,18.395717218489153,913300
2017-08-29,18.231544494628906,18.264380086764184,18.116623053529846,18.141249747631306,647100
2017-08-30,18.313627243041992,18.40392353271967,18.215123623108894,18.22333251905112,494800
2017-08-31,18.346466064453125,18.494223086114594,18.289005348404128,18.371091190938646,944000
2017-09-01,18.584516525268555,18.609143215717484,18.338255883527157,18.37929880192173,562700
2017-09-05,17.993494033813477,18.568104412817885,17.9360333090505,18.469599194876125,1072900
2017-09-06,17.84573745727539,18.149460452006185,17.837528558424573,18.059164130334555,748300
2017-09-07,17.377836227416992,17.85394126519471,17.32037551753317,17.85394126519471,1093200
2017-09-08,17.8065185546875,17.92193066975202,17.270674570266628,17.369598791072747,1111800
2017-09-11,18.11977195739746,18.284647675834336,17.92192203869604,18.037334098179024,1080800
2017-09-12,18.27640724182129,18.424795102431283,18.17748147729073,18.22694514574185,934400
2017-09-13,18.27640724182129,18.36708906160999,18.193969366774436,18.25991935233758,770000
2017-09-14,18.251676559448242,18.391820484160785,18.185726569723034,18.284652340496738,947800
2017-09-15,18.44952392578125,18.457767869880325,18.14450585597326,18.185724004097075,2320300
2017-09-18,18.672109603881836,18.729815652270762,18.490747512892078,18.490747512892078,1536700
2017-09-19,18.894689559936523,19.07605163303406,18.639133554123696,18.6556198717713,950600
2017-09-20,18.968881607055664,19.067805792594704,18.812249812185343,18.894687681715595,1117400
2017-09-21,18.911176681518555,19.05132059624486,18.820494862468685,18.977126666544365,661800
2017-09-22,19.026592254638672,19.100786197957806,18.82049831705707,18.82049831705707,705700
2017-09-25,19.06780242919922,19.174972112396215,18.91941617706471,18.96887826110955,471500
2017-09-26,19.026592254638672,19.100786197957806,18.886448314188303,19.018348308450772,1155800
2017-09-27,19.595409393310547,19.669603326901495,19.24092761556974,19.323365494267655,1291000
2017-09-28,19.512971878051758,19.595409758285122,19.331609799435785,19.570677922503577,655700
2017-09-29,19.240928649902344,19.545946773398178,19.240928649902344,19.479996781368932,737600
2017-10-02,19.537702560424805,19.57067676714845,19.249170782827402,19.32336471342021,784100
2017-10-03,19.45526695251465,19.57067904805589,19.306879074034843,19.562435102321245,639600
2017-10-04,19.554187774658203,19.644869589683825,19.372825716978564,19.455263587695345,612600
2017-10-05,19.75204086303711,19.809748482378893,19.479996947056108,19.529460620777638,522400
2017-10-06,19.817991256713867,19.88394124540627,19.53770341167822,19.859209410007207,870000
2017-10-09,19.85920524597168,19.925155220835833,19.75203555408529,19.834473415758335,476500
2017-10-10,19.982864379882812,20.065302254458498,19.834476520120912,19.900426505307127,632600
2017-10-11,20.01584243774414,20.123010586234944,19.842722724185943,19.925160608148328,635700
2017-10-12,19.97461700439453,20.10651695211213,19.875692829792033,20.065298808089658,514200
2017-10-13,19.991106033325195,20.17246807870781,19.78501215669298,19.958130258325724,1369100
2017-10-16,20.213685989379883,20.271392018095764,20.08178604592319,20.090029988935655,697000
2017-10-17,20.090036392211914,20.271398479177375,19.982866671263164,20.230180323348996,540600
2017-10-18,20.230178833007812,20.26315304076696,20.098277284856003,20.164227272746036,559600
2017-10-19,20.320859909057617,20.428029626464497,19.966378120110228,20.11476599198326,497900
2017-10-20,20.01584243774414,20.63412420890426,20.01584243774414,20.63412420890426,925600
2017-10-23,20.131250381469727,20.180712472700968,19.991106479338267,20.114762493602136,847600
2017-10-24,20.362071990966797,20.37031436086799,20.155978151270254,20.2219281170783,956200
2017-10-25,20.46099853515625,20.667092398842147,20.279636501166365,20.452754591924247,1436000
2017-10-26,20.180713653564453,20.609389328976352,19.620138012236836,20.609389328976352,2374400
2017-10-27,20.238420486450195,20.312614416736302,19.999352378484055,20.221934169342372,1062600
2017-10-30,19.949888229370117,20.329100214143928,19.79325644017716,20.098274502300182,912400
2017-10-31,19.760282516479492,19.958132471299606,19.719064365531345,19.94164615434335,843700
2017-11-01,19.719066619873047,20.139498411570163,19.628384790574106,19.966378698578716,997700
2017-11-02,19.760282516479492,19.875696169403312,19.603652284979198,19.72730831019531,1632800
2017-11-03,19.702577590942383,19.8756972939371,19.57892155873002,19.719065481203167,688500
2017-11-06,19.768531799316406,19.98286970134294,19.702581796567635,19.72731363723796,868500
2017-11-07,19.611892700195312,19.966372822721823,19.52945484076325,19.785010789868394,829400
2017-11-08,19.620141983032227,19.727311709760407,19.414048048032427,19.55419198672717,973200
2017-11-09,19.545942306518555,19.686086204099777,19.356336319312042,19.587162024849196,585400
2017-11-10,19.364578247070312,19.57891604296203,19.25741013531011,19.512966072870064,795000
2017-11-13,19.554187774658203,19.57891960758472,19.282143901952942,19.33984993974321,855100
2017-11-14,19.372825622558594,19.53770136318858,19.339849845483958,19.43877560433627,870200
2017-11-15,19.414043426513672,19.529457071852228,19.084293523485442,19.117269299974048,845800
2017-11-16,19.488237380981445,19.702575211369776,19.479993436846716,19.5706752499572,518700
2017-11-17,19.611892700195312,19.65311084372565,19.37282306507947,19.37282306507947,507100
2017-11-20,19.801498413085938,19.826228669926945,19.644866639483645,19.677842411766807,828000
2017-11-21,20.065298080444336,20.123004108931717,19.90866630857048,19.933398137509936,739000
2017-11-22,20.106521606445312,20.172471595570464,20.081791343255738,20.098277661258198,712400
2017-11-24,19.87569808959961,20.188960155236202,19.809748098288125,20.188960155236202,288100
2017-11-27,19.768531799316406,19.933407592374383,19.72731363723796,19.92516364548427,927200
2017-11-28,20.279638290405273,20.362076157627268,19.768524771526142,19.83447475082943,630700
2017-11-29,20.889678955078125,20.947384998607177,20.469247187745644,20.51046534101732,801700
2017-11-30,20.782506942749023,21.03806449636474,20.667094868452626,21.03806449636474,827900
2017-12-01,20.69182586669922,20.95562578152264,19.735550389278547,20.840213711880274,674100
2017-12-04,20.939138412475586,21.29362014644041,20.939138412475586,21.11225809359933,728000
2017-12-05,20.980356216430664,21.161718252704894,20.85669863876448,21.06279250504623,975100
2017-12-06,20.963871002197266,21.10401491202902,20.897921019474772,20.90616496386154,654300
2017-12-07,21.021574020385742,21.128742137273708,20.80723621423842,20.85669830108122,728400
2017-12-08,21.021574020385742,21.12912329596718,20.947117315118778,21.12085015338856,635900
2017-12-11,21.07948875427246,21.145672330504834,20.96366789035104,21.087761898544123,586000
2017-12-12,20.872663497924805,21.195309791371884,20.856117210478118,21.112579932079278,941100
2017-12-13,20.459014892578125,21.029849161218596,20.425923897059953,20.831298454287293,843000
2017-12-14,20.070186614990234,20.583108879896386,20.045367184904805,20.583108879896386,1133600
2017-12-15,20.52520179748535,20.607931666637878,20.061916739348618,20.144646608501144,4058000
2017-12-18,20.26046371459961,20.798205397278885,20.177733860816478,20.732021829840523,813800
2017-12-19,20.27701187133789,20.55001930944649,20.2025551538591,20.467289448032187,992500
2017-12-20,20.252195358276367,20.574841706497836,20.243922213148526,20.508658123416193,613100
2017-12-21,20.343196868896484,20.450744591704773,20.27701329072039,20.376287869014046,366800
2017-12-22,20.574844360351562,20.583115928605228,20.31010841593683,20.541751775571736,559100
2017-12-26,20.52520179748535,20.75684511552422,20.483837651879593,20.59138537721917,422800
2017-12-27,20.3928279876709,20.566560814028936,20.31009814549757,20.525195103972024,379600
2017-12-28,20.508657455444336,20.516929022361683,20.35974400387551,20.42592758480154,293800
2017-12-29,20.425922393798828,20.698929792979783,20.417649251042967,20.58310737233833,617500
2018-01-02,20.252195358276367,20.55002227111431,20.119828192113076,20.55002227111431,635400
2018-01-03,20.11155128479004,20.28528414409296,19.987457286968407,20.186007999071176,574300
2018-01-04,20.607933044433594,20.698936064379712,20.152921100585235,20.401109146695045,703100
2018-01-05,20.674118041992188,20.707210625304487,20.467294130113984,20.707210625304487,505800
2018-01-08,20.789934158325195,20.798207302255342,20.607929725684492,20.665840155254678,757400
2018-01-09,20.955392837524414,21.153943548138127,20.847845127669782,20.872662980283508,992600
2018-01-10,21.476591110229492,21.642050846703587,20.922304622305557,21.079489636220856,890300
2018-01-11,21.82405662536621,21.848876060733183,21.60068801882781,21.625505876253694,632900
2018-01-12,21.584142684936523,21.898514323808627,21.45177551299657,21.890241178319734,715100
2018-01-16,20.922304153442383,21.47659062894491,20.864392142415547,21.187038463515517,1030500
2018-01-17,20.988487243652344,21.137399106155346,20.856118513748143,21.029851386913023,1239400
2018-01-18,20.70720863342285,21.054672835072374,20.64929661819704,20.98848925275537,1243900
2018-01-19,20.971940994262695,21.02157828185622,20.715479834098417,20.715479834098417,1474500
2018-01-22,21.129127502441406,21.129127502441406,20.748570757765155,20.980214062261172,806600
2018-01-23,21.104312896728516,21.162223341612528,20.798212802131374,20.955399422488895,792800
2018-01-24,21.021574020385742,21.369038118984705,20.947117315118778,21.269761985981887,812700
2018-01-25,21.14567756652832,21.17049700548902,20.92230892764733,21.10431341286848,900300
2018-01-26,21.27803611755371,21.311128689406313,20.98021086058368,21.195307843803562,606400
2018-01-29,21.04639434814453,21.377312175737547,21.0215749193473,21.23667190176793,844500
2018-01-30,20.607933044433594,20.880940526330832,20.541749460274904,20.806483796909664,1092600
2018-01-31,20.343196868896484,20.789935627099876,20.310104290837952,20.63275061514476,1327500
2018-02-01,20.21910285949707,20.23564757058736,19.797181956845726,20.152919281312997,2633400
2018-02-02,19.66481590270996,20.326651721647263,19.656542757730612,20.169465122921757,1140300
2018-02-05,18.920251846313477,19.673090747115243,18.83752196731457,19.35871752250764,2039100
2018-02-06,19.036067962646484,19.16016196109544,18.2584098195238,18.423869536082943,2165500
2018-02-07,19.085702896118164,19.30079986998049,18.812695501973792,18.978155198157307,1175500
2018-02-08,18.390775680541992,19.16016062644932,18.36595782934543,19.16016062644932,1465200
2018-02-09,18.456958770751953,18.71342146473109,18.043311096781192,18.564508049631115,1597200
2018-02-12,18.878887176513672,18.936797621677986,18.22532440944903,18.531422927586494,1981800
2018-02-13,18.945066452026367,18.994703739725043,18.622421715073592,18.796153010989418,1164000
2018-02-14,19.251169204711914,19.284260208550382,18.225322838661008,18.481784035688445,1149800
2018-02-15,18.994701385498047,19.40834908024782,18.89542682240491,19.358711798701254,1412300
2018-02-16,19.15188980102539,19.201527087365953,18.729968922278406,18.83751821694732,1208900
2018-02-20,19.15188980102539,19.26771223974121,19.019522652156635,19.135343512931577,1140800
2018-02-21,19.300804138183594,19.722725036609106,19.151890694275657,19.151890694275657,1263500
2018-02-22,18.88715934753418,19.366990754332345,18.88715934753418,19.333899749350337,985700
2018-02-23,19.184978485107422,19.184978485107422,18.88715167160317,18.928515805505178,982700
2018-02-26,19.383533477783203,19.42489762088194,19.10225288647724,19.275984181021027,834500
2018-02-27,19.3090763092041,19.606903182005883,19.3090763092041,19.350440451341736,1165500
2018-02-28,18.647239685058594,19.441442537697636,18.622420254185823,19.38353211026864,1264800
2018-03-01,18.22531509399414,18.729964128158514,18.134312110712155,18.581050729311805,1170800
2018-03-02,18.02676773071289,18.150861726551778,17.72066773489892,18.109496009311638,957300
2018-03-05,18.175674438476562,18.24185798940186,17.637932889965956,17.91094023477536,1417200
2018-03-06,18.258407592773438,18.2666807353865,17.90267035011468,18.20049717242259,1268200
2018-03-07,18.4735050201416,18.52314229909724,18.068130489799135,18.10122148312268,1312800
2018-03-08,18.290767669677734,18.56487992263142,18.14125160727999,18.531653426842357,644400
2018-03-09,18.747617721557617,18.863907268472506,18.39044087394617,18.45689226994414,1101500
2018-03-12,18.573184967041016,18.847297196683105,18.564878343800178,18.731006055637767,1035400
2018-03-13,18.913747787475586,19.212778289694754,18.772538367087588,19.08818211507624,1903700
2018-03-14,18.548263549804688,19.138021076088563,18.531650304709085,18.996811661428445,1203200
2018-03-15,18.67285919189453,18.814068602565737,18.523343158910173,18.581489515102252,1236900
2018-03-16,19.030038833618164,19.129716731736366,18.755926594201163,18.77253984127527,2502900
2018-03-19,18.855607986450195,19.104800401433856,18.63133386236886,19.00512248484435,890900
2018-03-20,18.96358299255371,19.121405634177542,18.88051836094506,18.94696974936677,701800
2018-03-21,18.99681854248047,19.212784469645747,18.963592040253918,18.98851191692383,809600
2018-03-22,18.257537841796875,18.797455625219293,18.257537841796875,18.74761747495793,997900
2018-03-23,17.642868041992188,18.373835221317723,17.642868041992188,18.265850677306858,1151400
2018-03-26,18.38213539123535,18.440281752624557,17.87544405945451,17.966813744413415,1100100
2018-03-27,18.016660690307617,18.448594171709285,17.88375783690295,18.282466397116945,1127100
2018-03-28,18.157861709594727,18.2658446335497,17.792378240862217,18.05818382382177,792300
2018-03-29,18.000041961669922,18.257540963765564,18.000041961669922,18.257540963765564,1296100
2018-04-02,17.900362014770508,18.299071992467816,17.642863042092536,18.024959773984474,1658200
2018-04-03,18.706087112426758,18.805763419158836,17.86713720652117,17.8754438294699,2693000
2018-04-04,18.805763244628906,18.888827889018962,18.357216699844702,18.473506251394994,1613000
2018-04-05,18.63964080810547,18.95528464480328,18.5981076820092,18.95528464480328,793200
2018-04-06,18.19109344482422,18.589801968951576,18.066497229075274,18.382141081261057,1091300
2018-04-09,18.08310890197754,18.440285851121985,18.08310890197754,18.307383021346382,765300
2018-04-10,18.34060287475586,18.465199045242027,18.08310391117428,18.08310391117428,1229600
2018-04-11,18.257537841796875,18.41536049933846,18.13294167398035,18.24092459693434,558400
2018-04-12,18.515037536621094,18.589793966427884,18.307376738324272,18.315681776049125,530900
2018-04-13,18.44028091430664,18.664553389306757,18.37382951720915,18.664553389306757,749700
2018-04-16,18.67285919189453,18.76423045301302,18.456891764731147,18.606407797715505,940200
2018-04-17,18.647939682006836,18.880518754163624,18.54826180513528,18.855600473190314,708000
2018-04-18,18.65625,18.814072689581632,18.6313317119737,18.689476496470473,1343200
2018-04-19,18.880521774291992,19.021731198257662,18.74761897342152,18.772538842707117,645500
2018-04-20,18.805763244628906,18.913747757633875,18.664553824463702,18.8971345118906,927200
2018-04-23,18.739309310913086,19.046647978281378,18.614713153346628,18.996809832120015,837300
2018-04-24,18.697784423828125,18.99681657559876,18.56488159733599,18.83068725032026,1002200
2018-04-25,18.67285919189453,18.87221337443161,18.490118253983763,18.722698925773457,671800
2018-04-26,17.468429565429688,18.182781742284696,16.67101115549963,17.03649465939784,1681700
2018-04-27,17.800687789916992,17.817301037664848,17.26076991272368,17.36875285443174,2204300
2018-04-30,17.808996200561523,18.13294664251405,17.767463077024875,17.825607865649516,1591400
2018-05-01,17.684402465820312,17.77577218169493,17.393676897810256,17.73424063669073,802900
2018-05-02,16.92020606994629,17.559800257958738,16.886979574815,17.559800257958738,1387500
2018-05-03,16.729162216186523,16.92021145534601,16.446743254987624,16.78730701684624,1091800
2018-05-04,16.84544563293457,17.044799822254202,16.604558330636102,16.629478198423403,1214700
2018-05-07,16.95343017578125,17.111252851508283,16.795607500054214,16.92851030561601,730700
2018-05-08,16.81222152709961,17.12786689320303,16.778996616330375,16.970044210151322,872300
2018-05-09,16.795608520507812,16.89528642289851,16.604560923946025,16.837141639973314,919000
2018-05-10,16.762386322021484,16.936820699026853,16.695934904448947,16.762386322021484,934300
2018-05-11,16.56302833557129,16.92020521862935,16.546415088841517,16.729156049889784,1036500
2018-05-14,16.538105010986328,16.820523809094997,16.504880108793234,16.62947626458798,792900
2018-05-15,16.64609146118164,16.745767763783512,16.413510781233494,16.48826880034803,766600
2018-05-16,16.729162216186523,16.820533522552928,16.5796461091604,16.654404162673462,1292300
2018-05-17,16.862058639526367,16.994961443012823,16.76238232907472,16.895285132561174,1874000
2018-05-18,16.911901473999023,17.036497677028198,16.82883681053735,16.82883681053735,1129200
2018-05-21,16.911901473999023,17.086335841374527,16.86206172532601,16.986659512681864,617700
2018-05-22,17.094636917114258,17.194314797777462,16.870362873866668,16.90358936219646,1057000
2018-05-23,17.086336135864258,17.194320675523596,17.011578095892936,17.061417845424955,1186600
2018-05-24,17.044801712036133,17.111253115843574,16.928510567128285,16.970043684711957,851300
2018-05-25,17.0531063079834,17.111251081360844,16.936815176902257,16.961735044489554,552300
2018-05-29,16.272300720214844,17.028185919658466,16.189236081790295,16.845444982585416,1470100
2018-05-30,16.55472755432129,16.596259101475674,16.322146771006626,16.471662875685556,1925100
2018-05-31,16.62947654724121,16.86205561952429,16.471653902244757,16.546411913857494,1138500
2018-06-01,16.92850685119629,17.02818472719064,16.803910694447918,16.886975327055527,994700
2018-06-04,16.5048828125,16.986655855665948,16.455043074556865,16.920204456068102,1593100
2018-06-05,16.239070892333984,16.46334489467129,16.048023372265554,16.44673165353685,2019800
2018-06-06,16.405208587646484,16.51319154200573,16.29722563328724,16.29722563328724,1454100
2018-06-07,16.471654891967773,16.521493041262158,16.22246256116965,16.48826813650797,1060800
2018-06-08,16.521745681762695,16.621927174585554,16.40486515032787,16.49669951237892,806200
2018-06-11,16.680370330810547,16.77220471315878,16.580188815845627,16.61358212338178,666400
2018-06-12,16.596885681152344,16.73046369647684,16.45496053270435,16.638629308552677,710100
2018-06-13,16.521745681762695,16.763852283048035,16.40486515032787,16.588533874429974,1663000
2018-06-14,16.680370330810547,16.73880981326616,16.33808056869355,16.505051883443706,1643200
2018-06-15,16.81395149230957,16.830648946969635,16.48835908822293,16.63028426811963,1986100
2018-06-18,16.747156143188477,16.755504866967662,16.563488997115158,16.738807419409294,1256100
2018-06-19,16.58019256591797,16.705420284126088,16.546797658472162,16.571843839056516,670400
2018-06-20,16.454959869384766,16.655326088116215,16.396520385736636,16.655326088116215,1199000
2018-06-21,16.15441131591797,16.51339848174934,16.11266769642812,16.371473360196386,841400
2018-06-22,16.21285057067871,16.37147313787353,16.070925451053085,16.24624387346085,1447900
2018-06-25,16.02918815612793,16.28799230042156,15.887262994607541,16.11267223390498,752800
2018-06-26,16.02918815612793,16.137718412652127,15.912307580997972,16.045884016269312,1256800
2018-06-27,15.82882022857666,16.054231036274146,15.678547949134881,15.962398242008037,897100
2018-06-28,15.803775787353516,15.870563998493173,15.570016252186432,15.795427061916488,923300
2018-06-29,15.895606994628906,16.112667443138896,15.845514652028534,15.87890954709545,885700
2018-07-02,15.93734359741211,15.93734359741211,15.653493455366345,15.74532779319165,982700
2018-07-03,16.045881271362305,16.187806408604107,15.96239720786655,15.96239720786655,368900
2018-07-05,16.221200942993164,16.24624552453594,16.00413887960282,16.187806044460924,614200
2018-07-06,16.237897872924805,16.3046860754968,16.02918454084277,16.137714772888632,705300
2018-07-09,16.688718795776367,16.738809552478422,16.29633828229013,16.379823938364517,972300
2018-07-10,16.42991065979004,16.755502886920812,16.287985557028104,16.755502886920812,893900
2018-07-11,16.229557037353516,16.371482235849957,16.12937388862074,16.262950358693022,673300
2018-07-12,16.15441131591797,16.338078464604507,15.970742574875164,16.338078464604507,639800
2018-07-13,16.34642791748047,16.39651867074585,16.054228937445814,16.095972558797243,1006700
2018-07-16,16.57184600830078,16.57184600830078,16.279646899328604,16.279646899328604,971500
2018-07-17,16.56348991394043,16.655324288238443,16.454958091159806,16.57183863818173,761500
2018-07-18,16.630279541015625,16.730462648142357,16.446612369032493,16.55514260875969,949600
2018-07-19,16.58019256591797,16.638632061591302,16.48835816279883,16.613585881006948,1092600
2018-07-20,16.513399124145508,16.613580630105826,16.446610922719852,16.55514115290292,719100
2018-07-23,16.621929168701172,16.705414817639987,16.388169670143753,16.48000404321208,638200
2018-07-24,16.630279541015625,16.84734161282649,16.588537508587425,16.613582091101758,969200
2018-07-25,16.521745681762695,16.697064090380756,16.313032380632936,16.571836428174123,851500
2018-07-26,16.805599212646484,16.93082850376933,16.571841266244547,16.63028075284503,805300
2018-07-27,16.84734344482422,16.98926859981224,16.78890395612738,16.838994718959437,670500
2018-07-30,16.947519302368164,17.189627494403535,16.86403525635497,16.889079833216485,865900
2018-07-31,16.98926544189453,17.114493121876013,16.897431066808483,17.056053644041747,1149800
2018-08-01,16.96422576904297,17.197985362304742,16.864044223614318,16.98927195157861,657700
2018-08-02,18.58384132385254,18.81760090506038,17.50687941570844,17.50687941570844,2984300
2018-08-03,18.542091369628906,18.734108842350594,18.483651892331302,18.55878881810146,1042600
2018-08-06,18.483652114868164,18.575486490216523,18.216499305516223,18.525395736552124,1177000
2018-08-07,18.308330535888672,18.650620213117413,18.308330535888672,18.55878585354421,820400
2018-08-08,18.174758911132812,18.366774811083122,18.141364010781544,18.241547119478856,1127600
2018-08-09,17.974393844604492,18.258244121192316,17.966045119721738,18.17475846472123,697300
2018-08-10,17.824115753173828,18.032829048662148,17.673841925645263,18.024480325759885,896300
2018-08-13,17.932655334472656,18.116324149561542,17.740639384476918,17.84082251928512,710400
2018-08-14,18.04118537902832,18.20815513041181,17.957699707158202,17.966048433580887,595100
2018-08-15,17.76567840576172,18.049528648895265,17.598707112498598,17.890906079530925,723500
2018-08-16,18.00778579711914,18.183105821755383,17.832467364839232,17.924300146928374,586400
2018-08-17,18.183101654052734,18.183101654052734,17.957690927910384,17.974388372592625,632700
2018-08-20,18.283288955688477,18.39182078830494,18.141363815436815,18.22484947305952,520400
2018-08-21,18.45860481262207,18.517044282006772,18.249891512044638,18.249891512044638,581600
2018-08-22,18.22484588623047,18.416861746322557,18.166406415102976,18.358422275195068,611900
2018-08-23,18.082921981811523,18.22484710361122,17.957694307836793,18.22484710361122,435300
2018-08-24,18.174758911132812,18.19980349403977,18.041182494440726,18.116319427874586,367500
2018-08-27,18.308330535888672,18.525392554289642,18.241542345023454,18.283284367180688,488400
2018-08-28,18.258243560791016,18.3834712454758,18.183106631508863,18.350076346969775,935800
2018-08-29,18.21649742126465,18.316680510587208,18.116315924298274,18.249892315157563,646100
2018-08-30,18.074569702148438,18.191450221573433,17.92429588599913,18.174752777033298,454600
2018-08-31,18.04118537902832,18.07457869236232,17.90760894097883,17.949350980735513,508100
2018-09-04,17.89925765991211,18.0662273874651,17.85751403375647,18.024485353665984,747400
2018-09-05,18.20815086364746,18.391819617193487,17.857512397844403,17.857512397844403,921200
2018-09-06,18.04118537902832,18.283292075859244,18.01613919976026,18.191459269923186,968800
2018-09-07,17.814722061157227,18.133442093377802,17.764398434928435,18.133442093377802,823300
2018-09-10,17.630203247070312,17.865047932152716,17.596653092196007,17.865047932152716,932900
2018-09-11,17.50439453125,17.605041803055126,17.311484327397682,17.579879185224073,876600
2018-09-12,17.412124633789062,17.53793446153831,17.345025952338883,17.48761085039036,1015300
2018-09-13,17.9656982421875,18.016021878787587,17.420520979701124,17.420520979701124,1457400
2018-09-14,18.401838302612305,18.48571208589453,18.049569692634442,18.0579572309386,1069800
2018-09-17,18.141830444335938,18.468938057729908,18.141830444335938,18.376676730906038,1118600
2018-09-18,17.948917388916016,18.099889849905324,17.865043621726507,18.091502313210466,867000
2018-09-19,18.20893096923828,18.267643746550796,18.007634817731336,18.007634817731336,869400
2018-09-20,18.359901428222656,18.561197557203325,18.250866624934577,18.376676505577567,612500
2018-09-21,18.3682918548584,18.46894073505299,18.234094414438733,18.376679394854587,2670700
2018-09-24,18.18376922607422,18.385065369565577,17.974085543300777,18.36829029100141,803900
2018-09-25,18.1669921875,18.368288309273815,18.141829572368508,18.26764104826659,635400
2018-09-26,17.747623443603516,18.20892681902928,17.739235905899143,18.20892681902928,530300
2018-09-27,17.856658935546875,17.94891864613445,17.672136314853393,17.806333711852748,447600
2018-09-28,17.797943115234375,17.873429338040875,17.588259518496066,17.75600703579027,741900
2018-10-01,17.688913345336914,17.965695707222668,17.61342710120813,17.940533092593295,742900
2018-10-02,17.52116584777832,17.881821993384218,17.4960048328119,17.663750798372295,532500
2018-10-03,17.865049362182617,18.06634710802271,17.554718403551636,17.63020465830178,647900
2018-10-04,17.9069766998291,18.12504779853401,17.839878023285948,17.865039027140483,560700
2018-10-05,17.923757553100586,18.057954949493883,17.789558556948133,17.957306102319333,610200
2018-10-08,18.158605575561523,18.284415458118964,17.92376088805682,17.92376088805682,623400
2018-10-09,18.158605575561523,18.284415458118964,17.932146827102457,18.07473178727008,731400
2018-10-10,17.772789001464844,18.39345249659204,17.75601392327666,18.158606201236005,927100
2018-10-11,16.89211654663086,17.66375254378259,16.89211654663086,17.655365004711868,1174200
2018-10-12,16.66565704345703,17.143735504835803,16.30500091301079,17.143735504835803,1646300
2018-10-15,16.66565704345703,16.90888924321146,16.63210689189958,16.690818057365842,911300
2018-10-16,16.86695671081543,16.86695671081543,16.397264088507168,16.7663078346752,784900
2018-10-17,17.001148223876953,17.152120685619767,16.67404069018117,16.757914457789294,594300
2018-10-18,16.581783294677734,17.043086681122254,16.539845605154145,16.934051887879484,554200
2018-10-19,16.707592010498047,16.850176945517845,16.430809677784218,16.447584752435766,662300
2018-10-22,16.55661964416504,16.866952128169025,16.497908482267867,16.741140667236028,620500
2018-10-23,16.355321884155273,16.531455351946462,16.095314650852508,16.23789957229448,760100
2018-10-24,15.558524131774902,16.288223841133064,15.533363120949534,16.279836304271583,887100
2018-10-25,15.759822845458984,15.927568794358923,15.57530022198211,15.709497621005736,843800
2018-10-26,15.424327850341797,15.675949174997719,15.281742912964534,15.57530032518351,961500
2018-10-29,15.441104888916016,15.927570925403646,15.231421224916874,15.675951168508437,1081500
2018-10-30,15.759822845458984,15.768208783108674,15.432715285549609,15.524976597288047,789400
2018-10-31,15.852081298828125,16.29661114764897,15.835306225342269,15.994666223939788,901900
2018-11-01,15.684334754943848,16.12047545034738,15.516587226109339,15.910791839183743,1262800
2018-11-02,15.407550811767578,15.885629138358588,15.223028229743802,15.868854067309368,2230300
2018-11-05,15.70949649810791,15.759821718963966,15.374003024529555,15.374003024529555,1107500
2018-11-06,16.03660774230957,16.095318913789956,15.533366615712847,15.634013881176527,1104700
2018-11-07,15.961121559143066,16.11209245796107,15.684339178337554,16.01983273086553,1291000
2018-11-08,16.1204776763916,16.204351452390817,15.860470410577328,15.860470410577328,874400
2018-11-09,15.935956954956055,16.237901914446603,15.776596937473904,16.053379283753824,1242800
2018-11-12,16.019834518432617,16.095320776144447,15.835311844132752,15.952735800439838,1309000
2018-11-13,16.23790168762207,16.414035178358347,16.02821804640695,16.02821804640695,1141000
2018-11-14,15.642403602600098,16.447589837459034,15.508206163416885,16.447589837459034,1160300
2018-11-15,15.759822845458984,15.759822845458984,15.239806724423046,15.441102822958484,1115200
2018-11-16,15.457873344421387,15.650781848723778,15.40754973455092,15.592070703915113,1096400
2018-11-19,15.407550811767578,15.583684258507919,15.181092151879575,15.449486889631805,792300
2018-11-20,14.904314994812012,15.340457393253544,14.786891056918137,15.298519701234527,932200
2018-11-21,15.13077163696289,15.340455268740586,14.853987707247546,14.91270046794299,859900
2018-11-23,14.946245193481445,15.189478912001919,14.937857658385008,15.013343874494208,423800
2018-11-26,15.315292358398438,15.39077859234732,15.105608730709125,15.17270742757934,866200
2018-11-27,15.072057723999023,15.399165252400874,15.055284250556106,15.214642646697513,684600
2018-11-28,15.524977684020996,15.53336522201699,14.963025436363772,15.038511678568423,861200
2018-11-29,15.21464729309082,15.558528399953262,15.21464729309082,15.374007337658142,554500
2018-11-30,15.34884262084961,15.390780310925829,15.139158969746422,15.164321583792153,1057100
2018-12-03,15.290133476257324,15.54175485070765,15.046901240690806,15.54175485070765,781600
2018-12-04,14.384297370910645,15.239807005271501,14.359136357979525,15.19787091721349,2112400
2018-12-06,14.082352638244629,14.182999879630492,13.780407714568918,14.01525234430864,1902100
2018-12-07,13.955789566040039,14.504233181040018,13.871413253883665,14.057039853152249,1384100
2018-12-10,13.685787200927734,14.082355447723113,13.373596888923448,13.947353970746468,1530000
2018-12-11,13.626725196838379,14.057043037918916,13.533912680848612,13.846103014409517,1529600
2018-12-12,13.542346954345703,13.905164001072956,13.542346954345703,13.871414438933723,1607300
2018-12-13,13.441097259521484,13.744851379077295,13.398909097952927,13.584536526051227,1113700
2018-12-14,13.280781745910645,13.491721738589044,13.179530645985679,13.23015659828427,1558600
2018-12-17,13.154218673706055,13.550785298712174,13.095155730550301,13.213281616861806,1701500
2018-12-18,13.179529190063477,13.525471415765006,13.137341035253813,13.247029915890085,1380100
2018-12-19,12.875777244567871,13.314532007445806,12.690149827168025,13.187968334706762,1706300
2018-12-20,12.588896751403809,12.926400362163127,12.479207876739009,12.7913989178594,2103700
2018-12-21,12.183893203735352,12.816713159991815,12.116392472775104,12.614210967111072,5211200
2018-12-24,11.669201850891113,12.124832262250356,11.660764056963346,12.048893726245096,1270400
2018-12-26,12.479209899902344,12.487647692707304,11.508886258153742,11.702950664634578,1539300
2018-12-27,12.445460319519043,12.45389811285701,11.863266258627846,12.158581783406296,1544300
2018-12-28,12.437021255493164,12.664836824308804,12.361082732554618,12.453896840444921,1387900
2018-12-31,12.55514907836914,12.664837976518191,12.310458707012721,12.546711285125618,1319400
2019-01-02,12.707025527954102,12.782963249483018,12.30202032310548,12.310458115943876,1315100
2019-01-03,12.597336769104004,12.926402646580458,12.546710816207199,12.647961917328587,1046800
2019-01-04,13.137343406677246,13.25547010053294,12.774527141035243,12.875778248052006,1664700
2019-01-07,13.272344589233398,13.474847603461631,12.968591274899428,13.061404586444523,1497000
2019-01-08,13.517033576965332,13.652035028150104,13.348280958312246,13.348280958312246,1705200
2019-01-09,13.846102714538574,14.208919804612204,13.533912387738908,13.905165662346908,1891100
2019-01-10,13.922036170959473,13.964223515618704,13.69422064737393,13.778596946036432,986000
2019-01-11,13.97266674041748,13.98954232858174,13.685788179003751,13.719539355332268,1129600
2019-01-14,14.132977485656738,14.242665558030987,13.837661216326415,13.837661216326415,1191900
2019-01-15,14.166728973388672,14.200478531290608,13.997976355846292,14.07391487280594,963900
2019-01-16,14.445170402526855,14.521107314015213,14.217354840028838,14.276417776377734,1268300
2019-01-17,14.681424140930176,14.748924878684205,14.301733094567954,14.318607071998061,1470700
2019-01-18,14.858613967895508,14.89236353070227,14.72361249797953,14.774237646861906,965700
2019-01-22,14.799551010131836,14.883925721730645,14.65611174733161,14.748924251959192,1264900
2019-01-23,14.78267765045166,14.917679140555308,14.597049394550616,14.883927963357042,804300
2019-01-24,14.740486145019531,14.934552161859603,14.672985411571288,14.681423204420373,894000
2019-01-25,14.917678833007812,15.01049295904485,14.824864706970775,14.892365450630981,813500
2019-01-28,14.951427459716797,15.00205422128602,14.740487447878749,14.76580082866336,1066400
2019-01-29,14.86705493927002,14.993618643205469,14.850179349586677,14.951429668997111,732000
2019-01-30,14.959867477416992,15.010494246512971,14.639239319866514,14.867054952763986,1005500
2019-01-31,15.086424827575684,15.103300410166918,14.816421943492452,14.833297526083687,1170100
2019-02-01,15.170797348022461,15.19611071559688,15.035795939646356,15.137047800600302,1029800
2019-02-04,15.145492553710938,15.170804323580013,15.027365060058855,15.094865795283843,737800
2019-02-05,15.145492553710938,15.170804323580013,14.976739910976233,15.153928737437647,694400
2019-02-06,15.2636137008667,15.32267662468998,15.111736691410279,15.111736691410279,775700
2019-02-07,15.145492553710938,15.27205623108973,14.96830211790505,15.145492553710938,957600
2019-02-08,15.01892375946045,15.153925198382119,14.765796463818345,15.027361550561066,591900
2019-02-11,15.288932800292969,15.305806778175839,15.077992787983625,15.103304559480216,612000
2019-02-12,15.558935165405273,15.57580914264486,15.229867664393321,15.339557367845476,853000
2019-02-13,14.402984619140625,15.061118075117237,13.972666775926456,14.850178050561938,3322400
2019-02-14,14.234230995178223,14.4704827500454,14.200479824857553,14.200479824857553,1162600
2019-02-15,14.605485916137695,14.656112677523511,14.301733394545641,14.369234133715494,1143500
2019-02-19,14.74892520904541,14.782676383350685,14.478922251981492,14.504235632710447,847200
2019-02-20,14.597047805786133,14.748924867958385,14.563298241605928,14.732049281196018,1129700
2019-02-21,14.571735382080078,14.681423472431682,14.495796854396485,14.681423472431682,1951100
2019-02-22,14.495798110961914,14.706738126291757,14.402983989226511,14.630799592025445,1558600
2019-02-25,14.37767219543457,14.588612210442628,14.318607639382853,14.588612210442628,1468400
2019-02-26,14.402984619140625,14.546423900212014,14.267983132172809,14.318608287449573,744900
2019-02-27,14.318609237670898,14.4367367536155,14.276421873698041,14.419861164288447,737000
2019-02-28,14.369231224060059,14.428294157705832,14.242665955568551,14.301730498558566,1009600
2019-03-01,14.52110767364502,14.698298096424326,14.352356652660925,14.529545466095877,714600
2019-03-04,14.639237403869629,14.723613731974865,14.44517297576881,14.537985488274426,722200
2019-03-05,14.537981033325195,14.689858055505232,14.411417384623201,14.622357335574561,666100
2019-03-06,14.18360424041748,14.6307975911228,14.18360424041748,14.487358335941424,885100
2019-03-07,13.922036170959473,14.166727276146323,13.85453545389828,14.166727276146323,1104300
2019-03-08,13.896574974060059,13.955998062478889,13.726793333585356,13.828662641701722,771000
2019-03-11,13.998444557189941,14.10031387909055,13.896576854447275,13.947510705818608,676200
2019-03-12,14.074841499328613,14.15973230304004,13.981461453330303,14.02390766476472,1333700
2019-03-13,13.998444557189941,14.151247730461883,13.981466067013516,14.151247730461883,1098200
2019-03-14,14.040886878967285,14.125776067932534,13.94750682811652,14.015419150783215,584400
2019-03-15,14.287065505981445,14.29555474696524,13.972970066209653,14.023905512112425,2590700
2019-03-18,14.439867973327637,14.669072612386111,14.346487945750386,14.354977186362598,840700
2019-03-19,14.185198783874512,14.567206601045662,14.134264947970841,14.456849686728136,901500
2019-03-20,13.989953994750977,14.287071068228899,13.989953994750977,14.142757153634355,1400400
2019-03-21,13.896574974060059,14.00693190695821,13.718304089645848,13.871107242241537,1505500
2019-03-22,13.344786643981934,13.794706061140108,13.336297399799223,13.692836750105347,1237900
2019-03-25,13.497587203979492,13.641901097659497,13.276872551508994,13.344784876819729,1386000
2019-03-26,13.777725219726562,13.82017143339088,13.616434465274631,13.633411331582867,870200
2019-03-27,13.828661918640137,13.947508089263668,13.650391043547206,13.752260346337115,908900
2019-03-28,13.777725219726562,13.972972945109946,13.582477494343177,13.845637542431978,1014900
2019-03-29,13.73528003692627,14.05786315117112,13.70132306744922,13.955995481054819,1275800
2019-04-01,14.006926536560059,14.09181732424942,13.828657339653793,13.85412344255063,1001100
2019-04-02,13.913549423217773,14.057863306777799,13.888083314985526,13.9899509862294,1026200
2019-04-03,13.998444557189941,14.168226220638307,13.947510705818608,14.108803124178761,591200
2019-04-04,14.108798027038574,14.236133419042927,14.023907225983221,14.023907225983221,874300
2019-04-05,14.176713943481445,14.23613703356035,14.11728923424477,14.168224699304778,782600
2019-04-08,14.159734725952148,14.253114787928984,14.09182239519382,14.134266994733643,665800
2019-04-09,13.862616539001465,14.117287353746915,13.811682699883885,14.091821243766901,603900
2019-04-10,14.100309371948242,14.125775479914736,13.811681607840208,13.871104685305259,569300
2019-04-11,14.202178001403809,14.35498113615343,14.091821081394379,14.176711891717227,687200
2019-04-12,14.236132621765137,14.482314149965466,14.134263342372309,14.321023418066282,671700
2019-04-15,14.439867973327637,14.465335695164274,14.168218750365186,14.244620296718011,1068100
2019-04-16,14.652097702026367,14.677565430069748,14.371959170179107,14.507783814762174,1188200
2019-04-17,14.567208290100098,14.770945276495345,14.516274448290696,14.770945276495345,1070700
2019-04-18,14.371964454650879,14.626635352095485,14.346496717243188,14.541744513227924,750000
2019-04-22,14.25311279296875,14.37195895037191,14.12577577385684,14.321025114221621,563500
2019-04-23,14.354981422424316,14.507784560221179,14.219156770862119,14.270090610408552,971800
2019-04-24,14.261600494384766,14.380448271595574,14.227645143151296,14.2700897369825,1296400
2019-04-25,14.159734725952148,14.22764705671048,13.972974601998478,14.210668569231476,612000
2019-04-26,14.236132621765137,14.261598727245394,14.151241825463991,14.176709550101515,1255300
2019-04-29,14.482316017150879,14.635119146362188,14.295557536535654,14.295557536535654,1632800
2019-04-30,14.0493745803833,14.592674783884698,13.370251349953428,14.550228570009393,1976900
2019-05-01,13.913549423217773,14.363469558824308,13.862615587595837,14.02390795608232,909500
2019-05-02,14.083331108093262,14.19368802237965,13.828660309489322,13.939017223775709,1047400
2019-05-03,14.405916213989258,14.456851676059339,14.125777649234506,14.176713111304586,851700
2019-05-06,14.439867973327637,14.516269519680462,14.066349482175724,14.066349482175724,977200
2019-05-07,14.185198783874512,14.439871201707762,14.142754190481028,14.236134238935632,1161300
2019-05-08,14.202178001403809,14.36347037910147,14.091821081394379,14.108799567290454,692700
2019-05-09,14.27009105682373,14.35498187149516,13.955997147444352,14.040887962115779,765800
2019-05-10,14.346489906311035,14.363468389855703,14.10030837154258,14.210665276268307,668800
2019-05-13,13.939017295837402,14.14275425960532,13.905060325630688,14.032397344748412,1607600
2019-05-14,14.057865142822266,14.159734446528347,13.862617398139736,13.930529727557905,572200
2019-05-15,14.074841499328613,14.083330741615496,13.811681465064856,13.879593784202516,825000
2019-05-16,14.227643966674805,14.448359398492643,14.134263924978745,14.134263924978745,917400
2019-05-17,14.057865142822266,14.38044992192681,14.057865142822266,14.0833328735382,693200
2019-05-20,14.091822624206543,14.244625775685481,13.955997960482534,13.955997960482534,823900
2019-05-21,14.244624137878418,14.30404721903066,14.176711813824783,14.185199437568654,1112000
2019-05-22,14.03239631652832,14.20217629764894,13.98995010688016,14.15973170715812,394600
2019-05-23,13.641901969909668,13.86261744607128,13.5060773106037,13.86261744607128,806100
2019-05-24,13.964488983154297,14.006933588790496,13.701327246904533,13.735284226739825,1279200
2019-05-28,13.794703483581543,14.040886661407198,13.794703483581543,13.930528126810364,780200
2019-05-29,13.922039985656738,13.939018472192961,13.573989107452139,13.641901434439436,827400
2019-05-30,13.726792335510254,14.117287813388334,13.633412278123059,13.972973915225216,699000
2019-05-31,13.336294174194336,13.523053453148709,13.293848773125795,13.523053453148709,766900
2019-06-03,13.616435050964355,13.6758581334929,13.302339532968045,13.319317209585293,1189900
2019-06-04,14.006926536560059,14.06634960219548,13.75225579264908,13.794700376915209,937400
2019-06-05,13.820172309875488,14.023909290912872,13.692835279964227,13.964486207171669,636500
2019-06-06,13.820172309875488,13.93052923408664,13.701324523235485,13.811683066604232,1113800
2019-06-07,13.828718185424805,13.965466810754881,13.785983221151529,13.785983221151529,535900
2019-06-10,13.84581470489502,14.0936710223485,13.794532738382575,13.897095041234964,641800
2019-06-11,13.811625480651855,14.068028769382401,13.78598449970986,13.982562093253788,793100
2019-06-12,13.726158142089844,13.803079460166682,13.597956488685936,13.751799124839613,734000
2019-06-13,13.785983085632324,13.914186347019683,13.743249751951328,13.811624063944233,1268600
2019-06-14,13.888544082641602,13.939824404344725,13.674874173677885,13.794528801042516,549900
2019-06-17,13.77743911743164,14.008201424905248,13.726157155617637,13.879999780714943,705100
2019-06-18,14.127856254577637,14.136403247335453,13.66632842668867,13.734702738579015,1149500
2019-06-19,14.033843994140625,14.315888295349566,13.999656015728615,14.204780625855603,837500
2019-06-20,14.179136276245117,14.204777253967546,13.939825374685569,14.12785595097241,751500
2019-06-21,14.050936698913574,14.256059660117199,14.008201729805076,14.102217031671383,2024700
2019-06-24,13.91418743133545,14.136404370172533,13.91418743133545,14.025295085667835,991800
2019-06-25,13.922735214233398,14.102217196064188,13.837266905192466,13.922735214233398,1083300
2019-06-26,13.79453182220459,14.025295765666666,13.79453182220459,13.965468438881475,800900
2019-06-27,14.025296211242676,14.04239019948791,13.854359589135228,13.854359589135228,692900
2019-06-28,14.256061553955078,14.332982878396553,14.170593234556485,14.170593234556485,1687500
2019-07-01,14.375711441040039,14.61502232971666,14.256056811787758,14.401352417382125,847100
2019-07-02,14.281696319580078,14.37571160372628,14.17058868118445,14.358617619304775,1008800
2019-07-03,14.529557228088379,14.555198210058842,14.341528250822249,14.341528250822249,410800
2019-07-05,14.768866539001465,14.77741353204814,14.503914645071248,14.5551966033513,613900
2019-07-08,14.62357234954834,14.777414979108872,14.580837380130191,14.683399676561347,786300
2019-07-09,14.572288513183594,14.623570469893796,14.4526338745375,14.529555179430615,777800
2019-07-10,14.324432373046875,14.726131256554233,14.324432373046875,14.606476616822723,1265400
2019-07-11,14.076574325561523,14.307338239957332,13.93127870873885,14.2987912471828,1439800
2019-07-12,14.27315616607666,14.307342517222816,14.04239218269258,14.093672524498151,632500
2019-07-15,14.033843994140625,14.298794306143561,13.974016662092144,14.298794306143561,684100
2019-07-16,14.127856254577637,14.162042595436718,14.033840964413844,14.033840964413844,791000
2019-07-17,13.897093772888184,14.085122742422131,13.845813441228445,14.050936398039756,995700
2019-07-18,14.110761642456055,14.221869283029424,13.87999773875893,13.897091723515484,782000
2019-07-19,14.033843994140625,14.315888295349566,14.025296999537623,14.093671326189106,823200
2019-07-22,13.93127727508545,14.119307836430751,13.862902970097707,14.050933531443011,533500
2019-07-23,14.01674747467041,14.059482439971026,13.888545839113046,13.974014139542037,664200
2019-07-24,14.29879379272461,14.30734078702072,13.965469166038694,13.974016160334804,805700
2019-07-25,13.99111270904541,14.315890400863609,13.9740187173253,14.28170241742339,1090800
2019-07-26,14.238965034484863,14.3073393518225,13.956920771695563,14.068028426054608,694400
2019-07-29,14.110761642456055,14.358617900737622,14.03384034122368,14.170588958931878,778600
2019-07-30,14.31588363647461,14.350071603760693,13.914184801895153,13.991106098116838,881900
2019-07-31,14.452631950378418,14.743223145692788,14.196228721652549,14.196228721652549,1950900
2019-08-01,13.580862045288086,14.469728987003794,13.572315051837416,14.40135466957075,2019400
2019-08-02,13.50394058227539,13.649236208955314,13.247536487246931,13.486846595566625,1805500
2019-08-05,13.02531909942627,13.273176192515976,12.8116491634839,13.21334887127967,1613900
2019-08-06,13.350099563598633,13.36719355235784,12.95694678808557,13.119336420953056,1545600
2019-08-07,13.162069320678711,13.247537631432117,12.845837875029066,13.093694998110475,1426200
2019-08-08,13.546673774719238,13.649235242451,13.333003846506545,13.333003846506545,1298400
2019-08-09,13.37573528289795,13.521030878681088,13.264627653262348,13.461203568094845,1150000
2019-08-12,12.871479034423828,13.23899081951366,12.862932040213632,13.213350651969305,582100
2019-08-13,13.136425971984863,13.350095882033582,12.811647610900488,12.811647610900488,961100
2019-08-14,12.546699523925781,12.854383953568016,12.529605536958133,12.768915648902093,1045500
2019-08-15,12.452683448791504,12.640713218272731,12.409950114211048,12.62362004745777,1205500
2019-08-16,12.794556617736816,12.931305253009205,12.54669951253407,12.54669951253407,1041900
2019-08-19,12.888568878173828,13.0253174898649,12.837288556332688,12.99967732894433,742200
2019-08-20,12.657806396484375,12.8543823312866,12.623619241949813,12.828742169157191,539400
2019-08-21,12.683446884155273,12.820195505803403,12.589431595457624,12.760368187603866,677300
2019-08-22,12.8031005859375,12.87147570685631,12.632164821355522,12.768913433021105,802400
2019-08-23,12.187734603881836,12.828744478089119,12.162093622051477,12.70054201419594,1100300
2019-08-26,12.409950256347656,12.461230584465985,12.247560648772005,12.324481956035617,504000
2019-08-27,12.042436599731445,12.538150739791009,12.03388960746827,12.512510578087527,725800
2019-08-28,12.204827308654785,12.307388786784603,11.974064186634237,11.974064186634237,898600
2019-08-29,12.444140434265137,12.478327599671648,12.333031942922393,12.333031942922393,645000
2019-08-30,12.375761032104492,12.5552437925327,12.35012087063933,12.5552437925327,641000
2019-09-03,12.23901653289795,12.273203698042334,12.05098753214699,12.247563527955624,971000
2019-09-04,12.427042007446289,12.486869321777185,12.358667701043546,12.427042007446289,695100
2019-09-05,12.709087371826172,12.93130429522797,12.615072895811302,12.615072895811302,655700
2019-09-06,12.657806396484375,12.794555014622627,12.555244117794627,12.743273875277755,2001800
2019-09-09,13.04529094696045,13.079733927381506,12.640586132309386,12.778358053993614,1138700
2019-09-10,13.44999885559082,13.45860980744753,13.062515055080182,13.131401027562715,989400
2019-09-11,13.863314628601074,13.880536531217485,13.251951045872284,13.604991837653534,1353500
2019-09-12,13.95803165435791,14.061361426546098,13.579159655200248,13.751374573538051,982100
2019-09-13,14.173298835754395,14.242186437334839,13.966640958125517,14.130245727137435,821200
2019-09-16,13.91497802734375,14.087193760514078,13.880535866132254,13.975253041242079,732200
2019-09-17,13.777203559875488,13.811647357113088,13.648042604975785,13.811647357113088,682000
2019-09-18,13.74276065826416,13.768592685146961,13.561934827713895,13.751371607620204,1003300
2019-09-19,13.751372337341309,13.932198177487155,13.682486381208163,13.70831840946175,1003100
2019-09-20,13.716931343078613,13.983864256403235,13.708320392020273,13.785817309174353,3639000
2019-09-23,14.11302375793457,14.276628526148837,13.570547037099953,13.604990016536838,1267300
2019-09-24,13.906365394592285,14.268017076614539,13.880534187400464,14.113023263980608,1252400
2019-09-25,14.06997013092041,14.113023237740563,13.8719232117545,13.949420117927378,920900
2019-09-26,13.837481498718262,14.061361301153708,13.837481498718262,14.026919138978792,687200
2019-09-27,13.768592834472656,14.026916390843601,13.69109593179844,13.949419488169385,819200
2019-09-30,13.630821228027344,13.854700991527986,13.630821228027344,13.828868142611126,804100
2019-10-01,13.277782440185547,13.8805358638099,13.208896475403131,13.7772060954508,1047500
2019-10-02,12.830021858215332,13.16584152651382,12.786968749436516,13.131398546779518,941700
2019-10-03,12.838634490966797,12.838634490966797,12.468371794410551,12.7525274409393,1058900
2019-10-04,12.9247407913208,12.950572821070901,12.709471960637318,12.85585483119692,776900
2019-10-07,12.881685256958008,12.99362513351725,12.847242281184803,12.89890633425195,890100
2019-10-08,12.451146125793457,12.675025851520093,12.442535177607382,12.666414903334019,847300
2019-10-09,12.606141090393066,12.683637167778361,12.425315267456794,12.58891919240614,922800
2019-10-10,12.726694107055664,12.916130923871043,12.64919719012276,12.778358992072762,962300
2019-10-11,13.079732894897461,13.3380556382567,12.898907056664529,13.045289917195252,1725200
2019-10-14,13.21750545501709,13.251948432271416,12.967793664626885,12.967793664626885,1040600
2019-10-15,13.415555000305176,13.501662870923155,13.20028614494574,13.243340080254729,812900
2019-10-16,13.3725004196167,13.579159134889048,13.329446486385566,13.389722321383342,622000
2019-10-17,13.415555000305176,13.553326936345531,13.295004145677106,13.475830017026453,605700
2019-10-18,13.44999885559082,13.527495779930062,13.320837862482463,13.346669896867022,581600
2019-10-21,13.493048667907715,13.794425321255773,13.493048667907715,13.656652597232025,1170700
2019-10-22,13.50166130065918,13.527493330366063,13.338056529749608,13.424164390353111,2253200
2019-10-23,13.53610610961914,13.691099129988025,13.467220140302853,13.518884206697305,1307500
2019-10-24,13.50166130065918,13.587768340077265,13.36388938064191,13.561936310370381,558200
2019-10-25,13.639432907104492,13.708318865529433,13.432775031829673,13.44138516074374,604100
2019-10-28,13.751372337341309,13.932198177487155,13.734150437715336,13.751372337341309,544600
2019-10-29,13.820260047912598,13.846092902165916,13.648045946670292,13.699710012805879,697900
2019-10-30,13.65665340423584,13.77720423693576,13.51888149325614,13.77720423693576,609200
2019-10-31,13.475826263427734,13.52749113564473,13.183061391482376,13.52749113564473,1322300
2019-11-01,13.699706077575684,13.785813924647947,13.561934179208293,13.587766204855857,918000
2019-11-04,13.949421882629395,13.958031191185965,13.759984246965697,13.88053591758013,856600
2019-11-05,14.061360359191895,14.233576085642841,13.9494212866584,14.052749408632257,1404400
2019-11-06,14.578006744384766,14.672725563681023,13.622212527474487,14.03552832416018,2064800
2019-11-07,14.801886558532715,14.948269441957263,14.681334885943038,14.74161154342337,1603800
2019-11-08,15.025764465332031,15.042984722927816,14.621058027971735,14.767440892945949,1224800
2019-11-11,15.189371109008789,15.189371109008789,14.844941241687838,14.844941241687838,1091900
2019-11-12,15.215198516845703,15.241031363533999,14.982707823762746,15.189365670157407,1228700
2019-11-13,15.215198516845703,15.215198516845703,14.767439028471987,14.982707823762746,2339300
2019-11-14,15.094646453857422,15.370190211388111,15.008538619036496,15.137699550082713,1016500
2019-11-15,15.740456581115723,16.041831612758067,15.301307994817353,15.301307994817353,2258800
2019-11-18,15.800726890563965,15.809337837818472,15.533794095155272,15.680175271371123,1633300
2019-11-19,15.551016807556152,15.938501283460004,15.542405858939341,15.861004388279234,1108200
2019-11-20,15.404637336730957,15.490745199371089,15.258254462953996,15.421859237733159,1104200
2019-11-21,15.309916496276855,15.525185280093272,15.301305547839743,15.516574331656157,1300900
2019-11-22,15.396020889282227,15.525183458312059,15.344356847092467,15.413242784135576,836700
2019-11-25,15.464912414550781,15.61990623949716,15.361584292833784,15.464912414550781,1216500
2019-11-26,15.413253784179688,15.576858617306504,15.352978751546509,15.439086644895962,1208500
2019-11-27,15.559632301330566,15.680182332438998,15.490746334644177,15.533801090305044,1018700
2019-11-29,15.602682113647461,15.723232106562453,15.49074142676599,15.49074142676599,849300
2019-12-02,15.396020889282227,15.70600842716136,15.361578741945817,15.654344384971601,873100
2019-12-03,14.99132251739502,15.154927302547183,14.870772487478153,15.146316351500124,878700
2019-12-04,15.068817138671875,15.284085954938616,15.060206188936718,15.094649987877347,810000
2019-12-05,15.086038589477539,15.180755749005884,14.974097888620385,15.1721464418975,621500
2019-12-06,15.327139854431152,15.516577473666647,15.241033637364998,15.275475795717297,1145800
2019-12-09,15.344470024108887,15.387792503003338,15.249163875708284,15.257828371487173,1029600
2019-12-10,15.552411079406738,15.578402908246582,15.292481222925774,15.361795520804055,1123900
2019-12-11,15.639053344726562,15.708367645407762,15.439774936841022,15.578403538203423,863200
2019-12-12,16.202234268188477,16.297540400944495,15.630390861319079,15.656382691805574,1829000
2019-12-13,16.306203842163086,16.35818915236192,16.046275638585698,16.167575246577382,1748400
2019-12-16,16.40151023864746,16.557467808679462,16.32353145363146,16.40151023864746,1629900
2019-12-17,16.618118286132812,16.722088902010878,16.332196613593414,16.38418192153245,1206400
2019-12-18,16.332197189331055,16.68743316917288,16.314868201879452,16.68743316917288,1499800
2019-12-19,16.23688316345215,16.401505175734222,16.210889692276275,16.366847214166388,1293200
2019-12-20,16.150245666503906,16.51414612971232,16.12425383864962,16.401511019649714,3717200
2019-12-23,15.994292259216309,16.2108996949213,15.89898611126295,16.167578868813735,1205200
2019-12-24,15.97696304321289,16.12425614829037,15.96829854849264,16.080933674689117,657300
2019-12-26,15.898982048034668,16.05493962629829,15.855659580415239,16.020281652202744,941700
2019-12-27,15.77767562866211,15.976955609338653,15.769012790555959,15.96829111864988,881100
2019-12-30,15.743025779724121,15.898983370964732,15.734361285479276,15.769019262458656,757800
2019-12-31,15.70836353302002,15.898979049428391,15.70836353302002,15.760350484358403,883600
2020-01-02,15.795011520385742,15.855661329158934,15.552412285292972,15.803676014865248,1315900
2020-01-03,15.595732688903809,15.708367808964795,15.483097568842823,15.535082881749178,931000
2020-01-06,15.448440551757812,15.578404668390833,15.396455235621286,15.413784225194597,745800
2020-01-07,15.465768814086914,15.5784039358502,14.841938439449239,15.09320381869682,1293300
2020-01-08,15.543746948242188,15.647717571193683,15.47443264874677,15.47443264874677,774100
2020-01-09,15.613054275512695,15.691033034195453,15.517746536548763,15.639046093351936,942800
2020-01-10,15.387788772583008,15.613060650471313,15.344466304191108,15.578402675757792,834200
2020-01-13,15.595732688903809,15.621726171648636,15.361796301950259,15.474433074594547,1189400
2020-01-14,15.535085678100586,15.656385314244062,15.43111338098932,15.569742008748607,927400
2020-01-15,15.56973934173584,15.682376115360935,15.413783401658755,15.448439726370335,982300
2020-01-16,15.872993469238281,15.872993469238281,15.72570033901262,15.743029331411798,1403100
2020-01-17,15.829670906066895,16.08093465798454,15.786348429816616,15.985628515400911,994900
2020-01-21,15.56973934173584,15.734361428719964,15.431110737722886,15.682376115360935,902000
2020-01-22,15.77767562866211,15.82966257279475,15.621719754012055,15.708361355734544,1291200
2020-01-23,15.630391120910645,15.72569725524952,15.197176311385405,15.613062131909631,1536800
2020-01-24,15.405117988586426,15.708367008914664,15.283816727871912,15.665046192462977,934700
2020-01-27,15.101865768432617,15.214500871217046,15.006557998903682,15.041215970580767,984300
2020-01-28,15.335805892944336,15.465770013545535,15.188512782240723,15.257827090066927,700600
2020-01-29,15.361800193786621,15.517757824600086,15.335808357040191,15.387793683116772,777300
2020-01-30,15.604398727416992,15.613063222522737,15.17118388763057,15.17118388763057,799500
2020-01-31,15.240496635437012,15.439775044714859,15.21450315278122,15.422446056277664,1471800
2020-02-03,15.561076164245605,15.647719462231594,15.361797735686253,15.39645571591403,1233700
2020-02-04,15.77767562866211,15.959626627961105,15.725690337112091,15.82966257279475,1098000
2020-02-05,16.340864181518555,16.44483481695851,16.05494245518349,16.06360695023406,1037600
2020-02-06,16.254220962524414,16.557471680433167,16.18490665436671,16.470828382090172,990100
2020-02-07,16.262882232666016,16.410175314865658,16.106924657091913,16.132918137215306,1089600
2020-02-10,16.16757583618164,16.254219124728245,16.06360521199234,16.17624033029463,649900
2020-02-11,16.41017723083496,16.531476847073534,16.28887596201306,16.28887596201306,1656300
2020-02-12,16.930038452148438,18.13437530028598,16.661444034332153,16.84339514487169,2913700
2020-02-13,17.111982345581055,17.16396765200892,16.791402708679176,16.86071700144403,1274500
2020-02-14,17.09465789794922,17.189965695524183,17.016679091312163,17.111986888887127,1117900
2020-02-18,16.80006980895996,17.051335192089507,16.592126898395865,16.98202088856814,1371100
2020-02-19,16.956029891967773,17.07732952777533,16.84339475194413,16.93003805719964,1116600
2020-02-20,16.93869400024414,17.09465155565638,16.74808012839747,16.800065429340577,1196600
2020-02-21,16.69610023498535,16.84339334584853,16.505484648819206,16.826064355727343,965800
2020-02-24,15.924976348876953,16.072269456488577,15.691041597738955,15.950969833484919,1841200
2020-02-25,15.301149368286133,15.916315354772866,15.223170557990862,15.916315354772866,2212900
2020-02-26,14.989230155944824,15.500423709077321,14.989230155944824,15.483096374500674,1489100
2020-02-27,14.322081565856934,14.94591026911615,14.114138664770529,14.64265958531308,2586300
2020-02-28,13.880202293395996,14.148795000959854,13.576951609329303,13.758901854510992,3792200
2020-03-02,14.616667747497559,14.633995083141098,13.741572846751025,13.914858597560993,1541000
2020-03-03,14.010167121887207,14.928582062944379,13.828216867331852,14.56468155383367,2215700
2020-03-04,14.382734298706055,14.400063290468518,13.819554460803076,14.252770165654802,1553200
2020-03-05,13.576952934265137,13.923524470198016,13.377673681384941,13.880203647925196,1680500
2020-03-06,13.490309715270996,13.516303200335305,12.86648094697864,13.031102220927304,2514100
2020-03-09,12.32103443145752,12.949302714220988,12.1377895503253,12.565360662243489,3193800
2020-03-10,13.019107818603516,13.071463013789048,12.216320946944899,12.940574193654395,1704900
2020-03-11,12.006898880004883,12.530455009203123,11.701490513844439,12.12033624937388,2885900
2020-03-12,9.903946876525879,11.012141343395706,9.851590845822724,10.933607713426412,2151500
2020-03-13,11.134303092956543,11.134303092956543,9.860315424550283,10.584568602599314,2608800
2020-03-16,9.031351089477539,10.130819244788894,8.891735306293967,10.061011769282482,2180800
2020-03-17,9.869040489196777,9.869040489196777,8.263467073432611,9.232046308473304,2389200
2020-03-18,9.424020767211914,9.86031801724792,8.900463734300322,9.109886214596573,2789200
2020-03-19,9.511279106140137,9.973754760594431,8.883011705662264,9.1971454059012,2845600
2020-03-20,8.595054626464844,9.97375362424473,8.560150885970573,9.57236019247522,3235800
2020-03-23,7.8882551193237305,8.752123570165118,7.670106470191801,8.734672110963512,1524300
2020-03-24,9.851590156555176,10.078464886777406,8.32455004741226,8.32455004741226,1764500
2020-03-25,11.239015579223633,11.588052994161606,10.165724071990399,10.27916143988795,2711400
2020-03-26,12.251227378845215,12.556635802471895,11.273921588279247,11.39608512416412,1801300
2020-03-27,11.204111099243164,12.111609150437616,11.160481217208945,11.509518609141125,2230900
2020-03-30,11.317548751831055,11.352452491925327,10.680554454897074,11.151755362255155,2046600
2020-03-31,10.811444282531738,11.326274249363024,10.610747149554442,11.326274249363024,2021300
2020-04-01,9.563636779785156,10.322793976407615,9.415295632289508,10.026111681416321,1396700
2020-04-02,9.677071571350098,9.982479097599537,9.345485615176068,9.37166321292983,1066000
2020-04-03,9.371662139892578,9.70324805810066,9.066254648611709,9.511277088154774,1178800
2020-04-06,10.540938377380371,10.628198134453577,9.903944980126418,10.15699727703385,1650700
2020-04-07,10.410051345825195,11.500794334040883,10.296613975190262,11.34372707744315,1665200
2020-04-08,10.968511581420898,11.064497500108015,10.244258280166093,10.506036772321407,1803200
2020-04-09,12.07670783996582,12.251226571029006,11.247743243287472,11.570603103797104,3016300
2020-04-13,11.404810905456543,11.963271736784163,11.239018301249693,11.963271736784163,1425500
2020-04-14,11.465887069702148,11.78874679517993,11.195382525560976,11.762568372341022,927700
2020-04-15,10.532214164733887,10.889977736368794,10.488585110375187,10.741637453641648,802300
2020-04-16,10.2180814743042,10.55839362375737,10.052288887957854,10.43623009601678,1118100
2020-04-17,10.924881935119629,11.099400643057308,10.66310345712769,10.776540825329892,802800
2020-04-20,10.706733703613281,10.97723750200616,10.392599186549463,10.61074778687895,1026900
2020-04-21,10.261709213256836,10.506035385333204,10.06101209063745,10.209353188869368,846000
2020-04-22,10.357694625854492,10.689280572031054,10.340243171935096,10.567117065912067,878000
2020-04-23,10.410051345825195,10.680555140887005,10.270436376480925,10.340243861153061,802800
2020-04-24,10.828896522521973,10.889977865082798,10.44495534729968,10.506036689860508,819200
2020-04-27,11.378631591796875,11.52697271483253,10.898704477985694,10.898704477985694,792600
2020-04-28,11.85855770111084,12.146513778571606,11.710216590640647,11.928365184606127,905400
2020-04-29,12.870765686035156,13.027832923413618,12.355934925446428,12.486824567318731,1210500
2020-04-30,12.268677711486816,12.713700225987104,12.137788051316601,12.32975905359706,1472700
2020-05-01,11.7625732421875,11.910914371007244,11.51824701973125,11.841106878876888,1006600
2020-05-04,11.736392974853516,11.788748998144506,11.33499957019179,11.465889212333886,1001100
2020-05-05,11.7625732421875,12.050530187438907,11.745121785240384,11.84983302343592,1385400
2020-05-06,10.933605194091797,12.661342158796385,10.88997531725423,12.443193606779236,1694000
2020-05-07,11.596778869628906,11.902187224771163,11.29137051448665,11.29137051448665,895600
2020-05-08,12.102884292602539,12.12033658013751,11.684039377813681,12.00689920767281,778800
2020-05-11,12.024348258972168,12.102881872836331,11.570599692003578,11.841103437346023,1556500
2020-05-12,11.448436737060547,12.163963773073474,11.439710594628501,12.050527250139847,998800
2020-05-13,10.828896522521973,11.343727358880022,10.73291143675912,11.247742273117169,1214500
2020-05-14,10.863800048828125,10.863800048828125,10.156999055055659,10.488585024940232,1676800
2020-05-15,10.706733703613281,10.907430016474393,10.514762702315489,10.741637446379164,1083500
2020-05-18,11.65786075592041,11.823654156108647,11.23901584797912,11.369904673668058,1271500
2020-05-19,11.308823585510254,11.78875067738601,11.308823585510254,11.535698331803648,1086700
2020-05-20,11.692767143249512,11.841108289744094,11.544425996754928,11.56187828795243,889500
2020-05-21,11.867283821105957,12.041802529498812,11.553149313827975,11.5967791989689,1410500
2020-05-22,11.614233016967773,11.998174226046027,11.526973235182695,11.963270479766186,748900
2020-05-26,12.399567604064941,12.63516768112564,12.190145128417443,12.294856366241191,949700
2020-05-27,13.14127254486084,13.254709088993458,12.704975327772338,13.14127254486084,895400
2020-05-28,12.731151580810547,13.437952531697373,12.661344100035818,13.437952531697373,729100
2020-05-29,12.521730422973633,12.914397750654253,12.321033271030535,12.792234230681458,1624700
2020-06-01,12.853316307067871,13.045287325916345,12.443197500116922,12.56536019488063,1348300
2020-06-02,12.89694595336914,13.158724459174985,12.766057116551684,13.019109477990783,819600
2020-06-03,13.2721586227417,13.586292254271596,13.141269817646926,13.324514644082047,826000
2020-06-04,13.560115814208984,13.560115814208984,12.984203691285062,13.097641053705047,830000
2020-06-05,14.43271255493164,14.895186533930968,14.240740716697854,14.624682728823645,1338100
2020-06-08,15.174415588378906,15.19186787525158,14.755570689484811,14.825378172633826,948400
2020-06-09,14.673582077026367,15.016257992748256,14.4363441311083,14.629648193019515,1109600
2020-06-10,13.970657348632812,14.532999426465715,13.953084630049263,14.497852313392023,1066500
2020-06-11,12.389071464538574,13.179862903571626,12.371497911782983,12.995344789403498,1238000
2020-06-12,12.749321937561035,13.144717688743901,12.239700598178109,13.144717688743901,1229400
2020-06-15,13.074422836303711,13.241367381568917,11.967314258377497,12.055180337750576,1746000
2020-06-16,13.40831470489502,13.94429552035571,13.13593048978844,13.94429552035571,1671400
2020-06-17,13.10957145690918,13.461034161670879,13.083211963540348,13.39074162071854,1466800
2020-06-18,13.61919116973877,13.812496053226441,13.05685007138967,13.294087997209052,1640000
2020-06-19,13.487394332885742,13.926723127599244,13.223796888467007,13.847643810478305,3450200
2020-06-22,13.461033821105957,13.724631261984793,13.179863664410219,13.294089250056153,1457600
2020-06-23,13.478609085083008,13.935510647686646,13.452249589036501,13.786138773500985,1347100
2020-06-24,13.091997146606445,13.364381355530938,12.96019884942071,13.188650013298911,1752600
2020-06-25,13.62798023223877,13.698272776581646,12.977773778090535,12.986559717668475,1480000
2020-06-26,13.021705627441406,13.496180707527643,12.845974271474875,13.30287663494106,2380200
2020-06-29,13.364378929138184,13.408311966208135,13.074422057610674,13.294086405007452,1046700
2020-06-30,13.680699348449707,13.777352226282837,13.153505260986783,13.22379780598184,1256300
2020-07-01,13.118356704711914,13.847642360539066,13.100783152545915,13.715843233153345,1250500
2020-07-02,13.048064231872559,13.636764824887472,12.960198146545252,13.58404500610047,818600
2020-07-06,13.25015640258789,13.601619103736173,13.135930815226404,13.522540624442692,846800
2020-07-07,12.740535736083984,13.153505060087403,12.731748958605499,13.039279466726745,1060000
2020-07-08,13.030491828918457,13.056851321660327,12.670242355617974,12.687815071461499,1154000
2020-07-09,12.371498107910156,13.030491263535852,12.336351839794911,13.012918548454795,1199000
2020-07-10,13.065638542175293,13.074425319371974,12.353926348307963,12.380285841944813,816400
2020-07-13,13.083210945129395,13.302875327994846,12.881119277157556,13.294088551571479,1521600
2020-07-14,13.443461418151855,13.452248195241378,12.925053301214566,13.091997876149586,842500
2020-07-15,13.750990867614746,13.970655263825543,13.548900025318332,13.970655263825543,955800
2020-07-16,13.92672348022461,14.102453997015704,13.496180613659597,13.6191929809572,706700
2020-07-17,13.689484596252441,14.005801013381603,13.610405282481866,13.997015074703983,1000600
2020-07-20,13.487394332885742,13.71584466929235,13.417101792767836,13.522540602944696,558400
2020-07-21,13.759777069091797,13.90036214271446,13.610405218879432,13.627978772058833,612700
2020-07-22,13.654335975646973,13.750987988077084,13.53132363786529,13.53132363786529,931400
2020-07-23,14.13759994506836,14.190318928186251,13.504966281981757,13.504966281981757,1581600
2020-07-24,13.777351379394531,14.172746292222032,13.76856460232196,14.172746292222032,663100
2020-07-27,13.856431007385254,13.96186982075732,13.522541012730443,13.680698813811942,703200
2020-07-28,13.540114402770996,13.917937464611212,13.522541685311557,13.698273049672155,684800
2020-07-29,13.768564224243164,13.865216255527873,13.452247799895167,13.504966784976586,742900
2020-07-30,13.25015640258789,13.381954706030202,13.100784545111576,13.355595212932375,1115000
2020-07-31,13.267728805541992,13.285301520098248,12.933838849442118,13.188649495156088,886600
2020-08-03,13.443461418151855,13.671912594760352,13.241369734858743,13.443461418151855,634000
2020-08-04,13.329235076904297,13.522539972188458,13.294088808484736,13.294088808484736,873400
2020-08-05,14.172746658325195,14.699941564953125,13.812498006529038,14.067308682543455,1282700
2020-08-06,13.847640991210938,14.155171420080958,13.72462865207233,14.049731793417576,943900
2020-08-07,14.251826286315918,14.251826286315918,13.715845428750857,13.715845428750857,666500
2020-08-10,14.57692813873291,14.647220672080799,14.383624091002762,14.383624091002762,537700
2020-08-11,14.787809371948242,15.165632459984167,14.71751682133039,15.025047358748465,803800
2020-08-12,14.761445045471191,15.156841583222054,14.541780674699858,15.156841583222054,568200
2020-08-13,14.61207389831543,14.858098608556885,14.515422710214976,14.61207389831543,701200
2020-08-14,14.61207389831543,14.708726762322113,14.339690534913048,14.409983069852572,639500
2020-08-17,14.506635665893555,14.735086819203635,14.45391668463929,14.699939714429993,641000
2020-08-18,14.251826286315918,14.576930349804003,14.225467629753672,14.471490695835682,764700
2020-08-19,14.409985542297363,14.699942508161588,14.23425501275007,14.313334337613632,811200
2020-08-20,13.997014045715332,14.34847670557667,13.970653717760923,14.146385885644671,1143600
2020-08-21,13.865214347839355,14.111238199593398,13.75977555423048,13.92672093924265,971900
2020-08-24,14.471487045288086,14.524207696926265,13.90036005978931,13.988226136613589,876000
2020-08-25,14.541781425476074,14.82295324234114,14.418769907783146,14.726300377921703,1255200
2020-08-26,14.445130348205566,14.699940161946971,14.374837812424532,14.480275778142959,1104800
2020-08-27,14.726300239562988,14.95475139592222,14.524209412135823,14.524209412135823,1051100
2020-08-28,14.761445045471191,14.928390436511128,14.638433534129213,14.928390436511128,771200
2020-08-31,14.322114944458008,14.73508499488849,14.322114944458008,14.673579245055693,994000
2020-09-01,14.91081714630127,15.191988953584016,14.418769416392278,14.559354482080561,1726700
2020-09-02,15.11291217803955,15.191991500233632,14.726302344635865,14.910819645817751,1144800
2020-09-03,14.743871688842773,15.490729133737126,14.629645289005438,15.262279685874418,1057800
2020-09-04,15.174416542053223,15.235922303426946,14.629648114631395,15.077763673662341,1265000
2020-09-08,14.629648208618164,15.060190216906507,14.594502777281521,15.051403440095768,1153900
2020-09-09,14.815507888793945,14.939412434201488,14.665051645910719,14.850910152094858,1303000
2020-09-10,14.656198501586914,15.151819972166916,14.594246239782548,14.895158672608787,1014500
2020-09-11,14.585395812988281,14.788953728856267,14.523443550599985,14.656198639728126,928400
2020-09-14,14.877456665039062,14.965960614418565,14.691599890607293,14.727000457515636,776100
2020-09-15,14.718151092529297,15.01906353208476,14.68275052273766,14.939410139962868,884300
2020-09-16,15.390778541564941,15.541234758823162,14.70930196981657,14.727001410379714,1461100
2020-09-17,15.629740715026855,15.789047516999192,14.983664629759273,15.063318030745442,1572800
2020-09-18,15.399630546569824,16.081108870145314,15.337678278621633,15.895250378228045,3500800
2020-09-21,14.443790435791016,14.98366305505441,14.142877994372654,14.842057398866073,1965000
2020-09-22,14.293333053588867,14.665048292895381,14.142876845105933,14.434938698270164,1272800
2020-09-23,13.806563377380371,14.576543832354474,13.788862250397145,14.249081423526713,1183700
2020-09-24,13.709211349487305,14.098627773271263,13.567605684124535,13.86851814503859,1551500
2020-09-25,13.85966682434082,13.868517388952563,13.514503244845839,13.523352965421285,1243500
2020-09-28,14.399540901184082,14.60309884356295,14.16943126229254,14.187132393300988,1357800
2020-09-29,14.134026527404785,14.381836395113533,14.001270608105104,14.381836395113533,589000
2020-09-30,14.1959810256958,14.39068837605656,14.072074813582104,14.1959810256958,806900
2020-10-01,14.426088333129883,14.532293412139623,14.178279295561259,14.328735506116121,994500
2020-10-02,14.735852241516113,14.8332067627026,14.10747651218813,14.116327076666227,1024100
2020-10-05,15.23147201538086,15.275724837712069,14.92171069942523,14.94826070475139,648000
2020-10-06,15.098718643188477,15.709394156290568,15.019065241998085,15.505836214614124,1106200
2020-10-07,15.629740715026855,15.735945812365998,15.399631077519343,15.399631077519343,861800
2020-10-08,15.95720100402832,16.00145213244975,15.62088635096502,15.753641424301652,820900
2020-10-09,16.089956283569336,16.22271135860732,15.966051771943533,16.116506285733514,1175800
2020-10-12,16.258115768432617,16.38202029649083,16.001454459657644,16.001454459657644,682700
2020-10-13,15.992605209350586,16.178463704784424,15.833298409856647,16.045706913157655,847300
2020-10-14,16.09881019592285,16.240415863830414,15.939503397508663,15.9660550932686,920800
2020-10-15,16.293519973754883,16.293519973754883,15.79790006287765,15.81560119599865,690500
2020-10-16,16.143064498901367,16.42627589023898,16.081112218055395,16.28467019457017,1042100
2020-10-19,15.886399269104004,16.328917335785757,15.859847577397012,16.15190943388407,578000
2020-10-20,16.12535858154297,16.32891818574744,15.957202922863143,16.089958012163418,749600
2020-10-21,16.15191078186035,16.284665875329615,16.02800625303205,16.06340682352331,485000
2020-10-22,16.656381607055664,16.71833387317022,16.125359530531018,16.14306066029879,899000
2020-10-23,16.957292556762695,17.05464707377778,16.72718295440954,16.797985779128012,718700
2020-10-26,16.4439754486084,16.744887945090433,16.275818068086583,16.647533405618926,823400
2020-10-27,15.95720100402832,16.38201791393448,15.93949987743081,16.38201791393448,940900
2020-10-28,15.40848445892334,15.912954965314272,15.311129909243315,15.523540142740291,851500
2020-10-29,15.700542449951172,15.842148111094943,15.089866981223263,15.249173772028165,854500
2020-10-30,15.709390640258789,15.789044023621384,15.364227104402461,15.629737256896194,867200
2020-11-02,16.09881019592285,16.266965871517634,15.753644903334537,16.081109065416225,1100700
2020-11-03,17.152000427246094,17.40866172974483,16.302366504641757,16.5324761140319,1214500
2020-11-04,16.399717330932617,16.913038132242512,16.293512270491323,16.682928574679845,842900
2020-11-05,17.11660385131836,17.231657838820425,16.479378260693895,16.49707770548987,762000
2020-11-06,16.656381607055664,17.373260481923978,16.61213047070888,17.311308215809422,497900
2020-11-09,18.05473518371582,18.674261097421766,17.709571662461762,18.143239126827,1480900
2020-11-10,18.461856842041016,18.576910812579612,18.090141546963924,18.311400610984272,988300
2020-11-11,18.05473518371582,18.568056028073887,17.886577860611812,18.568056028073887,521300
2020-11-12,17.49716567993164,17.762675858644872,17.231653813145865,17.700723596149956,520200
2020-11-13,18.05473518371582,18.160940253063696,17.629918282468935,17.780374479336245,509000
2020-11-16,18.736215591430664,18.8070184167709,18.426452597539935,18.718514463077476,856900
2020-11-17,18.62116241455078,18.709664683884903,18.37335167142653,18.47070619338116,1166400
2020-11-18,18.63001251220703,19.081381205302712,18.62116363515165,18.745068170799318,954500
2020-11-19,18.58575439453125,18.63000551547988,18.196338115509466,18.461849905417434,511000
2020-11-20,18.408750534057617,18.585758432452803,18.302547145478442,18.453003352692626,618100
2020-11-23,19.001726150512695,19.107931234717167,18.621162011621994,18.753917100823173,651000
2020-11-24,19.939868927001953,20.04607234023934,19.214137725539985,19.249539988667657,1013600
2020-11-25,19.895614624023438,20.037220289896915,19.550451024465918,19.727458950844113,686700
2020-11-27,19.75400733947754,19.886762429346692,19.585849992004583,19.73630621067564,420600
2020-11-30,18.83356475830078,19.674347859323404,18.83356475830078,19.523891687214004,1198700
2020-12-01,19.187583923339844,19.60355030442649,19.107930535120968,19.40884295993173,917200
2020-12-02,19.399995803833008,19.497350337218585,19.010579358363486,19.010579358363486,1040200
2020-12-03,19.86906623840332,19.95756852074316,19.355745235697235,19.426548074412803,1527500
2020-12-04,20.523988723754883,20.674444936283653,19.886761617481287,20.010667825963644,1247300
2020-12-07,20.24077796936035,20.408933626403556,19.96641554099454,20.302730231226008,943600
2020-12-08,20.506290435791016,20.585943835107187,19.93986776338509,19.93986776338509,1196300
2020-12-09,20.817665100097656,20.906629821689798,20.60415078639307,20.719805433521135,971500
2020-12-10,20.52408218383789,20.871042722662125,20.497393955842725,20.532978825456574,1048100
2020-12-11,20.372840881347656,20.497392156212992,19.999190450473126,20.15932659182803,661700
2020-12-14,20.04367446899414,20.71090728717404,20.034777827795114,20.71090728717404,893900
2020-12-15,20.693117141723633,20.808770101121663,20.12374559355906,20.337259924120776,949900
2020-12-16,20.41732406616211,20.799869440650493,20.408427425332974,20.621941714650003,1184700
2020-12-17,20.381736755371094,20.541872890701256,20.114844327727933,20.49739138504762,1152200
2020-12-18,20.159324645996094,20.550768320762586,19.954707017064283,20.417322114800996,2683700
2020-12-21,19.928024291992188,20.123747048469962,19.58996033504332,19.96361086475585,917700
2020-12-22,19.705608367919922,20.123742008873666,19.696711726956995,19.919122660447876,884700
2020-12-23,20.141536712646484,20.31946616573402,19.856850945195244,19.89243751455716,921600
2020-12-24,20.30167007446289,20.372841506486655,19.990294423036122,20.221602001328556,397900
2020-12-28,20.097055435180664,20.666426976808253,20.097055435180664,20.506290806510233,665400
2020-12-29,19.87464141845703,20.19491370996524,19.785676704497998,20.19491370996524,707700
2020-12-30,19.75009536743164,19.972506343655596,19.66113063756984,19.892438256466086,599500
2020-12-31,19.776779174804688,19.999190101278497,19.652229598974778,19.803469096851398,704200
2021-01-04,19.26968002319336,19.936912715677508,19.100647265976438,19.936912715677508,877500
2021-01-05,19.456512451171875,19.64333685194863,19.17182498349232,19.17182498349232,756900
2021-01-06,20.666423797607422,20.96890280678075,19.89243468938097,19.97250276221278,1202800
2021-01-07,20.630840301513672,21.057868920427836,20.48849742854228,21.057868920427836,1031100
2021-01-08,20.19491195678711,20.666422015173513,19.803468267466183,20.666422015173513,993000
2021-01-11,19.999195098876953,20.257192652550714,19.892438777734185,19.892438777734185,667200
2021-01-12,20.648630142211914,20.728698213596424,20.13263684710104,20.13263684710104,744100
2021-01-13,20.6219425201416,20.7909753087761,20.346153431109062,20.5240811640594,587100
2021-01-14,20.93332290649414,21.10235403648246,20.70201527418987,20.77318672283263,598000
2021-01-15,20.995594024658203,21.173521766586468,20.42622083864945,20.604150277438603,789200
2021-01-19,21.111248016357422,21.289177463948032,20.790977386299687,21.244694253619894,760300
2021-01-20,21.209108352661133,21.3425545834457,20.995594044033645,21.040075555341538,576100
2021-01-21,20.710906982421875,21.28917507696333,20.710906982421875,21.20910700421104,530100
2021-01-22,20.702009201049805,20.764283988235647,20.355047005947615,20.39953020883799,544500
2021-01-25,20.328357696533203,20.604146752297133,20.159324928289234,20.39063248039661,604800
2021-01-26,20.27498435974121,20.60415163730694,20.12374483584693,20.51518691204072,621800
2021-01-27,19.25189208984375,20.088157771751735,19.15403242163839,19.83905688651973,1038600
2021-01-28,19.865745544433594,20.088156489488544,19.554369881984496,19.554369881984496,694100
2021-01-29,18.869342803955078,19.94581260562123,18.851551218870107,19.75009159480046,1239700
2021-02-01,19.207408905029297,19.287476979140145,18.735897101583276,19.002791247573043,762100
2021-02-02,19.49209213256836,19.71450304389101,19.251887941093354,19.46540221233983,732900
2021-02-03,19.394235610961914,19.527683548425767,19.23410114035511,19.358650738669628,510600
2021-02-04,20.13263702392578,20.14153366492006,19.412026071996817,19.412026071996817,453300
2021-02-05,20.46180534362793,20.46180534362793,19.81236584214196,20.390633914654956,730300
2021-02-08,20.942214965820312,20.951109910200184,20.47070316122895,20.524081311812242,628100
2021-02-09,20.96000862121582,21.10235150140132,20.71090942932169,20.82656238314954,907800
2021-02-10,20.53297996520996,20.986698531782718,20.043676527048095,20.968905247557675,973100
2021-02-11,20.46180534362793,20.96000534643874,20.328359126411193,20.426218780711086,765600
2021-02-12,20.488496780395508,20.871042178866357,20.301670704992684,20.33725727054021,837500
2021-02-16,20.435117721557617,20.844354756860277,20.435117721557617,20.68421859943145,1007600
2021-02-17,20.381736755371094,20.50628632868981,20.114844327727933,20.292772047203147,1241000
2021-02-18,20.559669494628906,20.639737575234857,20.239397172205102,20.301671968929522,1150800
2021-02-19,21.218006134033203,21.2535910056188,20.728700999058603,20.728700999058603,867200
2021-02-22,21.671722412109375,21.95640814217636,21.173520687631346,21.200210611147927,1201800
2021-02-23,21.582761764526367,21.938618994171506,21.271386052263953,21.769586173767145,983500
2021-02-24,22.783775329589844,22.819360194643764,21.71620222820156,21.725098868680206,982000
2021-02-25,21.662826538085938,22.92612078264101,21.600551744536038,22.78377791256671,1375700
2021-02-26,21.40482521057129,21.920818446840737,21.23579414302238,21.618339477628243,1256300
2021-03-01,21.662826538085938,21.894134126171892,21.591655103048787,21.80516940816024,1003600
2021-03-02,21.573854446411133,21.805161955439186,21.520476312592436,21.520476312592436,772500
2021-03-03,21.59164810180664,22.072054708317008,21.582751463204186,21.680612790970876,1349400
2021-03-04,21.173521041870117,21.82296228341916,20.80876723201176,21.60055134097573,1102000
2021-03-05,21.814067840576172,21.831861125011496,21.03118029403181,21.64503503216257,1225800
2021-03-08,22.5346736907959,22.899427453233187,21.903027510869094,22.098748503904034,1472600
2021-03-09,22.561491012573242,22.92798102669478,22.0787975545581,22.391653636170798,997300
2021-03-10,23.151451110839844,23.374920719448216,22.606186425193126,22.641940676002804,1250600
2021-03-11,23.383859634399414,23.535819035969826,22.901166167900215,22.99949163601909,982600
2021-03-12,23.321290969848633,23.660964060868416,23.16933155164394,23.571577571873416,1133500
2021-03-15,23.58945083618164,23.60732881367422,22.99055222968249,23.205082844780094,1003800
2021-03-16,22.901165008544922,23.437490676406743,22.865409054720683,23.339165213265527,927200
2021-03-17,23.187206268310547,23.3123486992428,22.892226463300414,23.079940109698793,1062800
2021-03-18,22.927978515625,23.81291784584911,22.910100540080045,23.365978686850816,1080000
2021-03-19,22.793899536132812,23.07100136683656,22.391653568225948,22.865409740989836,3555700
2021-03-22,22.346961975097656,22.713452015094227,22.239695807444516,22.60618755237898,1133300
2021-03-23,21.381572723388672,22.275451178873254,21.247491296053557,22.07879853244427,1285000
2021-03-24,21.29218292236328,22.078796858309552,21.29218292236328,21.685489890336417,1171200
2021-03-25,22.15030860900879,22.221818816824936,21.1670419728334,21.247491169743792,998000
2021-03-26,22.346961975097656,22.686635046946467,21.94471597757074,22.418472185220452,1080300
2021-03-29,21.891082763671875,22.436349156971097,21.783818305770996,21.99834892651057,939700
2021-03-30,22.373777389526367,22.55255204994963,22.02516364756612,22.02516364756612,812400
2021-03-31,21.71230697631836,22.105612241537884,21.62291879606384,21.935776574485796,1196900
2021-04-01,22.248634338378906,22.257573327577298,21.69443064758145,21.69443064758145,1158900
2021-04-05,22.481042861938477,22.67769721372072,22.311205477655044,22.52573780776983,636700
2021-04-06,22.427412033081055,22.615125702487003,22.293330597085667,22.454229002255314,526700
2021-04-07,22.534669876098633,22.641936016328085,22.391649492417667,22.489976645549877,550700
2021-04-08,22.329084396362305,22.588309978287704,22.087736793522367,22.427411576394412,771800
2021-04-09,22.561491012573242,22.58830797882766,22.31120444234531,22.45422655743111,629000
2021-04-12,22.77602195739746,22.84753216350633,22.543613361309184,22.72238972905026,878000
2021-04-13,22.4542236328125,22.740264415852298,22.346957486703797,22.606183011919587,483000
2021-04-14,22.668758392333984,22.927982260323024,22.472104039096234,22.481043028328664,871600
2021-04-15,22.668758392333984,22.784961842479856,22.39165484094222,22.784961842479856,567000
2021-04-16,22.945859909057617,23.196146489155492,22.865410712059653,22.945859909057617,733100
2021-04-19,23.079938888549805,23.2408372654855,22.91904051161411,22.99948970008196,995700
2021-04-20,22.284391403198242,22.892229059408994,22.186064222064754,22.847534111194705,807700
2021-04-21,22.802839279174805,22.856471508357284,22.177123687273856,22.28438985057664,893100
2021-04-22,22.46316909790039,22.77602695766342,22.418475848622034,22.74921169007167,649600
2021-04-23,22.83859634399414,22.98161677605918,22.481045263831543,22.5704334601067,816300
2021-04-26,22.892227172851562,23.285532455097183,22.856471217226794,22.999491629850258,516200
2021-04-27,23.008424758911133,23.06205697375129,22.80283318124273,22.80283318124273,495400
2021-04-28,23.115697860717773,23.231901312051985,22.936921484116652,23.160391102399114,544300
2021-04-29,23.33022689819336,23.61626771729243,22.936919919463254,23.25871669341859,757700
2021-04-30,22.820716857910156,23.294471333118565,22.695572718756978,23.10675768179549,886300
2021-05-03,23.267658233642578,23.625209296725135,22.99949365762719,23.187209031331758,1141900
2021-05-04,23.28553581237793,23.357046028999918,22.847535522450993,23.115700113486987,895200
2021-05-05,23.348106384277344,23.571576001755375,23.071002831049313,23.357043668631132,803900
2021-05-06,24.05427360534668,24.05427360534668,23.19615094575074,23.473252841461324,851200
2021-05-07,24.027454376220703,24.08108831611177,23.509004891839794,23.64308803662945,607600
2021-05-10,24.331369400024414,24.90345273457801,24.134716766078398,24.197287981200414,1457900
2021-05-11,24.063207626342773,24.322431486872514,23.56263617829589,23.723534569973985,1294400
2021-05-12,23.517940521240234,24.277737511746196,23.50006424876897,24.161534068463055,951400
2021-05-13,24.34031105041504,24.483331473459447,23.348107078661698,23.383861331953835,1210400
2021-05-14,24.536962509155273,24.563777769718822,24.224104731391293,24.29561493445697,1285700
2021-05-17,24.83194351196289,24.83194351196289,24.259860154806816,24.447575512527067,1012200
2021-05-18,24.536962509155273,24.930267773547623,24.519084532154423,24.74255412985187,1662100
2021-05-19,24.215166091918945,24.277737307386072,23.652021742839295,24.188349126031138,861000
2021-05-20,24.00957679748535,24.3045566311169,23.76822919589465,24.05427004002974,804200
2021-05-21,24.098960876464844,24.429696635060633,24.04532864977879,24.188349057566768,699100
2021-05-24,24.05427360534668,24.259865279424268,23.964885402070895,24.17047878108665,487000
2021-05-25,23.365982055664062,24.224106251229227,23.339166793418105,24.152596043676947,730700
2021-05-26,23.56263542175293,23.65202189875937,23.19614541022569,23.365981080488133,687700
2021-05-27,23.81292152404785,24.1168403355057,23.705657064084996,23.929126678101774,1150000
2021-05-28,23.74141502380371,23.991701644371048,23.49113010817449,23.991701644371048,644500
2021-06-01,23.893373489379883,24.116843129284156,23.741414066047454,24.04533291271231,1010700
2021-06-02,23.598390579223633,24.072146768293372,23.446431175555063,24.072146768293372,1607200
2021-06-03,23.446430206298828,23.616267581010487,23.267655547862446,23.464308183623793,778000
2021-06-04,23.348106384277344,23.49112680306825,23.1603910190281,23.455370845901587,592600
2021-06-07,23.365982055664062,23.51794145982988,23.303410837173047,23.374921044725326,704000
2021-06-08,23.071002960205078,23.31235055761755,22.86541132015944,23.214023379796643,862700
2021-06-09,22.66672134399414,23.097954640328606,22.648752861588004,22.909290715770574,814600
2021-06-10,22.20853614807129,23.035067520164187,22.181585137030897,22.97217954297813,1257200
2021-06-11,22.253456115722656,22.487041241946837,22.18158390100512,22.244471874686866,836100
2021-06-14,21.930030822753906,22.442120579189552,21.75034942483282,22.163615954623797,939200
2021-06-15,22.23548698425293,22.45110362210835,21.930029652232243,21.97494914253052,1769300
2021-06-16,22.23548698425293,22.343296159964996,21.930029652232243,22.091742559015984,1416100
2021-06-17,21.139434814453125,22.352278159565774,21.01365716016312,22.343295632573113,1188700
2021-06-18,20.294939041137695,20.932804824285352,20.26798631415451,20.762109360765535,3186300
2021-06-21,20.896865844726562,21.01365754703676,20.54648902422726,20.555471551385292,833000
2021-06-22,20.93280029296875,21.02264098322924,20.591407726261245,20.807024354745245,1062400
2021-06-23,20.986705780029297,21.130450199325225,20.887880849175104,20.950768818420993,909800
2021-06-24,21.220294952392578,21.274198691556236,20.914837574516902,21.040613537088426,868400
2021-06-25,21.46286392211914,21.723401818572597,21.265215724290677,21.31911946668588,2743000
2021-06-28,21.229276657104492,21.39997382366232,21.00467575347484,21.382005340115413,885600
2021-06-29,21.04061508178711,21.56168916814109,21.02264659622374,21.45387996832998,734500
2021-06-30,21.220294952392578,21.31013394647568,20.968741313680557,20.968741313680557,971100
2021-07-01,21.390987396240234,21.48981233208178,21.22029196069231,21.426924359662152,1056100
2021-07-02,21.32809829711914,21.453874235314018,21.265210328021702,21.417938987359182,617000
2021-07-06,20.977724075317383,21.37302213294731,20.824995397158244,21.34606940848316,1693900
2021-07-07,21.13045310974121,21.220293812567594,20.74413928708599,20.798043023354268,1205100
2021-07-08,20.232046127319336,20.654295132395102,20.13322119936962,20.58242292485947,1311100
2021-07-09,21.067564010620117,21.13045198518103,20.68125020852447,20.699218690847243,727200
2021-07-12,21.292165756225586,21.310132525702958,20.708202052205152,20.79804275386744,631700
2021-07-13,20.914833068847656,21.283178348656705,20.824992380549904,21.148418172994376,886000
2021-07-14,20.735151290893555,21.28317793669027,20.672263324372995,21.03162435703946,674900
2021-07-15,20.807025909423828,20.97772306231621,20.46563331720784,20.46563331720784,836000
2021-07-16,20.537504196166992,21.067562388905014,20.49258299381796,21.031625427025784,721600
2021-07-19,19.86370277404785,20.097287899562286,19.657068657990123,19.989478721029176,922700
2021-07-20,20.411725997924805,20.66327958365399,19.836748331765083,19.935573260724517,1281700
2021-07-21,20.68124771118164,21.148417913748315,20.59140702398519,20.753119918225085,732000
2021-07-22,20.31290626525879,20.627346159371417,20.22306556112565,20.627346159371417,617100
2021-07-23,20.402746200561523,20.699221051999665,20.330873976640788,20.582427617147854,486700
2021-07-26,20.67226219177246,20.807022357443017,20.483596588978898,20.519533547060902,433600
2021-07-27,20.501567840576172,20.70820023678646,20.312903925836878,20.384776138152137,637900
2021-07-28,20.5195369720459,20.762106338882056,20.17814266755751,20.59140918663786,705500
2021-07-29,20.62734031677246,21.30114283656619,20.4296921945176,20.824990152595745,1102200
2021-07-30,20.5195369720459,20.93280177755749,20.465633239494117,20.62734443714946,780400
2021-08-02,20.294939041137695,21.058582503304546,20.26798631415451,20.591412183676706,647800
2021-08-03,20.483600616455078,20.67226625634399,20.007447823226933,20.492584857742056,556800
2021-08-04,20.04338264465332,20.456649167141098,19.9894789116571,20.160176065308708,717200
2021-08-05,20.492589950561523,20.528526924640495,20.2230694992462,20.259004759755932,831400
2021-08-06,20.762113571166992,21.139443257606196,20.753129327017326,20.860936829674607,952800
2021-08-09,20.663284301757812,20.851948248956393,20.42071490087192,20.68125278632025,575400
2021-08-10,20.986705780029297,21.103497478119,20.546488281739435,20.60039201058325,607100
2021-08-11,21.453876495361328,21.471844978015945,20.824995024569116,20.968739458668413,670800
2021-08-12,21.283180236816406,21.570669094019213,21.19333954054834,21.56168485303553,694100
2021-08-13,21.265214920043945,21.399975127719884,21.16638996808272,21.247246435402083,585900
2021-08-16,21.13045310974121,21.38200502137242,20.941787462448925,21.076547659904055,600600
2021-08-17,21.139434814453125,21.175370063129787,20.798040527397124,20.824993249081125,743000
2021-08-18,21.067564010620117,21.382003883424677,20.99569179489782,21.0855307793741,803400
2021-08-19,20.860933303833008,21.23826292649728,20.70820460624106,20.860933303833008,770000
2021-08-20,21.32809829711914,21.37301949902348,20.71718365976921,20.71718365976921,824300
2021-08-23,21.55270004272461,21.65152497736584,21.382002895681225,21.507780552561528,678300
2021-08-24,21.930030822753906,22.00190303920858,21.58863822298641,21.642541956935215,677300
2021-08-25,22.05580711364746,22.379232949470833,21.804255208957137,22.019871861649772,680400
2021-08-26,21.795272827148438,22.217521927168573,21.795272827148438,22.118698690566656,571300
2021-08-27,22.289392471313477,22.334313678719425,21.867143403110678,21.867143403110678,722000
2021-08-30,22.064790725708008,22.33431281906313,21.956983259220987,22.33431281906313,794400
2021-08-31,21.974950790405273,22.253457134559333,21.90307857239719,22.109712698543166,689200
2021-09-01,21.65152359008789,22.199548531952455,21.64253934991718,22.064788356528993,1125100
2021-09-02,21.543716430664062,21.822222761222367,21.41794048368209,21.822222761222367,909900
2021-09-03,21.310129165649414,21.624570715103726,21.166384751082056,21.453873580216772,633000
2021-09-07,21.193342208862305,21.516768070720257,21.16638948251782,21.265214432211966,632900
2021-09-08,21.004671096801758,21.337081114449653,20.887879406777028,21.103496020831663,1044800
2021-09-09,20.977569580078125,21.510591527501308,20.90529550533345,20.94143340428072,890400
2021-09-10,21.049846649169922,21.96230804958803,21.040813896298054,21.56480144352181,865100
2021-09-13,21.637073516845703,21.664175219241745,21.20342732385963,21.37507890601766,904600
2021-09-14,21.357009887695312,21.70934752607223,21.23053068184972,21.655140675152737,891300
2021-09-15,21.528663635253906,21.628041148787826,21.25763624598882,21.456389549906543,717800
2021-09-16,21.366044998168945,21.781622251825866,21.266669214828156,21.718382647022636,703500
2021-09-17,21.085981369018555,21.70031186054058,20.968534921618836,21.411215564094885,3545000
2021-09-20,20.218692779541016,20.634270039625246,19.87539132394971,20.525858056035876,1341100
2021-09-21,20.028972625732422,20.453582609895477,19.893458947650586,20.35420683164875,1110800
2021-09-22,20.417449951171875,20.589101558664684,20.327106909167757,20.34517586219862,755800
2021-09-23,20.82398796081543,21.095017046550197,20.55296059823061,20.55296059823061,744300
2021-09-24,21.049846649169922,21.176327590327453,20.661374519125673,20.869162298180758,678400
2021-09-27,21.66417694091797,21.808725109017413,21.257635864319557,21.338944424269258,1043500
2021-09-28,21.564796447753906,21.95326848780351,21.546727499895866,21.772584178672236,749000
2021-09-29,21.528663635253906,21.673211805948636,21.366046512434806,21.637075624850013,576700
2021-09-30,21.266666412353516,21.74548148456647,21.25763193812217,21.700310836559506,587500
2021-10-01,21.862932205200195,22.07975445973729,21.30280675528345,21.375080840129147,680100
2021-10-04,22.18816566467285,22.350782793246907,21.91713826581621,21.91713826581621,911300
2021-10-05,22.66697883605957,22.748287386938213,22.025544903922487,22.287539506342537,818500
2021-10-06,22.82056427001953,22.83863322202626,22.2604388198616,22.432090417625336,991700
2021-10-07,23.073518753051758,23.38971671964082,22.974141264609663,22.974141264609663,916700
2021-10-08,23.443927764892578,23.642681054255657,23.20000209852653,23.2542072277801,931800
2021-10-11,23.380685806274414,23.78722857258258,23.362618579110674,23.53426843764084,780800
2021-10-12,23.452957153320312,23.579438067637657,23.23613494425453,23.317443488047918,711200
2021-10-13,22.983179092407227,23.452959735531877,22.784424086518015,23.38068565788578,755700
2021-10-14,23.389719009399414,23.570405056409893,23.218069160204294,23.290343234378515,726600
2021-10-15,23.245174407958984,23.80529986063937,23.245174407958984,23.80529986063937,917500
2021-10-18,23.073518753051758,23.35358054766622,22.98317573839073,23.1277238725885,740200
2021-10-19,23.190967559814453,23.37165362103306,23.082555578453288,23.281310590423757,617000
2021-10-20,23.290348052978516,23.52523927342945,23.028353402923557,23.1186964451201,753700
2021-10-21,23.23613739013672,23.38972001978511,23.118692660711442,23.218070163175085,732000
2021-10-22,23.272275924682617,23.471029211877315,23.100624340244032,23.308412102740757,621100
2021-10-25,23.53426742553711,23.64267939960695,23.109657450325777,23.218069424395622,784900
2021-10-26,23.751094818115234,23.913710218078055,23.53427083853123,23.624613876166215,676600
2021-10-27,23.272275924682617,23.76012552894232,23.136762241452143,23.68785144967607,783300
2021-10-28,22.32367515563965,23.69688429010951,22.179127007079646,23.181931295470775,1343100
2021-10-29,21.808725357055664,22.39595423518227,21.628041006451415,22.368850807174084,1507100
2021-11-01,22.558568954467773,22.603741333121125,21.9803762929053,22.07975380279262,873700
2021-11-02,22.739253997802734,22.829597027887147,22.33271122399787,22.486293858196376,858400
2021-11-03,23.272275924682617,23.561372241747623,22.576636834776213,22.639876438740437,978900
2021-11-04,22.739253997802734,23.263241504512354,22.468226630699473,23.263241504512354,807600
2021-11-05,22.983179092407227,23.353583955737204,22.892836064562125,23.046418694953818,1562000
2021-11-08,22.67601776123047,23.308415619436754,22.666983284565347,23.127731255585058,757000
2021-11-09,22.269474029541016,22.59470828377672,22.17913098968108,22.513399720217794,1086800
2021-11-10,22.368850708007812,22.910907203717716,22.106856074540488,22.368850708007812,1271000
2021-11-11,22.60373878479004,22.78442310958305,22.18816156378138,22.332709712875733,651300
2021-11-12,22.450157165527344,22.676013873987078,22.377883087746227,22.60373979620596,718700
2021-11-15,22.468225479125977,22.74828730719855,22.42305310482402,22.576635731150894,774100
2021-11-16,22.179126739501953,22.639874603659507,22.179126739501953,22.540498829692073,764000
2021-11-17,22.03458023071289,22.233335239722656,21.88099759790987,22.04361470595424,744100
2021-11-18,21.917133331298828,22.197195143483064,21.754516239337082,22.142990020545746,794300
2021-11-19,21.62803840637207,21.79065550857147,21.37507827815635,21.600934981622203,735900
2021-11-22,21.96230697631836,22.287541204615223,21.70031407708479,21.908101845985556,866000
2021-11-23,22.350784301757812,22.404989440557546,22.070722407617176,22.12492754641691,762500
2021-11-24,21.935203552246094,22.31464288111456,21.89003117788682,22.21526538067404,590200
2021-11-26,21.122119903564453,21.33894387326498,20.516823819096416,20.95047003534743,721700
2021-11-29,20.78784942626953,21.483488427353002,20.697506407934707,21.4202471083138,756600
2021-11-30,20.47165298461914,20.66137352565799,20.27289969114275,20.50779088696941,1231800
2021-12-01,19.929594039916992,21.067911975535523,19.920559565449803,21.00467237741502,800000
2021-12-02,20.887231826782227,21.076950659030235,20.04704448819782,20.128353051489867,1064300
2021-12-03,20.905298233032227,21.185361816966342,20.751715588766775,20.87819652843544,726800
2021-12-06,21.519628524780273,21.88099894086368,21.23956666770939,21.329909702517757,782100
2021-12-07,21.492525100708008,21.826792062655798,21.411216548201804,21.6190043054288,656800
2021-12-08,21.55576515197754,21.826792517209206,21.519627250933336,21.54673067671649,507300
2021-12-09,21.55575942993164,21.68293323255123,21.265079422668887,21.274163389469535,564700
2021-12-10,21.510345458984375,21.773773616429263,21.45584338030437,21.692019632114338,628900
2021-12-13,21.474010467529297,21.564848424123245,21.15608021833535,21.301420255849703,998500
2021-12-14,21.928199768066406,22.27338367628484,21.519431538974064,21.6466036459019,851100
2021-12-15,22.019033432006836,22.21887552282826,21.474007500342427,22.046285334996444,1116400
2021-12-16,21.810110092163086,22.355136091765253,21.73744007438879,22.264298136399912,2131200
2021-12-17,21.40134048461914,21.846444566826122,21.346838403607446,21.682938323791042,2763100
2021-12-20,20.538381576538086,21.156077523590312,20.35670568649107,21.08340578149975,1109600
2021-12-21,21.43767738342285,21.56484948938247,20.73822733546495,20.856315472057453,1057500
2021-12-22,21.646604537963867,21.87369858545933,21.410426520657776,21.43767843008966,414300
2021-12-23,21.764690399169922,22.019036329439334,21.682938144622867,21.682938144622867,396100
2021-12-27,21.87369728088379,21.88278125015264,21.537597348296302,21.819195197860676,395800
2021-12-28,22.028121948242188,22.200713904302077,21.83736378569444,21.83736378569444,546800
2021-12-29,22.055370330810547,22.164374482671047,21.97361635062029,22.03720239463721,316700
2021-12-30,21.91910743713379,22.28245914561676,21.900941237781122,22.15528535461198,441500
2021-12-31,21.655689239501953,21.964537293138704,21.610271121504255,21.81011326632033,966900
2022-01-03,22.191627502441406,22.545893612680626,21.882779502328805,21.8918634708721,799900
2022-01-04,22.891077041625977,23.045501038677994,22.445971254613248,22.445971254613248,667700
2022-01-05,22.427810668945312,22.745742711062267,22.209800571302605,22.209800571302605,1065500
2022-01-06,22.872909545898438,23.018249577386147,22.5640615458396,22.72756951441073,856800
2022-01-07,23.118173599243164,23.327099696915774,22.900161799613485,23.036419607529535,908600
2022-01-10,23.190841674804688,23.372515849125218,23.009165767894306,23.281677895670025,790000
2022-01-11,23.499691009521484,23.50877324605113,22.963748959594714,23.363433205317428,673200
2022-01-12,23.381601333618164,23.654115211651504,23.28167940508028,23.40885324119849,795600
2022-01-13,23.626861572265625,23.926625603317166,23.545107588107037,23.545107588107037,606300
2022-01-14,23.80853843688965,23.80853843688965,23.090922167972256,23.290764300404557,553900
2022-01-18,23.508773803710938,23.890291852834523,23.48152362829568,23.83578976941401,685900
2022-01-19,23.063671112060547,23.572363030389305,23.0091690253075,23.572363030389305,603800
2022-01-20,22.618562698364258,23.381598698726503,22.582228558274984,23.00008069854538,561300
2022-01-21,22.173460006713867,22.727569970755322,22.128041895683204,22.582229936349346,875100
2022-01-24,22.518646240234375,22.591316265028688,21.492180190850906,21.782860290028154,1012200
2022-01-25,22.754817962646484,22.945577822383285,21.819191797437917,22.22795995529156,912300
2022-01-26,22.918331146240234,23.36343527702979,22.57314895203674,22.954667025940658,800500
2022-01-27,22.318801879882812,23.39068602137783,22.01903781765031,23.154508012862827,1071000
2022-01-28,22.573148727416992,22.600398904331044,21.891866583124266,22.35513864915413,906200
2022-01-31,22.65489959716797,22.718485644646577,22.06445550010824,22.30063175286025,1597100
2022-02-01,22.763906478881836,22.872912382310084,22.45505844052354,22.65490230804365,1514200
2022-02-02,22.763906478881836,22.981916553148274,22.5458964046154,22.58223228328817,1389300
2022-02-03,22.5913143157959,22.900160595081182,22.500476359493213,22.845658514335536,876800
2022-02-04,23.04550552368164,23.263515609137876,22.455059593073763,22.573149472231396,1055900
2022-02-07,23.10909080505371,23.399770909222045,23.00008489969554,23.00008489969554,635000
2022-02-08,23.590526580810547,23.72678438123293,23.16359043957814,23.336182382880562,1019500
2022-02-09,23.18175506591797,24.289973120599395,22.92740917173009,23.799450999953066,1512200
2022-02-10,23.354345321655273,24.035627298122552,23.190839102678442,23.19992307027543,1005500
2022-02-11,23.254426956176758,23.88120690851536,23.054583118642533,23.281677128502483,1059600
2022-02-14,22.754817962646484,23.38159788379639,22.482305857410722,23.327095809267178,1018600
2022-02-15,22.7003173828125,23.136337472935207,22.600395462438193,22.990997442894304,1516300
2022-02-16,22.854740142822266,22.92741015390478,22.473222151491637,22.600394237738602,1293300
2022-02-17,22.409635543823242,22.718483516290842,22.29154742851019,22.645813507039033,932100
2022-02-18,22.627647399902344,22.854741413737244,22.31879940247969,22.31879940247969,992300
2022-02-22,22.409635543823242,22.72756748402103,22.273379493049816,22.554975562326856,665900
2022-02-23,22.10079002380371,22.763904148383634,22.028120006487963,22.609480145013936,809300
2022-02-24,21.628435134887695,21.68293895006355,20.947153038499216,21.39225713356223,1544400
2022-02-25,22.482309341430664,22.59131523997113,21.791943270914317,21.791943270914317,828700
2022-02-28,21.95545196533203,22.246132060758466,21.773776039395493,21.828279856730475,2152800
2022-03-01,20.556547164916992,21.68293487739075,20.40212318277056,21.59209693508291,1491500
2022-03-02,21.710186004638672,21.77377204728126,20.574716007193242,20.819977942462987,1159300
2022-03-03,21.791942596435547,21.919114696971693,21.40134059325747,21.7465244841269,911800
2022-03-04,21.283252716064453,21.464926900060206,21.11066076856703,21.219666665036442,1196400
2022-03-07,20.70189094543457,21.056157049381376,20.53838297973918,21.056157049381376,1209000
2022-03-08,20.81089973449707,21.51034986233488,20.80181576409253,20.96532376619386,1150800
2022-03-09,21.368167877197266,21.84321949616529,21.304218955889535,21.496067462290146,1192400
2022-03-10,21.212865829467773,21.468663296031608,21.021019036403164,21.066696346424923,993300
2022-03-11,21.276813507080078,21.587422307952526,21.231134461012484,21.36816811426039,1590100
2022-03-14,21.49606704711914,21.952847039040673,21.285946926552423,21.605693269392972,828200
2022-03-15,21.733591079711914,21.934573632476056,21.42298057113636,21.69704784694903,731900
2022-03-16,22.519250869750977,22.546658293657266,21.834080954388508,22.01679362880938,1167400
2022-03-17,22.519250869750977,22.546658293657266,22.236047792628106,22.29999670593225,946100
2022-03-18,22.473575592041016,22.500981275933,21.96198249715478,22.409626672989905,2365400
2022-03-21,22.68369483947754,22.89381322229426,22.3913559168669,22.665423221195017,722800
2022-03-22,22.86640739440918,23.350593078527357,22.756779427876765,23.049118348659984,1127700
2022-03-23,22.52838897705078,22.99430477614762,22.47357586612097,22.738507354346204,981000
2022-03-24,23.058252334594727,23.067388142956535,22.519251838588847,22.67455709578507,919100
2022-03-25,23.64293098449707,23.670338410573134,23.103932211486566,23.122202086393266,760000
2022-03-28,23.32318687438965,23.61552578866304,23.076525262042455,23.61552578866304,709300
2022-03-29,23.34145164489746,23.779961662882773,23.195282219728025,23.65206210900177,879600
2022-03-30,23.122201919555664,23.533304595343598,23.0217115096232,23.387135142280627,493500
2022-03-31,22.92121696472168,23.314047982254134,22.92121696472168,23.02170910664221,688000
2022-04-01,23.259233474731445,23.414538722470223,23.049115122636977,23.20442037037575,857300
2022-04-04,22.738508224487305,23.195288232162678,22.692830920710747,23.14961092838612,644300
2022-04-05,22.519250869750977,23.01257404520101,22.482709380353125,22.58319978305512,766200
2022-04-06,22.41876220703125,22.802455716635635,22.41876220703125,22.45530369926519,771300
2022-04-07,22.26345443725586,22.45530117045316,21.91630071650292,22.336539155970613,814300
2022-04-08,22.592334747314453,22.729368376773994,22.29086006551261,22.37308059168376,683900
2022-04-11,22.592334747314453,23.195284110918138,22.528385836398478,22.69282688874078,861000
2022-04-12,22.574068069458008,22.93035767495302,22.455306029278017,22.555798192683984,817900
2022-04-13,23.231834411621094,23.277511721182965,22.473579572541418,22.500985261287475,677700
2022-04-14,23.177017211914062,23.49676180751942,23.103932483993216,23.22269451343558,647300
2022-04-18,23.177017211914062,23.505897616319196,23.085660866393663,23.085660866393663,554900
2022-04-19,23.387136459350586,23.52417011150464,23.25010280719653,23.33232334698445,654100
2022-04-20,23.597251892089844,23.843913480616663,23.487623938585525,23.487623938585525,638100
2022-04-21,23.46021842956543,23.95353986776915,23.42367519730289,23.789100550019388,847500
2022-04-22,22.802453994750977,23.460218230065426,22.78418412125229,23.387133508639067,723800
2022-04-25,22.68369483947754,22.74764376098894,21.879762802298277,22.564932805596,841700
2022-04-26,22.254323959350586,22.65628913731081,22.19037503296953,22.300001266057752,850800
2022-04-27,22.29999351501465,22.546655067444735,22.016790478415448,22.162959900045806,772300
2022-04-28,22.68369483947754,22.70196645776006,22.10815280339752,22.519253759889697,812300
2022-04-29,22.053340911865234,22.756782627967194,21.961986293132124,22.537528406547946,750100
2022-05-02,22.035066604614258,22.15382863058304,21.57828663284966,22.02593079608169,968500
2022-05-03,19.614133834838867,21.203728128028825,19.404015439512744,21.185458251136033,2224300
2022-05-04,19.879072189331055,20.0252416968463,19.285258347240624,19.559325738212216,1984300
2022-05-05,19.68721580505371,19.933877404480373,19.38574109769133,19.66894593072666,1368700
2022-05-06,19.449691772460938,20.134861720889962,19.239571663993303,19.65981013845129,1213700
2022-05-09,19.26698112487793,19.550184245590152,19.102540041084552,19.330930048024808,1137700
2022-05-10,18.846742630004883,19.559320079857223,18.517862204477048,19.26698114939805,932800
2022-05-11,18.60008430480957,19.266982763602577,18.499592135615856,18.94723637819517,904000
2022-05-12,18.216388702392578,18.600084010310816,17.78701434443789,18.554404960274365,929500
2022-05-13,18.353422164916992,18.572676375238522,18.207252691369305,18.399099471971557,1231900
2022-05-16,18.13416862487793,18.426507582778857,17.88750697571991,18.280338103828395,1033400
2022-05-17,18.81020164489746,18.91982787555298,18.38082904695456,18.472183658341653,1236400
2022-05-18,18.408233642578125,18.837607957555463,18.289471609325776,18.682302687931674,859400
2022-05-19,17.80528450012207,18.371692476648782,17.713928150040026,18.188979776484697,1050300
2022-05-20,17.63170623779297,18.024537292856543,17.321095717160247,17.914911075266943,1062700
2022-05-23,18.225522994995117,18.408233952496158,17.787012863542234,18.01540286727662,1227700
2022-05-24,18.289470672607422,18.41736850840218,17.951452723393285,18.29860648123238,998400
2022-05-25,18.463045120239258,18.645757800967207,18.134164734397118,18.134164734397118,867400
2022-05-26,18.746253967285156,18.855880205235053,18.664033417583916,18.718846536558864,936900
2022-05-27,18.81020164489746,18.8376090738001,18.63662474680245,18.66403217570509,825500
2022-05-31,18.791929244995117,19.11167559899994,18.536133555773215,18.691437085670827,1652400
2022-06-01,18.791929244995117,18.95637032662488,18.33514923712464,18.74625194119905,1041200
2022-06-02,18.581811904907227,18.92896396372809,18.472183930161005,18.89242246713105,1273500
2022-06-03,18.32600975036621,18.63662023278573,18.271196648314852,18.526994028683017,886000
2022-06-06,18.572673797607422,18.654894332876616,18.28947069972316,18.38996110979203,1121400
2022-06-07,18.782791137695312,18.82847017838007,18.39909590832952,18.56353696984018,632400
2022-06-08,18.435638427734375,18.60921529066754,18.28946898815187,18.545264636182672,586500
2022-06-09,18.021665573120117,18.389642055936832,18.00326631031671,18.28844786516838,539400
2022-06-10,17.44210433959961,17.83767979060677,17.432906461127885,17.60769422650034,1092500
2022-06-13,16.660152435302734,17.193718797298523,16.57735750373008,17.04652819775833,1008100
2022-06-14,16.696950912475586,16.963734998034987,16.494564256108497,16.715350177959102,1840100
2022-06-15,16.79814338684082,17.05572781311293,16.55895822415608,16.88093831833363,972000
2022-06-16,15.869000434875488,16.549757344422265,15.75860661632591,16.522158451122316,1129300
2022-06-17,16.006996154785156,16.135789273855714,15.703415256759344,15.87820479036534,2381300
2022-06-21,16.393367767333984,16.512961221669354,16.098986579201206,16.393367767333984,1007400
2022-06-22,16.236980438232422,16.374971425453825,16.09898945101102,16.09898945101102,1205000
2022-06-23,15.832204818725586,16.356573359845637,15.73101236733796,16.236979888227705,1620700
2022-06-24,16.945337295532227,16.99133370883304,15.997796091539486,16.025394992310392,3266700
2022-06-27,16.742944717407227,17.018926609210062,16.623351277549276,16.991327718169746,941300
2022-06-28,16.650951385498047,17.156918808997766,16.6141528614216,17.02812748403061,958400
2022-06-29,16.724546432495117,16.788942094029558,16.48536129347421,16.632551878310124,881300
2022-06-30,16.641756057739258,16.7889466828055,16.328975540810827,16.54976147841019,741600
2022-07-01,17.05572509765625,17.110921124980198,16.4393639028136,16.5589555877905,899000
2022-07-05,16.5589599609375,16.770546250433352,16.16338452557102,16.687751310256623,724600
2022-07-06,16.135786056518555,16.494562931380013,15.924198029752453,16.34737232863427,986300
2022-07-07,16.34737205505371,16.549758691779484,16.27377675491249,16.38416882779914,643300
2022-07-08,16.282978057861328,16.48536471535777,16.20938275016712,16.430168673249746,523900
2022-07-11,16.190988540649414,16.310580295004268,16.034598243630853,16.181788904983488,608700
2022-07-12,16.34737205505371,16.568157955477382,16.0805879953853,16.13578578647899,1142200
2022-07-13,15.767806053161621,16.135784274026463,15.657413990622327,16.07138685711998,934500
2022-07-14,15.390631675720215,15.547021910667867,15.234241440772564,15.390631675720215,890400
2022-07-15,15.767806053161621,15.859800608377832,15.445827741880182,15.694210759918693,964200
2022-07-18,15.767806053161621,16.126584643039823,15.721809652878616,15.92419627063412,1154600
2022-07-19,16.24617576599121,16.4025659779712,15.960994234021868,16.06218666202059,1338100
2022-07-20,16.540559768676758,16.5497594009199,16.154183987716934,16.246178555497927,1160900
2022-07-21,16.632553100585938,16.632553100585938,16.18178168206885,16.476162873373863,1041200
2022-07-22,16.5865535736084,16.890134339298072,16.43936300567704,16.71534488188584,787300
2022-07-25,16.880937576293945,16.963732504147316,16.641752424123126,16.78894301705128,659600
2022-07-26,16.93613052368164,17.018925436447162,16.752141438724934,16.761341068437762,739000
2022-07-27,17.138521194458008,17.184519353975297,16.853339624052314,16.908535660822686,769200
2022-07-28,17.110925674438477,17.248916656762468,16.82574407701549,17.184520981987976,768700
2022-07-29,17.248916625976562,17.322511933394708,17.101726011140272,17.101726011140272,797200
2022-08-01,17.304109573364258,17.36850523650787,16.954532364305987,17.018928027449597,742300
2022-08-02,16.604955673217773,17.773282664768733,16.577358530750725,17.589295281270058,1124000
2022-08-03,16.871742248535156,16.94533756377187,16.604958134145377,16.84414334732737,887500
2022-08-04,16.669353485107422,17.028130382675215,16.632554954766878,16.853340872858634,676300
2022-08-05,16.834941864013672,16.917736803890012,16.66935373891152,16.66935373891152,729000
2022-08-08,17.08332633972168,17.184520543011196,16.954534993462655,16.954534993462655,585500
2022-08-09,17.285709381103516,17.304106885822744,17.01892538420029,17.092520667027053,558900
2022-08-10,17.68128776550293,17.745685190907853,17.52489752739183,17.598492830347027,662200
2022-08-11,17.948070526123047,18.07686185823716,17.810079562479313,17.819279194008935,591000
2022-08-12,18.306848526000977,18.334447422313715,17.865276712899643,18.00326768516251,623300
2022-08-15,18.3160457611084,18.343644653809307,18.030864221799757,18.076860621651086,486500
2022-08-16,18.53683090209961,18.564429793703717,18.251649374124263,18.34364392482118,686500
2022-08-17,18.205656051635742,18.352846655756107,18.076862957042614,18.2700517216071,551100
2022-08-18,18.601228713989258,18.619627977188085,18.159656925119258,18.28844825821043,499900
2022-08-19,18.306848526000977,18.527634432551643,18.15045828952962,18.490837658785072,598900
2022-08-22,17.764081954956055,18.09526168167736,17.699686286904768,18.012466749997035,634400
2022-08-23,17.81928062438965,17.938872334573947,17.800881359853467,17.83767813427539,505000
2022-08-24,17.69049072265625,17.84688099016112,17.626095039798496,17.745688526234975,433400
2022-08-25,17.957273483276367,18.03086879449264,17.561698027494927,17.67209011699402,505000
2022-08-26,17.39610481262207,18.067662118406353,17.39610481262207,18.0032664527353,526400
2022-08-29,17.212114334106445,17.322508148437954,16.982128829345108,17.184517196511184,450500
2022-08-30,17.064929962158203,17.285717671176204,16.9913346440358,17.276518037079555,460200
2022-08-31,16.93613052368164,17.12931923835118,16.844135981203287,17.046524325585658,937600
2022-09-01,16.76134490966797,16.853339473228896,16.6049546780095,16.853339473228896,648600
2022-09-02,16.59575653076172,17.166119657186822,16.5221594773904,16.90853523433819,774900
2022-09-06,16.384170532226562,16.73374956025147,16.282978080661916,16.73374956025147,1460700
2022-09-07,16.70615005493164,16.71534968740341,16.227779694302424,16.26457822418951,658300
2022-09-08,17.26240348815918,17.299486140532224,16.631982483274896,16.650522925320168,836300
2022-09-09,17.661054611206055,17.772306131414442,17.318032479772466,17.42928223169793,712300
2022-09-12,18.01334571838379,18.02261682375086,17.642510345113717,17.7444889675864,1056400
2022-09-13,17.40146827697754,18.087514213473888,17.318030090403944,17.800116997655223,1163800
2022-09-14,17.63323974609375,17.670322400344332,17.336571438958718,17.484905592526232,1050600
2022-09-15,17.707406997680664,17.911366018778782,17.549801736924014,17.661051469056584,908200
2022-09-16,17.67032241821289,17.707406840783566,17.253133273988354,17.521988264495377,1917700
2022-09-19,18.17095184326172,18.18022294907278,17.475634821975806,17.475634821975806,790500
2022-09-20,17.763031005859375,18.05969930159508,17.55907199461171,17.948449574835454,715700
2022-09-21,17.521984100341797,18.041153514970883,17.512712996902433,17.902090499944794,629700
2022-09-22,17.40146827697754,17.549802437934442,17.299487878213665,17.549802437934442,607300
2022-09-23,16.687606811523438,17.290214481616406,16.34458300457562,17.160422550043826,1079600
2022-09-26,16.669065475463867,16.937922225849995,16.548544642441403,16.567086853147178,1008300
2022-09-27,16.428020477294922,16.882293986647287,16.20551927485391,16.817398023637285,763600
2022-09-28,16.91010856628418,17.067713817516648,16.38166794988194,16.418750602257667,664300
2022-09-29,16.67833709716797,16.743233068364784,16.418751444098113,16.67833709716797,659600
2022-09-30,16.65979766845703,17.114071310991466,16.622715007986308,16.73396475768137,965000
2022-10-03,17.012088775634766,17.234589992393172,16.5207308167834,16.937921703381964,987900
2022-10-04,17.911367416381836,17.976263393236696,17.188238796247415,17.188238796247415,1073700
2022-10-05,17.809383392333984,17.87428112427514,17.49417467860317,17.614695501357684,847700
2022-10-06,17.7166748046875,17.800112972392643,17.494173613567877,17.64250774098096,527000
2022-10-07,17.355112075805664,17.735218569603674,17.280944998193434,17.6517821545372,802600
2022-10-10,17.484905242919922,17.753760227779384,17.355111534931595,17.512716790981127,624500
2022-10-11,17.51272201538086,17.920641935367346,17.318034047742838,17.447826026168187,869700
2022-10-12,17.3736515045166,17.56834115724162,17.188234724325802,17.420007025776048,734400
2022-10-13,18.161678314208984,18.300741346255005,16.937920802952174,17.132608694160126,810300
2022-10-14,17.957717895507812,18.63449256124648,17.855737521556254,18.32855320767405,775800
2022-10-17,18.291471481323242,18.551057122142105,18.059699156111495,18.4583478384009,786300
2022-10-18,18.625225067138672,18.940435585641094,18.495433124796236,18.69939214394615,748200
2022-10-19,18.430538177490234,18.708666083865406,18.24512134152298,18.40272662465072,605800
2022-10-20,17.994802474975586,18.47688931670226,17.911364299742797,18.328555175906736,609500
2022-10-21,18.51397132873535,18.606680605603227,18.078240026223416,18.08751113073844,681400
2022-10-24,19.03314208984375,19.060953634402086,18.513970859845266,18.597409030084936,798500
2022-10-25,19.264915466308594,19.34835364120119,18.819911277453937,18.82918238225116,1022800
2022-10-26,19.18147850036621,19.552313874215688,19.172207394984657,19.385437513912787,673800
2022-10-27,19.357620239257812,19.663559581156296,19.264912740965446,19.357620239257812,665000
2022-10-28,20.414505004882812,20.52575472080543,19.413248720167484,19.515227331716158,1100900
2022-10-31,20.45158576965332,20.525752829528642,20.20127304775048,20.20127304775048,993900
2022-11-01,20.479398727416992,20.590648431172397,19.46887144884757,19.709914831360493,1301800
2022-11-02,19.77481460571289,20.54429865038003,19.682105322490315,20.49794489290999,1095100
2022-11-03,19.58012580871582,19.765542598415607,19.301997971742512,19.48741652972472,688500
2022-11-04,20.1641902923584,20.173461396640718,19.663561270807083,19.76554164963028,609200
2022-11-07,20.1641902923584,20.32179552859318,19.793354962477242,20.25689956689927,547100
2022-11-08,20.284711837768555,20.414505534086043,19.941689808452278,20.0992950503302,913400
2022-11-09,19.90460777282715,20.34034090044894,19.87679622393732,20.052941927848256,542400
2022-11-10,21.267427444458008,21.267427444458008,20.37742086360133,20.599922066744906,1723500
2022-11-11,21.10982322692871,21.452845268615878,21.054196597236903,21.323053335899917,867900
2022-11-14,20.785341262817383,21.07273843806167,20.75752794845861,20.96148871719143,877300
2022-11-15,20.766799926757812,21.156177502746882,20.69263285363049,20.98930114613978,1031100
2022-11-16,20.470136642456055,20.776076114992485,20.405240658627562,20.69263791627501,732400
2022-11-17,20.553569793701172,20.572112004036622,20.127107797398324,20.238359291128525,523400
2022-11-18,21.0449275970459,21.063468038957136,20.757528643890556,20.91513389397228,727400
2022-11-21,21.017114639282227,21.054197292018017,20.729717449520397,20.93367646027355,689600
2022-11-22,21.378677368164062,21.49919995953953,21.072737989854446,21.276698754249118,547000
2022-11-23,21.360139846801758,21.434306925369153,21.165450160385696,21.258159450665598,433400
2022-11-25,21.517744064331055,21.554828489001803,21.42503653921957,21.480661407943,216400
2022-11-28,21.211803436279297,21.489931300758343,21.13763635940807,21.34159714701589,518600
2022-11-29,21.332324981689453,21.350867192056825,21.06346823621008,21.128365972495885,474500
2022-11-30,21.76805877685547,21.76805877685547,21.02638796112789,21.323056287418922,860500
2022-12-01,21.54555320739746,21.91638854082518,21.480657245082906,21.870034787252596,579700
2022-12-02,21.443571090698242,21.573364773096593,21.27669653038415,21.27669653038415,484500
2022-12-05,21.017114639282227,21.323054039553213,20.85023828126487,21.304511829044056,585500
2022-12-06,21.026386260986328,21.137635990208736,20.70190464223628,20.952219185410538,567400
2022-12-07,20.980031967163086,21.239617631082808,20.868782231399397,20.93367820530866,526700
2022-12-08,21.13861846923828,21.203918418568215,20.914732166125585,21.09197615665695,718300
2022-12-09,20.858760833740234,21.166604719958666,20.830774378887593,20.989360731138916,563200
2022-12-12,20.87741470336914,20.90540115555731,20.578899663855264,20.87741470336914,702700
2022-12-13,20.821443557739258,21.493104175272773,20.784130067481833,21.493104175272773,931600
2022-12-14,20.858760833740234,21.119960628537598,20.70017448148891,20.88674550930272,890700
2022-12-15,20.261728286743164,20.70950265397132,20.18709952208682,20.560245124658636,892600
2022-12-16,20.28971290588379,20.327028174482518,19.953882605655004,19.953882605655004,1633600
2022-12-19,20.12179946899414,20.50427210824616,19.91657081209723,20.271056997517363,904200
2022-12-20,20.709503173828125,20.840103070432562,20.271057613587267,20.31770170472467,609900
2022-12-21,21.213247299194336,21.278547248715896,20.970703358621275,20.98936099542463,737000
2022-12-22,21.017345428466797,21.166602949952605,20.60688635473582,21.157274132448492,503900
2022-12-23,21.325191497802734,21.343847355453327,20.96137469461823,20.998689968499793,409400
2022-12-27,21.222578048706055,21.52109314756184,21.119962816240502,21.427806734346824,512100
2022-12-28,20.87741470336914,21.381160167016297,20.87741470336914,21.362502532224184,410300
2022-12-29,21.42780113220215,21.530416337839693,20.961370967362217,21.045328539376595,478100
2022-12-30,21.31586265563965,21.42780491857954,21.194589794949547,21.231905068789636,438000
2023-01-03,21.577058792114258,21.58638760899048,21.250559097895902,21.52108767014681,692300
2023-01-04,21.810274124145508,21.931546965625458,21.67967424497317,21.791618269470824,729400
2023-01-05,21.894235610961914,21.894235610961914,21.474449447467542,21.782293345746172,754700
2023-01-06,22.220733642578125,22.36066234167772,22.034162636875312,22.08080494347853,585900
2023-01-09,21.39982032775879,22.17409447012392,21.334520377568627,22.17409447012392,781900
2023-01-10,21.894235610961914,21.95020852286001,21.315863089003386,21.399820677560303,656900
2023-01-11,22.024837493896484,22.099466264485226,21.791622363395387,21.884906992163632,537300
2023-01-12,21.651691436767578,22.062150556595885,21.57706266764336,22.05282173804408,724200
2023-01-13,21.605051040649414,21.689008635776293,21.399822352167245,21.483779947294124,714400
2023-01-17,21.474449157714844,21.66102019032044,21.362505114719326,21.66102019032044,400500
2023-01-18,21.12928581237793,21.58638715393757,21.05465705823125,21.41847201228508,820200
2023-01-19,21.026674270629883,21.091974213945253,20.84943029642387,21.06398776140009,463200
2023-01-20,21.418472290039062,21.418472290039062,20.849428699524996,21.129286086381757,520700
2023-01-23,21.465118408203125,21.62370475026117,21.297203248460487,21.399818463701,381800
2023-01-24,21.894235610961914,22.006179655467882,21.287876633054335,21.29720545170402,745500
2023-01-25,23.629356384277344,23.638685202788395,21.884906467094766,21.92222174113898,1520100
2023-01-26,23.610698699951172,23.871900279866747,23.330841262341064,23.713313924076967,1154100
2023-01-27,23.75995445251465,23.797269723681158,23.470768218134463,23.526739345594162,676000
2023-01-30,23.42412567138672,23.741298355931622,23.302852820613055,23.648011958249583,863600
2023-01-31,24.030485153198242,24.0398139711151,23.358826276795,23.41479740500608,854300
2023-02-01,24.35698699951172,24.49691571161696,23.88122795492181,23.909212629768792,945400
2023-02-02,23.601364135742188,24.41295335409563,23.349493214926767,24.328995787393904,826600
2023-02-03,23.57338523864746,23.75995627088828,23.433456519644295,23.517412327614036,735300
2023-02-06,23.554725646972656,23.638683227265467,23.190910651897184,23.321510541557085,614700
2023-02-07,23.731969833374023,23.9092120339551,23.228224347200275,23.2375531650135,1217200
2023-02-08,23.927871704101562,23.955858159920847,21.58639161259459,23.134939915457334,1449300
2023-02-09,23.80660057067871,24.319673137920578,23.610698938936583,24.207730873459546,852700
2023-02-10,24.133100509643555,24.16108518426483,23.452111032120932,23.787941361897015,784600
2023-02-13,24.34765625,24.375640922626996,24.049141213378906,24.049141213378906,714700
2023-02-14,23.853240966796875,24.487586345382727,23.787941021228935,24.226384783820883,1380000
2023-02-15,23.769285202026367,23.86257160823392,23.526741257602808,23.657342938009464,692400
2023-02-16,23.741296768188477,23.97451185715186,23.517408717008497,23.573381619448455,735500
2023-02-17,23.70398712158203,23.9838445829937,23.601371888728924,23.853244671573634,668000
2023-02-21,22.96702003479004,23.526734758845738,22.92970477089848,23.49875009021678,933700
2023-02-22,23.34016990661621,23.34949872503894,22.892397298066257,22.967026066157914,1320900
2023-02-23,23.72264289855957,24.580874633308184,23.470770135480144,23.7879428491453,1881500
2023-02-24,24.21705436706543,24.254369635949146,23.508082051174384,23.508082051174384,1030500
2023-02-27,23.769285202026367,24.422288266189042,23.769285202026367,24.291688365072588,1049100
2023-02-28,23.899883270263672,24.431613392205087,23.778610426735668,23.9371967595331,1199800
2023-03-01,23.918540954589844,24.412957625075776,23.759954609663417,23.759954609663417,1182500
2023-03-02,23.82525634765625,23.871898657658303,23.573383603348983,23.778612258364124,810500
2023-03-03,24.151756286621094,24.19840037631951,23.703983701256853,24.19840037631951,540700
2023-03-06,23.84391212463379,24.282357666068496,23.778612179132466,24.161084813603125,719300
2023-03-07,23.49875259399414,24.021153889109524,23.433452654515957,23.834581108351937,717100
2023-03-08,23.041658401489258,23.59204631860845,22.705828003439457,23.573388678874473,970200
2023-03-09,22.178531646728516,23.144855818247844,22.09409546720581,23.09794762492762,710600
2023-03-10,21.362316131591797,21.906459367315065,21.23096997853256,21.906459367315065,1311700
2023-03-13,19.98319435119629,20.733737962582552,19.78617779397084,20.696209976768454,1671700
2023-03-14,20.818172454833984,21.212207326798538,20.611772128441824,20.883844635255958,1600800
2023-03-15,19.89875602722168,20.245882700846227,19.288940638950876,20.086392357197003,1490400
2023-03-16,20.367849349975586,20.471049532127985,19.157600314129525,19.6829796434423,1452900
2023-03-17,19.68297576904297,20.29279116563829,19.54224941435677,20.245882977220454,2463100
2023-03-20,20.264646530151367,20.696207580447854,19.86122967652391,19.945665845396288,1514400
2023-03-21,20.696205139160156,21.071475962419655,20.668060945810964,20.921367633115857,1330100
2023-03-22,19.889375686645508,20.67744540411771,19.861229700509842,20.639917422603485,1096400
2023-03-23,19.66421127319336,20.461662981857696,19.5328669174484,19.94566576477452,1525200
2023-03-24,19.814319610595703,19.814319610595703,19.10130413517884,19.33584862882521,1335300
2023-03-27,20.274028778076172,20.37722714953592,19.983192286367117,20.2927909796117,874700
2023-03-28,20.198974609375,20.40537314178581,20.020720273991817,20.161446627427942,575000
2023-03-29,20.517955780029297,20.564863969132023,20.330319444752977,20.461663805786774,813600
2023-03-30,20.630537033081055,20.883845559721344,20.42413848698496,20.743119196954336,710400
2023-03-31,20.818172454833984,20.846316652481853,20.611772128441824,20.79940846344693,1071100
2023-04-03,21.109004974365234,21.137150958526764,20.71497014326645,20.818170295759533,1111700
2023-04-04,20.668062210083008,21.315403748766574,20.227117400026977,21.08085924620317,818900
2023-04-05,20.38661003112793,20.649300547802582,20.264647663398865,20.36784603934415,944500
2023-04-06,20.395992279052734,20.658682798973448,20.349084088446393,20.527336644296707,570500
2023-04-10,20.62115478515625,20.855699316714713,20.31155607507639,20.386610253597787,712400
2023-04-11,20.62115478515625,20.827555118164668,20.574246594617662,20.705590959671916,770100
2023-04-12,20.771263122558594,20.94013547143025,20.611772769672335,20.81817310248559,707000
2023-04-13,20.855697631835938,20.911989603253875,20.574244932476738,20.76187946890533,628700
2023-04-14,20.555482864379883,21.174680292424384,20.41475650153937,20.949517753993,537000
2023-04-17,20.893226623535156,20.930752816863237,20.28341121913403,20.44290156700196,528800
2023-04-18,20.93075180053711,21.033951958685517,20.818171436586685,21.01518796821624,412600
2023-04-19,21.015188217163086,21.165296563830257,20.836933884458578,20.930752048483722,479700
2023-04-20,20.743122100830078,21.043338860609786,20.62115792377392,20.940138678398124,492000
2023-04-21,20.499191284179688,20.76187999978315,20.302172958044423,20.76187999978315,473000
2023-04-24,20.611772537231445,20.752500685992665,20.424137987937726,20.424137987937726,574300
2023-04-25,20.17082405090332,20.56485882487035,20.133296077462525,20.424132503331894,411800
2023-04-26,19.94566535949707,20.358464198435502,19.842465202404313,19.94566535949707,546300
2023-04-27,20.564863204956055,20.583627195672975,20.030101995552418,20.06762818755361,793900
2023-04-28,21.052715301513672,21.18405965189285,20.339699790509073,20.339699790509073,748800
2023-05-01,21.34355354309082,21.456135711767473,20.893228447249935,20.902610443759063,1183700
2023-05-02,21.25911521911621,21.296643201366532,18.904288015889154,20.274028947670203,1635900
2023-05-03,20.133302688598633,21.70944230202086,20.086394495826745,21.57809793071329,1321800
2023-05-04,19.213886260986328,19.936283797464156,18.716653033862936,19.814321436877094,1259700
2023-05-05,20.03948211669922,20.292788809956274,19.420284796413117,19.71111946759417,962700
2023-05-08,20.33970069885254,21.578095456111452,20.32093670812252,21.109006424456854,1503300
2023-05-09,20.02071762084961,20.34908026164112,20.02071762084961,20.114535773851816,746000
2023-05-10,19.926904678344727,20.31155759574383,19.701742125923264,20.31155759574383,869900
2023-05-11,19.89875602722168,19.973811990757937,19.542249147587764,19.589157335365265,506400
2023-05-12,19.701740264892578,20.105157137578185,19.495341725360916,19.973812775097375,525600
2023-05-15,20.133302688598633,20.170830674362424,19.75803177812497,19.76741377456592,827100
2023-05-16,19.823699951171875,20.14268060786635,19.81431974606247,20.05824444642178,865900
2023-05-17,20.696205139160156,20.836931474203414,19.955045486901696,19.955045486901696,1309700
2023-05-18,21.052715301513672,21.090241491865193,20.480426135834275,20.583626290807956,899600
2023-05-19,20.68682861328125,21.27788188190809,20.602392432048845,21.212209694156865,882900
2023-05-22,20.846317291259766,21.12777180239182,20.658682739937827,20.94951745761813,886600
2023-05-23,20.818172454833984,21.249733520139934,20.668064102602983,20.668064102602983,702300
2023-05-24,20.405370712280273,20.61176922011685,20.245880386859866,20.61176922011685,598000
2023-05-25,20.696205139160156,20.743115110462867,20.339698304421738,20.34908029868228,659600
2023-05-26,20.733736038208008,20.86508039750109,20.54609970541845,20.677445854144217,580000
2023-05-30,20.846317291259766,20.968281449580154,20.44290220067285,20.67744673189985,986800
2023-05-31,20.367849349975586,20.752504086334607,20.1895967673544,20.639921906765352,1007800
2023-06-01,20.34908103942871,20.724351876348805,20.283408866646756,20.471043390390555,1058500
2023-06-02,21.58747673034668,21.65314890627532,20.74311685946078,20.74311685946078,1035900
2023-06-05,21.18406105041504,21.549949930302205,21.05271669136481,21.437369562382777,738800
2023-06-06,21.840787887573242,21.943986266840188,21.212208458046494,21.2684986457769,900200
2023-06-07,22.375551223754883,22.54442359207071,21.8220259229121,22.00028028829358,1049500
2023-06-08,22.120635986328125,22.45107691388789,21.93181208464878,22.2150479371678,892900
2023-06-09,22.130077362060547,22.328340838146627,21.988460336176466,22.243370262464538,605900
2023-06-12,22.233928680419922,22.39442845513063,21.98846013157594,22.063989331395202,679300
2023-06-13,22.583253860473633,22.78151734793127,22.15840095769542,22.20560783620316,913600
2023-06-14,22.10175323486328,22.88536936550305,22.026224034347095,22.60213531375689,715800
2023-06-15,22.02622413635254,22.19616528849052,21.80907790895765,21.90348986022966,720100
2023-06-16,21.714664459228516,22.186722382255223,21.648576638126066,22.186722382255223,1382100
2023-06-20,21.38422393798828,21.620252903751414,21.261489668125016,21.56360645618053,823600
2023-06-21,21.450313568115234,21.648578852460297,21.119874428803882,21.270932835562856,748300
2023-06-22,21.185958862304688,21.34645861886601,21.025459105743366,21.318134496852377,571900
2023-06-23,20.94993019104004,21.11987132384942,20.827194128118602,20.88384237289372,1443800
2023-06-26,21.138757705688477,21.384228093878736,20.949935576836435,20.978257905747093,669400
2023-06-27,21.695783615112305,21.79963694353955,21.242608401397792,21.346461729825037,646600
2023-06-28,21.84684181213379,21.85628318742459,21.41254935330615,21.648578333301575,899900
2023-06-29,22.215049743652344,22.233930694749095,21.903491541076846,21.903491541076846,516700
2023-06-30,22.347225189208984,22.48884222523716,22.20560815318081,22.441637146813875,625000
2023-07-03,22.554927825927734,22.74375172247352,22.215047333206712,22.252811032060986,332400
2023-07-05,22.177282333374023,22.413311308996256,22.05454805838406,22.26225290865868,463800
2023-07-06,22.148958206176758,22.23392878145432,21.884606905987166,21.988460231494894,562100
2023-07-07,22.451078414916992,22.847607194348104,22.21504942241653,22.30945957881007,599700
2023-07-10,22.2811336517334,22.65877961855776,22.233926780406595,22.3944265414017,567000
2023-07-11,22.488840103149414,22.526605602931074,22.158399183092467,22.366105830375307,595700
2023-07-12,22.724868774414062,22.847604846325506,22.564369003977795,22.762634273697003,789800
2023-07-13,22.932575225830078,22.98922167351933,22.639898011126377,22.649339385867606,466200
2023-07-14,22.82872200012207,23.111956040513626,22.526605210168917,23.093073290952024,462300
2023-07-17,23.102519989013672,23.338549010645128,22.809844506403056,22.82872726031562,540100
2023-07-18,23.461280822753906,23.565132348777013,23.140281267937322,23.140281267937322,633400
2023-07-19,23.668987274169922,23.697311401775533,23.33854632180438,23.33854632180438,466100
2023-07-20,23.83892822265625,23.93334017972932,23.687869811642656,23.848369598439387,547900
2023-07-21,23.64066505432129,24.018311086980443,23.56513404703113,23.952223256359883,581200
2023-07-24,23.876689910888672,23.9333363557785,23.574571336374202,23.68786602691188,607000
2023-07-25,23.725631713867188,23.96166068826234,23.697309389424998,23.838926413910457,457700
2023-07-26,24.150482177734375,24.188247674232322,23.735070720046906,23.74451209417139,505000
2023-07-27,24.08439826965332,24.34875138578194,23.989986313838934,24.18825160112497,519000
2023-07-28,24.112720489501953,24.35818903414317,24.03718949021772,24.26377888655415,431700
2023-07-31,24.282657623291016,24.49036425088281,24.103276918608252,24.112718292658602,854200
2023-08-01,22.98922348022461,23.659544932708776,22.054548916485118,23.659544932708776,1638500
2023-08-02,23.3291015625,23.508484076469607,22.61157510813769,22.61157510813769,784400
2023-08-03,23.43295669555664,23.67842704926875,23.093074390300156,23.12139851599093,929300
2023-08-04,23.376310348510742,23.80116143120561,23.14972274425517,23.338544847422376,936600
2023-08-07,23.74451446533203,24.04663126445346,23.508485490923643,23.508485490923643,482900
2023-08-08,23.508481979370117,23.555688847655222,22.97977765988224,23.404630470658685,457900
2023-08-09,23.13083839416504,23.44239655356633,23.093072895688238,23.44239655356633,448300
2023-08-10,23.09307289123535,23.56513081755586,23.036426444289155,23.414072425193943,625200
2023-08-11,23.376310348510742,23.385751723782832,22.86648688836705,22.91369376472751,472000
2023-08-14,23.111957550048828,23.35742790810795,22.998664646795834,23.35742790810795,374500
2023-08-15,22.507722854614258,22.88536884866655,22.488840104722108,22.819281024802166,327700
2023-08-16,22.290576934814453,22.85704503318052,22.281135559740598,22.413311209258257,405100
2023-08-17,22.08287239074707,22.517166681772245,22.04510868760829,22.403871970839226,403900
2023-08-18,22.02622413635254,22.19616528849052,21.91292943467449,21.91292943467449,415500
2023-08-21,21.856281280517578,22.205604932766782,21.658017818983364,22.111192988854185,357400
2023-08-22,21.469194412231445,22.00734016360636,21.459753037552822,21.84684039558594,406800
2023-08-23,21.761869430541992,21.81851767758891,21.39366482852732,21.45031127481618,327100
2023-08-24,21.931814193725586,22.205608697414316,21.771314402091107,21.771314402091107,363400
2023-08-25,21.8373966217041,22.063985987580256,21.639133177509834,22.035661866656266,373500
2023-08-28,22.10175323486328,22.30001851169214,21.89404838363331,21.89404838363331,370900
2023-08-29,22.045108795166016,22.224491338035858,21.931814083680234,22.20560858599517,490200
2023-08-30,22.02622413635254,22.24337036374743,21.97901906109563,21.99790001074348,622500
2023-08-31,22.092313766479492,22.281137684446342,21.98846223228023,22.092313766479492,774600
2023-09-01,22.451078414916992,22.564371322892566,22.243371749031272,22.300020003777362,342700
2023-09-05,21.96957778930664,22.35666517066159,21.79019526112126,22.290577344687552,551900
2023-09-06,22.130077362060547,22.158399686782452,21.85628288469423,22.04510678637846,360300
2023-09-07,21.99704933166504,22.215594098844353,21.740495833312252,22.10157153003604,544900
2023-09-08,21.99704933166504,22.13957844885346,21.730995462874937,21.85452021447662,436500
2023-09-11,22.035058975219727,22.253603751448082,21.97804587609884,22.101572445171303,716200
2023-09-12,22.17758560180664,22.44364126401952,22.044558676878168,22.044558676878168,1017400
2023-09-13,22.206092834472656,22.358124128334232,21.997048446146003,22.32011539869085,496500
2023-09-14,22.690692901611328,22.747705999721408,22.529159415011634,22.529159415011634,574500
2023-09-15,22.67169189453125,22.68119407819781,22.32011834829344,22.45314529491283,1700500
2023-09-18,22.614673614501953,22.65268234046542,22.415133240261174,22.65268234046542,775500
2023-09-19,22.719200134277344,22.9092401756503,22.633682296895127,22.662188846807915,658800
2023-09-20,22.500654220581055,22.918741203102652,22.46264548928088,22.776210273083066,520600
2023-09-21,22.358125686645508,22.510156991103326,22.225096935977838,22.396132606581908,575800
2023-09-22,22.681190490722656,22.70969522485753,22.28210790163101,22.28210790163101,636200
2023-09-25,23.042266845703125,23.137286865270035,22.595675109801622,22.595675109801622,1374100
2023-09-26,22.60517692565918,23.07077302037934,22.595674742621284,22.94724645324283,1703700
2023-09-27,22.795215606689453,22.823722156375062,22.396132972871644,22.624179933288087,919800
2023-09-28,22.814220428466797,23.11828304842379,22.652686935070122,22.747706956895726,892500
2023-09-29,22.54816436767578,23.004258290285854,22.538662184410217,22.871231349280286,760100
2023-10-02,22.367624282836914,22.529155932108466,22.044557359582175,22.529155932108466,546700
2023-10-03,21.721494674682617,22.31061554684679,21.702490307875728,22.253604258782296,591800
2023-10-04,21.90203094482422,21.99705096746798,21.493447928461567,21.692988344892896,573400
2023-10-05,22.14908218383789,22.158584367297163,21.854521746025107,21.854521746025107,711300
2023-10-06,22.43414306640625,22.586174382571176,22.016056040774583,22.082569515052207,426200
2023-10-09,22.814220428466797,22.93774518819076,22.320117764858594,22.320117764858594,317300
2023-10-10,22.58616828918457,23.042262114632532,22.576666107943268,22.909235201965817,563400
2023-10-11,22.709697723388672,22.852226846811963,22.434141659751127,22.491152946649215,459200
2023-10-12,22.73820686340332,22.757211231986414,22.386633294041427,22.719202494820227,471400
2023-10-13,22.49114990234375,23.042263767378568,22.405632077393875,22.890232481324542,510600
2023-10-16,22.975751876831055,23.089774442987885,22.64318273622094,22.79521403266739,471600
2023-10-17,23.251310348510742,23.422346027951267,22.88073425129374,22.88073425129374,623700
2023-10-18,22.87122917175293,23.137284840789544,22.82372007230452,23.05176701189763,542600
2023-10-19,22.48164939880371,22.880732007578285,22.358124649296446,22.766707628347255,565900
2023-10-20,22.01605224609375,22.605174853959006,21.807009675486558,22.472146115976308,669500
2023-10-23,21.512449264526367,22.025556270323868,21.502947081564628,21.978045355515164,889500
2023-10-24,21.59796714782715,21.778504999797658,21.474442393756433,21.616971513793747,464300
2023-10-25,21.398427963256836,21.816513164241734,21.379423596205832,21.44593706852815,727600
2023-10-26,21.797510147094727,21.845019251358096,21.502947901122145,21.578963555357227,1426600
2023-10-27,21.37942123413086,21.74049510642621,21.160876474258515,21.74049510642621,666300
2023-10-30,21.749996185302734,21.864020556869114,21.4934445209012,21.62647144409873,475700
2023-10-31,22.025556564331055,22.073065667417847,21.74049650874197,21.74049650874197,595600
2023-11-01,21.91153335571289,22.15858469220799,21.57896417918656,21.98754901214552,846700
2023-11-02,22.823720932006836,22.842725297444428,22.025555707188428,22.177587005977074,804200
2023-11-03,23.2988224029541,23.536371566575518,23.17529582295144,23.251311482816043,783200
2023-11-06,22.94724464416504,23.3938381499577,22.804715534545323,23.38433596766892,757700
2023-11-07,23.384336471557617,23.878437274729187,23.070771698695122,23.754912527025294,1055500
2023-11-08,23.17529296875,23.659893420338467,23.023261667744528,23.488857753618294,501000
2023-11-09,23.042266845703125,23.355831641624633,22.937744642943912,23.260811622057723,532200
2023-11-10,23.26081085205078,23.412842153382663,23.051768265808462,23.175293018507087,420800
2023-11-13,23.05176544189453,23.34632582559597,23.032761078467125,23.17529017946099,450500
2023-11-14,24.173002243041992,24.249017899275987,23.507863891727357,23.507863891727357,800100
2023-11-15,24.068479537963867,24.534075649305624,23.982961699925976,24.049475171209632,848600
2023-11-16,23.849933624267578,24.201505330737206,23.71690487566419,24.125489679687874,451300
2023-11-17,24.258520126342773,24.38204488831091,23.906946582907572,24.058977895648145,631400
2023-11-20,24.306026458740234,24.429551206614793,23.96395513792453,24.115986433319065,471600
2023-11-21,24.458059310913086,24.572083695894747,24.2205101701944,24.258518902640326,537200
2023-11-22,24.714611053466797,24.80963106544197,24.42955101754128,24.515068847083338,595400
2023-11-24,24.914152145385742,25.11369435735875,24.610089548432622,24.648098279229778,374100
2023-11-27,25.61729621887207,25.645802765706865,24.79062629657855,24.79062629657855,999600
2023-11-28,25.170705795288086,25.49377275961753,24.97116539444957,25.49377275961753,819100
2023-11-29,24.90464973449707,25.465265822126245,24.847638451179737,25.25622324172534,1508900
2023-11-30,25.180208206176758,25.379748608823096,24.847639056076797,24.933156889312674,2054500
2023-12-01,25.53177833557129,25.645800889858435,24.999667041045193,25.01867140421166,1177900
2023-12-04,25.6743106842041,25.75982851692136,25.408255003266405,25.408255003266405,498300
2023-12-05,25.484272003173828,25.607798573578343,25.265727224588794,25.484272003173828,639300
2023-12-06,25.256223678588867,25.86434887744205,25.24672149581228,25.65530629342528,623800
2023-12-07,25.17022132873535,25.456897378527394,25.122442594650636,25.380450310406726,884700
2023-12-08,25.31355857849121,25.380449533218258,25.112885714310067,25.179776669037114,582700
2023-12-11,25.55245590209961,25.686237811633372,25.370893437273917,25.370893437273917,685600
2023-12-12,25.55245590209961,25.705350033750143,25.485564947332726,25.5046771694495,1008100
2023-12-13,25.906024932861328,25.925135332492793,25.304002689745236,25.552456111372624,918100
2023-12-14,25.504680633544922,26.17359209470841,25.380452995554887,26.039810167004127,1009800
2023-12-15,25.179780960083008,25.399566083824517,25.01733068978665,25.399566083824517,1787900
2023-12-18,25.456899642944336,25.53334671786505,25.141555231066135,25.42823312900034,707200
2023-12-19,26.345596313476562,26.508046564941065,25.514234655649094,25.552457279300903,1214700
2023-12-20,26.269149780273438,26.766056656393395,26.164034373459845,26.164034373459845,1305000
2023-12-21,26.708721160888672,26.74694378439478,26.269149143396,26.37426454766114,926700
2023-12-22,26.680051803588867,27.090955470719937,26.603604736865076,26.756498870312658,1021900
2023-12-26,26.85205841064453,27.02406476804306,26.632273319587235,26.680052053246,935300
2023-12-27,26.842500686645508,27.04317354312582,26.766053623799426,26.81383235458757,1050000
2023-12-28,26.909395217895508,27.129180324980343,26.680053998853683,26.746944959910632,884700
2023-12-29,26.660938262939453,26.98583873611062,26.660938262939453,26.880723341072372,690400
2024-01-02,26.785167694091797,26.785167694091797,26.46026719890835,26.622717446500072,568700
2024-01-03,26.08758544921875,26.660939356126796,26.08758544921875,26.641827133946766,653500
2024-01-04,25.77224349975586,26.00158471957859,25.6289054651969,25.80091183572445,949600
2024-01-05,25.982473373413086,26.173590138327917,25.72446382700404,25.791354785856328,733400
2024-01-08,26.06847381591797,26.06847381591797,25.800908185986344,25.982470642820008,488500
2024-01-09,25.399560928344727,25.90602386179684,25.30400164357089,25.743573624473843,575700
2024-01-10,25.724464416503906,25.753132752086962,25.30400460782897,25.30400460782897,565900
2024-01-11,25.81046485900879,25.839133191546676,25.16066390261756,25.5046766025051,947700
2024-01-12,25.906024932861328,26.03980684349076,25.7340185776853,26.03025073235411,681700
2024-01-16,25.667129516601562,25.85824628551345,25.562014108982744,25.77224310157841,627800
2024-01-17,25.581127166748047,25.7913561661983,25.399564681116175,25.418676905423116,745900
2024-01-18,25.791357040405273,25.81046926536003,25.41867776699799,25.571571921351858,394800
2024-01-19,26.164033889770508,26.250037071456806,25.734019803980942,25.98247323744781,559900
2024-01-22,26.59404945373535,26.65138429990293,26.288261177319065,26.383820469359627,448200
2024-01-23,26.278701782226562,26.68960541080768,26.269145671952387,26.641824859436813,712900
2024-01-24,26.25959587097168,26.584496407789523,26.221373243333048,26.469826702231526,678600
2024-01-25,26.651386260986328,26.660942373157738,26.26915088734002,26.498492111527806,557200
2024-01-26,26.708721160888672,26.832946965585915,26.58449353354952,26.756499895931785,468900
2024-01-29,26.479381561279297,26.78517170217121,26.326487402154417,26.68005628428205,733000
2024-01-30,26.59404945373535,26.689608745775914,26.441155315527208,26.4602675384637,493200
2024-01-31,25.972917556762695,26.72783215863791,25.944249221510997,26.69916564602816,807200
2024-02-01,25.456899642944336,25.925138204663966,24.873991380164654,25.886915578524626,863200
2024-02-02,25.44734001159668,25.638458583789397,25.26577937291956,25.313558104646848,519900
2024-02-05,25.380451202392578,25.562013679050814,25.017328071718048,25.12244347756891,729000
2024-02-06,25.514232635498047,25.74357382717601,25.265779222186474,25.32311406444552,977300
2024-02-07,26.240480422973633,27.043175553860987,25.504678071861793,26.164033354443497,1652400
2024-02-08,25.65757179260254,26.30737277588596,25.495121546781686,26.20225737487192,1077200
2024-02-09,26.020694732666016,26.06847528855391,25.342227242834465,25.619347176416895,823800
2024-02-12,26.17359161376953,26.45071339908438,26.001585239800598,26.001585239800598,816600
2024-02-13,25.44734001159668,26.001581683785425,25.208442707676674,25.82957715598212,894000
2024-02-14,25.4282283782959,25.77223923984724,25.313556876017653,25.676681781030684,1091700
2024-02-15,26.25959587097168,26.345599061461233,25.571572169697358,25.571572169697358,916200
2024-02-16,25.791357040405273,26.288263953376376,25.743578300660474,26.05892272184558,656800
2024-02-20,25.581127166748047,25.877359352937503,25.447343419241495,25.447343419241495,528100
2024-02-21,25.60978889465332,25.63845722575624,25.342225094926135,25.60978889465332,794000
2024-02-22,25.64801597595215,25.848688846401842,25.51423406231902,25.609791530547326,607200
2024-02-23,25.791357040405273,26.01114215945869,25.59068414630661,25.63846288605141,495800
2024-02-26,25.399560928344727,25.944246482121322,25.399560928344727,25.590679497892403,459800
2024-02-27,25.523788452148438,25.66712830034253,25.418674872152486,25.42823098354155,568400
2024-02-28,25.523788452148438,25.81046632589474,25.437787094930616,25.46645360645593,565400
2024-02-29,25.504680633544922,25.829581163091387,25.294449806990112,25.82002505073507,1709300
2024-03-01,25.77224349975586,25.82002405970351,25.351785508068513,25.49512354262747,530100
2024-03-04,25.523788452148438,25.77224188033848,25.437787094930616,25.619347743397206,664000
2024-03-05,25.64801597595215,25.829578446341305,25.351783814632274,25.351783814632274,561200
2024-03-06,25.65757179260254,25.753131082375134,25.017326920560564,25.323115189719385,974300
2024-03-07,25.638351440429688,26.04195374319812,25.46537876311731,25.811324117742064,828900
2024-03-08,25.72484016418457,25.99390716905606,25.686400973270644,25.792106915402446,555100
2024-03-11,25.782495498657227,25.82093468715736,25.436550133681582,25.599913019044372,455600
2024-03-12,25.66718292236328,25.840155626121767,25.46538265656612,25.696012317283568,966000
2024-03-13,25.753664016723633,26.022732815738692,25.667177682500267,25.667177682500267,585800
2024-03-14,25.29240608215332,25.72483777537183,25.023339102267435,25.63835143672813,797300
2024-03-15,25.45577049255371,25.503819479622138,25.05216816558614,25.05216816558614,1793400
2024-03-18,25.302013397216797,25.474986057538008,25.186697679375605,25.41732911505799,1084900
2024-03-19,25.686399459838867,25.724838648487978,25.359673687847025,25.359673687847025,712500
2024-03-20,26.022735595703125,26.138051331280344,25.513427332299347,25.590303878390348,640200
2024-03-21,26.099611282348633,26.224536811183683,25.888201245780355,26.128440673513964,869300
2024-03-22,25.513427734375,26.18609889793321,25.47499037716447,26.13805174319968,716200
2024-03-25,25.811325073242188,26.041954707235842,25.523036656089072,25.54225625047556,624700
2024-03-26,25.90741729736328,26.06117220721728,25.744056256850843,25.88819953740263,541100
2024-03-27,26.33024024963379,26.407116791256378,26.022734083143444,26.022734083143444,976800
2024-03-28,26.407119750976562,26.59931204301468,26.282196044168863,26.359072594407802,899000
2024-04-01,26.138050079345703,26.387897467513433,26.022734349291763,26.378289503483508,471500
2024-04-02,25.859371185302734,26.16687735158162,25.811324034152157,26.06117325247408,668700
2024-04-03,25.87858772277832,26.15726446572767,25.792101394615838,25.811320985958858,534300
2024-04-04,25.715225219726562,26.31101789659654,25.599909502945945,26.15726482947647,593000
2024-04-05,25.79210662841797,25.86898317650893,25.56147698414508,25.62874373461449,655900
2024-04-08,26.022735595703125,26.186098485256682,25.734449006082233,25.87859230089268,608600
2024-04-09,25.696008682250977,26.090001192684817,25.484598648053737,26.041954040829513,447700
2024-04-10,25.032947540283203,25.32123595218211,24.7927081134748,25.215530017864374,632700
2024-04-11,24.177698135375977,24.994512633101152,23.947068482997377,24.994512633101152,1574100
2024-04-12,24.42754364013672,24.514029975634802,24.139257077063952,24.139257077063952,702900
2024-04-15,24.22574234008789,24.773489759729085,24.14886579866337,24.610126880091816,587800
2024-04-16,24.61012840270996,24.658175556742446,24.21613587442298,24.4467655129655,1366300
2024-04-17,24.139257431030273,24.725440362257903,24.100818244520244,24.687003008629166,738100
2024-04-18,24.68700408935547,24.76388063285967,24.293011574786252,24.293011574786252,1218400
2024-04-19,25.167482376098633,25.177092172929804,24.725440886271425,24.78309966725845,830100
2024-04-22,25.39811134338379,25.619131166130504,25.157871927472677,25.330844600189685,669600
2024-04-23,25.571086883544922,25.638353634282065,25.321237643034472,25.407723989091224,900900
2024-04-24,25.840152740478516,25.86898213217934,25.321236520033512,25.398113065020972,663100
2024-04-25,25.417333602905273,25.68640060390766,25.32123745988379,25.667181008727066,492300
2024-04-26,25.36928367614746,25.42694062667413,25.177093230098098,25.350064081678102,550700
2024-04-29,25.840152740478516,25.993905830453436,25.48459940724204,25.48459940724204,1070500
2024-04-30,25.302013397216797,25.974684446714583,24.744658065560202,25.129040736895586,1103200
2024-05-01,25.66718292236328,26.061177321414068,25.26358239076896,25.26358239076896,751800
2024-05-02,26.10921859741211,26.397505150134826,25.60952019533695,25.917026340342833,773000
2024-05-03,26.051565170288086,26.445557700874243,25.82093553039971,26.311022369611603,579100
2024-05-06,26.618528366088867,26.84915798845014,26.378288947019044,26.474383248341926,781400
2024-05-07,26.532045364379883,26.858771162023505,26.503215970629608,26.618531712749167,953400
2024-05-08,26.560869216918945,26.61852799636939,26.32062980118594,26.35906898748624,793500
2024-05-09,27.08940315246582,27.24315626664697,26.56087521869663,26.56087521869663,664700
2024-05-10,27.156667709350586,27.32964040700275,26.99330480966594,27.18549710325313,502700
2024-05-13,27.050960540771484,27.51221982505496,27.031740945705973,27.291199980445978,665400
2024-05-14,27.175884246826172,27.39690407656009,27.07017831396154,27.22393139837482,513600
2024-05-15,27.300806045532227,27.387292378621527,27.1854921566673,27.29119624931328,486400
2024-05-16,27.685192108154297,27.762068654405468,27.425734910107483,27.454562469400773,447500
2024-05-17,27.771678924560547,27.86777506723074,27.694802377000684,27.79089851967088,647000
2024-05-20,27.339248657226562,27.954261029277696,27.320029062379604,27.70441179491156,696000
2024-05-21,27.50261116027832,27.65636425112543,27.291199285702472,27.291199285702472,462800
2024-05-22,27.396902084350586,27.646751286574315,27.329635343921353,27.4353394362182,580500
2024-05-23,26.983694076538086,27.406516008047447,26.926037123612737,27.358467019875082,595200
2024-05-24,27.3104190826416,27.358466236556808,27.108617003858576,27.127836598577233,462200
2024-05-28,26.964475631713867,27.377687783218533,26.84916172094328,27.233544478314517,604200
2024-05-29,26.532045364379883,26.685798465284936,26.26297652135527,26.483996374796092,945700
2024-05-30,26.993303298950195,27.070179845506264,26.541653817043468,26.65696772043685,589900
2024-05-31,27.56987762451172,27.589095386008648,26.974083028953313,27.07017916796356,1152200
2024-06-03,27.464170455932617,27.723629469753348,27.425733101782132,27.723629469753348,632200
2024-06-04,27.156667709350586,27.512221069740875,27.07979115849202,27.281591417165174,1272900
2024-06-05,27.08940315246582,27.26237586414004,26.93565003828467,27.223936669153904,636500
2024-06-06,26.781888961791992,27.28158551787905,26.71462039056534,27.041346119284466,1077000
2024-06-07,26.532045364379883,26.93564771247603,26.512825768546367,26.724235824070426,648900
2024-06-10,26.271074295043945,26.338733131052393,26.077761754821225,26.329067319684754,676400
2024-06-11,25.874784469604492,26.155085616586618,25.691137746265536,26.155085616586618,948600
2024-06-12,26.36772918701172,26.686693571212608,26.2420754893649,26.35806337614928,1057300
2024-06-13,25.942441940307617,26.26140631483743,25.768461037188654,26.26140631483743,714400
2024-06-14,25.70079803466797,25.72979546166883,25.478489958355052,25.604141788229658,1213600
2024-06-17,26.34839630126953,26.367727922067015,25.7008017530725,25.7008017530725,510500
2024-06-18,26.271074295043945,26.628700097821458,26.242076860941033,26.34839894242003,698500
2024-06-20,26.51270866394043,26.59969910501683,26.155081090230286,26.155081090230286,675800
2024-06-21,26.638364791870117,26.677028035718976,26.3387320263012,26.3387320263012,1214300
2024-06-24,27.189302444458008,27.411612404002952,26.77368364467287,26.83167666545791,652900
2024-06-25,26.735017776489258,27.19896558434131,26.706020347161736,27.04431631505729,439200
2024-06-26,26.49338150024414,26.580371955948806,26.329066399864768,26.580371955948806,535100
2024-06-27,26.638364791870117,26.648030602832332,26.4257224813962,26.522378747453413,362600
2024-06-28,26.793014526367188,27.10231495161458,26.60936964572135,26.918668227403778,1486400
2024-07-01,26.793014526367188,27.121644730296005,26.58037221235176,26.97666125057799,821900
2024-07-02,27.189302444458008,27.237631498082948,26.69635900243786,26.715688780322942,478100
2024-07-03,26.947662353515625,27.40194623380609,26.937998386482302,27.189302087775705,278200
2024-07-05,26.78334617614746,26.95732707274145,26.67702595100153,26.851006847595517,400200
2024-07-08,26.822010040283203,27.24729648144441,26.812344229851718,26.957327699194337,747300
2024-07-09,27.015323638916016,27.2956247783457,26.79301367725775,26.79301367725775,701600
2024-07-10,27.285961151123047,27.401949046642695,27.07331882682959,27.150643475987668,520100
2024-07-11,27.91421890258789,28.030206776278895,27.459936904724596,27.546927349101672,739700
2024-07-12,28.107534408569336,28.300846937482998,27.991546522508155,28.03020976571685,726200
2024-07-15,28.40716552734375,28.73579570136438,28.30084530179458,28.30084530179458,793700
2024-07-16,29.277069091796875,29.315730487988883,28.503820888744574,28.503820888744574,913000
2024-07-17,29.11275291442871,29.67335696485249,29.08375548570234,29.238404751780305,876500
2024-07-18,28.822786331176758,29.663693392001477,28.745461692307284,28.909776780350516,588700
2024-07-19,28.745464324951172,28.861452215660496,28.532822009476547,28.822788970902394,635600
2024-07-22,29.422056198120117,29.441385976828037,28.735798355952387,28.871117868297627,645500
2024-07-23,29.74102020263672,29.915001113688767,29.29640211399649,29.29640211399649,699800
2024-07-24,29.315732955932617,30.030986359563375,29.306067145179714,29.65402895802464,578900
2024-07-25,29.721689224243164,30.204968723824354,29.42205645070102,29.518712719330257,720500
2024-07-26,30.127641677856445,30.224297938786652,29.886001947313343,29.924663345546524,463200
2024-07-29,29.96332550048828,30.253292429196133,29.93432807019159,30.156638015336696,686800
2024-07-30,33.17230224609375,33.52992801848163,30.69791189675799,30.92988581917401,1374000
2024-07-31,33.694244384765625,34.051870151109576,32.853339160664575,33.13363844394516,1045600
2024-08-01,32.66002655029297,34.264514198147644,32.27340151029898,33.761903121007315,1384800
2024-08-02,31.35517120361328,32.21541177159678,30.949218211937083,31.964104378257392,1184200
2024-08-05,30.581920623779297,30.591586433254122,29.4607125346047,30.446602978261048,782800
2024-08-06,30.22429847717285,30.80423420951967,30.17596942406444,30.59159006297241,1581000
2024-08-07,30.108308792114258,30.755903316507066,29.95365951854864,30.57225661281111,1089600
2024-08-08,30.45627212524414,30.514265144883524,30.11797613081217,30.24362982418983,1184400
2024-08-09,30.610919952392578,30.765569226460414,30.42727324810024,30.44660486824991,490300
2024-08-12,30.388614654541016,30.80423530827373,30.253295144575638,30.707579042174153,582300
2024-08-13,30.436941146850586,30.62058786374532,30.13730838822804,30.475604389803117,493000
2024-08-14,31.007213592529297,31.094200360367278,30.53359807389769,30.562595506741953,669800
2024-08-15,31.413164138793945,31.809453138905855,31.364836931390947,31.674135483325628,576800
2024-08-16,32.0220947265625,32.060754277129234,31.41316163780274,31.41316163780274,559800
2024-08-19,32.07042694091797,32.273403439841914,31.87711440936332,31.96410486420642,458700
2024-08-20,31.46149253845215,31.9447720050555,31.326174877743966,31.9447720050555,574700
2024-08-21,31.50982093811035,31.6644702257808,31.25851722831957,31.50982093811035,526200
2024-08-22,31.693466186523438,31.819116184709085,31.413163229716435,31.538816915031553,419100
2024-08-23,32.73735046386719,32.78567767373421,31.915776834738466,31.973771698856755,706100
2024-08-26,32.708351135253906,33.18196658690544,32.63102465860494,32.88233202058473,695000
2024-08-27,32.718021392822266,32.84367509797489,32.53437650616078,32.74702067070675,429500
2024-08-28,33.23030090332031,33.33662298790341,32.51504558975316,32.57304045965216,602500
2024-08-29,33.481597900390625,33.68457437353297,33.07564495410595,33.39460745659685,502900
2024-08-30,33.75223159790039,33.83922203757041,33.346278670859775,33.56858675287667,1558300
2024-09-03,33.39460754394531,34.013204618261554,33.307617099924,33.510593573597255,1044100
2024-09-04,33.32695007324219,33.8585567251328,33.123973591323335,33.48159934810363,544100
2024-09-05,33.104644775390625,33.539597050011515,32.64069691150497,33.539597050011515,638600
2024-09-06,31.82878875732422,33.28829125214929,31.799793166666184,32.949997070705415,674400
2024-09-09,31.519487380981445,31.98343522615849,31.42282927544682,31.906108741730794,932400
2024-09-10,31.500064849853516,31.733180736422284,31.189241197555013,31.52920340934706,921300
2024-09-11,31.189237594604492,31.247514706859462,30.499596074660698,31.228091472980996,896100
2024-09-12,31.71375274658203,31.752602918313258,31.198948139064488,31.43206769600012,741700
2024-09-13,32.10228729248047,32.2576991286967,31.927448513573406,32.034294845717774,457100
2024-09-16,32.98618698120117,33.01532924274688,32.325685867581946,32.38396668536357,785300
2024-09-17,33.51070022583008,33.821523815557946,33.025037903716594,33.238730511145555,581700
2024-09-18,33.792388916015625,34.19063191499966,33.43299609096647,33.43299609096647,646200
2024-09-19,34.40431594848633,34.520877569647396,33.91865364290989,34.23919254313882,1623800
2024-09-20,34.336326599121094,34.5403076017777,34.16148785702096,34.180914795622044,2583100
2024-09-23,34.122642517089844,34.60830493496065,34.074077016364804,34.29748128394815,888400
2024-09-24,33.67582702636719,34.142066163196745,33.60783459085243,33.96722741321312,575500
2024-09-25,33.53013229370117,33.753536551418684,33.42328597363844,33.753536551418684,756300
2024-09-26,33.47184753417969,33.90894438059722,33.46213591773023,33.74382096378926,528400
2024-09-27,33.27758026123047,33.78266951449616,33.141595405603056,33.61754610560842,809500
2024-09-30,34.09349822998047,34.10321355273528,32.94733469537096,33.20959283010127,751500
2024-10-01,33.37472152709961,33.92837638004973,33.22902132145583,33.72439905639656,498400
2024-10-02,33.63697814941406,33.72439752777585,33.093034939017365,33.31643919365083,451300
2024-10-03,33.413570404052734,33.67582480643031,33.209589405645204,33.403855082299735,438400
2024-10-04,33.967227935791016,34.18091686270646,33.870093236911366,33.98665487556695,519400
2024-10-07,33.02503967285156,33.802098688797905,32.87933948628865,33.79238707217155,660700
2024-10-08,33.1610221862793,33.25815687220404,32.99589877817134,33.25815687220404,854600
2024-10-09,33.36499786376953,33.60782900893615,32.937616382187606,32.937616382187606,821300
2024-10-10,33.258155822753906,33.66611037483674,33.07360177797514,33.66611037483674,836400
2024-10-11,33.99636459350586,34.12263784233988,33.43299448740768,33.530129180860655,669800
2024-10-14,34.37518310546875,34.423748603031115,33.870093779138266,34.01579397713531,406300
2024-10-15,34.78313446044922,35.29793530091796,34.375176211064975,34.375176211064975,458000
2024-10-16,35.22023391723633,35.35622249513127,34.909410292667644,34.909410292667644,403900
2024-10-17,35.46306610107422,35.59905468278679,35.191096348269035,35.4242159258949,413500
2024-10-18,35.035682678222656,35.52134504271735,35.01625573900569,35.52134504271735,489600
2024-10-21,34.21976852416992,35.09396223087302,34.16148770861983,34.98711592168601,691300
2024-10-22,34.239192962646484,34.33632394282811,33.92836937969402,34.112919724162865,650400
2024-10-23,34.09349822998047,34.22948681137802,33.83124380056014,34.054648054891146,547300
2024-10-24,33.83123779296875,34.26833090125903,33.5981182572792,34.26833090125903,461300
2024-10-25,33.28730010986328,33.98665512570435,33.122172973207505,33.98665512570435,380900
2024-10-28,33.75353240966797,34.025502132593566,33.46213574863203,33.46213574863203,649800
2024-10-29,33.685543060302734,33.90894731104305,33.520415923914726,33.520415923914726,613300
2024-10-30,34.054649353027344,34.45289237902593,33.72439876766436,33.72439876766436,330500
2024-10-31,33.413570404052734,34.02550228334655,33.37471652765991,33.8118133738052,781500
2024-11-01,34.88998031616211,35.89044724439042,33.685539802119834,33.685539802119834,1066300
2024-11-04,34.724857330322266,35.31736597831856,34.62772634438926,34.94826156221586,803500
2024-11-05,34.80256271362305,35.113386293816326,34.36546589606708,34.62772398660066,649500
2024-11-06,38.5518798828125,38.66844152634768,36.71607660819905,36.920053926420536,1131500
2024-11-07,37.41543197631836,38.2022064031859,37.3765780947992,38.15363719863191,1058600
2024-11-08,37.706825256347656,37.939944819004026,37.49313263268847,37.63883282251241,572400
2024-11-11,38.84327697753906,39.05696589519737,38.211914430756956,38.26047992543795,619900
2024-11-12,38.46445846557617,39.13467491182077,38.35761585595951,38.72671659167495,607600
2024-11-13,38.13420867919922,38.600447827507644,38.1147854445538,38.36732825335343,712100
2024-11-14,37.93022537231445,38.35761057315893,37.62911711387513,38.202198783390756,693900
2024-11-15,37.83310317993164,38.28962333416585,37.51256420485316,38.10507294886353,500800
2024-11-18,37.83310317993164,38.10507294886353,37.77482235574186,37.881668680768016,546600
2024-11-19,37.842811584472656,37.96908484017265,37.240591273557904,37.44456858293566,581600
2024-11-20,37.7165412902832,38.08564202226593,37.46399478386363,37.6873990285826,549200
2024-11-21,38.250770568847656,38.5033133792973,38.00793937578417,38.124497310967854,452400
2024-11-22,38.76556396484375,38.82384477374338,38.25076312147932,38.25076312147932,509200
2024-11-25,39.173526763916016,39.61061991282017,38.98897270029815,38.98897270029815,1021200
2024-11-26,39.338653564453125,39.387219062359584,38.66844080059996,39.047256871704356,607400
2024-11-27,39.008399963378906,39.736893491359325,38.90155365309223,39.60090862565253,349900
2024-11-29,38.755859375,39.37750662805119,38.69757855553524,39.37750662805119,278000
2024-12-02,38.23134231567383,38.75585856395035,38.18277681979115,38.75585856395035,1374700
2024-12-03,38.075931549072266,38.59073248909363,37.84281197501338,38.43532067482436,695900
2024-12-04,38.163352966308594,38.24105702494215,37.59027117580934,38.105072143350824,569300
2024-12-05,38.20220184326172,38.415890755490395,37.930228410401234,38.1050671510581,659300
2024-12-06,37.85252380371094,38.3381861416377,37.667969743900635,38.27019371075272,493600
2024-12-09,37.4445686340332,38.26048157796752,37.376576197481164,37.852526958655304,565800
2024-12-10,36.86909103393555,37.39579323803153,36.43992834212694,37.34702534226381,817900
2024-12-11,37.278751373291016,37.483578778017375,36.947124456745044,37.278751373291016,916800
2024-12-12,37.161705017089844,37.81520677756635,36.937369702523945,37.512839847106804,576500
2024-12-13,37.09343338012695,37.483584061914925,37.015405476220955,37.3080166271856,444500
2024-12-16,37.33727264404297,37.37628845221126,36.87884992069836,37.08367733245354,654700
2024-12-17,36.59599685668945,37.08368337601513,36.391169411553356,36.80082430182555,957900
2024-12-18,34.87933349609375,36.75205141119235,34.654998174109714,36.75205141119235,900600
2024-12-19,35.1329345703125,35.64012895751318,34.976875045077875,35.35726990529024,652000
2024-12-20,35.87421798706055,36.05954123957023,34.811061261186,34.95736870045651,1833600
2024-12-23,36.059539794921875,36.09855188584537,35.50357750117174,35.51332959371447,425600
2024-12-24,36.21560287475586,36.24486287600795,35.942495886975536,35.98151170248029,360600
2024-12-26,36.74229431152344,36.830078018855616,36.14731998488561,36.18633207200374,299200
2024-12-27,36.37165451049805,36.85934093604803,36.04977968367403,36.32288661209348,349600
2024-12-30,36.254608154296875,36.54722299482328,35.78642961850778,36.02052074677846,424200
2024-12-31,36.29362487792969,36.6740197153063,36.2643648814399,36.44968439379579,443900
2025-01-02,36.22534942626953,36.54722427381184,35.93273829625531,36.517960556283754,436600
2025-01-03,36.6252555847168,36.71303930397561,36.05954117674542,36.30338442793628,431900
2025-01-06,36.35215377807617,37.005651931265916,36.274122148634056,36.595997038953456,429500
2025-01-07,36.11805725097656,36.556975799575525,35.89372193074872,36.41067209721076,611400
2025-01-08,36.21560287475586,36.31313869276479,35.52308517218181,36.020527517985045,544100
2025-01-10,35.103668212890625,35.54258299008438,34.81105340042559,35.54258299008438,451400
2025-01-13,35.610862731933594,35.66938644505942,34.830565160684124,34.859828877623194,530300
2025-01-14,36.683773040771484,36.72278884728078,35.77667600356679,35.79618390682144,510300
2025-01-15,37.33727264404297,37.66889957196899,37.22998103195627,37.6103795804688,400600
2025-01-16,37.62013244628906,37.73717615245025,37.24948970256758,37.27875341967213,442400
2025-01-17,37.82495880126953,38.039542023839594,37.756682997861276,37.82495880126953,356800
2025-01-21,38.312644958496094,38.410184477477806,37.90299014102952,37.95175804014427,394900
2025-01-22,38.10782241821289,38.27363776128937,37.86397917073482,38.22486613519162,444900
2025-01-23,37.883487701416016,38.25413048550234,37.80545607497564,37.99077932739517,503600
2025-01-24,37.902992248535156,38.156587570483765,37.73717691742258,37.75668482230362,444500
2025-01-27,38.42969512939453,38.55649093200966,37.981020751498214,38.03954446707229,410500
2025-01-28,38.81009292602539,39.31728733726021,38.17609898179368,38.17609898179368,361600
2025-01-29,38.936885833740234,39.45383602012551,38.468707270775205,38.468707270775205,347600
2025-01-30,39.15147018432617,39.62940457387452,38.98565856638756,39.34654552130004,492000
2025-01-31,38.956398010253906,39.5513761619923,38.839354286867746,38.956398010253906,553400
2025-02-03,38.42969512939453,38.722306265759975,38.029792374852846,38.176096082659335,603800
2025-02-04,38.41994094848633,38.975903247423474,38.283389327098625,38.283389327098625,484100
2025-02-05,39.07344055175781,39.09294845666662,38.43944666485508,38.527230376568504,645800
2025-02-06,39.034420013427734,39.268507402471926,38.546733612041706,39.20998741558686,579500
2025-02-07,40.06832504272461,40.51699573441072,38.58575762081363,39.29777947172927,864000
2025-02-10,40.14634704589844,40.44871397405645,39.71718432400673,39.990287536051255,707400
2025-02-11,39.98053741455078,40.45846805917867,39.92201370019226,40.08782530974615,694900
2025-02-12,39.590389251708984,40.068323647165116,39.44408181698192,39.8634924943967,560500
2025-02-13,40.47797775268555,40.57551356017413,39.77570803235958,40.312166135804446,707500
2025-02-14,40.39994430541992,40.985170286177215,40.36093221663801,40.507235921263046,837600
2025-02-18,40.66329574584961,40.78034317533677,40.23413299998728,40.43896042046118,738900
2025-02-19,40.47797775268555,40.77058889590385,40.185366609467245,40.50723775078161,587900
2025-02-20,39.60989761352539,40.351179446816175,39.2782706489802,40.17561201142445,552200
2025-02-21,38.81009292602539,39.99029337408479,38.67354130006847,39.99029337408479,602200
2025-02-24,39.15147018432617,39.453837142673294,38.858859039241665,39.083194374498206,682800
2025-02-25,39.2490119934082,39.71719059689334,39.06368873817779,39.50260734168035,677400
2025-02-26,39.853736877441406,39.99028848670981,39.063683497135585,39.12220721000159,681300
2025-02-27,40.253639221191406,40.68280194910292,40.048811809284935,40.05856390095808,615300
2025-02-28,40.66329574584961,40.751079457588766,40.01954976667991,40.390192518551075,768100
2025-03-03,40.692562103271484,41.365568123093794,40.38044304589714,40.760837914525084,770500
2025-03-04,39.17097854614258,40.31216686223669,38.732059963029464,40.1951194262381,763300
2025-03-05,39.736698150634766,40.048817216850864,39.01492048453957,39.20024001737014,857300
2025-03-06,38.7223014831543,39.52210689345341,38.64426987202658,39.39530738574687,607100
2025-03-07,38.6442756652832,38.946642622603676,37.72742642159743,38.4687082346781,612900
2025-03-10,37.811851501464844,38.3308941023955,37.4299142112827,37.860817150183664,677600
2025-03-11,38.11543655395508,38.66386147219756,37.410323071459445,37.792260319444395,743000
2025-03-12,38.291717529296875,38.65407152443988,37.96854128068525,38.59531050840173,553800
2025-03-13,37.988128662109375,38.84014285598135,37.919576010639176,38.55613687941092,425500
2025-03-14,39.22208023071289,39.28084124749202,38.18399508515684,38.34068739406186,499300
2025-03-17,40.514793395996094,40.61272842561196,39.192702250816694,39.320015921397626,926900
2025-03-18,39.888023376464844,40.73024593563539,39.848849365378,40.28954765050669,948200
2025-03-19,40.41685485839844,40.73023942532323,39.73132471731093,39.73132471731093,943600
2025-03-20,40.36789321899414,40.837970115945566,39.86843394759387,39.86843394759387,649200
2025-03-21,40.14265060424805,40.39727420394605,39.672569944154446,40.06430258228601,3744500
2025-03-24,41.33742904663086,41.435364076438766,40.66169415223358,40.769420817102585,741900
2025-03-25,41.38639450073242,41.88585381082651,41.01425259671494,41.38639450073242,632600
2025-03-26,41.46474075317383,42.30696329042669,41.386392733039045,41.68019407270527,666100
2025-03-27,41.39618682861328,41.57246613264852,40.94569693422948,41.47453111049611,561200
2025-03-28,40.62252426147461,41.47453856012377,40.2993479699207,41.308054596319586,704600
2025-03-31,40.78900909423828,41.18073801815981,40.14265282072023,40.358102421333236,891100
2025-04-01,41.112178802490234,41.35701074181129,40.328717343830654,40.534375276259,705100
2025-04-02,41.494117736816406,41.63122303074133,40.50499830504442,40.50499830504442,505500
2025-04-03,38.74220657348633,40.181815804754415,38.65406692783001,39.54525501798219,657200
2025-04-04,36.03926467895508,37.2928068863214,35.16766347698151,36.950039892123705,1226100
2025-04-07,35.4516716003418,36.99900777781613,33.91412705833927,34.962007638281385,1302200
2025-04-08,35.373321533203125,37.60619161179821,34.79551794186062,37.04797502610927,964200
2025-04-09,38.68344497680664,39.07517755951488,34.77592572651964,34.93261801243518,1074300
2025-04-10,35.75525665283203,37.61598098374785,35.44187205290671,37.21445673160359,1244600
2025-04-11,36.02947235107422,36.107816636118095,34.775930167818906,35.64753508886709,820900
2025-04-14,37.06755828857422,37.48866957044404,36.25471810122877,36.67582938309859,672200
2025-04-15,37.37115478515625,37.80205774243477,37.194875453578746,37.194875453578746,521900
2025-04-16,37.292808532714844,37.80205575737531,36.950041523384755,37.39073982918659,567300
2025-04-17,37.48866653442383,38.04688307479491,37.44949626213601,37.44949626213601,602200
2025-04-21,36.391822814941406,37.49846433325153,36.02947255589517,37.234045365026674,471900
2025-04-22,37.8314323425293,37.99791626820842,36.80313894366242,36.94024423206615,454800
2025-04-23,38.36027145385742,39.58443130983969,38.18399587156823,38.68345144903965,534100
2025-04-24,38.93807601928711,39.094768335298426,38.037096136181916,38.05668314266327,501500
2025-04-25,38.76179885864258,39.0360094665677,38.22316554187631,38.75200348787991,451300
2025-04-28,39.094764709472656,39.37877067335301,38.54634352221587,38.75200146743717,689700
2025-04-29,37.22425079345703,37.88040241073021,35.85319401333168,36.577894546979806,1868300
2025-04-30,37.15570068359375,37.2732227261505,35.892370480745406,36.440791735985115,1276800
2025-05-01,36.3526496887207,37.292807288340235,36.21554438389935,36.92066164965416,1209300
2025-05-02,37.40053176879883,37.63557211241866,36.78355787149589,36.8423151555212,732300
2025-05-05,36.5778923034668,37.41032318561638,36.54851366455957,36.8423112611492,854100
2025-05-06,36.70520782470703,36.92066114984642,36.303683550663195,36.303683550663195,512900
2025-05-07,36.950035095214844,37.28300667546725,36.70520316078922,36.94024346160691,732300
2025-05-08,36.910865783691406,37.469082366312676,36.881487143292176,37.22425040074758,753800
2025-05-09,37.00880432128906,37.312393596444636,36.85211199790047,37.096943986685126,738300
2025-05-12,37.8314323425293,38.281922214666956,37.625770674084784,37.70411868793773,768000
2025-05-13,37.860816955566406,38.34068927655902,37.841229949011655,38.00771763680728,567800
2025-05-14,37.65515899658203,37.90978261015589,37.39074001180946,37.821642948565035,652700
2025-05-15,37.94895553588867,38.01750818895732,37.674744923614085,37.674744923614085,546300
2025-05-16,37.87060546875,38.056680147759785,37.64536051569955,38.007714503329545,612300
2025-05-19,37.968544006347656,38.095857682316854,37.63557236324021,37.6453639986965,537300
2025-05-20,38.41903305053711,38.722626044295794,37.95874774228608,38.115440056778425,858600
2025-05-21,36.99900817871094,38.35048177467635,36.95983790055974,38.017510127433845,532700
2025-05-22,36.499549865722656,37.664948676622274,36.29389191130025,37.07735345374702,678400
2025-05-23,36.37223815917969,36.62686550910651,35.89236957298143,35.89236957298143,498800
2025-05-27,37.3907356262207,37.43970126895252,36.47016884100982,36.72479242471868,612800
2025-05-28,36.67583084106445,37.400531399714865,36.6268651929134,37.25363445526169,604000
2025-05-29,37.30259704589844,37.30259704589844,36.78355449352958,36.94024679627334,454400
2025-05-30,37.17528533935547,37.400530302916444,36.95983574664114,37.19487234520938,616000
2025-06-02,37.11653137207031,37.292810704657605,36.6170720177931,36.98921769057067,623500
2025-06-03,37.41032791137695,37.488672203639226,36.57789692407273,37.09694327064865,509500
2025-06-04,36.87169647216797,37.55722300499664,36.852109466110086,37.4201176984309,372300
2025-06-05,37.077354431152344,37.2340467437723,36.626864499349885,36.93045375364139,581100
2025-06-06,37.8216438293457,37.87060947896103,37.39074088255538,37.655159873485665,421000
2025-06-09,37.380943298339844,38.19378723002796,36.9304533712025,37.88040260803334,718700
2025-06-10,37.29241180419922,37.656383120223964,37.144853938283894,37.262901732037115,620400
2025-06-11,36.87925338745117,37.57768590195716,36.7513701621374,37.253060119057324,1017400
2025-06-12,37.046485900878906,37.095670607154084,36.1119614714403,36.466097360705675,560000
2025-06-13,36.279197692871094,36.771052311121586,36.102129730096685,36.51528580820169,622200
2025-06-16,36.5644645690918,36.96778889287186,36.426745898802174,36.54479368980956,723500
2025-06-17,36.3087043762207,36.554631662364855,35.99391775016039,36.23000959598192,761600
2025-06-18,36.45625686645508,36.92843673583198,36.22016505549061,36.22016505549061,770000
2025-06-20,36.89892578125,37.036648204002645,36.544793666114444,36.77104630323674,2248600
2025-06-23,37.558013916015625,37.57768854841506,36.62348951608081,36.87925598472104,667200
2025-06-24,37.05631637573242,38.01051531033322,37.0366454979002,38.01051531033322,720700
2025-06-25,36.84973907470703,37.07599169952954,36.613651010784466,37.07599169952954,712600
2025-06-26,37.68589401245117,37.695729451555735,36.8989237922099,37.02680701588192,512800
2025-06-27,37.82361602783203,38.1285634502809,37.5776887503462,37.803941395326866,967700
2025-06-30,37.951499938964844,38.07937942369795,37.77443199581629,37.93182530610917,712800
2025-07-01,38.08921813964844,38.38433012368468,37.64654828731784,37.69573299256514,744600
2025-07-02,37.24322509765625,38.14823561913241,36.95794857358355,38.069540846746406,794500
2025-07-03,37.646549224853516,37.75475783062384,37.331762600368535,37.518665985983816,418200
2025-07-07,36.87925338745117,37.725240005732594,36.73169553112358,37.430128045629566,602000
2025-07-08,36.92844009399414,37.39078081399239,36.790721421971156,36.85958075798265,912200
2025-07-09,36.151309967041016,37.28257695002383,36.00375209880762,37.18420378701741,631800
2025-07-10,36.33821105957031,36.4562588477441,36.023424462878,36.180817761224155,827800
2025-07-11,35.738155364990234,36.12180133463049,35.6594568314473,36.10212670124476,513200
2025-07-14,36.47593688964844,36.534957036701556,35.59059715832587,35.59059715832587,757800
2025-07-15,35.56108474731445,36.544793827433224,35.511896291266645,36.397235964394476,752900
2025-07-16,36.09228515625,36.249678460526404,35.561085099662385,35.88570714799079,683200
2025-07-17,36.987457275390625,37.03664572793283,35.88570423489295,35.88570423489295,930200
2025-07-18,37.07599639892578,37.3022490524259,36.91860308551037,37.007137058841074,678400
2025-07-21,36.53495407104492,37.28257506182004,36.46609473670409,37.04648323511414,605800
2025-07-22,37.00713348388672,37.105506640613704,36.39723492238835,36.534953589253895,748000
2025-07-23,36.89892578125,37.37110943986872,36.830066446149836,37.27273628075969,753500
2025-07-24,36.761207580566406,36.997299412891145,36.56446501238785,36.71202287665986,802200
2025-07-25,37.203880310058594,37.21371950313543,36.67267646048927,36.839908969821536,658900
2025-07-28,36.96779251098633,37.36127392853147,36.7021905840532,37.194045170399136,1049000
2025-07-29,36.3775634765625,37.56785063304862,36.33821421042596,37.184204669598756,1764200
2025-07-30,35.47254943847656,36.49560399116973,35.295481510547475,36.38739914859279,1177800
2025-07-31,36.23984146118164,36.5152787936739,35.23645778239272,35.23645778239272,1026800
2025-08-01,34.911842346191406,35.87587694466406,34.665915037829414,35.73815825238981,811400
2025-08-04,35.256134033203125,35.32499336948936,34.95118286354092,35.049556024344405,670900
2025-08-05,35.64961624145508,35.70863638053422,34.99052925217208,35.41352442748229,693500
2025-08-06,36.279197692871094,36.495611173165315,35.75782924578958,35.77750388082595,665700
2025-08-07,35.35450744628906,36.23984723104662,35.22662795158738,36.23001179012834,440800
2025-08-08,35.90538024902344,36.11195824847378,35.46271042694969,35.56108358327287,595200
2025-08-11,36.42674255371094,36.672669800230835,36.08244590960387,36.1021205396317,545400
2025-08-12,37.105506896972656,37.15469159939985,36.66283707002344,36.771045666894615,498200
2025-08-13,37.68589401245117,37.695729451555735,37.15469023955395,37.32191897219634,673600
2025-08-14,37.45964431762695,37.548174534149226,37.1350185135023,37.548174534149226,455200
2025-08-15,37.00713348388672,37.61703579793732,36.88908944836657,37.61703579793732,643900
2025-08-18,37.154693603515625,37.16452904351068,36.75137301777404,36.85958162048196,613700
2025-08-19,37.30224609375,37.67605659066956,37.13501735325185,37.13501735325185,502800
2025-08-20,38.069541931152344,38.32530463938247,37.58752283355608,37.607197465351064,986200
2025-08-21,38.0400276184082,38.1580754076613,37.65638168471631,37.83344961604368,644100
2025-08-22,38.97455596923828,39.16146311175515,38.08921997448119,38.39416741323581,658300
2025-08-25,38.364654541015625,38.935207614902026,38.33514446910853,38.787649750261785,491900
2025-08-26,38.61058044433594,38.64009051519642,38.099051284958215,38.13840054780702,880900
2025-08-27,38.9647216796875,39.1221150002414,38.44335700895634,38.44335700895634,602200
2025-08-28,38.77781295776367,39.161462679060726,38.50237559611179,39.161462679060726,409900
2025-08-29,38.826995849609375,39.17129250230219,38.73846188855236,38.88601598861268,733900
2025-09-02,38.50237274169922,38.53188281324485,38.030192834207554,38.37448951074762,496000
2025-09-03,39.14178466796875,39.171294739155556,38.27611963848373,38.27611963848373,679900
2025-09-04,39.75168228149414,39.75168228149414,39.17129379596415,39.34836172392599,700800
2025-09-05,39.09260177612305,40.00744779826522,38.866345378035156,39.77135971272932,617900
2025-09-08,39.063087463378906,39.13194680017999,38.35481946306031,39.09260128811681,623100
2025-09-09,38.71879196166992,39.23032115963517,38.649932622766194,39.10243792200573,668100
2025-09-10,38.75830841064453,38.965782521705414,38.47179438937169,38.85710829840949,602000
2025-09-11,39.08434295654297,39.08434295654297,38.60023292151632,38.70891091522621,763400
2025-09-12,38.77806854248047,39.10410252015646,38.708910505185024,38.8077066245127,749500
2025-09-15,38.926265716552734,39.30169397759969,38.65951167707392,38.8472258075974,677500
2025-09-16,38.056846618652344,39.02506291725108,37.85925060960904,38.77806884815455,799300
2025-09-17,38.56071472167969,39.05470288370512,37.879012414863595,38.03708847595851,879700
2025-09-18,39.104103088378906,39.272057247442575,38.521196930682514,38.53107503522667,941400
2025-09-19,39.12385940551758,39.36097537236691,38.87686533409681,39.321455416420285,3887700
2025-09-22,39.32145690917969,39.400496824073535,38.81759064263845,38.9559067248721,1019700
2025-09-23,39.20289993286133,39.81544418432871,39.20289993286133,39.2522979941549,798200
2025-09-24,38.94602584838867,39.49929396032143,38.79783165741376,39.22266178877039,889600
2025-09-25,38.89662551879883,39.05470157459505,38.610115258739114,38.876865540720495,620200
2025-09-26,39.58821105957031,39.657369100845884,38.965784919259605,38.965784919259605,514000
2025-09-29,39.04482650756836,39.49929473223526,38.93614850409785,39.49929473223526,519000
2025-09-30,39.074459075927734,39.29181505218179,38.67927084590153,38.97566296062874,637100
2025-10-01,38.689151763916016,38.91638586069553,38.40263773234731,38.62987182912682,592400
2025-10-02,38.74842834472656,38.85710633135125,38.37299632788588,38.48167431451056,431000
2025-10-03,39.104103088378906,39.19301733576761,38.748431023502405,38.748431023502405,424200
2025-10-06,39.11397933959961,39.46965138762343,38.916383338605236,39.15349929356453,426000
2025-10-07,39.34121322631836,39.47952929567859,39.104101041366604,39.104101041366604,679100
2025-10-08,39.48941421508789,39.588210338301394,39.12386026777077,39.588210338301394,515400
2025-10-09,39.61784744262695,39.81544345300231,39.202899212786086,39.68700548093376,498500
2025-10-10,38.80770492553711,39.617845128813826,38.5310727884661,39.113978912173025,773800
2025-10-13,38.926265716552734,39.33133582787308,38.71878783996013,39.03493993812088,379100
2025-10-14,39.58821105957031,39.6771290796147,38.37300063151742,38.37300063151742,468300
2025-10-15,38.97566604614258,39.80556629437606,38.827468092631754,39.60797027930513,471400
2025-10-16,38.0272102355957,38.6496326039734,37.76045617679216,38.54095460570189,483500
2025-10-17,38.491554260253906,38.491554260253906,37.88888813746406,38.066724166117794,550000
2025-10-20,39.025062561035156,39.14361865784681,38.56071250934649,38.61011433777918,302900
2025-10-21,39.13374328613281,39.45977351733885,38.91638728610837,38.94602537017329,355600
2025-10-22,39.034942626953125,39.4301346612911,38.54095446844593,39.31157855852193,618300
2025-10-23,39.351097106933594,39.53881124366707,38.87686517517353,38.99542504252876,395900
2025-10-24,39.637603759765625,39.85495972798737,39.45976774373512,39.51904767202198,552900
2025-10-27,39.6968879699707,40.003161979244055,39.39061396069736,39.80556596580416,460900
2025-10-28,39.74628448486328,39.766044462321595,39.25229635489656,39.63760649325775,527900
2025-10-29,39.39061737060547,39.8352074971242,39.143623274631814,39.40049924498967,609100
2025-10-30,39.43013381958008,40.13159608516692,39.400495736728104,39.42025571490625,478200
2025-10-31,39.53881072998047,39.58820878965483,39.05470069997889,39.2720566851425,560200
2025-11-03,39.11397933959961,39.40049335259993,38.80770534961682,39.40049335259993,584000
2025-11-04,40.813297271728516,41.49499947779927,38.71878506072008,40.06243326587114,880500
2025-11-05,39.84508514404297,41.149213530912576,39.825325166201864,41.001015581519496,732500
2025-11-06,40.0031623840332,40.42798872930659,39.647490310008486,40.013040488831436,756200
2025-11-07,40.754024505615234,40.754024505615234,39.598093983221965,39.95376230399865,930000
2025-11-10,40.41810989379883,41.198612067816946,40.41810989379883,40.57618594952638,586600
2025-11-11,40.49715042114258,40.783660685429304,40.427988612432806,40.526788504282116,470100
2025-11-12,41.13933181762695,41.17885177346292,40.53666568203507,40.53666568203507,636300
2025-11-13,40.9120979309082,41.32704993161522,40.7540218755985,41.05041400820039,579700
2025-11-14,40.714500427246094,40.98125446745954,40.180992346819195,40.67498047265959,488400
2025-11-17,39.252296447753906,40.73426084115991,39.2127764927438,40.60582287179222,444700
2025-11-18,39.62772750854492,39.93399773026855,39.22265740172475,39.32145351799104,516700
2025-11-19,39.19301223754883,39.736402137554116,38.93614009567991,39.568444231507954,578400
2025-11-20,39.29181671142578,40.10195695134546,39.01518456184259,39.6474887716501,605500
2025-11-21,39.96364212036133,40.48726835374955,39.31157791259903,39.815444167711966,829600
2025-11-24,40.33907699584961,40.52679114936919,39.667252762747964,39.7858088718745,807500
2025-11-25,40.68486404418945,41.4554843466458,40.55642607083657,40.63546598330925,913800
2025-11-26,40.68486404418945,41.089934173535795,40.62558410983494,40.62558410983494,536500
2025-11-28,40.437870025634766,40.71450218200227,40.24027401301635,40.24027401301635,268200
2025-12-01,40.289669036865234,40.64534107900118,40.20075102633125,40.418107000709924,430200
2025-12-02,39.60797119140625,40.69474364607701,39.548691254870704,40.576187541836525,595800
2025-12-03,40.062435150146484,40.08219512689632,39.61784509535059,39.68700312955993,671400
2025-12-04,39.80556869506836,40.22051695979557,39.65737073261965,39.95376288868633,519900
2025-12-05,39.6968879699707,39.98340200101702,39.58820997413724,39.924122066335904,687200
2025-12-08,39.47953414916992,39.657370194161466,38.906509824398825,39.657370194161466,731400
2025-12-09,39.54869079589844,40.08219891203503,39.44989467164968,39.55857266962165,853200
2025-12-10,40.5111198425293,40.679790327131535,39.49908558020236,39.49908558020236,1160000
2025-12-11,40.81869125366211,41.15603596587849,40.59048803435456,40.59048803435456,697400
2025-12-12,40.91791534423828,41.07666558538869,40.72939683075047,41.07666558538869,771800
2025-12-15,42.53518295288086,43.2197964544996,41.22549249531157,41.62236999726169,2155800
2025-12-16,42.54510498046875,42.97174695037627,42.39627497797852,42.674086945395814,1192800
2025-12-17,42.733619689941406,42.94197866543889,42.574869453623684,42.65424646423464,768800
2025-12-18,42.852684020996094,43.031278520802594,42.49549880628751,42.684013540570184,648700
2025-12-19,43.209869384765625,43.229713636952624,42.644321444600536,42.664165696787535,1536300
2025-12-22,43.140419006347656,43.56706099193739,43.09081026532882,43.13049877210562,566400
2025-12-23,43.22971725463867,43.666279484574105,43.19995276631938,43.527373492544854,589600
2025-12-24,43.25947952270508,43.547215511371846,43.06104456422173,43.21979480195094,289500
2025-12-26,42.951904296875,43.38846651691372,42.82291854224143,43.29916926907576,387600
2025-12-29,42.50541687011719,43.16026207433157,42.44588411158707,43.03127632330176,584900
2025-12-30,42.455810546875,42.70385804417868,42.416122038929345,42.426042273463544,438400
2025-12-31,42.138309478759766,42.58479193989714,42.039088210248046,42.47565422189083,399800
2026-01-02,41.87041473388672,42.14822669602389,41.324711043301235,41.493381510340484,583500
2026-01-05,42.74354553222656,43.20987224229551,41.44377531480332,41.5429927973956,497000
2026-01-06,42.97174835205078,43.140418827797575,42.019243117871554,42.25737037264244,607200
2026-01-07,42.97174835205078,43.03127732706527,42.29705887925497,42.902295357931,473600
2026-01-08,43.56705856323242,43.84487052537433,43.04119912491977,43.04119912491977,393400
2026-01-09,43.06104278564453,43.78534095192444,43.03127451517819,43.457916471123134,415800
2026-01-12,42.60463333129883,43.19994954766093,42.59471309756632,42.842760574824496,519000
2026-01-13,41.87041473388672,42.86260463855274,41.671975995972694,42.58478889151145,557700
2026-01-14,42.09861755371094,42.31690054181171,41.67197559600711,41.87041433201653,499000
2026-01-15,41.77119445800781,42.56494942839141,41.52314697598899,41.52314697598899,493300
2026-01-16,41.215572357177734,41.741431831320426,41.18580408427415,41.5231488262479,526000
2026-01-20,40.144004821777344,41.195727540595094,40.05470757409561,40.67978830786776,521100
2026-01-21,40.74924087524414,41.136194349509324,40.24322566695219,40.24322566695219,662000
2026-01-22,41.15604019165039,41.165964211063276,40.63018070990046,40.67978945225158,643700
2026-01-23,40.36228942871094,40.987370187336914,39.88603868377359,40.80877568487235,607500
2026-01-26,41.0072135925293,41.09650705700849,40.48135033064621,40.58057159935264,418900
2026-01-27,40.69963073730469,40.987366720818294,40.38213026753249,40.90798971092317,387500
2026-01-28,40.6897087097168,40.937756200420736,40.322599483248176,40.59049122739695,555100
2026-01-29,41.483463287353516,41.523148008936545,40.848458538269156,41.017132798388154,635400
2026-01-30,41.72158432006836,41.86049029975807,41.11634787864542,41.11634787864542,778200
2026-02-02,42.465728759765625,42.52526151884996,41.6620573291005,41.999402060769896,624200
2026-02-03,41.97956085205078,43.11065686234913,41.83073083599909,42.138311102883804,802300
2026-02-04,42.19783401489258,42.35658424290319,41.33462988664139,42.04900780514112,743900
2026-02-05,41.97956085205078,43.120577097130464,41.86049532524761,42.27721709924963,1061300
2026-02-06,44.291358947753906,44.48979769556514,42.743545041615775,43.21979576542015,1172100
2026-02-09,42.37643051147461,44.50964035024735,42.187915789521924,43.983780904602796,952400
2026-02-10,42.71377944946289,42.88245372040293,42.05893419002858,42.26729318509756,741000
2026-02-11,42.74354553222656,43.23964051499667,42.14822928195983,42.8824515218175,483200
2026-02-12,42.862606048583984,43.457918497005664,41.93986910409741,43.04120054009133,747600
2026-02-13,42.72370147705078,43.428155447477366,42.465729965266384,42.644324462685006,595300
2026-02-17,42.78322982788086,43.487687572920066,42.57487084557127,43.140418817499764,1147200
2026-02-18,42.703853607177734,43.03127430144873,42.51533510647548,42.94197706030136,850600
2026-02-19,42.2474479675293,42.71377464909897,41.92994371584851,42.624477406261526,696500
2026-02-20,42.882450103759766,42.90229435660287,41.959713163528534,42.356586865678,631800
2026-02-23,40.94767761230469,42.99159016812723,40.90798910794213,42.68400993667356,711900
2026-02-24,41.294944763183594,41.44377477001998,40.29283457651875,40.83853829341166,815000
2026-02-25,41.989479064941406,42.068856078988,41.066742093623716,41.56283707670186,472900
2026-02-26,42.733619689941406,42.97174693687009,42.187915989155734,42.35658645934774,569300
2026-02-27,41.483463287353516,42.37643197389262,41.17588303943317,42.2772144925786,1045100
2026-03-02,42.18791580200195,42.73361950036678,40.898069664529416,40.9675226560538,745900
2026-03-03,41.86049270629883,41.88033695952449,40.10431603732269,41.36439773037012,602600
2026-03-04,42.2474479675293,42.36650969634452,41.542990258520945,42.00932072499474,504300
2026-03-05,41.82080841064453,42.08869636965836,41.47353965301536,41.6521341489608,526900
2026-03-06,41.215572357177734,41.28502535244547,40.27299112652424,41.10643085464147,538300
2026-03-09,40.84845733642578,41.04689607811966,39.608219931969266,40.739319624153126,534500
2026-03-10,40.459903717041016,41.28683401308726,40.03149271767561,40.599385660909206,488700
2026-03-11,39.78241729736328,40.45990429200602,39.33407975670294,39.87208480549535,565600
2026-03-12,39.623008728027344,39.80234374389193,38.84589285967946,39.14478328592111,576100
2026-03-13,39.72263717651367,40.111195106513456,39.19459730247273,40.00160486519392,620300
2026-03-16,40.25067901611328,40.878347735682915,39.97171134015124,40.19089941399332,537800
2026-03-17,40.71894073486328,41.1074986611846,40.4599033841817,40.499756453701295,455000
2026-03-18,40.031490325927734,40.629271135532555,39.951784190994985,40.12115782742823,779700
2026-03-19,39.762489318847656,40.240714744660615,39.38389276485487,39.852156823724954,628600
2026-03-20,39.59312057495117,39.812304859155326,39.13481787031061,39.812304859155326,1760800
2026-03-23,40.39016342163086,41.08757695325122,39.84219700414271,40.649200778782316,843400
2026-03-24,40.479827880859375,40.83849788728159,40.09126997410121,40.09126997410121,664000
2026-03-25,40.459903717041016,41.04772319519834,40.21082773139126,40.908241251330146,806900
2026-03-26,40.80860900878906,40.898276516596276,40.38019800488768,40.38019800488768,638200
2026-03-27,39.4038200378418,40.659165129651505,39.344044233868516,40.61931205993737,583500
2026-03-30,40.031490325927734,40.34034589789559,39.46359741662385,39.66285895335802,560900
2026-03-31,40.908241271972656,41.077611118012946,39.9816783008402,40.57945914646208,590100
2026-04-01,40.928165435791016,41.625575115080444,40.90823890201165,41.017829136901625,530000
2026-04-02,41.007869720458984,41.15731683061244,40.220788701433534,40.56949735825896,485700
2026-04-06,41.44624328613281,41.4960615246958,40.74883355342707,40.918203402627604,527700
2026-04-07,41.545875549316406,41.72521056468452,40.85842339020599,41.27687302626424,706500
2026-04-08,42.61191940307617,42.90084845397653,41.74513605097297,41.74513605097297,1018200
2026-04-09,41.9543571472168,42.73147296024697,41.92446924689955,42.19346795095022,920300
2026-04-10,42.093841552734375,42.1635825246319,41.296799159192716,41.95435960893933,465900
2026-04-13,42.502323150634766,42.64180508502325,41.605648142997836,41.725207344414535,460300
2026-04-14,42.70158767700195,42.94069849538987,42.31302974667314,42.432585155867095,717700
2026-04-15,43.01043701171875,43.299366051322046,42.19346812777665,42.771326206983254,765900
2026-04-16,42.82114028930664,43.39899836376382,42.53221125207804,43.06025489267457,431300
2026-04-17,43.46874237060547,44.335525742298714,43.00047829825951,43.149925410888464,775100
2026-04-20,43.777591705322266,44.03663284592645,43.359145894404676,43.359145894404676,362900
2026-04-21,43.448814392089844,44.116336191634026,43.28940591752721,43.777592708113716,540600
2026-04-22,43.30933380126953,43.49863018302356,42.791255292650256,43.44881574578281,508300
2026-04-23,43.588294982910156,44.036632491425344,43.149922641582926,43.349180378169486,406000
2026-04-24,43.54844284057617,43.907112855008556,43.359146466558094,43.87722495400512,516400
2026-04-27,44.1462287902832,44.30563726808395,43.438850106981846,43.438850106981846,471100
2026-04-28,44.40526580810547,44.77389719764003,44.20600426220105,44.61448872103607,429000
2026-04-29,44.49493408203125,44.744010068563135,44.25581946269755,44.26578463049368,996900
2026-04-30,44.285709381103516,44.604526326970536,43.95692726784189,44.026668237212945,627500
2026-05-01,44.46504592895508,44.484972463836954,43.08018405974725,43.78755894536309,1001100
2026-05-04,45.49123764038086,45.5111641752053,44.19604328157521,44.22593118351292,831200
2026-05-05,45.35175323486328,45.82001727631887,45.12260379772055,45.5310882379485,682600
2026-05-06,45.54104995727539,46.019275369007666,45.381641486697966,45.59086439171876,1198000
2026-05-07,45.730350494384766,46.158761475096696,45.45138281819701,45.75027322784312,1101000
2026-05-08,45.84990692138672,45.98938886229463,45.361716327611184,45.77020078338343,870600
2026-05-11,45.51116180419922,46.098981248803895,45.311900266933655,45.98938721327795,935100
2026-05-12,45.999351501464844,46.15876378188034,44.91338384561892,45.81005511936837,728000
2026-05-13,45.84990692138672,46.05912983274858,45.55101650507007,45.78016595093276,693400
2026-05-14,47.01557922363281,47.05543229139555,46.19861033748535,46.19861033748535,655400
2026-05-15,46.646949768066406,47.17498963556198,46.527394360455645,47.115213832055545,960500
2026-05-18,47.66318130493164,47.772775347952475,46.25839288200573,46.25839288200573,553600
2026-05-19,46.706729888916016,47.73292173350734,46.646950284150314,47.683107296501554,550900
2026-05-20,47.05543518066406,47.53366062138742,46.577209739940706,46.91595323552783,623700
2026-05-21,47.20487976074219,47.21484112746114,46.358019166916066,46.62702167550099,611100
2026-05-22,47.115211486816406,47.42406325782041,46.896023416608905,47.36428745728941,450800
2026-05-26,46.8760986328125,47.27462172068549,46.7366166922363,46.886063800338135,498600
2026-05-27,46.18865203857422,47.47388505480137,45.99935185442725,46.925914838163294,538800
2026-05-28,46.04916763305664,46.1886495714422,45.8100530239687,46.009314564775686,448500
2026-05-29,45.80009078979492,46.50746563569495,45.770199088851435,45.770199088851435,954800
2026-06-01,45.80009078979492,46.328130632424845,45.63071715310751,46.12886909539165,2135100
2026-06-02,46.67683792114258,47.0853223832268,45.84990762986871,45.86983416467744,1126500
2026-06-03,45.999351501464844,46.51743001102135,45.939575696906985,46.298245726645945,685700
2026-06-04,46.945838928222656,47.03550643167516,46.52739311250951,46.53735447929411,776300
2026-06-05,47.7329216003418,47.95210968327328,47.15506729161051,47.15506729161051,562700
2026-06-08,47.812625885009766,48.08162459377487,47.49380514011477,47.49380514011477,665200
2026-06-09,48.52000045776367,48.639555861023766,48.11151601274376,48.11151601274376,813600
2026-06-10,49.630001068115234,49.95000076293945,48.52000045776367,48.88999938964844,652200
2026-06-11,49.970001220703125,50.20000076293945,49.75,50.0,578800
2026-06-12,50.36000061035156,50.709999084472656,49.939998626708984,50.27000045776367,461200
2026-06-15,50.40999984741211,50.7400016784668,50.290000915527344,50.56999969482422,686200
2026-06-16,51.04999923706055,51.220001220703125,50.650001525878906,50.650001525878906,545300
2026-06-17,51.22999954223633,51.68000030517578,50.560001373291016,50.81999969482422,852700
2026-06-18,50.83000183105469,51.77000045776367,50.59000015258789,51.619998931884766,1519800
2026-06-22,51.459999084472656,52.060001373291016,51.130001068115234,51.150001525878906,610200
2026-06-23,52.77000045776367,52.81999969482422,51.560001373291016,51.7599983215332,641900
2026-06-24,52.13999938964844,52.90999984741211,52.099998474121094,52.2400016784668,983600
2026-06-25,51.900001525878906,53.029998779296875,51.349998474121094,52.310001373291016,834500
2026-06-26,52.52000045776367,53.02000045776367,52.040000915527344,52.2400016784668,3028600
2026-06-29,52.130001068115234,52.4900016784668,51.720001220703125,52.02000045776367,674100
2026-06-30,50.97999954223633,52.130001068115234,50.970001220703125,52.130001068115234,1870800
2026-07-01,52.06999969482422,52.400001525878906,51.310001373291016,51.310001373291016,932400
2026-07-02,52.43000030517578,52.560001373291016,51.5099983215332,52.349998474121094,628200
2026-07-06,52.63999938964844,52.9900016784668,52.43000030517578,52.54999923706055,712800
2026-07-07,52.88999938964844,53.54999923706055,52.880001068115234,52.95000076293945,764600
2026-07-08,52.400001525878906,53.09000015258789,52.27000045776367,53.09000015258789,473400
2026-07-09,52.93000030517578,53.119998931884766,52.40999984741211,52.459999084472656,502400
2026-07-10,51.959999084472656,52.7400016784668,51.04999923706055,52.58000183105469,1044000
2026-07-13,52.20000076293945,52.75,51.83000183105469,52.220001220703125,861700
2026-07-14,52.189998626708984,52.810001373291016,51.630001068115234,52.04999923706055,1014800
2026-07-15,52.75,53.11000061035156,51.79999923706055,52.029998779296875,729100
2026-07-16,53.5099983215332,53.720001220703125,52.849998474121094,53.029998779296875,715600
2026-07-17,53.59000015258789,54.09000015258789,53.119998931884766,53.31999969482422,589600
2026-07-20,53.029998779296875,53.79999923706055,52.95000076293945,53.650001525878906,452000
2026-07-21,53.02000045776367,53.119998931884766,52.47999954223633,52.95000076293945,535800
2026-07-22,53.08000183105469,53.22999954223633,52.63999938964844,52.970001220703125,489400
2026-07-23,52.599998474121094,53.09000015258789,51.630001068115234,52.61000061035156,784400
2026-07-24,53.22999954223633,53.470001220703125,52.540000915527344,52.970001220703125,407200
2026-07-27,53.130001068115234,53.81999969482422,53.04999923706055,53.47999954223633,629500
2026-07-28,53.52000045776367,53.84000015258789,53.209999084472656,53.25,628000
2026-07-29,52.95000076293945,53.68000030517578,52.7400016784668,53.22999954223633,689800
2026-07-30,53.4900016784668,53.91999816894531,53.0,53.349998474121094,674500
2026-07-31,55.09000015258789,57.59000015258789,54.83000183105469,57.59000015258789,1387300
2026-08-03,55.2599983215332,56.59000015258789,55.18000030517578,55.38999938964844,792100
2026-08-04,55.40999984741211,55.689998626708984,54.70000076293945,54.81999969482422,615900
2026-08-05,55.68000030517578,55.88999938964844,55.06999969482422,55.5,655300
2026-08-06,55.47999954223633,56.41999816894531,55.18000030517578,56.41999816894531,682300
2026-08-07,55.15999984741211,55.400001525878906,54.720001220703125,55.09000015258789,524900
2026-08-10,55.290000915527344,55.849998474121094,54.86000061035156,55.5,649600
2026-08-11,54.630001068115234,55.47999954223633,54.61000061035156,55.099998474121094,570800
2026-08-12,54.279998779296875,55.02000045776367,54.2599983215332,54.59000015258789,719200
2026-08-13,54.849998474121094,55.02000045776367,54.34000015258789,54.720001220703125,474000
2026-08-14,55.279998779296875,55.38999938964844,54.709999084472656,54.75,439100
2026-08-17,54.810001373291016,55.599998474121094,54.689998626708984,55.130001068115234,703500
2026-08-18,54.52000045776367,55.45000076293945,54.5,55.119998931884766,608600
2026-08-19,53.29999923706055,54.5099983215332,53.16999816894531,54.310001373291016,719400
2026-08-20,53.11000061035156,53.68000030517578,52.83000183105469,53.09000015258789,812800
2026-08-21,53.52000045776367,54.029998779296875,53.08000183105469,53.470001220703125,823800
2026-08-24,54.2400016784668,54.41999816894531,53.5,53.58000183105469,572100
2026-08-25,54.189998626708984,54.5099983215332,53.689998626708984,54.5099983215332,634800
2026-08-26,54.72999954223633,54.83000183105469,53.540000915527344,54.34000015258789,629800
2026-08-27,55.15999984741211,55.70000076293945,54.54999923706055,54.81999969482422,928500
2026-08-28,55.369998931884766,55.66999816894531,55.02000045776367,55.33000183105469,532200
2026-08-31,54.790000915527344,55.4900016784668,54.65999984741211,55.36000061035156,1543700
2026-09-01,54.540000915527344,55.31999969482422,54.369998931884766,54.97999954223633,2004300
2026-09-02,55.31999969482422,55.599998474121094,54.5099983215332,54.810001373291016,1044100
2026-09-03,56.720001220703125,56.810001373291016,55.93000030517578,55.93000030517578,988800
2026-09-04,56.75,56.97999954223633,55.779998779296875,56.29999923706055,917200
