Date,Close,High,Low,Open,Volume
2016-09-30,40.649112701416016,41.3855627051996,40.61874285278646,41.11224275621812,4293900
2016-10-03,39.95820999145508,40.48967069660522,39.85950944284329,40.48967069660522,1960200
2016-10-04,38.8497314453125,39.94302263411655,38.69029411235447,39.9126527908214,3239400
2016-10-05,38.33346557617188,39.153431220974525,38.189210242345226,38.98639994863976,3038800
2016-10-06,38.12089157104492,38.42458436280595,37.73368601296726,38.29551391262733,2496300
2016-10-07,37.80958938598633,38.7814041095476,37.68811290756963,38.31827413051279,2523300
2016-10-10,38.03736114501953,38.23476225191544,37.87033278098605,37.92347856448234,1650900
2016-10-11,37.74885559082031,38.31068326200146,37.67293097564183,38.04495434944658,2114700
2016-10-12,38.09808349609375,38.15122925539816,37.718469274647006,37.79439096044569,1505900
2016-10-13,38.88010787963867,39.06991508806834,37.80959533994447,37.93107183749033,3417300
2016-10-14,38.62196731567383,38.99399069306195,38.51567574962807,38.99399069306195,1437600
2016-10-17,38.87250900268555,39.32804505228171,38.84973017284644,38.94843071220905,1816100
2016-10-18,39.53304672241211,39.80636957688756,39.23694792880647,39.464716008793246,2655600
2016-10-19,39.71525573730469,39.8898779969027,39.37360223103566,39.47989378937986,2217200
2016-10-20,40.01894760131836,40.39856198470304,39.434341103358605,39.927840960249846,2544800
2016-10-21,39.78358840942383,39.91265590917067,39.45711980906336,39.510265590868286,2199400
2016-10-24,40.094871520996094,40.51244675623821,39.9278402684081,40.04931675313723,2413400
2016-10-25,39.96580505371094,40.26190383331732,39.79118277076943,40.04172967426907,1611500
2016-10-26,39.54064178466797,39.78359479656096,39.10787865499094,39.70767017020168,1709200
2016-10-27,38.72067642211914,39.88988969937211,38.6523457008192,39.67730362408974,2282600
2016-10-28,38.773807525634766,39.10027608190028,38.54603950634492,38.88769298339344,2305200
2016-10-31,39.60137176513672,39.73044215959099,38.8573279324048,39.05472613446516,3139000
2016-11-01,38.55363845825195,39.48748955701426,38.40179501160684,39.44952869535298,2870500
2016-11-02,37.84756088256836,38.67512052950587,37.83996986763287,38.67512052950587,2366400
2016-11-03,37.414798736572266,37.97662938897464,37.29332223013775,37.86274389709237,3237200
2016-11-04,37.46034240722656,37.64255856097345,37.27053524117783,37.52107919432385,2852500
2016-11-07,38.58401107788086,38.61438092788284,37.94625870898084,38.05255028775945,3024300
2016-11-08,38.75862884521485,38.89529025803753,38.485306019569485,38.697892048531415,2772600
2016-11-09,36.8833236694336,37.82476543219577,36.549261260005,37.72606491157123,6625800
2016-11-10,35.69133758544922,36.97443585837204,35.349687009708255,36.97443585837204,7230900
2016-11-11,35.21302795410156,35.75207963657575,35.19784303253822,35.51671769668544,5865700
2016-11-14,36.30632400512695,36.36706370437018,34.871381917130755,35.20544157428371,6921700
2016-11-15,36.47335052490234,37.0655480341471,36.10892106565728,36.45057169254285,4519000
2016-11-16,36.54927062988281,36.61001031852378,36.14688032943353,36.283541732647954,2959900
2016-11-17,36.45817184448242,37.00481757506129,36.44298691905208,36.541687486235126,2202700
2016-11-18,37.1794319152832,37.21739277261973,36.45816404097811,36.49612489831464,4118400
2016-11-21,37.13387298583984,37.74125532381683,36.98202667728874,37.354049988427576,3079200
2016-11-22,37.76405334472656,37.79442030488763,37.29332925936858,37.29332925936858,3214000
2016-11-23,37.74126815795898,37.77163800924215,35.17507654532911,37.46035427416084,2430700
2016-11-25,37.73367691040039,38.34865046583303,37.63497634245342,37.65016126800129,1191000
2016-11-28,38.42456817626953,38.72066693057749,38.01458394896873,38.01458394896873,3244300
2016-11-29,39.054725646972656,39.1458351817659,38.45493713883683,38.53085885493672,3825600
2016-11-30,38.644752502441406,39.054733910850686,38.34865079605077,38.67511945757023,3820200
2016-12-01,37.923484802246094,38.53845836849232,37.794414380933816,38.48531257625446,2336000
2016-12-02,37.923484802246094,38.60678908654506,37.64257091524191,38.08292217895967,3304000
2016-12-05,38.41698455810547,38.439763396542894,37.91589355591204,38.13607065135896,2579300
2016-12-06,38.49290084838867,38.834554388603,38.280314814350845,38.60678343097476,1931900
2016-12-07,39.87469100952149,39.88987593081669,38.61437150429524,38.61437150429524,3533100
2016-12-08,39.844329833984375,40.049321971718754,39.45712439352713,39.593785818683386,2255400
2016-12-09,39.775997161865234,40.451710343944654,39.73803630035378,39.97339827568975,1778300
2016-12-12,40.201168060302734,40.2467199375734,39.63174642459372,39.806368711997095,2229300
2016-12-13,40.39096832275391,40.62632737143297,39.86709865444973,40.54281464539609,2382600
2016-12-14,39.29767990112305,40.52763259506733,39.21416716916893,40.41374712095947,2838200
2016-12-15,39.28237533569336,39.87941752181817,39.03743480190259,39.221141662206406,2908200
2016-12-16,40.1702880859375,40.42288467012163,39.68806010153613,39.77991499756037,4241300
2016-12-19,40.17794418334961,40.74436811010912,40.12436070062424,40.40757558392567,2344600
2016-12-20,40.1473274230957,40.62955542672986,39.8641154488631,40.18559883800469,2639900
2016-12-21,39.72632598876953,40.59892687602751,39.71866995576773,40.20089783764437,2550800
2016-12-22,39.72632598876953,39.948301307163874,39.23644207389109,39.64978025835679,2081100
2016-12-23,39.61150360107422,39.97891429857776,39.420143680296086,39.81051663391839,1233100
2016-12-27,39.83348846435547,39.971267863926165,39.50434911203892,39.74163358469424,1757600
2016-12-28,39.45842361450195,39.97126983146405,39.297681947064206,39.83349042511133,1129200
2016-12-29,40.00954818725586,40.08609101744453,39.36657848593695,39.56559159638056,1286000
2016-12-30,40.407562255859375,40.591266147758496,39.42779745935477,40.0324955200242,1995300
2017-01-03,40.415225982666016,40.943381380411765,40.02485291991269,40.77498366867584,1738900
2017-01-04,41.134742736816406,41.2265947099761,40.43053648946785,40.61424335570882,1429600
2017-01-05,41.15003967285156,41.18831399628608,40.68312387811218,40.92806436450432,1817900
2017-01-06,41.417945861816406,41.5174538481487,40.9739893996577,41.15004019398654,1573100
2017-01-09,41.10411834716797,41.52510965833739,41.02757261427825,41.4944913651815,1912200
2017-01-10,40.162628173828125,41.11942794606591,40.14731902708178,40.9433771383647,2344200
2017-01-11,39.99423599243164,40.37695595408171,39.94065543139436,40.10905314889529,3205800
2017-01-12,40.33102035522461,40.39991005119351,39.74163138302872,40.00188102114222,3314000
2017-01-13,40.03250503540039,40.61424097783616,40.01719588744983,40.40757186038567,1816800
2017-01-17,40.20856475830078,40.43819910847415,40.02486078206855,40.06313220045677,2469300
2017-01-18,40.45350646972656,40.767336781150206,40.21622191713925,40.21622191713925,3233400
2017-01-19,40.38460540771485,40.57596537119324,40.1855923304627,40.292753442823184,2241500
2017-01-20,40.23917007446289,40.58361856863592,40.139662082830434,40.438186057727805,2725700
2017-01-23,40.43818283081055,40.45348905606694,40.063116073769535,40.185586315266846,3834700
2017-01-24,39.67274856567383,41.12708251913901,39.3436091987487,40.752018630266086,4960100
2017-01-25,39.64213562011719,39.84114872189399,39.31299620878037,39.71867844697249,2716400
2017-01-26,38.99151611328125,39.986590540184594,38.96090072962314,39.84881109399559,3180200
2017-01-27,37.69792175292969,39.14460295301196,37.65199429962222,38.9455898285236,4714200
2017-01-30,37.30754852294922,37.79742967727252,37.22334965206453,37.75915825957639,3636100
2017-01-31,37.3917350769043,37.74383962301767,37.21568426380824,37.34581055517914,4725200
2017-02-01,37.07790756225586,37.5448263666479,36.99371162631366,37.38408468904714,3907800
2017-02-02,37.55248260498047,37.751495694531975,37.085563798049385,37.093216912296114,3003600
2017-02-03,38.43273162841797,38.50927736031327,37.72852841450782,37.91988836436442,4524400
2017-02-06,37.80508041381836,38.51693983387364,37.72088154823219,38.31027068741355,2915500
2017-02-07,37.29988479614258,38.31792123248608,37.26926650033042,37.8739647029741,2627100
2017-02-08,37.78975296020508,37.85864264232497,37.26925378861485,37.38407089878814,2593000
2017-02-09,37.82804489135742,37.97348036584717,37.65199403480003,37.85101007781064,1825100
2017-02-10,38.35618209838867,38.36383521027721,37.78210234936849,37.78210234936849,1935300
2017-02-13,38.24902725219727,38.593472821864175,38.218408959806986,38.47100257222412,2183800
2017-02-14,38.21075439453125,38.25668183488087,37.60605915616106,38.11124932032218,2778100
2017-02-15,37.82038497924805,38.44804545763079,37.46828332940826,38.38681178457761,2537600
2017-02-16,38.36382675170898,38.60876715702544,37.850983690552646,37.93518250236517,2586200
2017-02-17,38.41741943359375,38.5016182720368,37.83568651695584,38.37914803064351,3262900
2017-02-21,38.846073150634766,38.98385255993516,38.40211662735097,38.41742577504228,2767000
2017-02-22,38.5322494506836,38.97620312925817,38.45570661918097,38.746571714828434,1922900
2017-02-23,38.70063400268555,38.81544821083443,38.23371529775249,38.76952369554322,2530500
2017-02-24,39.09867477416992,39.15990845294861,38.52459480100126,38.608790744331735,2586000
2017-02-27,39.50435256958008,39.52731483154454,38.96089095699755,39.1675571545205,2032700
2017-02-28,39.07570266723633,39.54262142988395,38.79249074822364,39.4507694680271,3511600
2017-03-01,39.029781341552734,39.25175669088602,38.78483789001276,39.11397727686042,2490800
2017-03-02,39.07570266723633,39.10632096116235,38.70063878636679,39.02977814626851,2197600
2017-03-03,39.14459609985352,39.15990524827579,38.662368144277146,39.04508809506949,2283000
2017-03-06,38.72360229492188,39.02212337051898,38.46335262800518,38.94558055315815,2275900
2017-03-07,38.692970275878906,38.81544049216969,38.39444930616513,38.73124167098472,1689600
2017-03-08,38.21841812133789,38.58582895833196,38.17249067174296,38.52459527879383,2964300
2017-03-09,37.73619079589844,38.48632163318094,37.651991930094574,38.29496163632555,1964600
2017-03-10,37.8127326965332,38.333232068576805,37.47593726760998,37.73618695363177,2367300
2017-03-13,38.06759643554688,38.29156960684289,37.85134515636061,38.20661406282285,2916600
2017-03-14,38.12165832519531,38.21433576085442,37.68915871518187,37.990362590695895,2463800
2017-03-15,39.15657806396485,39.31104246966592,38.18345437036255,38.26840994080631,3437700
2017-03-16,39.15657806396485,39.32648625868888,38.97894502856583,39.11023785840548,3147300
2017-03-17,39.37281799316406,39.72036209467629,39.23380035255917,39.38826472502715,5150100
2017-03-20,39.78213882446289,39.99839008496483,39.372810816273656,39.42687289485856,2634900
2017-03-21,38.93259811401367,40.00612098208972,38.91715138148905,39.82848797730101,4896800
2017-03-22,38.85537338256836,39.09479040817073,38.56961320609074,39.09479040817073,2785700
2017-03-23,39.2801399230957,39.60451244857023,38.73951610114201,38.80130302761114,2754500
2017-03-24,39.41142272949219,39.581333788037085,39.33419203715109,39.36508549255235,2177000
2017-03-27,38.51554107666016,39.39598411375233,38.42286363753537,39.21062923550275,2368300
2017-03-28,38.8476448059082,38.90943173958165,38.1834499997344,38.53871897603042,2949300
2017-03-29,39.11022186279297,39.11794670030858,38.57732297454521,38.74723109977886,2524900
2017-03-30,39.52727890014648,39.58906287601916,38.893977680097954,39.1025041227231,1972600
2017-03-31,40.06790542602539,40.11424267456111,39.38054207522603,39.480941411161965,3736800
2017-04-03,40.3459358215332,40.46178187502225,39.89798949878739,39.99839176874119,3512500
2017-04-04,40.54673767089844,40.61624648189505,40.09106945351232,40.26098053509569,2711600
2017-04-05,40.67803192138672,40.98696063610042,40.585354485437634,40.623969838236206,2389000
2017-04-06,40.97923278808594,41.07191021056529,40.330484938406194,40.59307342389948,2470400
2017-04-07,41.3808479309082,41.72838907775807,40.91745482483707,40.91745482483707,3280900
2017-04-10,41.85968017578125,41.97552622981777,41.2804410671113,41.434905418655774,2683200
2017-04-11,42.153167724609375,42.26901379396861,41.736114804125314,41.82107035601979,3089500
2017-04-12,42.4234733581543,42.57021287451136,42.12999137927767,42.29217762569797,3473700
2017-04-13,42.14544296264648,42.57021777673234,42.137721069806894,42.44664686815895,3119800
2017-04-17,42.678348541259766,42.701520115680985,42.19951156489533,42.34625406696425,3327500
2017-04-18,42.13772964477539,43.19580594888728,42.075942704833714,42.86370851210939,4335600
2017-04-19,41.93690490722656,42.19949338361441,41.62025435742022,42.09909112748205,3160900
2017-04-20,42.11454391479492,42.145437374382674,41.5198580754618,42.04503510380371,2336600
2017-04-21,41.97553253173828,42.29218317417113,41.87513319239919,42.09910344229347,2842900
2017-04-24,41.967803955078125,42.60882703081938,41.41945831095294,42.48525613994381,3960700
2017-04-25,42.36940383911133,42.39257245705826,41.96779776644653,42.09136863910016,2240800
2017-04-26,42.05275344848633,42.46980625003715,41.93690446600154,42.29217035791728,2056500
2017-04-27,42.40030288696289,42.67833517748812,42.05275884110338,42.05275884110338,2375400
2017-04-28,42.02186965942383,42.30762681681016,41.94463895077758,42.30762681681016,3105900
2017-05-01,42.292179107666016,42.5315990127921,42.12999285556251,42.12999285556251,2423000
2017-05-02,42.16860961914063,42.50070697283677,42.02959198521374,42.33852071530964,1876600
2017-05-03,41.566200256347656,42.32307237553575,41.5198600647458,42.16860801635882,2072400
2017-05-04,41.790164947509766,41.82105840230709,41.04873970934601,41.411727491647554,2336400
2017-05-05,42.21494674682617,42.21494674682617,41.86740268724785,41.9137428772458,1918600
2017-05-08,42.32306671142578,42.38485362529263,42.04503149134937,42.27672947218785,2113200
2017-05-09,41.85968017578125,42.29990166267742,41.5893668240378,42.26900820313603,1826700
2017-05-10,42.19178771972656,42.31535864165979,41.78245664706516,41.882858941811904,1965000
2017-05-11,42.18406295776367,42.26129662546651,41.743841363428665,41.9214743799004,1263300
2017-05-12,41.97553253173828,42.29990801329746,41.80562437107671,42.153168477689086,1686200
2017-05-15,42.477535247802734,42.60110614158621,41.92918959077374,42.068207214550455,2010000
2017-05-16,42.34624481201172,42.46981571265248,42.00642262562764,42.36941343520603,1958800
2017-05-17,42.73240280151367,42.97181975620242,42.168607456084366,42.19950091674181,3152700
2017-05-18,42.29991149902344,42.70923962156265,41.828796443033625,42.639730794512296,3005300
2017-05-19,42.66289520263672,43.064498417965964,42.1686086565341,42.361688371895816,3047800
2017-05-22,42.794193267822266,42.93321091570481,42.60883542192454,42.68606908528318,1789100
2017-05-23,43.010440826416016,43.164905204073946,42.77874573301061,42.95637873616019,1695600
2017-05-24,43.14944076538086,43.23439628553949,43.010423177150685,43.11855025945551,2790900
2017-05-25,43.17262268066406,43.3270840858171,43.018158329348566,43.27302200478105,1589100
2017-05-26,43.087669372558594,43.24985562406983,42.80963411501784,43.24985562406983,1282800
2017-05-30,43.11856460571289,43.365706412314296,43.00271559492229,43.06449957349128,2290900
2017-05-31,42.89459609985352,43.25758401066149,42.66290099917197,43.180353292488654,3606700
2017-06-01,43.18034362792969,43.25757432881687,42.639719883232296,42.87141493205621,3213500
2017-06-02,43.92949676513672,44.0607895547381,43.25757724818968,43.35797952304888,7702500
2017-06-05,43.5665168762207,43.952676395756846,43.52790151349976,43.952676395756846,2048000
2017-06-06,43.62057113647461,43.8213757004087,43.34253586097374,43.52789369336192,2169200
2017-06-07,43.83682632446289,43.83682632446289,43.442944920165225,43.6900867711291,3281300
2017-06-08,43.60512924194336,43.86771781502664,43.018168108902366,43.83682434850788,2623700
2017-06-09,44.1225700378418,44.130291928859855,43.50471564072147,43.58966822656876,2165500
2017-06-12,44.620697021484375,44.620697021484375,44.1459254961384,44.20040718242113,2684600
2017-06-13,44.51172637939453,44.61290791658505,44.33271471761372,44.54285961684222,1778800
2017-06-14,45.009857177734375,45.07990252075218,44.64404899603986,44.85419393218164,2763900
2017-06-15,45.53911209106445,45.70256014847498,44.68296860704448,44.69075043404985,4389500
2017-06-16,45.24334335327149,45.70254822152424,45.05654689456316,45.59358485770647,4335100
2017-06-19,45.60138320922852,45.6480830830875,45.09547830069477,45.196659876207534,2912500
2017-06-20,44.88532638549805,45.68699109985956,44.65183299034628,45.6247246110033,2200600
2017-06-21,45.18109130859375,45.19665793254398,44.846416316238766,44.91646463949981,2639400
2017-06-22,44.86197280883789,45.05655111072843,44.75300943482387,45.01763604415618,1850800
2017-06-23,45.54688262939453,45.97495423740372,45.21998958593176,45.30560450133936,3165400
2017-06-26,45.96718215942383,46.00609722857982,45.56245890833674,45.71812215399015,2390300
2017-06-27,45.70256423950195,46.30186591957384,45.69477944276996,46.22403279740409,5484300
2017-06-28,46.06835174560547,46.09948498245992,45.56245000735061,45.85820685038125,3740200
2017-06-29,45.67920684814453,46.231811551720135,45.63250994997592,46.12284519492421,3400200
2017-06-30,45.64029312133789,45.93605301758138,45.60137804870763,45.74147468540035,2594000
2017-07-03,46.06835174560547,46.161751456168815,45.570231832049785,45.85820685038125,1009500
2017-07-05,45.55467224121094,46.16954040331031,45.336745487668615,46.12284054082438,2244200
2017-07-06,44.58178329467773,45.46905995020275,44.52730160313002,45.36788136248815,2529500
2017-07-07,44.94758987426758,45.04877142739071,44.58178169922742,44.76857818429861,2305100
2017-07-10,44.58178329467773,45.1966514924642,44.51173498139789,45.01763979608893,1955300
2017-07-11,44.317161560058594,44.682969788609455,44.04475307222061,44.57400639347426,2615100
2017-07-12,44.97873306274414,45.04878138900692,44.67519130528213,44.737454834721234,1829600
2017-07-13,44.79191970825195,45.0565462892668,44.65182310836004,45.0565462892668,1514600
2017-07-14,45.20444107055664,45.31340446518059,44.95537806552071,44.95537806552071,1754900
2017-07-17,45.54688262939453,45.7881607574497,45.033196105977744,45.19664114319472,2019400
2017-07-18,46.792179107666016,47.06459045293296,45.55466125598737,45.55466125598737,3501900
2017-07-19,46.792179107666016,46.92449386828793,46.519770731427705,46.80774572474087,3074900
2017-07-20,46.05279159545898,46.89337129441831,46.05279159545898,46.807756365558085,2345200
2017-07-21,45.91270446777344,46.17733111772426,45.74925641263491,45.95161954031891,2643000
2017-07-24,46.93228530883789,47.04124868166005,45.64807031182488,45.88934550335131,2848400
2017-07-25,46.908935546875,47.09572904674965,46.49643051304175,47.09572904674965,2487700
2017-07-26,47.58607482910156,47.82735302167296,46.831109975756895,46.94785815871749,2026000
2017-07-27,47.60164260864258,47.897402502044365,47.01012579086871,47.41484610517048,1508800
2017-07-28,47.90517425537109,47.97522255831464,47.46932078730374,47.648332457264125,1591900
2017-07-31,47.329227447509766,48.107540658801646,47.24361251922297,48.09975586403233,3284900
2017-08-01,47.741729736328125,47.842911279268336,47.28252484948146,47.53158482515805,2091100
2017-08-02,47.63276672363281,47.92852656034225,47.39927336582184,47.76507853774834,1380800
2017-08-03,47.570499420166016,47.83512601283929,47.32922424118947,47.624981103743245,1751000
2017-08-04,47.7573127746582,47.94410633611977,47.57051624416651,47.656131196932286,1631500
2017-08-07,47.204689025878906,47.71837553487137,47.04124102422273,47.71837553487137,1576900
2017-08-08,47.30587387084961,47.60941553434009,46.97119896776288,47.11129557691682,1929700
2017-08-09,47.274749755859375,47.40706158782781,47.05682001933852,47.3058800304799,1675800
2017-08-10,46.65209579467773,47.173567223433984,46.45751747943112,47.0256858036677,1769300
2017-08-11,46.47307968139648,46.72992445823051,46.20067125356875,46.72992445823051,1747000
2017-08-14,47.73395156860352,47.80399690866492,46.79219030882151,46.79219030882151,2134400
2017-08-15,48.169803619384766,48.200936860046426,47.44597210366208,47.66390181926444,1585800
2017-08-16,48.45000076293945,48.93255415607742,48.20094075557601,48.20872258185573,2393800
2017-08-17,47.71060180664063,48.61344506119948,47.71060180664063,48.38773350530241,1588100
2017-08-18,47.65610885620117,47.80398727045343,47.173555584773375,47.54714550159122,1993900
2017-08-21,48.32546615600586,48.387729667401054,47.56271958498223,47.74173126265857,1779100
2017-08-22,48.02193832397461,48.48892518560248,47.811793345533054,48.41109503167452,1317800
2017-08-23,48.88584899902344,49.01816080662523,47.90517278785554,48.00635432656978,1415800
2017-08-24,48.46556854248047,49.09600337126077,48.41108685013237,49.03373688341748,1889500
2017-08-25,48.706844329833984,48.955904330878326,48.45778135976023,48.72240798199852,1303300
2017-08-28,48.59009552001953,48.90920382774921,48.30212045427065,48.80024044984581,1348100
2017-08-29,48.3955192565918,48.83915758196538,48.27877107874423,48.50448263910047,1398500
2017-08-30,48.61344146728516,48.63679288208471,48.1308881175133,48.33324824192433,1821500
2017-08-31,49.313941955566406,49.48517186913012,48.76134010419474,48.83138843528624,2991100
2017-09-01,49.64081573486328,49.92100896636113,49.31392561080197,49.36840729814553,1757500
2017-09-05,49.43067169189453,50.045542822217584,49.36840817769088,50.0066247856823,2263500
2017-09-06,49.14269256591797,49.78869391541048,49.08042905686288,49.65637913399613,1799600
2017-09-07,49.58632659912109,49.85873499492018,49.16603681500635,49.313918203322,2314900
2017-09-08,49.788700103759766,49.99884207084018,49.24388022892262,49.4540251650325,1410200
2017-09-11,50.69154739379883,50.69154739379883,49.94436727494821,49.97550052215779,1828500
2017-09-12,50.32574081420898,50.870557748833086,49.97549626647129,50.66040983257862,1596300
2017-09-13,49.8198356628418,50.23234075899664,49.61747254353708,50.23234075899664,1864200
2017-09-14,50.81606674194336,50.9717269981472,49.7497755789668,50.0144051401831,2548700
2017-09-15,51.09031295776367,51.27054216078652,50.22052336849133,50.89441450933921,4189000
2017-09-18,50.957122802734375,51.27839924978745,50.46346067740114,51.01197414999362,3528400
2017-09-19,50.73771667480469,51.137351329501314,50.58100025016009,51.01981102184367,2334400
2017-09-20,50.635841369628906,50.8944228202316,50.29889574418286,50.698524339817546,2540100
2017-09-21,50.43210983276367,50.9414471235299,50.39292774180176,50.5966638537778,1673500
2017-09-22,49.89926528930664,50.69852852490113,49.82874171096903,50.40076496229685,1807400
2017-09-25,50.16567993164063,50.29105782795669,49.57014987000717,49.66418329224423,2035800
2017-09-26,49.88359451293945,50.15785420970138,49.73471272727367,49.91493899071349,1633900
2017-09-27,49.2958984375,49.89142856246967,48.66902383511775,49.75821901722702,2549400
2017-09-28,49.79738998413086,50.00112606485492,49.29589038415379,49.39775842451582,1830100
2017-09-29,49.726863861083984,49.91492769599933,49.2567087575555,49.60932657978849,2515000
2017-10-02,49.82875442504883,50.14219329523027,49.48397405918893,49.89927802138092,1669200
2017-10-03,49.90709686279297,50.05598162416667,49.57798884345382,49.86008313955804,1394700
2017-10-04,50.212703704833984,50.251879816850085,49.74254552303353,49.9227717798462,1358000
2017-10-05,50.59666442871094,50.70636711063358,50.18136056452554,50.31457010995335,1665500
2017-10-06,50.55749130249024,50.57316653317184,49.81307926053288,50.41644411810003,1201200
2017-10-09,50.80039978027344,50.831744257258975,50.51830546575128,50.51830546575128,940600
2017-10-10,50.714202880859375,51.35674969948112,50.635844679241615,50.9179389877436,1526900
2017-10-11,50.54181671142578,50.78472895619222,50.25188475793008,50.57316119112923,2123700
2017-10-12,50.99628829956055,50.99628829956055,50.40859292235452,50.48695111031268,2671600
2017-10-13,51.09816360473633,51.42727164724154,50.88659585693947,51.22354151331797,1696500
2017-10-16,50.93360900878906,51.294061524372616,50.667189923580736,51.12950750497671,1949400
2017-10-17,50.3929328918457,50.91010784932797,49.94628749880716,50.91010784932797,2389300
2017-10-18,51.1765251159668,51.24705168868904,50.36158659255982,50.42427555090223,3551400
2017-10-19,50.580997467041016,51.286227317486215,50.32241000009214,51.16869299464405,2404100
2017-10-20,50.49479675292969,50.706364491897546,50.23620931103204,50.58099256689557,2558500
2017-10-23,50.51045989990234,50.68285150700883,50.23620324239056,50.68285150700883,1579500
2017-10-24,50.18135452270508,50.73770547928478,49.79739219303089,50.439941946823645,2649400
2017-10-25,50.173526763916016,50.76122230960301,49.95412138339525,50.15785751317092,2062600
2017-10-26,50.36158752441406,50.49480305794364,49.84441855439015,50.392932004165246,2267100
2017-10-27,50.69068908691406,50.78471652465931,50.05597697957323,50.3145614008928,1304400
2017-10-30,50.212703704833984,50.66718964832371,50.142180127022606,50.643676807096895,1852700
2017-10-31,50.6045036315918,50.64367974588124,49.977626019481,50.30673407558258,1906400
2017-11-01,50.93360900878906,50.97279109936566,50.40076486002474,50.62017021921929,1727400
2017-11-02,51.670188903808594,51.91310112430012,50.89442655995593,51.10600028222397,2383400
2017-11-03,51.92877960205078,52.3675963736839,51.27840102724667,51.39593536234166,2414200
2017-11-06,52.14034271240234,52.30489672627432,51.92093736057304,52.014964809444194,1491500
2017-11-07,52.13249969482422,52.579147965705,51.89742511866672,52.25003997207639,2267700
2017-11-08,52.28137969970703,52.53996709052404,52.030629920888025,52.10115049383104,1714200
2017-11-09,52.09333419799805,52.39109777978281,51.64668583614687,51.91310493905723,1599600
2017-11-10,51.88960266113281,52.41460927740254,51.71721100125951,51.74071786790612,1587600
2017-11-13,52.5556526184082,52.67319292140795,51.75638931903656,51.93661260240111,1613700
2017-11-14,52.64968490600586,52.69669863483918,52.25788789013345,52.516469377064745,1869500
2017-11-15,51.39592742919922,52.56348678994778,51.33324445294012,52.44594649464687,2068200
2017-11-16,52.53996658325195,52.649669236779445,51.325393804180926,51.47427853897378,2509400
2017-11-17,51.95227813720703,52.375413583694055,51.86608232964748,52.12466377397909,1304300
2017-11-20,52.06197738647461,52.39108536917337,51.86607892367584,52.09332185792402,1402000
2017-11-21,52.81422805786133,52.916093108803146,52.24220190202672,52.265708761602006,1437200
2017-11-22,52.41459655761719,52.81423112867356,52.367582835733074,52.72803531965459,1269000
2017-11-24,52.54780578613281,52.76721112479228,52.516461312274735,52.53213653837732,451300
2017-11-27,52.39893341064453,52.69669698115813,52.28139311390175,52.68885936714919,1211500
2017-11-28,52.25788879394531,52.46161894131195,51.93661236576634,52.42244282605596,1812800
2017-11-29,51.81907272338867,52.29706557537666,51.40376883062657,52.23438259449898,1872600
2017-11-30,51.89742660522461,52.14817641398323,51.58398784968957,52.07764985427302,3133500
2017-12-01,51.86608123779297,52.53997245815562,51.035467653190814,52.03063523648428,1679600
2017-12-04,51.670188903808594,52.48512735961442,51.66235129007891,52.3910939299011,2027800
2017-12-05,50.49479675292969,51.60749874259245,50.38509407667265,51.59966112904623,2242400
2017-12-06,50.714202880859375,50.72204049452542,50.18919635383806,50.43994618602343,1415100
2017-12-07,51.57615661621094,51.59182586566966,50.62800859774261,50.70636680173174,1808100
2017-12-08,51.84257507324219,52.03063593450564,51.64667659907488,51.71719718016856,1518800
2017-12-11,51.505638122558594,51.95228647965909,51.30190200121598,51.75638797253873,1282100
2017-12-12,51.85041427612305,52.02280591508887,51.2548871321384,51.63884652361363,1761300
2017-12-13,51.52913284301758,52.1716795558096,51.4742815130846,51.86607843499062,2233000
2017-12-14,51.64668655395508,51.9287749110492,51.32541012478823,51.63884893954053,2029900
2017-12-15,52.04900741577149,52.751092630609165,51.47313672457089,52.55387754737326,4537900
2017-12-18,51.9543342590332,52.59330910747203,51.80444889220402,52.041109364194746,2353000
2017-12-19,49.997955322265625,52.05687771073539,49.93484506812611,51.89121780751297,3145700
2017-12-20,49.737640380859375,50.61327878819166,49.69819796845133,50.17940322391369,2446100
2017-12-21,49.70607376098633,50.19516919146643,49.69029920707889,49.88751423280917,1823800
2017-12-22,50.35295104980469,50.43972314926155,49.71397316590067,49.87174581727657,1670900
2017-12-26,50.345062255859375,50.47127977885231,50.0768496433415,50.439724645788296,905300
2017-12-27,50.70793151855469,50.80259690703133,50.3213917146948,50.55804615809807,1227200
2017-12-28,51.08659362792969,51.11814876148252,50.52650354905113,50.68427319828897,1269700
2017-12-29,50.88937377929688,51.22858390998469,50.80259867480517,51.189138492115454,1541500
2018-01-02,50.49493789672852,51.14968722134621,50.40816280216622,50.95247219161828,1532200
2018-01-03,50.40028381347656,50.605389175556894,50.17940389363302,50.45550379343745,1650100
2018-01-04,49.39052963256836,50.45548952699417,49.39052963256836,50.32927203573436,2128500
2018-01-05,49.35109329223633,49.7139682480199,49.28798303422384,49.6350804255043,2825800
2018-01-08,49.92697143554688,49.950636282685295,49.16177594592872,49.25643834374576,2333300
2018-01-09,49.42208862304688,50.46338375969663,49.32742324025137,50.084731256302405,2306100
2018-01-10,48.46758270263672,49.22489098633291,48.451805133261416,49.22489098633291,2791700
2018-01-11,48.63322830200195,48.85410817581851,48.20724310884494,48.61745073826326,2161600
2018-01-12,48.791011810302734,48.95667477208736,48.41235920056998,48.68057184195528,2441900
2018-01-16,49.019775390625,49.88752347006949,48.90933543724878,49.09866322108161,2432500
2018-01-17,49.58774948120117,49.69030214323416,48.95666196342635,49.24853937616045,2394200
2018-01-18,48.45968246459961,49.50886496876765,48.4360176214964,49.50886496876765,3680700
2018-01-19,48.73577880859375,48.73577880859375,48.191466391728,48.53067649491268,3790300
2018-01-22,49.78496551513672,49.82440792155042,48.73578005080849,48.83044543731664,3172200
2018-01-23,51.25224685668945,51.26013714367648,49.80074400514371,50.0058463278646,3554300
2018-01-24,50.8657112121582,51.26802560350375,50.60538588703388,51.24436075913355,3171700
2018-01-25,50.66061019897461,51.0865954896725,50.29773216841903,51.0865954896725,1625200
2018-01-26,50.794708251953125,50.88148335621322,50.35294846192045,50.76315312144711,1611900
2018-01-29,50.00586318969727,50.68428365472916,49.96642076925063,50.68428365472916,1462600
2018-01-30,49.61931610107422,50.02163354643647,49.24066049345129,49.8401960311348,2621700
2018-01-31,51.3626823425293,51.41001202329247,49.65085433571505,49.74551971576643,3976900
2018-02-01,50.26617813110352,51.42580370858695,50.1557381731076,51.28380861708844,3474200
2018-02-02,50.35295104980469,50.6448254895661,49.619310778780346,49.90329794014132,2646800
2018-02-05,48.2861328125,50.660603733751856,48.191470429735546,50.10051069667688,3496700
2018-02-06,47.91536712646485,48.286129352920966,46.67685391491139,47.44993951476392,4659500
2018-02-07,47.3631706237793,48.8383384639956,47.30795064644724,47.765488031378986,4137500
2018-02-08,46.01420974731445,48.15990711099036,45.99054189870014,47.38682459644933,4594200
2018-02-09,47.58405685424805,48.02581974085202,45.974780991544414,46.30610390881326,3365000
2018-02-12,47.44994354248047,47.954813602923856,46.10099027623357,47.82859608781301,3650500
2018-02-13,48.24669647216797,48.459689117124974,47.20540110299813,47.37106104598804,2438900
2018-02-14,47.75760269165039,47.95481776420336,47.24484229930739,47.95481776420336,2679500
2018-02-15,48.44390869140625,48.46757353636183,47.59982844967536,47.93114831610591,3054200
2018-02-16,48.89355850219727,49.28798863178188,48.45179567372779,48.483350806317695,2867800
2018-02-20,48.30190658569336,49.30375933652303,48.23879933855919,48.68844938296727,3633300
2018-02-21,47.2606086730957,48.52278363479792,47.221166269779225,48.23879652536178,2689900
2018-02-22,47.284278869628906,47.78915192076464,47.12650923849073,47.465716352848055,3353200
2018-02-23,48.32558059692383,48.50702111386146,47.45783547165263,47.5998305662262,3275300
2018-02-26,48.365020751953125,48.562235805242224,48.04158818492952,48.53856795254876,2467700
2018-02-27,47.6156005859375,48.52278798051445,47.19750565666564,48.51490070284975,2471300
2018-02-28,47.8680419921875,48.45968720170604,47.78915716795696,47.90748440430277,4644000
2018-03-01,47.89958953857422,48.41234683338134,47.51304673883907,47.733926619109056,2161200
2018-03-02,47.50517272949219,47.8286053627629,46.73997720303514,47.76549508833764,2436600
2018-03-05,48.19147491455078,48.48335237730734,47.12651473387,47.1501795794477,1704700
2018-03-06,48.59378433227539,48.672672153313485,47.86803443430099,48.13624700730515,1920200
2018-03-07,48.84622573852539,48.862003304799416,48.19936056760564,48.5937906966671,2284800
2018-03-08,49.209102630615234,49.26432260669307,48.69634227073475,48.996110004630864,1433900
2018-03-09,50.24250793457031,50.25039822220978,48.90933520348736,49.36687559015978,2445500
2018-03-12,50.13996124267578,50.38450600726646,49.816528643327466,50.124183675724254,3159400
2018-03-13,49.99007797241211,50.50283537830676,49.73764290905341,50.376620855890735,1917400
2018-03-14,50.25237655639648,50.3954553754617,49.958268410412266,50.11724521295477,1719800
2018-03-15,50.42724990844727,50.59417722413421,50.14109529347764,50.355710496647255,1842700
2018-03-16,50.73725891113281,50.856489249374754,50.10135164492019,50.46699923266162,2825400
2018-03-19,50.3477668762207,50.73725993300901,50.02981323671063,50.73725993300901,1436900
2018-03-20,50.53854370117188,50.824698360899646,50.180846586223566,50.46700427818221,1578000
2018-03-21,49.78339767456055,50.66571606609367,49.45749658718826,50.45109783310747,1652600
2018-03-22,49.05212020874024,50.17290262707877,48.95673530971156,49.57674170174485,1989200
2018-03-23,47.780303955078125,49.107753951857696,47.62132712680558,49.09185596580736,2407400
2018-03-26,48.67057037353516,48.8136492170075,47.96312666538344,48.40826118198972,1819900
2018-03-27,49.314430236816406,50.13315690019608,48.80570675540647,49.15545339081802,2950300
2018-03-28,49.70391082763672,50.03776244365999,49.52903905946315,49.58468049009527,2137900
2018-03-29,50.06956100463867,50.363666157806,49.79135080484844,49.96622561430341,2455500
2018-04-02,48.80569076538086,50.22057786352699,48.34465836625496,50.21262735610474,2424200
2018-04-03,49.06800842285156,49.2826266770872,48.45594963089748,48.81364672129021,2205600
2018-04-04,49.40185928344727,49.47339870041388,48.46389938643189,48.68646511378109,2592900
2018-04-05,49.09185028076172,49.56878071034878,48.702360280440914,49.50518877351166,1865700
2018-04-06,48.67852020263672,49.70391452355457,48.49569488013019,49.19519110152973,1921500
2018-04-09,48.74211120605469,49.48135090798132,48.7262132194053,48.86134458980966,2350300
2018-04-10,48.96467208862305,49.35416514224839,48.845441748947984,49.02826402890091,2048900
2018-04-11,48.98057556152344,49.44160808350058,48.74211182322499,48.78185527423624,1716000
2018-04-12,48.99647521972656,49.97417870266297,48.86134687523266,49.91058978532203,1842100
2018-04-13,49.48930740356445,49.52905389354633,48.85340298286335,49.16340619844068,1899900
2018-04-16,49.75954818725586,49.97416641594842,49.14749250037709,49.52108449945201,2392400
2018-04-17,51.90574264526367,52.263436744727954,50.35572073050707,50.41931267935558,3776200
2018-04-18,52.19189834594727,52.58138840487562,51.88188912333367,52.16010237274429,2820000
2018-04-19,51.85009765625,52.29522913878979,51.57188441520101,52.19189677733208,2104500
2018-04-20,51.6593132019043,52.02495772503806,51.484438415957584,51.84213849570149,2391300
2018-04-23,51.57188415527344,51.95342975585709,51.277782026275496,51.73086401570895,1533000
2018-04-24,51.84214782714844,52.36676621495787,51.46060221963656,51.80240134520243,2272700
2018-04-25,51.3811149597168,51.699068619668985,51.03931583654897,51.619581720796354,1943400
2018-04-26,52.35882186889648,52.73241090336979,51.57983569830203,51.84214792493236,1349500
2018-04-27,52.92317199707031,53.25702052098519,52.23957393507698,52.27136989894412,1687500
2018-04-30,51.59572982788086,52.2952229410377,50.79289830105182,50.95982258722126,9085700
2018-05-01,51.7229118347168,52.024964463088565,51.59573401494077,51.77855326795532,4037700
2018-05-02,51.46855545043945,51.92958798175984,51.198298765193584,51.57983832841858,3940200
2018-05-03,51.50830459594727,51.7149693431801,51.18240039041019,51.309584294364846,2319100
2018-05-04,51.865989685058594,52.11240087550176,51.34136526925682,51.38111174843984,2514700
2018-05-07,52.0567626953125,52.18394658507434,51.83419695269094,52.08060815852743,3248200
2018-05-08,51.818302154541016,52.263433641122845,51.73880919096997,52.04086789783193,2979200
2018-05-09,51.84214782714844,51.99317718118922,51.58778611029441,51.81830236376551,2875800
2018-05-10,52.13624954223633,52.19984148705388,51.90573935508056,51.99317676308929,2893600
2018-05-11,51.92958831787109,52.24754199892454,51.8580458590146,52.223690469664334,2249800
2018-05-14,51.83419418334961,52.12035185556357,51.45265466337188,52.06471042288093,2897900
2018-05-15,51.04726791381836,51.49239941274776,50.79290619093558,51.48444890327778,3709300
2018-05-16,50.39545822143555,51.22213521555706,50.300070315185046,51.22213521555706,2876300
2018-05-17,50.30007553100586,50.64187464993653,50.14904921212774,50.49879580795482,2823900
2018-05-18,50.26827621459961,50.47494394222893,49.88673066289402,50.31596713439,2386500
2018-05-21,50.72930908203125,50.87238791562239,49.870839112715046,50.466999908601245,2878400
2018-05-22,50.6895751953125,50.84060153381707,50.46700942652024,50.681624685152094,2633600
2018-05-23,51.48443603515625,51.5400774586153,50.61801871779961,50.69750559924677,2421100
2018-05-24,51.25393295288086,51.6275219535493,50.91213385759858,51.47649867735096,2143200
2018-05-25,51.19830322265625,51.49240539815126,51.079069824594406,51.30163559992983,1643800
2018-05-29,51.11880874633789,51.42086748781845,50.76906210504942,50.90419348769961,3202800
2018-05-30,51.50830459594727,51.86599871301068,51.02342657492918,51.2221468765116,3035100
2018-05-31,51.15059280395508,51.50034239597983,50.96777356409556,51.37315852089412,4961500
2018-06-01,51.754695892333984,51.8421332765046,50.86443013321772,51.38110089896136,2951400
2018-06-04,52.66087341308594,52.70061989427668,51.444706287973055,51.9613802211447,2716500
2018-06-05,52.49396133422852,52.74832310549128,52.26344503144931,52.6608856780763,2608700
2018-06-06,52.41446685791016,52.85959837730166,52.12035863861956,52.42241130328349,2693900
2018-06-07,52.43035507202149,52.70061779151951,52.04881555144483,52.48599650479147,2477600
2018-06-08,52.42242050170898,52.6052458732316,52.03293035389859,52.46216699339834,1752800
2018-06-11,52.04881286621094,52.549585735305584,51.921628989606,52.422401858700646,2187000
2018-06-12,52.07266998291016,52.4701105895722,51.77856175077379,51.94548607783637,2388300
2018-06-13,51.43206787109375,52.57713822618577,51.17582559551367,52.19277634012187,2409100
2018-06-14,51.58421325683594,51.888501575227856,51.44808748767418,51.60823473266144,1938300
2018-06-15,51.20784759521485,51.67227995913704,51.13578013560134,51.67227995913704,4504400
2018-06-18,51.384010314941406,51.50412376628865,50.7914583599786,51.167810989895486,2725000
2018-06-19,50.85552978515625,51.49612789732217,50.76745002660629,51.247897847077546,2617300
2018-06-20,51.33597946166992,51.60022789498848,50.88755926631693,50.9356052690874,2329900
2018-06-21,51.20784759521485,51.64825849080318,50.91957775676082,51.34397637653455,2698800
2018-06-22,51.49612808227539,51.85646853084214,51.01568026007856,51.3439900392688,7940400
2018-06-25,51.3599853515625,51.76836861466384,50.95160514307291,51.58419385390096,3159500
2018-06-26,51.2639045715332,51.62424497975502,51.19184015542374,51.568192841928266,3397400
2018-06-27,51.57620620727539,51.89650067263444,51.19985043571799,51.36800991741175,3420900
2018-06-28,52.16874694824219,52.23280827106549,51.57619498518663,51.57619498518663,3045800
2018-06-29,52.60115051269531,53.03355526804577,51.704310341313935,52.14472428914047,4552600
2018-07-02,51.66426467895508,52.67320899465903,51.0637066590896,52.521064900840095,3457100
2018-07-03,52.088680267333984,52.68924150281028,51.79240119184475,51.864465607674,1744400
2018-07-05,52.83337020874024,52.865394761401866,52.18475999669653,52.50506050632965,2207000
2018-07-06,53.00952911376953,53.12964256724,52.44900780987272,52.94547389991277,2129600
2018-07-09,52.689239501953125,53.19370872127522,52.44100337977674,53.04156459244692,2263100
2018-07-10,52.7132568359375,52.897425505536646,52.408968602162055,52.61716485013092,2775100
2018-07-11,52.36894989013672,52.82537626260142,52.29687935278658,52.64921062599648,2372600
2018-07-12,52.58514022827149,52.65721075321066,52.25683659686465,52.38495315009848,2168100
2018-07-13,52.473026275634766,52.90543101784705,52.28084842661497,52.71325316882726,1942100
2018-07-16,52.08066940307617,52.505065018390574,51.64025540083032,52.36893927559626,3073500
2018-07-17,50.783451080322266,53.05757922135979,50.44713829126098,53.00152708984957,6336600
2018-07-18,50.423126220703125,50.99966297436093,49.88662322031532,50.3670740787449,4784200
2018-07-19,50.8475227355957,51.087746641534245,50.086811154613066,50.22293996923295,3099100
2018-07-20,49.99872589111328,50.67135462752344,49.93466761149031,50.55925034722384,3159600
2018-07-23,50.102821350097656,50.22293481805368,49.78252080528984,50.03876307390352,2402800
2018-07-24,49.934669494628906,50.03075844499335,49.55031063855851,50.03075844499335,3221800
2018-07-25,51.05570602416992,51.07973054831126,50.0387584556788,50.11082591887863,3879800
2018-07-26,52.1607551574707,52.21680730633523,50.49519991835773,51.1277888919164,4999200
2018-07-27,52.048641204833984,52.537098172571184,52.00059826021226,52.35292336947974,4940300
2018-07-30,52.048641204833984,52.28085895254716,51.89649706789865,52.16074548176794,3523200
2018-07-31,52.54510498046875,52.88942698948104,52.09668178386984,52.24081672041509,3501200
2018-08-01,52.937477111816406,52.9695077808624,52.024624426294736,52.24082380582336,2862000
2018-08-02,52.72926712036133,53.12163202310713,52.561110733470265,52.86539284652687,2718700
2018-08-03,53.49799728393555,53.49799728393555,52.63319367701416,52.78533171485872,2101800
2018-08-06,53.2337532043457,53.76224394061648,53.2337532043457,53.49799551786854,3236700
2018-08-07,52.577125549316406,53.153659075566885,52.44099372316813,53.153659075566885,3565500
2018-08-08,52.60916519165039,52.74529705685345,52.21680020297444,52.64920505363221,1721100
2018-08-09,52.34492874145508,52.785336726495856,52.31289807012424,52.53710666021422,1652500
2018-08-10,51.70431518554688,52.36893771118199,51.66427532863896,52.256833442909134,2430300
2018-08-13,51.592227935791016,51.89651017730048,51.40805308617578,51.68831995853285,2565600
2018-08-14,51.28792953491211,51.76837727879295,51.24788967741183,51.616233151361286,2439200
2018-08-15,51.6562728881836,51.71232502301833,51.17582209081292,51.2639018351159,2898400
2018-08-16,52.56913375854492,52.61717670766287,51.52014919874111,51.680302544510056,3046800
2018-08-17,53.99444580078125,54.04248873287391,52.55309674576845,52.63317644488729,6319500
2018-08-20,54.25069808959961,54.61103238598822,53.778259518369,54.15460609292441,5981600
2018-08-21,52.64920425415039,54.12257829248487,52.11270432340197,54.1145752075902,27503600
2018-08-22,52.1767578125,52.408969424031895,51.80040516538579,52.08867501810203,5330800
2018-08-23,51.67229461669922,52.32890807738558,51.54417804616866,52.28887432188098,5477600
2018-08-24,52.92145919799805,52.93747758727764,51.6562813600581,51.6562813600581,4020600
2018-08-27,52.817359924316406,53.06558995547418,52.29687227998315,53.06558995547418,2938100
2018-08-28,53.9223747253418,53.938393108686135,52.70524028777174,52.9134365066854,3429900
2018-08-29,53.81829071044922,54.40283963796338,53.73020791165634,54.03449616538611,2320800
2018-08-30,53.554046630859375,53.96242999370601,53.43393926757359,53.89036557573454,2106700
2018-08-31,53.79426574707031,54.04249574070207,53.53802656064344,53.54603575343856,3306800
2018-09-04,53.03356552124024,53.89836908991328,52.87341218687483,53.7382218647729,1926700
2018-09-05,53.84232711791992,54.00248048252911,52.60117061563618,52.60117061563618,4423600
2018-09-06,53.79426574707031,54.11456625740993,53.70618295399632,53.97844052601343,2521200
2018-09-07,52.849395751953125,53.49800001759308,52.76932213174984,53.49800001759308,2534700
2018-09-10,53.28179550170898,53.46596419952071,53.0175470821791,53.17770041639041,2592400
2018-09-11,53.16168594360352,53.33785156959767,52.8814252246244,52.96950803762147,2324600
2018-09-12,53.1937141418457,53.546045377467486,52.96950557707736,53.30581842422987,2452000
2018-09-13,54.12257385253906,54.1786320975537,53.43393594535783,53.63412301735431,2313600
2018-09-14,54.2193603515625,54.22742067791407,53.50965784568832,54.11451457978333,3185800
2018-09-17,54.45323181152344,54.55001110214152,53.96934766427458,54.251612904093015,2714400
2018-09-18,53.81611251831055,54.48548250331066,53.61449364444937,54.36451610132975,3184800
2018-09-19,53.18706130981445,53.90482407392919,52.95318880939439,53.81611742203348,1883900
2018-09-20,54.3242073059082,54.34840059407153,53.15481992325522,53.38869247744845,2368000
2018-09-21,54.42903900146485,54.72743720211397,53.97741461381929,54.39677923764433,4507800
2018-09-24,53.48545837402344,54.46935953214222,53.09028707627612,54.43709977170487,3019200
2018-09-25,53.53383255004883,53.95320318576847,53.30802043216229,53.67093803841029,2821100
2018-09-26,53.21933364868164,53.71935083464315,53.138687303312814,53.43708554939139,2317700
2018-09-27,53.59836196899414,53.76772108873196,53.235450448544505,53.356423006334346,2526100
2018-09-28,54.670989990234375,54.68711679740589,53.59837580214503,53.59837580214503,3617200
2018-10-01,54.22743225097656,54.83228911415839,54.14678589980343,54.590350060638976,2261100
2018-10-02,53.56610107421875,54.15483089475504,53.56610107421875,54.08224490045233,2625900
2018-10-03,53.2515869140625,54.08225586046726,53.090294243022726,53.72741075359554,2607600
2018-10-04,52.84834671020508,53.23545771740539,52.38058937110658,53.130611948309095,2384600
2018-10-05,52.61445617675781,53.227379236234896,52.51768306146939,52.799948235926166,1929400
2018-10-08,53.3886833190918,53.6386949440428,52.63866075008008,52.70318027606231,2513800
2018-10-09,54.08226776123047,54.17098059569984,53.13062602567732,53.46935055407053,3117200
2018-10-10,52.8725471496582,54.23549310899002,52.84835386210677,53.94516135252974,3068500
2018-10-11,50.67892837524414,52.93705950893552,50.45311618481311,52.93705950893552,4632500
2018-10-12,50.43698501586914,51.324106949744106,49.97729416767535,51.09829476507636,3532100
2018-10-15,50.86441421508789,51.412817851622,50.33214045921186,50.39665998184418,3366700
2018-10-16,51.50153732299805,51.78380257989844,49.93697253771999,50.64667199623312,2847200
2018-10-17,50.6950569152832,51.4692727560948,50.37246544338157,51.25152397403024,3681400
2018-10-18,50.86441421508789,51.39668797096392,50.517629472089546,50.65473191945316,2743300
2018-10-19,51.28378677368164,51.57411850029531,50.86441906595749,50.86441906595749,2393800
2018-10-22,51.01763153076172,51.58216491587787,50.880532191933504,51.3240930386464,2525100
2018-10-23,51.646705627441406,51.75961173552738,50.5498981606736,50.7515170898159,4310800
2018-10-24,52.6386604309082,53.07415799926671,51.509596421208,51.58217934926776,4449400
2018-10-25,53.13867950439453,53.412884421910846,51.96929228586776,52.57414901674454,3851200
2018-10-26,51.96123123168945,53.08223199771968,51.54992688893287,52.95319908117969,3131100
2018-10-29,52.662864685058594,53.03384276176149,52.26768716935494,52.42091951842049,2370700
2018-10-30,52.92092514038086,53.29996346133546,52.50155442986962,52.8483391450186,2414400
2018-10-31,51.99348449707031,53.67901559890864,51.937031449470965,52.8886729325177,3803500
2018-11-01,52.22736358642578,52.43704282038302,51.74347943840949,52.10639101119152,2981000
2018-11-02,51.89669799804688,52.39671503084086,51.25151820334811,52.39671503084086,2396200
2018-11-05,52.47737884521485,52.84835696627735,51.88864881755619,51.920908587160135,2243100
2018-11-06,53.1548080444336,53.19512813138799,52.29187327330897,52.60640440790711,2056900
2018-11-07,54.0983772277832,54.11450403026333,53.09834319226449,53.485454133903936,1753500
2018-11-08,54.130645751953125,54.14677255704493,53.58224208502144,53.89676708413749,1542500
2018-11-09,54.49355697631836,54.53388321817511,53.6709545575581,54.13870573732498,2671400
2018-11-12,54.64678955078125,54.945181591311474,54.41291088341499,54.41291088341499,2462100
2018-11-13,54.4774284362793,54.75162718282623,53.81611870016678,54.703240616475696,2472500
2018-11-14,54.48550033569336,54.82422483085918,54.09839541682064,54.7032522363658,1554600
2018-11-15,53.80805587768555,54.17903393506167,53.39675157699688,54.17903393506167,2231300
2018-11-16,54.28387069702149,54.46936279240888,53.60643414604951,53.7838597626147,2358000
2018-11-19,54.598388671875,54.87259354030368,53.77578637242846,54.35644971458825,2916000
2018-11-20,53.79191589355469,54.84033655354039,53.79191589355469,54.55000486778805,2359600
2018-11-21,53.96933364868164,54.477417101328605,53.59835569370146,53.75158799248948,1882200
2018-11-23,54.00159454345703,54.34837922761408,53.36447820963736,53.84030191716416,660300
2018-11-26,53.517723083496094,54.50968465876544,53.50159012532544,54.30000542591284,1884900
2018-11-27,53.75966644287109,53.94515238521306,53.12254998059802,53.54191458526205,2098300
2018-11-28,54.31611633300781,54.36450904043464,53.5177074190329,53.67900003600517,1723800
2018-11-29,54.17902374267578,54.42902917600306,53.79191279963124,54.34838285747036,1589200
2018-11-30,54.308048248291016,54.751612161209785,53.80803745873031,54.33224767774738,3558700
2018-12-03,55.36454391479492,55.37261039255552,54.26773675030312,54.3887093050332,3210100
2018-12-04,53.92097473144531,55.606506270414,53.824195416352815,55.388760502608775,2787700
2018-12-06,55.22744369506836,55.48551560310009,52.13057464576789,53.453193943545486,4211200
2018-12-07,53.90481185913086,55.20323772312045,53.79190579729863,54.88065249098201,2702100
2018-12-10,53.17900085449219,53.8564373773396,52.29187280849637,53.8564373773396,2850600
2018-12-11,53.60643768310547,54.27581395234252,53.38062548454862,53.5661114392542,3210700
2018-12-12,52.130592346191406,54.14678173505376,52.11446553836606,54.01774881368587,2522300
2018-12-13,52.51769256591797,53.14674254081304,52.154774859148965,52.18703462105646,2786100
2018-12-14,52.26768112182617,52.65479211307299,51.7918634761916,52.26768112182617,2179800
2018-12-17,49.98457336425781,52.46267657445608,49.805823899455525,52.42204944197189,3696400
2018-12-18,50.88645935058594,51.41457816814823,50.423338389291786,50.92708339818055,2957300
2018-12-19,49.76519393920898,50.99205694849845,49.57019426452106,50.89455866086183,2921900
2018-12-20,49.05020523071289,49.92769922441909,48.44896210117204,49.76519999231626,3198300
2018-12-21,47.83146667480469,49.58645160080438,47.766468840205135,48.75770828860798,7768300
2018-12-24,45.45086669921875,47.79897455809731,45.45086669921875,47.6689726757868,2049500
2018-12-26,47.100223541259766,47.100223541259766,44.85774096659349,45.767735422691565,2593300
2018-12-27,47.12459945678711,47.12459945678711,45.434612333376144,46.70210267593437,3251700
2018-12-28,47.52272415161133,47.94521784829567,47.00272594912426,47.55522152099184,3606700
2018-12-31,47.709590911865234,47.74208827696391,46.77522270329716,47.62021618416039,2311400
2019-01-02,46.33649063110352,47.24648533362222,46.01961874873656,47.157110577177,2476100
2019-01-03,45.962738037109375,47.00272829516174,45.82461568695606,46.25523607204047,3606700
2019-01-04,47.12459945678711,47.3845969989403,46.06023238774952,46.27148232788348,4063500
2019-01-07,47.88833999633789,48.31083676084161,47.14897143331015,47.17334833279166,2952800
2019-01-08,49.48084259033203,49.58646448643029,48.10772694689539,48.10772694689539,3482700
2019-01-09,49.81396865844727,49.854592706271305,49.01772554331467,49.42397222038739,2609000
2019-01-10,50.68332290649414,50.76457098067262,49.40770892551674,49.66770648218631,2524000
2019-01-11,50.66707611083984,50.74020062233,50.122704058765216,50.43957900816628,2154500
2019-01-14,50.65894317626953,50.83769264878051,50.14707475857657,50.27707352965314,2867400
2019-01-15,51.357688903808594,51.57706241614137,50.73206883517405,50.77269597033644,2148900
2019-01-16,51.625823974609375,51.78832325118362,50.91895258642381,51.26832494626287,2070900
2019-01-17,52.04018783569336,52.06456163795828,51.430814884332335,51.430814884332335,2432400
2019-01-18,52.56830596923828,52.76330879449405,51.99143965797521,52.27580793018563,2389900
2019-01-22,52.63330841064453,54.193293864152565,51.41456861281053,52.81205790613984,3443400
2019-01-23,52.86893844604492,52.96643987300292,52.3733170402976,52.71456273640273,2507600
2019-01-24,52.59268951416016,52.9420618510717,52.26769098233965,52.77955948574574,1846200
2019-01-25,53.63266372680664,53.67328465679776,52.75516981444848,52.8445445387903,2598000
2019-01-28,54.201419830322266,54.33142171584767,53.120802402508936,53.43767424993825,2246400
2019-01-29,54.87578582763672,54.97328723318749,54.03891890952526,54.21766838695306,2977600
2019-01-30,55.56640625,55.69640812994742,54.5832902785132,54.85953497515525,3085000
2019-01-31,56.19203567504883,56.42765326060467,54.916415332348905,55.43641671092095,4867600
2019-02-01,56.395145416259766,56.43576634934673,55.38764957395479,56.41951921587795,3646100
2019-02-04,56.59014892578125,56.59014892578125,55.84265671829412,56.216402822037686,3715700
2019-02-05,56.82576370239258,56.86638463402319,55.988896885078525,56.47639145645441,2558800
2019-02-06,56.45203399658203,56.81765348122748,56.11078211890381,56.71203158982207,2297600
2019-02-07,57.2238883972168,57.386384535175125,56.200145371354445,56.28139344033361,3189100
2019-02-08,57.54888916015625,57.59763676371593,56.80139697769852,56.90701885168801,2506300
2019-02-11,57.71951675415039,57.92264005092084,57.38639157200794,57.5651410649789,2340400
2019-02-12,57.36201477050781,57.88200988715908,57.06951674253764,57.80076181246309,3207400
2019-02-13,57.54077911376953,57.69515483474024,57.1101586277274,57.215780532225466,2343700
2019-02-14,57.56513214111328,57.85763013902557,56.980136145288704,57.46763694102926,2432800
2019-02-15,57.84137344360352,57.84949390971472,57.378252723271984,57.75199872574751,2210100
2019-02-19,57.99575424194336,58.10138231036536,57.58950769897949,57.76013050316468,1687500
2019-02-20,57.1345100402832,57.98763020756614,56.9801343798265,57.91450261093878,2680200
2019-02-21,57.711387634277344,57.792635709766834,56.785145936269366,56.915147816117205,2049700
2019-02-22,58.19076919555664,58.39389250944933,57.59764639150409,57.82514351125084,1582500
2019-02-25,57.898250579833984,58.4344927148085,57.784502060329416,58.369491789711766,1976300
2019-02-26,57.71951675415039,58.05263573746176,57.52452012492346,57.98764099360684,1457200
2019-02-27,57.004512786865234,57.42700642628353,56.508891552860646,57.370132163307424,2303100
2019-02-28,56.92326354980469,57.61388763109867,56.5170170073166,56.88264261485406,4170500
2019-03-01,56.77700424194336,57.21575117206076,56.183887868902026,56.923253218649165,3763700
2019-03-04,57.15074920654297,57.27262438471221,56.54950617942486,57.09387494990786,2489200
2019-03-05,57.15074920654297,57.51637474105069,57.004506431334754,57.15074920654297,1981200
2019-03-06,57.01263427734375,57.34575939420542,56.85826481725432,57.18325706933515,2303900
2019-03-07,56.48452377319336,57.33764410119692,56.33015428248468,57.08577319622663,2895400
2019-03-08,56.82576370239258,56.88263796573927,56.02951781670914,56.14326634340252,2924900
2019-03-11,57.67889022827149,57.80076544739526,56.83389656086615,57.06139986268505,2102100
2019-03-12,58.19076919555664,58.28826441897291,57.67077400789789,57.79264303716823,2646700
2019-03-13,58.80825805664063,59.16575706329537,58.49951285924061,58.556387137678286,2712900
2019-03-14,58.750953674316406,58.95557527738636,58.30078989429596,58.88191449766794,2226500
2019-03-15,58.63638305664063,58.80826450364776,58.42357477934522,58.579089240971584,3686400
2019-03-18,57.9897689819336,58.82462873344368,57.67874635082477,58.74277508539071,1739100
2019-03-19,57.64599609375,58.13708667369564,57.41682090607907,58.00613209983605,1864000
2019-03-20,58.04706573486328,58.52997605574691,57.48231425088627,57.6951162618657,2510700
2019-03-21,58.98011779785156,59.029231219665846,57.82605542036669,57.87516259762639,2138500
2019-03-22,58.16983795166016,59.30753373885522,58.145284354672114,58.98832448889728,2176400
2019-03-25,58.07161331176758,58.44812258812456,57.78514429241447,58.26805456322938,1549600
2019-03-26,59.06198120117188,59.08653479386828,58.38263599531193,58.40718958800833,1936000
2019-03-27,58.5954475402832,59.23387227753063,58.18620427629613,59.05380424224725,2038300
2019-03-28,59.02924728393555,59.07016786126992,58.31716179710952,58.660924620588446,1900200
2019-03-29,58.89010238647461,59.30753225852226,58.68548075727274,59.24205183848409,2679700
2019-04-01,59.1029167175293,59.23387757109595,58.32535694428816,58.93922189512817,2226500
2019-04-02,59.86408615112305,59.962306752978485,58.8900854775262,59.29114825168652,2366100
2019-04-03,59.87228775024414,60.10146296738817,59.11109506784071,59.87228775024414,2467300
2019-04-04,59.626731872558594,59.87228028577465,59.18474847550303,59.87228028577465,1157400
2019-04-05,59.79861068725586,59.84772411451609,59.31570673850972,59.4957747345016,1182600
2019-04-08,59.659481048583984,59.905029498724375,59.30753160047954,59.83136246585966,1661100
2019-04-09,59.2420539855957,59.69222408397796,59.12746636865418,59.57763646703644,1654800
2019-04-10,60.20786666870117,60.224239896122405,59.27479253150206,59.54489458294301,2116400
2019-04-11,60.20786666870117,60.510708930428,59.75770282752285,60.36338110641989,2075300
2019-04-12,60.919952392578125,60.92813900631568,59.749516410373474,60.16694628719578,2291200
2019-04-15,60.34700012207031,61.05089262395385,60.15055890593266,60.99359883038583,2403600
2019-04-16,59.56125259399414,60.51888642807509,59.094715595669854,60.34700503338252,3371200
2019-04-17,59.14384841918945,59.896854655578025,58.70186486881588,59.896854655578025,2842900
2019-04-18,60.216041564941406,60.31426217668621,59.12745320185254,59.192933609682406,2287300
2019-04-22,59.69221115112305,60.19148833586255,58.93101857804113,60.06871413158055,2587300
2019-04-23,60.731689453125,60.91994407604919,59.9377628765516,59.945943244615776,2448800
2019-04-24,61.64020919799805,61.6729494035637,60.66621462178173,60.84627638555924,2197900
2019-04-25,61.76300811767578,61.92670921099704,60.98544821921399,61.22281012111116,1981300
2019-04-26,62.28683471679688,62.31138831791693,61.689342941016406,61.86940476408271,2286300
2019-04-29,61.697509765625,62.491442665168655,61.60747575158047,62.123126240118445,2180100
2019-04-30,62.75334930419922,62.8761235102048,61.40284552724882,61.84482892213561,2396700
2019-05-01,63.51454162597656,64.30028779879346,62.72060884091159,62.75334904534839,3585900
2019-05-02,62.47506332397461,63.83374739018162,62.38502932774072,63.44087744712026,2561300
2019-05-03,62.8352165222168,62.99891759673512,62.40960621758414,62.72881550719801,1767000
2019-05-06,62.401405334472656,62.60602694741517,62.08219611784683,62.360484758617794,1292200
2019-05-07,60.82991027832031,62.229521302427,60.26515265217776,61.91849871192189,3169200
2019-05-08,60.887203216552734,61.62384223054662,60.731688801221885,60.83809603047171,1801400
2019-05-09,61.091827392578125,61.15730780648286,60.18330694445687,60.7971717745628,1775300
2019-05-10,61.84482955932617,62.09037797386724,60.821721572997696,61.05908337517257,1960000
2019-05-13,61.43558883666992,61.574736274271466,60.99360541944605,61.14911983788292,1981600
2019-05-14,61.63203430175781,61.86120951650799,61.34555903876384,61.419226068965685,1692900
2019-05-15,62.21316146850586,62.671511916547175,61.39467495725695,61.78754498570478,1342200
2019-05-16,62.917083740234375,63.07259198884157,62.22955156821088,62.45054650529512,1705100
2019-05-17,62.7042350769043,62.91704326044176,62.196771329870295,62.31954552208632,2310800
2019-05-20,61.8693962097168,62.704255999713325,61.62385398790839,62.704255999713325,1370100
2019-05-21,62.884307861328125,63.12985001995471,62.221329670559165,62.221329670559165,1891200
2019-05-22,62.65514755249024,63.03165061405324,62.40141247710022,62.90887638332347,1111700
2019-05-23,62.55690383911133,63.293542707156014,62.11492051828451,62.40138945459231,1635700
2019-05-24,61.72207260131836,63.12986419608119,61.68114577674597,62.786101350077125,3072900
2019-05-28,60.87083435058594,62.07400408419309,60.87083435058594,62.00852991963167,3494200
2019-05-29,59.87228775024414,60.94450304954929,59.57763211547144,60.731694814534265,2309700
2019-05-30,60.01144409179688,60.45342765544351,59.72497499810681,60.10147812760774,2030900
2019-05-31,60.29791259765625,60.87903739477882,59.3402846747032,59.58583317807683,2831300
2019-06-03,61.46834945678711,61.59931032518571,60.29791323484568,60.90359788435237,3404600
2019-06-04,61.38650131225586,61.79574465433756,60.66623527823288,61.79574465433756,2470900
2019-06-05,63.40815734863281,63.48181814460353,61.59111611333615,61.6893367525209,1939000
2019-06-06,63.95653533935547,64.12841675696765,63.285376651488455,63.5800322944112,1538600
2019-06-07,63.99747085571289,64.57040899224496,63.93199042737855,64.24301309513064,1556100
2019-06-10,64.17753601074219,64.34941744393333,63.67825869523391,64.12842256943253,1096100
2019-06-11,64.52130126953125,64.56222185349003,63.73555486956944,64.46400745634311,1666300
2019-06-12,64.9415512084961,65.20523953753937,64.57074165687531,64.62842328239023,1930700
2019-06-13,65.86445617675781,65.92213779585619,64.98274783521123,65.01570965852815,3254000
2019-06-14,65.88917541503906,66.42479403746341,65.79853197339071,65.94685703364938,1910100
2019-06-17,66.68022155761719,66.74614518515614,66.14460308580378,66.24348852711219,1596000
2019-06-18,66.31768798828125,67.60316794650727,66.02103779994812,67.10051103221092,2069100
2019-06-19,67.18289947509766,67.47954960607207,65.95510138606889,66.12814624799978,1584700
2019-06-20,67.9657211303711,68.2458871748173,67.5537078037212,67.74323041335846,2844400
2019-06-21,67.0180892944336,67.6773068456941,67.0180892944336,67.6773068456941,5017900
2019-06-24,66.41656494140625,67.36419710607404,66.14463456351594,67.30651547623303,2220500
2019-06-25,65.7408676147461,67.27355821087832,65.64198840649664,66.6637800416426,2059400
2019-06-26,64.38943481445312,66.07044974915728,64.0680649594033,65.83148129263905,2786800
2019-06-27,65.394775390625,65.50189662453735,64.83443684626357,64.83443684626357,1621400
2019-06-28,66.00453186035156,66.2517423642862,65.44419350001408,65.47715531966033,3272200
2019-07-01,65.85620880126953,66.72968133117395,64.96625850445723,66.6719997167597,1812500
2019-07-02,67.23234558105469,67.3065112643956,65.93038797656897,66.1611144814949,2428500
2019-07-03,68.06461334228516,68.06461334228516,67.33947201174466,67.43011546391543,1193300
2019-07-05,67.92453002929688,68.38598302995452,66.46600534546074,67.73500109726928,1565600
2019-07-08,67.82564544677734,67.85860727394996,67.35595041151268,67.7350019937591,1847400
2019-07-09,68.08106994628906,68.24587272733089,67.47952785052244,67.81738172452826,1929000
2019-07-10,68.41067504882812,69.20998173384025,67.9986618121681,68.76500668382866,2343600
2019-07-11,66.76265716552734,68.49311869778572,66.37536980059734,68.39423320579695,2610200
2019-07-12,65.94683837890625,66.9191898795865,65.55954492629638,66.71318325899172,3177700
2019-07-15,65.8727035522461,66.76264770675434,65.83974172625312,66.30943674470834,2949100
2019-07-16,67.12521362304688,67.80091525948848,65.23819174262255,66.12814207944555,3720200
2019-07-17,67.24883270263672,67.66084613358692,66.4907294985266,67.39715778925184,2011400
2019-07-18,67.92453002929688,68.25414200983475,67.12522301971086,67.36419154843018,1885000
2019-07-19,66.53191375732422,68.29533038600741,66.46599639954921,68.11404979359517,2043900
2019-07-22,66.89448547363281,67.06753032030592,66.21878385417489,66.67200103843155,1644800
2019-07-23,68.05635833740234,68.10580421168385,66.82856038323122,67.14993027535101,2141300
2019-07-24,67.7844467163086,68.09757463884374,67.40539514055797,67.95749159088004,2103800
2019-07-25,67.11697387695312,67.77619776815145,66.77912619066207,67.71851614918346,1926000
2019-07-26,67.66082763671875,67.73498701633987,66.90272463985605,67.15817088542788,1653200
2019-07-29,68.08931732177734,68.64965567463992,67.67730401193204,67.8833106668547,1845100
2019-07-30,67.57843017578125,68.49310029878785,67.11697095728645,67.99867925848451,1395500
2019-07-31,66.42478942871094,67.98219930995671,65.9468524580576,67.40538316387476,3302100
2019-08-01,66.56487274169922,67.44658101845009,65.94685274528064,66.35062404929658,2340000
2019-08-02,66.34239196777344,66.70495944395951,66.07046164551525,66.62255803059108,1773800
2019-08-05,64.80147552490234,65.92215262242976,63.86208535297883,65.92215262242976,2706500
2019-08-06,65.88093566894531,66.25999350359646,64.7602587941444,64.96626548014714,2886700
2019-08-07,66.33413696289062,66.82030960742777,64.58719842185364,65.4936326520477,2040600
2019-08-08,67.71025848388672,67.84210574640605,65.92212242202689,66.45774092407055,2163700
2019-08-09,67.43010711669922,67.85035621184008,66.21054482098833,67.36418347113108,2788100
2019-08-12,67.31474304199219,67.70203659635028,66.92744948763409,67.24057736994553,1433300
2019-08-13,67.42185974121094,67.97395608369426,66.83680157855818,67.56194276181279,1820700
2019-08-14,66.1363754272461,67.28177187666799,66.05397402616714,66.91095614157686,2271000
2019-08-15,66.91920471191406,67.01809017497338,65.41947643304933,66.04573845877594,2248300
2019-08-16,67.89155578613281,68.06460062973191,66.72968146858896,67.46306469057662,4364400
2019-08-19,69.1028823852539,69.28416927254477,68.08932673668457,68.28709767927009,1730700
2019-08-20,67.94100952148438,69.29241301780323,67.89156992353942,69.16881402294084,1675200
2019-08-21,68.64144134521484,69.16881804336731,67.9410134705449,68.40247279654793,1501500
2019-08-22,69.20999145507812,69.38303628436245,68.26235962029106,68.74029655078526,1359900
2019-08-23,67.47953796386719,69.39952145619104,67.13344829971605,69.39952145619104,2183100
2019-08-26,68.08931732177734,68.39420943431956,67.372418186214,68.14699893368271,1642200
2019-08-27,67.57843017578125,68.74030453211483,67.45482491570542,68.53429786093001,2080400
2019-08-28,68.26236724853516,68.41069230261459,67.39714300542568,67.71027088100463,1550700
2019-08-29,68.98750305175781,69.30887289995727,68.5425279649839,68.78973844213283,1499400
2019-08-30,68.90512084960938,69.39953565481082,68.54254705860983,69.39129362679029,1861100
2019-09-03,69.68795776367188,69.95164613186118,68.39423572492645,68.5178410227585,2044300
2019-09-04,70.34716796875,70.6685379077056,70.02579802979439,70.28124431798337,2226600
2019-09-05,69.70442199707031,70.56965262700894,69.40777814144963,70.28124451263785,2383000
2019-09-06,69.86922454833984,70.1988364852374,69.38304552688038,69.61377828348603,2075900
2019-09-09,69.73737335205078,70.14938667838487,69.33360205255423,69.9681060957304,1500700
2019-09-10,68.61669158935547,69.49016405242138,67.66082401123064,69.34183901430255,3160500
2019-09-11,67.97396850585938,68.81447935672162,67.45483388867424,68.67439002369424,2148300
2019-09-12,69.25120544433594,69.31712908995631,68.31181549813265,68.53429994357032,1701500
2019-09-13,69.37480926513672,70.15763210841472,69.15231853750208,69.2676817715257,1737600
2019-09-16,70.22355651855469,70.46252501644553,69.27592455431855,69.45721143456848,2156900
2019-09-17,71.2288589477539,71.36069993022231,70.39659034911224,70.66027860087287,2230200
2019-09-18,70.52022552490234,71.64090264226593,70.06700820287057,71.13824571667668,1872000
2019-09-19,70.49533081054688,70.89333124307178,70.08074992608447,70.69433418981046,1823300
2019-09-20,69.93978118896484,71.12548255533572,69.93148780150739,70.98452659856463,4647000
2019-09-23,70.16366577148438,70.65286814107222,69.649583236899,69.649583236899,2272800
2019-09-24,69.83199310302734,70.69432195255952,69.46715996353265,70.36265603720081,2185800
2019-09-25,70.56993865966797,70.75235520929473,69.79052479344472,70.05585623126534,1697600
2019-09-26,71.53179168701172,71.58154570085591,70.56996720806539,71.00942198667042,1681300
2019-09-27,71.12548828125,71.89660890084254,70.44557595302874,71.73077909435018,2273400
2019-09-30,70.66118621826172,71.4737614307098,70.64459943580131,71.11722151985899,2017700
2019-10-01,69.85690307617188,71.03431167506035,69.4257415913692,70.68606513048846,1799400
2019-10-02,69.85690307617188,70.06419358975101,69.01116056421091,69.59157147183075,2240200
2019-10-03,70.90164184570312,71.01772401545512,69.64960549937379,69.82372875400178,2154500
2019-10-04,71.4654312133789,71.58151331649333,70.89330775802914,71.06743091270077,1503700
2019-10-07,71.1089096069336,71.67273981949144,70.71090920500968,71.00940792495217,1191700
2019-10-08,70.59481048583984,71.49030643526706,69.91489830038591,70.951350188334,1735800
2019-10-09,70.885009765625,71.39909213601194,70.54505686459474,71.10888689708374,1225600
2019-10-10,71.1503677368164,71.3825320146353,70.47874874369715,70.65287195206132,1432200
2019-10-11,71.17523193359375,71.71418826322257,70.90161340095251,71.56493891541768,1461400
2019-10-14,71.52349090576172,71.69761410581424,70.95966068968609,71.28303325064104,1407400
2019-10-15,73.8865966796875,74.0607198707015,71.21669509880303,71.46544612939533,2744200
2019-10-16,73.82855987548828,73.88660094250824,72.81698157085305,73.88660094250824,1930500
2019-10-17,73.92805480957031,74.18509289347845,73.31447064165866,73.78709252310337,1966000
2019-10-18,74.30118560791016,74.54993666560205,73.85343749966604,74.33435283733589,1728800
2019-10-21,75.13863372802734,75.1469207901072,74.21826375703615,74.40896740089828,1773800
2019-10-22,75.2961654663086,75.88486946347462,74.8152565294977,75.88486946347462,2548500
2019-10-23,76.17508697509766,76.2331280405385,75.07230040571987,75.3542123447178,2179600
2019-10-24,76.3575210571289,76.68918710284267,75.90977917031954,76.44872937785028,1780800
2019-10-25,75.337646484375,76.17510172734939,75.32105970475013,76.05901957398694,2179600
2019-10-28,71.21670532226562,73.3310704078218,71.15037086111822,72.73407290949994,15446600
2019-10-29,71.84687042236328,72.36924007309257,71.20012523784061,71.30791399326024,5335700
2019-10-30,72.70091247558594,72.73407970926039,71.7059207693647,72.29462493357929,3690900
2019-10-31,72.7672348022461,73.5881031392228,72.49360991458654,72.88331693773767,6367000
2019-11-01,72.50189971923828,73.49689121026834,71.97952380934612,73.11547759450677,4507400
2019-11-04,72.7755126953125,72.94964220261207,71.97123123674386,72.28631037537896,2574000
2019-11-05,71.2249755859375,72.68430162735145,70.54506339493788,72.38580297510768,4955700
2019-11-06,72.60968017578125,72.85843118315599,71.63956263382138,71.77222519868725,3107600
2019-11-07,72.35265350341797,72.7506475867041,72.0209875500116,72.50190286615074,2307500
2019-11-08,72.19509887695312,72.85843067465558,72.1287644319827,72.32776776689396,2145300
2019-11-11,72.40240478515625,72.61798861449837,71.9961172931671,72.11219943373543,1548300
2019-11-12,71.8302993774414,73.42229517189739,71.78055168342847,72.2780476015693,2431800
2019-11-13,72.90818786621094,73.13205873971955,71.78882084666454,71.88831620111206,2924800
2019-11-14,73.89490509033203,73.96952661907925,73.10719755065135,73.18182540540133,2837100
2019-11-15,73.87831115722656,74.38410033421225,73.72077472534731,74.14364266597298,2520200
2019-11-18,74.5333480834961,74.956222340934,73.87830955170075,73.88660294035695,1921200
2019-11-19,75.47858428955078,75.64442041581559,74.47529944815386,74.61625541097791,3604100
2019-11-20,75.90977478027344,76.05073078559876,75.1386539571363,75.2049821016402,2861500
2019-11-21,75.32935333251953,75.86830980397788,74.98940026117077,75.40398118906135,3375900
2019-11-22,75.0888900756836,75.65272034890924,74.45873166666858,75.40397560619355,2014200
2019-11-25,75.337646484375,75.90147679756524,75.09718878783768,75.41226801467818,2394500
2019-11-26,76.55650329589844,76.58137713539338,75.22984580615186,75.33763455263062,5782700
2019-11-27,76.61454010009766,76.85499774517153,75.95120822913515,76.33262184083804,1811400
2019-11-29,75.90977478027344,76.94622715943608,75.88489460933077,76.93793376912186,1652200
2019-12-02,74.63285064697266,76.09217076752299,74.6079768067136,75.84342603893019,2554700
2019-12-03,75.2298583984375,75.32935377307125,74.27632099351194,74.51677869221511,2562800
2019-12-04,75.53663635253906,75.93463678753348,75.03914055329777,75.35421975008337,2493600
2019-12-05,75.74391174316406,75.75220513053723,74.86500246164022,75.53662134084233,2293800
2019-12-06,75.81023406982422,76.23310819423295,75.66927813702131,75.92631617048544,2221100
2019-12-09,75.76881408691406,76.20827521902206,75.51177591564613,75.9926913482148,2174700
2019-12-10,75.56978607177734,76.49015593380894,75.379082450492,76.34090659602,2635200
2019-12-11,74.458740234375,75.78539799285318,74.16024144796701,75.59468797475795,2297500
2019-12-12,73.72906494140625,74.86501887249763,73.36423805502848,74.3011886015475,2238800
2019-12-13,73.41397857666016,73.94464156508222,72.58481686650045,73.64614284334458,5503800
2019-12-16,73.26475524902344,74.10221064513902,72.42729985290784,73.85345951330143,3308400
2019-12-17,72.39412689208984,73.61299595495622,72.25317088065724,73.44716609750651,2631800
2019-12-18,73.03645324707031,73.24500964541758,72.32735640098063,72.61934045037576,3114200
2019-12-19,72.83625793457031,73.16160551140074,72.63604550989888,73.0031069256617,3127800
2019-12-20,73.43689727783203,73.93743149255305,72.8946492266185,73.17828931256439,5370200
2019-12-23,73.07818603515625,73.77059504515474,72.90299936358527,73.62877817264085,1637100
2019-12-24,73.29508209228516,73.48695046940493,72.95304644621548,73.1616029041688,980400
2019-12-26,73.75391387939453,73.87070499464843,73.35348265235373,73.37850841067407,826800
2019-12-27,73.9708023071289,74.2127285599127,73.70385029796022,74.03754190058056,1250400
2019-12-30,74.12931823730469,74.23776531925839,73.62043989993009,73.82899638689874,1374000
2019-12-31,74.3628921508789,74.47968326132202,73.72887871944616,74.12930992999267,2254400
2020-01-02,73.74555206298828,74.91346929865418,73.20330409307516,74.80501588588942,2246200
2020-01-03,74.5714340209961,74.9635211141694,73.03646180434146,73.03646180434146,2188000
2020-01-06,74.27946472167969,74.74662912498258,74.15432958089852,74.6131563088836,1794500
2020-01-07,73.80394744873047,74.19603453943908,73.31175098444619,73.92908257454084,2054500
2020-01-08,74.20437622070312,74.43796477165985,73.53699945473845,73.79560739464401,2013700
2020-01-09,74.2127456665039,74.92183650762415,74.02921492452562,74.47969773720703,1688300
2020-01-10,74.6131591796875,74.85508543060271,74.25444182345292,74.30449333583611,2204300
2020-01-13,76.5819320678711,76.59861378366618,74.66321015490662,74.69657995113464,2833800
2020-01-14,75.60586547851562,76.6152777126787,75.34725757358353,76.37335788430529,3124500
2020-01-15,76.92393493652344,77.15751706530328,75.92286685185675,75.98960005676838,3309500
2020-01-16,77.87496185302734,77.89164992994493,77.00736642777132,77.19924112450457,2627500
2020-01-17,78.6424560546875,79.06791295523414,77.84160012489434,77.8749699175487,4292500
2020-01-21,79.72695922851562,79.76032902417886,78.46727649193885,78.54236012334056,3335500
2020-01-22,78.36715698242188,80.40266317254026,78.18362632720479,79.39325093348266,3434700
2020-01-23,79.83539581298828,79.87710964325206,77.68309837460747,78.03347163613029,3200900
2020-01-24,80.21080017089844,80.73636005649577,79.72694775039733,80.00224375150694,3201800
2020-01-27,79.24308776855469,80.13570890379131,79.11795265593275,79.57677928066775,2770800
2020-01-28,79.7186050415039,80.10234809583001,79.2848104823726,79.50171094425671,2245200
2020-01-29,80.50277709960938,80.60288647120973,79.45999501282687,79.93550338981422,2730100
2020-01-30,80.26084899902344,80.88651823633853,79.7603148820987,80.15240195582467,3455200
2020-01-31,77.48287963867188,80.06064032515127,77.17422020736596,79.97721902924796,5227600
2020-02-03,76.64031219482422,78.00009770308478,76.36501620482997,78.00009770308478,23204900
2020-02-04,77.93338012695312,78.5256797375775,76.34834968314678,76.73209918855706,4978000
2020-02-05,77.3660888671875,78.42555905985726,77.10748093944089,78.3004239331732,5736500
2020-02-06,77.6747817993164,77.95007790126593,77.1992732435123,77.36611589428459,3935200
2020-02-07,77.69977569580078,78.05014893751807,77.24929308589147,77.82491081488169,3643800
2020-02-10,78.96781921386719,79.2514529377762,77.89166714179768,78.19198894631187,5153300
2020-02-11,80.26084899902344,80.79475290569472,79.28480651632469,79.52673271850958,3740400
2020-02-12,80.74468994140625,81.2118542022689,80.20244207311313,80.6278988761906,2523300
2020-02-13,80.47774505615234,80.99496085739322,80.16907929132684,80.61121784321453,3652700
2020-02-14,81.37873077392578,81.45380804222638,80.60290051163032,80.79476888482375,3296000
2020-02-18,82.04610443115234,82.07947422620691,81.11177562817502,81.44546084944542,3742800
2020-02-19,81.56226348876953,82.44654727122473,81.43713469540945,82.26301655477859,4724300
2020-02-20,82.54662322998047,82.62170684600703,80.84480855210657,81.48715948433347,3992900
2020-02-21,82.78023529052734,83.2473997377134,82.52162094471657,82.52996498545582,6382300
2020-02-24,80.0689926147461,82.2880298646892,79.93551343583708,81.57893922948834,3688200
2020-02-25,76.49850463867188,80.59455644261874,76.43177141064112,80.28589060000478,5305900
2020-02-26,76.1314468383789,77.84994991692538,75.89786463717503,76.7487721365088,4662200
2020-02-27,72.33570861816406,75.7560326648754,72.30233882689896,75.58084603421132,6227400
2020-02-28,70.30854797363281,71.0760341664878,67.52223691340976,70.42533907408303,7285600
2020-03-02,73.6371078491211,73.6371078491211,69.6578536222771,70.6589220266823,5715300
2020-03-03,74.5714340209961,76.40672799562871,73.14490885291914,73.93742071363847,5843400
2020-03-04,78.72590637207031,78.80932769539217,75.23884159424914,75.27221139650568,4210300
2020-03-05,74.83837127685547,77.46618296030458,73.91238043254829,76.83216977757272,3135200
2020-03-06,71.64329528808594,72.07709618275821,68.64008427310361,72.03538235512708,5562100
2020-03-09,64.87773895263672,67.43047427923284,64.6274750264545,67.43047427923284,7291600
2020-03-10,67.45549774169922,67.58897055819702,63.56800251373743,67.0383848476074,6623400
2020-03-11,61.47410202026367,65.3031954359205,61.0403010345512,65.12800877944971,7836800
2020-03-12,58.54595947265625,61.22382318724133,51.7303338963397,56.86082637083799,7912600
2020-03-13,65.46044921875,65.91468595284893,60.06008985392384,62.38174213342613,6021800
2020-03-16,54.15501403808594,61.17043887801231,53.9110717528817,58.22631714425069,6663800
2020-03-17,59.46284484863281,61.439610866953615,54.30642220498988,55.91307445421664,7883800
2020-03-18,57.03185272216797,59.27779572343158,53.9279048414862,55.07190706892588,7302000
2020-03-19,53.75967025756836,57.1580259530887,53.20449306696229,56.3168481970893,5489800
2020-03-20,52.8427734375,56.69536815697591,52.5063011339445,54.58401070939866,6826500
2020-03-23,53.305419921875,54.70177451281738,50.31924029044953,52.99418512990408,5631200
2020-03-24,59.34507751464844,59.900251349185176,55.71959798373964,55.71959798373964,7893700
2020-03-25,60.72461700439453,63.36591432925884,57.39355425872508,57.85619811864583,6918200
2020-03-26,65.35107421875,65.89783439426836,60.02641973984109,60.892831434470885,4965400
2020-03-27,66.59602355957031,68.97655751148939,62.44901807686766,62.78549037265388,4490800
2020-03-30,69.716796875,70.44021012127376,64.82114352095878,67.958738779116,6295900
2020-03-31,67.6054458618164,69.28780105782121,63.27337994856887,68.29521123547134,11324400
2020-04-01,61.62466812133789,64.33326081571346,58.041250018875616,64.30802009877105,7994100
2020-04-02,63.51731491088867,64.18184590694018,59.77407118004221,60.02642699746558,5395900
2020-04-03,61.90225601196289,63.307027470241486,60.30402371879474,62.314437653416405,3882600
2020-04-06,67.48770904541016,68.08494461353328,64.80434935935864,65.63711372418628,5914400
2020-04-07,68.09333038330078,72.72822118033103,67.9419181447399,72.61045681896995,5388700
2020-04-08,72.49267578125,73.00579455957431,67.89984749168191,69.39714238541191,5110400
2020-04-09,77.16122436523438,77.84257617016942,73.19086505130632,73.93951260473948,8283900
2020-04-13,72.68614959716797,77.13597284758023,72.5599716908173,76.49668257937341,4250500
2020-04-14,74.99099731445312,75.65552850369296,73.86381579799664,74.36852757957001,3663800
2020-04-15,72.79550170898438,73.94791719575417,71.40755754875508,72.75344026686302,3870200
2020-04-16,74.19187927246094,74.3853529899248,72.17305768988082,73.30864643450145,2887300
2020-04-17,75.89104461669922,76.50510067499103,74.22551013355647,75.92469249104992,3678400
2020-04-20,74.44422149658203,75.26016483811851,73.92268904692054,74.85639674520702,3187900
2020-04-21,74.86479187011719,75.40314491621866,70.41496245962635,70.49067176612397,4255100
2020-04-22,73.91429901123047,76.36212318512861,73.74605959285137,75.42841527057679,3317900
2020-04-23,72.97216033935547,74.8311621554012,72.87121671209613,74.06569383946524,2974600
2020-04-24,74.89845275878906,75.31062797750079,72.97215532364048,73.25815262136986,2916300
2020-04-27,77.25375366210938,77.96034623780037,75.47887469347441,76.40416884130732,2539400
2020-04-28,75.36111450195312,79.22212386329295,75.07511713620501,79.16324167518732,3141800
2020-04-29,75.84056091308594,77.38832431898179,75.69755587115081,77.0097970388392,3151300
2020-04-30,75.05826568603516,75.34426293473626,73.08149357076465,74.62084982397228,3377000
2020-05-01,73.05625915527344,74.55355396703018,72.41696250589516,73.46843430265406,2643300
2020-05-04,73.29182434082031,73.44323661172704,71.7104122806549,72.2151177111181,2212200
2020-05-05,73.804931640625,74.80593518494389,73.44322496292229,74.22552050224783,1845400
2020-05-06,73.13201141357422,74.8480151638455,73.07312921508013,74.10777447685888,2277100
2020-05-07,74.08251953125,74.79751929029177,73.46845698855319,74.13298813942248,2704200
2020-05-08,75.68077087402344,75.95836109993432,74.55358923745085,75.94994752463103,2249000
2020-05-11,74.76388549804688,75.8994807372898,74.26759364371038,74.6208868028324,3627800
2020-05-12,70.84397888183594,74.94050970867075,70.83556530884123,74.94050970867075,4440100
2020-05-13,69.68315887451172,71.26457708703234,69.44763014098993,70.28880785652585,3935500
2020-05-14,70.7262191772461,70.7262191772461,67.3951564145112,68.68215720719557,4389700
2020-05-15,70.05325317382812,70.64208120719518,68.97654712360462,69.9523159926661,4971900
2020-05-18,73.03945922851562,73.80492757733484,71.56739829387924,72.63569111980918,3123300
2020-05-19,71.23091888427734,73.25815354770529,71.1047409616995,72.59362889630174,3093100
2020-05-20,73.28340911865234,73.43482137289722,72.13099327147324,72.40858347386833,2519300
2020-05-21,72.67774963378906,73.57780945503076,72.29921584385916,72.74504538546675,3091900
2020-05-22,73.64511108398438,73.73764114550657,72.28240088330212,72.28240088330212,1276000
2020-05-26,75.72280883789062,76.2948098936416,74.71339823017767,75.85740034167962,2743400
2020-05-27,77.18646240234375,77.38834323993339,75.26857840105184,77.38834323993339,3045000
2020-05-28,78.27156829833984,78.51550412377962,76.74903267184264,78.22950685661577,2616900
2020-05-29,76.96774291992188,77.94351192157654,76.56397488738456,77.50609601818819,3769900
2020-06-01,78.81834411621094,79.5417574166861,77.00140370915618,77.35469678585068,2310600
2020-06-02,80.29882049560547,80.37452982393395,78.59123083346003,79.59223432548035,3143300
2020-06-03,81.8634033203125,82.19987564197761,80.3324603535282,80.59322335442269,2970000
2020-06-04,78.52393341064453,81.4260001931723,77.79211295251613,81.09794141863,3326300
2020-06-05,80.50910949707031,81.94752246174073,80.23151934134201,80.90446400656047,3612200
2020-06-08,82.24195861816406,82.41019804500472,80.19789611021505,80.5007206608503,3536700
2020-06-09,81.87181854248047,82.61205253091474,80.52593564638366,81.03064093021048,2888800
2020-06-10,81.09793853759766,82.05688052414322,80.38293241664483,81.0726978178035,2378700
2020-06-11,76.47148895263672,79.20531723428331,76.37895886661288,78.86884477762192,4992400
2020-06-12,79.4576416015625,80.01282194189585,76.82475781597667,78.72581472139844,4247000
2020-06-15,79.8892822265625,80.67641070766646,76.91004706316738,76.94390281537152,3647800
2020-06-16,82.01368713378906,83.20707177430505,80.78644028239351,82.94469775591088,3441600
2020-06-17,81.84441375732422,82.93623766642173,81.1334622578143,82.93623766642173,2713500
2020-06-18,80.48175811767578,81.1588603848395,80.02472151326494,80.82877480536177,2314000
2020-06-19,77.75642395019531,81.82748303568484,77.57022053585843,81.82748303568484,12157500
2020-06-22,78.34044647216797,78.4081580033772,76.10601760087953,77.71413095180014,3409900
2020-06-23,77.40095520019531,79.41533089684052,77.24014841590301,79.2291274501934,2397000
2020-06-24,76.00446319580078,77.51100937744917,74.42173992076123,76.19066023639876,4726100
2020-06-25,77.41787719726562,77.50251335651024,75.18344901511753,75.96211201188808,3009300
2020-06-26,76.02982330322266,77.63793615353863,75.46275393485953,76.99468972194724,4403200
2020-06-29,77.16395568847656,77.53636250621695,75.7251217319197,76.94390298465224,2249000
2020-06-30,78.99214172363281,79.76233923969282,77.05394314528033,77.05394314528033,5111900
2020-07-01,80.53254699707031,80.74414065367989,78.61973853326846,79.15295222328726,2624800
2020-07-02,80.87108612060547,82.25913978509521,80.4478988702775,81.78516567374689,2717900
2020-07-06,80.8795394897461,82.89391479136948,80.53252932685585,82.09832075074011,2510700
2020-07-07,80.26168823242188,81.05727580054392,79.48302531156862,79.55919591026488,2555100
2020-07-08,81.04884338378906,81.09962379963488,80.21939333345696,80.34635083039805,3082900
2020-07-09,81.73436737060547,81.97135114571878,79.88080555374637,81.25193426917518,2583200
2020-07-10,80.25325012207031,81.61591392817748,79.94008915325709,81.2011921263747,3033200
2020-07-13,79.19526672363281,81.62436401715023,79.17834207378365,80.81184522055713,4693900
2020-07-14,79.0344467163086,79.75387019106547,78.27271484921867,79.27989609069361,4206300
2020-07-15,79.33914184570312,80.16859167626549,78.43352141155408,80.07548996699855,3859600
2020-07-16,77.95109558105469,79.99086136746311,77.91723982382058,79.14448680858666,2902900
2020-07-17,80.69335174560547,81.22657187947318,78.28965096679012,78.56895613621361,3325100
2020-07-20,80.17706298828125,81.10807369050103,80.06703016543031,80.34633531329384,2385200
2020-07-21,82.8854751586914,84.22274874299107,82.15759239545622,83.4779348695449,3539900
2020-07-22,83.2663345336914,83.57949547428305,81.62437212750746,82.23376289983388,3412900
2020-07-23,83.7064208984375,85.15372019967519,82.86851213610485,82.89390233233864,3099300
2020-07-24,84.561279296875,84.75594181554824,82.91931070242696,83.46098986521548,3020600
2020-07-27,86.12706756591797,86.23709392198589,83.30017348846214,84.26503986421075,3130000
2020-07-28,86.7872543334961,87.3204680196051,85.61925968221288,85.99166012413347,3263300
2020-07-29,89.85955047607422,89.91033732086892,86.83799473236827,86.83799473236827,3888400
2020-07-30,89.03014373779297,90.33356136003424,88.302261085667,88.85240585166811,2758300
2020-07-31,89.22480010986328,89.36022313221693,87.26121148701114,88.85239971304097,3832100
2020-08-03,88.8524169921875,89.64800480259541,88.02296696228086,89.2756043333523,2062800
2020-08-04,89.36868286132812,89.6649191104944,88.09066197976718,88.60695095582962,2988300
2020-08-05,88.78469848632812,90.13889658010396,88.55617372396621,89.81727655074651,1550500
2020-08-06,88.76777648925781,89.56337077609297,88.50540239778091,88.51386795285883,1743200
2020-08-07,88.92855834960938,88.99626985167168,88.10757414474563,88.33609884987484,2014700
2020-08-10,87.79444885253906,89.41102114190578,87.79444885253906,89.1317159463002,2653600
2020-08-11,85.06909942626953,88.62386960223446,84.70515814742302,88.59847940141431,3576100
2020-08-12,87.07500457763672,87.24428334880899,85.45843267122186,86.4994696703007,2751400
2020-08-13,86.87187194824219,87.79442344504804,86.60949793835749,86.75338004330558,2104400
2020-08-14,86.60103607177734,87.89598798607418,86.35558669901212,86.61796072006383,2689800
2020-08-17,88.20067596435547,88.2091415164557,86.33018930430771,86.58410420872067,2087200
2020-08-18,87.7267074584961,88.2937767541981,87.16809725748274,88.09064870715879,1490600
2020-08-19,86.11013793945312,88.06526738269207,85.88161967067187,87.81135245531304,2827300
2020-08-20,86.91419219970703,87.54897302159839,85.69541095533182,85.93239476233269,1794500
2020-08-21,87.21044158935547,87.701340418543,86.20325372556138,87.63362889920832,1411000
2020-08-24,86.3302001953125,86.90573512157425,84.99292691703886,86.77877765335143,2015900
2020-08-25,86.31329345703125,86.83804163049845,85.44152210490803,86.76187100815376,3120900
2020-08-26,85.50921630859375,86.29634486667733,84.891366528086,86.08475123770137,2780100
2020-08-27,86.24556732177734,86.90573843290012,85.82238004979348,86.05089833544163,2035200
2020-08-28,86.74491119384766,86.8634030942806,85.67001853782757,86.8634030942806,1941800
2020-08-31,86.21171569824219,86.90574259927529,85.38226576416575,86.70261450703589,2630400
2020-09-01,85.9070053100586,86.23709082372802,85.28069003506074,86.11013336678029,1735600
2020-09-02,88.51383972167969,88.58155122605368,85.40764710342309,85.9154704715791,3236600
2020-09-03,86.00010681152344,88.5815514198401,85.15373237697037,88.31917095414799,2367900
2020-09-04,85.28071594238281,86.66876992341781,83.10553323794034,85.92395606029802,2042800
2020-09-08,83.62179565429688,84.85750153816487,83.20706753736167,84.6966883312992,2764300
2020-09-09,85.46690368652344,85.97472711784685,84.40893551404744,84.60359804168088,2999700
2020-09-10,84.64591217041016,85.99164447211568,84.48509895549262,85.28069302004289,1792100
2020-09-11,84.81519317626953,85.43304944114641,83.93496286632218,85.00139661109066,1830200
2020-09-14,86.28787994384766,87.04961830519106,85.27223310027321,85.41611521926998,1842800
2020-09-15,86.94805908203125,87.6674761474696,86.44022919365098,86.49947515298531,1524500
2020-09-16,86.85441589355469,87.89285662721672,86.794833547885,87.5608969164872,2363600
2020-09-17,86.0543212890625,86.9735975102797,85.09248995207905,85.87557421726858,2309000
2020-09-18,84.70945739746094,86.84592168804092,84.01148983759684,86.21605010816114,4555400
2020-09-21,82.18144989013672,83.75613194184324,81.61966784797696,83.51780252783223,4409500
2020-09-22,84.4285659790039,85.10950624150463,82.23251950801176,82.23251950801176,3161900
2020-09-23,81.11746978759766,84.58177269114668,80.73443482892192,84.23278571728584,2543300
2020-09-24,81.1685562133789,82.63258740964723,80.69189731003219,81.11748747201761,2235300
2020-09-25,83.13475799560547,83.15178523407272,80.65782730569745,80.87062232861688,1634700
2020-09-28,85.14356994628906,85.28826904820819,83.73061393262498,84.37750632731901,2298700
2020-09-29,84.78604125976562,85.50102935058032,84.26682093448862,84.76050689852055,1826400
2020-09-30,85.64576721191406,86.43736517921585,84.06257127731051,85.2967801592155,3645700
2020-10-01,86.95657348632812,87.13532055138703,84.74349974219402,85.9096189692807,3090400
2020-10-02,88.71000671386719,89.15261758661055,85.54361514412103,85.96920526921616,4631200
2020-10-05,89.53564453125,89.98676898418034,88.03756560752765,89.3739182202035,2747000
2020-10-06,88.93132019042969,89.94422032683595,88.13972225532783,89.61226053088907,2637000
2020-10-07,90.02083587646484,90.54856353873032,88.45466065137681,89.45054010499786,2056800
2020-10-08,90.94009399414062,92.87227678130428,89.75695397655156,90.08040662486418,2382500
2020-10-09,90.99967193603516,91.88489356742592,90.46342429137852,91.3741867819346,1918900
2020-10-12,92.1742935180664,92.65095229448922,90.34425501003057,91.75721708869644,1302900
2020-10-13,90.76134490966795,91.825320189227,90.3102204301733,91.15288703326692,2096800
2020-10-14,88.54827880859375,90.62516066008416,88.41209334786757,90.26766651993935,1668000
2020-10-15,89.3569107055664,90.13999502260744,87.73966683759707,87.87585230865231,1280500
2020-10-16,88.74405670166016,89.79100479633696,88.69298146958536,89.1526195943179,2167900
2020-10-19,87.6885757446289,89.57819670694813,87.58643828330732,89.47605924562654,1938900
2020-10-20,88.12266540527344,89.4419970185036,87.59493795517186,89.31431871819291,1780300
2020-10-21,87.3736572265625,88.9823874396636,87.05020456332109,87.59496591815027,1922200
2020-10-22,87.50132751464844,88.37804208518759,87.34811481826367,87.61197860326372,1639800
2020-10-23,87.87586212158203,88.6249050249962,87.56943666000188,88.28443156835257,1403200
2020-10-26,85.51806640625,86.93102200727537,85.03289400492355,86.7778093282255,1927400
2020-10-27,84.38600158691406,86.26710898450862,84.36898084085875,85.44997680007768,1797900
2020-10-28,82.99857330322266,84.38599452728184,82.45381855917556,82.93899095602966,2666800
2020-10-29,85.27123260498047,86.0543168295893,82.19847156673254,82.81983596942645,2234200
2020-10-30,84.43708038330078,85.44998698503959,83.40715303347793,84.66690269337116,2273800
2020-11-02,86.709716796875,87.05869725163149,85.42443306206512,85.7308584093574,1830200
2020-11-03,88.8547134399414,89.51012592559213,87.05020881650222,87.38217511709848,1521500
2020-11-04,90.0633544921875,91.61250184567702,88.76956373847715,89.20366736050644,1958800
2020-11-05,90.12296295166016,90.97414320562216,89.62076971893777,90.8209305001494,1594000
2020-11-06,89.28028869628906,90.56557258835832,88.948328945104,89.85909147932779,1765200
2020-11-09,84.78604125976562,95.6470999985275,84.52217753491564,94.95763977496976,5949600
2020-11-10,85.06694030761719,85.59466780748117,83.53481354739239,85.11800903496177,5771000
2020-11-11,86.83740997314453,87.09276665669583,84.82011685025215,85.8159962269198,3898000
2020-11-12,87.34810638427734,88.25886885429456,86.39478231060022,87.34810638427734,2968300
2020-11-13,88.12266540527344,88.50570030620547,87.33106773613295,87.81624008212304,2470300
2020-11-16,87.89285278320312,89.10152688192017,85.84150576888383,88.91426623400855,2061500
2020-11-17,88.69296264648438,88.83766819699731,86.25007994802574,87.35661016696172,1982600
2020-11-18,86.30965423583984,89.07598926587325,86.2841198746007,88.67593362249185,2012500
2020-11-19,85.1095199584961,86.47992081865611,84.8711905035101,85.98623466533337,2276200
2020-11-20,85.34783935546875,85.81599108258551,83.94339716209814,85.16058515861188,2530300
2020-11-23,84.74348449707031,85.86704191387962,84.68390215276938,85.08395781907069,2537800
2020-11-24,84.1051254272461,85.73939657875233,83.86679597644053,85.4414782712549,2746400
2020-11-25,84.27535247802734,84.71796331972307,83.84124876256402,84.4711202852043,2028700
2020-11-27,85.62873077392578,85.83301221303857,84.09661023959501,84.64987219994259,1273100
2020-11-30,85.16057586669922,85.97770802433547,84.34343721507385,85.51806996804211,3730200
2020-12-01,85.28825378417969,86.74377764672322,85.2371850500517,85.83300859484352,3645700
2020-12-02,83.00708770751953,85.2456957211955,82.95601897515834,84.96480470523025,2791500
2020-12-03,82.64959716796875,83.38161266875898,82.2154934421537,82.78578911880862,4348600
2020-12-04,83.9774398803711,84.05404297964267,82.77727270653418,83.08369809159937,3284300
2020-12-07,83.01558685302734,84.08807550353929,82.82832620836783,83.45820410294768,2264300
2020-12-08,82.48787689208984,83.59440726365054,82.12186914369917,83.17733078096941,2365500
2020-12-09,82.07929992675781,82.81131535567876,80.99830402255445,82.75173300653351,2919200
2020-12-10,82.71768188476562,83.31350535361902,81.74733709606794,82.02822808595116,3828000
2020-12-11,82.87943267822266,82.99859740721581,81.44944943631403,82.36021214732787,3177200
2020-12-14,82.45382690429688,84.48814702805056,82.24103185792941,83.33054145629247,2769800
2020-12-15,84.73499298095703,84.74350010743247,82.42828888413754,83.0326325513566,3010100
2020-12-16,84.99034118652344,85.65426069969894,84.30940092680041,84.59028545576653,2896500
2020-12-17,86.11190032958984,86.20607771497804,85.20437339147925,85.72662742611146,3842600
2020-12-18,83.96295166015625,86.26600606676716,83.10679838268675,86.01772083246927,7273900
2020-12-21,83.26091003417969,83.56056238858478,82.18215502638986,82.4561238264076,3483400
2020-12-22,83.60337829589844,83.9715245080768,83.05544065897232,83.81741663944558,2425000
2020-12-23,82.3533935546875,84.69068856296646,82.32770999906954,83.90302904166748,2218400
2020-12-24,83.25234985351562,83.4835149156987,82.48181053279146,82.75578587521044,714000
2020-12-28,84.09136962890625,84.32252812237483,83.28658351844032,83.80883750094303,1327200
2020-12-29,83.66331481933594,85.08452612663223,83.62906789806065,84.79343709369084,1512500
2020-12-30,84.60508728027344,85.0417273873586,83.81742764030496,83.88592148689337,1568000
2020-12-31,85.32425689697266,85.44411785873102,83.9544061364213,84.46810343759431,1569300
2021-01-04,82.2249755859375,85.52116496039348,82.18216530198482,85.23007593169851,4454200
2021-01-05,82.3533935546875,83.25235066097488,82.11367165967752,82.31914663655297,3844400
2021-01-06,80.40135955810547,82.49893253084895,79.95615618411442,82.26776748191055,4786400
2021-01-07,81.60852813720703,81.6427750512941,80.23012087187497,80.40135544231028,3187800
2021-01-08,82.70440673828125,83.56056003066911,81.46298707709134,81.5657212917419,2199700
2021-01-11,81.04347229003906,82.60167099201531,80.59826892837091,82.16503099205302,2268300
2021-01-12,81.08626556396484,81.30886721605417,79.69073825494968,80.91503754354554,2475000
2021-01-13,81.68560791015625,82.56744496292012,81.31746164685424,81.31746164685424,2621000
2021-01-14,81.76264190673828,82.30201614583191,80.87224167177554,82.08797781623312,3269700
2021-01-15,83.62905883789062,83.67186911782984,81.548605952318,81.5657261451347,2735200
2021-01-19,83.91156005859375,84.40812385030345,83.00403340768452,84.24545921678184,2540600
2021-01-20,85.90642547607422,86.65128125483616,83.14105376605862,83.67187120365202,2980100
2021-01-21,85.98347473144531,86.06908875361646,84.74205508013591,85.7009425795425,2376200
2021-01-22,86.65983581542969,87.1307161990143,85.62389113322618,85.69237843117573,3065200
2021-01-25,87.92694854736328,88.94577314858986,86.59135137945282,86.80538972210164,2965700
2021-01-26,90.7950668334961,91.56559963528352,88.18379646142864,88.20948001723066,4360400
2021-01-27,88.42351531982422,91.51422937914684,87.16496887331652,90.5125315456972,2884400
2021-01-28,88.52627563476562,89.73344870627473,87.03657033284247,88.2009331154041,2371600
2021-01-29,88.35501098632812,89.63068400581693,86.31736864435558,87.49885775377871,3090900
2021-02-01,90.67520141601562,90.7779356341602,87.54167712397698,89.04850879876815,2982300
2021-02-02,91.50566864013672,91.9851189627945,90.23856532695174,91.27451010730287,2148700
2021-02-03,90.78650665283205,91.60841312696172,89.57077040142762,91.505672368221,2440100
2021-02-04,91.10327911376952,91.92518552793892,90.78650002971122,91.30019072207564,2698000
2021-02-05,91.3515625,91.77963918750127,90.6238334376342,91.00054301285353,1704900
2021-02-08,91.67691040039062,91.71115732125376,90.67521245988952,91.39437820221885,1754000
2021-02-09,91.96797943115234,91.97654279248908,90.79505367332354,91.53990281134776,1328500
2021-02-10,92.0535888671875,93.39774912519732,91.85667728975902,92.78988113916031,1633500
2021-02-11,92.25907135009766,92.92686980597708,91.59982972329216,92.13921042375677,1372400
2021-02-12,92.18202209472656,92.26763611634478,91.39436264474912,91.78819236973784,1393000
2021-02-16,91.24884033203124,92.71286201289314,89.98173029555578,92.49882364086189,3141000
2021-02-17,90.6067123413086,91.57416329392558,89.81048944921312,91.41149206407786,2005700
2021-02-18,90.56388854980467,90.76080666876662,89.82759624192572,90.59813546318637,1947100
2021-02-19,90.1529541015625,91.24882938984038,90.05021334381196,90.99198076143,1999900
2021-02-22,89.6563720703125,89.98170796356115,88.61186402892059,89.46801730456234,2386200
2021-02-23,89.51084899902344,90.64097133200582,89.07420889502741,90.41836959813472,2213400
2021-02-24,88.38928985595703,89.48516534471706,88.14100454492029,89.4594817835638,3137100
2021-02-25,86.80538177490234,88.56905546664274,86.26600755230352,88.26083975889162,3636400
2021-02-26,84.819091796875,87.43036150137375,84.76772469840293,87.25912695324999,5937400
2021-03-01,85.12731170654297,86.55708596220857,85.02457097253335,85.70949613540321,3055100
2021-03-02,84.83623504638672,85.54684391741927,83.53488478655639,85.22150798544466,4855300
2021-03-03,82.284912109375,84.76775852659058,82.13080422052899,84.33111841953811,3362400
2021-03-04,81.88249969482422,83.86021169392184,81.38592922161828,82.55029821234127,3403500
2021-03-05,83.3636474609375,83.74035046349003,80.59826948466431,82.18215175075902,3552800
2021-03-08,82.14789581298828,83.9030124619544,82.12221226244553,83.33794822229217,3633200
2021-03-09,84.17699432373047,85.36704691827482,83.23522697629751,83.23522697629751,3361900
2021-03-10,83.66331481933594,84.80200045699276,83.56057405551009,84.45097441287038,2705900
2021-03-11,85.23860931396484,85.88072420501685,83.66329058324389,83.83451860808557,2354000
2021-03-12,86.71975708007812,86.71975708007812,84.43382963884639,84.80197577047001,2660600
2021-03-15,87.99545288085938,88.1923710536349,85.97493016269,86.67697574904155,2979200
2021-03-16,89.23685455322266,89.63068425746943,87.67009256559489,88.4834355260281,3374100
2021-03-17,87.41323852539062,88.54336046370152,86.22318612565152,88.54336046370152,4000200
2021-03-18,87.96460723876953,88.17997450620898,85.86262060536448,86.62071759314331,3069700
2021-03-19,86.47425079345703,88.65377275680103,86.41394822988539,88.11104311216981,4555300
2021-03-22,89.291259765625,89.33432927049343,86.18135626820454,86.70685286400047,2652100
2021-03-23,90.62652587890624,90.9538882681206,88.8605185729569,89.17925786036733,3609500
2021-03-24,89.43769836425781,90.68682560435782,89.19648813078906,89.971811433,2772700
2021-03-25,89.96321105957031,90.15273529775511,88.23165646909382,89.20512067931817,1745600
2021-03-26,91.98764038085938,92.14270503276276,89.66167717479428,90.45422691897352,2381800
2021-03-29,91.97903442382812,92.3839258710276,90.4456207857005,91.9445814505436,2928400
2021-03-30,91.9704132080078,92.20300689787966,91.11755434267816,91.72920298962649,2316900
2021-03-31,91.3156967163086,92.47006180302354,90.62651901775727,91.70335506394018,4922800
2021-04-01,93.46939086914062,93.56415298936916,91.19511312863057,92.00489612967893,2922400
2021-04-05,93.3573989868164,94.10687281918112,92.84051232278796,93.90012209706192,3862900
2021-04-06,94.17579650878906,94.227482548717,92.96973852140134,93.0645006429274,2952000
2021-04-07,94.44284057617188,94.57206223584242,93.6330642157106,94.16717076936848,3400500
2021-04-08,93.4177017211914,95.0372610969057,93.23679401745368,94.2705542023799,2039500
2021-04-09,94.33946990966795,94.70990183424064,93.3143197195162,93.5210704345724,2454000
2021-04-12,94.62374877929688,94.66682485691412,93.33154532061938,94.39977157864983,1725100
2021-04-13,95.4335479736328,95.51969357105548,94.4514737035412,94.9338943070984,2152400
2021-04-14,94.46868896484376,95.83842145146896,94.34807726419471,95.2956983747378,1904900
2021-04-15,96.7946548461914,96.91525997725306,94.77020406338612,95.31292715316351,2539600
2021-04-16,96.96692657470705,97.37181796460084,96.5878847698475,97.08753168159215,2373300
2021-04-19,96.69987487792967,97.3459764918134,95.35598562424693,96.48450767330178,2554000
2021-04-20,98.85355377197266,99.67194657725604,96.06239644694244,96.81187016457424,3351500
2021-04-21,98.81910705566406,99.80979770867609,98.68127543495515,99.09477686956868,2318600
2021-04-22,98.79325103759766,99.13783990275653,97.93178216094353,98.57788381843412,2088300
2021-04-23,98.9569320678711,99.40489299111547,98.32805689703328,99.14644969954138,1749800
2021-04-26,99.2584457397461,99.921773887688,98.8190947691692,99.2670622688712,1584400
2021-04-27,98.93970489501952,99.48243452511122,98.87078580350212,99.3445963420764,2366600
2021-04-28,99.15508270263672,99.75811495900464,98.93109891755796,99.07755364577504,2249500
2021-04-29,100.1629867553711,100.35251096618792,99.2929078929646,99.40489648458993,1751600
2021-04-30,100.386962890625,100.76601128348469,99.34458638274651,100.13713613828436,3323100
2021-05-03,99.93902587890624,100.73157582392568,99.6202799657521,100.65404019208287,2038000
2021-05-04,99.58580780029295,100.43005025042656,98.8277175018464,99.93039668958193,2704400
2021-05-05,97.35459899902344,99.49103811954312,96.88940501976046,99.42212560491912,2512000
2021-05-06,98.8276824951172,99.06889266043208,97.38041493074368,97.63024162267244,1866800
2021-05-07,99.94762420654295,99.99931681258523,98.97416666381864,98.97416666381864,2610100
2021-05-10,100.10269165039062,101.3173660524642,99.76671927800572,99.98208652043124,1900400
2021-05-11,98.94833374023438,99.5772024542658,97.62167063958894,99.48244690724349,1871900
2021-05-12,96.8032684326172,98.70711402646764,96.4845225545116,98.13854136376362,2086500
2021-05-13,97.7767333984375,98.67266196453131,96.5189894227155,97.12201510542911,2066000
2021-05-14,98.76740264892578,99.3101256455932,98.15576056847932,98.31943517684758,2148300
2021-05-17,98.3711395263672,99.13784635065691,98.0351671684194,98.85356002547452,1427300
2021-05-18,99.05169677734376,99.51688419844504,97.68195781192212,98.2677569254226,1667100
2021-05-19,99.37044525146484,99.4221378594117,97.84564805301004,98.36252812507166,2112100
2021-05-20,101.10198974609376,101.47242163275534,99.28428985718288,99.6030357134918,2464200
2021-05-21,101.2484359741211,101.65332739755657,100.76601550661633,100.98138272567894,2372200
2021-05-24,101.78255462646484,102.54926144258428,101.30874408954328,101.74809508082632,2280200
2021-05-25,101.80840301513672,102.19606142217614,100.57650212661788,101.98931070992089,2072100
2021-05-26,101.2312240600586,102.25636770106892,101.11061892582208,101.94623833517878,2231800
2021-05-27,100.6712646484375,101.9203920295218,100.54204298806994,101.3518259253858,3470100
2021-05-28,101.5154800415039,102.1874312250962,101.00721660527672,101.40349146381452,2870700
2021-06-01,103.22980499267578,103.47101519832825,101.231197695503,102.04959040360748,2547100
2021-06-02,104.8752212524414,104.96998335652351,103.3590407320996,103.5399484110329,3934300
2021-06-03,104.98722076416016,105.2370475423181,104.33250253769404,104.88384212656456,4006000
2021-06-04,105.4351806640625,105.72808351475275,104.64263083452504,105.40933764804288,2521400
2021-06-07,105.6850128173828,106.10713076965013,105.44380255894434,105.80561794660204,1688000
2021-06-08,106.5292510986328,107.2184222995294,105.74531121709754,106.06405708747226,2564200
2021-06-09,106.48616790771484,107.08919348976605,106.11573602945884,106.91690234417597,1538200
2021-06-10,108.78630065917967,108.82076020673485,106.32249887512272,106.43449404779864,2550900
2021-06-11,107.43380737304688,108.7001679627554,106.73601952667174,108.7001679627554,2385300
2021-06-14,108.68292236328124,108.69153232031184,107.19257823620433,107.62331269723984,1977900
2021-06-15,106.61369323730467,109.02059545043686,106.53577507904652,108.50978102059456,2666500
2021-06-16,105.12450408935548,107.548725277822,105.06389888991738,107.07253684975744,4271600
2021-06-17,106.15481567382812,106.3539442436115,104.8474671896858,104.89075945553734,3612600
2021-06-18,103.52281188964844,106.48382073810788,103.39294168987963,105.7825309070182,7018100
2021-06-21,106.1374740600586,106.38855461776038,103.46217904451277,103.8604427067556,2745100
2021-06-22,105.60935974121094,106.25004426696786,105.36693232088363,105.97299096349418,2078400
2021-06-23,104.86477661132812,105.82580669226776,104.78685186141512,105.56606633318664,2583600
2021-06-24,104.99463653564452,105.47948474871048,104.30200661129123,105.18511191161991,2340400
2021-06-25,105.6266860961914,105.69595108222366,104.40591548789544,104.80418585484456,2075800
2021-06-28,105.29766845703124,106.05090357740636,104.42321633007896,106.03359063673618,1447000
2021-06-29,105.15049743652344,106.23273807133934,105.00331429550192,105.1418442673852,1743800
2021-06-30,103.48817443847656,105.83447127480342,103.40159651126908,104.8388085982362,2910800
2021-07-01,103.87777709960938,104.88209286849887,103.15916780817544,103.4968263223727,3211500
2021-07-02,104.78685760498048,105.4448617067064,103.9643574319271,104.25007052148244,1789900
2021-07-06,106.09420013427734,106.2413832550852,104.11153477093109,104.98598693330008,2864500
2021-07-07,106.74354553222656,107.306311911969,105.47082965040852,106.18077915248412,2980300
2021-07-08,106.58770751953124,107.254364790064,106.05957360416662,106.18078401699074,1927000
2021-07-09,108.56171417236328,108.61365960532284,106.44052532386738,106.89939426293589,2311200
2021-07-12,110.31061553955078,110.66558699734534,108.94266192894202,108.95131509721293,2730500
2021-07-13,108.75218200683594,110.2067134778354,108.2586806116114,109.84308226145345,1811300
2021-07-14,109.28898620605467,110.00758893475658,108.42319373754762,108.63098208045706,2133000
2021-07-15,109.89503479003906,110.3106180680878,109.09850732970708,109.37556064658222,1426900
2021-07-16,110.19806671142578,111.47943589338796,109.8517483954592,110.05954334832262,2633100
2021-07-19,109.76516723632812,111.31494314088422,108.90803454878612,110.01624784287525,2878200
2021-07-20,110.81278228759766,111.57467732380574,109.9123572781848,110.71754458238756,2453100
2021-07-21,109.86904907226562,110.99457514898694,109.4707853892284,110.62228417922826,1863500
2021-07-22,110.10282135009766,110.27598379877114,109.35823933448168,109.6872446842253,1448900
2021-07-23,110.72618865966795,110.89934449615328,109.66992088288092,110.4924276198656,1496400
2021-07-26,110.80411529541016,110.87337366789976,109.9729487708162,110.336586602378,1874500
2021-07-27,111.85174560546876,111.99027558899684,110.12016044420676,110.47513196741944,1631900
2021-07-28,110.50108337402344,111.799778599945,110.10281965640884,111.799778599945,1914300
2021-07-29,110.72618865966795,111.19371073927267,110.26731974805728,110.7781340895192,1330200
2021-07-30,110.85606384277344,112.11147351337723,110.72620025454644,110.95996792429992,2156500
2021-08-02,111.21969604492188,112.20669883942205,110.86471799499324,111.44479731000315,2059100
2021-08-03,112.26730346679688,112.27595663520742,110.9253225502904,111.74783593233715,1888600
2021-08-04,111.6006317138672,112.70019172780924,111.2543200486766,112.33656051607618,1854300
2021-08-05,112.942626953125,113.0032387682894,111.52272780707972,112.16341900150616,1662100
2021-08-06,112.3019561767578,112.94263420135565,111.51408179472703,112.4751120425695,3207800
2021-08-09,112.56166076660156,112.70019071581112,111.79110608917004,112.35387905373028,1055600
2021-08-10,111.99024963378906,112.71751206233937,111.4707689214284,112.56166256425384,2259300
2021-08-11,111.6006317138672,112.82140213172028,111.19370824124948,112.6136204169832,2527300
2021-08-12,112.61363983154295,112.70021115729388,111.30628466653296,112.01624087679608,1422000
2021-08-13,114.26728057861328,114.3538651055107,112.46643074888745,112.83872836141362,1557600
2021-08-16,115.74778747558594,115.93826285948366,114.2932493813618,114.44043250329304,2972200
2021-08-17,116.08546447753906,116.18070218466234,115.17637967517066,115.44477324680562,2541600
2021-08-18,114.71751403808594,116.44044598599474,114.24999186916207,116.0421755961406,2719300
2021-08-19,115.2802505493164,115.45341959472704,114.1807037344304,114.3192204754382,1473800
2021-08-20,116.23263549804688,116.58761357038075,114.26728295294474,115.23697947275788,2488600
2021-08-23,115.48806762695312,116.62225375282668,115.26296632006732,116.14606520850492,1583500
2021-08-24,113.20236206054688,115.52267946936831,113.12444391120832,115.4880535844215,1986600
2021-08-25,113.01187896728516,113.69586234962463,112.2846165344465,113.01187896728516,2242200
2021-08-26,113.08980560302734,113.59196680939186,112.26730541763236,113.17639013241391,2526400
2021-08-27,113.6872100830078,113.91232458607566,113.0378657135952,113.80842050352705,1646100
2021-08-30,115.78241729736328,115.92094725599124,113.66122849828052,113.68720121415524,1491800
2021-08-31,116.58760833740234,116.90794729950164,114.95126122166064,115.74778864832894,2890900
2021-09-01,119.29754638671876,119.53998044815395,116.51835977540992,116.88199105114444,3575500
2021-09-02,119.8862762451172,120.04211253789236,118.509669481828,119.26290465212892,2758800
2021-09-03,120.33648681640624,120.63085305293548,118.27589673881512,119.51397349236396,2520000
2021-09-07,119.17632293701172,119.81701409239822,117.70447844533666,119.66117779594816,2737500
2021-09-08,119.9468994140625,120.86465065519064,118.50102737638714,118.80406006678136,2030700
2021-09-09,116.6395492553711,119.4793471748248,116.6135765411216,119.13303551086923,2566600
2021-09-10,115.69586181640624,117.17635966767438,115.6006241081826,116.99455063166744,1963500
2021-09-13,114.9599151611328,116.83868310581714,114.81273203672276,116.68284681324546,1713800
2021-09-14,114.7607879638672,115.73047124719336,114.04217866963658,115.36684001594604,1781400
2021-09-15,115.40148162841795,116.2759405471913,114.33656050527016,115.15906077454603,2223700
2021-09-16,115.33189392089844,116.32358412199198,114.49678009560094,115.40148784581356,2126400
2021-09-17,113.18321990966795,114.94912412283908,112.88745570938023,114.27929426738986,8745900
2021-09-20,112.26982879638672,113.3224186706944,111.08675860751715,112.18284634457348,2159500
2021-09-21,112.087158203125,113.81825901536608,112.05235460287888,112.76568239739672,1793900
2021-09-22,113.09622192382812,113.59207360878963,112.13062788746116,112.73086381191663,2840600
2021-09-23,112.07843017578124,113.23540410928396,112.06973591415138,112.9570417266275,2275200
2021-09-24,111.26072692871094,112.38290392548944,110.87796703115644,112.00014402793492,2092800
2021-09-27,109.77318572998048,111.80006360305384,109.68619002221472,110.7039827262441,2126900
2021-09-28,109.24256134033205,109.747107324427,107.78112214847054,108.95549138694956,3054100
2021-09-29,109.99068450927734,110.73880262051196,109.51223456482192,109.67751847960508,1608200
2021-09-30,109.11205291748048,111.06933680863104,109.05115990634052,110.65177999164244,3214000
2021-10-01,109.98197174072266,110.78228189159051,108.05078364509356,109.3556397489682,1708700
2021-10-04,110.32994079589844,110.66050197122708,108.9641915971381,109.46003667855192,2061900
2021-10-05,109.98197174072266,110.99975790890296,109.40783186933396,110.6517949538348,1924300
2021-10-06,111.1650390625,111.19983602083224,108.30305394887584,109.74709785387796,2242600
2021-10-07,112.54818725585938,114.02702144695756,112.06973738629412,112.06973738629412,2559200
2021-10-08,111.80875396728516,112.42639161405906,111.60867977481512,112.18281956922225,1403400
2021-10-11,112.16542053222656,112.3741889908322,110.72137674969176,111.34770867287116,1468600
2021-10-12,115.07959747314452,115.66244484995632,112.0784312456389,112.50468899584516,2700100
2021-10-13,116.4801254272461,116.7150031939057,114.6707370189704,114.8621036627642,2165400
2021-10-14,118.07208251953124,118.33305641033108,116.40186820156924,116.654147829693,1997400
2021-10-15,119.15945434570312,120.98625818000389,118.18516604670675,120.53390435246304,3509000
2021-10-18,121.60389709472656,122.49120305754062,118.53313646149954,119.0550842687276,2614700
2021-10-19,121.02105712890624,121.9257648484797,120.71659865060792,121.77788274067478,1843500
2021-10-20,124.76162719726562,124.78772325476662,121.04713348667474,121.73436506401792,2646500
2021-10-21,126.0838851928711,126.9624834355944,125.1182912425318,125.49234358318148,2939800
2021-10-22,125.26617431640624,126.90159806200408,124.99650620381968,126.05779013145045,2163100
2021-10-25,126.22308349609376,126.327467734955,124.5789653656164,125.4575636812912,1793600
2021-10-26,127.2061004638672,127.77154621592896,126.01433583551643,126.2144101053544,1776800
2021-10-27,125.14437866210938,127.78018648202656,124.77031307359783,127.74539616559036,2049800
2021-10-28,127.58883666992188,127.64973633015885,125.45757421424902,125.72724236973596,1895700
2021-10-29,126.10130310058594,127.53663954386708,125.80552562111016,126.9885957179641,3743200
2021-11-01,125.90122985839844,126.69284585796566,123.5263951333813,126.39708161868272,1915800
2021-11-02,127.9020004272461,128.0672843321885,125.5793580428317,126.27528398663397,1720100
2021-11-03,128.44129943847656,128.85015531399458,126.92767521936506,128.24122526758885,1739300
2021-11-04,128.6326904296875,129.5634940101208,127.85847645963544,128.43261624156546,1598800
2021-11-05,127.60623168945312,129.69399617313283,127.3800481333712,129.56351587053393,2048400
2021-11-08,128.80670166015625,128.99806834323908,126.88420783035096,128.0846796912105,1166900
2021-11-09,129.1372833251953,129.60703905370443,128.58054513585202,129.2590693893115,1761600
2021-11-10,129.41561889648438,130.16373685066665,128.62400308854055,128.62400308854055,1453400
2021-11-11,129.5373992919922,129.57218960928034,128.32823334259714,129.39821147547804,1291500
2021-11-12,129.45040893554688,130.416002882769,128.35433470100338,129.72007704513192,1690000
2021-11-15,130.6596221923828,130.70312006178284,128.85021966956702,129.48525936069825,1502100
2021-11-16,130.0245819091797,131.2946346086321,129.4765380152917,130.75529825190722,1318200
2021-11-17,130.816162109375,131.146716588974,127.049476359454,129.40690866422605,2039700
2021-11-18,130.99012756347656,131.98181745361134,130.05932404249825,130.92053366038363,1464400
2021-11-19,130.67697143554688,131.67735566095473,129.54609365442442,131.67735566095473,1979900
2021-11-22,131.26853942871094,132.75608146199042,130.00718098424068,130.86839092705353,1588500
2021-11-23,132.72994995117188,133.30408975971878,130.18112440493374,131.2424083151515,1908200
2021-11-24,134.40884399414062,134.72200992252593,131.99051226470752,132.82562583162823,1256100
2021-11-26,130.3812255859375,133.38239195720405,130.2855356077843,133.25189838316822,1767300
2021-11-29,133.33888244628906,133.99131043840242,130.87705256320615,131.56428414816054,3045500
2021-11-30,131.13804626464844,133.51288079877983,131.08585414116828,132.3037146013168,5225900
2021-12-01,131.9644317626953,136.31395168416637,130.5899818746687,132.41678555115908,3043300
2021-12-02,134.33056640625,135.4614441963237,131.92963628205854,131.92963628205854,2729700
2021-12-03,134.5393829345703,137.01860186990922,132.44291068646,134.61767112466134,2885200
2021-12-06,136.18348693847656,136.74022502101755,134.62635119561403,134.93951719664852,3254600
2021-12-07,138.57569885253906,138.73227518874052,136.11386913515386,137.12296088072077,2800200
2021-12-08,138.697509765625,140.1502479981836,137.81020388018624,138.5148240669206,2202800
2021-12-09,137.06210327148438,138.69752741080703,136.46186725125702,138.3756671052238,2165700
2021-12-10,138.38430786132812,138.96714185561183,136.6792904526024,137.44481009819512,2024800
2021-12-13,140.68128967285156,141.31011199184297,137.38870799236318,138.19220021630562,2550000
2021-12-14,138.62889099121094,140.48915825422412,137.24897599405332,140.2271467158974,3268800
2021-12-15,141.97384643554688,142.5153270758049,138.9520187849005,139.33628720048034,2979300
2021-12-16,142.5764923095703,143.2227856480398,141.3625184211261,141.77300004703156,3772300
2021-12-17,140.76861572265625,144.1747387840827,140.4367469064667,142.23587221911393,6983700
2021-12-20,140.95204162597656,141.81667571737094,139.04811685032067,139.81666716065504,2230800
2021-12-21,140.4280242919922,142.96078486857257,139.81667288608008,141.69441124351297,2185800
2021-12-22,141.7118377685547,141.93892061689618,140.18345292638384,140.87341697509473,2136800
2021-12-23,141.26641845703125,142.31445104458945,139.98257420617378,141.9389114756845,3047800
2021-12-27,144.8821563720703,144.94329816562006,142.01752741438318,142.01752741438318,1591000
2021-12-28,144.79481506347656,144.94329846913433,143.24897247781044,144.94329846913433,1749300
2021-12-29,146.44549560546875,147.21405927929888,144.5939703837448,144.9433235656954,1399600
2021-12-30,146.69876098632812,147.4585824117496,145.58085758916056,146.36687883432347,1504800
2021-12-31,147.0393829345703,148.41055580031073,146.36688974931738,146.79484238110754,2025800
2022-01-03,144.01754760742188,147.62454091757758,141.51972899429853,147.12673095725455,3437500
2022-01-04,140.6114044189453,144.39306677050558,139.82538326519906,143.37996277013093,4209300
2022-01-05,137.68563842773438,140.89962042270443,137.44109791280235,140.61140910300773,3818200
2022-01-06,136.7423858642578,137.5109358744496,135.6768824480716,137.4934648914016,3090400
2022-01-07,134.2620391845703,136.9781976143871,134.00002771894856,136.6812575056956,3449000
2022-01-10,133.64198303222656,133.91272337537708,130.84722466129688,133.0830313580406,4169500
2022-01-11,133.61578369140625,134.42800472376206,132.22712666845925,133.8341243981418,2656500
2022-01-12,133.83409118652344,135.37120458297375,133.62447936254827,133.62447936254827,2635800
2022-01-13,133.75547790527344,134.83845233526543,133.5371372535662,133.92141893280387,2108000
2022-01-14,133.39743041992188,133.76424117351246,131.53716350928732,133.40615924984382,2330300
2022-01-18,134.0,134.15721217743516,131.44105430947684,132.3755585673783,4121300
2022-01-19,134.13978576660156,139.04809363699894,134.06991514524285,136.02625256391175,4361800
2022-01-20,134.6201629638672,137.1179815039401,132.419284624879,132.74243797449313,3494800
2022-01-21,135.74676513671875,137.903972184226,135.17035585279527,137.2489501250993,4375000
2022-01-24,133.89524841308594,135.73804444970324,130.244598314584,135.73804444970324,5717800
2022-01-25,134.46295166015625,135.11797380452742,131.68565083826348,131.88652056446193,3755500
2022-01-26,132.506591796875,136.87340535905398,131.63322908443922,134.63759894745152,3698400
2022-01-27,129.7904510498047,134.62887527742683,128.89961722939077,132.62015142417044,4062400
2022-01-28,135.43238830566406,135.46731695724935,127.85159157149523,130.410551741683,3645200
2022-01-31,136.9607391357422,137.35374966859249,134.8733895788805,135.55462471599944,3260500
2022-02-01,134.0786590576172,137.554639225364,133.03935520679218,137.47603977272814,3349800
2022-02-02,137.40615844726562,137.95638122577446,135.12668121317435,135.12668121317435,2910600
2022-02-03,136.62890625,137.79920944079402,136.0524834868466,136.29702405428233,1968300
2022-02-04,134.05247497558594,136.05247013290744,133.2664403775843,135.39744796446948,1929800
2022-02-07,132.79483032226562,134.83849629009288,132.43674833838833,133.85159195819796,3816300
2022-02-08,132.043701171875,133.47601538466645,131.37120820003778,133.2664035511641,2459600
2022-02-09,135.69436645507812,135.86904966656897,133.36248950742174,133.36248950742174,2278900
2022-02-10,129.6332244873047,134.55026095467454,128.63759150148027,133.25768783700687,3093900
2022-02-11,127.78170776367188,131.0655603853441,126.78607471542114,130.4367381099796,4395500
2022-02-14,126.93455505371094,129.31884525993658,126.09613416974165,127.5459063912843,3180100
2022-02-15,127.17910766601562,128.8734339099451,126.82976781893076,127.99134213385626,3064100
2022-02-16,126.09613800048828,128.33194486094212,124.66382339760628,127.6245230540832,2245600
2022-02-17,125.1353988647461,125.80789183363828,124.192165607801,125.10919905148008,2703900
2022-02-18,124.49785614013672,125.97384124236278,123.97383318707112,124.98693712222072,2485200
2022-02-22,124.34066009521484,126.14852752460844,123.70310896968324,124.94328257167938,3244000
2022-02-23,122.93455505371094,125.89525470462308,122.77735613090891,125.04809163896309,2362800
2022-02-24,125.17908477783205,125.48475374499728,120.43671810719542,120.93454127227476,3439800
2022-02-25,129.65072631835938,129.70312596274414,125.46732368195713,125.63326477348284,2934600
2022-02-28,127.37995147705078,128.73365296211108,125.66815477044044,127.93890305598252,4213200
2022-03-01,127.3013687133789,128.98696600315486,126.69875951982726,128.14853177390827,3458300
2022-03-02,128.9432830810547,129.72057543892402,127.26642810654307,127.73803815425065,2816600
2022-03-03,130.63760375976562,131.42362491630985,128.64633772515927,130.00878150394698,2248600
2022-03-04,131.73802185058594,131.84283443290184,128.5939242367002,129.2838748818676,2780800
2022-03-07,130.05245971679688,132.0873966708036,129.72930641390877,131.51970284632714,2590700
2022-03-08,128.3756103515625,131.26643925806536,128.157269638667,129.52844238589176,3021400
2022-03-09,131.4236297607422,132.75114494156628,129.53717625020747,130.2882554610818,1895100
2022-03-10,131.94766235351562,132.34940180588882,129.06556225316066,130.122337176326,1988400
2022-03-11,129.10922241210938,133.23149583320847,128.97820999817336,132.9432845142995,1997400
2022-03-14,130.27951049804688,131.2664145994097,128.90833800839957,129.60701749724922,2391400
2022-03-15,132.61141967773438,133.49352473660076,130.54155386701515,132.24460885852213,2171300
2022-03-16,134.99569702148438,135.60704832809753,131.98258464164277,133.97385079830218,3752700
2022-03-17,137.52392578125,137.5765946156827,133.50337288218037,134.95181940876827,2218700
2022-03-18,140.59637451171875,140.83338422458277,137.17275353734135,137.17275353734135,6604900
2022-03-21,139.5078582763672,141.20211498735748,138.07695912710184,140.8509671067502,2702000
2022-03-22,139.2883758544922,141.14941247200122,138.31396239260545,140.58758933870112,3374100
2022-03-23,138.02427673339844,139.63953003565555,137.72581111039685,138.71778535763704,2477400
2022-03-24,136.8479461669922,138.61241868700233,135.28537526391793,138.26128427538174,2515600
2022-03-25,138.11204528808594,138.18227484624498,135.44337565771704,137.07617604888844,1896400
2022-03-28,140.76315307617188,141.34252348533235,137.90135553204053,138.2876114014265,2675600
2022-03-29,144.58180236816406,144.98561901069428,140.64904056554653,141.93069326699526,3299900
2022-03-30,144.09019470214844,144.18675866840803,142.26426640964232,143.73027324655192,2368900
2022-03-31,141.755126953125,145.3016462702508,141.68489738898273,144.74859682445532,3933500
2022-04-01,145.5474395751953,145.91613473195702,140.9913988464151,142.29939933188737,2867300
2022-04-04,143.77420043945312,146.10928349316077,142.36086210641128,145.83715227166124,2448100
2022-04-05,145.96881103515625,147.76840515519655,143.2738200863475,143.52839054278087,3289000
2022-04-06,149.33094787597656,149.8137676793919,143.97606168340195,144.84513732954957,3123000
2022-04-07,148.20729064941406,149.13780871226038,146.35502819406122,147.86492997733066,3142100
2022-04-08,148.04930114746094,148.69891454842832,146.49551729927626,147.6542715825821,1839600
2022-04-11,145.4859619140625,148.65499844846747,144.33598146495655,147.7683754704731,2455300
2022-04-12,145.13485717773438,146.42529699419225,144.26578136412394,145.3104243960108,3062200
2022-04-13,144.8451690673828,145.76691373134116,143.54595554390158,145.07340511768123,2556500
2022-04-14,142.8260955810547,146.0565883583175,142.65930205083995,145.68789321543602,2434100
2022-04-18,143.08944702148438,144.04629961807464,142.369604109975,142.7119782227063,2502200
2022-04-19,148.84812927246094,149.40995230416846,145.06460082823656,145.8546598620723,3839500
2022-04-20,151.57827758789062,152.8248223200918,148.90962089548765,148.90962089548765,4116400
2022-04-21,149.9191436767578,153.2198531317487,149.89280926209753,153.09695473169376,2620300
2022-04-22,148.11952209472656,150.9900933170879,148.03174519370262,150.21758157653355,3139800
2022-04-25,147.24171447753906,148.45315125157177,143.44941104675328,148.45315125157177,2558300
2022-04-26,145.398193359375,148.72523653031348,145.16117028228877,146.96076414402702,2605300
2022-04-27,147.18902587890625,149.46265289725892,145.02952358334028,145.7142451302193,2790900
2022-04-28,151.87672424316406,152.71946558518422,146.4164997464137,148.1634249248647,4046000
2022-04-29,140.71047973632812,149.46263965583498,140.14865663494692,149.46263965583498,9997100
2022-05-02,134.425048828125,141.71118628496444,131.30868156922145,141.28982243036842,5868000
2022-05-03,133.74916076660156,135.9964535183397,132.3182616838483,135.3117319266358,4047600
2022-05-04,133.67892456054688,134.17051815123136,128.82441776015645,133.86327885451394,5070200
2022-05-05,127.27062225341795,134.45143843875675,126.594687753582,133.5735889008619,5461500
2022-05-06,123.67141723632812,127.0862505759951,122.39852499869158,126.357634028596,6534300
2022-05-09,116.20091247558594,122.41608739018068,115.99023720741118,122.33708416461516,5611100
2022-05-10,110.0911102294922,118.80814943150745,109.06402121304323,117.68450313065208,11362600
2022-05-11,108.6250991821289,113.66395361902345,108.4319712135526,110.17889660388526,8548500
2022-05-12,108.79188537597656,108.8708886137071,105.71063185274656,108.30029181464892,8153100
2022-05-13,112.67198181152344,112.93532592952675,109.31859049647252,110.00331199312028,6521900
2022-05-16,109.95064544677734,112.80365620687336,109.71362903820555,111.87313791753692,3719300
2022-05-17,110.521240234375,111.00405338343064,108.17738395574986,110.9601649321307,3838000
2022-05-18,104.92935180664062,111.31132155257323,104.66600096973764,110.65293441412534,4898000
2022-05-19,105.0961456298828,106.43925432419444,103.7705909790926,104.06906329863982,5056100
2022-05-20,105.0961456298828,106.57093309171646,103.48089903003628,106.31635592716334,5146000
2022-05-23,105.76331329345705,107.25565480097004,103.7793714996484,106.843064454286,5979100
2022-05-24,105.41217041015624,105.63163278691084,102.15534954281333,104.6747733415815,5617300
2022-05-25,105.3682632446289,106.37779140211344,104.40263023647567,105.18391567286452,4249500
2022-05-26,107.41365051269533,108.30028026046402,105.11368272943382,105.88619446905776,5025600
2022-05-27,111.71512603759766,112.56663440228164,107.86136737904796,107.90525583431167,4177000
2022-05-31,111.9082489013672,112.8563212009342,109.9418613451356,110.9513895347033,14792700
2022-06-01,110.4861297607422,113.33036673521586,108.7040964899979,112.67197966292356,4044300
2022-06-02,113.71662139892578,113.76051655409208,110.13500043253296,110.9514007574192,3674200
2022-06-03,111.99602508544922,113.3566942983018,111.51320524928624,112.39105462597584,3217200
2022-06-06,112.25061798095705,113.663949514355,111.73268329325526,113.01434945707584,3212300
2022-06-07,113.8395004272461,113.99752027997432,110.42467359454754,111.59221486973198,3771100
2022-06-08,109.5292739868164,113.31280970710851,109.2483624280034,112.34717664228,3238700
2022-06-09,107.24686431884766,110.6792588389536,107.2117495376044,109.0727927587384,2841000
2022-06-10,102.9190444946289,106.01785128456584,102.82248054105084,105.34191030697772,5701500
2022-06-13,95.18521118164062,96.80923124019746,93.45584678347632,95.55390632407764,15213000
2022-06-14,97.14280700683594,97.8538627985088,94.28979677437452,95.87870186834316,6605100
2022-06-15,101.75814056396484,103.33195365027863,97.8678354840642,98.36296374973516,7486900
2022-06-16,98.84040832519533,100.75903703372848,97.38154059803335,97.62026796471218,5326600
2022-06-17,97.57604217529295,100.72365426300712,97.37268210703915,99.46814682865096,7180500
2022-06-21,99.34439849853516,99.98983269277622,98.47791715737944,98.66359028499473,3729800
2022-06-22,102.08529663085938,103.25238966279493,97.71753620658316,97.92973984556608,4252600
2022-06-23,104.54324340820312,104.99416761684591,102.0941192663908,102.85449861993894,3783700
2022-06-24,108.38933563232422,108.42470289546324,104.71122795887044,105.65728032458814,4716700
2022-06-27,106.28504943847656,108.5927114135069,105.9048597367692,108.10641990703816,3782100
2022-06-28,105.17985534667967,108.84028356027912,104.85271315045507,107.57593229597477,3369300
2022-06-29,104.60514831542967,105.01186180921025,103.11091991875308,104.64051558605632,2828300
2022-06-30,104.02159881591795,105.3566845310813,101.98802472648023,103.67677638053924,4525900
2022-07-01,106.12590789794922,106.43536308587515,103.66793991154148,104.23380275392526,2672700
2022-07-05,107.3637237548828,107.39024751874116,104.18074392516884,105.55119010757612,4218100
2022-07-06,107.39025115966795,109.24698889448337,106.78902109123456,107.55824399728832,2983600
2022-07-07,108.37165069580078,109.600634367967,107.32834008788824,107.4963328941434,3617400
2022-07-08,107.49635314941406,108.53966395391508,106.59450467240272,107.4698293846108,2098200
2022-07-11,107.67317962646484,108.45124601478004,106.53261055364356,107.19573163698502,2399400
2022-07-12,106.90396881103516,108.68112854605285,106.090535114957,106.99238361076064,2661700
2022-07-13,106.7713394165039,107.74391566990217,104.76428913193683,105.1975331026313,2728900
2022-07-14,104.44599151611328,105.4097310214598,103.57067355383126,104.40178749019768,3369900
2022-07-15,106.99237823486328,107.43445895689489,104.81734189194172,106.13474055482332,2726600
2022-07-18,105.39202117919922,109.88356207077624,105.22403512413102,109.07897881902907,4337300
2022-07-19,110.61743927001952,110.73237782980756,106.0109589366174,106.60334548767464,3884600
2022-07-20,110.14000701904295,112.66870966069254,109.63603519161587,110.61745507854506,3235600
2022-07-21,111.12142181396484,111.1391020765655,108.81375967159263,110.19304950542718,3093800
2022-07-22,112.20008087158205,113.01350772513744,111.41317778022274,112.03208805018532,2940600
2022-07-25,112.73943328857422,113.47328219736802,111.3601367794805,111.91716283443604,2436200
2022-07-26,112.81014251708984,113.84460966946688,112.06745022685476,113.07539361823991,3338300
2022-07-27,112.63333129882812,113.28761565610768,110.76775002145064,112.42997793434633,2087000
2022-07-28,117.06297302246094,117.29286363863976,113.5970616851982,114.08335319107648,2962300
2022-07-29,117.2044448852539,117.72609692614382,116.276072623066,116.4705892300476,3273700
2022-08-01,115.8074722290039,117.2309728172908,115.61295561510876,116.89500061339074,2615200
2022-08-02,114.38394927978516,116.3467885517504,114.3309017574993,115.17085233989869,2829200
2022-08-03,115.57758331298828,117.52273576249354,115.25044790078816,115.71905237981154,3589600
2022-08-04,115.6041030883789,115.9577622520034,113.93303858147344,115.33001521288509,2062600
2022-08-05,116.1699676513672,116.3291237213357,113.6324287102602,114.36628430286322,1687300
2022-08-08,116.01966857910156,118.47763637382708,115.13550711362524,117.27517624112994,2318800
2022-08-09,117.50507354736328,117.61118211548371,115.68370277425032,116.63859893992068,2458000
2022-08-10,118.84014129638672,119.79503726176104,117.52273590604726,119.5297861339516,2340300
2022-08-11,118.68098449707033,120.06912441241462,118.0885979602856,119.69777823224656,1800700
2022-08-12,121.3423080444336,121.50145061100451,119.36178177152934,119.88343372804268,2609000
2022-08-15,122.35026550292967,122.42983679536124,120.73224843398972,121.35115874940124,1973200
2022-08-16,121.22737884521484,122.7746614069152,121.17433131598244,121.99659500155124,1821700
2022-08-17,121.47496032714844,121.9789389093106,119.7773716930633,120.35207133014822,1453500
2022-08-18,120.80297088623048,122.21762096693212,120.61729106456194,122.15573668719708,1750600
2022-08-19,118.54839324951172,120.99752474794572,118.03557788395148,120.95331396809408,2493000
2022-08-22,115.77210998535156,117.61116754045092,115.5687566161111,117.23982132613769,2022100
2022-08-23,113.57937622070312,115.6483106012558,113.17265605187464,115.01171333166543,2103700
2022-08-24,115.9312515258789,116.38218252512492,114.1187312444433,114.26903708044736,2644000
2022-08-25,117.39894104003906,117.41662804429258,115.97544075033608,116.54130346536658,2572600
2022-08-26,113.4821319580078,117.43433487392488,113.41139742028362,117.41664786668544,1626000
2022-08-29,112.54490661621094,113.376013754059,112.04093488265872,112.71289944260042,2136000
2022-08-30,111.09488677978516,113.084250028643,110.7677446171066,112.8720531708708,2250000
2022-08-31,110.08692932128906,113.22569800209762,110.03387505435757,112.34153667021651,3730100
2022-09-01,109.9012680053711,110.01620656238708,107.43445681611531,109.11436487548428,3166500
2022-09-02,107.77043151855467,111.4220156386634,107.36371808775644,111.04182597032349,2297400
2022-09-06,109.45919799804688,109.81285720672224,107.71739873829092,108.49545844124056,2649300
2022-09-07,111.9613800048828,112.23547468551666,109.39731678369874,109.77750653821366,2452900
2022-09-08,113.09310150146484,113.25224409679636,110.56439905395992,110.84733046613306,3057300
2022-09-09,114.61384582519533,114.9232942183662,112.91625082199108,113.48212032013656,3516100
2022-09-12,115.1178207397461,115.5068539452921,114.32208081293534,114.58733195228338,2534100
2022-09-13,110.5909194946289,113.03120032164222,110.32566835248468,112.14703884198374,3304000
2022-09-14,107.73473358154295,110.1193480059748,106.89833689291218,109.3986204555297,4065800
2022-09-15,103.41038513183594,107.64574607630192,103.3481007115567,107.36990925350015,4861200
2022-09-16,101.14143371582033,103.06336448679176,99.57542359335348,103.06336448679176,9335500
2022-09-19,100.3673324584961,100.37622538370196,98.08948773467638,99.85125767986962,4493100
2022-09-20,98.70343017578124,99.73557285228236,97.79585632595284,99.65549580163216,5188300
2022-09-21,96.58576965332033,99.77118177308692,96.55017758418694,99.1661301748057,4640100
2022-09-22,96.5768585205078,97.68908509257672,95.66038491128178,96.09637582675497,4918400
2022-09-23,96.63024139404295,97.32426967571442,95.42013836346482,95.68707545110404,5598800
2022-09-26,92.67961120605467,95.50910884879256,91.46950825505763,95.32225561513016,7135400
2022-09-27,91.00682830810548,94.9752520055945,90.5708373813199,94.0765777997599,6329300
2022-09-28,92.47496032714844,92.82197445184248,89.72553289092822,91.64746354014918,7846600
2022-09-29,90.03697204589844,91.86991935415772,89.62767346194212,91.37164399777484,7320700
2022-09-30,90.40177917480467,92.3237100509013,90.09925678976688,90.96234574124584,18072100
2022-10-03,92.85758209228516,94.93077426396933,91.10471174920856,92.092369589333,4863700
2022-10-04,94.30792236328124,94.877381878028,93.10671891150272,94.19225323289275,5980500
2022-10-05,93.81854248046876,94.4858784557259,91.74535042143168,93.24908299132872,5311400
2022-10-06,90.68650817871094,94.29012514766168,90.35729344339188,94.21894101464956,5068300
2022-10-07,89.2984619140625,90.18824331472992,88.69341029006893,89.8056370409032,5762300
2022-10-10,87.99937438964844,90.00138237065842,87.93708996844562,89.60987641538767,4587900
2022-10-11,89.53868865966797,89.98357930412551,87.24305809352134,88.35528470466521,6385500
2022-10-12,89.3607177734375,90.72208179509434,88.55101369920223,89.30733307878153,5937100
2022-10-13,91.22037506103516,91.78094161958202,87.22525896107766,87.62566461553864,6307600
2022-10-14,88.55992126464844,92.54614400574556,88.44425215313922,92.54614400574556,4480000
2022-10-17,93.63168334960938,94.01428955630016,90.73099459163956,91.39833052504264,5103500
2022-10-18,94.183349609375,96.88828558639284,93.22238417244247,96.30992638147087,5311100
2022-10-19,90.7666015625,94.29013505491363,89.734451890852,93.16010888721304,5924500
2022-10-20,91.16697692871094,93.77403600161657,90.65090222616504,91.13138486765692,4282500
2022-10-21,91.71864318847656,92.06565729623256,89.54757499554867,91.1936687764281,3971600
2022-10-24,91.97669219970705,92.88426610694634,90.95344238288864,92.39488369370945,3377500
2022-10-25,96.38999938964844,96.6569296775625,92.50165308709116,92.51055279990253,7074100
2022-10-26,97.76026916503906,99.46864754949593,96.74591907498704,96.74591907498704,5076500
2022-10-27,98.77460479736328,99.1661038770229,97.09291901061152,98.48097539625012,4371100
2022-10-28,100.5274887084961,100.95457990735068,97.5289234492587,98.2407511653393,4179900
2022-10-31,98.54328155517578,99.78897676549056,98.29414387081135,98.97037957729528,5411300
2022-11-01,96.58576965332033,99.87795798048704,96.3366251693867,99.83346619694704,4599500
2022-11-02,94.97525024414062,99.10383476713228,94.9218655406038,95.82943944319142,5729100
2022-11-03,96.1052703857422,96.61244540386484,92.28810818050655,94.56594590562004,5625500
2022-11-04,95.7582550048828,97.73356356277527,94.15664613254644,96.80819709041626,3541000
2022-11-07,96.92385864257812,97.32425743518644,95.31335697158696,96.78149040347836,2963200
2022-11-08,97.65348052978516,99.1750054710289,96.381093222641,96.90606762748637,2438400
2022-11-09,96.79930114746094,99.51312983486912,96.67473231792704,97.6001056148161,4043600
2022-11-10,105.29669952392578,105.4479674808218,101.81765870816488,101.98671930137668,3705400
2022-11-11,103.33029174804688,106.25767280800618,103.17903056825524,105.73270514102622,3258300
2022-11-14,100.10039520263672,102.86761555976234,100.0025187175814,102.86761555976234,2967000
2022-11-15,100.32282257080078,102.01340807825088,98.97035823793549,101.56851751252672,3110000
2022-11-16,101.12364196777344,101.79987762890022,99.32628001371135,99.61990945994312,3512600
2022-11-17,99.93132019042967,100.99016194614713,98.2496343363441,99.48642960916914,3384300
2022-11-18,101.93334197998048,102.43162411645292,100.6253624030406,101.64861223992158,3336800
2022-11-21,102.28035736083984,102.86761627525638,100.8478089297853,102.01342704487168,2992000
2022-11-22,103.01888275146484,103.25022780129952,101.44397276213124,102.7697450617165,2306100
2022-11-23,102.79641723632812,103.21461547137945,101.6130066538407,103.04555487716937,1585300
2022-11-25,103.56163787841795,104.05102027533232,102.55618752206642,103.31250021762231,1341300
2022-11-28,99.1750030517578,103.9709227566578,98.69452043121886,102.8231042945633,3910600
2022-11-29,101.26600646972656,101.54184328587542,98.99706825271387,99.29959063291858,2635100
2022-11-30,104.80733489990234,104.83402725140856,100.09149153035824,100.77662689864847,8839700
2022-12-01,104.19338989257812,106.31996667732248,102.9832867696492,105.9284675176638,2784300
2022-12-02,104.051025390625,105.01198401686564,102.16468662709258,102.82312287563524,3014000
2022-12-05,101.66641998291016,103.42818327222244,101.20372987466136,103.21463764683465,3170000
2022-12-06,101.96893310546876,103.32140444964244,101.44396540990262,102.2091778520948,3256000
2022-12-07,103.21463012695312,104.2378799729792,100.79442392057612,101.23041485395515,3381700
2022-12-08,104.63827514648438,105.5725481878115,103.0989573634122,103.35699474424058,4759700
2022-12-09,103.49934387207033,105.04756118389484,103.38367476556044,104.15778002722696,2515900
2022-12-12,105.02088165283205,105.31451109960696,102.645167303818,103.5705406343106,2467900
2022-12-13,107.7436065673828,109.32742286918788,105.51915347823716,109.2295463901861,3754500
2022-12-14,108.17961120605467,110.09264234324122,107.51227523646584,108.10842707339368,4141400
2022-12-15,105.51917266845705,107.5656725980541,104.91412783512548,106.569114989021,4284500
2022-12-16,100.53878784179688,103.74556841392868,99.41014989796544,103.2349921534286,13002600
2022-12-19,100.3865203857422,101.470375102356,99.54451472406792,100.3059063121016,3339900
2022-12-20,100.48504638671876,101.44349681171154,98.6398070421948,99.79532319019836,2738400
2022-12-21,102.06157684326172,103.6022652142978,100.6642046652891,100.82543965374678,3482500
2022-12-22,101.4614028930664,101.52410499820844,99.40118598553023,101.33599868278232,2467600
2022-12-23,101.77494049072266,102.2317672758759,100.44922978893764,100.8433612904988,1521900
2022-12-27,101.47933197021484,101.9361655448446,100.5387934637449,101.56890543892207,1683300
2022-12-28,98.9354019165039,102.07052112225664,98.72042422734864,101.66743710083828,2623600
2022-12-29,102.08843231201172,102.23174848276764,99.56242244203324,100.39546861372918,3043100
2022-12-30,100.97772216796876,102.04365813825498,99.74158497735888,101.30914470885672,2138400
2023-01-03,100.9418716430664,103.93366749295085,99.58928988324804,102.0973876960748,2170100
2023-01-04,104.76673126220705,105.69831041133828,102.19593091314243,102.67963586561548,3059500
2023-01-05,101.08519744873048,104.04116966475888,100.70002539432696,103.61120746034813,3079500
2023-01-06,104.48905181884766,105.06233024588798,101.00459110317344,101.57786953021376,3995900
2023-01-09,103.96056365966795,106.22680616084662,103.96056365966795,105.25044362372977,2504400
2023-01-10,103.95160675048828,104.05013962329208,102.38404701735996,103.54851586155873,3097800
2023-01-11,108.3407745361328,108.39452409137768,105.0712980931818,105.11608141619764,3084500
2023-01-12,109.3887939453125,109.89041084810611,107.70478262761776,108.63636175710432,2608500
2023-01-13,109.19173431396484,109.73814139963436,107.6331339688512,107.84811167720731,2283300
2023-01-17,108.76177215576172,110.20392766716311,108.29598598159085,109.6396086194914,3057000
2023-01-18,109.863525390625,112.27308356146402,108.73488067016989,109.72020238878191,4245300
2023-01-19,108.64532470703124,111.6639992878072,108.60053455323816,110.16809425974456,3875800
2023-01-20,110.01580810546876,110.1501717199259,107.12253803235866,108.51991005508866,3281100
2023-01-23,112.927001953125,113.23155996669384,109.32609634622388,110.33828959087091,3011200
2023-01-24,113.22259521484376,113.75108347225532,109.16485619648576,113.22259521484376,2142800
2023-01-25,112.58660125732422,113.0882180972464,111.41316638676784,111.9595733734046,2436800
2023-01-26,114.70954132080078,114.77225027131873,112.84638978737058,113.4823703501594,2071900
2023-01-27,116.30397033691406,117.27138026040112,114.31541460621472,114.62892518308053,2824100
2023-01-30,114.46769714355467,116.68915634335644,114.44082578305208,115.01409741981762,2538100
2023-01-31,115.80236053466795,116.20544461056438,113.72422436792029,113.89441876326336,4350100
2023-02-01,117.2534408569336,118.19397925624205,114.29747572228116,115.62318614376146,2845600
2023-02-02,120.4691925048828,122.42191721743608,118.03275606138028,118.74935742735764,3111700
2023-02-03,117.89839935302734,118.97330836124536,116.40250117383476,118.19399796348372,3303400
2023-02-06,117.7371826171875,118.005909895295,115.78444381977428,116.03525230119804,2539700
2023-02-07,116.68914031982422,117.85361589783597,115.22906614883784,116.50999338506124,3638600
2023-02-08,116.26814270019533,117.477394814897,115.74860699854705,115.97254409401428,1980000
2023-02-09,114.69161987304688,117.43262147614467,114.27958326044904,116.5995683513113,2467300
2023-02-10,114.73641204833984,114.99618674471752,112.6403640220163,113.92128453833116,2303600
2023-02-13,115.81130981445312,116.25918403453352,114.8439135269516,114.94244640209074,1755600
2023-02-14,114.41395568847656,116.66228627365749,113.64361145345867,115.22908324682147,1859100
2023-02-15,114.23477935791016,114.26165071340915,113.18675548934628,113.41965196036618,1733800
2023-02-16,112.67618560791016,113.87648511489144,111.2340302197196,112.0043743463562,1782200
2023-02-17,112.25518035888672,112.7120139203724,110.60700671323887,112.53286015409496,2623200
2023-02-21,110.60700988769533,111.65503382293156,109.86353711284528,111.1175861767092,2448600
2023-02-22,110.08747100830078,111.70877329701416,109.4335717211192,111.28777048891308,2526300
2023-02-23,111.0817642211914,111.7535755406878,109.55898779658864,110.83990831912251,1844100
2023-02-24,108.72592163085938,110.2845285279418,108.26909493752336,110.26660973564417,2517900
2023-02-27,110.09642791748048,110.7413609592569,108.7438460576364,110.5353426752778,2439300
2023-02-28,110.5353546142578,112.3626821817047,109.55003273493338,110.05164965516737,5780900
2023-03-01,108.50201416015624,109.81876555849476,108.2512056717144,109.0573806945766,3757800
2023-03-02,111.62816619873048,111.74461102853382,107.5345963526491,107.74061465414871,2591400
2023-03-03,113.71525573730467,113.99294238621694,112.34476178970388,112.77472402523446,2529400
2023-03-06,113.9033660888672,114.51246842023444,113.3211282811581,114.21687665178202,1961600
2023-03-07,110.91156005859376,113.88544429744503,110.71449432879956,113.58984570275372,2242200
2023-03-08,112.02229309082033,112.74785394437298,110.42786202694415,110.42786202694415,2018700
2023-03-09,108.65428161621094,112.47016480816568,108.30494029348294,112.15665424084798,2491300
2023-03-10,104.78466033935548,109.11112030976388,104.29199594108049,108.38556622686669,3717100
2023-03-13,106.02975463867188,108.2332951750053,104.30095972389556,104.55176821573562,3314600
2023-03-14,107.3375244140625,108.7796797773238,106.1013873404,108.51991194059788,4342500
2023-03-15,107.49877166748048,108.64532857157997,105.68040343669598,105.92225250733458,4416000
2023-03-16,108.35594177246094,109.69133324933074,105.48666779693092,106.08217528191484,4409600
2023-03-17,104.69264221191406,108.1935296311187,104.6294822267182,107.1739381622001,6508900
2023-03-20,107.10175323486328,107.18296286369366,104.21442979497816,105.5949315297958,3851100
2023-03-21,106.79498291015624,108.74392459831311,105.97389618286664,108.38301431511834,4078800
2023-03-22,102.9692840576172,106.903266975017,102.8880744199494,106.26263534827798,3472200
2023-03-23,102.99635314941406,106.00097899255736,102.65347871590136,103.57381790868256,4007100
2023-03-24,105.59493255615234,105.65809254189116,102.16623679845296,102.1842795584117,3721400
2023-03-27,105.62199401855467,106.94836052614544,105.26108376891295,105.8746339468726,3087500
2023-03-28,105.2520751953125,105.7122447837406,104.33173601845633,104.78288078407368,1853300
2023-03-29,108.16647338867188,108.26572579411844,106.56039902260666,106.90327347193964,2591100
2023-03-30,110.00713348388672,110.32293343008128,108.83416127174652,109.17702880134026,3384600
2023-03-31,112.57865142822266,112.68692864022368,110.70189460766026,110.95453455174044,5305300
2023-04-03,111.6763687133789,114.02232692739258,110.8552888456122,111.84780592173658,2966400
2023-04-04,111.95606994628906,112.40721464444408,110.9364785227488,111.67635555236616,2822100
2023-04-05,110.32292175292967,112.2087101759,110.22367625227822,111.6673379134506,2546700
2023-04-06,110.75601959228516,110.78308717181712,109.31235798456716,110.32291766800898,2104800
2023-04-10,111.64929962158205,111.72148443295994,108.92438838932948,110.02518266911392,2936700
2023-04-11,110.683837890625,112.26284432414452,110.56654274806108,111.82072445025716,2553600
2023-04-12,110.81017303466795,112.47941414305537,110.6928778760356,112.22676729658744,2576300
2023-04-13,110.00713348388672,111.19815534090807,108.68076682594696,110.90942297811269,2608800
2023-04-14,108.05818176269533,111.10791749292504,107.30927989960536,110.29585564643726,2957500
2023-04-17,111.10791778564452,111.24326257440272,108.01306482315344,108.27472957904008,4269800
2023-04-18,111.62222290039062,112.87640463873824,110.45826872691772,111.89291247893668,3968800
2023-04-19,112.93054962158205,113.15612198159582,110.75602876676656,111.79366299961438,2855800
2023-04-20,111.2071762084961,112.7410655405616,110.972579020842,112.4252656055978,2285900
2023-04-21,111.50492095947266,112.73203504197122,111.19813899688724,112.0102007991174,2703900
2023-04-24,111.1530532836914,112.2357980039188,109.88984652081076,111.91097321106596,2281900
2023-04-25,108.85220336914062,111.1259767357257,108.61760617457368,110.63873958574318,3146700
2023-04-26,107.43560791015624,109.4116240705681,106.81302596724898,108.82513453286496,2321200
2023-04-27,110.24171447753906,110.88233909821548,107.71530151144704,108.45517851261488,3347100
2023-04-28,113.0117416381836,113.43581873617744,110.40412595469093,110.71090103090349,3621000
2023-05-01,110.44023895263672,113.1922178664526,110.1785741649892,112.7952151575415,1787500
2023-05-02,110.51242065429688,111.38763568415176,109.41162636620244,110.5394882377873,2426200
2023-05-03,112.02825927734376,113.8959981278264,110.35000038167271,111.37860978431986,3323200
2023-05-04,112.67790222167967,112.8312966574882,110.46729585837844,112.0011851450868,2740400
2023-05-05,114.81632232666016,114.99677744708237,113.5440910107425,113.74259577355988,1994000
2023-05-08,114.92462158203124,115.34869188478996,114.02233203893776,114.37422441003038,2002100
2023-05-09,113.61628723144533,114.66294631006852,112.78618257979932,114.52760151418832,2745000
2023-05-10,115.56522369384766,116.43141377554848,113.96816766041763,114.92459906981196,2377100
2023-05-11,113.45386505126952,114.69000398375933,112.62376047134086,114.61781918100334,2373600
2023-05-12,112.9395751953125,113.88698192499264,112.09142774538516,113.55313233138897,1427500
2023-05-15,113.03882598876952,113.67043276091051,112.31699852850872,113.19221354963368,1510500
2023-05-16,109.40259552001952,112.849340934448,109.20409074012268,112.849340934448,3417400
2023-05-17,110.71089935302734,110.83721931001472,109.1770102273684,110.13343472567894,2684100
2023-05-18,110.13345336914062,111.45079520352472,109.24921352054427,109.9529982240172,2129100
2023-05-19,111.03573608398438,112.2267578672869,110.29585901987102,111.22521603997318,2135500
2023-05-22,112.0914077758789,113.4087493866638,110.52141936731272,111.38761630794164,2130800
2023-05-23,111.46883392333984,112.7952004501598,110.7109072434762,111.57711113015516,4400700
2023-05-24,109.19506072998048,111.42371666106008,108.57248572179228,111.42371666106008,2359800
2023-05-25,110.06127166748048,111.30642864755018,109.09582221793777,110.07931442780512,2709800
2023-05-26,112.74105834960938,113.08393272906252,110.14246734260992,110.52142724039534,2378200
2023-05-30,112.16360473632812,114.07646094079772,111.96509994632665,113.40876864309294,2723100
2023-05-31,112.3801498413086,113.8508791154292,111.3695832142547,112.16359542441865,14817700
2023-06-01,110.65679168701172,112.03729361986096,109.76352694527218,111.42373644038096,3082900
2023-06-02,112.7139892578125,113.06588157017018,110.91843529425384,111.88388466886217,3084500
2023-06-05,112.45233917236328,113.29146869216402,111.4507972653778,112.89446598876336,1977500
2023-06-06,113.53509521484376,114.71709231713932,112.380165697498,113.18320284265006,2255700
2023-06-07,115.54717254638672,115.9622317073506,113.28243122278052,114.07644337661108,2952000
2023-06-08,112.70498657226562,115.20432549876604,112.43429696431824,115.20432549876604,2749500
2023-06-09,109.45672607421876,113.02979131011509,109.24920336500986,112.87640376262644,3312600
2023-06-12,107.9318618774414,109.41161596152732,106.85813527494516,109.17701878704877,4551200
2023-06-13,109.49282836914062,109.57403800298005,107.37244944182191,107.88675417639644,2751600
2023-06-14,110.32292175292967,111.53199312685778,109.32138685355528,109.7905743119656,2895300
2023-06-15,110.61373901367188,110.93180210505663,108.7507871547312,109.48688394708498,2686600
2023-06-16,111.44070434570312,113.06737781282872,111.24078392397868,111.68607225708956,5837200
2023-06-20,109.81403350830078,110.85002136648336,108.55086366241169,110.71370662725496,3971900
2023-06-21,109.6777114868164,110.09573821521494,108.75077692680922,109.4505225953006,2697000
2023-06-22,107.83293914794922,110.12300013124909,106.9241835789286,109.84128812349422,2707700
2023-06-23,106.23353576660156,109.3233063311126,106.11539309604704,107.63302028503466,4297200
2023-06-26,108.15100860595705,108.26914434094395,106.03360634094544,106.04269583848448,2828900
2023-06-27,109.84129333496094,110.50468104919804,108.18735839820197,108.80531249178526,3670000
2023-06-28,109.59591674804688,110.01394346449712,108.12373721038608,109.67770835194722,3295000
2023-06-29,110.41381072998048,110.71370175643824,108.84166041545622,109.2687766773951,2925100
2023-06-30,111.44070434570312,111.66789326122476,108.96889476876228,111.36800916201037,6598700
2023-07-03,112.54937744140624,113.33090779656828,110.45924376280824,110.53193894009284,1481700
2023-07-05,112.67659759521484,114.4486750602424,110.95905017726425,112.00412043613876,4228600
2023-07-06,111.76785278320312,111.90416751409904,108.89618860307048,110.59555719070656,2740800
2023-07-07,110.85909271240234,111.34982156400932,109.986688176186,110.72277798696902,2517800
2023-07-10,110.6955108642578,111.24076973858286,109.8412853654408,110.46832197770723,1989700
2023-07-11,111.97686004638672,112.17678737682542,109.30511650916893,111.06810449585056,2356900
2023-07-12,113.81253814697266,115.34833717772838,113.45812405268354,113.90341231133448,3743600
2023-07-13,115.36650848388672,115.59369735993477,112.67659302346858,113.90341156747708,2831500
2023-07-14,116.09353637695312,116.2025895528878,114.3305481655811,114.92124073536348,2655400
2023-07-17,116.30254364013672,116.99319983092477,115.51192377963244,116.15713941754768,2811600
2023-07-18,112.6856918334961,117.91103641448484,109.92307404042624,117.91103641448484,6395000
2023-07-19,111.57701873779295,114.86671672037964,111.4134424417913,113.97613312364712,3594100
2023-07-20,112.46759796142578,113.07646256549135,111.14081558244868,112.7674820480555,2709300
2023-07-21,113.99431610107422,115.56645956392782,112.54939094704828,112.758407806617,3304800
2023-07-24,115.42105102539062,115.80272671449433,113.87616234104634,113.93069239181474,1952700
2023-07-25,115.50284576416016,116.911412910924,115.08481898254443,115.08481898254443,2817700
2023-07-26,117.48392486572266,117.63841165638064,115.63006257806148,115.84816891773112,2778900
2023-07-27,113.5399398803711,118.37451301523409,113.4763272584191,118.13824152413,2980000
2023-07-28,112.36763763427734,115.2756529442134,112.11318716131488,114.60317570377607,2318500
2023-07-31,113.36726379394533,114.18514524003162,112.14044509144342,112.74930969393068,2673600
2023-08-01,112.84927368164062,113.32182355555533,111.81329282479425,113.14916470158435,2279200
2023-08-02,112.3948974609375,112.93105995880232,110.83183665598432,112.19497011147764,2096800
2023-08-03,112.5130386352539,112.69479393138998,109.57776166852658,111.17716667499022,2718200
2023-08-04,111.0862808227539,113.80346501516009,110.54102885814147,112.18587424914452,2045100
2023-08-07,113.07645416259766,113.24003044008334,110.97723104591032,111.2225919955115,1518100
2023-08-08,112.15861511230467,112.55846979717192,110.95905799095804,112.14953254819774,1369500
2023-08-09,111.41343688964844,112.71295769499748,111.18624798614864,111.89507625574718,2190800
2023-08-10,111.01359558105467,113.36726943003627,110.37746245435967,111.88600018916692,1590600
2023-08-11,112.24040985107422,112.58573449465143,110.25932229948862,110.64099800027216,1715900
2023-08-14,112.2131576538086,112.78567125275066,111.64972661998446,112.17680659356938,1499400
2023-08-15,111.49523162841795,111.94051995045956,110.70461172608444,111.10446642610444,1458900
2023-08-16,110.73186492919922,111.7133226097673,110.42289136305082,111.53157426888646,1348700
2023-08-17,109.23242950439452,111.858732853915,109.1597343195738,110.89545405579838,1736700
2023-08-18,110.38655853271484,110.71371114691613,107.97835448555496,108.35094765910593,1886800
2023-08-21,109.17790985107422,110.38655660278349,108.34185626640176,109.87765562659256,1743000
2023-08-22,109.97760772705078,110.38655193699547,108.83258057901888,109.84129992365808,1468700
2023-08-23,111.84053802490234,112.12225000853364,110.49557684729152,110.85908043042316,2167700
2023-08-24,110.63191223144533,113.83981860553033,110.55921704783776,112.0041352208993,1887000
2023-08-25,111.46796417236328,112.14044136870768,110.3411022470506,110.9408842653546,2559800
2023-08-28,112.6856918334961,113.52174530247312,112.24040354094927,112.34944977318246,2106400
2023-08-29,113.68534088134766,113.91252981473694,111.55885579278682,112.65844939840024,1833500
2023-08-30,114.23057556152344,114.46685395762444,113.32181996617877,114.03973771849164,1849300
2023-08-31,112.8674545288086,114.42143286829108,112.58574248204258,113.9216144628136,3277600
2023-09-01,113.22186279296876,114.11244637814252,112.7311408445882,113.9579595820503,1591000
2023-09-05,110.91363525390624,113.1400839314641,110.740969453361,112.91289500790695,2854100
2023-09-06,110.30474853515624,111.2589446564783,108.69625422769728,110.83182842947234,2786400
2023-09-07,112.05865478515624,112.24949263592288,109.70498102577923,109.98669305311256,2531900
2023-09-08,111.30438995361328,112.47667858703896,110.75004847789786,112.3131023002171,1758000
2023-09-11,111.01359558105467,111.5861091551502,109.97760774233744,111.5861091551502,1992800
2023-09-12,110.85001373291016,111.38617622149584,110.159357519435,110.66825844870344,2275300
2023-09-13,110.1775360107422,111.08629168504154,109.91399603320473,110.75913908763332,1864700
2023-09-14,112.98558807373048,113.0128496330519,111.0226726035251,111.47705041422948,3375500
2023-09-15,112.72935485839844,112.83917651913812,111.53049806930534,112.29007519755308,4818500
2023-09-18,112.3175277709961,113.35165548565774,111.64945826824498,112.646978765293,1654500
2023-09-19,111.25592803955078,112.88491065530356,110.9813774265558,112.34496996042216,1834000
2023-09-20,110.65193176269533,112.6469726484588,110.61532454706948,112.06127116267068,2497800
2023-09-21,104.83152770996094,110.5146675943709,104.7308596023663,109.58120095705922,3722800
2023-09-22,104.39224243164062,106.13104685384349,104.00787712270152,104.8315220576516,3612300
2023-09-25,103.6418228149414,104.2366779405448,102.85478501468712,103.82485193876698,3221000
2023-09-26,102.040283203125,103.46792977420203,101.5827034578195,102.58937750106904,3179200
2023-09-27,101.81148529052734,103.0835563234535,101.43626657759332,102.61682306510772,3226600
2023-09-28,102.61683654785156,103.55945673756804,101.84810588685542,102.50702187177392,2177000
2023-09-29,102.69004821777344,104.44715280876986,101.99452503221164,104.36479180393236,3414600
2023-10-02,100.20996856689452,103.13847627098136,99.55105258794671,102.20501662221405,3570000
2023-10-03,98.379638671875,99.86219946123488,97.85799807634118,99.68831693535282,2466300
2023-10-04,99.22158813476562,99.33140978480706,97.34551540915156,99.12092003442248,2700300
2023-10-05,99.77984619140624,100.15506496423224,98.50777495543367,99.066022848298,3377100
2023-10-06,99.67001342773438,100.43874397095016,97.87629486267332,98.84636857278024,2217300
2023-10-09,100.17335510253906,100.72244939005802,98.58097957410028,98.76400867590236,1818300
2023-10-10,100.96954345703124,101.93045668705489,99.47782908996064,100.0452304606264,2430400
2023-10-11,102.86392211914062,103.05610476306444,101.69251915687398,101.89384836804724,3561700
2023-10-12,100.34722900390624,102.85476378985884,100.22825381406886,102.5161523003316,2314500
2023-10-13,100.34722900390624,101.1525667575104,99.61509869545736,100.79565515222237,2578700
2023-10-16,101.50949096679688,101.55525173504888,99.77068650491488,101.15257931719266,3131800
2023-10-17,98.95619201660156,103.55945006401144,98.37049050822058,100.88717907714636,5379100
2023-10-18,95.52434539794922,99.0111078152902,95.36876995979392,98.48946718338902,3734600
2023-10-19,93.8770523071289,95.66161033248716,93.41031906122288,94.69154360917572,6388500
2023-10-20,93.73977661132812,96.05512875124448,93.34625779428345,94.03262733688844,5620500
2023-10-23,92.25723266601562,93.8953691101734,92.03759632742468,92.73311954542822,3978700
2023-10-24,93.07171630859376,93.60251048261776,92.30298569692812,92.61413656866534,3050700
2023-10-25,90.36284637451172,92.33044068068142,89.91442017797955,92.14741157494542,4069000
2023-10-26,91.1773452758789,91.96438306318348,90.32624659807809,90.43606825983454,3501400
2023-10-27,89.0633316040039,90.84789002336986,88.44102279943539,90.79298268188586,4082900
2023-10-30,90.49095153808594,90.67398759234406,88.73384730987725,89.85949635170216,3588700
2023-10-31,92.20230865478516,92.28466964857168,90.4360507506497,91.32375647716869,4561600
2023-11-01,92.98020935058594,93.29136722984768,91.84541345787795,92.4860223532502,2585500
2023-11-02,95.83550262451172,96.53102578983184,94.95695035458183,95.14913300905592,4532300
2023-11-03,97.51025390625,99.20329769574757,97.29976413533004,98.01358747495829,4562500
2023-11-06,96.02769470214844,98.43456187630449,95.03016713243368,97.33637317665548,3147300
2023-11-07,95.3870849609375,96.36630542060551,94.7007152841016,96.0917547570258,3092600
2023-11-08,96.21070861816406,96.53102000520563,95.50603892731978,95.74398233474392,2588600
2023-11-09,94.51766967773438,96.704900269434,94.39870145927196,96.704900269434,3350800
2023-11-10,95.679931640625,95.86296075375353,93.85875914906472,95.55180986501242,2385600
2023-11-13,93.7855453491211,95.11252378482442,93.4560873820849,95.11252378482442,2473500
2023-11-14,100.05438232421876,100.62177670321168,96.69574888623288,97.00689974153708,5787500
2023-11-15,101.13427734375,101.65591797453328,99.7981453242369,99.97202087975612,4620300
2023-11-16,100.91463470458984,101.78404041637395,100.69499838020889,101.32646066768112,3609900
2023-11-17,100.73160552978516,102.02198377163984,100.25572566359632,101.92131566842652,3125100
2023-11-20,101.58271026611328,101.65592470597625,99.46869393539204,100.53027538495162,3356200
2023-11-21,101.22579193115234,101.61015724194274,100.75905863541384,101.31730648389583,2717300
2023-11-22,102.07688903808594,102.65343699580156,101.37221232987636,102.65343699580156,2325300
2023-11-24,102.49786376953124,102.52531743733144,101.39052161487469,102.38804211621756,1284500
2023-11-27,102.37889862060548,102.95544660804984,101.82065075153945,102.30568418286592,2770900
2023-11-28,102.59854125976562,102.6259949300776,100.92379754959948,101.52780622491716,3226900
2023-11-29,103.44962310791016,104.26411444442566,103.40386234343126,103.65095930023756,3241100
2023-11-30,105.17926788330078,105.4538184903038,102.77240122607398,103.47707087695082,8202800
2023-12-01,108.2267608642578,108.41894351508134,105.0328492872184,105.2890998037624,4159700
2023-12-04,110.1211395263672,110.16689331011165,107.43056847898605,107.54039012777534,5388600
2023-12-05,108.58367919921876,109.20598795642913,107.74173411067328,108.90398363702268,3727700
2023-12-06,108.94973754882812,109.80998270162677,108.46469716541024,109.44391751769987,2989100
2023-12-07,108.85820770263672,109.56288434974871,108.40978155218224,109.07785098548602,3072200
2023-12-08,109.6818618774414,109.74592276152086,108.02542545902082,108.51045886449562,4257600
2023-12-11,111.64945220947266,112.13448559783482,109.2700390506113,109.3066462662384,5433200
2023-12-12,111.71351623535156,112.61037558817534,111.02714663277943,111.3108438342332,4197900
2023-12-13,118.27519989013672,118.44906843737846,111.76840934515356,111.97889906861744,5883200
2023-12-14,125.4866714477539,125.85274364168151,120.43500084959015,121.22203861125156,9543800
2023-12-15,123.65386199951172,125.95636957918424,122.8525938588708,125.47745812105386,8413600
2023-12-18,122.1986846923828,124.344623604073,121.93159997659114,123.94859901627984,3805000
2023-12-19,123.18416595458984,123.97622919127468,122.66840646156572,123.32231079972412,2613300
2023-12-20,120.16327667236328,123.85649407767684,120.0895947372872,123.37758257977056,3448200
2023-12-21,120.61455535888672,121.91315886842408,119.01200512888752,121.80264300890347,3256400
2023-12-22,121.9407958984375,122.6960251308192,120.47640444937466,120.71587423202789,2361300
2023-12-26,122.91708374023438,123.30390336788268,121.99608061153108,121.99608061153108,1215900
2023-12-27,123.58018493652344,123.58940396137535,122.29078626249316,123.28547126248432,2714600
2023-12-28,124.51040649414062,124.53803546179452,122.93548507091192,123.50651652700562,1953100
2023-12-29,122.76970672607422,124.37224300431804,122.5578799640954,123.48808796529887,2938000
2024-01-02,123.98542022705078,124.06832117820537,121.66450276931596,122.34603599989607,2899100
2024-01-03,120.20932006835938,122.51182765595917,119.84091042230878,122.49340366030889,3195000
2024-01-04,119.99748992919922,120.74351425881105,118.82782608906372,119.74882920605422,3613800
2024-01-05,120.24615478515624,121.57240141274696,118.15547394712388,119.00280911183329,2393600
2024-01-08,122.64998626708984,123.1104878363378,120.01591672885591,120.4948422958237,3208700
2024-01-09,122.55786895751952,123.71832761203623,120.3290294578036,121.30530438690587,3109500
2024-01-10,122.99996948242188,124.32621622371876,122.58552088911468,123.75518473303173,2354000
2024-01-11,120.94613647460938,122.48420999873686,120.27379407850808,122.19868722666232,2787500
2024-01-12,121.15794372558594,122.46576625886117,120.28299371323726,122.17103856231968,2380600
2024-01-16,119.70276641845705,121.1395289145396,118.96596117463773,119.97907014156316,4001200
2024-01-17,116.83844757080078,119.3067290009827,115.4661549927694,117.83313255193704,3912900
2024-01-18,116.28585815429688,117.19764929330816,114.8214595112096,116.77398869309386,4062900
2024-01-19,118.29363250732422,118.68965706823089,116.10164077872318,116.8937039539276,3559000
2024-01-22,118.56993865966795,120.08958808290312,118.51466667137952,118.58834860237276,2280900
2024-01-23,117.89759063720705,119.72118672142388,117.8147037388492,119.53697487610772,3426400
2024-01-24,115.5306396484375,119.57384299403088,115.41090473950554,119.57384299403088,3491500
2024-01-25,116.23057556152344,117.3542003435925,115.58587627346508,116.8568578813638,2590400
2024-01-26,116.84766387939452,117.28052942675636,115.82534989329528,116.86608084934136,2333000
2024-01-29,117.7870864868164,118.2107540984309,116.29505892773282,116.89371235107046,2553900
2024-01-30,116.53451538085938,117.62129926641668,115.65035329159684,116.99501690818543,2764300
2024-01-31,116.681884765625,118.89228658006422,115.9819204434814,117.27132618636826,4811300
2024-02-01,120.1356430053711,120.15406700176769,116.23058491940256,116.60819955187846,3984000
2024-02-02,119.03964233398438,119.97906936510924,116.5068839864528,118.08180536059176,4195000
2024-02-05,116.88450622558594,117.96207816094034,116.12007196989516,117.40026571053588,3591800
2024-02-06,120.19090270996094,120.42115348143597,116.90292197436548,117.45552242056635,3764300
2024-02-07,118.8922882080078,120.68824146350492,118.57915052312978,120.01591312752748,3907500
2024-02-08,121.25926208496094,121.91316636518827,118.61597383729963,118.8370196233236,3261000
2024-02-09,122.0145034790039,122.2816022845178,120.14486805398248,121.00140836216234,2870400
2024-02-12,121.61846160888672,123.62624161206656,121.38821083494084,122.49341173920264,2523800
2024-02-13,120.54087829589844,120.642189189008,117.18842087911014,118.57913738995438,4759100
2024-02-14,120.19090270996094,121.40663352897712,119.02122485591812,120.59614631629968,4294100
2024-02-15,122.58551025390624,122.66839715469816,121.29609756578164,121.29609756578164,3409200
2024-02-16,122.85259246826172,123.5801786717104,120.94612352163614,121.51714089784628,3421200
2024-02-20,122.81575012207033,123.35913849470424,121.1763659804152,121.89474716368476,2995200
2024-02-21,122.8802261352539,123.86570615152466,122.52103550528606,122.71445233068016,2436400
2024-02-22,122.89866638183594,124.18806521031836,122.47499873625272,122.96312929656344,2946900
2024-02-23,122.68680572509766,123.5985896259528,122.5394418844015,122.93546639620942,2131800
2024-02-26,122.0881576538086,122.6960230176872,121.13952567081203,122.32762743233756,2000500
2024-02-27,122.02371978759766,123.8380972271752,121.342172356129,122.72367716473768,2976900
2024-02-28,123.40521240234376,124.4367313937596,121.50793418114354,121.59083514204764,2478800
2024-02-29,122.74207305908205,124.98010359094876,122.49339831552226,124.40908623122448,5131300
2024-03-01,123.9670181274414,124.08673896954376,119.9422251784785,122.53024154168992,2786500
2024-03-04,123.05523681640624,123.96703503401218,120.61458398350256,123.65388326873556,3316200
2024-03-05,121.9776382446289,123.15652094756238,121.3697728984128,122.53945063066676,2328800
2024-03-06,122.5670928955078,123.285474181389,121.95922748333392,122.60392683561297,2245500
2024-03-07,122.25396728515624,123.93018576653746,121.5447909009522,123.45126017754572,2080400
2024-03-08,124.39990234375,124.73144998683306,122.88944368494334,123.1749664665862,2942200
2024-03-11,123.52493286132812,125.03537740259088,122.63155871858328,124.04991138069852,2068900
2024-03-12,123.93939971923828,124.335424325164,122.30000119531114,123.04602554611198,1729200
2024-03-13,122.7973175048828,124.5840653672242,122.2170811847605,124.06830599528833,3061400
2024-03-14,120.42115020751952,122.65918089978284,119.2698963814438,122.4105201917923,3076000
2024-03-15,119.70673370361328,120.88504893870729,118.18511010262463,118.5840709638834,6698800
2024-03-18,118.8902587890625,120.43970872997772,118.64902481521057,119.5026203199168,2274300
2024-03-19,118.62118530273438,119.54900768620172,117.79543024775737,118.83458593745236,2641200
2024-03-20,119.40983581542967,119.95724348838836,117.53565187435872,118.01811275427704,2565700
2024-03-21,120.5139389038086,121.01495297878952,119.04798890742414,119.66035045477572,3020100
2024-03-22,119.33560180664062,120.80155170962976,118.7696338957229,120.80155170962976,2738500
2024-03-25,117.95316314697266,119.63251374752424,117.9346099545479,119.59539320533597,2472700
2024-03-26,116.10681915283205,117.89750316666375,116.04187235766382,117.38720186272086,3567300
2024-03-27,119.55829620361328,119.77168978725784,117.68410508149988,117.75833201436316,3202100
2024-03-28,120.8201141357422,121.11700768132144,119.78096549020714,120.06858597907213,3676100
2024-04-01,118.6861343383789,121.3304136700618,118.25006000427908,120.82011241129196,1762900
2024-04-02,116.51505279541016,117.9717226048064,115.82846434304734,117.721208497448,3187400
2024-04-03,116.98822784423828,117.51708936105432,115.62434529856245,116.04185935232682,3585000
2024-04-04,115.68927764892578,119.41909865558704,115.34598348225586,118.98302438617792,4335800
2024-04-05,115.73568725585938,115.9026943055832,114.35324433677692,115.0769391926903,5099600
2024-04-08,117.0624542236328,117.17379460749856,115.7356780669092,116.18103252370317,2821600
2024-04-09,117.1459732055664,117.64699436595808,116.5243315140416,117.24803346483154,2965800
2024-04-10,111.91309356689452,113.26770317083768,110.52137049834984,112.99863586147868,4753000
2024-04-11,111.56979370117188,113.48109102040034,110.30796428303972,112.4697757060262,4098100
2024-04-12,110.41002655029295,111.7739162461484,109.9461188757119,111.32856176393608,3735300
2024-04-15,107.43173217773438,111.3192804681744,106.87504442517228,111.26360673785004,3993800
2024-04-16,106.45753479003906,107.55235722231464,105.74312006157813,107.2832899124952,5666400
2024-04-17,98.80304718017578,103.45140371476796,97.94017868667268,100.85351809943182,11034000
2024-04-18,97.13300323486328,98.61750656219448,96.12168069774155,98.31132576005643,6310200
2024-04-19,96.01961517333984,97.30000497448192,95.11963308954284,97.08660431473496,6932200
2024-04-22,96.56703186035156,97.02165943999884,95.14747538199477,96.30724467198168,3673000
2024-04-23,97.26287841796876,97.98657321060246,96.55773681649563,96.99381113479258,4232300
2024-04-24,95.7319793701172,97.04019521346444,95.00828459566952,96.28866711364088,4819700
2024-04-25,95.88971710205078,96.55774530123496,94.30315366832312,94.6464479036454,3798800
2024-04-26,96.5484619140625,97.0773163741616,95.34230622052787,95.9639407987959,4037600
2024-04-29,97.42989349365234,97.94946783305396,96.64125184886932,97.84740757657586,2840500
2024-04-30,94.68355560302734,96.50207276860182,94.63716200587056,95.11034979792726,5607900
2024-05-01,94.52582550048828,96.61341004220226,94.29387166252006,94.50727230806534,5526200
2024-05-02,96.98453521728516,97.0216486798891,93.81140849067488,96.31650704775264,5836200
2024-05-03,98.24636840820312,100.278286322203,97.7917408614979,99.04429018819076,3517600
2024-05-06,97.11442565917967,98.9236697396496,96.67835133600998,98.70098897122104,4259700
2024-05-07,99.98139190673828,100.19478548984983,97.86597387610776,98.79378929857168,4088000
2024-05-08,98.23709106445312,99.58242762879247,97.69896351738706,99.22985324981474,2947700
2024-05-09,100.34322357177734,100.53806393040708,98.38553277201872,98.8123269497794,4208800
2024-05-10,99.7308578491211,100.67723335497256,99.25767717486386,100.63083976165235,2872800
2024-05-13,99.90715026855467,101.14114629767846,99.471075951596,100.50095148523538,3043100
2024-05-14,100.4638442993164,101.9297942414775,100.2411705988202,101.0019788976291,3727300
2024-05-15,102.05039978027344,103.4328496321275,101.47515884200952,102.61636766245933,4347500
2024-05-16,102.79266357421876,103.82253917999697,102.2452488362873,102.56998987203328,4232400
2024-05-17,103.45140838623048,103.48852184854476,102.26380590685004,103.10811416882522,3260600
2024-05-20,103.96170806884766,104.87096310642292,102.6442049520036,103.15450620275332,3941400
2024-05-21,102.61637115478516,103.6555268430606,101.82772956251767,103.47923967021566,2524900
2024-05-22,101.3359832763672,103.35862081526784,100.73290194492702,102.1710184215406,3158100
2024-05-23,98.01441955566406,101.5030074867503,97.79174583881552,101.30816709967412,4364600
2024-05-24,97.18865203857422,98.469034595869,96.9752514063573,98.30202755981584,3107600
2024-05-28,97.42061614990234,98.56183219655873,96.836095001324,98.10719755788368,4857000
2024-05-29,97.42061614990234,97.49484308013538,95.64848535360458,96.19590011573608,2945800
2024-05-30,99.80509948730467,99.8978796089608,97.7917418248218,98.27420270463534,4325700
2024-05-31,102.51432800292967,102.672062010626,99.79582842703309,99.97211562928004,14977800
2024-06-03,99.64736938476562,102.98750320821718,99.23912836813544,102.7741025644325,3262400
2024-06-04,100.91847229003906,101.93907483580178,98.81233456463735,98.81233456463735,5538500
2024-06-05,100.8906478881836,101.5401229364629,99.75871193086164,101.1318818820399,2824700
2024-06-06,102.06895446777344,102.28234800459836,99.832916386887,100.19476375686698,3144300
2024-06-07,102.2452392578125,102.31946617781044,100.01848828722412,100.25044210321614,4786900
2024-06-10,103.14521026611328,103.29366409037743,101.19679983398784,101.87410801952416,5780800
2024-06-11,103.52565002441406,104.25862508228944,102.13392684384138,102.9132884272004,7061100
2024-06-12,104.6668472290039,107.61730032122334,104.32356008030924,105.82661641496014,4650500
2024-06-13,104.26789093017578,105.25138005660234,103.40502233474032,105.065812731489,3122200
2024-06-14,104.18438720703124,104.32356092620834,102.44936994245153,103.85965324806428,3672400
2024-06-17,104.13758850097656,104.8207372251193,102.97717882542088,103.39829310954018,2696200
2024-06-18,102.98654174804688,104.81137988116583,102.92103492120948,104.13759129671926,4337100
2024-06-20,102.1536636352539,103.10819267967771,101.8167693514082,102.37825744458156,4760600
2024-06-21,102.37825775146484,102.90231235470304,101.49858854770774,102.35953743580149,6708800
2024-06-24,104.46512603759766,105.8875701996256,102.29403344161015,102.4250470960458,2924200
2024-06-25,102.7806625366211,104.37154671888068,102.61221538817053,104.36218656071432,2929900
2024-06-26,103.32343292236328,104.16566148779764,101.6296013543238,101.96649563638093,3385000
2024-06-27,104.20309448242188,104.80201606106678,102.8368041849064,103.426365605842,3174300
2024-06-28,105.10147094726562,105.5038720296641,103.27663298040513,104.73650335389353,5436400
2024-07-01,104.76457977294922,106.28996415196497,104.04400472215464,104.8113734205381,2405800
2024-07-02,105.9437255859375,106.27125974897652,103.92236679424715,105.41967092507504,2945400
2024-07-03,106.02794647216795,107.02926921984904,105.65361867664885,106.39291410937918,1339500
2024-07-05,107.11349487304688,107.56268967929536,105.83142442620218,106.38355956013866,2252300
2024-07-08,107.0666961669922,107.80598441481136,106.50520093819058,107.27256965921656,2185700
2024-07-09,107.10411834716795,107.69368688650624,105.57874112225998,107.40357912566856,2196100
2024-07-10,109.05998229980467,109.16292261663725,106.99183008475644,107.62818516167194,2998300
2024-07-11,112.6815948486328,113.102709143648,110.49178195131128,110.87546989363466,4242900
2024-07-12,112.43828582763672,114.74039216707014,112.14817803327628,114.16954387651086,4003400
2024-07-15,113.3647232055664,113.5612436629266,111.50245179940376,112.62542788137844,3264700
2024-07-16,113.69226837158205,114.3286234505861,113.1401404337667,114.3286234505861,4508600
2024-07-17,115.3018798828125,120.86998895034444,114.06660314075503,116.45293661822714,8941300
2024-07-18,114.74974060058594,119.14807218233408,114.24439919141224,114.6374401297557,4631900
2024-07-19,115.80722045898438,115.835293794318,113.82328813213933,115.0679250231276,3485200
2024-07-22,118.53044128417967,119.08256921931526,115.62005336312426,116.6494493901236,6266100
2024-07-23,117.61334228515624,118.46493103924551,116.60265940231098,117.8753695941068,3708200
2024-07-24,115.1802215576172,118.80182448573872,114.96498076125312,117.36067429679498,4082500
2024-07-25,112.70030212402344,116.25640517907682,112.54121514443266,115.79785027596232,3402100
2024-07-26,114.80587768554688,115.35800555671004,112.66285873906966,113.40215404599734,3373900
2024-07-29,115.99436950683594,116.44356424761456,113.58932310446792,115.00240700973956,2376300
2024-07-30,117.99700927734376,118.56785747917851,115.62939647614763,116.1160246841254,2663900
2024-07-31,117.95960235595705,120.28977491292623,117.21094674640378,118.00638886923596,3960100
2024-08-01,119.52239227294922,121.3378771664355,117.73498071044132,119.63468559686282,3871100
2024-08-02,116.0224609375,120.20555210378583,114.56258324686478,118.98899569125015,5728500
2024-08-05,111.30593872070312,115.22700225032251,110.9222507977733,112.29790123019654,5157400
2024-08-06,113.280517578125,114.46900062993896,110.50114321210322,111.32465863400613,4016200
2024-08-07,112.43828582763672,116.10668257308951,112.29791200968282,115.14279330402653,2967000
2024-08-08,114.16017150878906,114.65615275810056,112.04523286605352,112.85938807163724,2806500
2024-08-09,114.07594299316406,114.75908450225026,112.68157950473356,114.49705723083596,1901800
2024-08-12,112.28854370117188,113.13077940805566,111.12813402708116,112.93425893306753,2836800
2024-08-13,114.80587768554688,115.0772651126247,112.66285873906966,113.49573419402576,2719500
2024-08-14,115.4983901977539,116.35933906401958,114.40348736958724,114.89010846886966,2182300
2024-08-15,116.7617416381836,117.32323686560146,115.2737978487681,116.15346704132824,2792300
2024-08-16,114.96498107910156,116.66816571954348,114.24440598263747,116.40613841173835,2899000
2024-08-19,116.69622802734376,116.8927556293363,114.99304354783604,115.23635765625372,1664900
2024-08-20,116.1815414428711,116.89276350168618,114.90883129118453,116.6962358864581,2108400
2024-08-21,116.4810028076172,117.1360710625692,115.42352630214086,116.28448233113158,2086400
2024-08-22,117.89408111572266,117.95022778067832,116.48099721677012,117.0518454428467,2770000
2024-08-23,120.58924102783205,121.06650201042098,118.09061421412898,118.57723535511444,2938700
2024-08-26,120.62667083740234,121.62800076295532,120.29914382093996,121.56248679201188,2278600
2024-08-27,120.66410064697266,120.96355430028544,119.96223874398136,119.96223874398136,2042700
2024-08-28,118.75503540039062,120.90740761882428,117.44489175368275,120.4020733316722,2501000
2024-08-29,117.28580474853516,118.83925538072126,116.64008951326473,118.75503537944692,2419900
2024-08-30,119.6159896850586,119.7563634999163,117.07992941820878,117.92216516764626,3618000
2024-09-03,120.13066864013672,120.7483104898677,118.25904419599246,118.41813116709,3526200
2024-09-04,120.03711700439452,122.1052622763666,119.05450739200924,120.35529100324896,3091500
2024-09-05,119.2322998046875,120.97291784123098,118.68952490303238,120.78575752879529,2402700
2024-09-06,119.06385803222656,119.99031375803033,117.9595950038017,119.31652517936992,2484100
2024-09-09,121.89002990722656,122.69483221138,118.89542166366208,119.36332964795086,3599400
2024-09-10,123.90201568603516,124.06111695009147,122.07717759232855,122.76031918034856,3029800
2024-09-11,122.3017807006836,122.92877563218148,120.14940130216684,122.32050101668244,3890300
2024-09-12,121.9274444580078,123.20952192083286,120.12132666764236,122.68546731387536,5557000
2024-09-13,121.63733673095705,123.89265629247885,121.3472361104009,122.76968016024829,3689400
2024-09-16,121.88247680664062,122.71212699021024,120.90199290524038,122.40100817137164,3864300
2024-09-17,121.49591827392578,122.60840491172512,120.63799317258794,121.83531927020938,3171100
2024-09-18,119.75178527832033,121.92018704580876,119.4312438712464,121.44879754634736,3498600
2024-09-19,121.14710235595705,122.09930397384502,120.01577042509686,121.44879854320828,2604400
2024-09-20,118.2904815673828,120.60971703025436,118.0736392338442,120.38345208561232,8581000
2024-09-23,119.38409423828124,119.89319572755208,118.75243407658378,119.35581202101606,3386200
2024-09-24,119.43124389648438,120.22317480318702,118.57331155472356,119.17669673156792,3979500
2024-09-25,118.21505737304688,119.94034465675324,117.63996161181142,119.47838496411316,3421700
2024-09-26,118.06422424316406,119.18612642768376,117.71539340333298,118.68645467929964,3235800
2024-09-27,118.40360260009766,120.03461331706669,118.11134343292656,118.78071561140928,3775200
2024-09-30,119.05412292480467,119.19554120381582,117.43254200351969,117.63995452035832,3608400
2024-10-01,117.4796905517578,119.4689547966336,116.41435288218356,119.39353075113289,3401500
2024-10-02,117.07429504394533,117.14028928540688,114.97189473538492,115.54699049362118,3848800
2024-10-03,115.05675506591795,116.66890636343636,114.5476535204648,116.65005394745658,3400500
2024-10-04,115.41500854492188,115.7544095753202,113.47288602095726,114.63250021412384,2774000
2024-10-07,113.13348388671876,114.76449477759888,112.48296405266348,114.41566394619488,3186500
2024-10-08,112.51124572753906,113.77457336509178,111.45533781979331,113.40689011966845,3035400
2024-10-09,112.03984832763672,112.63380367677097,111.15364099498824,111.42704775695226,3661700
2024-10-10,111.51190185546876,112.3226923918815,110.74825314740936,111.3044893192469,2767100
2024-10-11,113.3597412109375,113.5294417130594,111.38933661841982,111.98328477943006,2712000
2024-10-14,113.5671615600586,114.0479808813392,112.66209455065771,113.17119609210194,1979000
2024-10-15,114.4439468383789,116.0089634938956,113.83113902516052,113.83113902516052,5453600
2024-10-16,119.70464324951172,120.3457332168902,114.80218844225496,115.99952172490995,5565200
2024-10-17,115.67897033691406,119.65749852088278,115.67897033691406,118.82785566263853,5446800
2024-10-18,115.49041748046876,116.291778122379,114.65134481869028,115.97123674274783,3690900
2024-10-21,111.03107452392578,114.50993117454594,110.84252160978978,113.81227676084364,3866200
2024-10-22,112.1341323852539,112.75636276180572,110.63511009081208,110.63511009081208,3374600
2024-10-23,113.91600036621094,114.17997736332724,112.09643641570634,112.1247186378497,4133100
2024-10-24,113.50116729736328,114.20825157267346,112.94493112001255,113.18062587844928,4332900
2024-10-25,110.81424713134766,113.4446014663976,110.71997066769528,112.94492973549023,3247300
2024-10-28,111.06878662109376,112.00214296735172,110.39941442477192,111.66274196740927,3648500
2024-10-29,108.71184539794922,111.37991172391716,108.71184539794922,111.04051070471397,3595700
2024-10-30,109.23979949951172,110.55026166426832,108.72126820000403,109.26808171715167,3780200
2024-10-31,106.47745513916016,109.06066740509114,106.40203109813808,108.57984813461584,5021300
2024-11-01,106.91114807128906,108.76842399168795,106.8922884618856,108.2404628208934,3941700
2024-11-04,107.34481048583984,108.50442455191488,106.6471560855197,107.51451098244016,2439800
2024-11-05,107.88220977783205,107.88220977783205,105.97779921227556,106.51518299700274,2370200
2024-11-06,107.23167419433594,109.08894984958872,105.02557493608587,109.08894984958872,5768000
2024-11-07,107.67478942871094,108.12732651650718,106.89228112733043,107.62765479410346,3035800
2024-11-08,109.2021026611328,109.36237337859724,107.42025077375304,107.94820475732227,3250900
2024-11-11,107.5710678100586,109.81488612785957,107.28823846428024,109.09837217145682,3547000
2024-11-12,106.29833221435548,108.53272103302608,106.03435524529726,107.2976756523138,2708100
2024-11-13,109.8997573852539,110.4371411746924,107.34482693421585,107.40139137747244,4772300
2024-11-14,108.18389129638672,110.02230748703523,107.73135420716316,109.7394780999994,4757000
2024-11-15,106.92999267578124,108.40073280996194,106.22290842431283,107.8162072393282,3889000
2024-11-18,108.08960723876952,108.12731925962429,105.97778442073076,106.39260226446804,2411400
2024-11-19,108.54214477539062,108.83441115946496,106.43032180808294,107.30710657463996,2950800
2024-11-20,107.98590850830078,108.15560901756228,107.09969393850926,107.87277243784878,2821800
2024-11-21,107.44852447509766,108.41015589646445,107.09969365342393,107.957626001527,2626500
2024-11-22,109.17381286621094,109.30580135294726,107.43909573751026,107.7784967584988,2432900
2024-11-25,111.3139190673828,112.6243813352151,109.66405577551004,109.85260870316225,9970700
2024-11-26,109.52263641357422,111.31391798010608,108.90982861544056,110.87081069233508,3367200
2024-11-27,111.05937957763672,111.92673461336396,110.2297293757814,110.42771212136044,2655000
2024-11-29,110.09773254394533,111.83244967690928,109.98460366522647,111.17250004877272,3124300
2024-12-02,109.21151733398438,109.96574342096942,108.24988590626984,109.45664189117949,3386500
2024-12-03,109.73947143554688,110.3994138247187,108.9758155934108,109.31521659150847,4520300
2024-12-04,108.46672821044922,109.7206188298875,107.82563819455984,109.7206188298875,3761300
2024-12-05,107.27882385253906,107.84448981702756,106.43032130938984,107.51451860381202,2510200
2024-12-06,105.59123992919922,107.89162281507744,105.3272629802294,106.55287127085104,3650800
2024-12-09,108.81554412841795,108.84382634592068,106.06263133472102,106.53402080731978,4717100
2024-12-10,106.67545318603516,108.66471759873234,106.11920979458183,108.51386949500484,2908100
2024-12-11,105.55353546142578,107.5522295210857,104.92187526079016,106.57173850273364,2804200
2024-12-12,105.2612762451172,106.8451452446532,104.93130503538735,105.23299402611649,2868200
2024-12-13,104.77102661132812,105.32726995592444,104.29963711613894,104.75217419636702,4741200
2024-12-16,103.53473663330078,105.86466941909389,103.20188287346494,104.89465856998468,5586800
2024-12-17,103.53473663330078,104.42866620841836,102.64079980267356,103.15433751885242,4687400
2024-12-18,98.81781768798828,103.77249694445472,98.7512411240612,103.17336591319471,5422600
2024-12-19,96.43081665039062,99.77831315719196,96.40228798429024,99.50252395903767,7786700
2024-12-20,98.2567138671875,99.67369309865818,95.87922852656108,95.87922852656108,11067200
2024-12-23,99.03652954101562,99.3028067403608,97.53395705269986,97.91435616126849,4626200
2024-12-24,99.56909942626952,99.6642046598361,98.37085184284582,98.65614577701358,1883700
2024-12-26,101.65177154541016,102.20334993406156,98.49447102678197,98.89388685766328,4799000
2024-12-27,100.08262634277344,101.9751100014126,99.67369855159374,100.95754651017616,3655100
2024-12-30,99.94949340820312,100.3013638898152,98.55153071123034,99.72125682160866,4038500
2024-12-31,100.52008819580078,101.19530049057964,99.65468721086872,100.8909753687017,4602700
2025-01-02,99.15066528320312,101.34745973979516,98.6941848381332,101.17628047983276,4180100
2025-01-03,100.45352172851562,100.7388229105849,98.56104517028676,99.3884127938793,3558800
2025-01-06,101.43305206298828,103.50621260102795,100.56764379684324,101.28088949753008,4450200
2025-01-07,101.35696411132812,102.98316333123468,100.87195503523004,102.260405703884,4958800
2025-01-08,100.3298797607422,101.40450050543784,99.76879671202327,101.19528789345564,3571500
2025-01-10,98.5134735107422,99.85437864953748,98.42788752597264,98.90338456716093,4230700
2025-01-13,100.20626831054688,100.29185431174804,98.17114116397885,98.5134924242939,5774700
2025-01-14,102.82149505615234,103.2589515155348,100.20626101784802,100.4059689282937,4444400
2025-01-15,102.5647201538086,106.51134742466373,102.46011021429004,106.0263383646694,4571000
2025-01-16,105.49378967285156,105.61741631012188,102.4886444391104,102.91659619368018,5499800
2025-01-17,104.1148452758789,106.14046025284097,104.05778069173944,105.7505491591786,5270800
2025-01-21,111.5230941772461,112.11271323307054,104.7710363521082,104.85662960875696,8040000
2025-01-22,109.48796844482422,111.72281079907629,108.90786135570056,110.56259662082896,5429500
2025-01-23,112.73085021972656,112.76889085733528,108.8888328873628,109.6401191552381,4788700
2025-01-24,113.10174560546876,114.18587846200248,111.46603434669568,112.72134645718263,4165800
2025-01-27,115.30805206298828,116.10688374515084,112.20780879659722,112.20780879659722,5253400
2025-01-28,114.31901550292967,115.60285626216246,113.9386163598766,115.16539978707998,3494600
2025-01-29,113.32997131347656,115.07980432541876,112.65476633645032,114.59479527652314,2758100
2025-01-30,114.73744201660156,116.25903115733392,113.52967542124792,114.86106864020472,2844000
2025-01-31,113.40606689453124,114.77550096747386,112.64526857500525,113.9005807233658,3753700
2025-02-03,112.06515502929688,112.70232666876458,108.85079718837518,110.34385781858714,3704000
2025-02-04,112.51212310791016,112.987620214789,110.48650804458988,110.5625893230129,2273400
2025-02-05,112.95909118652344,113.5867508482328,111.73230778405426,113.5867508482328,2797800
2025-02-06,112.73085021972656,113.38703852133492,111.11415577114984,113.38703852133492,3476400
2025-02-07,111.5991668701172,113.38704059284156,111.2663203543472,112.9590888535574,2873000
2025-02-10,113.61527252197266,113.72938717670829,111.86543950909422,112.2648625671976,2768800
2025-02-11,115.80256652832033,116.18296567908811,113.16831565055956,113.16831565055956,3673500
2025-02-12,113.90057373046876,114.73745328166945,112.80693618962066,112.80693618962066,3374700
2025-02-13,114.97520446777344,115.50775891763412,112.98762274366872,114.03372220662396,2443800
2025-02-14,114.92765808105467,116.60141005696336,114.73746212594465,115.73600177353828,2101300
2025-02-18,115.36510467529295,115.85011375133745,114.3570531398566,114.84206221590108,2151200
2025-02-19,115.66942596435548,116.17345900254617,114.16686059018824,114.81353695894116,5276400
2025-02-20,114.97520446777344,115.66942619626894,114.290487457661,115.66942619626894,2484700
2025-02-21,115.04176330566406,115.49823643386163,113.76742737380091,115.35559311599336,3152000
2025-02-24,114.81352996826172,116.09737065372384,114.10028433683723,115.18441711616168,2708500
2025-02-25,116.60140228271484,117.03885875470958,115.0227483896159,115.3460901983573,3732700
2025-02-26,116.17344665527344,117.38120601056735,115.8025522687008,116.9247256347537,2324900
2025-02-27,116.75355529785156,117.92328136184912,115.54579585052151,116.25904150391982,2293300
2025-02-28,117.8471908569336,118.16102066117892,115.93569787945998,116.82011545513588,5562200
2025-03-03,117.48582458496094,118.8647632756478,116.725026321162,118.0754436021806,3184000
2025-03-04,115.81207275390624,118.05641965097456,115.62187681571808,117.05787283671172,3242400
2025-03-05,117.9613265991211,118.5604503593474,114.61382280559212,114.93716462060254,4300600
2025-03-06,114.40460968017578,117.42877164582389,113.86254325498936,116.82964063263712,4080200
2025-03-07,114.0337142944336,115.48873421221134,112.26486455954424,114.83254591379796,4004300
2025-03-10,112.09369659423828,114.25245038272246,111.53260620518952,113.59626201830405,4238600
2025-03-11,111.4375,113.26340711208928,109.86835812799738,113.00664187200262,5521700
2025-03-12,110.05856323242188,112.22682887263932,109.99199392787168,111.87495840258264,3608400
2025-03-13,104.95172882080078,110.73377575695284,104.72349222623204,110.04905871773607,4802800
2025-03-14,106.40674591064452,106.78714506124103,105.08486448534214,106.28311927029254,4732700
2025-03-17,108.83177947998048,109.35482194104898,106.02634221321117,106.03585418683348,3436100
2025-03-18,107.8243408203125,109.37867195170956,107.11434096429308,109.24434785246574,3464200
2025-03-19,108.3904266357422,109.12920917755172,107.1719057591041,107.70920947326177,4121100
2025-03-20,107.52690887451172,109.30191215716088,107.17190528993616,108.05461591643292,3344200
2025-03-21,104.02487182617188,107.13353408253246,103.55473747979146,106.75933715528262,7526600
2025-03-24,105.790283203125,105.95338998789104,103.7370350886754,104.850007213089,5379400
2025-03-25,104.8020477294922,105.96299598460816,104.02487845581484,105.60799237465112,3467100
2025-03-26,106.62501525878906,107.0567775744816,105.04190872826008,105.15703948968644,3246100
2025-03-27,106.26042175292967,107.77637354469738,106.10690431168584,106.72096675654672,2825100
2025-03-28,105.97258758544922,107.09516382235174,105.47367050691533,106.50029467630574,3660200
2025-03-31,107.25826263427734,107.661234935393,105.63676943964096,105.8382555901988,5071200
2025-04-01,106.93205261230467,108.16975965175084,105.62718351583968,107.97787015172987,3359900
2025-04-02,107.78595733642578,107.9874507976964,105.694337208197,106.9320367438564,3230800
2025-04-03,97.47174072265624,104.9459505547156,97.07836511050266,103.72743703986237,7613200
2025-04-04,94.24796295166016,96.25323517695848,91.47511081735782,95.3225557919675,12661100
2025-04-07,90.68834686279295,95.1498467175156,87.95388157122565,92.73200564921244,12717900
2025-04-08,86.12132263183594,93.63390552842652,84.73969482551348,93.1253917719648,8177500
2025-04-09,94.23836517333984,94.8044442779016,81.89008576445468,84.38468566884467,17532000
2025-04-10,91.0433578491211,93.51877181757902,89.0764576211363,92.6072784328555,17204000
2025-04-11,92.32903289794922,92.5017363534045,88.7694223816146,90.2182120734831,6480100
2025-04-14,94.31511688232422,95.35133027194313,92.94308593891316,93.68186845300492,6844900
2025-04-15,94.4878158569336,95.46646382301292,94.1232156318322,94.85240876192124,6702200
2025-04-16,96.22444152832033,97.77877254976978,94.00808672745949,95.65835516145182,7334600
2025-04-17,97.9610824584961,99.47703438768004,96.90567557467612,96.98243430225598,6213100
2025-04-21,94.63174438476562,96.905672199338,93.1637685414792,96.43553781948825,4801500
2025-04-22,95.89822387695312,97.0016066398829,94.76605842527016,96.1572827159604,4794400
2025-04-23,97.3662109375,100.72432807396308,96.87688324798334,98.08580746674208,6911200
2025-04-24,99.16999816894533,99.51540509288652,96.87688445285002,97.8267498336311,4602300
2025-04-25,98.09539794921876,99.30432218193523,97.855532436702,99.17959475066776,2828200
2025-04-28,99.13160705566406,99.87998619543896,97.749979523702,98.1625484494899,3149600
2025-04-29,98.9205322265625,99.4674252819988,97.9131015034505,98.41201853011822,2520500
2025-04-30,98.05701446533205,98.8917490490295,96.15728378535051,98.28729061814704,7712300
2025-05-01,98.9013442993164,100.23499588807728,97.82674422861172,99.09323377046069,3956100
2025-05-02,101.13689422607422,101.62621458184502,100.17743221381332,100.90661807264937,4193700
2025-05-05,101.06013488769533,101.7221586944124,100.14864158957606,100.35972440219555,3246600
2025-05-06,100.26378631591795,101.23284505625897,99.40026898888712,100.47486914253824,6505100
2025-05-07,100.78189086914062,101.7221595439714,99.9759389706,100.26378050296044,4741200
2025-05-08,101.2136459350586,102.11554257179424,99.25634254561284,100.9066183829954,3514500
2025-05-09,102.57609558105467,102.93109186956944,100.9737883270691,101.40555065974532,5506200
2025-05-12,105.8574447631836,108.3712305312848,105.54082054472202,106.45230652138078,10025000
2025-05-13,105.2529754638672,106.0301446393336,104.101624024818,105.73270645015668,4533900
2025-05-14,103.23811340332033,104.74446850402624,102.3554100887913,104.4374409459242,7699900
2025-05-15,104.8020477294922,105.07069594454516,102.29785107899647,103.12298906529624,3163500
2025-05-16,106.06853485107422,106.14528625344823,104.3510968659918,104.90757930374812,2768400
2025-05-19,106.16448211669922,106.32758891577726,103.95771637345985,104.39906805808474,2880300
2025-05-20,104.3223114013672,106.2220421517069,104.07284921996896,105.47366292762676,2689400
2025-05-21,100.42688751220705,103.81378725930053,100.12945662952274,103.46838034774456,2861600
2025-05-22,100.82986450195312,101.5878404087457,99.59216488465565,100.52283693516122,3492800
2025-05-23,99.82242584228516,100.6091843775311,98.8437705178853,100.1006706964728,3075500
2025-05-27,102.2978515625,102.54730643759116,100.21581324576914,101.11770996066532,4067300
2025-05-28,103.5451431274414,103.6219018486012,102.16352274713796,102.5568983828814,4580500
2025-05-29,104.8020477294922,106.86488537512676,103.986499093648,104.46623014056112,4585600
2025-05-30,104.19757843017578,104.66771279074771,102.44176110054548,104.30311984256544,7261600
2025-06-02,104.34149932861328,104.34149932861328,101.84689942937742,103.48757867833773,3958700
2025-06-03,104.60055541992188,105.08988314288732,103.3724450972842,103.9289348747653,3423200
2025-06-04,104.03446197509766,104.70608242782868,103.89054121519418,104.4662169346942,2436300
2025-06-05,103.4491958618164,104.58136135089674,103.02703022585324,104.10163033552566,2632800
2025-06-06,104.37987518310548,105.560009381431,103.7658200691558,104.48541659207628,3644400
2025-06-09,104.5142059326172,105.59839546090276,104.09204026986906,104.84041953011176,3032300
2025-06-10,105.0514907836914,105.54081844611898,103.7945979246332,104.58135646024516,3771600
2025-06-11,104.10163116455078,105.67514832188968,103.83298296502188,105.55042089214108,3454900
2025-06-12,104.04407501220705,104.94596443059648,103.29569572711392,103.525964587116,3526800
2025-06-13,102.93108367919922,103.56433212202327,101.93324230633702,103.00784239713803,3359400
2025-06-16,102.48973846435548,104.14001440305478,102.08676615005392,102.66244193050107,4537500
2025-06-17,101.79232788085938,102.8578163751209,101.02712416587252,102.13135097811796,3068100
2025-06-18,101.78264617919922,103.33243753569876,101.22084450309686,101.70515476387722,2599300
2025-06-20,102.37350463867188,102.9352989212198,101.82139124048666,102.21852180901172,6746300
2025-06-23,103.76830291748048,103.89422830165208,101.58890697283172,102.26694570071484,3118900
2025-06-24,104.73693084716795,105.19218365953508,103.03216410679848,103.64239235465924,2990100
2025-06-25,101.4920425415039,104.13637943851003,101.42423941029796,104.13637943851003,4926000
2025-06-26,101.11429595947266,101.81170391949776,100.25222428388275,101.4726882139267,4506500
2025-06-27,102.30570220947266,104.23325497934684,101.73421225861262,101.81170367398146,5732900
2025-06-30,101.82138061523438,102.52846937930563,100.20377890690548,102.13133885222192,7418000
2025-07-01,103.2355728149414,105.06626493595988,100.97868531675874,101.57923267640032,6626300
2025-07-02,104.91128540039062,105.05657995534122,102.78032322774204,103.39055149054887,3458900
2025-07-03,104.63038635253906,105.36654002420882,104.24294405270166,104.8919180339163,1549600
2025-07-07,102.99341583251952,105.579630700861,102.19914734669972,104.36885511942911,3837900
2025-07-08,103.49710083007812,104.95971988088634,102.43161973868985,102.51879203808168,2939000
2025-07-09,103.05152893066406,104.11700994607804,101.976359641568,103.76830599339893,4461200
2025-07-10,105.00814819335938,106.54825118603618,103.18713698895137,103.56489837923012,4765000
2025-07-11,105.74429321289062,105.74429321289062,103.11933266877055,103.35179950858526,3209800
2025-07-14,105.91864776611328,106.09299974771132,104.69818389492696,104.97908472027868,3582000
2025-07-15,105.2115707397461,106.6548133440738,104.79506359205558,106.23830619638328,5309300
2025-07-16,106.71292114257812,110.90704977672748,105.59900606420288,109.2119638631094,12177900
2025-07-17,103.09027862548828,106.9938180018561,102.4316163993774,105.93802521925998,6612800
2025-07-18,103.4292984008789,103.80705981415146,102.40256300993175,103.80705981415146,4481500
2025-07-21,104.47541046142578,105.28904815557202,103.33243794584789,103.88455134972943,3838200
2025-07-22,105.76367950439452,105.93803149781554,104.32042957385848,104.82411639484732,5214700
2025-07-23,106.54825592041016,106.95507476032732,105.13407086499237,105.71524169201518,4215000
2025-07-24,106.27703857421876,107.07130705971014,105.79272834184626,106.3448417111514,6208800
2025-07-25,106.82916259765624,106.89696574135094,104.93066718421656,106.49982776400462,2150700
2025-07-28,103.75863647460938,106.81947358451256,103.71020249088149,106.5482610116084,2850600
2025-07-29,106.27703857421876,106.38358741653973,103.44866859076042,104.20419137086348,3812700
2025-07-30,105.08563232421876,106.9260126882656,104.21387242651365,106.45139072895468,3796500
2025-07-31,103.4292984008789,105.36653944945124,103.24525813646832,104.09764892743256,4136100
2025-08-01,101.61798095703124,103.9039185552227,100.8333933210114,103.81674625676938,6122800
2025-08-04,101.90856170654295,102.56722394077448,101.13366974214514,102.0247988266972,4631700
2025-08-05,103.68113708496094,104.20419303105514,101.99573951864927,102.38318179872992,3556700
2025-08-06,102.41224670410156,104.0588985657482,102.31537874401477,103.57458832526532,3706100
2025-08-07,102.95466613769533,104.10732681134976,102.00541486704094,103.60364005059849,2214900
2025-08-08,102.36380767822266,103.4196004032378,102.30569281702547,102.8868635989596,1841700
2025-08-11,100.81402587890624,102.53816922867044,100.67841959678915,102.10229294900668,3181500
2025-08-12,101.52111053466795,101.64703592714474,100.16504776943994,101.02711940875824,2847100
2025-08-13,102.8578109741211,103.19682666359,101.2595857066388,101.8213873577517,2679200
2025-08-14,102.52848052978516,102.98373335643132,100.80433718715868,101.99574367795582,2267900
2025-08-15,103.24524688720705,103.44866367833306,102.6543952305588,102.98372262573936,1924200
2025-08-18,102.13134765625,103.26463186511688,102.11197110790012,103.22588615840502,2035600
2025-08-19,107.28440856933594,107.39095741545566,103.67145085543066,104.09764623990957,3985500
2025-08-20,106.7226104736328,108.60173666984475,106.29641507490726,107.9333861382048,3227300
2025-08-21,104.98876953125,106.17048765754862,104.45602533005388,105.62806257268534,3045700
2025-08-22,108.75670623779295,109.59940871521356,105.71523852386731,105.80241820980147,3554100
2025-08-25,108.11742401123048,109.21196252738416,107.80746574355936,108.50486630332831,2022800
2025-08-26,107.85588836669922,109.27007337279028,107.5653066583173,108.07867432744769,4839100
2025-08-27,109.14415740966795,110.61645730693188,108.60173229856883,109.2410179809374,3451400
2025-08-28,109.10541534423828,109.39600445773203,107.90432796244116,109.25070990098516,2559100
2025-08-29,110.20964050292967,110.3839924904202,108.66953743842002,108.88263513312934,2827600
2025-09-02,107.80746459960938,109.04729765713786,107.52656376782748,108.72765111855968,3396000
2025-09-03,107.46843719482422,108.7276467501529,107.39095317433276,107.51687117387056,3333700
2025-09-04,109.07634735107422,109.2700684813236,107.04224592350614,107.75902297341372,2499500
2025-09-05,110.0837173461914,111.34291951693837,109.43474340811495,110.02559509308873,2595800
2025-09-08,109.99654388427734,110.19027242226646,108.1561708083034,108.65016195270242,2791100
2025-09-09,108.45643615722656,110.40336538815758,108.0496173298642,109.72532661923252,5307200
2025-09-10,107.49749755859376,108.76638794512388,107.1294170690752,108.39831484559268,3118900
2025-09-11,111.21700286865234,112.0403287960686,107.51687294227447,107.8171429253352,5039900
2025-09-12,111.7303695678711,112.27280205544406,110.58739711939664,111.25574760748398,3552200
2025-09-15,110.68425750732422,112.35997416675052,110.12246325288112,111.67225452201116,2717900
2025-09-16,111.43675231933594,112.26742030536106,110.31290388841327,111.28039488304208,2989900
2025-09-17,111.29993438720705,113.76262919521032,110.80153062389168,112.36514968873296,2869800
2025-09-18,112.5410614013672,113.16650607240588,111.2901646034012,111.70061872667983,3936000
2025-09-19,110.92858123779295,112.68764153802664,110.67449201615568,112.5606006551522,8647800
2025-09-22,111.33902740478516,111.85697305961332,109.452918774103,110.58654186880408,2798700
2025-09-23,111.8374252319336,112.04264854902073,110.5278954319978,111.38788737699684,2319000
2025-09-24,110.29336547851562,111.73970349731177,110.0197343644671,111.2119906092974,3274300
2025-09-25,110.6353988647461,111.17289385193932,110.03927077200026,110.35199309476134,2596400
2025-09-26,111.59310913085938,111.99378109025832,110.2835793492678,110.87970740974124,3021600
2025-09-29,111.64197540283205,112.25765284458488,111.0360800866796,111.99378895357982,2470900
2025-09-30,111.91560363769533,111.935152976618,110.53767347917578,111.62243065684925,3617400
2025-10-01,113.83103942871094,113.87012319587669,111.21198713118832,111.71038344938012,2980900
2025-10-02,113.47923278808594,113.83104636111084,111.93516293490867,113.57695712372866,2935700
2025-10-03,114.39784240722656,115.51191615779246,113.3717257716466,113.75285587284606,3136900
2025-10-06,114.46625518798828,115.11124920645962,113.72354429239476,114.33921430066302,2540200
2025-10-07,113.33262634277344,114.9451037458008,111.5540168473322,114.80828820429667,2969000
2025-10-08,113.35218048095705,114.09489882649136,112.13060768838216,113.38149703503665,2324500
2025-10-09,111.84719848632812,113.40104290804022,111.45630116936586,113.22513613305183,2276200
2025-10-10,108.70043182373048,112.6192317998943,108.50497571207264,112.15015204369207,2924100
2025-10-13,110.15654754638672,110.46926987796932,108.84701765696116,109.4724623201264,2624300
2025-10-14,112.82444763183594,113.07853683217132,109.26722865069192,109.99040503196278,3150800
2025-10-15,119.96822357177734,120.47639457573948,113.86035957474408,114.01671701600604,7999900
2025-10-16,118.41436767578124,122.2061340512877,117.51529197152448,121.04319447250448,6320200
2025-10-17,121.2582015991211,121.53183270749032,118.414376603094,118.52187560365172,5377000
2025-10-20,124.28768920898438,124.57109496124804,121.25819049868905,122.35271483196912,4181000
2025-10-21,123.124755859375,124.60041779701184,122.7827169879726,124.053155602768,2975600
2025-10-22,123.0856704711914,124.13133647383157,121.7272821347492,123.35930903717068,2727300
2025-10-23,122.90975952148438,123.83815927737382,122.11818277188576,123.05634974145516,2647900
2025-10-24,123.55475616455078,124.45383193107372,122.92931150471844,123.68179704811756,2965900
2025-10-27,124.18997192382812,124.22906314592989,122.97816640633872,123.9261080386134,2940900
2025-10-28,122.86090087890624,124.05315706402844,122.3038640086642,123.55475329932084,2922800
2025-10-29,120.6620635986328,122.74362075029612,120.1734345292002,121.94226937466216,3329800
2025-10-30,121.40478515625,121.82500646556603,119.76299114030452,120.02684756434572,2367100
2025-10-31,121.2679672241211,122.0790933246508,120.19298468851788,120.88683712018802,3892700
2025-11-03,121.39501190185548,121.63932644602896,118.98118301247948,120.33957128161292,3336100
2025-11-04,121.18001556396484,122.79249306869526,120.39820602958396,121.18001556396484,3086900
2025-11-05,121.00411224365234,122.20614313227529,120.7500230193464,121.78592180033748,4179300
2025-11-06,121.18001556396484,122.5286291820892,120.39820602958396,121.36569700595516,3575300
2025-11-07,122.7436294555664,122.7729460088695,120.66207215627408,121.28751681303484,2322100
2025-11-10,122.0595474243164,123.1052133722655,120.84774937619974,122.57749306359658,2101300
2025-11-11,123.38861846923828,123.53520868572272,121.84454877326002,122.37226907907112,2068000
2025-11-12,122.00090789794922,123.52543573232175,121.95204946236778,122.86089987013072,2687000
2025-11-13,121.18001556396484,121.99114165110456,120.4959378132978,121.26796522224134,3761000
2025-11-14,120.03662872314452,122.17681915085971,119.88026382941617,121.18001904895122,3651800
2025-11-17,120.71092224121094,121.85431993213936,119.61639789555356,120.72069691026516,3111000
2025-11-18,120.9845733642578,121.4243365908834,119.52845321516952,120.49594424316774,6382500
2025-11-19,119.6164093017578,121.4438774270952,118.63915106801124,120.98457232018076,5119100
2025-11-20,120.32003784179688,122.6947756760392,120.1050398348952,120.83798351884792,3087200
2025-11-21,122.92930603027344,123.6231584358789,119.8216247531755,120.94547313922476,3709000
2025-11-24,123.57430267333984,124.6590599268123,122.5090947601561,123.5840773434842,10057900
2025-11-25,124.492919921875,125.51904400121016,123.39838806764338,123.57429483964688,3158000
2025-11-26,125.24541473388672,126.33993914824228,123.11499155551674,124.6101954114763,2183000
2025-11-28,125.60698699951172,126.38879649049493,124.99131705808676,125.0890413804877,1343800
2025-12-01,125.99789428710938,126.81880251925786,124.26815798599294,124.6981465298544,2706200
2025-12-02,125.99789428710938,126.9165193935248,125.31381652013307,126.9165193935248,3458200
2025-12-03,126.25199127197266,126.58425548648368,125.11836816293594,125.89041050393284,3294300
2025-12-04,125.26494598388672,127.48332622121636,125.11836322203126,126.21288760862237,3902300
2025-12-05,125.06951141357422,125.9001794169506,124.86428062432594,125.26495262110762,3242200
2025-12-08,123.78929138183594,125.05972999316906,123.73065827715196,124.60041745744265,2927900
2025-12-09,124.55155181884766,125.31381200483798,123.9651984031542,124.50269338347464,4358400
2025-12-10,126.76017761230467,127.59083820030428,124.42452347193564,124.8447448290871,3479900
2025-12-11,127.59082794189452,128.35308814337387,127.01424918391494,127.16083194890072,3702700
2025-12-12,127.21947479248048,128.70491154239957,126.85789400332182,128.61696187667633,2721600
2025-12-15,127.68856811523438,128.13809856524156,126.08586516173068,128.13809856524156,2863300
2025-12-16,125.6794204711914,128.0923520215286,125.47259841093148,127.29460871567296,3248500
2025-12-17,126.1324691772461,127.07793716891663,125.16728452465632,125.59077946599326,4780100
2025-12-18,125.72866821289062,127.8264337702578,125.66957082799942,126.94005565057508,3559200
2025-12-19,125.30516815185548,126.51656305401173,124.99985296531224,126.33927842055364,8629400
2025-12-22,125.65972137451172,126.42791976068722,125.28547299800792,125.34456286956866,2859800
2025-12-23,125.83699798583984,126.03397674685164,125.29532329949318,125.39380892301337,2114000
2025-12-24,127.19611358642578,127.51127959404047,126.06351768093806,126.2211006847454,1050000
2025-12-26,126.76277923583984,127.54082087443966,126.11276063471578,127.24535650775218,1090300
2025-12-29,126.5362548828125,127.68855245006992,126.0930658227816,127.22566175707642,2637800
2025-12-30,127.05823516845705,127.18627324051944,126.29003679196798,126.53625460566172,1757500
2025-12-31,125.72866821289062,127.50143948019884,125.69911576345932,127.1468852267372,2761200
2026-01-02,127.0976333618164,127.35369446777908,125.31501135231784,125.80744696005216,3280500
2026-01-05,127.72795867919922,128.83100970361156,125.82715680866409,126.75293070215704,3265300
2026-01-06,125.5316925048828,127.97417658655414,124.43848478246208,127.28476969582556,3927000
2026-01-07,124.98016357421876,127.40294595619628,124.81273726447382,125.99457976310678,3698700
2026-01-08,126.44762420654295,127.36356231993726,124.0937824267096,124.44833669190366,3295800
2026-01-09,127.4423370361328,127.78704799372858,126.2900394471726,126.37868928320265,2405600
2026-01-12,127.10747528076172,128.08250318352484,126.83171254566663,127.19611008248329,2055500
2026-01-13,128.24993896484375,128.24993896484375,125.433206509932,127.12718630955406,3105800
2026-01-14,130.2098388671875,130.21968216995265,127.84613877250209,128.58479223435194,2745900
2026-01-15,130.7416534423828,132.02198902405482,130.20982959999645,130.64316030996878,2795000
2026-01-16,131.19471740722656,132.89854061232344,130.0621063529692,130.5644003526972,4652300
2026-01-20,128.8310089111328,130.37726402428933,128.41736477952264,129.88482838742823,5632500
2026-01-21,129.156005859375,132.48487525453305,126.77261940869114,132.48487525453305,6036200
2026-01-22,124.7536392211914,129.057521767403,124.52712304190202,128.72266914968085,6072600
2026-01-23,125.22638702392578,125.46275403149676,123.768774196966,125.00971413616416,4134700
2026-01-26,124.51727294921876,126.64459095068658,124.42863062908977,126.4279180725617,3350900
2026-01-27,126.7529296875,126.8908110644478,123.57179968709812,124.41878958204688,3019700
2026-01-28,125.20668029785156,127.2847667668782,124.7536404209446,126.81201774302006,3859700
2026-01-29,128.4370574951172,128.535535598886,125.34455499749576,126.506703320356,4510700
2026-01-30,128.5847930908203,128.73253280094022,126.86126833502404,127.37340561314193,4835900
2026-02-02,127.71810150146484,129.6681574731529,127.6393250229612,128.56509141083978,2383600
2026-02-03,129.88482666015625,130.40680722605202,127.55067155347406,127.55067155347406,3058300
2026-02-04,132.80003356933594,133.07579631258625,130.77120123201908,130.8992393013647,3888800
2026-02-05,134.0803680419922,134.89781296253184,131.48030860772124,132.30759683045693,3746800
2026-02-06,134.87811279296875,135.40995167616833,133.60763551055632,134.9372026626704,3120600
2026-02-09,135.203125,135.40995457632795,133.0955011104943,134.30688854915013,2047300
2026-02-10,138.35470581054688,138.82745481979418,135.41979376086258,135.83343787299722,2831200
2026-02-11,137.7637939453125,139.7039914915474,137.71454737769355,138.07894492777723,3623400
2026-02-12,134.31674194335938,139.8024668303891,133.5682301974359,138.54183286960895,5147200
2026-02-13,136.86756896972656,138.34487595433646,134.75994493946754,135.44935186003008,3096500
2026-02-17,139.62521362304688,139.80248325025406,137.0251538950669,137.74410576309157,3079400
2026-02-18,137.517578125,139.43807406638786,136.6114983738822,139.01457161226796,2751500
2026-02-19,136.93649291992188,137.67514636245036,136.09936136848856,137.00544112130373,1772600
2026-02-20,139.36912536621094,139.38882699906156,136.56225131667472,136.85771569766345,2408800
2026-02-23,138.61077880859375,140.24565358773847,137.85242377288262,139.19184921286632,3942300
2026-02-24,138.1774444580078,139.07368093514685,137.25166304451855,138.28578090060643,2359700
2026-02-25,137.91151428222656,138.8175939917329,137.48802687549792,138.27591182084814,2865400
2026-02-26,140.50172424316406,140.68885216930107,138.22667425263808,138.315309050932,3221700
2026-02-27,140.41310119628906,141.7722133010334,139.80247080285176,139.9698971118441,5263800
2026-03-02,140.56082153320312,140.85628590439757,137.54711800849253,138.8668418348266,3204600
2026-03-03,138.86683654785156,139.25093570739816,135.73495340507793,137.3895297760659,2590700
2026-03-04,137.3107452392578,139.06381482841425,135.96147646156635,138.91609015492335,3018600
2026-03-05,135.76451110839844,135.97132566025428,134.19855436177485,135.83344428303604,4350800
2026-03-06,132.50457763671875,133.86370483501426,130.88938931135823,133.72582345460336,5286600
2026-03-09,133.1053466796875,134.00158314579957,127.91508588544572,131.0174243875961,4635400
2026-03-10,134.10008239746094,135.78420393724863,131.8348753582446,132.75079847147234,4050400
2026-03-11,132.36669921875,133.56824342976907,131.57881418616492,133.41067544001825,2971300
2026-03-12,129.90451049804688,130.88938173769225,128.03326115389768,130.88938173769225,4745800
2026-03-13,129.7567901611328,131.76592094488126,129.4022359018898,131.20455213404657,2342900
2026-03-16,132.0417022705078,133.15459661937768,130.57423862493636,131.4507734799297,2170200
2026-03-17,132.25018310546875,134.68252698867897,132.23032297062517,133.56066417710335,2518800
2026-03-18,130.25465393066406,132.27002584093398,129.95681250845524,131.4460044706553,2754200
2026-03-19,130.14544677734375,130.58227884630145,128.82502807757402,129.7185523501268,2767300
2026-03-20,127.08763885498048,130.17523085066657,126.37283306295896,129.92703218589708,5564200
2026-03-23,129.37106323242188,131.66441635818796,128.47755414277188,130.00645117700142,4179100
2026-03-24,129.41078186035156,130.69148022580066,127.47482027590222,127.85208707063074,3196400
2026-03-25,129.42071533203125,130.84040445563255,128.56691129968573,130.13552871487144,3957400
2026-03-26,128.80517578125,129.9667436356824,128.04071970396188,128.556977133324,3058400
2026-03-27,127.97122192382812,129.41078625838716,127.60389275785192,128.28892347731102,3005200
2026-03-30,127.85208892822266,129.97666879206142,127.18691835600866,129.75825276550236,3327100
2026-03-31,131.2275848388672,132.27995985499078,128.7654584372269,129.56961965094675,4336100
2026-04-01,132.3693084716797,133.16354719726374,130.45320697812653,130.83047378126878,3707900
2026-04-02,132.80613708496094,133.81877666370357,130.79076527098914,131.75377723910492,3427100
2026-04-06,131.39637756347656,133.1238305536478,131.1779615292731,132.53808534775857,2602900
2026-04-07,132.26010131835938,132.33952670631908,129.91710539450122,131.19780379684752,2301000
2026-04-08,136.41990661621094,137.22406780067925,134.1066934313129,135.1193481426789,3961700
2026-04-09,137.0255126953125,139.09052724744092,135.56610344524503,135.70509408102083,3568200
2026-04-10,136.2014923095703,137.8098146987283,135.23848034477138,137.40276528085593,4027300
2026-04-13,136.16177368164062,136.21141644153735,134.05705397184218,135.9632177908972,4253100
2026-04-14,137.36306762695312,137.83960481466443,135.92351842211332,136.16177944154694,3982700
2026-04-15,138.76290893554688,138.8919619355437,136.49933840314569,136.7872421788165,4747200
2026-04-16,141.14561462402344,143.96514781530337,140.4407389006256,141.61222932490676,4835600
2026-04-17,144.05450439453125,144.3920509272023,141.2250336881659,141.49309247533105,4432800
2026-04-20,143.98500061035156,144.15377387564408,142.30717530106728,143.65737657225077,2858600
2026-04-21,140.8974151611328,144.22328330409516,140.32159244524576,144.20342316938343,4323300
2026-04-22,140.40101623535156,142.1880496179402,139.6266376277038,141.91999082334092,3612600
2026-04-23,141.3143768310547,143.02198471995283,140.01381835553363,140.738554156999,3799800
2026-04-24,141.0761260986328,143.2404111683926,140.2322445849556,141.2945421339647,3265700
2026-04-27,139.0111083984375,142.24761344014755,138.8919627415687,139.82519211801446,2823500
2026-04-28,140.51022338867188,141.12575121434332,138.79269291291016,140.40101537293884,4046700
2026-04-29,137.81976318359375,140.1925418358883,137.15457742456613,138.7132723259068,3526200
2026-04-30,140.9967041015625,141.45338116908653,137.59141048610243,138.26651874305887,3859500
2026-05-01,140.39109802246094,141.75122187371926,139.8053528024579,141.6817341241679,2842100
2026-05-04,137.7601776123047,139.86491253228243,137.0354417729915,139.32879494792397,2480000
2026-05-05,139.25930786132812,139.447941266021,137.0056597954798,137.99845443167894,2091200
2026-05-06,141.87034606933594,142.77379281518634,140.43079689065917,140.57972517394256,3322000
2026-05-07,141.26473999023438,143.3595372469969,141.18532975151794,142.34689764050327,3902300
2026-05-08,143.05177307128906,143.468744993569,141.33424262143132,141.9497704378193,3267100
2026-05-11,143.0319366455078,144.29277498040994,142.64473217788677,143.27019767315818,2685800
2026-05-12,142.72415161132812,143.89565716079568,141.77107724282823,143.29005182606065,2564000
2026-05-13,140.97683715820312,142.93264378702372,140.83784651625442,142.16818768188398,3062800
2026-05-14,141.632080078125,142.2476078773078,140.82791888271697,141.50301193358283,2484000
2026-05-15,139.51742553710938,140.95697469396328,139.16001887102863,140.1230308560561,2970100
2026-05-18,141.28460693359375,141.8008644031941,139.98404834090823,140.10317885356812,2980200
2026-05-19,141.41366577148438,141.60229916999785,139.77554558611223,140.9073308283496,3523000
2026-05-20,143.6375274658203,143.65738760115693,140.24217146780217,140.74850645139563,2834800
2026-05-21,143.587890625,144.24312356056208,141.77107465397145,143.2801267168577,2789600
2026-05-22,144.84872436523438,145.21606866409795,143.35953248286867,144.38210969685232,2327700
2026-05-26,145.88124084472656,146.86409780277225,145.4543312896297,145.93088360446015,2480300
2026-05-27,145.4642791748047,146.4074310807884,144.97780433330618,145.97059900251946,3119800
2026-05-28,144.59060668945312,146.04009348850167,143.4786815716144,144.3721906629,2891900
2026-05-29,142.43624877929688,144.4913258148728,141.1952554743604,144.2431271538855,7950600
2026-06-01,138.018310546875,141.12574736647335,137.91902502660878,140.56978481020693,2981600
2026-06-02,139.39830017089844,139.41814515669202,136.23128281974763,138.00837857429727,3130900
2026-06-03,140.7981414794922,141.63208533167517,137.9885308630921,138.28635713255474,4049000
2026-06-04,142.75393676757812,143.34961962007668,140.47052118030354,142.57524100113508,3652900
2026-06-05,143.49853515625,144.6700407460447,141.52288345518235,141.54274359028923,5442300
2026-06-08,141.751220703125,144.1140768475599,141.00662470623274,143.45882873457208,3967200
2026-06-09,146.45706176757812,147.22150269267067,141.9696259910791,143.1609764661307,5184800
2026-06-10,144.7196807861328,147.03289414511084,144.68989815845515,146.60598456699074,3054400
2026-06-11,146.1294403076172,147.39029369741775,144.66010853415625,145.95072940135057,3493700
2026-06-12,147.66827392578125,148.62134825628746,146.78468733972036,147.34064989065618,2452700
2026-06-15,147.4300079345703,149.0978957023848,147.17188677493553,148.16468144116158,4177600
2026-06-16,146.1199951171875,148.4600067138672,145.32000732421875,148.02999877929688,3215000
2026-06-17,140.94000244140625,146.1199951171875,140.58999633789062,145.02999877929688,4444700
2026-06-18,140.5399932861328,141.49000549316406,139.42999267578125,139.9499969482422,6701200
2026-06-22,143.8300018310547,144.80999755859375,140.30999755859375,140.66000366210938,4225000
2026-06-23,145.25,146.16000366210938,143.38999938964844,143.61000061035156,3117300
2026-06-24,140.8699951171875,145.5500030517578,137.6699981689453,145.1699981689453,5992800
2026-06-25,140.52999877929688,142.3699951171875,138.36000061035156,141.85000610351562,3912100
2026-06-26,139.97000122070312,141.8699951171875,138.97999572753906,141.4600067138672,6244600
2026-06-29,138.88999938964844,139.5,136.80999755859375,139.05999755859375,3343900
2026-06-30,135.47000122070312,138.3699951171875,135.22000122070312,137.5399932861328,5578200
2026-07-01,136.8000030517578,138.8000030517578,135.10000610351562,135.67999267578125,3140200
2026-07-02,139.42999267578125,139.5,136.86000061035156,138.36000061035156,2906800
2026-07-06,140.1999969482422,140.27999877929688,138.10000610351562,139.2100067138672,3153600
2026-07-07,143.61000061035156,143.86000061035156,140.41000366210938,140.80999755859375,3481900
2026-07-08,141.0,143.0800018310547,140.25999450683594,142.44000244140625,3986400
2026-07-09,141.36000061035156,142.6999969482422,140.72999572753906,141.02000427246094,3679000
2026-07-10,140.8699951171875,142.75,138.77999877929688,142.61000061035156,2403200
2026-07-13,142.16000366210938,142.89999389648438,140.64999389648438,141.3800048828125,2831800
2026-07-14,142.49000549316406,143.41000366210938,141.5800018310547,142.0,3588400
2026-07-15,143.4199981689453,144.33999633789062,141.6199951171875,143.00999450683594,4867200
2026-07-16,150.05999755859375,150.05999755859375,144.19000244140625,145.0,6237700
2026-07-17,149.7899932861328,153.35000610351562,148.0,150.0500030517578,4817900
2026-07-20,147.47999572753906,149.61000061035156,146.47000122070312,149.0,3110700
2026-07-21,149.94000244140625,150.02000427246094,146.72000122070312,148.11000061035156,3263900
2026-07-22,144.6999969482422,149.07000732421875,144.10000610351562,148.64999389648438,6649300
2026-07-23,145.1199951171875,145.7899932861328,142.32000732421875,143.47000122070312,7444400
2026-07-24,147.6300048828125,148.35000610351562,144.0,145.10000610351562,6395400
2026-07-27,147.25999450683594,147.8300018310547,145.35000610351562,147.2899932861328,4110500
2026-07-28,147.1199951171875,149.16000366210938,146.0399932861328,147.00999450683594,5669200
2026-07-29,145.47000122070312,146.85000610351562,143.33999633789062,146.58999633789062,4092400
2026-07-30,146.19000244140625,146.75,144.17999267578125,146.22000122070312,5279600
2026-07-31,144.61000061035156,146.0,143.58999633789062,146.0,3236000
2026-08-03,144.14999389648438,144.8800048828125,142.9600067138672,144.77000427246094,2739100
2026-08-04,139.0500030517578,141.47000122070312,138.91000366210938,139.85000610351562,16284400
2026-08-05,140.75999450683594,141.50999450683594,138.5500030517578,139.8000030517578,13253700
2026-08-06,139.13999938964844,141.1699981689453,138.6300048828125,140.27999877929688,5230700
2026-08-07,140.16000366210938,140.4199981689453,138.25,139.32000732421875,4575600
2026-08-10,138.75999450683594,139.17999267578125,137.22000122070312,138.11000061035156,4130600
2026-08-11,139.5,140.16000366210938,137.30999755859375,138.1300048828125,3357400
2026-08-12,140.72999572753906,140.88999938964844,138.39999389648438,140.0800018310547,3171800
2026-08-13,141.2100067138672,142.3699951171875,140.47000122070312,140.47000122070312,3063400
2026-08-14,141.02999877929688,141.6999969482422,140.5,140.75999450683594,2053500
2026-08-17,140.6199951171875,141.0,139.35000610351562,141.0,2249900
2026-08-18,140.02000427246094,141.3000030517578,139.77999877929688,140.27999877929688,2747900
2026-08-19,141.3000030517578,141.60000610351562,139.88999938964844,140.16000366210938,2798100
2026-08-20,140.67999267578125,142.0399932861328,140.4600067138672,141.3000030517578,3167600
2026-08-21,141.8000030517578,141.86000061035156,140.25999450683594,141.57000732421875,3178900
2026-08-24,143.36000061035156,143.50999450683594,141.55999755859375,142.3300018310547,2897600
2026-08-25,143.3300018310547,143.5399932861328,141.97000122070312,143.49000549316406,2941800
2026-08-26,142.58999633789062,143.82000732421875,142.0,143.38999938964844,3834000
2026-08-27,141.85000610351562,142.8699951171875,141.02000427246094,141.4600067138672,2864700
2026-08-28,140.6999969482422,142.44000244140625,140.41000366210938,142.3800048828125,1862500
2026-08-31,139.9199981689453,140.36000061035156,138.9600067138672,140.0,3709900
2026-09-01,139.67999267578125,140.07000732421875,138.66000366210938,139.47000122070312,3096500
2026-09-02,136.58999633789062,138.57000732421875,136.36000061035156,138.57000732421875,3618500
2026-09-03,138.35000610351562,138.35000610351562,136.39999389648438,137.22000122070312,3469500
2026-09-04,137.33999633789062,138.58999633789062,137.22999572753906,138.0,2266800
2026-09-08,138.47999572753906,138.97999572753906,136.39999389648438,136.94000244140625,2638700
2026-09-09,135.66000366210938,137.91000366210938,135.11000061035156,137.14999389648438,3844400
2026-09-10,134.41000366210938,136.47999572753906,134.32000732421875,134.9199981689453,2866000
2026-09-11,135.75,136.27999877929688,134.64999389648438,135.8000030517578,2375400
