Date,Close,High,Low,Open,Volume
2016-09-06,169.7230987548828,171.3975634021958,168.86704818965185,171.3975634021958,546400
2016-09-07,169.05517578125,169.63841199294595,168.40608291127336,169.41263619126832,390500
2016-09-08,169.52549743652344,170.74840997774734,168.302570541192,168.98928539734365,539100
2016-09-09,165.62159729003906,168.66009018480912,165.62159729003906,168.1521124964336,516500
2016-09-12,169.13987731933594,169.3562368770648,164.1070666372035,164.8784567143182,462300
2016-09-13,167.05149841308594,168.34026817761446,166.7692821792314,167.99220962319177,432900
2016-09-14,165.80972290039062,168.02039958813467,165.07596943682267,166.84451078701792,378400
2016-09-15,167.6253204345703,167.9169385914885,165.08540322585776,165.38642332670102,375000
2016-09-16,166.68458557128906,167.0232421078603,164.99130288843273,167.01382581116255,601500
2016-09-19,166.22366333007812,167.85108965912985,165.81916441096158,167.3337099912577,261300
2016-09-20,165.5557098388672,167.28661438067215,165.5462935436138,167.28661438067215,569700
2016-09-21,167.49356079101562,167.6722981396517,165.64976130742627,165.67798148309433,289300
2016-09-22,171.3316650390625,171.5386225663406,167.73814284187742,167.73814284187742,457000
2016-09-23,169.42202758789062,171.40692802932637,169.42202758789062,171.39751173432143,278900
2016-09-26,167.77578735351562,168.9610778677352,167.48415492993223,168.9610778677352,319900
2016-09-27,168.932861328125,169.1210006330529,166.86330026570036,167.69111607820489,392300
2016-09-28,171.9995574951172,172.1782948419747,169.22446353388167,169.26208564969548,463500
2016-09-29,170.55093383789062,172.2630206614522,169.84540047757457,171.13417015576908,566600
2016-09-30,171.65155029296875,172.61107960464778,170.15582313489767,171.60451186859112,539200
2016-10-03,171.29408264160156,172.15013319702183,170.27811291991253,170.41922819893492,327300
2016-10-04,171.1623992919922,171.858530744719,170.03354872728113,171.47283570925762,524500
2016-10-05,171.7842254638672,172.38727412230827,170.84196103643964,171.00214426376462,312000
2016-10-06,170.8419647216797,171.29424763081317,169.4003012668425,171.22829659593395,419900
2016-10-07,169.49453735351562,170.728901507957,168.48630746992472,170.728901507957,419800
2016-10-10,169.042236328125,170.76658199440493,168.66533629980987,170.1729651686993,223800
2016-10-11,166.64889526367188,168.88205746369778,165.16953313976597,168.88205746369778,644400
2016-10-12,166.1871795654297,167.03522621303875,165.70662986292155,166.3285278622719,327900
2016-10-13,163.8409881591797,164.9151693258224,163.55830587789094,164.764403525426,375800
2016-10-14,162.95526123046875,165.45225696057503,162.93641191048158,163.83156050932243,483400
2016-10-17,161.53240966796875,162.93638906487917,161.4287743671164,162.7196722377777,450500
2016-10-18,162.55953979492188,162.64434018275182,160.58077781196428,162.59722406357264,531500
2016-10-19,164.4816436767578,164.6135600954401,162.22963271494584,162.87979734195542,438000
2016-10-20,163.18142700195312,164.52887327321014,162.65376096318607,164.40637423641735,401100
2016-10-21,162.4463653564453,162.9457643030127,160.56183668930413,161.57006642757474,352000
2016-10-24,161.60777282714844,164.7737819970405,161.57008857487762,163.68076614741054,365400
2016-10-25,161.44761657714844,162.40873051555764,160.60900164026881,161.570115578678,471900
2016-10-26,159.93055725097656,161.37222085508728,159.65730685907346,161.24973624111084,758300
2016-10-27,158.7527313232422,160.674959104829,158.06488221035085,160.46765974842617,678200
2016-10-28,158.2156524658203,159.65731615386053,157.8293205290731,159.2238681115413,851900
2016-10-31,163.30393981933594,164.78330272512247,158.82818120720168,158.82818120720168,2106900
2016-11-01,161.67373657226562,164.6983974148417,161.3816368922838,162.88925139040617,2830100
2016-11-02,160.25094604492188,162.04124301839556,160.14729636470076,161.76797823516873,724200
2016-11-03,160.5242156982422,161.41936429231325,159.874050751425,160.62786539089157,439000
2016-11-04,159.68560791015625,161.42880344417094,159.6384917972171,160.94823922113844,1033700
2016-11-07,162.87045288085938,163.04947108960556,161.38167298679127,161.42878909554247,550000
2016-11-08,163.9917449951172,164.79267575557094,162.20144778422105,163.12486318094926,756800
2016-11-09,166.7337188720703,166.99755181107548,161.66434507734255,163.25676018140337,970000
2016-11-10,169.4285888671875,170.07875371647114,166.40392766984561,166.86562810417107,1157500
2016-11-11,168.61822509765625,169.89970536007579,167.73249418980254,169.20243884966618,713700
2016-11-14,169.2118377685547,169.8431531729028,168.62763845840252,168.72185626898107,729500
2016-11-15,171.1623992919922,171.2848983198454,167.90217105703587,169.0894195576203,832900
2016-11-16,170.81369018554688,171.2188713561538,169.62644221127812,170.90792237717096,611100
2016-11-17,170.94561767578125,171.72769890780475,170.31430220897508,171.01158308974436,956000
2016-11-18,169.720703125,171.36024878204398,169.56995170905807,170.6441328284131,318400
2016-11-21,171.5298309326172,171.5298309326172,170.34258278548128,170.69121606518763,573900
2016-11-22,173.17880249023438,173.25418538269417,171.28485584231282,172.15173753887566,581700
2016-11-23,173.56515502929688,173.7818718847136,172.67000643901028,172.67000643901028,377700
2016-11-25,172.5569610595703,173.94209149497172,171.6806473006457,173.58402626252723,172100
2016-11-28,171.5675506591797,172.7642308006649,170.70066889913153,172.24598236318568,415000
2016-11-29,170.6441192626953,171.68060166230438,170.5310377374567,171.14351833423217,293200
2016-11-30,170.65357971191406,171.78429460435936,170.4933964201178,171.2000950251236,740700
2016-12-01,171.33197021484375,172.09520222378376,170.7666057160204,170.936220816794,668200
2016-12-02,171.7936248779297,172.14225804936072,170.85136062838723,171.17172702255692,518300
2016-12-05,171.1529541015625,174.25299853994642,170.70067108570424,172.59461789658764,569400
2016-12-06,172.48155212402344,174.65818122900245,171.5015888076631,173.16940131293737,924300
2016-12-07,172.9149627685547,173.32956147190217,172.23653114086176,173.11284465072183,962100
2016-12-08,172.70767211914062,173.1599694789366,172.08578841060046,172.08578841060046,1462500
2016-12-09,175.07276916503906,175.19525378864893,172.39674109654342,172.54749250851071,792900
2016-12-12,174.21527099609375,175.08215255187187,173.49915520075032,174.9973522033077,401000
2016-12-13,177.1833953857422,178.50257420173486,174.79946755101034,175.2611822932799,1369800
2016-12-14,175.883056640625,177.91835096717205,175.5721076981404,176.90070380389852,868500
2016-12-15,176.17523193359375,176.38253131761255,174.56395297196,175.35546624631283,699200
2016-12-16,174.3189239501953,177.58858275505386,174.149323249865,176.91015119810362,1113700
2016-12-19,173.78189086914062,175.1199195430617,173.24480740742348,174.40378909034567,410000
2016-12-20,175.5721435546875,176.09980936685685,174.24354717759434,174.62987906786654,395500
2016-12-21,175.08213806152344,175.8548017364425,175.06328874857556,175.52500346001352,376400
2016-12-22,175.27064514160156,175.61929284452978,174.03628073103644,175.26122767096697,486500
2016-12-23,175.1952667236328,175.81716486904637,174.90316697049502,175.66639906813072,190000
2016-12-27,175.4496612548828,176.25059189597116,175.12929474957406,175.12929474957406,264800
2016-12-28,173.1976776123047,176.2317711912287,173.13172655771177,175.69468777193106,312900
2016-12-29,172.5569610595703,174.62994078767073,172.0952461218298,173.4803765572312,376300
2016-12-30,172.50978088378906,173.50857892148574,171.52040031477858,173.46146282242526,372300
2017-01-03,174.2530059814453,174.9879856831019,173.13172305351063,174.14937066601385,421400
2017-01-04,174.5921630859375,175.66634391904924,173.80066444634224,174.6110123995889,436900
2017-01-05,174.90377807617188,176.52754179862632,173.9880503581006,174.34677880490142,342700
2017-01-06,177.3582763671875,178.60442652367985,175.9894097777276,176.67856071910583,647800
2017-01-09,175.8855438232422,177.51874248857092,175.5645710275177,177.51874248857092,285300
2017-01-10,175.59288024902344,175.99881386421922,174.22401390228075,175.24358719362004,500700
2017-01-11,178.39674377441406,179.17085560935374,174.705512801453,175.3191526171659,670500
2017-01-12,177.16000366210938,178.198447540811,175.2435878880702,178.198447540811,446300
2017-01-13,177.95303344726562,179.3785406248792,177.5942906269937,178.90651666348063,622500
2017-01-17,175.6117706298828,177.84915924053928,175.05477149642766,177.52818645517587,381800
2017-01-18,176.45199584960938,178.51001335023773,174.96039844404925,176.27262444441138,709600
2017-01-19,175.0453643798828,177.6887014486986,174.7432765347477,177.15058721748088,341500
2017-01-20,175.8006591796875,176.41428475543486,174.7527650882339,175.70624859648058,464100
2017-01-23,175.93276977539062,176.26319230720068,174.76214517657885,175.45131052520807,669000
2017-01-24,177.3677215576172,177.93414164660408,175.60234221412108,176.25373756072943,491200
2017-01-25,179.91664123535156,180.21872905716359,177.66980273957407,178.00022524955088,602600
2017-01-26,179.78445434570312,181.20052595913177,178.89704716315046,180.3225540681928,457100
2017-01-27,180.07711791992188,180.4264109964491,178.91594315887835,180.4264109964491,289900
2017-01-30,179.74673461914062,179.82226018824045,177.82088302469836,179.47296703555455,436200
2017-01-31,181.1155548095703,181.20051564433356,178.9725625231639,179.52011191112354,739700
2017-02-01,180.6529998779297,181.96522583302772,179.79391286426113,181.3232801997549,493000
2017-02-02,181.0305938720703,181.16275998270754,179.12362776216546,179.70893276569808,352100
2017-02-03,182.06900024414062,182.12564078896943,180.72845453144654,181.45537513513318,566100
2017-02-06,181.91802978515625,182.19181174648767,180.6152534618451,181.530966683979,376500
2017-02-07,181.5876007080078,182.52219881396144,180.94564071121644,182.45612295835093,428000
2017-02-08,182.21067810058594,182.30508865161642,180.52083871535035,181.7197835693048,483600
2017-02-09,190.886474609375,194.18120683000885,183.17360531376258,184.16485844879819,1325000
2017-02-10,193.11444091796875,194.266180536991,191.65116375560166,192.1137524239067,849200
2017-02-13,194.22842407226562,195.77666208347475,193.18053030580512,194.3889104899182,573500
2017-02-14,193.8791046142578,195.12525470525705,193.4920559390479,193.9924001530023,461500
2017-02-15,195.17250061035156,195.98438251607345,192.43475260034512,192.78406017707104,413400
2017-02-16,195.23849487304688,195.54059703960738,193.0294267989139,195.37066096966106,497700
2017-02-17,195.550048828125,195.62557437613688,193.79411945066857,194.93642355743836,1076800
2017-02-21,195.77664184570312,196.23921605905284,194.44553096009048,196.00320410366166,497000
2017-02-22,196.23922729492188,197.27768572011166,195.0874877342668,195.0874877342668,402300
2017-02-23,197.73081970214844,198.4105353079279,195.72944286570177,198.089562495484,557100
2017-02-24,198.1650848388672,198.25004568695516,196.79621835679595,197.51368952680576,624900
2017-02-27,198.28778076171875,198.77868961940678,197.0510805284305,198.08953880334258,845000
2017-02-28,197.4947967529297,200.1286981800631,196.68291506924686,198.28779344721718,645300
2017-03-01,201.04444885253906,201.39374196893644,198.8825710761169,199.83605427751326,506000
2017-03-02,200.87449645996094,201.45036621345093,199.7510772355274,200.92170173254735,342400
2017-03-03,200.94061279296875,201.12941950278375,199.44901529688158,199.60005202171644,290900
2017-03-06,200.44969177246094,201.3087788162541,199.41123332336727,200.07206397050518,281900
2017-03-07,199.9021453857422,201.0444496975873,199.49621169795552,200.00599123227357,598300
2017-03-08,198.51437377929688,200.0154063509159,198.2972468148239,199.3828960422153,637300
2017-03-09,198.83535766601562,199.84549580080153,198.363333731262,198.74096152208128,443700
2017-03-10,199.5433807373047,200.6573646423072,198.03291288623404,199.0336012587621,369200
2017-03-13,199.3451385498047,199.8926880069251,198.33500048105844,199.20352273562062,699300
2017-03-14,199.47726440429688,199.70382661322,198.14615380677964,198.71258813913437,453300
2017-03-15,201.9601593017578,202.41331266306486,199.3262720124137,199.66612983088012,526600
2017-03-16,199.14691162109375,202.44164414329808,198.92978462660184,201.7241584840628,627600
2017-03-17,199.13748168945312,199.8266326761967,198.24063899628894,199.34517339587376,742000
2017-03-20,198.46717834472656,199.5056367567681,198.26893636017232,199.25073980017115,279000
2017-03-21,196.3619384765625,199.3923381922247,196.34305348753247,199.3923381922247,491800
2017-03-22,197.0133514404297,197.80634819058298,195.83329160804897,196.99446644970396,340700
2017-03-23,195.8521728515625,197.3343204820608,195.42733979601192,197.14551379349774,673400
2017-03-24,194.94583129882812,196.1164555200387,194.07730922697127,194.9552665891117,607700
2017-03-27,193.5203857421875,193.89799914317237,192.11374917421736,193.00115651206244,706700
2017-03-28,195.7578125,197.02283348327242,192.8690276496794,192.99174410594688,491700
2017-03-29,195.91822814941406,196.54130312080704,195.08746152089012,195.31403816640358,315500
2017-03-30,197.23988342285156,197.31540896913023,195.60668489902184,195.691645736701,396800
2017-03-31,194.93643188476562,197.3815121853699,194.89866190663352,196.5979507969279,729700
2017-04-03,194.52105712890625,195.54063050802017,193.17106124919025,195.54063050802017,608800
2017-04-04,195.2574462890625,195.51234327818943,193.9641051603948,194.77598700295962,372400
2017-04-05,195.82484436035156,198.06602612997833,195.21963004819952,195.91940052914092,653000
2017-04-06,196.7987823486328,197.4039964191594,194.53868447578992,195.96660759061817,428200
2017-04-07,196.89340209960938,197.48915060526065,195.72079323212685,196.7137266474726,416400
2017-04-10,197.5458984375,199.20078274753465,196.35438692887564,196.89341331599246,352400
2017-04-11,195.7018585205078,197.9997907554811,193.84839644706292,196.5529504121232,514400
2017-04-12,194.30235290527344,195.50333025901304,193.74442388411913,194.61441856866,397000
2017-04-13,193.8673553466797,195.1629033468004,193.64040898653158,193.67822857007354,300400
2017-04-17,196.165283203125,196.165283203125,194.04702584306156,194.70897675887898,368700
2017-04-18,195.88153076171875,196.45837663249853,195.41815803619278,195.41815803619278,357500
2017-04-19,195.37091064453125,197.2432899133284,194.9548231560329,197.00687787935848,416300
2017-04-20,197.48915100097656,198.39697955011195,195.73971062704786,196.1274153919961,262100
2017-04-21,198.3496856689453,198.93598286375067,197.2149108537485,197.9335982031694,495900
2017-04-24,202.1134490966797,202.60519035505723,200.47748123814299,200.47748123814299,744800
2017-04-25,204.6004180908203,205.3380224349887,202.36868805657008,202.83206080793514,613500
2017-04-26,203.6831512451172,205.19619403307843,203.29543204665336,204.3167337641104,579600
2017-04-27,205.80145263671875,206.03786472147186,203.31439288769226,203.99526084613717,709700
2017-04-28,206.813232421875,213.30984455014942,205.75411118861277,206.1512816510861,1041700
2017-05-01,204.99752807617188,207.63589350767407,204.49633589861372,206.8415383926066,494100
2017-05-02,205.42312622070312,206.52008144504907,204.49639515228057,205.6879065259667,556400
2017-05-03,204.96923828125,205.30967219536555,203.4656611728421,204.6382556541156,458500
2017-05-04,206.35939025878906,206.57688534554367,204.7328738938217,205.2719003955669,499500
2017-05-05,208.89366149902344,208.92202978793685,206.0472658856331,206.8227042611196,530300
2017-05-08,208.88417053222656,210.00004259214435,208.40189528286817,208.5342854157965,434800
2017-05-09,209.83926391601562,210.30263658311142,209.00710357334816,209.05438885438926,353200
2017-05-10,210.5201873779297,210.77551641969612,208.8085665282923,209.66910981130255,405700
2017-05-11,210.6809539794922,210.82280986571268,208.52487725984608,209.85824467130902,375100
2017-05-12,209.442138671875,210.59583051662605,208.71400001877663,209.80148956991238,474500
2017-05-15,210.3121337890625,210.7376869819098,209.41377097089216,209.5839951339201,552100
2017-05-16,212.00485229492188,212.12779116676336,209.74475388701094,210.73768728936153,349800
2017-05-17,207.76834106445312,212.00484032185304,207.76834106445312,212.00484032185304,514100
2017-05-18,207.42788696289062,208.43027149741013,205.0164817654573,207.90071094554645,544700
2017-05-19,209.52723693847656,210.49178752148728,207.48463376955343,207.87235291752785,421600
2017-05-22,211.3145294189453,211.5036561518427,209.5272550985921,210.3972496134759,404200
2017-05-23,212.59112548828125,213.14905434762142,210.7565660516571,211.70221405573608,334900
2017-05-24,212.9410400390625,213.52735169458134,211.93865532502258,212.58170355991044,263700
2017-05-25,214.4257049560547,215.08765573485917,213.2341935542066,213.71646888674027,262100
2017-05-26,214.73777770996094,215.6455918284292,213.49898097634463,213.6881077152384,319500
2017-05-30,215.3240509033203,215.8063406275472,213.73536915854473,213.92449587633558,289900
2017-05-31,214.85125732421875,217.61254819749826,214.85125732421875,216.1657076787841,858000
2017-06-01,217.18702697753906,217.94354844647046,214.67159922585716,215.75910334664815,434500
2017-06-02,218.63380432128906,220.21303467468667,217.54631494476052,217.82054650276976,384500
2017-06-05,217.8395233154297,219.08777145552122,217.76386972672012,218.28397913069435,397400
2017-06-06,215.94815063476562,217.49901258208632,215.8724970727693,217.49901258208632,414700
2017-06-07,216.43992614746094,217.68817404619335,215.49427811561003,216.39264085997962,329700
2017-06-08,216.03334045410156,217.13029589035511,214.4919436141485,216.43997670609522,509100
2017-06-09,216.40211486816406,217.64091161125282,214.8701695131316,216.22243941453524,432300
2017-06-12,214.79452514648438,217.13972857209617,214.79452514648438,216.7331067843922,474500
2017-06-13,216.014404296875,216.18462847058981,214.32170042349094,214.98365125583538,351900
2017-06-14,216.40211486816406,216.94114122905052,215.39027887115046,216.81820235457914,304500
2017-06-15,218.18939208984375,218.38798454891688,214.56755796903172,215.00256246395855,401900
2017-06-16,219.5794677734375,220.43055965071352,217.5557815839875,218.80404389888153,697600
2017-06-19,222.4637451171875,222.7001571736351,219.7024540294132,219.9577830906217,434200
2017-06-20,220.28871154785156,222.35968309721466,219.83480452165165,221.6693640572417,280100
2017-06-21,220.02395629882812,220.56298267773775,218.4447255985453,220.23200004899192,391700
2017-06-22,219.77806091308594,221.08304537532533,219.62675376604713,219.93881934577328,274400
2017-06-23,218.927001953125,220.5724349583473,218.58656803581852,220.11852787842062,1180500
2017-06-26,219.94830322265625,220.9601536852868,218.87973060828594,219.91048364501444,370200
2017-06-27,217.61253356933594,220.19416324086643,217.45177512577914,219.55111503719453,229000
2017-06-28,219.6740264892578,220.5156526060405,218.21772053382708,218.87021994234993,296400
2017-06-29,217.41397094726562,219.89156449785918,215.986032997266,219.52276229430177,434000
2017-06-30,218.94590759277344,219.97666057826345,217.87732060207642,218.07591305580013,315900
2017-07-03,219.7118682861328,221.1019720981079,218.3785010494311,220.4116530498746,179900
2017-07-05,222.8183135986328,223.99267721441376,219.40883821136163,220.33696755797925,395800
2017-07-06,220.8104705810547,223.22551406628747,220.175932237301,222.21215160576594,511200
2017-07-07,222.0416717529297,223.67064147540023,221.09459700503814,221.09459700503814,312700
2017-07-10,222.31634521484375,224.6366755998432,221.2840226931393,221.32191377806836,443600
2017-07-11,222.8183135986328,223.40549540652327,220.95257490771164,222.28795397199417,358500
2017-07-12,225.081787109375,225.86786088097796,223.98317693813135,224.27676779655374,394600
2017-07-13,223.88844299316406,224.9681075234149,223.0360815828864,224.9681075234149,402200
2017-07-14,223.32972717285156,225.56482448803905,222.24059683142707,224.30521315203097,461400
2017-07-17,224.0210723876953,224.22943000495835,222.40158253222293,223.14976528423844,218000
2017-07-18,221.5681610107422,223.65172281629805,221.0946235798788,223.40548855468668,378100
2017-07-19,223.56646728515625,223.6422350006956,220.46952874935033,221.80490763970502,402600
2017-07-20,222.42056274414062,223.95481957293876,222.0417240849689,223.7180508301629,262900
2017-07-21,222.3447723388672,222.43947115559038,219.29519008679543,220.93362557338543,285900
2017-07-24,222.5814666748047,223.57589785097952,221.60598103612955,222.4393968203735,256700
2017-07-25,221.06617736816406,223.96422367242556,220.6021055572099,223.40545306107333,288900
2017-07-26,221.38816833496094,222.4015451623926,220.8767543747479,221.52075820992079,255700
2017-07-27,219.68344116210938,222.02270224173472,218.5469400263668,221.92800344789768,305300
2017-07-28,220.04336547851562,220.30854527836703,216.71913798316842,219.6171846895555,474000
2017-07-31,220.15699768066406,221.5207731502822,214.8060167954903,214.8060167954903,732200
2017-08-01,223.95480346679688,224.37151873630827,220.02444839986336,221.312456394766,522700
2017-08-02,223.28236389160156,224.57038627982956,222.39212566182215,223.7464357756479,490700
2017-08-03,223.87899780273438,224.1820686569186,221.23666562967918,223.41492597646993,311100
2017-08-04,224.13470458984375,225.2427802676487,223.54750844215607,224.3051711012538,260800
2017-08-07,223.9453887939453,224.37156970686448,222.30693843468495,223.85067550164354,226900
2017-08-08,223.49070739746094,224.64613981028086,223.0550610818686,223.40547413369913,263000
2017-08-09,222.09848022460938,223.53803779893974,221.61547733541755,223.53803779893974,205400
2017-08-10,217.0316619873047,221.6249660405122,216.99377090308698,221.3124296261811,602600
2017-08-11,217.39151000976562,218.41435237159155,216.64332739064398,218.06393937353343,388200
2017-08-14,221.57760620117188,221.93748476526923,217.53359313052002,218.9542051999505,449400
2017-08-15,220.98094177246094,222.94137888937905,219.40879430012572,221.64389117308028,354800
2017-08-16,220.7631378173828,221.87121357994738,220.10017390795218,221.22719521252702,376100
2017-08-17,217.16421508789062,220.4600307469495,217.16421508789062,220.40320858146413,290000
2017-08-18,216.1224822998047,217.30632588651616,215.46899832774545,216.73808963562405,404200
2017-08-21,215.73414611816406,216.9464150661633,215.2795542946728,216.16980685195276,323000
2017-08-22,220.1948699951172,220.63053072009296,216.36869452663908,216.36869452663908,325600
2017-08-23,218.81219482421875,219.4562133187871,217.81777766617463,218.4712472567925,315900
2017-08-24,216.90855407714844,219.9676018292772,216.55814100326077,219.30465231737531,282400
2017-08-25,218.5469970703125,219.0489456074227,217.4389211798306,217.4389211798306,247200
2017-08-28,217.82717895507812,219.65502617233633,217.6567124472607,219.16255773783297,346200
2017-08-29,217.32528686523438,217.60941223646756,215.86678337013845,216.8801604889196,282500
2017-08-30,219.37094116210938,219.45617442605632,217.07902187384317,217.46731156000638,349100
2017-08-31,218.45225524902344,220.07174490430666,217.94082681488217,219.96756610855292,425900
2017-09-01,217.91250610351562,219.43729759125455,217.28743306975997,218.96376004166135,293900
2017-09-05,216.88954162597656,217.74191740794538,215.42158760647277,216.61489635977583,320500
2017-09-06,217.43885803222656,218.2154661554036,216.57701666173847,217.81769655007335,298900
2017-09-07,217.78932189941406,218.52803906877304,215.9993511503959,217.47678548911384,267300
2017-09-08,221.97543334960938,222.13643435837352,217.0127553657046,217.4294706595492,348100
2017-09-11,224.28623962402344,224.68400926783886,222.00378610600364,223.1308073224206,297700
2017-09-12,224.80714416503906,225.79211006511292,223.8695493471631,224.67455426901546,152100
2017-09-13,223.11187744140625,224.68402503769687,222.3542147304409,224.59877732494277,271400
2017-09-14,223.89791870117188,223.98315195032507,222.47730674377024,222.62884215418399,241400
2017-09-15,225.24278259277344,225.49849681374138,222.82773916437534,223.31074206956959,409100
2017-09-18,225.22384643554688,226.6728696627139,224.4756637334414,225.82997370409248,375800
2017-09-19,225.9720458984375,226.60658426018045,224.44725494071625,225.26173982095023,241700
2017-09-20,233.1887664794922,234.2116090330242,227.47790639401651,228.86062755717296,801700
2017-09-21,233.5107421875,234.39152919752652,231.294590796409,233.12243808145377,398700
2017-09-22,233.13194274902344,234.43889618270833,232.45004771787697,233.06564057458823,319200
2017-09-25,231.3324737548828,233.54863965780916,230.00657488237462,233.17928108252374,310000
2017-09-26,230.52749633789062,232.6773458763784,229.90242345875328,231.80603873480007,263000
2017-09-27,228.2733917236328,231.95751137253598,227.61990793159407,231.13356108755406,370400
2017-09-28,228.91746520996094,228.93639630182605,227.33583751510054,227.69573057754963,391200
2017-09-29,230.51805114746094,230.92530091550017,228.10302143823685,228.59549003747892,305800
2017-10-02,234.68516540527344,234.78934422334086,230.56538376949885,230.56538376949885,343500
2017-10-03,236.63607788085938,236.71184558868705,234.35362445539323,235.40487791828173,341700
2017-10-04,236.4467010498047,237.81049109138053,235.97316364376945,236.63611312197582,255700
2017-10-05,238.06846618652344,238.5521471997474,236.1432064959724,236.87346743273173,265700
2017-10-06,238.98841857910156,239.159124416647,237.2528368732133,238.14433928217798,206300
2017-10-09,238.29603576660156,239.52896412961616,237.651127852363,239.43413239184565,587200
2017-10-10,238.77023315429688,239.46257863099666,237.82182896632406,238.71333121845842,493400
2017-10-11,237.0157012939453,238.9314673924038,236.19057978470835,238.81766351726762,424000
2017-10-12,239.04531860351562,239.2349965786532,236.24752867360579,236.3139094527281,296000
2017-10-13,237.19589233398438,240.09800682313812,236.61736520257466,239.18753243855096,368800
2017-10-16,238.7797393798828,238.8745711209124,236.38027781218085,237.28125894521315,187800
2017-10-17,237.76495361328125,239.0642773366917,237.45197845967877,238.428833724786,511900
2017-10-18,237.31918334960938,238.41933571533175,236.3802724358204,238.07790961809033,228800
2017-10-19,238.9599609375,238.9599609375,236.08628250883038,236.83553003226456,299600
2017-10-20,241.6724090576172,241.6724090576172,239.16860762249868,239.81353012074194,223900
2017-10-23,240.64808654785156,242.8483767632898,240.39201336222527,242.7061219221083,240300
2017-10-24,241.681884765625,242.46906212090835,240.5153514549892,241.8431117702249,253200
2017-10-25,241.99488830566406,242.79154458818314,240.61021141047294,241.5396437400785,295400
2017-10-26,244.2330780029297,244.46071472836843,242.06123840701946,243.16140539862965,273200
2017-10-27,244.280517578125,244.51761866776258,241.2930351657903,243.86321734492253,396500
2017-10-30,243.78732299804688,245.45652389121213,235.23272630658184,239.32983998453102,565000
2017-10-31,244.8495330810547,247.59989956267887,243.3605314918891,244.4132462957831,453700
2017-11-01,244.8874969482422,246.79379909236764,243.8347819356992,245.94970526673794,361700
2017-11-02,243.43643188476562,245.40912922409615,242.64926897596882,244.7452345738781,335600
2017-11-03,244.7451934814453,245.87379683152182,242.9052869582786,243.69247867791188,363500
2017-11-06,244.8780517578125,246.25322090735182,243.38904975694538,244.5840486803175,236700
2017-11-07,246.9170684814453,247.8844304604537,244.43225381424526,245.43756006978418,357800
2017-11-08,245.88331604003906,246.93603095447875,245.36167629234998,246.6894365667347,355500
2017-11-09,244.527099609375,246.0350881115573,242.59236095421537,244.6598901212174,597800
2017-11-10,244.8780517578125,246.23426323696796,242.73464834109953,244.3564119206701,408900
2017-11-13,242.8294219970703,244.3563388823081,241.79565040998105,244.02439162025655,443800
2017-11-14,243.36053466796875,244.66933715486417,241.103327937584,242.86734593783393,299000
2017-11-15,242.2129669189453,243.7493916831981,240.75243070468116,242.59232283988385,336000
2017-11-16,243.26573181152344,244.2615448674677,241.90952044794042,243.0001797337379,320700
2017-11-17,243.114013671875,244.29002602694842,241.39740378854648,241.9664522949724,345300
2017-11-20,244.7926483154297,245.9971404393727,243.0475876745969,243.08553195502967,207200
2017-11-21,247.04039001464844,248.08361170650736,244.63143472014417,245.06769264272185,357300
2017-11-22,247.13516235351562,248.3681052224817,246.3954082093361,247.1541489616999,251800
2017-11-24,246.92649841308594,248.3206537154111,246.35747905948273,247.6378015480886,100700
2017-11-27,247.1826629638672,249.2786287496915,246.5472192306585,247.590469941818,331500
2017-11-28,251.36509704589844,251.6401134684552,246.12988651000407,247.6757902314945,447500
2017-11-29,248.70957946777344,251.97209316679246,248.444027373342,251.6685967894401,398700
2017-11-30,253.42311096191406,254.01111701110128,248.73799129238597,249.24064442569144,421000
2017-12-01,247.15414428710938,252.5600309483299,244.0433796187545,251.97202496574448,496300
2017-12-04,248.35861206054688,250.97621700744975,248.21635721408484,249.93296656172757,552900
2017-12-05,244.8780517578125,248.91823521819896,244.5650620669254,248.91823521819896,348900
2017-12-06,245.5513916015625,246.85070102473858,244.5745362076924,245.0487384172023,302900
2017-12-07,247.04039001464844,247.8939481911719,245.36169569304656,245.78848925281105,432500
2017-12-08,247.13516235351562,248.47241579549404,245.49444155359197,248.47241579549404,269900
2017-12-11,243.227783203125,247.53354726339566,242.47855009802646,247.53354726339566,649800
2017-12-12,242.2414093017578,244.18564088851966,241.3214560310193,242.92427598394028,699900
2017-12-13,242.69664001464844,244.19513492678945,240.42047561986521,241.9758579996505,447400
2017-12-14,239.35830688476562,243.0096696100394,239.21603754199364,242.6872011159912,359400
2017-12-15,239.5858917236328,241.42579839711178,239.34879064656596,239.97474096318274,909600
2017-12-18,247.8370361328125,249.02254159157232,239.99372796563696,240.9705833059349,997300
2017-12-19,245.76950073242188,248.1025671735147,245.76950073242188,247.63782939182002,493000
2017-12-20,245.61781311035156,247.04988425489586,245.1625685210806,246.02562010779752,553400
2017-12-21,245.0487060546875,246.43336821954836,243.0191069733827,245.70310733282767,210300
2017-12-22,246.13941955566406,246.43342263621287,244.78320806242175,245.66521730406814,310700
2017-12-26,247.2679443359375,248.48190055497466,246.06348142066602,246.59458545755734,277900
2017-12-27,247.1636505126953,248.67163894023284,246.5282357889197,247.27748334992816,282600
2017-12-28,247.15414428710938,248.06460422972552,245.84534183916134,248.06460422972552,222100
2017-12-29,245.6367950439453,248.33975398264516,245.6367950439453,248.33975398264516,283800
2018-01-02,247.11618041992188,247.18257565604583,244.9253691718113,247.00237655399366,360300
2018-01-03,248.55784606933594,248.7285808811358,244.65042404319075,247.2016345400397,347800
2018-01-04,251.1943817138672,252.0384755434194,248.85185057312387,249.25016422290778,367100
2018-01-05,253.2428436279297,253.9636399808275,251.04256818849646,253.13853307316566,343900
2018-01-08,254.69911193847656,254.91756430647027,252.72335868771813,252.89432897254125,397700
2018-01-09,256.769775390625,258.22308048186375,255.37346038234975,255.50642757998637,331300
2018-01-10,255.2975311279297,255.80096300420374,253.77775647431673,255.66799576654213,268100
2018-01-11,258.8404846191406,259.0494579130254,255.06948630756128,255.85786842349745,348200
2018-01-12,261.4811096191406,261.70906992523044,258.7454699947372,260.36974515129,249800
2018-01-16,261.1011962890625,263.0199300586771,260.1133198687833,262.14606279245055,289100
2018-01-17,262.7254943847656,263.2289261543803,261.6426537240899,262.0795873950407,336000
2018-01-18,262.5640563964844,263.504421923955,262.02262152219043,262.9724950611595,319100
2018-01-19,261.87060546875,263.19091444882434,260.8922370057011,262.5640235009444,645300
2018-01-22,262.2316589355469,262.7445699006732,258.8025995483146,261.2817851644799,320200
2018-01-23,262.7635192871094,263.4189343419492,261.2911979226526,262.41207071900334,289200
2018-01-24,262.6495666503906,263.42844099606106,261.0442778970117,263.1149954528799,443100
2018-01-25,265.0906677246094,265.9075739592856,261.96560496830165,263.11494371776683,585300
2018-01-26,269.8971252441406,269.97310238498557,264.5683187487638,265.61318560941066,297000
2018-01-29,267.1993408203125,270.305444983611,267.161366760529,269.1181033891591,301100
2018-01-30,265.6130676269531,267.86426264302764,262.9914081207237,265.8410279360751,378900
2018-01-31,266.52496337890625,267.97826846441905,264.0078047651533,267.0188870919221,1206500
2018-02-01,267.15191650390625,268.78570005057253,264.23579796045357,266.3540262584885,537900
2018-02-02,270.9039306640625,275.86227143626814,263.1054484479524,266.5819888963117,678300
2018-02-05,253.37889099121094,275.036006723528,252.46702006244342,270.91355701780856,1009700
2018-02-06,255.31649780273438,256.3708434389707,245.36181341380072,248.33492200928478,970600
2018-02-07,252.84681701660156,259.1729776982144,252.84681701660156,254.48060051684845,616700
2018-02-08,246.39715576171875,253.28373795641738,246.23569351585874,253.28373795641738,834300
2018-02-09,248.42042541503906,250.29167744577916,241.36287197962676,248.80036903294854,637100
2018-02-12,256.5798034667969,258.7645297245999,248.52489542072567,250.0921807655137,571000
2018-02-13,256.9122314453125,257.3871680931585,252.78027681148606,255.38292036557556,392900
2018-02-14,257.5011901855469,258.2800933719412,253.9961548346099,255.6584333727786,504700
2018-02-15,261.9276123046875,262.16508067486404,254.13863816776282,258.6600452120317,434000
2018-02-16,262.4596252441406,263.5614823218039,260.046937694984,260.5503696454136,492600
2018-02-20,262.8679504394531,263.97931505095977,260.2938016910142,261.2721701148896,418700
2018-02-21,264.47320556640625,268.4246818176275,263.2098868817092,263.28586398807647,531600
2018-02-22,265.5847473144531,269.38424290124686,265.0433122362508,265.4137769701316,456800
2018-02-23,267.04742431640625,268.377241292415,265.2806447006949,266.9904052430153,310700
2018-02-26,271.0273132324219,272.21465475796714,267.8452611342247,268.4246698845323,282300
2018-02-27,266.2779846191406,271.55930713711973,266.1830204739913,270.9418662666434,452700
2018-02-28,261.3006896972656,268.37725865239116,261.2911816864461,267.32288402575045,417700
2018-03-01,254.08163452148438,263.1149401171371,253.83468714140656,261.21519325708556,551500
2018-03-02,254.57559204101562,255.46847540104486,251.3459991279718,252.44785580604696,420500
2018-03-05,258.8690490722656,259.866404749515,251.88747236799503,253.9676978551418,418500
2018-03-06,260.01837158203125,260.654799603631,257.3112552039327,259.4009595833042,326300
2018-03-07,265.3851318359375,266.3729792586179,257.4536834862147,257.4536834862147,562500
2018-03-08,265.670166015625,267.09497650418336,262.25061504551616,266.7055248254362,434900
2018-03-09,270.751953125,271.51184033707295,266.1735558544872,266.4205322429384,621800
2018-03-12,268.652587890625,271.66369828005065,267.9307040684554,271.5687051753946,289600
2018-03-13,267.5414123535156,270.35303020535645,265.96461863591867,270.068079709098,357000
2018-03-14,265.8221130371094,270.00155076948244,264.8342364498009,269.62160715523754,321000
2018-03-15,268.6812438964844,269.84009089679915,265.67966870338347,266.354070871188,419400
2018-03-16,272.30029296875,273.1171703964909,268.9092370691053,269.2226826200692,744700
2018-03-19,269.6120910644531,271.98677481712184,267.32289244833987,271.0749043726919,342100
2018-03-20,274.48492431640625,274.55142241312427,270.2009859008115,270.66644359000117,520600
2018-03-21,275.33038330078125,278.284505651555,273.04121313876806,274.48501076140184,431000
2018-03-22,266.781494140625,273.04118687943975,266.4300455351412,272.7372203603781,379200
2018-03-23,261.0157775878906,268.8427268635606,260.3888575263187,266.99046172765065,467600
2018-03-26,268.3582458496094,268.9281757366968,261.994110909341,264.06482814418183,337000
2018-03-27,263.50439453125,270.229485733392,262.4215248952322,269.1941271620876,327900
2018-03-28,262.6304931640625,265.39462830053225,261.2436860845822,264.10281436081607,341000
2018-03-29,266.6199951171875,269.80207714074777,264.1788132643448,264.97670352605303,373400
2018-04-02,260.8162536621094,267.15192268087014,256.60832100149736,266.61999583829265,582100
2018-04-03,262.7730407714844,262.7730407714844,257.5107330279746,261.6236728698116,708800
2018-04-04,262.9629821777344,263.295443707782,256.51333285103203,257.8431789712226,676700
2018-04-05,261.7471008300781,265.15714271481744,260.33179879942014,265.119139663814,645600
2018-04-06,254.79598999023438,261.6453562660536,253.53077474983903,260.37061874303856,565300
2018-04-09,255.02426147460938,259.5524546851951,254.50105855851217,255.76627364487507,625500
2018-04-10,259.8378601074219,262.0733898533678,258.1064887112772,259.35268825772255,466400
2018-04-11,256.8698425292969,259.11492411339435,256.31810167473583,257.5452859769274,441500
2018-04-12,261.0270080566406,262.273207717803,258.4489662565534,258.4680108210999,366700
2018-04-13,259.8092956542969,262.8820023450951,258.6201717225965,262.76785109266723,318600
2018-04-16,260.97943115234375,262.56811366384346,260.56085716241626,262.1019572928998,371300
2018-04-17,263.27203369140625,264.8036113525417,261.9402207183873,263.233973597507,452200
2018-04-18,266.04034423828125,266.7823564711077,263.08178855789026,264.651455501216,436300
2018-04-19,266.34478759765625,267.31510242920916,263.0437778761554,265.5456996720214,393900
2018-04-20,268.39959716796875,270.8444142935823,261.5787684454255,264.4041285143203,915900
2018-04-23,263.5954895019531,269.1796111113175,260.42767596789497,269.1796111113175,670400
2018-04-24,252.90292358398438,263.83334320223105,248.55547883483842,263.83334320223105,991800
2018-04-25,254.7770233154297,254.92923470978772,248.22255623036412,252.32265449951979,846100
2018-04-26,253.2452850341797,255.14788293180152,250.92411327657382,255.06226951016933,452300
2018-04-27,255.21458435058594,255.49046928642585,252.39874644866873,253.24538776024391,377000
2018-04-30,251.32379150390625,256.8413164266314,251.30477596714098,255.46194971162703,527500
2018-05-01,251.87551879882812,252.24653948089366,247.49004272427254,251.12401321385562,511200
2018-05-02,249.84922790527344,252.97898127152058,248.7361951027527,251.0573673997021,637600
2018-05-03,251.7803497314453,252.71260428479022,244.9024466735044,249.0215590707808,430900
2018-05-04,256.0897216796875,257.1266341839396,249.3259701845127,250.3724049695105,366600
2018-05-07,257.4405822753906,257.80208061277835,253.98736156903044,256.46074527047784,381200
2018-05-08,258.4680480957031,258.94369777638616,256.0232017694677,256.5178669860911,274400
2018-05-09,261.67388916015625,262.2446745109622,256.69858367899656,259.71421504642313,303100
2018-05-10,265.6312561035156,266.1639812729153,261.8736130748467,263.0246768482269,473700
2018-05-11,265.8214416503906,266.8583539558922,265.13650528889053,265.7168127076175,390200
2018-05-14,265.0700988769531,267.58151438733273,264.6705403248203,266.3638522241338,340000
2018-05-15,264.9083557128906,265.13665828802164,262.27326672040334,263.8143671652478,306400
2018-05-16,262.32073974609375,265.1936527183203,261.79753682786026,264.18527794515853,401600
2018-05-17,261.84515380859375,262.5776438784061,260.42772702533046,262.33032578143286,454000
2018-05-18,262.0544128417969,262.9771743011963,261.0270223970372,261.64536112045226,542100
2018-05-21,267.5149230957031,268.3806091206781,264.04268574216735,264.1188059593941,407200
2018-05-22,266.15447998046875,271.1107405154574,265.8120262151398,268.26636529403737,439400
2018-05-23,265.29827880859375,265.8595417539653,262.50145733074737,265.5456258470547,339300
2018-05-24,268.2188415527344,268.5137420047661,264.4707200957544,266.297198441799,469100
2018-05-25,265.7169494628906,267.41975444842575,264.35659831868554,267.41975444842575,247900
2018-05-29,260.9033508300781,264.584874412875,259.7142267254874,263.6525906635898,417500
2018-05-30,265.1080322265625,266.5920565336759,261.1982067720299,261.9497121754873,358900
2018-05-31,262.35882568359375,265.1080653925188,261.52167770688266,264.8417027664152,533000
2018-06-01,265.8214416503906,267.3910790113547,263.6239435387733,264.87966504007983,260400
2018-06-04,266.5541076660156,267.2580599430043,263.8904518854982,266.4304340970627,226700
2018-06-05,268.36151123046875,269.48403732356405,267.06772921684455,267.3531363968275,251500
2018-06-06,269.94073486328125,270.18805297313384,265.9833257607398,268.6184147238794,401800
2018-06-07,270.4638671875,272.06204284027433,269.9977398799442,270.66363188626,273300
2018-06-08,271.67205810546875,272.05260107406116,269.52214129595455,270.79687895295217,220300
2018-06-11,271.62451171875,272.5472732816908,269.1701720839354,271.82427646043936,304900
2018-06-12,272.3855895996094,273.70790991994784,270.8064578813234,271.8719087409972,282500
2018-06-13,271.595947265625,273.89810432097016,270.6636635102397,272.34748183342185,324600
2018-06-14,269.4175109863281,272.36654510818425,268.742096500893,272.36654510818425,365200
2018-06-15,270.1690673828125,270.54958138975616,265.8216215493026,267.52445584222096,577200
2018-06-18,267.9429626464844,268.6944972175637,265.48859421027356,267.46731299945833,332900
2018-06-19,262.94866943359375,265.6122961288542,261.72148508443456,264.87980604549597,453100
2018-06-20,263.99517822265625,264.8703576532419,262.66333547212395,263.08190964548635,397300
2018-06-21,262.67279052734375,264.67052511045785,260.77971397646377,263.3387117321666,501800
2018-06-22,262.7677917480469,265.35532600030064,262.45387587476637,264.7845408357239,1063800
2018-06-25,259.828369140625,261.63583191174195,256.69858647521426,261.63583191174195,420100
2018-06-26,259.9519958496094,261.1030596074505,259.21947697806536,261.1030596074505,447100
2018-06-27,256.7461853027344,266.52554107082125,256.45125580711164,261.1697212981602,460100
2018-06-28,258.3062744140625,259.333664791381,254.21569940643505,257.29789956973855,372200
2018-06-29,262.4730529785156,264.81324165940936,258.79152849611916,259.89503941859,449400
2018-07-02,261.22674560546875,261.51212373051163,257.14566422928283,260.8367094803465,429600
2018-07-03,259.5715026855469,263.47183546588565,258.65826352283545,262.3873694035439,178300
2018-07-05,262.5586242675781,263.1579475114662,259.3527500583129,260.6560255410015,369800
2018-07-06,263.12359619140625,264.03823316934484,261.0657066033359,261.99938761524203,257100
2018-07-09,267.32501220703125,267.7918379923236,264.02859298312154,264.3620524332659,276300
2018-07-10,267.70611572265625,268.31587351294587,265.46723584074425,267.88713574947025,317300
2018-07-11,263.6380615234375,265.9912934217972,263.08549381981214,264.72415289775614,377100
2018-07-12,268.6017761230469,268.96381630717246,264.22877147372066,265.94369407091625,289500
2018-07-13,270.0498046875,270.7166944754023,269.1828217958639,269.1828217958639,303100
2018-07-16,269.2304992675781,271.8600290344214,268.7731808940412,270.68816705683827,505900
2018-07-17,269.65924072265625,270.25946201018434,267.2297749909881,269.2305029244636,315500
2018-07-18,270.38330078125,271.8219246086036,268.97328661125533,270.24039786873095,383900
2018-07-19,270.0594177246094,270.9264009551351,267.7919275947512,269.3067859158502,318500
2018-07-20,271.27886962890625,272.4031070701133,268.8875499809646,268.8875499809646,383300
2018-07-23,269.02099609375,270.6406404795399,267.48712255738525,270.6406404795399,333500
2018-07-24,269.3639221191406,271.5075531495139,268.3159189115424,268.4302412478519,476900
2018-07-25,274.94677734375,275.65178421435905,268.6207013828359,268.6207013828359,529200
2018-07-26,289.2281188964844,297.6121127524437,278.0812586130635,280.3868358441881,1429400
2018-07-27,284.7123107910156,290.58109977044415,282.62584089618355,290.58109977044415,902900
2018-07-30,280.3489685058594,286.67504965927327,279.8154446402053,284.95061911584315,528700
2018-07-31,287.6276550292969,287.9325339896085,281.1014833422377,281.1014833422377,726300
2018-08-01,284.3121032714844,287.28459953195767,284.0643855581619,287.28459953195767,549700
2018-08-02,282.5305480957031,283.1021888317175,280.33929252831274,281.23485623060236,519500
2018-08-03,281.09197998046875,283.7595982351194,278.4148251722756,283.3022797879543,302100
2018-08-06,281.60638427734375,282.5591090796656,279.9867695583088,280.84421606542776,236500
2018-08-07,285.2744140625,285.74126904133055,281.2920308993671,282.13997002888163,283600
2018-08-08,282.6353759765625,284.8742853354758,281.3777721143401,284.8742853354758,250900
2018-08-09,281.5016174316406,284.68371499635975,281.2158116016695,282.463878850636,274000
2018-08-10,279.3866271972656,280.73950959163744,278.52918044794967,280.73950959163744,246300
2018-08-13,278.2909240722656,280.8442195966271,277.1571792172592,279.38655179374086,285800
2018-08-14,280.9299621582031,281.49206631129346,277.59542529844924,278.7387067088779,288500
2018-08-15,279.60565185546875,281.38724236976145,277.995544807024,279.26265584892275,353800
2018-08-16,281.1966857910156,282.47333338369384,280.0629410865383,281.4158229361571,271400
2018-08-17,283.79766845703125,284.7122761253003,280.37738990942125,280.48217568163227,778900
2018-08-20,286.87493896484375,287.51327734795154,284.06441836347216,284.6646396151632,449600
2018-08-21,289.2663269042969,289.9427534362999,287.046490700046,287.046490700046,417700
2018-08-22,285.341064453125,289.228168665094,284.4836179876019,288.2087752729505,337000
2018-08-23,283.1593017578125,285.7792946995763,282.75917366316855,285.70308951602294,385100
2018-08-24,282.5971984863281,284.83610736708954,278.13845382688663,283.616620902759,681700
2018-08-27,283.5024108886719,285.9985459626275,282.61638353644105,284.7409418708314,512000
2018-08-28,284.53131103515625,286.31290210562895,283.72148898270706,284.6265893486548,309700
2018-08-29,284.3502502441406,285.64597115748904,282.47338112892953,284.9695155809163,477900
2018-08-30,282.6829528808594,284.7694224126639,281.3967686513446,284.05487884902817,274200
2018-08-31,284.26446533203125,284.836105969505,282.2637376382985,282.8734954048973,408800
2018-09-04,283.63568115234375,285.3791837511693,281.96841281650256,284.264482985129,396200
2018-09-05,287.5037841796875,287.7229213748353,282.4162366748239,282.9307162645997,519100
2018-09-06,288.7804260253906,290.2285864589447,286.60821444991564,287.5990564715806,586800
2018-09-07,289.6474304199219,290.43820841467755,287.1131785500459,288.22787954059436,336800
2018-09-10,291.7815246582031,293.62981321088535,291.28608912355304,291.5147628606436,429300
2018-09-11,290.9526672363281,291.981597321491,290.15235274526617,290.74306659816546,443800
2018-09-12,290.104736328125,293.5345518336752,289.8379745151854,290.94313890446585,670000
2018-09-13,296.2593078613281,296.3641227125662,290.8287937227156,291.4290150233978,328800
2018-09-14,296.135498046875,297.74560561791503,293.74417807512935,295.9068533515328,305400
2018-09-17,296.6784973144531,297.8694033160966,295.1827123984241,296.459389218057,416900
2018-09-18,296.7833251953125,297.27873164680557,294.1728393541652,295.48760428969655,393200
2018-09-19,294.2967224121094,297.49789326701114,293.3535340438564,296.58325640854935,339200
2018-09-20,295.13507080078125,296.27835212649495,292.8961618315889,295.4875743050016,305500
2018-09-21,291.5814208984375,293.2868064751941,289.99992327569265,292.4769845594256,879600
2018-09-24,285.3506774902344,291.24804763724103,285.29351631553476,290.6382896739655,582200
2018-09-25,283.93109130859375,286.8369199756267,282.8068827973474,286.35102092633406,457300
2018-09-26,282.04473876953125,284.8647968448264,281.3016143755392,284.36939027378565,380900
2018-09-27,280.3392333984375,284.25491782574704,280.03435452688825,283.24503200423345,443600
2018-09-28,282.20654296875,285.61731328656043,279.9962440144387,280.0534051639128,723200
2018-10-01,284.6075134277344,287.4466149578212,283.84531608000344,284.9695244586936,650800
2018-10-02,283.8642883300781,285.36004376103307,283.21641354597915,284.32157750138845,511400
2018-10-03,284.0644226074219,286.97022154332205,282.13992902748384,284.87424448172527,322000
2018-10-04,282.2928161621094,284.2009090492419,280.327453702391,282.8747705173951,329200
2018-10-05,280.8997802734375,284.1912508946487,279.45919049133306,283.3039950281225,398200
2018-10-08,278.7628479003906,281.0811738972348,277.3508486053243,280.8522120551332,350900
2018-10-09,276.0056457519531,278.6006534430821,275.0611490168812,278.6006534430821,358700
2018-10-10,267.6481628417969,276.71160288439575,267.4477921516076,274.9847813739152,606300
2018-10-11,260.712158203125,268.1728054334336,260.08248430519143,266.88483742016837,787300
2018-10-12,266.341064453125,267.53362208665675,261.7616256712571,264.98630617075526,884700
2018-10-15,266.6463623046875,268.1823918218776,265.1103619026768,266.1788889849763,555600
2018-10-16,274.01165771484375,274.48868091366535,267.53370363778015,268.1728984196972,528300
2018-10-17,271.25445556640625,273.7826724808968,268.9361300060536,273.4392006672244,387500
2018-10-18,266.2457275390625,271.03502983635445,264.66200707059113,269.89019166114053,353700
2018-10-19,265.2345275878906,268.039427164388,263.36457512676293,266.9708704229461,372000
2018-10-22,265.5778503417969,267.3142215069753,264.08954051883853,265.62557012347514,292200
2018-10-23,259.0711975097656,260.731257462499,253.84304370313913,257.6496781886464,601600
2018-10-24,251.31495666503906,260.95080359127945,250.64711242956938,259.1667411894728,548600
2018-10-25,253.14669799804688,255.51274382925425,250.67572102581113,252.85094590854456,761500
2018-10-26,272.2657165527344,284.27715504065395,259.5673636176934,262.4581225170001,1710200
2018-10-29,264.7478332519531,279.62141073253844,260.1302529153624,276.0341875308974,877800
2018-10-30,268.6117248535156,268.9361262177634,263.4408101978766,266.17891842793546,791200
2018-10-31,269.8997497558594,274.57457179544656,268.71674140952484,270.6630044270338,635300
2018-11-01,271.0063171386719,271.85543209377136,268.0583183542567,270.5483645557354,495000
2018-11-02,272.17034912109375,274.79397665644734,270.13822568073573,271.95090797303396,447500
2018-11-05,275.0897216796875,276.40631030405797,272.8572567095226,273.1053180779356,552600
2018-11-06,276.3681335449219,277.8850637139236,274.7176520297807,275.03247450761063,530200
2018-11-07,282.42626953125,283.03687301856183,277.35073722488323,278.8581463871989,419700
2018-11-08,282.9034118652344,283.5998763024971,280.3656446420778,281.2910709260289,326100
2018-11-09,283.1705322265625,284.41078099934964,280.1557418684286,282.35006623245147,486300
2018-11-12,276.0437316894531,283.6951719447335,275.29002701824646,283.1609083870929,419300
2018-11-13,277.32220458984375,280.81401795835166,273.61097917986973,276.78794092730345,424800
2018-11-14,274.74627685546875,280.4896253696672,273.69682005315775,279.8408808428509,375400
2018-11-15,280.9189147949219,281.21466678724306,273.08617454229307,273.08617454229307,375500
2018-11-16,284.1054992675781,284.5729727091941,277.5416550615696,278.61973220383146,398800
2018-11-19,280.5182189941406,285.21213937609207,279.1157698356778,282.7602335148371,425300
2018-11-20,273.8971862792969,279.21123188561967,272.7427982504718,279.0585809628945,553300
2018-11-21,275.2519836425781,276.87384533312456,274.192976816077,274.67954988083625,229900
2018-11-23,272.09405517578125,274.431451474719,271.64565218628263,272.52335860284165,132900
2018-11-26,272.6187438964844,275.14696089523477,270.13821756905264,274.7367279533059,509800
2018-11-27,272.1512145996094,274.5267802009115,271.1876186693626,271.8363630649922,519200
2018-11-28,280.6231689453125,280.68040938926123,271.77914185789444,272.51377608053645,408600
2018-11-29,280.3656311035156,282.20693380049494,279.18262279916627,280.20345950833877,260700
2018-11-30,283.9147644042969,284.3727173186149,279.85051599591236,280.4420494284382,414300
2018-12-03,287.2156066894531,289.79154316364657,284.02909576626547,287.5018380283526,517200
2018-12-04,273.4869384765625,286.71000731317906,273.05760595997214,285.59378935433995,498000
2018-12-06,274.021240234375,274.6222941951308,264.6048058230378,269.13652675327035,771100
2018-12-07,271.7315368652344,276.07243688597646,269.52769173283434,274.02124269062784,776700
2018-12-10,272.24664306640625,273.12437848879955,268.43045779808983,271.61699811849513,489800
2018-12-11,268.5545349121094,277.398564434325,266.7895722124889,275.957944929587,437800
2018-12-12,271.28314208984375,275.6335920250092,271.1018709162794,272.62835121804744,284000
2018-12-13,268.27777099609375,273.19110251535096,267.0565931707718,272.87625100251137,373400
2018-12-14,261.2560119628906,267.3714516934838,259.6532213096951,265.23439748922306,572000
2018-12-17,254.31053161621094,262.3817536454526,253.72857745784228,259.9966383435935,552500
2018-12-18,256.5144348144531,258.6419686344268,253.50919466605544,255.7702798337529,616800
2018-12-19,257.0867614746094,262.42942457947845,254.03380281034944,257.73550572833386,798900
2018-12-20,250.7042999267578,257.7069966765259,248.24287314228047,255.7893541866947,698500
2018-12-21,246.2202606201172,254.49185499715318,244.83691092991725,249.46404138926573,876000
2018-12-24,235.6589813232422,246.32522697984734,235.54450042081302,244.54116498156392,292700
2018-12-26,247.4891357421875,247.6990270771607,234.30420987064454,235.64941854726638,452400
2018-12-27,252.96539306640625,252.9940132933383,243.57758013529119,243.9210374160682,531100
2018-12-28,251.696533203125,256.48583574417984,251.01913928282238,254.46326199469203,464300
2018-12-31,254.2724151611328,255.81799465893803,251.1813143958887,254.72081809690937,326100
2019-01-02,254.35841369628906,254.71143548338318,249.65496976903896,250.81890807688737,374800
2019-01-03,246.90719604492188,253.07035673615462,246.0390394444968,252.02089987579103,401400
2019-01-04,255.19784545898438,255.2932559157554,248.54814132309727,249.91244971303712,515400
2019-01-07,256.7052307128906,258.9663156602477,253.9289526398127,255.15013067157935,342300
2019-01-08,257.2145690917969,261.00863258341553,253.57336125757604,259.71847367086986,521800
2019-01-09,259.61346435546875,261.1234725264665,257.9696746052929,258.6004341895276,299700
2019-01-10,262.9870300292969,263.20684944850814,256.50744652022127,258.60997828762714,269600
2019-01-11,261.05645751953125,262.36574902384103,259.38399890723645,261.2667106259771,308800
2019-01-14,259.2980651855469,260.0626062488271,256.71768805757506,258.4666187587523,322000
2019-01-15,258.3233337402344,259.32682705402806,256.89936310772754,258.4571445148932,322200
2019-01-16,260.5213623046875,261.58216527406637,258.27548270892646,258.9253455639715,421200
2019-01-17,263.206787109375,264.888812124921,258.55257792674166,259.4604666198498,315500
2019-01-18,269.5430603027344,270.0686786134512,264.89838752298806,264.89838752298806,390500
2019-01-22,262.5282287597656,267.7367252145345,261.0277874650766,267.0390897177231,386800
2019-01-23,264.0191955566406,266.02612325261146,261.41971496293337,264.00962931406264,245600
2019-01-24,266.35107421875,267.74637481213995,263.4935385017172,264.29631538416237,372000
2019-01-25,270.60382080078125,271.16767482420755,268.5204220365214,269.60989428837524,558500
2019-01-28,267.46929931640625,269.54316211395366,266.0931016148428,266.9245483167495,454200
2019-01-29,270.699462890625,271.1677421254598,268.7498451769352,268.7498451769352,311900
2019-01-30,274.7515869140625,276.49095147460474,269.6004277652242,272.37192573790355,417000
2019-01-31,270.708984375,276.29021512724137,270.2120064949373,274.88534848963934,637000
2019-02-01,279.2815856933594,280.3232853621189,273.4422986372979,277.1503843075973,706300
2019-02-04,280.14166259765625,280.47616022712066,276.519586121868,278.1633755450299,481200
2019-02-05,284.6620178222656,284.8914034226495,280.1224869985471,281.25022418990665,415700
2019-02-06,286.4682922363281,286.7072149154243,283.266722503366,283.266722503366,648100
2019-02-07,284.4326477050781,285.09207658940045,282.6646141625525,283.3909483923253,511400
2019-02-08,286.8602294921875,286.9175686220422,281.7472765340488,283.4197358740228,326600
2019-02-11,287.9018859863281,288.6664270464501,286.0191737312715,287.83498062309013,335500
2019-02-12,294.4961853027344,294.7160047393497,288.7046999894189,289.57438232727657,424100
2019-02-13,295.63348388671875,297.0287847382715,292.6899681064683,294.01836358076173,426300
2019-02-14,292.5561218261719,294.8115677334531,292.10694589328375,293.9992245571182,354400
2019-02-15,298.1372375488281,298.175473339917,295.40397637591985,295.48041879273444,351600
2019-02-19,297.4396057128906,299.274515392592,296.311868602152,296.9044212925308,225500
2019-02-20,299.58038330078125,299.8097397499551,297.18159016349085,298.09907429092107,240900
2019-02-21,300.85150146484375,300.9470763935763,297.1338788097466,298.5674152446147,408300
2019-02-22,303.13555908203125,303.32670890306906,300.23981720205285,302.09385963772144,398000
2019-02-25,305.1999816894531,306.0314283428453,304.0722731058955,305.48667737497453,454600
2019-02-26,305.6968078613281,306.8627517899521,304.31107371717746,304.98003976992896,509700
2019-02-27,309.2232666015625,309.7775835151474,304.5977273221863,305.11380844319467,393000
2019-02-28,309.30938720703125,310.2842106956764,307.03483795402576,308.20078214399604,531500
2019-03-01,309.290283203125,312.2624682157311,308.7264290125932,311.6603782188688,538500
2019-03-04,306.7098388671875,312.7307083558185,305.8114871895064,311.239833053575,496300
2019-03-05,305.7828674316406,308.2103306048797,305.6872925038048,306.30851495205115,468600
2019-03-06,305.64910888671875,307.034843365907,304.90367105804927,305.44839277353344,330400
2019-03-07,305.1043395996094,305.7733349391174,302.361511205299,304.6933994856645,471100
2019-03-08,303.5943603515625,303.9097255358637,301.12866134007743,302.1608239103556,311500
2019-03-11,308.83154296875,309.0609286428031,304.1008899850134,304.1199933056116,352800
2019-03-12,309.3952941894531,310.3987869116861,308.53517840280006,310.0165164693253,412200
2019-03-13,311.88018798828125,312.87411476446414,309.1564628877518,309.1564628877518,308200
2019-03-14,311.03912353515625,312.9696376414058,309.85407626108787,312.1190588192723,311100
2019-03-15,311.75592041015625,313.0365427166709,310.7811261914166,313.0365427166709,664800
2019-03-18,316.7828063964844,316.9452866528106,311.89921161627643,313.0364859144605,405100
2019-03-19,317.21295166015625,320.04178869428887,316.22859115229477,318.6178185175288,515100
2019-03-20,316.0660705566406,319.0669245787372,314.40317785539503,317.3275894443156,248500
2019-03-21,319.2102966308594,320.1468549583827,313.40924641719965,314.5560870548078,214500
2019-03-22,314.8714599609375,318.82800484414093,314.6421034939024,318.3883952272005,350400
2019-03-25,316.31463623046875,318.09220759533827,314.57527150877013,315.1200224104081,362000
2019-03-26,320.4144287109375,320.9782827561591,318.0443343059879,318.3788319030834,226200
2019-03-27,320.701171875,321.68553224195966,318.8949022460543,320.1181853153379,285600
2019-03-28,325.0305480957031,325.17389592725385,319.7360112492005,319.7360112492005,362000
2019-03-29,326.81768798828125,327.39110848373366,324.5335722504322,326.3016066258363,436100
2019-04-01,332.5135192871094,333.21118412570354,327.5726137937672,329.6177771011849,540100
2019-04-02,332.83837890625,333.53604359438845,330.91746049335495,333.53604359438845,391100
2019-04-03,331.6247253417969,335.3614800695561,330.6881378081571,333.72725688042897,487900
2019-04-04,329.8662414550781,332.1407902353784,329.04433219753025,331.3857863338085,477700
2019-04-05,330.6250915527344,333.44817784640594,329.28533317106775,331.41939669637617,391000
2019-04-08,329.03656005859375,331.1802029968679,326.7398268860935,329.3810860969695,540700
2019-04-09,328.2518615722656,329.4767878722343,326.1656347826163,326.7015674181151,396700
2019-04-10,328.1656799316406,328.95037675813865,326.94075384604736,328.95037675813865,255500
2019-04-11,331.5630187988281,332.18504650038915,326.7303083429888,329.6203613651392,256100
2019-04-12,336.14691162109375,336.27132299340525,332.1467355467099,333.1324182290772,298300
2019-04-15,336.3095703125,338.41492607452665,334.4339083092241,337.4579514926139,265600
2019-04-16,334.3573913574219,337.9268881577248,333.40996658242983,337.69722358417476,409400
2019-04-17,332.99853515625,336.5393537345164,332.08939737939517,335.28568983001765,252500
2019-04-18,334.673095703125,335.8406056650063,332.8165629898951,334.93146828317765,378800
2019-04-22,335.7449035644531,335.9745680808643,332.1466703831218,333.18021911605564,271100
2019-04-23,336.1756591796875,338.47239267780145,333.85018840346686,335.1899763815383,543000
2019-04-24,335.18988037109375,337.3047857293859,333.25677329021397,337.3047857293859,706000
2019-04-25,332.21368408203125,348.19516954092796,327.1321519419701,339.91734614999615,742400
2019-04-26,337.3143615722656,337.5153180276604,329.92651771748433,333.7448363926956,564600
2019-04-29,342.4150390625,343.23805230817635,336.232992050044,338.78809757732216,513500
2019-04-30,344.22381591796875,345.35303907011837,342.1662969215573,344.4630595961979,595800
2019-05-01,341.7738952636719,345.9271611901772,341.08487243872594,344.5108283820814,447600
2019-05-02,342.2332458496094,342.5969008640361,338.83599776029024,341.0561858029137,282800
2019-05-03,344.6927490234375,345.40090101657535,342.85534459221554,344.5205005717909,221000
2019-05-06,342.788330078125,343.6687303984092,334.58705034804973,338.29053755749305,242500
2019-05-07,337.7833251953125,340.2427569225094,335.45788393008604,339.2570742542521,301600
2019-05-08,339.1326599121094,341.19014943991345,336.4914006979804,337.7354851878375,260200
2019-05-09,337.276123046875,337.3718263457092,332.6156615186599,336.9698841724242,278200
2019-05-10,340.87420654296875,342.10868217873343,332.04132455665706,336.51995660413894,309200
2019-05-13,333.8883056640625,335.9170863750872,329.065147329197,334.3763718706993,340000
2019-05-14,336.5009765625,339.3144841667758,333.5056414514852,333.94584158143647,262700
2019-05-15,338.72113037109375,340.26184527250524,333.8883917030622,333.8883917030622,288900
2019-05-16,344.501220703125,346.0993808743857,339.30485648200386,340.79773427807686,304000
2019-05-17,343.1711120605469,345.00848701648977,340.7212593162575,341.86006147526876,296200
2019-05-20,337.8981628417969,341.3145692217468,336.0129216846538,341.1327417087827,431500
2019-05-21,343.1136474609375,344.5586591054965,339.0273476305712,341.23795640243907,365800
2019-05-22,341.3815002441406,345.1519818492456,341.1900936755856,341.9461116554731,255700
2019-05-23,337.6493225097656,341.1997191688862,334.08937596409794,338.29050831753887,280000
2019-05-24,333.0941467285156,340.82648843056785,332.81661592499324,339.87909294848157,410300
2019-05-28,330.3668212890625,334.4530929199004,329.62038215919034,333.18032936424646,699000
2019-05-29,330.5007629394531,331.9553831504472,327.2853420185078,328.5293974262319,394100
2019-05-30,332.2998352050781,334.4338989768291,330.50071836855915,330.82611541733024,264900
2019-05-31,329.122802734375,331.4482446070539,328.5868699510438,330.20415978131547,329000
2019-06-03,332.46258544921875,335.7450016751235,329.926608324315,329.926608324315,420600
2019-06-04,336.52960205078125,336.8166826727927,331.95526584464955,335.5630486157771,590000
2019-06-05,342.6638488769531,343.5346991324122,338.3478847549919,339.0464866182615,441100
2019-06-06,345.08502197265625,345.43909787665876,339.9364943193722,342.57775337232414,296200
2019-06-07,349.6497497558594,350.9799582581401,345.84101013977426,346.94152491520776,335900
2019-06-10,351.5542297363281,353.5351744756357,350.52070985752295,353.13326143564825,358200
2019-06-11,349.92724609375,354.03267425326607,347.20944243056147,353.43932562145466,426000
2019-06-12,349.95599365234375,350.69285347509515,348.19516414526316,350.2813614651642,350600
2019-06-13,349.5924377441406,352.38681681744686,347.13300566864746,351.3437178619241,401400
2019-06-14,348.93206787109375,350.061290870235,343.9462384696456,349.04690014835603,338900
2019-06-17,346.29083251953125,351.43936080463095,345.90804850078507,350.099602136745,318200
2019-06-18,350.00390625,354.3772874983635,347.86987142809403,348.9608073648728,419900
2019-06-19,348.9511413574219,352.42493371964514,346.740503738495,350.56840114239196,711600
2019-06-20,351.7933349609375,353.5254854428687,347.8218971570499,351.1617575752545,841000
2019-06-21,349.6593933105469,352.903522104373,346.08986744407406,352.903522104373,1041100
2019-06-24,349.5061950683594,353.77429275822215,349.46790791470096,349.5349031324679,700500
2019-06-25,348.1377258300781,352.37711542123,347.9750273317638,349.68801968836544,840500
2019-06-26,347.4678649902344,350.65460640492273,345.76445156170263,348.3195863067722,478600
2019-06-27,347.3243408203125,349.6019448912648,344.2141735748371,348.0899087681499,387400
2019-06-28,350.5014953613281,353.77433184950223,347.1042183088784,347.85065726272023,1598500
2019-07-01,357.4969787597656,357.5735238714332,352.92264171832613,354.08057271127154,384000
2019-07-02,357.4396057128906,358.8750676671921,356.4060567512466,358.17646566912805,332600
2019-07-03,361.81292724609375,362.92302123548757,358.30084698047256,358.5975067564391,306600
2019-07-05,360.3402404785156,360.66603648799094,353.70987354865036,360.0432169760699,263900
2019-07-08,356.96759033203125,360.3115172496044,356.6609759768575,358.90303862340136,256800
2019-07-09,358.63470458984375,360.3785405779806,354.7733701820265,356.25851679447925,383400
2019-07-10,359.1138916015625,363.1860209746022,358.8552021443928,360.742755046922,443400
2019-07-11,364.4603576660156,364.4603576660156,359.06597949967795,359.77499969534455,383000
2019-07-12,368.3600158691406,368.3983207366635,364.08665467143135,365.29393052661055,298100
2019-07-15,365.4088439941406,368.647388433232,364.17282506979495,368.1491620735072,374700
2019-07-16,368.15875244140625,369.02110897344227,363.96205981615424,365.83045998175965,332600
2019-07-17,361.5666809082031,369.375609758908,361.27924823164193,367.36349330191877,355300
2019-07-18,361.74871826171875,364.53693208489653,359.8132700820746,362.841020873838,273200
2019-07-19,358.8934631347656,364.0099693722062,358.4622848869713,363.3871790901113,361400
2019-07-22,355.38665771484375,362.42905095719937,354.83091553226075,358.8743010289336,599600
2019-07-23,358.24200439453125,360.26368283464046,355.3771217140774,358.17492701035985,631900
2019-07-24,358.96063232421875,361.2026954574743,355.78913508746854,356.1053403474947,680500
2019-07-25,355.46337890625,356.43111791125807,336.53995261929475,354.0644907705662,1389800
2019-07-26,350.873779296875,356.00943810241154,348.8520719847431,354.8788305767626,564400
2019-07-29,346.1885070800781,351.7649363523948,345.69028056667554,350.91217046021376,552800
2019-07-30,351.4870300292969,352.0235906024588,344.40633108684324,344.92370998501906,393800
2019-07-31,348.4304504394531,351.9372749850403,343.8505050091652,351.3144847473498,568000
2019-08-01,345.7860107421875,351.73610103240065,344.4350186901419,347.846022885526,561300
2019-08-02,341.2636413574219,347.72155056757765,339.8072374474559,345.805254256874,472500
2019-08-05,329.7273864746094,337.7949740715471,328.1943442424004,337.22967041373755,618800
2019-08-06,337.0764465332031,337.54595892526464,330.3406674260911,332.28570664932954,479800
2019-08-07,334.0390930175781,335.21759617122575,328.845918752064,331.89285116868626,414300
2019-08-08,343.4864501953125,343.7164255873944,336.70277555617383,336.70277555617383,453200
2019-08-09,340.1424560546875,343.15105406755293,337.30634686192366,341.91503526529584,360800
2019-08-12,337.52667236328125,342.0203873171318,336.7505750824995,338.2165398617924,310400
2019-08-13,343.4001770019531,346.8207717784951,335.4283800252504,337.20095936180434,566500
2019-08-14,332.96600341796875,339.84549868038596,332.96600341796875,338.2358171422812,436000
2019-08-15,334.9301452636719,337.3063623528917,332.25690469334336,332.98510638398426,372000
2019-08-16,342.45166015625,343.8122138620613,332.25695199724464,337.881304990133,376800
2019-08-19,347.20404052734375,348.62210990781716,344.9140823127784,345.6709980804122,374500
2019-08-20,343.7930908203125,348.2772165636609,343.32360764455444,347.6831694660836,275100
2019-08-21,344.7416076660156,347.6927196149201,343.0169531174326,346.49503472275035,244600
2019-08-22,340.26715087890625,347.10831333807334,339.8168200871416,345.49863149360584,282200
2019-08-23,334.029541015625,341.2635757418426,332.3719637394039,337.6896732830132,665100
2019-08-26,334.14453125,339.1652467599274,329.1046925465518,336.73154260101086,289000
2019-08-27,338.95440673828125,341.23480339369286,335.5912982893041,341.23480339369286,474700
2019-08-28,340.9474182128906,341.91515715596506,336.2812416194708,337.2872854336906,222000
2019-08-29,349.02459716796875,350.0881567618455,343.6302479375737,343.69729608176743,302900
2019-08-30,351.410400390625,353.8057705988927,348.8904662530699,352.3398052010472,429200
2019-09-03,346.6866760253906,349.42699449497167,343.8505661486332,347.84605615193,300900
2019-09-04,353.3649597167969,353.40329382290474,349.3982423251181,349.3982423251181,339600
2019-09-05,359.41082763671875,361.13551131888886,357.3604064332396,357.3604064332396,327400
2019-09-06,359.2671203613281,360.29234560908276,357.1208784702441,359.83242410084216,359500
2019-09-09,342.0205383300781,361.46137150851956,341.10072433938495,359.78461232988496,623800
2019-09-10,339.2897644042969,339.48140569488135,324.3139361605363,338.7053081766188,898100
2019-09-11,339.1940002441406,342.4229544913915,336.80819171826005,339.3664598753056,710300
2019-09-12,343.4769287109375,344.7895868809309,338.40831726210087,339.41436103374826,530400
2019-09-13,344.5020751953125,346.0063744572461,338.5136506561063,343.9080281594799,380900
2019-09-16,341.8000793457031,345.68056628639647,340.15206394019924,343.6684500340422,354400
2019-09-17,346.28424072265625,346.859135318488,340.8802724583334,341.8001155078057,412400
2019-09-18,344.57879638671875,345.9297886793358,339.0023675806889,345.431532967235,724300
2019-09-19,341.60845947265625,346.4183512612899,341.42640903783433,343.52475521574814,656900
2019-09-20,344.4542236328125,345.25906448517003,339.59640600645247,344.1188659675741,1242100
2019-09-23,345.4410705566406,346.31298867805594,340.9186111767584,342.31749896127945,715500
2019-09-24,341.6659851074219,349.1587093380947,341.5126779215871,346.6675187389024,958900
2019-09-25,341.3019104003906,343.1032334218053,337.2106287330748,341.6660113396585,455200
2019-09-26,340.353271484375,343.97506909239115,339.7879677766029,341.42639236966113,515000
2019-09-27,339.78802490234375,346.7345977997951,338.57115824647957,343.6493601157266,434000
2019-09-30,341.6755676269531,342.3175103841317,337.5172089986103,341.4168489644991,409400
2019-10-01,330.99224853515625,344.9045473989952,330.7143774192607,342.94991723123024,460100
2019-10-02,323.7582092285156,327.38000756464123,318.5746249455848,327.3512642937338,839100
2019-10-03,326.2940673828125,326.831393441498,320.14393714367463,322.6577247732462,392500
2019-10-04,330.75555419921875,331.7437995106615,326.29402966379286,327.0232306129846,340100
2019-10-07,324.835693359375,329.25883168655093,324.65339310169765,328.8942311711963,429300
2019-10-08,319.0981140136719,323.5308565907066,318.97340844962434,321.4679882182538,555400
2019-10-09,324.68212890625,325.2386335957568,320.45089544489235,322.5905075240428,414400
2019-10-10,326.2652587890625,328.13622264792974,323.42525757520434,323.42525757520434,344200
2019-10-11,328.5968322753906,334.2288742606288,328.193845013538,330.14155333811664,464900
2019-10-14,324.97003173828125,328.74071316299637,324.6246099366741,328.3377259412011,302200
2019-10-15,325.2481994628906,327.5701117102181,324.86442030015564,326.37078352637553,440500
2019-10-16,322.072509765625,326.409300954802,321.72711716497463,324.9221158429307,520400
2019-10-17,326.9368896484375,327.4357996727405,323.53080904000575,324.3943195468852,517100
2019-10-18,324.2216796875,328.40492340768526,323.7995137164104,326.1022185620478,416100
2019-10-21,323.36767578125,328.2225541478869,321.7077949583227,326.7545775552947,588700
2019-10-22,319.2420349121094,324.5190797654176,318.92539582384325,322.29311927270743,628600
2019-10-23,321.34320068359375,321.698197131783,318.10021267504493,318.6279053498442,736300
2019-10-24,318.8581237792969,325.40166431859933,309.1387943460842,324.91235840950634,1069200
2019-10-25,320.9114074707031,321.59261761304697,317.1695097642415,317.7164103891587,704000
2019-10-28,319.453125,322.225957040713,317.83163065739234,320.7771589607493,658500
2019-10-29,327.982666015625,329.24916357587387,317.3518341225748,317.3518341225748,657500
2019-10-30,324.5766906738281,329.20127928569156,323.83788555131696,329.20127928569156,359700
2019-10-31,323.30047607421875,324.9987434401534,318.7142464915685,324.50940819498965,520100
2019-11-01,328.24176025390625,328.6735301679586,325.133110570256,326.3036561998552,478600
2019-11-04,325.2481994628906,331.48470601887215,324.48064113742066,331.0145787405573,543100
2019-11-05,327.1287841796875,328.14581219013274,323.72267439184077,325.29620710564654,723500
2019-11-06,330.02642822265625,330.02642822265625,324.854909554811,326.1214075078117,543300
2019-11-07,326.533935546875,334.91005565737214,324.5382659669853,331.436805285928,464000
2019-11-08,323.8187255859375,327.53184228777883,322.5714355403185,325.11400634437797,440300
2019-11-11,324.2408142089844,325.6991869136692,321.33364351550665,321.6406785945382,350900
2019-11-12,329.3642883300781,329.882406282545,324.98914163928964,326.11172565622246,477400
2019-11-13,334.4591369628906,335.2362994954801,326.37087251306303,327.4934276021451,838200
2019-11-14,334.9867248535156,338.1721178488331,332.21386439283884,333.7394061337229,735400
2019-11-15,331.6285705566406,337.97060244137083,331.3311102992168,337.5580406708125,507300
2019-11-18,327.7908020019531,331.12971296054366,327.032818383451,331.0145821385886,461700
2019-11-19,335.77349853515625,336.0421468721253,327.8291499642477,328.7982164885338,431400
2019-11-20,338.7669982910156,339.697678064362,334.7564521668925,335.07309118117496,998500
2019-11-21,339.66900634765625,339.97604146774705,336.10940759557553,338.6999688405606,721600
2019-11-22,341.3288879394531,341.94295818039797,336.93456123955417,340.4845559983943,480700
2019-11-25,345.109130859375,345.3681752398622,342.10600801091886,343.42046718677875,651400
2019-11-26,348.2273254394531,349.7144806165583,343.10379915386454,344.1400057804166,912000
2019-11-27,348.093017578125,349.2347804080367,344.072866964666,348.8893879286389,303900
2019-11-29,345.761474609375,347.670795494073,344.42783704442377,346.92241596254314,251400
2019-12-02,339.5250244140625,347.21032918348806,339.5250244140625,345.7231445902975,503600
2019-12-03,337.5005798339844,338.2777422120263,332.70326674460193,335.1978461267005,661900
2019-12-04,332.56890869140625,340.51325753679225,332.453777868795,336.234062707057,670300
2019-12-05,332.98150634765625,334.2767868021691,331.0146195955834,333.85462088691344,742400
2019-12-06,332.1851501464844,337.60610810446775,331.7150228314757,335.4185344976161,667500
2019-12-09,330.3718566894531,335.2555487535118,329.32604561293783,331.1106618825722,614400
2019-12-10,329.3834533691406,335.68712880771005,328.9229301242579,330.4676506422534,383400
2019-12-11,332.6648254394531,333.3940262791041,329.29710283371526,330.3429134018896,366800
2019-12-12,332.6936950683594,335.9846451400626,331.01463532396247,333.1542477106519,390200
2019-12-13,336.29168701171875,338.4025167308312,333.0583022950847,333.2213945621877,440300
2019-12-16,337.6733093261719,339.8224964320782,336.3492460982552,337.2511433903005,369900
2019-12-17,338.8725891113281,342.51853518311253,338.5175926435539,338.9877199354199,375200
2019-12-18,334.2575988769531,338.8630078322005,332.4729831424734,337.798018357484,500300
2019-12-19,337.71160888671875,339.19876399490636,334.3726689683892,334.79483479532064,449400
2019-12-20,338.3353271484375,340.04316953558026,335.54328725566063,339.6689650383889,788100
2019-12-23,340.014404296875,341.22333669702243,337.55818206962334,339.7553306222842,307300
2019-12-24,338.9206237792969,340.8203706288281,338.32576153927164,340.60928764554683,149100
2019-12-26,339.47711181640625,340.1871048703258,336.685071744792,340.0240126024962,313600
2019-12-27,342.81597900390625,343.25735288665834,338.6903014911335,340.0239685742961,290500
2019-12-30,341.1656188964844,343.3052305366968,339.3042888244104,342.8158953550123,200900
2019-12-31,339.8704528808594,341.81816081939945,338.1817893075723,341.16570398759967,410500
2020-01-02,350.366943359375,350.366943359375,339.5825646608292,339.5825646608292,754400
2020-01-03,348.3136901855469,348.6302999453023,343.928939281693,344.8596191313023,479300
2020-01-06,345.0323486328125,345.3969491237598,341.67422936636814,344.8500776678151,587800
2020-01-07,346.7881774902344,347.06642985320116,342.12517385353505,344.16883395304376,404600
2020-01-08,350.5767517089844,351.66249031871706,345.31144138510854,347.6078014159288,453300
2020-01-09,355.61138916015625,355.95730185749454,350.7592283285764,352.57520401489967,541800
2020-01-10,355.8420715332031,358.1192254636066,355.0541868292379,356.79328030866395,352900
2020-01-13,359.43548583984375,359.97354619032814,355.8612110418603,356.4280950067603,308800
2020-01-14,358.0039367675781,360.1946198739729,357.37940544711523,358.88788067042213,356300
2020-01-15,358.8974304199219,362.8752651964614,358.3017228324224,359.3970495173526,360800
2020-01-16,360.98248291015625,361.3571899510908,356.8509118804354,360.5789229285941,412800
2020-01-17,364.86419677734375,365.4599044358889,361.2707155325106,361.76074636484014,513500
2020-01-21,363.4421081542969,365.30611322733125,361.53966182515506,363.19228397272923,419300
2020-01-22,360.9440612792969,365.74819344349646,359.87752869135477,364.4798955148448,373500
2020-01-23,363.6343078613281,364.00904418733995,358.02308587171495,361.24185979309976,431400
2020-01-24,362.0777893066406,365.92109461207843,360.6077262001944,364.99870954895925,366600
2020-01-27,357.888671875,361.2611530131581,356.26487271429124,357.4370822387893,374400
2020-01-28,363.0962219238281,364.969844777795,356.68752747003134,358.3881793199676,469400
2020-01-29,363.6343078613281,366.2477565312115,361.962479507346,365.83460826567887,428400
2020-01-30,374.12652587890625,377.60471217483473,363.10584773745944,368.43842163857346,808800
2020-01-31,366.7090148925781,372.9447689738916,364.8065680254558,371.4554997520679,630600
2020-02-03,364.8353576660156,371.1960232810317,363.58629516546955,369.59145972981145,460900
2020-02-04,371.0615234375,374.45323921599726,369.33204776903233,370.43699218622515,420400
2020-02-05,370.63873291015625,375.5293350960101,369.3992588141533,375.4716878656928,470600
2020-02-06,369.95660400390625,372.21455190062113,369.3897199484918,371.6188149040942,311500
2020-02-07,370.34100341796875,373.0505414407015,368.51543876029154,370.2737385193242,303200
2020-02-10,376.43255615234375,376.43255615234375,368.71712153135957,368.9573281251911,373400
2020-02-11,374.50128173828125,379.5264141832948,374.35716364794683,378.82500038087574,310400
2020-02-12,375.7406921386719,376.7976068250936,370.38888315722306,374.4435709017947,301700
2020-02-13,373.1753234863281,376.22112629620335,371.1479648395293,373.88632553240177,270400
2020-02-14,377.3453369140625,377.38374885553674,373.00238311586895,373.00238311586895,279200
2020-02-18,374.07855224609375,376.85535478621057,373.2906968347907,375.5102036085141,319500
2020-02-19,372.7717590332031,378.94027642099957,372.6756705443914,374.95282405098817,297700
2020-02-20,368.9669189453125,375.5677909723336,368.7074770766977,372.0127219132703,432200
2020-02-21,372.08001708984375,374.80876050091524,366.80508962637225,367.6602098603809,955400
2020-02-24,360.3290710449219,367.5352683464166,358.6860662703668,363.83611052265616,468900
2020-02-25,351.5760192871094,361.0689895597779,349.6639839832923,361.0689895597779,478700
2020-02-26,350.7016296386719,359.9928336598617,349.58706751623737,354.1413751865571,528100
2020-02-27,341.0934143066406,351.4607406587117,340.6033833987906,344.6004252372047,786500
2020-02-28,337.9226379394531,340.1901740435719,327.76669641524086,332.97435879515746,1086400
2020-03-02,346.8774719238281,347.49241478018007,333.3778752408282,340.2189532462526,781500
2020-03-03,338.7393493652344,356.5626974032375,335.04019103249226,347.1081687614418,631300
2020-03-04,352.58489990234375,353.00766592690366,340.1325961190215,345.01358205426016,552500
2020-03-05,337.7688293457031,350.9609534770776,336.25070762467425,345.50346804111865,554300
2020-03-06,336.6062927246094,338.42226865698797,327.6417955030366,329.05421145418853,670700
2020-03-09,302.96783447265625,316.76528964190135,288.2575823530073,314.49775306083404,1142400
2020-03-10,328.1702575683594,328.5738175733016,311.2597357482416,312.0572087885973,1103500
2020-03-11,310.43328857421875,320.3778441714073,306.86863209758275,318.55228051966316,751200
2020-03-12,279.54278564453125,298.37498561307984,279.10081378900713,288.2958985234298,973800
2020-03-13,301.2382507324219,301.2382507324219,280.5708969781776,295.73273480481726,756400
2020-03-16,272.1636657714844,292.05275248960487,230.59831085652624,230.59831085652624,868100
2020-03-17,297.27008056640625,299.62408754700493,276.8909324294138,276.8909324294138,776900
2020-03-18,276.0165710449219,287.3351041125029,255.52215819544463,277.8613705121514,683000
2020-03-19,288.2575378417969,297.31812376261485,265.8126178751454,273.2494341551936,645600
2020-03-20,272.0579528808594,292.1968633190971,269.82882889392295,292.10080414963033,934800
2020-03-23,244.338134765625,270.73202014283396,236.22875832361686,269.3292219335279,979400
2020-03-24,271.7985534667969,275.8532417007369,252.70693922392672,252.70693922392672,1257000
2020-03-25,274.0084533691406,285.26933944266085,260.8835618178363,272.49994895180413,1003500
2020-03-26,294.3203430175781,294.3203430175781,276.7468203614554,282.2811896793857,820100
2020-03-27,293.8110656738281,300.92117402253336,278.2456687757223,280.54205757591535,1191900
2020-03-30,305.02398681640625,307.15702291954614,293.3403325086049,296.06910570030743,741200
2020-03-31,299.5953063964844,305.4275302455176,296.67438564796777,301.69951876164066,704200
2020-04-01,282.15625,290.93818698584204,278.6396222828823,286.47996827680333,556100
2020-04-02,293.1192932128906,293.1192932128906,279.0431934541001,279.0431934541001,479100
2020-04-03,287.9404602050781,295.93454321494056,281.541352602623,292.80223964069876,458800
2020-04-06,300.3735046386719,304.84134094169485,291.4090084173324,300.52724036093366,660300
2020-04-07,296.52679443359375,314.85100646252823,295.48740924151747,310.8666622942309,663300
2020-04-08,306.1219787597656,308.7012482445084,295.37192400775774,300.0299638678307,482600
2020-04-09,303.5908508300781,315.2744392552781,302.47445683699544,307.34422670406207,605600
2020-04-13,302.8883056640625,304.70723705993055,296.4305720120354,301.52167672570954,357500
2020-04-14,307.6425476074219,312.7144140513167,300.7902251031673,308.26810531233605,622700
2020-04-15,302.281982421875,305.5734226170375,299.15416410761634,302.58995927399445,482900
2020-04-16,298.4420471191406,304.73618933102955,295.31422824120926,303.0038412533832,867700
2020-04-17,309.86572265625,312.0600061818071,302.1761115477484,306.61278712926463,613400
2020-04-20,308.27777099609375,312.73371365449213,302.8786602697978,306.99775509178363,475500
2020-04-21,298.9039611816406,303.4465174397596,297.0946630652672,302.5129826990987,466200
2020-04-22,301.8489685058594,306.54548412786045,298.7596247484516,303.88926409785455,416700
2020-04-23,302.2050476074219,310.106390817437,301.16563292030196,303.26367046649364,401200
2020-04-24,294.8907470703125,305.34245933564193,293.10065711679266,303.4272813066485,955300
2020-04-27,302.72467041015625,305.4964032436126,296.5845473394409,297.88377140612147,929700
2020-04-28,324.1285705566406,341.5962252614106,311.1745708209979,332.0299118289479,1144800
2020-04-29,327.9108581542969,332.0107156706947,319.3839287210328,329.1716072212126,779800
2020-04-30,328.2091369628906,329.4506482455317,320.2500542822305,324.6578584213548,804900
2020-05-01,326.6212463378906,327.65102747054067,320.6928237890759,323.20468853121156,741300
2020-05-04,328.25726318359375,329.9318687670491,321.1258640970267,324.76375580272025,600100
2020-05-05,332.86724853515625,338.98816394524687,330.33611689224165,331.8952093978401,570700
2020-05-06,337.95831298828125,340.4701772015728,334.0316821696595,334.0316821696595,697700
2020-05-07,342.7992858886719,347.3322084757064,340.4895181012187,341.92349318424726,691600
2020-05-08,344.8877258300781,348.6988739163989,343.84834049672315,346.09073307114795,573600
2020-05-11,350.43121337890625,354.6946642452452,341.6540767267508,342.49136511694655,569700
2020-05-12,343.57879638671875,354.5887187101907,343.5210544008146,350.4311195033647,751100
2020-05-13,339.3346252441406,347.36108532879814,334.2242532815,343.0398930960174,765300
2020-05-14,344.0503234863281,344.38717127626984,331.7989205998399,336.7745404528374,692500
2020-05-15,347.9095764160156,349.4686685737382,338.9976923906581,340.2103326779019,1201700
2020-05-18,352.56768798828125,360.3054377628776,352.0576141603584,358.7848203639671,699800
2020-05-19,344.3005676269531,353.39531135011873,344.3005676269531,351.52824233048534,536900
2020-05-20,354.0498046875,357.0140012458265,348.06364020963593,350.34453696187404,447700
2020-05-21,351.3357849121094,356.4750272759607,349.94991850272385,353.23172511312373,290000
2020-05-22,353.2606201171875,353.2991245673675,349.2955134870511,350.9027144960162,322000
2020-05-26,356.3692626953125,363.69315695731353,355.13738440882724,363.50069341366293,559900
2020-05-27,364.9442138671875,365.7141265961168,355.09879404367786,360.9020986145889,571700
2020-05-28,367.37908935546875,373.9330689472875,362.59593249064767,365.71411714359056,567400
2020-05-29,378.995361328125,380.10215140393603,364.89612338408546,366.22424797882536,1057200
2020-06-01,373.1920166015625,378.52375195872133,372.90330666374956,378.1580331239658,412700
2020-06-02,380.74688720703125,381.70929277779686,374.72221893554683,375.0301957670608,358700
2020-06-03,386.3769836425781,389.0332325399397,381.0163773151938,384.9622462129341,500800
2020-06-04,387.1180725097656,389.4278697644018,380.15026440374487,382.50817019689765,437900
2020-06-05,390.572998046875,394.980831536448,386.60789221906333,393.62383630251134,660400
2020-06-08,386.79083251953125,391.49701033895417,383.6341430998393,389.05249171587076,698000
2020-06-09,387.0121765136719,390.8425320827414,379.29366464740184,382.9989321569644,645100
2020-06-10,386.1363525390625,389.87049073936333,382.5465692959308,389.41815896004266,491100
2020-06-11,377.5517578125,386.13642988526465,375.78093478584776,378.5334304584593,903200
2020-06-12,375.1552734375,386.95437388329634,367.8602529070339,386.0785813822678,752800
2020-06-15,379.2264099121094,382.3734664729039,366.6573918423572,367.9373787017984,444600
2020-06-16,383.6629333496094,390.41903852148175,377.7249080686102,388.6000780920441,484300
2020-06-17,387.1084899902344,389.7839769012915,381.67087380149593,386.7523751782626,386600
2020-06-18,387.0121765136719,389.31231067199354,383.61488585125437,385.59743907803124,261200
2020-06-19,375.87713623046875,391.56433607303205,375.25157845213744,391.56433607303205,1141900
2020-06-22,385.0007629394531,385.6936961795466,374.741515226262,378.1676769771991,413100
2020-06-23,382.4985046386719,387.8494777135835,381.9787973629676,386.1075258332772,385700
2020-06-24,372.38360595703125,383.6726346487527,368.177898023926,378.9375859932923,590300
2020-06-25,378.56231689453125,378.8125224238512,366.98457661370225,372.258541455693,411000
2020-06-26,372.6531066894531,378.49491639714574,369.33282461262667,377.92710055276603,745200
2020-06-29,371.1421203613281,375.7520221713703,367.78330474888253,375.7520221713703,583900
2020-06-30,373.66357421875,375.6846023016762,369.0632770372001,370.7186156958905,947300
2020-07-01,375.0398254394531,378.56223331737056,372.3547057004128,376.89726112343186,497400
2020-07-02,376.46429443359375,381.834505942061,375.7713610740856,379.45736241141583,483400
2020-07-06,378.4082946777344,381.46873771559973,377.1186745807148,380.98753487177345,440000
2020-07-07,376.29119873046875,379.9049355557545,376.04063689980933,377.18739840505987,435000
2020-07-08,382.96923828125,383.15233656661377,376.18504390995145,376.18504390995145,387200
2020-07-09,380.57940673828125,386.081943428626,377.6691551785246,382.198353457272,598500
2020-07-10,377.6883850097656,381.75504353442994,374.3348570132619,380.1071882461943,399500
2020-07-13,372.21478271484375,380.897394565124,372.13770262522314,379.66390727059644,439300
2020-07-14,382.2658386230469,382.9500605395277,372.436493492335,372.436493492335,322100
2020-07-15,385.16644287109375,389.43546263754587,383.8365833084054,388.4332449454438,479400
2020-07-16,390.7075500488281,391.1604728594909,384.7424734058848,386.2650480878174,490300
2020-07-17,394.1960144042969,396.73045299241625,391.5748496686216,392.9528808053366,362200
2020-07-20,400.1417541503906,401.11503367565666,394.1284776926262,394.369393416179,474800
2020-07-21,400.50787353515625,404.96002027819634,396.97124760444456,400.883716135187,316400
2020-07-22,403.0327453613281,406.9452143836762,400.52721593893006,401.6739771429277,337200
2020-07-23,405.0081787109375,410.0577621016564,403.22539674471204,403.22539674471204,561100
2020-07-24,400.18023681640625,403.8325270304075,397.6361823394908,403.14833468290453,426300
2020-07-27,405.4129638671875,409.29652389116933,399.9008113097305,401.3463055530288,466700
2020-07-28,407.7161865234375,425.00430357877394,407.67763176793613,409.942245762891,697600
2020-07-29,421.27484130859375,422.82632433038657,408.31356463494996,408.3713820513736,639900
2020-07-30,417.0732421875,418.759652063688,408.8339371273002,417.26598650824036,382800
2020-07-31,416.736083984375,417.82499849166624,410.74209883481996,415.71460353777513,440900
2020-08-03,419.38604736328125,425.3414761967643,415.6277390504224,418.7500264089306,360300
2020-08-04,417.6611022949219,419.51131842253216,415.53141571779827,416.3408889497096,360000
2020-08-05,419.4053955078125,422.85529597204305,418.23937155818993,420.55215678531215,296300
2020-08-06,421.1014099121094,421.8915911119135,416.08070520434353,418.90425975324354,258400
2020-08-07,424.87890625,425.50528116410874,419.66548717405146,421.8530204672138,246200
2020-08-10,425.2837219238281,427.92414888288477,423.05766295743285,425.3222472659421,456800
2020-08-11,418.9139099121094,429.5334943704546,418.1911627045229,426.55577940423757,578100
2020-08-12,430.4681701660156,433.44588458966103,420.4942546369456,421.0339034342543,418400
2020-08-13,436.7127380371094,439.1604499931049,428.57942095604534,428.57942095604534,645400
2020-08-14,428.78179931640625,437.2331119719898,427.41338512179306,435.86469777737665,473600
2020-08-17,424.9463806152344,433.63860837208495,423.5490578097825,430.5163503510971,613600
2020-08-18,423.0479736328125,427.8662876833001,421.4868445858393,427.3844562782513,529700
2020-08-19,418.6440734863281,425.17770687962724,418.57661002413874,424.435697021519,473800
2020-08-20,419.0006408691406,421.31345548695657,416.30239635990137,417.45880366880937,451300
2020-08-21,416.2926940917969,419.09695643977227,413.652267363774,418.7404059001377,640800
2020-08-24,416.4662780761719,421.053294249346,413.7872959425267,417.89248058512686,301800
2020-08-25,415.5989074707031,421.3712685059145,415.5989074707031,418.05626562427494,333600
2020-08-26,416.72637939453125,417.28529092675114,412.04296249157863,413.7486646156909,387600
2020-08-27,412.5054931640625,417.79599249129,411.9272896060478,417.69964973883305,361100
2020-08-28,414.5484924316406,414.85687161263604,410.501125963541,412.96810059418954,257300
2020-08-31,411.6672058105469,413.83544759471823,409.91333206482733,412.5923140707015,373900
2020-09-01,420.5521240234375,421.77596530274894,411.8888040805161,413.7004656047122,316200
2020-09-02,427.7409973144531,429.6490602231928,418.79820781167234,421.00500383221635,518100
2020-09-03,414.34613037109375,428.3288881936504,411.4647877659274,427.84705675285835,404300
2020-09-04,407.176513671875,418.248991790051,401.65471426483856,417.82497773041854,446200
2020-09-08,379.635009765625,391.57477775843023,375.8381756014626,386.9492076195951,1227000
2020-09-09,385.3688659667969,389.3969706474694,380.0494562673345,384.77139955303807,517100
2020-09-10,381.41778564453125,391.44952053035973,380.13612685479967,386.9877563454416,444200
2020-09-11,385.0796813964844,389.0307049699336,378.92186165835915,385.4651406554085,561200
2020-09-14,381.861083984375,391.34352373450685,381.39851518851776,388.85725689368013,587100
2020-09-15,389.21380615234375,393.03951946942476,382.6030636485515,384.684578952574,626100
2020-09-16,385.8795166015625,394.89941637188605,384.2798327057305,393.2611777267676,471000
2020-09-17,384.30877685546875,385.2917318966482,378.06425969343354,380.9263398622529,567200
2020-09-18,377.1487121582031,385.2338573127242,375.97304234457357,382.6512186113926,753200
2020-09-21,377.996826171875,379.0857701088077,369.7864276857381,373.4194267472315,542800
2020-09-22,378.4593505859375,380.51192791000494,373.5446637936719,377.3896694482012,511400
2020-09-23,372.4076232910156,384.28957658262954,371.35720461396556,381.22513492895433,481400
2020-09-24,376.9945983886719,379.4519567125039,366.25940773607897,370.50916514464046,378600
2020-09-25,383.6534729003906,387.1130192171387,374.17103339808017,374.49867525833577,384600
2020-09-28,386.0433654785156,389.48364910614055,384.8966042693073,385.9662559772964,524100
2020-09-29,386.7757568359375,389.5993116982035,383.7306077200216,387.0263186197592,354100
2020-09-30,380.7528076171875,390.0039766905364,376.94635707416325,388.7704894413336,669400
2020-10-01,379.1820983886719,387.0937627700113,376.36818970732367,383.6631251090476,472700
2020-10-02,381.3406982421875,384.20277833869346,375.5683666658352,375.8574537831958,425900
2020-10-05,387.1234436035156,387.52869092526896,383.1286861795176,385.3769519123957,307800
2020-10-06,385.8690185546875,392.7199123499123,384.80760749680786,387.1234241492115,411100
2020-10-07,390.79010009765625,393.49184703564754,388.01114356324626,388.01114356324626,439300
2020-10-08,389.5068054199219,393.405036358691,387.8567814557652,393.34714388066817,367800
2020-10-09,399.8507080078125,403.2085897257481,391.01209264504627,392.3050738113227,419700
2020-10-12,407.0585021972656,414.4111697393354,401.40412173234176,402.7646536593331,626700
2020-10-13,408.891845703125,411.39096869387197,405.3892042026552,406.7690237492555,464900
2020-10-14,412.2208557128906,415.2120946685946,409.6831274644724,411.4006730150119,551600
2020-10-15,415.34716796875,416.76559247012045,409.142749691139,409.19101305051424,556200
2020-10-16,418.6665344238281,422.9410962216954,415.82002644823785,416.37966359135015,788800
2020-10-19,409.99188232421875,420.0366388733799,407.28047680545336,417.006824745887,414200
2020-10-20,408.0330505371094,412.78043888526037,406.08393546908104,411.2076248468937,442400
2020-10-21,406.6725769042969,411.3331272204422,406.286617259426,407.83048528574295,362000
2020-10-22,412.5199890136719,414.3340318971232,406.69193013101926,406.9331586113328,408600
2020-10-23,413.5620422363281,417.5567698788907,410.242736555725,415.93572183399084,270400
2020-10-26,403.227783203125,411.84445511308843,399.4935426064488,409.73129184356026,473000
2020-10-27,380.7550354003906,391.5041610630812,376.31642551773734,390.79013419149646,1415000
2020-10-28,354.6058044433594,375.33216247127524,352.6759769361846,374.1453079535037,1514600
2020-10-29,357.7997131347656,362.7690137225059,353.7084877105809,353.7084877105809,936400
2020-10-30,358.3110656738281,360.23123459877905,350.1671913298475,356.40052586245923,490500
2020-11-02,367.5743408203125,368.51996713938524,362.35415255656824,364.4673165683173,752700
2020-11-03,369.89971923828125,376.9725245909158,367.1979428708807,372.19621884418024,623400
2020-11-04,375.1103210449219,383.6015525464316,367.89275365585155,373.2962779962844,733600
2020-11-05,372.45672607421875,384.43130984250456,372.0900541194401,384.43130984250456,689600
2020-11-06,374.7918701171875,377.86028925295057,370.6813274788558,371.7234215345891,646100
2020-11-09,376.51904296875,402.6103229517047,376.16202953886045,396.4927723870294,1047500
2020-11-10,386.9111328125,387.28743386919996,376.55759749387204,376.55759749387204,676900
2020-11-11,387.2680969238281,392.55580484718416,385.43476688952234,389.70932726536995,545100
2020-11-12,376.94354248046875,388.0689966019791,372.64003549268864,385.6374246048807,584400
2020-11-13,382.4822692871094,383.7269871281139,376.4129520662132,379.5006591552648,546000
2020-11-16,393.5593566894531,394.65937247150816,382.51111219548767,385.000576651819,580300
2020-11-17,391.41729736328125,396.37696868676335,387.2199162264129,388.7927305134069,584400
2020-11-18,394.0419006347656,395.99104563790104,386.3901401642445,391.0506615339151,585500
2020-11-19,395.1129455566406,396.6953890049769,392.01555080503186,392.71994853717524,441500
2020-11-20,391.04095458984375,396.5795500754543,389.3813017668859,395.5085099506051,679500
2020-11-23,391.48486328125,395.4506452210196,389.26557312062243,394.4857313343407,458400
2020-11-24,403.8453674316406,405.11906070193515,391.6874477858413,395.50852759672495,484200
2020-11-25,403.78741455078125,406.68215548828863,402.2918101784668,405.40846240854677,274900
2020-11-27,404.1058349609375,406.4312804492909,401.6839216626305,405.69796608077,257500
2020-11-30,412.0182800292969,412.40423974183017,403.3340539865248,403.3340539865248,704400
2020-12-01,409.1233825683594,417.89444400536837,407.3961789109898,414.59445585317707,564600
2020-12-02,403.3436584472656,408.94980570715256,401.31733341971784,408.94980570715256,351200
2020-12-03,394.8523864746094,404.16379919438054,393.81995103951095,401.606783393155,609800
2020-12-04,403.2856750488281,403.2856750488281,395.44092229956584,395.44092229956584,529800
2020-12-07,404.2796325683594,406.41208402191415,398.934001368212,403.691019782617,368000
2020-12-08,404.4339599609375,408.2936149289812,401.626057438066,401.626057438066,357300
2020-12-09,404.8200378417969,406.5279250632786,399.33930380631614,404.10598144024317,388800
2020-12-10,400.439208984375,405.3506164717926,397.8435886234045,405.3506164717926,440400
2020-12-11,405.6980285644531,406.4410016071299,398.3453604995684,398.3453604995684,335200
2020-12-14,408.0523376464844,417.8268879476288,407.7628458904372,407.7628458904372,460600
2020-12-15,411.0146789550781,416.2927586825454,409.0752222175562,409.8568000492266,463900
2020-12-16,406.083984375,412.31731936623515,405.726970975433,410.1848680831239,367000
2020-12-17,410.12701416015625,410.42613511476526,405.85242318418534,407.19366764574596,486500
2020-12-18,411.2365417480469,415.7233842318817,407.08742492360335,410.5225150858341,1038600
2020-12-21,407.5603332519531,407.90768811760154,395.9620494572209,404.5401480671141,547900
2020-12-22,398.43218994140625,404.3760325989271,396.5698840648168,403.7392154509878,564100
2020-12-23,404.74273681640625,409.13311230177055,401.0760761323686,401.8094200479091,478200
2020-12-24,405.379638671875,408.80510081777123,401.67437268585303,405.10946394727455,119700
2020-12-28,408.30322265625,409.4225260719749,401.838318591497,407.69532231913115,287900
2020-12-29,404.87786865234375,412.39455599880057,402.0217318217224,411.72876306796695,269500
2020-12-30,407.0199279785156,408.6409760227715,405.6593960477481,405.9006244869587,190000
2020-12-31,415.96478271484375,416.7946240871265,405.39899182923295,407.6954624690333,330200
2021-01-04,404.8295593261719,415.8585460669341,400.1593802256652,414.8357398292562,437100
2021-01-05,404.4725646972656,409.2488998459932,399.6190494001748,405.2445134150613,514900
2021-01-06,408.5445251464844,411.8348849645453,403.37260095703436,403.8453993285858,711700
2021-01-07,416.02581787109375,417.48478732468686,408.4894799033518,409.1464879341716,441000
2021-01-08,416.52813720703125,418.2962673097171,411.7261299672562,417.01123640827205,310500
2021-01-11,423.70697021484375,423.95819122669224,411.4072543440183,412.3927955529412,697400
2021-01-12,415.4556579589844,424.7214974642504,413.2140999866067,422.6055500068926,542000
2021-01-13,399.1849365234375,414.6248004117557,398.7984629895231,414.6248004117557,703400
2021-01-14,393.63897705078125,400.7501846275608,391.9481294926781,400.0352070956676,683100
2021-01-15,397.7066955566406,400.36374192405384,388.6244338706915,392.7500916152992,1019200
2021-01-19,400.421630859375,406.9434706298264,398.34431001488326,401.93856955670685,497200
2021-01-20,406.3058166503906,409.20441239327107,401.2332741003498,403.62945719610565,420600
2021-01-21,407.16571044921875,409.53287906530505,404.4217102675866,406.52801590555214,359800
2021-01-22,405.0498046875,407.4266451424184,398.547277070451,407.4266451424184,412500
2021-01-25,404.9434814453125,412.0547184802462,403.83235895155326,406.218870675073,408200
2021-01-26,403.2043151855469,407.79375830537634,399.9095745864603,406.64397967015697,322600
2021-01-27,405.8033447265625,407.088375677674,395.97709361968475,400.05445221518835,588600
2021-01-28,408.5376892089844,415.0498869969076,407.28164298282917,407.28164298282917,618500
2021-01-29,379.62908935546875,411.1947805973418,379.2909139537023,405.80340546995603,1192700
2021-02-01,378.1314697265625,389.4360051345174,376.18943059218066,382.4793634240773,817400
2021-02-02,384.54705810546875,388.48913557651036,377.89960675512503,380.170179452705,888800
2021-02-03,388.1123352050781,389.86115238975225,380.7595482002517,382.4117691094749,619200
2021-02-04,390.1026611328125,392.2766078511997,387.4263017878167,389.8417981415802,437800
2021-02-05,391.2621154785156,397.77428428432336,390.58576469761033,392.85633719231834,494500
2021-02-08,393.3973388671875,395.31042228879903,389.5808434433674,391.9770260585747,378900
2021-02-09,390.0833435058594,395.5423593083853,388.6340457094699,393.5713060492046,677100
2021-02-10,388.26690673828125,393.7742209734805,387.0881432867826,393.7742209734805,742100
2021-02-11,386.4891357421875,390.9722821955576,384.3151887553873,389.1558239954865,341000
2021-02-12,382.634033203125,388.49886691978406,381.64852105487165,384.07368944698317,716200
2021-02-16,370.8270263671875,384.6919827532418,370.6434462666399,384.5277454965682,774700
2021-02-17,374.03485107421875,375.05901937853906,364.1989549891565,370.82706418451403,1517100
2021-02-18,382.1797790527344,382.95275549211925,371.5612676908695,372.80767192772777,574100
2021-02-19,375.7642822265625,383.3779315306427,373.6966031729193,382.17982527619796,736000
2021-02-22,370.9429931640625,376.9623917929562,369.62894768686675,373.8512310067932,813400
2021-02-23,374.73040771484375,378.62418633467587,364.4403999985862,373.05887376172075,1053100
2021-02-24,366.015380859375,375.2232528443633,360.6336472847315,373.986519747785,1298500
2021-02-25,366.2955017089844,368.35350924594985,360.7012335853338,365.16506596836626,747400
2021-02-26,364.85595703125,372.48892104510827,364.85595703125,368.8946606164044,531700
2021-03-01,371.90924072265625,375.10735626839823,366.8946667852205,366.8946667852205,819200
2021-03-02,368.20855712890625,374.2859535258473,365.2616637039892,373.9381067573841,502900
2021-03-03,367.7255554199219,372.9526938644825,365.89945523089307,366.94293684090326,796500
2021-03-04,359.319580078125,367.59987894646764,352.8846944266504,367.04916820202885,619100
2021-03-05,364.19891357421875,365.87044781736427,354.78814836329025,362.16989055610986,637100
2021-03-08,372.3536376953125,377.812654130148,363.2134067901413,365.5515909936294,909100
2021-03-09,376.4986572265625,382.6726515347331,373.1845733041278,373.1845733041278,731500
2021-03-10,373.0106506347656,378.46002520583596,371.3391163455452,378.3440565988839,556900
2021-03-11,374.3439636230469,378.0155062701029,371.0588944936747,373.30045269065704,395300
2021-03-12,373.3100891113281,377.3004934137257,371.7641656994935,376.1603863233368,493100
2021-03-15,377.6484069824219,380.8561937197453,372.49858092273115,374.03483330623413,543000
2021-03-16,374.86572265625,379.2136161151544,372.00575372888875,377.7643182955196,574900
2021-03-17,380.24737548828125,385.7837030366294,376.6144894882635,379.2328789441189,671500
2021-03-18,387.70648193359375,394.1993373755678,384.0156258782706,385.66781714434177,794800
2021-03-19,381.6485290527344,388.7307533395229,381.23307064206256,387.17518741238297,1157800
2021-03-22,387.7257995605469,389.9287309340575,377.8029222163167,380.09283740147293,488300
2021-03-23,390.98193359375,393.00128515307694,385.030146609714,385.030146609714,547400
2021-03-24,392.5472106933594,396.3733493286135,390.0061033684605,390.3539502367807,690700
2021-03-25,389.71630859375,392.5182793367286,384.431199751608,392.47962312697723,631100
2021-03-26,396.4892578125,396.69218075585536,388.2089579177034,390.53750016700803,448000
2021-03-29,394.5472106933594,395.957852416458,388.18960728866057,393.91918749024325,430500
2021-03-30,389.3876953125,394.58584833928626,388.2958862101253,394.2090167435115,347100
2021-03-31,389.70654296875,393.32978774834424,388.13163452011975,391.01091698661224,609900
2021-04-01,397.03375244140625,398.1754532162336,390.4544012866615,392.17663738797415,421800
2021-04-05,401.37811279296875,403.4583376996926,398.82379821963474,398.82379821963474,249400
2021-04-06,402.152099609375,406.69956240873495,400.7491416819241,403.5066623681789,479200
2021-04-07,401.2812805175781,404.93861471786573,400.6426946061306,400.6426946061306,329000
2021-04-08,404.6290283203125,408.344413163929,403.4389323478263,403.8936815866865,381700
2021-04-09,407.8993225097656,409.26357023695726,404.89025908568823,406.3706079765125,339400
2021-04-12,411.83734130859375,411.9824677937962,406.89317870671397,406.89317870671397,436900
2021-04-13,407.93798828125,411.73079320100004,406.9220736829291,411.73079320100004,285200
2021-04-14,405.4031066894531,411.7018613041621,404.551658686126,407.8703452891899,358800
2021-04-15,411.1600341796875,411.20839982758775,406.53515029918753,407.4930145347694,359400
2021-04-16,409.5539245605469,414.65289840677514,406.55451602212935,414.65289840677514,477200
2021-04-19,411.6534118652344,412.7951421886079,407.60906390980807,410.5310514203654,533700
2021-04-20,412.70806884765625,414.0723166617711,408.063844842919,410.38595684528764,368700
2021-04-21,415.7074890136719,418.56177083507487,411.59540510023936,413.15317459573686,387000
2021-04-22,417.1394348144531,420.62261736807125,414.38191406253657,415.5526401683171,447400
2021-04-23,420.1291198730469,421.7545950752138,416.01703670220996,418.552010309048,346600
2021-04-26,418.3392333984375,423.6897791720829,417.4200793956241,419.4132283402709,402300
2021-04-27,431.3915100097656,433.4040290577046,416.1139280602085,418.12641758088654,792200
2021-04-28,427.9856262207031,433.3071457841653,424.79272629352687,432.62987919243983,332200
2021-04-29,431.3817443847656,433.82964226917437,426.9890634857652,428.55648820255414,297600
2021-04-30,431.95263671875,433.05562737471587,428.99193873792564,431.4398368600387,514500
2021-05-03,430.6270751953125,434.9520207546942,427.5115659833278,432.57182876339374,344600
2021-05-04,433.8297119140625,435.3971368824781,427.8599204008136,430.55939091711724,452300
2021-05-05,435.5422668457031,435.86157461723985,427.79221782563445,434.87465553495355,449100
2021-05-06,431.7203674316406,437.56434202130066,427.55988909411263,434.10052965891606,459700
2021-05-07,430.03692626953125,434.9036977580218,429.71764801282524,431.72048202303205,327100
2021-05-10,429.9788818359375,435.880938180684,429.5725276852188,431.45923101093246,402200
2021-05-11,426.108642578125,430.20138613955766,420.7968071581487,428.1017914781519,296800
2021-05-12,415.4462585449219,425.4603981478971,413.35634883868954,425.4603981478971,501400
2021-05-13,423.24468994140625,424.81211479339487,414.7786351308763,416.2880093977732,464600
2021-05-14,424.12518310546875,428.25660741724175,423.2059995862505,425.4604056798037,353000
2021-05-17,418.987548828125,425.4797962347043,418.69726632752656,423.8833458268255,444800
2021-05-18,418.7649841308594,420.7678181438604,415.3592214364532,417.97158666765233,560600
2021-05-19,417.28460693359375,418.17476516641784,411.34387035439687,416.7718070520315,458900
2021-05-20,423.302734375,424.686322511673,416.3170286403383,416.3170286403383,683400
2021-05-21,425.5474853515625,429.2918959354766,424.74440300082836,425.7022967628758,712800
2021-05-24,430.0174865722656,432.43635910967276,426.70845594910156,428.3145908572102,393800
2021-05-25,431.40106201171875,433.984430798415,429.32083759558975,430.9753380953549,333000
2021-05-26,430.0079040527344,433.4040113528601,427.11494125767007,431.9913977221886,227700
2021-05-27,432.9686584472656,434.5941638307673,430.76264706315277,432.27202171926876,443700
2021-05-28,435.4068298339844,437.3612686101361,431.88493653332006,434.45862097751507,339900
2021-06-01,433.868408203125,440.09939764114307,431.4882160050507,439.55757247261977,363300
2021-06-02,434.6811218261719,436.90647296427056,432.42671586866004,435.0197403922589,310000
2021-06-03,432.5912170410156,435.00040489877455,430.03687319359176,432.72665856351216,353800
2021-06-04,436.4130554199219,438.18368699350253,433.6168535824388,435.3971405694964,232400
2021-06-07,432.2816467285156,436.63561829302887,431.497934209084,436.2873147409523,317700
2021-06-08,435.0971984863281,436.54852227424027,430.13366640730726,433.0943645724674,347700
2021-06-09,436.3162536621094,438.0288048419813,434.27470982294795,437.24509247769635,293000
2021-06-10,438.947998046875,439.2189106044393,436.75164276819794,437.5450400893699,233800
2021-06-11,444.3372497558594,445.4499548690091,439.3253523857339,440.2348509234485,387000
2021-06-14,449.2136535644531,451.47771470651185,443.28257340373926,444.9467588834473,582100
2021-06-15,447.7332763671875,449.4651972543688,442.6439594442557,449.42648702875977,469100
2021-06-16,439.11248779296875,450.81983801617173,438.5222970045781,448.8170042570893,468000
2021-06-17,440.1380310058594,441.04752942145046,434.1972955430697,439.5671806432653,506400
2021-06-18,434.82623291015625,441.37652951163415,434.6520811633691,435.9001982092649,657600
2021-06-21,443.4277648925781,444.31792310509746,435.57127049664194,437.47734350864175,328600
2021-06-22,445.06292724609375,446.97868520662155,442.26672553674854,443.18587951947495,325600
2021-06-23,442.595703125,446.6884468219402,442.2957652387623,443.87287514029083,278200
2021-06-24,446.6207275390625,447.4237804026922,441.76361153892884,444.93717181138754,363200
2021-06-25,450.9455871582031,451.5164375472654,446.5916164878693,447.38501378544873,701700
2021-06-28,452.8517150878906,452.9291060283512,447.42374897040264,448.6138450616905,475000
2021-06-29,452.45501708984375,456.063956548628,451.96155757096693,453.7031637702197,450900
2021-06-30,454.9416198730469,456.7702724032576,450.5682788394034,452.3292253701668,473900
2021-07-01,455.17376708984375,456.0155300198346,453.2483539728644,455.16408215084283,477100
2021-07-02,457.2637634277344,458.5796161827719,455.0383825241146,455.0383825241146,327600
2021-07-06,458.7731018066406,460.21474057036255,453.9063308343127,456.45098978600765,332800
2021-07-07,466.73870849609375,468.3661162414292,459.8899972815274,459.8899972815274,408900
2021-07-08,460.3645935058594,462.71855500448873,457.5650682197291,462.5732264761345,402300
2021-07-09,466.11871337890625,466.3124650602325,461.24615717334706,462.3020358431562,386800
2021-07-12,467.2424011230469,468.36609582079245,465.5956301057646,468.36609582079245,261800
2021-07-13,466.6418762207031,468.02710926794526,465.7603562190873,466.5450003682166,311600
2021-07-14,471.2431640625,472.73496930757415,465.7796856535143,466.564359307875,289600
2021-07-15,471.36907958984375,473.02554709534394,468.35640943086565,469.81915481612344,392500
2021-07-16,470.76849365234375,475.679776606699,469.69322206332316,471.42720207745464,342600
2021-07-19,466.6418762207031,469.0152015760041,462.8542580186501,466.8840510707396,408300
2021-07-20,476.1738586425781,477.74314688768465,468.2111486605838,468.2111486605838,475000
2021-07-21,478.33404541015625,479.380227668122,475.2244993086448,477.20065419853256,446300
2021-07-22,476.2126159667969,481.550129390429,475.2632799422215,479.4383718598491,587500
2021-07-23,481.0851745605469,483.58440593657934,474.8564446843059,480.3877098291771,521000
2021-07-26,474.4495544433594,481.86979482389796,471.30128163560073,480.4167458357017,492900
2021-07-27,477.8787841796875,477.9078439785289,470.08073645051826,474.22676860525456,620300
2021-07-28,473.0740051269531,479.38994387229064,470.6619531811845,477.95625817744383,377700
2021-07-29,476.4547424316406,477.67528341089815,473.4227089829385,475.631342138685,479200
2021-07-30,475.960693359375,477.016572010835,473.77142356032914,475.4666472742279,407900
2021-08-02,473.0643615722656,478.72156256466815,472.3668968163606,478.72156256466815,321200
2021-08-03,476.8809814453125,477.82062093850334,471.1947213466412,473.87800773576976,345300
2021-08-04,474.7692565917969,480.4070942879542,472.8512506680032,476.8616508778664,287400
2021-08-05,474.48834228515625,477.83033744310256,471.1753773640551,476.7938515632385,365000
2021-08-06,472.6865539550781,476.74540683190054,471.76630725663676,475.05018287111085,307000
2021-08-09,470.16796875,472.0472481194876,467.7656129425115,471.9794616228031,301000
2021-08-10,464.3944396972656,471.77592365219925,463.2320182717015,471.77592365219925,632800
2021-08-11,465.4405822753906,467.4554635174489,460.3258519014787,465.75054353869416,636300
2021-08-12,464.4913330078125,465.63439113276155,460.7715310938773,465.1113147746472,470600
2021-08-13,465.71197509765625,468.29838617450946,462.80587663498653,466.34162385209555,268300
2021-08-16,470.00323486328125,471.1269296445036,462.94140840137266,465.0628623197141,288400
2021-08-17,470.72003173828125,471.1753215801536,466.3318252037903,469.5672772357183,254200
2021-08-18,463.2901306152344,470.5263154740343,463.23201102298344,468.2886224853058,289800
2021-08-19,462.15679931640625,465.2081965543278,460.1322210910887,460.90716879640337,540200
2021-08-20,464.91754150390625,467.0583586660785,462.9413866667861,464.26849996952217,883200
2021-08-23,467.14556884765625,469.71264579572465,464.52040186546657,466.8162146134857,406400
2021-08-24,464.4332275390625,469.60607861870596,463.54201111271897,469.3348439780551,236700
2021-08-25,464.4913330078125,466.30279604159875,461.6724143840986,464.2297948287553,339500
2021-08-26,463.1253967285156,464.22003155389655,461.0330029101718,464.22003155389655,236500
2021-08-27,463.5710754394531,467.95928243856514,461.4011982930508,465.0822441038918,222300
2021-08-30,467.5427551269531,470.0710759097455,463.6388977639407,464.00700826247714,157100
2021-08-31,468.15301513671875,469.6060641444965,464.4525765686123,466.932444510231,288500
2021-09-01,468.11431884765625,470.23577303574274,464.45263606151656,468.50182228258615,297700
2021-09-02,471.0203552246094,471.77593952346984,467.726783397842,469.92572024600275,214000
2021-09-03,471.0009765625,473.9361342698116,467.6783450462332,470.15821289837436,270700
2021-09-07,461.8177490234375,471.9503661755521,461.8080821317054,471.3206879067645,305900
2021-09-08,467.35870361328125,468.24022361357,461.1009137752211,461.1009137752211,297000
2021-09-09,463.91986083984375,471.2529228296825,463.0480372403761,467.1165572253454,291300
2021-09-10,459.1247253417969,466.6805978395924,458.76631132032014,465.80874479427786,334400
2021-09-13,457.10015869140625,463.48388387630064,453.00257935062405,463.48388387630064,373400
2021-09-14,454.04876708984375,457.73950930180297,453.15755066749995,457.2551596197888,177300
2021-09-15,459.9384460449219,461.5949432416934,451.39454012475704,453.1866102976572,249500
2021-09-16,458.8922119140625,460.7617943798334,455.7148795425595,460.7617943798334,215700
2021-09-17,452.04351806640625,456.9064074253456,451.3363865041444,456.3542417347132,706000
2021-09-20,447.064453125,453.04131164843795,443.5771295006821,447.51974300876316,386200
2021-09-21,444.1002502441406,451.28798321276696,443.8968020859338,448.18816288072816,407600
2021-09-22,446.541259765625,449.49578042366227,443.57704265588734,447.26778414668524,273100
2021-09-23,448.24627685546875,451.2007981534039,447.44223981137077,447.93628595744644,264500
2021-09-24,451.413818359375,451.46224149348524,446.7737410047887,448.042734566948,239900
2021-09-27,447.2775573730469,450.842363853046,444.5070618852947,448.82745266879755,377000
2021-09-28,438.733642578125,446.5801135192961,437.6874306860439,446.086067372349,279600
2021-09-29,441.2813415527344,444.57491366444447,438.6077216966783,439.25676331476444,208000
2021-09-30,432.1658020019531,445.23354545079053,431.84611469389114,443.27678360430156,408000
2021-10-01,433.5704040527344,437.1061800201254,425.64645115942454,434.7619147912188,357400
2021-10-04,431.54583740234375,443.27680118102376,430.58683456484175,437.92956217833074,547400
2021-10-05,433.4595947265625,439.8902039652923,430.6371086552762,432.11141400096994,467400
2021-10-06,440.1714172363281,440.4235776352042,429.05605424692214,430.23936405627416,510500
2021-10-07,439.715576171875,448.4837078855897,438.3770747182601,443.1103142238916,338300
2021-10-08,438.00848388671875,442.2179553795528,434.98232223102355,440.3944914075914,306400
2021-10-11,438.6388854980469,441.27708276004535,437.6786691915784,437.6786691915784,275100
2021-10-12,438.57098388671875,440.8115081850207,437.0093893031914,439.95796948095125,311900
2021-10-13,442.7126770019531,444.0026645416845,437.5914729408572,439.53132341248096,512800
2021-10-14,448.8716735839844,449.23054115762113,443.58556961619354,445.39932493144977,234000
2021-10-15,453.04229736328125,455.74839659632977,450.33619813023273,450.33619813023273,299800
2021-10-18,454.4389343261719,456.16539954819194,449.7638889767403,450.549525815989,295700
2021-10-19,459.87060546875,461.1605928645156,455.1761714033033,458.2023330653461,271700
2021-10-20,460.6562805175781,462.41184277555107,456.96086784418605,460.6077960971,292100
2021-10-21,466.76678466796875,466.98016939179564,455.9812213903923,458.89099693361334,418100
2021-10-22,472.5475769042969,489.81223390294883,470.4137295899607,475.26335566820774,598600
2021-10-25,473.2458801269531,476.1168502097046,464.24497614879346,469.95781974453007,457100
2021-10-26,473.6338195800781,476.4174998084968,471.3544897345869,473.6338195800781,252600
2021-10-27,466.71826171875,476.5629955739592,466.252687014354,475.49607204290487,320900
2021-10-28,471.9267578125,473.3913541963628,466.7764578610173,466.7764578610173,308400
2021-10-29,473.1973571777344,473.69202845418914,468.87149948879966,471.383601963754,360900
2021-11-01,464.7784729003906,475.913225186375,462.8483311664078,474.4971130400554,335500
2021-11-02,464.5941467285156,466.60189889243463,462.07233541922176,465.80655316569863,336800
2021-11-03,464.0994567871094,465.07909062092614,455.32164637442037,463.5757185391171,299100
2021-11-04,472.9840087890625,473.6144542370181,464.2934874516662,464.2934874516662,427200
2021-11-05,469.7347412109375,477.0673730223168,468.3768519124907,473.29437955735517,345700
2021-11-08,473.8085021972656,473.9443059451916,466.61164355145513,471.3254958331592,263400
2021-11-09,474.66204833984375,475.0209159650995,470.04519443709745,473.8085093393591,377600
2021-11-10,471.29638671875,475.0015083165251,467.426394402618,473.3817201081508,285900
2021-11-11,464.9239196777344,471.33514033633054,462.7415880816505,471.33514033633054,275000
2021-11-12,473.0616149902344,473.46896698677244,463.760036138897,468.0858941198631,245200
2021-11-15,471.02471923828125,476.7666591104369,470.66585169624204,472.20802901460104,393700
2021-11-16,477.4844055175781,479.95770252598504,471.2283771790009,472.3534937756949,284300
2021-11-17,476.019775390625,478.71616562209044,469.8413580703084,477.9693340514213,317800
2021-11-18,472.0237121582031,478.997475395947,470.2293449574354,477.13520634007034,367300
2021-11-19,483.43975830078125,486.40772672536565,471.8976555829792,474.0993748940978,816100
2021-11-22,478.037353515625,486.45632734010366,477.2614251409106,484.9626341390199,290200
2021-11-23,471.03448486328125,476.98010143164316,467.67852238418936,476.98010143164316,322200
2021-11-24,470.2876281738281,470.5301094744395,462.62522499446163,469.44379798366333,340000
2021-11-26,461.0733337402344,470.50100778954817,459.4438665217771,465.855057832385,280100
2021-11-29,466.99957275390625,468.33804459961306,460.9278318315917,463.08106685262135,281300
2021-11-30,450.19073486328125,464.9918015459186,447.4070545275042,463.62420358587957,759600
2021-12-01,445.7582092285156,458.76490967853573,445.7582092285156,454.28386000219575,375300
2021-12-02,453.2168884277344,454.2353275372152,446.6214096224698,447.0384703093238,440100
2021-12-03,452.0530090332031,455.8648076614068,445.9521717235873,454.2450196826279,417800
2021-12-06,457.9695739746094,460.04519841676193,450.4914297093284,454.57483592829664,286800
2021-12-07,457.73675537109375,464.2158480771499,455.2925547214406,460.99571917039697,473600
2021-12-08,457.6689147949219,458.91044753215965,454.45846458163084,456.7766001397443,479200
2021-12-09,453.7503662109375,457.4166818954528,453.11992081752305,457.319683465751,252200
2021-12-10,459.1820068359375,459.35658627013294,454.5069602106927,455.8260442909716,269800
2021-12-13,461.6552429199219,462.58636271162834,456.9899056388709,460.22945186398175,324200
2021-12-14,452.2664489746094,461.44193346776717,447.72717635029466,459.53117955874956,406100
2021-12-15,464.84637451171875,467.22267356183005,453.23636834186163,453.23636834186163,542500
2021-12-16,472.3050537109375,473.7599414053754,465.5640622201354,466.7376633390475,574300
2021-12-17,461.21875,473.1876215878626,459.1334170584743,472.0819224206302,849500
2021-12-20,452.9550476074219,457.1451313830234,447.63016797578246,456.61165478765145,394500
2021-12-21,458.0179748535156,459.996630098981,452.0432334297805,456.30121829627683,281000
2021-12-22,458.7357177734375,460.16150870140257,453.5563218472972,458.7842317830897,454700
2021-12-23,463.9442138671875,466.5921197824681,459.598968795665,459.598968795665,373000
2021-12-27,473.3428955078125,473.77937369699595,464.81727413045456,466.5340311150235,282600
2021-12-28,477.29046630859375,478.05671546951885,471.3254325210902,473.84724384582205,371000
2021-12-29,476.23333740234375,479.4534966044067,475.1761223437898,475.58347440683593,267000
2021-12-30,474.4486083984375,478.17311756747773,474.38070653134974,475.4282423100044,314800
2021-12-31,477.0673522949219,479.18181153895677,472.295337310603,473.5659368417774,241800
2022-01-03,460.6853942871094,477.54269976234485,458.1053895863186,476.25268261206475,369400
2022-01-04,456.02001953125,463.0422682601285,454.87551493948297,461.17031979396876,569900
2022-01-05,452.4991760253906,460.14219089234143,451.26738174902795,456.7377441666385,494900
2022-01-06,457.3196716308594,461.1411787840485,449.4729813472136,452.353659996196,397400
2022-01-07,448.141845703125,459.5923284936734,447.70482247523563,455.66866311709305,375300
2022-01-10,440.5664978027344,445.4613656237148,433.2824806567034,444.32504590788767,619000
2022-01-11,447.0249938964844,448.2001403817881,432.321006472222,438.9737185227473,514800
2022-01-12,451.142822265625,453.36688353834245,448.05440647197497,450.24933286508207,344500
2022-01-13,442.61566162109375,452.9881231850358,441.03259736271997,452.3665395778574,422900
2022-01-14,434.9043884277344,439.61472562250765,423.9298140322254,439.5370424777066,754100
2022-01-18,432.60260009765625,433.13677910480965,424.96896483347143,428.73723420979525,731700
2022-01-19,429.73760986328125,441.1297940190065,429.25200870707835,435.05008769769086,529100
2022-01-20,427.0764465332031,438.31326311601345,426.0566960772909,432.93279462173854,447500
2022-01-21,425.32830810546875,432.1461371082064,424.570771549609,428.1447886521914,592700
2022-01-24,421.9388122558594,422.37583546739114,407.3125093351425,420.03523458316766,967800
2022-01-25,415.51910400390625,418.7726369752395,407.3998686530729,415.567681892276,570500
2022-01-26,414.5285339355469,424.2502478927517,408.2059980709131,419.4428147417135,623900
2022-01-27,411.28472900390625,420.65682454948103,409.36173792803464,419.2485694674237,583500
2022-01-28,422.92950439453125,423.09462184126824,405.51585271953905,411.5275978625026,539700
2022-01-31,424.57073974609375,424.71641414232005,417.50038920811147,421.14239730745817,847600
2022-02-01,429.2616882324219,429.96095506279636,420.02557466137205,424.4639465759969,647700
2022-02-02,439.2941589355469,449.7637168158,432.7773712383708,432.7773712383708,896500
2022-02-03,448.1709289550781,451.14280511732335,436.73989049513426,440.9257693262292,1082100
2022-02-04,435.0500183105469,444.7231835004654,433.16588375388517,444.7231835004654,526000
2022-02-07,430.45623779296875,437.08953573975964,430.0774547105533,435.52591443335047,419900
2022-02-08,432.9522399902344,435.38024550679705,424.54162532421265,429.1062579121069,367500
2022-02-09,440.9938049316406,444.54840866010244,435.30254443566406,437.04100473110833,405200
2022-02-10,429.5724792480469,438.109355610995,427.4552653852653,436.71082195294406,515800
2022-02-11,425.2214050292969,432.9521951329535,421.84164066920516,430.0871370647566,469700
2022-02-14,429.4559326171875,430.8836011345668,424.0366073721392,424.92040499134936,568700
2022-02-15,429.2228698730469,436.30291332543203,426.78514260694544,433.57383722378717,460800
2022-02-16,432.1849670410156,433.0784860813362,423.9200270633182,427.3969474408022,386100
2022-02-17,425.57110595703125,431.7965157848999,424.81356940598937,428.9994486306714,416800
2022-02-18,427.64947509765625,430.0483458485378,424.6775985740528,426.6588594693687,731400
2022-02-22,426.5617370605469,431.2235256999311,421.3366641504252,428.1545229963236,524300
2022-02-23,416.8109130859375,429.4753700100998,416.31559041789956,427.8340357167415,491800
2022-02-24,431.27197265625,431.7478521683047,407.9339889750985,408.4098684871532,552500
2022-02-25,435.5065002441406,437.1866610685358,425.94984458692346,430.04831902522056,400800
2022-02-28,435.312255859375,437.26438178635425,427.00848881731775,433.34071655813716,540800
2022-03-01,433.40869140625,440.7315344541387,430.3396889815132,436.2737200346717,568300
2022-03-02,436.1474914550781,437.4489285463992,429.6890024489631,436.32233038474567,571400
2022-03-03,436.95355224609375,443.36349220809313,434.5838166865744,440.7509561169733,561900
2022-03-04,441.4890441894531,443.96562736478825,431.4662608927741,434.7100723987106,444000
2022-03-07,432.35009765625,442.6448172948132,431.99072794467753,441.18801399063096,460600
2022-03-08,425.9012145996094,434.90424652727205,421.6376532044698,432.31115376837045,770500
2022-03-09,430.5242614746094,434.4770321780352,426.48405648501324,430.15519987074737,381200
2022-03-10,423.8229064941406,427.6105888265355,421.7347982294833,424.50273019348833,496300
2022-03-11,419.8604736328125,426.76573755734063,419.67594282045394,425.9207666402943,440700
2022-03-14,422.570068359375,427.65915822487943,418.20935047964133,418.8503474658575,369200
2022-03-15,432.9619445800781,434.4964607093298,423.3179134982092,425.7750539676215,321800
2022-03-16,440.4013671875,440.85783343386777,429.7764121241663,433.38928570597847,400200
2022-03-17,448.6759948730469,448.6759948730469,437.7791052015049,438.0121842408731,360300
2022-03-18,455.0472106933594,455.28028980027517,442.8294671009051,446.75313335355503,905500
2022-03-21,449.34613037109375,454.90140808446637,446.3256761474934,453.580557693679,391600
2022-03-22,450.50189208984375,450.8903967272522,447.442610722079,449.66667232464926,294100
2022-03-23,448.71478271484375,450.91943044642306,446.4324814951926,449.25865351870584,259000
2022-03-24,448.1612854003906,450.62811774953013,445.6070187675798,449.4141149498094,224900
2022-03-25,452.4443054199219,452.76481878807124,446.1509332598173,449.4141588778355,205900
2022-03-28,458.6600341796875,458.90283476871434,449.5015734361493,451.4634211642823,260800
2022-03-29,462.904052734375,465.95361185739705,457.03798386470316,464.7493307610268,297300
2022-03-30,464.5455017089844,466.62385926563474,460.4955749857499,462.04950462848655,383500
2022-03-31,458.63079833984375,466.7888904076221,458.4850943075053,462.49616389750344,601200
2022-04-01,463.21490478515625,464.7202563514888,457.31970027153795,458.8347733443434,397900
2022-04-04,468.0091247558594,468.5925807737118,461.6686257069201,464.4595991424704,395300
2022-04-05,463.6038513183594,471.8892531787463,462.9133789053408,465.957203050825,629800
2022-04-06,466.180908203125,468.86492473715435,458.3039250930121,462.30077709161304,491900
2022-04-07,471.9087219238281,474.78724360785355,463.55523976973154,464.8875138839992,681100
2022-04-08,468.8843994140625,473.3188437901024,468.3203522870597,471.7434529824723,479500
2022-04-11,467.5424499511719,470.55710208350115,464.498625010482,468.7288602867083,413800
2022-04-12,457.54541015625,470.7709582343809,457.331466375673,468.43704496819714,479700
2022-04-13,456.08673095703125,459.09164850163194,453.82089735592587,457.7107628651543,434700
2022-04-14,448.4626159667969,459.1208395765777,448.13198094663306,455.8630711474922,347000
2022-04-18,444.03790283203125,449.27951137653855,440.857948143137,447.1692460681121,236400
2022-04-19,450.0088195800781,451.0785385388549,444.0767686971514,445.21456742542284,371000
2022-04-20,455.86309814453125,457.5163030205759,451.9732322501407,454.11267036298415,635600
2022-04-21,456.3590087890625,463.95396862914953,454.66692683217633,460.2391400394331,562800
2022-04-22,441.5774841308594,457.74960343668914,441.2663174698418,454.7446861331115,620700
2022-04-25,442.73480224609375,443.4252748123514,434.8092063949723,442.39446272104254,1039100
2022-04-26,459.0137634277344,463.2731699731377,443.4445706500572,447.7428841516562,1022200
2022-04-27,461.6200256347656,466.0739081855301,455.1531307408815,460.8615031155589,776700
2022-04-28,470.0805358886719,474.04818564598867,463.8664614989504,466.5407440337976,553000
2022-04-29,456.9813232421875,468.39806677056265,453.09145849768487,465.31533590252667,2822200
2022-05-02,446.63433837890625,456.8549690845806,440.1771773289692,453.1693133551548,805300
2022-05-03,438.708740234375,448.1805527925482,436.7638075742282,447.70405378755373,761700
2022-05-04,451.6036071777344,453.4221142810061,434.83826917774513,436.9582384383873,822600
2022-05-05,431.288818359375,452.7997688806984,428.24499399101586,448.6570528085095,763800
2022-05-06,427.2044372558594,429.7231511097499,420.3874686169974,427.89490970224347,676800
2022-05-09,421.0001220703125,424.2481559388162,419.27883773230513,421.3404615321792,574300
2022-05-10,418.73431396484375,426.4556997458837,413.8622476836756,424.93865449857145,674000
2022-05-11,417.5478515625,422.332398828893,413.71633195640555,416.7601562316481,642600
2022-05-12,417.0323791503906,420.1151098961141,410.50713961003487,412.11170281801594,679700
2022-05-13,418.4814147949219,423.37291915496814,412.6855238876823,419.3274854149237,655200
2022-05-16,418.0243225097656,421.5057682585049,412.9480772414138,417.1102315498567,480100
2022-05-17,420.84454345703125,426.91272393143345,417.1394490699894,423.8397267309223,472500
2022-05-18,400.15045166015625,418.16051720574154,399.4891520084189,417.53812451641625,643500
2022-05-19,401.8035888671875,404.8182401087353,390.9897691627625,396.8829121288597,685600
2022-05-20,405.96575927734375,410.62388100322755,399.3335618949997,405.3239279802172,663400
2022-05-23,412.23822021484375,414.3970967315369,406.9674394602317,411.5088704413301,624800
2022-05-24,415.2138977050781,417.1880029187433,409.4180074193979,410.283486911665,510700
2022-05-25,414.01776123046875,415.8460024822616,411.5477183860638,413.0939361228936,529300
2022-05-26,420.6111145019531,422.6630338325716,415.50566641348234,416.60455808375235,412000
2022-05-27,431.6583557128906,431.66808987285106,424.1217417181735,425.02612827498353,387900
2022-05-31,430.2579650878906,433.3795734049287,425.1039058929484,427.51560317179786,2166300
2022-06-01,418.9677429199219,433.28245145793124,417.71328246132555,431.4736779535421,640100
2022-06-02,429.2854919433594,429.5869540983661,417.703415663776,420.02762418233345,462700
2022-06-03,420.1637268066406,427.1265880750298,418.491083823985,427.0098968841744,511100
2022-06-06,413.50238037109375,420.8736914241998,411.68387316811555,420.8736914241998,787000
2022-06-07,416.4684143066406,417.02269752580713,408.4552720608871,410.04039682943255,456700
2022-06-08,406.5492248535156,414.8054535502479,405.8296093487048,413.45374093899676,451100
2022-06-09,395.0450134277344,406.3547720743767,394.65600314845676,403.7972105197638,407500
2022-06-10,379.932861328125,389.21019814482673,378.05600849065866,389.14211838123373,742400
2022-06-13,374.62322998046875,381.6249700302565,371.15151792089034,372.8338954229457,1260000
2022-06-14,370.17901611328125,378.15322176858064,369.1773770362837,374.6523669174966,912800
2022-06-15,373.7285461425781,379.05767250352716,370.96674522885536,374.13699507366164,789000
2022-06-16,362.0395202636719,369.68309183595545,361.35878192045703,365.79322628002836,807500
2022-06-17,364.3927917480469,367.18376491904274,359.33598544966,361.7574167261677,1620300
2022-06-21,372.0947265625,372.6879166670405,365.9779061884279,365.9779061884279,649200
2022-06-22,372.78521728515625,374.8663093531178,367.29078878178603,368.26325505414593,548600
2022-06-23,383.4239807128906,383.68653590892217,372.4642970779329,374.86628983267525,734200
2022-06-24,396.4842834472656,397.6512550447355,385.6510227514106,386.70127344727706,945600
2022-06-27,387.7904357910156,395.4243033630813,386.7401850824725,395.23953236329635,505900
2022-06-28,380.9053649902344,391.3204717808374,380.66224839125556,388.996292526806,467800
2022-06-29,382.714111328125,383.95886704026947,379.3007746990737,382.4612902635431,366600
2022-06-30,383.78387451171875,385.5051591035607,376.461203407497,379.2619115023472,525700
2022-07-01,389.63812255859375,390.71754600920434,382.9864263175525,383.968626870764,392300
2022-07-05,390.53277587890625,390.8731450525086,380.5260883679832,387.00271811784097,582300
2022-07-06,393.6057434082031,397.5442201371608,388.3155242480002,392.7888752598755,628200
2022-07-07,391.9111328125,394.67717108742715,390.4599145924796,391.78451346549974,440700
2022-07-08,391.5506591796875,394.25826174746777,388.34635814865266,388.94045837506235,412700
2022-07-11,386.98284912109375,390.30405058404057,384.7817235128591,387.9665565430117,319000
2022-07-12,380.7591857910156,391.05393014421804,379.3177170884095,387.73272942333824,605600
2022-07-13,375.0129089355469,377.301716865471,370.2794561822943,374.5161806954989,419500
2022-07-14,378.0321044921875,379.1910872656045,370.81507153252403,371.27283302031407,380400
2022-07-15,384.85955810546875,386.8854077079334,381.3338343482524,384.9277423096422,489100
2022-07-18,381.6357727050781,386.8854216037942,380.5059776405945,384.22650505112495,395800
2022-07-19,393.605712890625,394.5991395058632,385.21991774246374,386.17440743205304,444600
2022-07-20,397.7450866699219,400.0241454756748,392.1156090071181,394.2680484809657,439900
2022-07-21,401.9818115234375,403.9199789889347,397.1996728028616,397.6963713140247,412100
2022-07-22,400.2189636230469,406.6957804691035,399.0891684116243,403.2187421532835,375600
2022-07-25,402.6148986816406,404.5140995889336,395.4757674873325,398.14443351956095,440900
2022-07-26,400.5306396484375,402.7902302515518,398.2418612053262,401.37797869389254,529600
2022-07-27,407.39703369140625,408.8092554206437,400.50139214615274,401.6117188970924,551700
2022-07-28,424.3439025878906,425.8827436546003,407.09510907246744,408.33202543796915,547900
2022-07-29,425.2984313964844,427.34372027643155,420.7208149865462,423.42841817376336,510500
2022-08-01,421.1298522949219,424.80166446147246,418.88973032498285,421.59733326594636,396900
2022-08-02,415.1983642578125,421.60702578894626,414.9354062468951,421.60702578894626,418200
2022-08-03,418.61700439453125,419.83445224001053,413.2310163150448,415.6074768872482,432600
2022-08-04,419.62994384765625,420.7889566144935,414.78936985758565,417.78914837461514,332400
2022-08-05,420.6720275878906,421.10054183942924,415.2665418885383,416.1041613740491,310100
2022-08-08,419.78582763671875,425.99968710488776,418.6170656449109,424.266012585327,320900
2022-08-09,417.66253662109375,419.5909848103112,415.11077055798285,417.77943658762007,374400
2022-08-10,427.2559814453125,427.7332411808825,422.87316948989036,427.41181832602456,398000
2022-08-11,422.4057922363281,431.7752677825853,422.10386749424026,428.5417185906438,292700
2022-08-12,427.66510009765625,428.11311259810174,421.9187520101076,424.19781089000253,282700
2022-08-15,427.9670104980469,430.0220481976375,423.98352470781214,426.30155016508246,244600
2022-08-16,424.96722412109375,428.5806309179398,423.1654249928153,425.2399312639831,355500
2022-08-17,422.6978759765625,424.8795329219048,418.94813080962047,421.2856246400367,316900
2022-08-18,422.4544372558594,424.29523281715274,420.09744495438355,424.29523281715274,318000
2022-08-19,422.03558349609375,422.19142037820967,416.045746380961,420.6233321863752,325400
2022-08-22,411.1370849609375,419.2209282010309,410.5040179134596,418.0424467997703,376800
2022-08-23,405.877685546875,410.0364771205315,402.13768894225643,407.5821127083024,699700
2022-08-24,407.71844482421875,409.78323179640495,405.906896537514,408.23464156726527,470600
2022-08-25,413.56219482421875,413.86411953854315,407.99115180591167,410.2799599006695,432300
2022-08-26,399.1573791503906,417.82817574604917,398.8554544082159,415.7926061489006,372100
2022-08-29,398.5047912597656,401.1831766497251,395.56344782265404,395.7095356266275,318500
2022-08-30,397.13153076171875,402.7415405604315,393.4694377294645,400.67675354364167,566300
2022-08-31,392.0960693359375,401.67984394192325,391.96947974027296,400.26759269787385,630100
2022-09-01,394.5991516113281,395.09587979560774,388.01521451056385,388.01521451056385,493700
2022-09-02,390.4793701171875,399.7124756698689,389.0184326843862,399.18652987166297,295500
2022-09-06,386.58349609375,390.4111446295499,384.8108850625332,388.0736509287554,502600
2022-09-07,396.2451477050781,397.3651936825487,386.99254487083795,387.41133976037855,364600
2022-09-08,397.452880859375,399.1962744987396,393.8395039717453,393.8395039717453,334100
2022-09-09,399.478759765625,400.94944638309147,397.53084306873166,398.54376807351423,542800
2022-09-12,398.6021728515625,402.9654868978065,396.43998429370134,401.9915286235059,1085900
2022-09-13,384.879150390625,393.5570934969979,383.85647624652074,391.30725199196024,526700
2022-09-14,385.8725280761719,388.5606624036759,383.8856448896321,385.23946114736265,436400
2022-09-15,373.99993896484375,386.4081565952316,373.902537202836,384.73294734637113,582600
2022-09-16,372.1495056152344,375.1687825594881,368.92570573211015,370.76647162764743,891000
2022-09-19,372.3929138183594,373.5421773303352,367.3088509605527,369.88983417739496,640800
2022-09-20,368.6822204589844,370.01653870915874,363.1598632619081,369.71461398347776,700500
2022-09-21,362.7021179199219,374.009790889411,362.4975949694647,371.2437524803876,370400
2022-09-22,365.78955078125,368.51662231787265,360.8028887012255,360.8028887012255,662600
2022-09-23,368.1562194824219,368.5945125852303,362.2053488260086,363.977930256375,744900
2022-09-26,367.2503967285156,371.6429276535713,364.8447189747738,369.0035094615203,791900
2022-09-27,357.3453369140625,371.0489389617497,355.4656043045185,369.9678296640212,583600
2022-09-28,360.8807067871094,362.61435107952593,356.04988275703454,359.56585735950927,531000
2022-09-29,357.1991882324219,359.6535523225056,354.24809592346463,358.4848202560668,446300
2022-09-30,350.27435302734375,358.6601191427789,349.8652774916132,356.31287623555096,663400
2022-10-03,362.54620361328125,364.55255519804933,352.2709561308734,353.64424080793543,514500
2022-10-04,370.05548095703125,372.9481383984301,366.3252038923644,366.9095848374363,445900
2022-10-05,371.1480407714844,373.8795690937359,365.2362096536341,365.2362096536341,478900
2022-10-06,371.0309753417969,375.0014715962809,370.22128181696144,370.8944138019792,570200
2022-10-07,360.33892822265625,368.6798992680415,358.25126653296564,367.5579928590986,577200
2022-10-10,356.1929016113281,362.8071310986612,355.57830019196115,362.01693777988396,419400
2022-10-11,355.2270812988281,363.55828792558214,354.1344698929774,356.07580516689336,540100
2022-10-12,357.00262451171875,360.81699977556843,356.07583986924016,356.29046211426515,699700
2022-10-13,361.44134521484375,363.13879301774034,347.5104896994446,348.46653960288256,483000
2022-10-14,354.3003234863281,367.7141390768968,353.851578718935,365.2557632281947,469900
2022-10-17,361.8705749511719,363.98750210425374,360.33895407083196,362.1242275169787,373400
2022-10-18,366.2118225097656,371.56758385353544,361.25601056949677,371.56758385353544,440300
2022-10-19,362.3485412597656,365.8507623022598,359.8413705322513,361.6851743831124,248700
2022-10-20,358.4268798828125,364.7289254401857,357.88057418708263,363.3533961726213,451400
2022-10-21,361.665771484375,363.47051571248664,356.1831538199679,358.0269581673023,744400
2022-10-24,363.63629150390625,366.62147236029267,361.4998344517869,364.68013723230575,1057300
2022-10-25,368.7579650878906,370.6895651465415,363.99727548417394,364.9923557135222,1220900
2022-10-26,379.1475524902344,388.1323608614881,372.50405847928886,375.7428920596194,1385600
2022-10-27,390.5810241699219,392.6394505486082,383.1473364976732,383.1473364976732,1003400
2022-10-28,403.5948486328125,403.74117520262666,391.0980534564052,391.0980534564052,773600
2022-10-31,404.40460205078125,406.55079470119676,400.8633499404506,401.88766577685,745700
2022-11-01,403.5948486328125,407.9945893842697,399.42926016448615,406.50199882930906,570000
2022-11-02,393.2638244628906,406.7264362018244,392.4151004819585,403.5168674417448,522700
2022-11-03,387.9958190917969,392.5516515354813,384.35700619976257,386.0837490734626,630000
2022-11-04,386.34710693359375,394.01494624085524,379.1573074224034,393.1466923570277,857500
2022-11-07,402.531494140625,402.9509735558254,387.9470374055086,387.9470374055086,725300
2022-11-08,406.24835205078125,413.73083498915696,403.11684432641357,405.7605769634966,873000
2022-11-09,406.0240173339844,407.6141391997057,403.7899989729377,404.6387229089806,549600
2022-11-10,427.71044921875,427.71044921875,419.05732406874256,426.9885516276879,647400
2022-11-11,427.6421813964844,431.9346261941509,423.3400311125921,427.2909976065463,609200
2022-11-14,422.0133056640625,430.6859622232739,421.51576547835685,427.388597407093,521800
2022-11-15,425.29107666015625,428.6176762917929,421.38887627248255,425.59349480848687,469400
2022-11-16,420.85235595703125,424.4911689694359,418.94028587544653,424.3643426783101,474700
2022-11-17,419.1158447265625,420.30601708351475,412.27722874533947,414.75513442714373,458200
2022-11-18,422.4230041503906,424.34483924671963,411.965104753108,417.52572306344285,401500
2022-11-21,423.8765869140625,427.64219661799484,420.98896648765674,421.09626272570245,406200
2022-11-22,422.1595458984375,426.42269512402925,417.1062034639177,425.0666959496248,557000
2022-11-23,423.01800537109375,425.3105539290781,421.1742312688338,422.82291322512305,651400
2022-11-25,425.7106018066406,428.2275082277476,421.97422786190646,422.8132165165618,177700
2022-11-28,413.66253662109375,424.83259795528795,412.6772214243782,424.0326396722403,549200
2022-11-29,414.8526611328125,414.95995734864164,410.4041552611094,412.10160283095206,437500
2022-11-30,428.1592712402344,428.2080368450421,412.08219211235905,413.6138131776453,589500
2022-12-01,433.8564453125,435.3880364795578,429.7981529626607,431.31024384369607,389900
2022-12-02,433.01739501953125,434.6660769822784,426.10074875214644,426.92020721985233,292900
2022-12-05,426.1398010253906,432.4418463235344,424.87156803492087,432.4418463235344,261100
2022-12-06,423.4473571777344,426.1496207676713,420.39388000168697,426.1496207676713,275900
2022-12-07,423.6033935546875,428.68600157494836,420.75477397535855,423.45706698432076,251200
2022-12-08,423.02783203125,428.32506239749756,422.2083734473633,423.71069929877444,276500
2022-12-09,420.7840881347656,424.20827913597526,420.01342485089805,421.8767294536725,270300
2022-12-12,429.1250915527344,429.22265254175545,421.4279850219086,423.18399350998664,316100
2022-12-13,432.9979553222656,440.21702073290726,429.25184618655044,438.9975830023452,421600
2022-12-14,428.06170654296875,437.54405625264303,424.8228725374886,432.3150913825215,377900
2022-12-15,419.0963439941406,425.1252366839289,416.52087734718594,424.2179822034266,462700
2022-12-16,413.98443603515625,416.97938205884316,410.79439784966473,415.7306790918707,655100
2022-12-19,412.9991760253906,417.652539681691,411.106606288207,413.6625430048452,282200
2022-12-20,414.13079833984375,416.73550053460997,410.41395469819577,411.6041270566387,301000
2022-12-21,420.30609130859375,422.237691636988,414.45278945805296,416.7843689854727,251000
2022-12-22,418.0329895019531,418.2573469747954,410.6383029547791,415.98432830520505,369900
2022-12-23,419.5939636230469,419.7403199985801,414.8040374107721,416.59904655439,189900
2022-12-27,422.55950927734375,423.33020217304045,417.7988201451511,419.81821594671595,287800
2022-12-28,415.760009765625,425.6716041491532,415.57465283134337,423.2327284574809,200700
2022-12-29,426.1885986328125,427.1153832042503,417.5062080612975,418.3744322327347,227500
2022-12-30,421.52545166015625,425.80813101668144,417.8378733634536,423.78873510454184,271600
2023-01-03,423.8375549316406,426.0423080320954,419.51587445243285,425.1545537285621,334900
2023-01-04,431.9150695800781,434.39297532975564,425.437431979796,428.1104298991895,371300
2023-01-05,425.2618713378906,430.69566351796294,423.51562808207257,428.7250627619174,254800
2023-01-06,433.5016174316406,433.6774848865407,426.818355963927,429.84731356586076,467300
2023-01-09,433.24755859375,439.0905146362229,432.11414087557046,433.8240328971244,517500
2023-01-10,433.29638671875,435.69024739880865,430.91230639173506,433.7165542636879,323100
2023-01-11,441.7481689453125,442.0413111974817,433.7556518508215,435.7000637236424,304100
2023-01-12,440.8883056640625,443.03786614527866,435.055130434306,440.94692814330443,345900
2023-01-13,440.6440124511719,441.67971595471664,434.7326543447851,437.39031593191703,279600
2023-01-17,434.85968017578125,441.8164923280701,433.5210839375873,440.6440129847122,512300
2023-01-18,427.7758483886719,438.4358061294901,426.75967575644256,437.86911224541143,517400
2023-01-19,422.27490234375,429.0265363181649,422.27490234375,425.8217115051517,463200
2023-01-20,431.46923828125,432.6514980601828,417.92690858215934,422.39214653609037,462700
2023-01-23,432.876220703125,434.3809338842033,429.7202381456372,431.8796087567251,503700
2023-01-24,435.9540710449219,436.65757068290526,430.86348647762816,433.91197496950576,382400
2023-01-25,434.04876708984375,434.683863869457,426.40798539169964,429.1926726141655,382000
2023-01-26,434.2637023925781,438.65078694502034,430.4628426396372,436.276487052595,697700
2023-01-27,424.16064453125,432.29974645705124,422.86113984178,428.28392779608095,669100
2023-01-30,413.7742919921875,423.61347546118003,413.0707924465157,423.2324293587709,808800
2023-01-31,416.9693908691406,418.3666097911508,410.46202667423495,416.002090049003,929000
2023-02-01,423.9652404785156,426.37863185617346,410.61830980472223,412.25979880653927,832900
2023-02-02,422.63641357421875,430.5605567199681,421.7179549641191,424.9325600994679,806900
2023-02-03,420.47705078125,422.44099321161593,415.7772933687075,419.27523036864375,779000
2023-02-06,420.2230224609375,420.91677150455445,416.4319728754303,419.70517067547826,329200
2023-02-07,424.5905456542969,425.96823347177946,415.9043108849659,419.1677579162059,411200
2023-02-08,418.1027526855469,425.0302537021935,416.2951467923794,422.26512747050646,499100
2023-02-09,418.8355712890625,423.5841709339752,417.27223562744996,421.48345261594,412900
2023-02-10,417.6044616699219,419.9103886016935,415.6600797971513,417.94644602305044,463100
2023-02-13,419.8321228027344,420.9753205998077,416.8422575711806,417.2135530919077,418800
2023-02-14,416.9791564941406,422.4214757775254,413.969729887332,419.7247521097573,313500
2023-02-15,411.9275817871094,416.3146660053304,411.04821483670185,415.8554367352742,690600
2023-02-16,413.2760009765625,416.51013708623907,408.18541670944506,410.2666042581809,641900
2023-02-17,417.87799072265625,419.5390403332158,411.1849799763129,413.5006869702752,601700
2023-02-21,413.51043701171875,416.8911587027734,409.4750877561858,414.70247701104216,639000
2023-02-22,411.9374084472656,418.22981328052265,411.2925313263002,417.74127271780486,390800
2023-02-23,421.1610412597656,422.1967448294115,415.8750289862305,417.59470124593616,586800
2023-02-24,418.6206359863281,419.4022889523573,414.5950665567941,415.4549027103158,402700
2023-02-27,419.1579895019531,423.6427879369013,418.2493112830999,421.6690949532395,330200
2023-02-28,420.34033203125,421.27832160708596,417.1061957380777,417.3797772734528,584400
2023-03-01,411.5465087890625,422.030568317338,410.4326221913996,419.01139175472,539200
2023-03-02,416.87164306640625,417.7314792005971,409.51422361645984,410.3740597506507,389300
2023-03-03,420.25238037109375,421.346736361695,415.5721828949271,416.5101724972906,433600
2023-03-06,419.10919189453125,423.85779198246746,418.94307497863764,420.6139052183044,315500
2023-03-07,412.5041198730469,422.2944922487062,411.9471764515745,419.6758920596985,376100
2023-03-08,414.7709045410156,416.2072148731415,412.48453846871985,412.8167424465939,409500
2023-03-09,413.10992431640625,423.2129702838152,412.77772028265724,418.0344219717048,486700
2023-03-10,410.6965026855469,415.4256016457596,407.9313761777888,412.8851847167111,847900
2023-03-13,411.8201599121094,416.72509638472997,408.5957743352418,410.9700742931061,771900
2023-03-14,418.25909423828125,420.0667001530906,413.40300020373707,416.5296416878624,648500
2023-03-15,411.28271484375,416.705532504435,407.2278344930268,413.99899894112053,787500
2023-03-16,418.60113525390625,420.74091562073374,407.7750590037975,409.4947314347234,903700
2023-03-17,415.90435791015625,422.35309934009985,414.9761189081997,422.157671186588,1642200
2023-03-20,422.27490234375,427.9810523855467,417.6533278276255,417.6533278276255,561900
2023-03-21,420.5747985839844,426.0171475645801,412.85586371969765,423.7600925687046,948200
2023-03-22,418.75738525390625,425.841222899645,418.23953348770226,422.0501734551004,854100
2023-03-23,415.308349609375,422.6755501616953,414.7221247474583,418.91378160092097,852600
2023-03-24,419.74432373046875,420.8288994056343,414.24335161221524,415.4158610202613,673300
2023-03-27,420.3989562988281,423.2129548564199,419.71498754841446,423.17386326030027,393700
2023-03-28,422.0990295410156,424.1606563216644,419.0114497282322,419.65632682376435,409800
2023-03-29,424.3854064941406,425.5969775308881,422.44102462358956,424.34631490058933,809900
2023-03-30,426.984375,428.92875654801077,425.1963299821116,426.0072940503432,436900
2023-03-31,430.5898742675781,430.5898742675781,426.3493458528167,428.94838516860256,957000
2023-04-03,430.68756103515625,433.42337602665924,428.74314948441054,430.1501485709398,609700
2023-04-04,426.9942321777344,434.39071363564955,426.81833491335846,431.8210153229435,590900
2023-04-05,428.0443420410156,428.3770661168719,424.6975099536887,428.05413770539775,450100
2023-04-06,426.38067626953125,428.92504009224683,423.9830682079409,428.92504009224683,363500
2023-04-10,426.9090576171875,427.01672030760824,421.87901490997587,424.5799597252223,359100
2023-04-11,429.3262023925781,430.10910870837097,426.45888080649104,427.1634815582935,410900
2023-04-12,433.0155944824219,436.0394974113195,430.83328226724467,430.83328226724467,659800
2023-04-13,433.0449523925781,434.93366353573253,427.72130875454604,433.2700136995389,729500
2023-04-14,430.5005798339844,435.65784679135743,428.6999399672839,432.5067195584256,456700
2023-04-17,433.44622802734375,433.7887178517531,429.6785711754066,430.774610289099,410400
2023-04-18,432.2718200683594,436.0981906081201,430.9506899545828,434.4932550945375,327900
2023-04-19,433.5831604003906,434.9238519905058,430.4613905546555,432.24246881027545,374100
2023-04-20,433.71051025390625,436.54847551857563,431.479278889255,434.12151005367247,484100
2023-04-21,435.8829650878906,438.76984853276554,433.73000975202933,436.0884649584144,506600
2023-04-24,438.1827087402344,438.7111369819738,435.94168201750983,437.4976693478404,469700
2023-04-25,428.005126953125,437.64444754491495,427.94641270503905,437.3313148433986,530700
2023-04-26,421.830078125,428.1323326428411,420.83190608577354,426.6644167743655,646900
2023-04-27,443.291015625,444.4262074414899,426.1750968771645,426.1750968771645,823500
2023-04-28,445.05255126953125,447.31313948721464,441.9503423611388,442.3320148506623,560600
2023-05-01,448.8201599121094,452.58781649071466,444.2500355174724,445.75710412187925,446000
2023-05-02,450.865478515625,453.7817488658871,447.12717884206245,449.7792052158464,687700
2023-05-03,446.657470703125,453.2239395773899,446.4225838470941,452.3040432087357,406700
2023-05-04,443.7803039550781,448.4482653272796,442.01878712164205,447.5675218429729,376100
2023-05-05,448.321044921875,450.9730710587372,445.6983759059071,446.1583240431332,329700
2023-05-08,448.4482727050781,450.48376945484847,446.4127759553077,446.4127759553077,341900
2023-05-09,447.76324462890625,450.6599533558424,447.2641735571304,448.58530377089073,261900
2023-05-10,449.47589111328125,451.6875608940932,445.2483155061407,450.9242457281678,449700
2023-05-11,448.6537780761719,449.5541129100224,445.72774212959865,449.5541129100224,344800
2023-05-12,451.83428955078125,452.65631886697594,448.4678667140838,448.82997772076357,403700
2023-05-15,452.00067138671875,453.9774540591038,449.7204919508951,452.43126244245815,338700
2023-05-16,449.9945068359375,452.02023798051175,448.4581108646472,449.4269258186497,307400
2023-05-17,444.71002197265625,451.9126117480627,444.22071665705187,451.9126117480627,626900
2023-05-18,448.7027282714844,449.6323903656303,442.71363654479796,443.83903269288174,360100
2023-05-19,447.92962646484375,451.1394679052382,445.76690549061584,450.0140717348385,340600
2023-05-22,447.4989929199219,449.65194789211864,445.1209766539191,447.3032588806962,333600
2023-05-23,440.35516357421875,446.68677470428446,439.26889038943,444.9252578852595,435800
2023-05-24,432.4382019042969,439.12209838177404,431.94889666139795,438.78937440038146,641600
2023-05-25,439.8267517089844,441.69590154410025,431.6259900791974,434.9826172792232,526800
2023-05-26,440.3355712890625,445.58093908770627,436.0101296124866,441.9600682994147,524100
2023-05-30,442.0677185058594,446.0506404227692,439.6896723657343,441.0010366769967,619700
2023-05-31,444.5045471191406,446.91192104525084,438.544811623442,438.544811623442,2362400
2023-06-01,443.1148376464844,444.4555591639025,437.3018886879987,440.52152570553585,604500
2023-06-02,449.0452575683594,451.3841512999134,444.34793850889236,445.3069876738318,507400
2023-06-05,445.1601867675781,448.69295667146747,442.6745075004205,448.41894690015425,366300
2023-06-06,444.25982666015625,447.95897329528736,441.6860761695691,446.50085315195446,370700
2023-06-07,440.9326171875,443.9663162404793,438.36866200792525,441.862279406027,594800
2023-06-08,442.5472412109375,443.12461782177564,439.2493286064974,440.32580612874756,357300
2023-06-09,442.1362609863281,443.5846154382845,439.7973971616592,442.3221993911342,516200
2023-06-12,444.2989501953125,444.4457357932294,438.544715838397,443.37905396193776,441500
2023-06-13,446.168212890625,450.0826557731491,444.11312440433403,444.2990628304402,302600
2023-06-14,446.6770324707031,448.4189581745964,443.46719084111913,446.2464414099811,371900
2023-06-15,451.2765197753906,452.83250709166356,444.4458068338872,444.4458068338872,396900
2023-06-16,448.9669494628906,454.0948592170263,447.4794721698501,453.4881254509811,1015400
2023-06-20,446.00177001953125,449.10397868602655,444.8176595847022,446.7552894117271,425400
2023-06-21,446.56939697265625,448.25260853122865,443.47701351523114,446.08988729780236,447100
2023-06-22,452.1376647949219,452.5193372692163,444.250065641095,449.39756702367646,516200
2023-06-23,450.9535217285156,455.4942889811157,450.6207977278236,451.05138875573647,670300
2023-06-26,450.3565979003906,451.9125851285795,447.65562316060823,450.2880879926832,363500
2023-06-27,460.79833984375,461.9433273152085,454.8777580271466,455.190920567268,622900
2023-06-28,461.0626220703125,462.608813710155,459.56531915073776,460.89624512430663,576600
2023-06-29,465.94586181640625,466.4058099851615,460.21118826841894,460.6613706394219,342900
2023-06-30,470.5160217285156,472.4243245764131,466.7288030245253,467.8052807883436,556400
2023-07-03,467.17889404296875,467.81498491285816,462.24668862238053,467.6192508614353,297100
2023-07-05,466.7678527832031,466.8852812651847,461.8356474862213,462.9414821329182,352800
2023-07-06,466.7972106933594,469.3905225575802,462.187963578852,463.3622782654764,517100
2023-07-07,466.888427734375,470.0440737025128,463.13495773263844,463.13495773263844,392600
2023-07-10,466.1435241699219,472.46462468438733,464.1834967121212,467.4077502543441,330200
2023-07-11,467.38824462890625,468.730858893236,463.5465769627869,467.3196364777351,486800
2023-07-12,467.6920166015625,472.2686644955869,466.2317756397277,470.50465154298183,379600
2023-07-13,469.2796325683594,470.6516459607913,466.29057241621064,469.3776399337436,430100
2023-07-14,468.0840148925781,471.3572575272194,467.4567916796977,468.427025717894,349900
2023-07-17,467.0059509277344,467.54494652698725,463.13488465353083,466.10432511868567,708800
2023-07-18,470.6026916503906,470.86728463939545,462.74296094953473,464.1738027919638,537100
2023-07-19,472.9840393066406,473.5426543200375,469.76959541409946,471.3474031904549,568200
2023-07-20,471.96484375,476.73750618490243,470.72023698706937,472.8860591173384,471600
2023-07-21,489.39935302734375,491.9669846961112,483.44085168353644,490.0069568686367,838000
2023-07-24,485.26361083984375,492.0943078567711,482.28436067306444,490.1342803616143,745400
2023-07-25,484.4796447753906,486.30248613443996,477.99195770964036,481.91201320871846,720000
2023-07-26,483.9798583984375,485.12645788449146,477.28634688047146,481.2848202408057,450900
2023-07-27,481.37298583984375,488.0468774949032,479.01114896826994,487.28246791922913,421000
2023-07-28,482.55877685546875,485.694832898703,479.57952660516094,484.646210981559,339000
2023-07-31,483.19580078125,484.7148401430455,480.37338610912303,484.7148401430455,354800
2023-08-01,482.8038024902344,484.48942745711054,479.9519586848285,481.6866022872986,279800
2023-08-02,481.34356689453125,484.09740319580493,478.5603313764614,480.09896017330027,338600
2023-08-03,481.1573486328125,483.81317750239924,479.30510830273465,479.35412693447586,303000
2023-08-04,476.98248291015625,484.45999259254467,476.4630768200273,484.45999259254467,234000
2023-08-07,482.8528137207031,482.9312016657436,478.51132983443375,478.68775504915857,312700
2023-08-08,481.4612121582031,482.95082247168625,478.1291709865713,482.8528450109484,353100
2023-08-09,478.7955627441406,483.1468266178545,477.9331457734731,483.1468266178545,372700
2023-08-10,478.2271423339844,485.057839679771,477.5117214970561,483.146800816929,235000
2023-08-11,479.3345947265625,480.8928431802771,476.4533813127683,477.83517462316945,319600
2023-08-14,486.2926330566406,487.9194595325922,479.2365517321663,479.2561412411606,376700
2023-08-15,484.920654296875,487.56670367442035,484.1464349755318,485.52825810312555,370000
2023-08-16,485.7340393066406,487.743055572033,482.362789545311,485.1460250631256,364000
2023-08-17,477.00213623046875,486.900251862593,476.45333088519783,485.17544788073366,346000
2023-08-18,474.65985107421875,477.50188493768087,472.45482016000136,474.1698442043927,256100
2023-08-21,476.27691650390625,477.6881388260374,473.09187152408845,474.6794891595738,287000
2023-08-22,477.8253173828125,481.1573581939425,475.7966817165053,477.5705042341034,258200
2023-08-23,483.21539306640625,484.10720917922225,477.9135150222244,478.3447234703474,253400
2023-08-24,478.9425048828125,488.4584597995611,478.7367103722488,485.1067996607229,229000
2023-08-25,484.9010925292969,486.6258966794788,480.1284295568146,481.0104360972424,206300
2023-08-28,485.7340393066406,487.13545181987126,483.74458264224813,485.47922615599987,170600
2023-08-29,488.1938781738281,488.6152769383529,484.08761787775154,484.08761787775154,238600
2023-08-30,492.5745544433594,494.0347655033096,487.4980898994092,489.1249164725288,298500
2023-08-31,489.085693359375,494.6423848638566,488.8994883414418,494.6423848638566,395800
2023-09-01,489.5561218261719,491.27114604553583,486.66506903618455,490.3695201537047,248800
2023-09-05,483.5290222167969,492.31971727471335,481.32399117099635,489.0170755602268,299000
2023-09-06,485.1068420410156,487.1158584136817,482.18639008379307,483.5290341427757,254300
2023-09-07,484.4600830078125,486.2339058301133,482.64705125413354,483.94067682074626,264300
2023-09-08,481.68658447265625,487.1060595010644,480.13814594588405,485.5282217570825,382900
2023-09-11,487.9096374511719,488.6152485564902,480.48114629065554,480.48114629065554,285200
2023-09-12,483.822998046875,487.40004230768005,482.19617160801903,486.4984463921409,307000
2023-09-13,485.5772399902344,489.2130827511927,484.9500168134145,485.0480241732485,373400
2023-09-14,489.4385681152344,490.56557814867995,485.6850980301168,486.2143139243349,309800
2023-09-15,485.900634765625,489.86967865156237,483.53879794310706,489.6541043291312,725600
2023-09-18,489.1836853027344,492.59414404681746,486.23383423465407,486.7238411279486,229300
2023-09-19,492.7118225097656,493.7212356808068,487.24332792672544,487.9391593639404,316400
2023-09-20,494.07391357421875,498.7289787688826,492.1629047546808,493.12329906447627,455500
2023-09-21,485.7242736816406,492.5059528370819,484.7246404046468,492.4667738162327,472700
2023-09-22,485.07745361328125,489.1935237215846,482.74501587908594,483.7250297231916,436000
2023-09-25,482.7449951171875,485.06762304260246,479.6579576225518,484.85201880986597,437900
2023-09-26,473.7975158691406,479.981401239684,472.72930429770383,479.3542078901697,377000
2023-09-27,476.9041442871094,480.2949838316666,473.78770742405993,476.43372687267487,488500
2023-09-28,477.74700927734375,479.4228547297648,474.7187696443711,476.90421160362376,411800
2023-09-29,474.60107421875,479.72655707689796,473.30744884576336,479.72655707689796,422900
2023-10-02,474.2091369628906,475.15975165471696,471.21029678200586,474.1307191015734,330200
2023-10-03,470.42626953125,474.6893360504585,469.75005753610964,470.1812660520731,356600
2023-10-04,478.3937072753906,479.39334044378,471.7982338623171,471.7982338623171,359100
2023-10-05,480.07489013671875,482.48912374385566,475.32498060451314,478.9168606533599,398200
2023-10-06,485.61968994140625,487.6119042463888,474.8735208384962,478.97571109020555,423700
2023-10-09,490.2615966796875,490.3695648034936,483.06804447750557,483.18580610380394,275400
2023-10-10,487.9357604980469,494.6190029635546,487.3861862240515,490.0948236812799,416100
2023-10-11,492.6856994628906,493.63764602198876,488.5933026192587,489.5550726319161,247200
2023-10-12,492.95068359375,496.10095746240887,489.3980674062316,492.6562794703028,251800
2023-10-13,488.5736389160156,494.03997100504165,486.5618077993683,492.7543565930191,314100
2023-10-16,492.5679016113281,496.1205173904643,489.54521319348044,491.01729354060654,282000
2023-10-17,490.624755859375,493.3432167962178,487.8081801901474,490.0751815799917,396500
2023-10-18,483.7256164550781,489.869108279766,483.3036272590159,489.869108279766,289400
2023-10-19,478.45562744140625,486.5324536473273,478.38692315999083,482.64613936440514,428300
2023-10-20,473.14630126953125,480.8796357133399,472.03732915442686,480.8796357133399,481600
2023-10-23,468.9263000488281,473.8037941845668,468.7300106872064,473.14625177773047,458300
2023-10-24,473.56829833984375,477.6803123827658,469.4955481639137,472.1453051191024,638200
2023-10-25,472.253173828125,496.0125718415864,470.2413426967492,475.74690873745766,911300
2023-10-26,471.43865966796875,476.6498218862511,469.4562388955889,473.94118436730577,509800
2023-10-27,466.71820068359375,473.27385834535784,465.6288455913952,469.7997401439463,450100
2023-10-30,475.7763671875,477.4741773421924,467.15979122151947,469.95674993549517,509800
2023-10-31,479.4762268066406,482.449828051389,474.99128128103246,477.70971233627705,843900
2023-11-01,478.0826110839844,482.50867548258606,474.5594357899179,481.00715475893605,602500
2023-11-02,484.85418701171875,485.78651654855173,477.75877887711647,478.2985296934609,722800
2023-11-03,493.1861877441406,496.3266078966415,486.11036653630947,486.11036653630947,613200
2023-11-06,493.8338928222656,497.49444673790424,493.22540779556033,495.2667092893921,517100
2023-11-07,497.6220703125,498.4660786731751,492.7151355048987,493.637641644692,486400
2023-11-08,501.547607421875,503.66737685777366,498.14219354031775,500.50733966089695,419600
2023-11-09,500.252197265625,503.89316458088643,498.6132977556659,501.48875446322734,350100
2023-11-10,507.5243225097656,508.94728577272184,500.80178546797265,501.89114063642495,534900
2023-11-13,507.37713623046875,509.8011336423154,503.91281097813203,507.01402779144,506200
2023-11-14,514.9337158203125,515.8463984448305,506.6606314828087,509.0552179027309,539500
2023-11-15,511.18487548828125,518.6041589594348,510.9984095586194,515.3067129498355,423500
2023-11-16,515.3262329101562,518.240983126254,511.420332248614,512.5194807754712,384100
2023-11-17,514.9534301757812,518.1822321944588,513.5009963796085,518.1822321944588,372500
2023-11-20,514.9534301757812,520.1253595595134,511.30269877487666,518.5256937330291,353100
2023-11-21,517.3380737304688,518.6040411342689,514.3939133409923,514.7570216637666,325000
2023-11-22,518.6432495117188,521.8524033459851,516.7295932720378,519.7816916831026,404100
2023-11-24,515.80712890625,519.291040163278,514.9042098978006,517.4558515881903,280800
2023-11-27,515.2280883789062,518.2900105122015,513.7952420361198,516.3370602943926,589300
2023-11-28,516.08203125,521.1165518821466,515.5913376983219,516.2979675602783,434400
2023-11-29,516.0427856445312,521.3913572165352,515.5030347297302,518.5256638122614,377300
2023-11-30,528.2315063476562,529.2914209862988,516.219340106719,516.4352164761831,1441800
2023-12-01,530.5181274414062,530.7928846156533,523.7073002127672,528.2314792777081,608600
2023-12-04,526.7593994140625,531.9509143625435,524.0605855372322,527.5935542890788,486600
2023-12-05,525.5719604492188,527.858608878903,523.5404822175818,525.2088520594153,343300
2023-12-06,525.4050903320312,528.0450234411161,522.0879978782636,527.9370852598583,351400
2023-12-07,524.8458251953125,526.5043718411388,522.13718713239,526.5043718411388,361400
2023-12-08,526.6122436523438,527.5740436499694,521.8133067145736,523.5209105217799,394000
2023-12-11,530.1550903320312,534.3063381547279,526.9557591432705,529.9489774993247,593500
2023-12-12,533.3446655273438,534.865803582746,531.9314656792986,532.009933521495,693500
2023-12-13,540.5185546875,541.6372903804595,534.3947091927524,534.7283472400718,690600
2023-12-14,528.8007202148438,541.5587499176447,528.2118521352528,540.5184821993804,985100
2023-12-15,531.4700927734375,531.9117288824046,523.0497759393058,525.7878838754383,8038300
2023-12-18,532.8637084960938,534.7087209791026,529.0166879545301,534.3063786361258,653300
2023-12-19,531.47998046875,534.4143182310132,527.7212512101605,533.6979248359642,499900
2023-12-20,524.9830932617188,534.8361958470913,524.8555081770241,530.3610741275511,676200
2023-12-21,530.243408203125,531.4996123717524,525.6308771138082,528.4769235027154,407700
2023-12-22,532.7460327148438,535.7000178547322,531.273951872969,533.0404968025169,420800
2023-12-26,533.4329223632812,536.2985557953415,531.6664376421239,533.4918031906827,443600
2023-12-27,533.629150390625,534.8558840696838,532.6379399940885,534.5614799665308,539400
2023-12-28,535.9844970703125,537.1915838294069,533.4525020130637,534.0511336660207,267800
2023-12-29,535.022705078125,538.6342018548811,533.6586227452328,536.2494387617693,398900
2024-01-02,524.5415649414062,535.0914759334671,521.0478293716278,532.2847232918315,618500
2024-01-03,521.116455078125,527.4267657925909,520.920165714094,524.5414858487366,488400
2024-01-04,514.41357421875,521.0674064060676,513.7658851956552,516.2095290859887,601000
2024-01-05,513.3340454101562,516.8474272321575,511.98955016888715,515.2281149113668,444000
2024-01-08,519.6830444335938,520.2431855248855,513.0786222562205,513.3341588860023,509200
2024-01-09,522.3757934570312,523.8598251406203,517.8647330406633,519.6731042276139,373000
2024-01-10,521.1766967773438,522.1791678732941,518.287274193522,519.8695613266584,401400
2024-01-11,523.2406005859375,523.6926483435394,519.1030079404883,520.7540979787037,336300
2024-01-12,524.9998779296875,526.660805823104,521.9237211804302,526.660805823104,435000
2024-01-16,528.02685546875,528.2823920405727,522.2381723105258,523.3192239765796,428800
2024-01-17,527.9482421875,530.7098968438942,523.3978914213071,526.4642104709294,427400
2024-01-18,532.6165771484375,532.8917288932711,524.4888333468322,525.8058066535294,425000
2024-01-19,539.0538330078125,539.083345684199,532.007201639629,533.9531187574678,427300
2024-01-22,540.4494018554688,543.879410789981,538.4641944318896,540.5378799019948,449200
2024-01-23,543.299560546875,543.6828654582166,536.5084652530229,540.5379056465221,304000
2024-01-24,538.3462524414062,544.6950770167217,537.9039821882525,543.8990145550908,353600
2024-01-25,542.2086181640625,543.8498708485624,538.8277971943941,542.6901786534878,884500
2024-01-26,540.2232666015625,543.5647968008858,536.9997271016624,543.4271909724787,426300
2024-01-29,546.3657836914062,546.591807580561,539.2896403569765,539.8596788438758,413000
2024-01-30,551.9087524414062,553.0094791536691,545.5893814108787,548.6557001071976,621300
2024-01-31,527.7615356445312,539.8695914817408,516.144877885203,518.4052970464336,993200
2024-02-01,536.4199829101562,536.8622531900794,525.6092248837273,529.3045481340166,561900
2024-02-02,540.1644897460938,541.7861276115441,529.2750901047336,534.7394350538052,489600
2024-02-05,536.49853515625,540.1152173210884,532.7344095939828,539.3486076306328,335600
2024-02-06,535.918701171875,538.9358923961817,532.547717748102,538.9358923961817,348600
2024-02-07,539.2504272460938,541.1668917544642,537.4027656671138,540.5378878158505,413600
2024-02-08,535.9580688476562,543.5649013092954,531.083378439847,541.3634475719349,508800
2024-02-09,540.7933959960938,541.2946316088016,535.7319720457508,539.0538276896638,388000
2024-02-12,532.980224609375,539.4076904013502,530.7296428224656,539.4076904013502,343900
2024-02-13,526.2086181640625,528.8327266765309,522.8769853086927,527.5648814445203,433400
2024-02-14,532.3904418945312,532.5869531061278,525.3535889542395,526.6803995431604,460900
2024-02-15,538.5525512695312,539.4862194984257,529.0292553050267,533.8154671896068,420600
2024-02-16,536.18408203125,540.9604567392246,534.6312473784315,540.488733800693,552700
2024-02-20,534.7491455078125,538.0120355989741,530.5231344808354,536.1840493385079,440500
2024-02-21,539.5747680664062,540.0563285881764,531.1620353189361,533.550222794426,381200
2024-02-22,545.7564697265625,549.0488124855428,543.014490353758,543.014490353758,610300
2024-02-23,547.2896728515625,550.3363168423534,545.3928835301842,549.5402543812039,985100
2024-02-26,538.4838256835938,546.9948741481171,536.4396528295135,544.5477212707459,847200
2024-02-27,537.6878051757812,539.1227092975465,533.1866415334158,538.582183356272,852200
2024-02-28,534.1005859375,536.4494831597957,532.3511799772612,535.0244167286685,457300
2024-02-29,535.3584594726562,536.7540730173555,529.9825940090634,536.7540730173555,817900
2024-03-01,538.5330200195312,540.3610065302315,531.2995944972561,531.7615398972332,781700
2024-03-04,537.8056640625,542.5624236773604,536.066155719755,539.8990245971776,521200
2024-03-05,527.7713012695312,534.8768973119791,525.5304975469535,534.8768973119791,431400
2024-03-06,530.9163208007812,536.8032600420305,526.3758074634353,528.2529216847153,441900
2024-03-07,536.9212646484375,539.6927573240458,533.9433631617829,535.7615722497288,301800
2024-03-08,536.5576171875,539.1128634077479,534.9851072183982,536.7738035666205,310400
2024-03-11,544.35107421875,544.724541511925,533.5599929188761,535.8302493668034,521400
2024-03-12,545.6483764648438,548.6557299647036,544.0955419171052,545.058662846471,465100
2024-03-13,540.0662231445312,548.1742923368839,538.2381765015614,548.1742923368839,439500
2024-03-14,537.6680297851562,542.3461481453475,534.5132331636563,540.1741474823716,375900
2024-03-15,537.933349609375,542.2969661109062,532.9604044059048,535.0537646185714,877100
2024-03-18,536.763916015625,541.6877342983715,536.0464940252048,539.1619410081857,373200
2024-03-19,542.3756713867188,542.7688138153122,536.3904768123829,537.5894592449013,317800
2024-03-20,544.5280151367188,547.2012517718875,540.6361209119597,543.5747316944187,442400
2024-03-21,546.7098999023438,549.0194469824083,544.9212036169444,546.9752140869348,425000
2024-03-22,546.8080444335938,549.3534524873091,543.5254793932141,549.3534524873091,240500
2024-03-25,541.4617309570312,544.5083751274457,538.3855741082973,544.5083751274457,576200
2024-03-26,544.8917236328125,546.0318008869168,539.751718384486,541.4617742805192,419000
2024-03-27,549.5598754882812,550.2085544581266,546.9652795791179,548.1937746135578,362800
2024-03-28,551.1914672851562,553.4617241904726,548.2037283378158,550.3658920536222,478100
2024-04-01,544.0956420898438,555.2798679456833,542.5330296814521,552.6754339515356,268400
2024-04-02,536.5476684570312,543.3584377649897,534.071003259552,542.5034100154047,775300
2024-04-03,535.3093872070312,539.8106102641104,533.5796564260515,533.5796564260515,927300
2024-04-04,528.7647705078125,545.5838803987754,528.5974215597471,541.3421912503038,451500
2024-04-05,534.4038696289062,537.1496294255547,528.3611677842028,529.000889991862,338800
2024-04-08,534.6204833984375,536.8643771610867,531.6385362397696,532.7506319973905,371900
2024-04-09,534.8665161132812,538.1929522306825,532.5832779454431,535.7621274121807,315700
2024-04-10,527.4952392578125,531.2842577574064,526.0190123257746,530.2705530981831,481800
2024-04-11,531.08740234375,536.037651964746,527.2491883883023,529.2470442861111,398000
2024-04-12,527.3378295898438,536.2738805125886,525.8616025791197,525.9107981325776,590600
2024-04-15,519.8877563476562,533.7741162668498,518.618162773648,533.7741162668498,800100
2024-04-16,518.6280517578125,523.7259484695064,518.5985584530081,522.5843593497366,405300
2024-04-17,518.1260375976562,521.3048867226306,517.3387286752807,519.946753302709,447800
2024-04-18,518.9134521484375,523.1255882902736,517.8308497257757,522.1020926081045,477300
2024-04-19,525.9107055664062,527.2097923153293,521.1572386095455,521.6690164382237,776900
2024-04-22,530.5657348632812,532.1010083205526,525.9304211909655,530.3787437340318,584000
2024-04-23,531.0676879882812,535.0338463230029,529.9457411569987,531.3924747168788,381500
2024-04-24,529.483154296875,530.1720720952385,525.3890519949433,527.7608898348751,631600
2024-04-25,531.8451538085938,534.5023742132763,525.3005839970925,528.5384200048147,552900
2024-04-26,518.4312133789062,531.7270460291537,518.1753244484484,521.9741337770905,856100
2024-04-29,505.4404296875,518.3130851425084,503.5114715600598,514.1108000356174,698100
2024-04-30,503.35394287109375,505.0565351866748,500.3129193968831,504.75145073040164,901800
2024-05-01,506.6016845703125,515.0555097945235,503.0193597630714,503.8854176300489,767700
2024-05-02,502.7241516113281,507.2709256069332,500.165352339896,507.2709256069332,694100
2024-05-03,509.0129089355469,511.2862960065267,503.39338346057207,504.84005702036484,1067600
2024-05-06,507.36932373046875,510.58751760265716,504.6334144371926,509.3868818867153,651700
2024-05-07,512.0145263671875,512.6738908695106,508.3239592702816,509.7017349457655,309900
2024-05-08,512.7919921875,519.877893137343,512.6640477207245,513.3923100283233,463200
2024-05-09,515.0358276367188,515.5082009573756,511.7487364329671,512.3884586945383,311600
2024-05-10,515.203125,518.1358761937707,513.0183382881405,513.7466005254271,346700
2024-05-13,513.4906616210938,519.0117345970631,512.8804927753259,518.5295101932608,344400
2024-05-14,512.5753784179688,515.2423891651573,509.0718032861836,513.7268182606007,419800
2024-05-15,523.0173950195312,524.306630883279,514.445415150169,515.783906635604,626500
2024-05-16,530.2606201171875,530.9987334692626,522.7613932655299,523.9522377646257,792100
2024-05-17,533.3018188476562,535.4767550075625,528.656592984476,530.2607645787772,787900
2024-05-20,537.7108154296875,538.0158999722179,531.5992133860265,532.2094425389239,777900
2024-05-21,532.8193969726562,537.0708766048998,529.699594927678,536.411512227224,380400
2024-05-22,538.7734985351562,541.184680595258,530.2999725021648,532.8784434199777,512000
2024-05-23,535.9883422851562,541.1354330764627,534.561311243131,538.9113021511324,529500
2024-05-24,536.02783203125,539.1869793958738,535.0338896540813,535.5850119910924,369900
2024-05-28,524.572265625,533.4492681591646,522.4661677459958,533.4492681591646,518300
2024-05-29,522.525146484375,524.3655040917137,520.1139644647856,520.1730111234452,551800
2024-05-30,518.234375,520.4487152824021,516.0101835943798,519.2775729081076,476500
2024-05-31,524.3164672851562,524.5526539912977,516.2169211366021,520.0353729989386,765800
2024-06-03,527.6625366210938,527.8593788954215,521.5411443439513,524.3164582288358,549900
2024-06-04,534.7877807617188,536.2541564242102,526.5110356144676,526.5110356144676,506400
2024-06-05,538.251953125,539.1672065254475,533.4985461163361,536.3623996552963,374000
2024-06-06,541.637451171875,544.8753471299725,536.5592573051208,539.3050175852594,395500
2024-06-07,545.2493896484375,548.034494660721,542.3165778418391,543.2908780467143,394000
2024-06-10,547.6801147460938,547.7982080786188,542.4149301229221,544.570223543234,313200
2024-06-11,546.9125366210938,547.5621101230371,542.0410356956628,547.5621101230371,316300
2024-06-12,549.3433837890625,550.2192928101056,543.3794296694422,548.6151214813457,526300
2024-06-13,538.4979858398438,547.6407887708867,537.6614813616449,543.9009662222248,482800
2024-06-14,540.741943359375,545.9480821077284,538.7440873894401,539.3542563895182,431100
2024-06-17,544.8162841796875,545.3771974987962,538.9507214577283,540.2990037837848,632800
2024-06-18,551.2230224609375,552.984691422487,542.9955334516821,542.9955334516821,496100
2024-06-20,550.3570556640625,554.9825787414923,547.2471640169257,551.1247225029632,548300
2024-06-21,552.5910034179688,555.9272901350298,548.7429989640124,555.9272901350298,1028900
2024-06-24,553.63427734375,559.6671293516654,549.402438954264,551.744723750216,529100
2024-06-25,554.0673217773438,557.4921490240148,552.9158815940366,556.1340755144739,391300
2024-06-26,548.7036743164062,553.5850862121342,547.8179742191626,551.1050058041994,372100
2024-06-27,553.152099609375,556.4686848188593,548.1033984311022,551.2034991784034,435500
2024-06-28,554.7266235351562,560.4740928131604,551.065610005524,553.0634056506976,742900
2024-07-01,553.7130126953125,559.5391711721788,551.7447102304959,558.1219909947979,360400
2024-07-02,554.1854248046875,558.5452078608816,552.354917800727,555.1991294774853,503700
2024-07-03,551.567626953125,555.395990057271,550.1701488783461,554.224847567524,284800
2024-07-05,553.6441040039062,554.1361796104252,547.286465543265,549.4713124714772,324800
2024-07-08,548.7068481445312,551.673107138047,545.5238157425349,550.5102657656397,315300
2024-07-09,542.4688720703125,549.5642318695978,541.2567694070209,549.5642318695978,348700
2024-07-10,545.0213012695312,545.0213012695312,541.4736511284119,543.2474761989715,443700
2024-07-11,547.8495483398438,550.0471160348895,545.1395195992047,545.1395195992047,436300
2024-07-12,550.2640380859375,553.5850508465979,548.9139556353672,550.8356247173092,400700
2024-07-15,551.0228271484375,552.5305574537399,546.2334211157925,549.7712672412794,566500
2024-07-16,558.8275756835938,559.1724643317533,550.2441549414217,551.03251481436,405700
2024-07-17,562.9666137695312,565.9426771898827,558.3447804810003,561.7544509103316,661700
2024-07-18,562.8877563476562,564.8389578023442,559.5962767790716,562.966610389182,352000
2024-07-19,559.0640869140625,566.6423143589749,556.1470891729506,564.4250183462658,459200
2024-07-22,568.1699829101562,568.840092068352,561.9615638095551,562.5232862248131,505300
2024-07-23,565.923095703125,570.6828491111297,565.144539733337,569.106128917061,430800
2024-07-24,524.2377319335938,538.0638332976127,512.8753529579524,538.0638332976127,2064400
2024-07-25,533.0281982421875,540.2220809819256,526.8394489394348,533.2647002273605,1094500
2024-07-26,540.5570678710938,545.5040605616514,534.388048231297,542.6462485599192,777900
2024-07-29,537.7583618164062,547.8692416549558,534.7527057996772,541.0991023755539,400600
2024-07-30,536.8912353515625,543.483999235058,533.7869962468612,538.5764023152598,327000
2024-07-31,536.83203125,542.2619527455261,535.1074675883433,540.034792335934,560500
2024-08-01,536.4872436523438,541.1682030444587,530.0323988984861,536.5365048794991,441000
2024-08-02,528.2388916015625,540.0447443679119,524.3364281140267,538.9508925317145,740000
2024-08-05,510.00775146484375,562.8877790920088,508.3817100882276,562.8877790920088,934500
2024-08-06,510.60888671875,521.5376606817123,510.39205312599455,512.934569852587,596900
2024-08-07,507.7608337402344,519.4681625789242,507.3074981936555,517.2803990343158,465800
2024-08-08,515.4179077148438,518.1378006549762,508.8744058803235,511.42672646903594,347100
2024-08-09,519.123291015625,520.1185601594036,510.4412864655806,513.6539120477106,300100
2024-08-12,512.5108032226562,518.591105590839,511.6829861357992,516.8862703434454,299000
2024-08-13,517.3888549804688,517.5267743683629,511.3282211544774,512.510791187355,388500
2024-08-14,520.3256225585938,520.7001041442467,516.0881342529672,516.6103995289427,272600
2024-08-15,538.6256103515625,541.0892728427979,524.7502463594823,527.460275099841,608000
2024-08-16,540.527587890625,541.8086804449015,537.4332131525008,540.4783266670017,389800
2024-08-19,541.8875732421875,542.5774108662868,538.1822147109282,539.6604124134187,273900
2024-08-20,539.4927978515625,543.8485360805984,536.9108844994547,542.4195998762926,266800
2024-08-21,543.4642944335938,543.8880372246855,539.4337757066867,541.9466997761009,324400
2024-08-22,538.0343017578125,546.4403471503957,537.0882938444881,544.5482711757364,456400
2024-08-23,539.857421875,542.6659729532017,534.8808358541123,542.1633761996691,392100
2024-08-26,538.7833251953125,544.3019659498245,537.4135743925692,539.9757596424379,330200
2024-08-27,543.1883544921875,543.6909512977563,535.413020713359,535.413020713359,341600
2024-08-28,542.3309326171875,546.548691247226,541.0991014527594,544.1342901353457,304000
2024-08-29,545.770263671875,551.8604304905989,544.9424465610132,547.2681898019996,278700
2024-08-30,546.3516845703125,549.2785472207689,541.0499376205072,549.2785472207689,407600
2024-09-03,544.3313598632812,550.0273756693775,541.8085722080004,545.2478349724416,427300
2024-09-04,550.3920288085938,551.4563477766218,543.6415579354234,544.2230087104405,397300
2024-09-05,546.8443603515625,549.1503749321492,542.0353464554867,547.2779673603903,315500
2024-09-06,539.7982788085938,549.7810433452099,538.8226781531505,547.238526988475,409400
2024-09-09,545.3465576171875,546.7754940719043,541.8875654196099,541.8875654196099,309600
2024-09-10,544.3019409179688,548.4507103829051,540.0348603080323,548.4507103829051,314400
2024-09-11,541.84814453125,542.5675147902657,530.1112217785094,542.2817515711533,385700
2024-09-12,543.2968139648438,543.5136475846016,536.5956626719595,542.5084538388612,354400
2024-09-13,543.8191528320312,547.5835770377547,543.2770988432482,543.8486855116244,297900
2024-09-16,548.4703979492188,549.4755914964998,544.2230462054865,546.923210681584,241100
2024-09-17,543.8091430664062,550.0372888009962,542.6167088173382,548.6182168595958,297600
2024-09-18,541.9368286132812,546.3221604462201,538.2807313486749,543.631859904124,281300
2024-09-19,552.7078857421875,553.6046925755238,547.9973943167861,550.7468200148838,521400
2024-09-20,549.9288940429688,553.9693368308567,544.3807210077567,546.5487561441829,1507100
2024-09-23,549.6431884765625,551.8802136187594,548.746441653455,551.8112238403635,349600
2024-09-24,543.9569702148438,548.6379291262998,542.7941286924962,548.6379291262998,357500
2024-09-25,540.3895874023438,545.0410136035836,539.3449968803553,543.9766945337047,401600
2024-09-26,544.4695434570312,545.2874964452101,541.6609915907162,543.1489935742852,415200
2024-09-27,545.7505493164062,549.9387759067287,544.2329547463748,545.0903045541996,310500
2024-09-30,548.3521728515625,549.9387571408209,541.3553950809854,546.134876497054,593300
2024-10-01,540.3009033203125,548.5097832893724,538.6256008262972,548.5097832893724,445900
2024-10-02,543.3557739257812,544.1835909020654,537.9653098253252,541.3848441372994,367000
2024-10-03,540.9513549804688,544.6074521875694,537.1178812715381,541.0203447558499,623400
2024-10-04,536.9404907226562,544.025987075806,534.851309558402,544.025987075806,316600
2024-10-07,530.0520629882812,533.6588986273065,529.5396019329417,532.2989520942984,388700
2024-10-08,535.765869140625,536.2988018771787,528.6112712451918,530.0520809186887,309200
2024-10-09,538.74609375,542.9401679521061,532.5684595234258,536.594787622406,512300
2024-10-10,532.351318359375,538.1539474825411,532.1736942309499,537.5519287766716,577100
2024-10-11,544.2921142578125,545.0421230173882,532.1243484719394,533.1507016090395,843500
2024-10-14,546.542236328125,547.6968235777337,543.7987890932575,546.7988246573718,271900
2024-10-15,548.861328125,553.9238282694623,546.1968448544399,547.6178985832715,381600
2024-10-16,553.4796142578125,554.2098669415009,542.4171654870314,545.259272310895,365300
2024-10-17,556.32177734375,559.0158342011628,552.7592955227758,556.2033612334461,411500
2024-10-18,550.2823486328125,558.3350060207148,549.8678922212596,556.3218115577378,320500
2024-10-21,549.4730224609375,551.1210299631267,543.8875292516062,548.496059569029,422000
2024-10-22,544.8349609375,548.6935434655891,543.4829934150141,547.933656525213,519100
2024-10-23,535.79541015625,542.7625046245142,527.9598908620275,542.7625046245142,718600
2024-10-24,534.966552734375,543.4237884503335,534.8678927141292,536.5554127307519,369900
2024-10-25,534.8678588867188,540.1277386444206,532.8941767506054,539.40730370698,535300
2024-10-28,537.9566650390625,538.5981358127327,533.8810066943518,535.8546887893401,282800
2024-10-29,541.58837890625,545.8022105895564,534.8383578191559,536.5160000986747,424800
2024-10-30,540.0289916992188,544.6770345834847,536.3974239761559,541.2428471106742,626300
2024-10-31,530.6539916992188,540.581609750752,530.4369155905584,540.0289811999866,567000
2024-11-01,533.7921752929688,535.4994512974185,529.0553502156025,529.5388927015339,510800
2024-11-04,534.9468994140625,535.1146455546224,526.2922827373046,534.8975694000163,416300
2024-11-05,535.5586547851562,538.4303357648714,532.7264257642832,536.49616583764,422100
2024-11-06,557.239501953125,560.4664913630804,536.9993829938195,543.5717779175822,678400
2024-11-07,564.7296752929688,566.1704246937743,555.630969388492,558.3744164498586,580200
2024-11-08,560.1507568359375,567.4336491866675,558.956657386302,567.4336491866675,391900
2024-11-11,557.7034301757812,566.3678642796751,557.4270857383518,560.2889492082784,388000
2024-11-12,557.3383178710938,558.5323571619111,552.3449038614777,556.6672730900709,539700
2024-11-13,563.6836547851562,566.5750920132414,553.8251217210156,553.8251217210156,372100
2024-11-14,557.3383178710938,566.1803763805764,556.4008066946626,566.1803763805764,549700
2024-11-15,541.015869140625,557.732959541711,540.0882361107844,555.3744551232011,581300
2024-11-18,542.140869140625,543.1375882498651,537.9862465881681,540.4237753307254,566000
2024-11-19,540.7495727539062,542.3877027865622,535.0554792595074,537.5028263745156,356200
2024-11-20,542.2197875976562,545.0026863844263,538.5585858844814,542.2789956470772,360800
2024-11-21,546.966552734375,547.9731499214342,540.4829995386698,543.1376044827377,536900
2024-11-22,552.7691040039062,554.6934559021613,548.239477542844,548.239477542844,250000
2024-11-25,550.59814453125,558.019209130718,549.463253134724,555.6804004624713,531400
2024-11-26,554.4962158203125,554.8415861471963,546.5324001157012,551.9501486616618,360700
2024-11-27,556.9237060546875,557.3184665558476,549.9369149937203,553.7954368833789,358600
2024-11-29,558.9862670898438,562.0158764513066,553.8152294370016,555.9764138243382,365700
2024-12-02,561.1473999023438,561.7986884570788,554.5454312353736,558.9862157136406,595900
2024-12-03,559.4007568359375,560.0422276728019,552.423782714981,556.8547500496222,509000
2024-12-04,568.3711547851562,572.4566914752988,560.2297155498151,563.7527455740393,699700
2024-12-05,550.5587158203125,563.4863111245894,543.1771028709343,563.4863111245894,750900
2024-12-06,543.9468383789062,552.6310282042875,542.8218250443813,549.6705048389074,544800
2024-12-09,541.2034301757812,543.8185834299163,539.861340609043,542.5949099877723,528400
2024-12-10,542.2396240234375,545.0028276646973,533.7922654682941,540.6212501757392,587900
2024-12-11,543.1475219726562,546.177131569866,542.4764772098873,544.6179056679005,495700
2024-12-12,540.8185424804688,544.9336528924522,538.1047295280482,542.1803277486079,324400
2024-12-13,536.5059814453125,538.6770438126558,533.2297221469556,536.496163629641,590300
2024-12-16,534.9072875976562,538.6671494942602,534.6507595259898,535.8941286228227,598100
2024-12-17,529.6869506835938,536.4961782411664,529.3415803977457,533.7034011145678,1086900
2024-12-18,519.7889404296875,530.9402935848261,519.4139962069871,529.6869860529468,840900
2024-12-19,514.8843383789062,525.6705042578826,514.5882980984952,521.6047237882374,644700
2024-12-20,518.4862670898438,523.5585838734929,511.67704033873,512.802053494478,1742100
2024-12-23,518.0323486328125,519.3251080125996,515.1803635127027,516.0290323689296,546900
2024-12-24,521.1902465820312,521.2198204928912,514.7757797572854,515.9501230160188,228100
2024-12-26,520.3020629882812,521.5948223480995,518.3185028504845,518.3974669990528,312600
2024-12-27,517.015869140625,520.647497216771,513.364605433192,518.1507604434204,422400
2024-12-30,513.029052734375,514.9534048316108,507.14745838265895,512.6738044114386,357200
2024-12-31,513.00927734375,515.1507657124552,510.10796235156465,514.2033766549268,451900
2025-01-02,507.0290222167969,517.7954913949567,506.8612761096015,517.7954913949567,653400
2025-01-03,508.68463134765625,514.6349272460534,507.27118646112416,514.6349272460534,478700
2025-01-06,501.2319641113281,507.50848943784206,498.9190456606531,506.80668367244425,969000
2025-01-07,501.2319641113281,507.71602075675963,498.6916963073564,502.58610596726544,621700
2025-01-08,504.3948669433594,505.9467063600609,498.4741920471543,501.4493703962602,960700
2025-01-10,496.89276123046875,504.8496268075893,496.2898344719002,501.59768939209005,575600
2025-01-13,502.1215515136719,503.96001358162323,493.69025973912414,493.69025973912414,572700
2025-01-14,504.7803955078125,505.9467335342663,499.7492996330337,500.89587995485476,535800
2025-01-15,511.96624755859375,514.9809412400072,507.8247313484849,511.98597509724266,1000800
2025-01-16,513.093017578125,514.1803247172293,509.8411107524502,512.7965012052294,619700
2025-01-17,516.27587890625,522.9378760215769,514.0519152225881,522.9378760215769,763800
2025-01-21,524.6477661132812,525.2704806860703,516.987447803412,518.0253456439724,686400
2025-01-22,528.2654418945312,529.7282962653094,523.7779394400623,524.7367461257592,481100
2025-01-23,527.0694580078125,527.1880645687191,521.9296191626627,524.954207123525,387600
2025-01-24,525.2210083007812,528.8090069499468,523.2145307295301,526.2984214203873,385400
2025-01-27,535.06591796875,535.4019498125066,521.0994210170944,521.8011665119915,748400
2025-01-28,543.260009765625,546.8480096666575,529.4912094593943,533.8600460742693,686000
2025-01-29,536.7362670898438,543.546491114378,536.578084803514,541.5598012321798,691300
2025-01-30,563.9971923828125,577.5485667798137,555.1013372327436,559.4405521682081,1153800
2025-01-31,568.9887084960938,575.186112188811,563.4732623349162,565.3809214913931,1158100
2025-02-03,570.362548828125,574.770960024954,563.0877322394971,568.5833902523764,892400
2025-02-04,570.9852905273438,572.912737546409,564.5506134152748,571.3806859313612,768100
2025-02-05,574.6918334960938,575.5122456890285,566.4878925533321,571.449820786621,484800
2025-02-06,576.6687622070312,577.0147482735462,571.0248758086702,575.6309246652256,714800
2025-02-07,566.1322021484375,577.667143504879,565.954292294095,576.6985030771667,496600
2025-02-10,567.8717651367188,568.6031923216606,560.8439950772452,566.6658514118918,569100
2025-02-11,574.6226806640625,574.7017718081166,563.8982593719704,563.8982593719704,552900
2025-02-12,560.2015380859375,569.1566945541539,559.9050217119301,566.9920345306017,688500
2025-02-13,566.7943725585938,568.7712289483817,558.7387189675294,562.791250435047,400400
2025-02-14,566.942626953125,571.2422652117693,566.3001245333893,568.3461780137026,353200
2025-02-18,565.9048461914062,567.4962011704024,562.8900918123633,566.3001812879777,550800
2025-02-19,570.362548828125,571.2620522143925,561.5655746312533,565.9047886192259,478000
2025-02-20,574.6918334960938,575.14653212821,562.4254676509247,568.3066267529352,474700
2025-02-21,567.4072265625,573.6837821663032,566.903118500856,572.6854599781648,634300
2025-02-24,569.907958984375,573.1895479085084,565.657729711572,568.4648320673018,512100
2025-02-25,580.54345703125,587.0373773444667,570.4120677805824,571.4499053453644,984000
2025-02-26,568.4944458007812,580.1183095796001,567.7827461978295,578.4281361392088,646000
2025-02-27,565.8751831054688,573.2389857636203,565.3611811011639,567.3973409189213,549100
2025-02-28,577.736328125,578.1613450448058,567.021739053563,572.3493819475378,911100
2025-03-03,579.0310668945312,585.1494392894454,576.4018746748565,581.6800469815806,709900
2025-03-04,578.0624389648438,583.1725954942963,575.7099751939982,579.624111970232,870700
2025-03-05,586.9385375976562,588.2827854491276,575.2553092219232,575.8286144607946,629100
2025-03-06,581.482421875,585.4954380767956,576.115263824026,582.9255488096074,569800
2025-03-07,581.5713500976562,583.0935077050709,571.2817794422948,578.8432787961902,462700
2025-03-10,569.7794799804688,584.3192210092044,567.4369098411132,580.0393700994398,748700
2025-03-11,559.2031860351562,570.0264855725769,557.4042396908161,569.433392527498,611700
2025-03-12,559.8654174804688,562.6428979785584,553.1243307197652,560.1026305676012,621500
2025-03-13,556.366455078125,561.3283838139059,554.2907800455008,556.9199724420827,431800
2025-03-14,562.7022094726562,565.1732797144972,559.1735139278438,559.7567130496182,428900
2025-03-17,568.929443359375,571.54874202638,562.7022971169297,562.7022971169297,499000
2025-03-18,570.1846923828125,570.6986943659422,563.0679970847036,567.1996801617713,459800
2025-03-19,571.1434936523438,573.6145641954112,565.6577291125083,572.5075294184267,488800
2025-03-20,568.791015625,570.757978076096,564.2442097406988,567.6641930062547,439200
2025-03-21,565.5587768554688,566.4582802008301,557.7304432808583,563.3249197211936,879700
2025-03-24,569.9771118164062,572.8336232948461,567.5158750683036,570.6096599769047,568900
2025-03-25,572.3690795898438,575.4232887012926,565.8948874594142,569.1072788544765,735500
2025-03-26,575.9669189453125,578.4972922883677,572.8533465199952,572.8533465199952,336500
2025-03-27,585.693115234375,587.3734552326613,571.4202096768203,580.8695808135591,627300
2025-03-28,575.8978271484375,584.8727118646084,573.9011828576292,582.5400357663368,876500
2025-03-31,582.757568359375,585.1594418656366,573.4762122333779,576.0856773990232,994700
2025-04-01,583.9437255859375,586.1380075501015,577.4694716745158,579.0213114128912,438600
2025-04-02,583.5284423828125,586.0884978984337,573.3575381897149,577.4298574406979,411900
2025-04-03,572.9918212890625,583.6668334420427,570.1352494034493,583.0342249353364,994200
2025-04-04,536.2935180664062,572.4621901605815,535.2641096360593,570.9180473076419,1672600
2025-04-07,527.127685546875,542.1138297051768,514.2400510571881,527.6325119983202,1109300
2025-04-08,513.913330078125,536.3826357490216,508.69687122077806,529.3844828751592,806300
2025-04-09,548.1320190429688,550.6066109662595,508.64741581537953,512.2504361552529,1153100
2025-04-10,544.0142822265625,548.8347826192329,527.6819749931632,542.3711797177336,944000
2025-04-11,554.467041015625,558.9806951047572,537.798220559252,543.1730279643147,669100
2025-04-14,560.1288452148438,564.9295294603207,552.9821922052265,562.6628249700481,378400
2025-04-15,561.3167114257812,565.8699368802558,557.6147311833857,564.08824259002,340700
2025-04-16,550.6165771484375,564.0981505370657,546.91459690662,556.8624454058273,635200
2025-04-17,551.57666015625,558.7331610352891,550.7748947482864,555.7933746777045,343100
2025-04-21,533.7893676757812,549.6960540063067,529.4736328499761,544.8260129296893,372600
2025-04-22,545.697021484375,546.1820318550904,538.0257862038618,540.0351839280763,517600
2025-04-23,545.4793090820312,558.3867598772225,544.7566870982857,550.1711260921205,623400
2025-04-24,553.9720458984375,555.7240763956293,542.430575205609,545.5188612385555,674300
2025-04-25,552.0320434570312,553.5563705122688,545.4396959633365,553.5563705122688,671000
2025-04-28,546.3404541015625,552.5269343309604,530.0873501590451,532.482738387711,805900
2025-04-29,550.5175170898438,552.3883231446346,546.4196386460535,547.7954658851464,716500
2025-04-30,554.3878173828125,555.1994908166794,542.1831126010763,549.2604699575165,670400
2025-05-01,551.9231567382812,558.4758718635416,550.8739320920421,558.4065760341389,590200
2025-05-02,560.2872924804688,563.6131905896169,556.3873324317894,556.3873324317894,556000
2025-05-05,565.3255615234375,569.4729806096727,557.5850296062106,560.1684894521748,647800
2025-05-06,563.9100952148438,568.1861978817395,555.2391142859872,559.7032883808777,584900
2025-05-07,568.453369140625,570.57163444815,563.7021644580717,564.632613491247,396000
2025-05-08,569.1364135742188,576.253343453683,566.7014534137624,570.8983522929452,485200
2025-05-09,564.68212890625,568.7008642575889,558.6342400161413,568.7008642575889,333200
2025-05-12,569.9876708984375,574.0261616954015,561.0395072249203,574.0261616954015,750900
2025-05-13,571.2051391601562,576.6492416529337,569.6115163845606,571.9475167728077,554600
2025-05-14,560.1882934570312,571.0072034441861,557.7631809870078,566.9884680765199,623100
2025-05-15,568.5623168945312,568.9285516997654,559.5350095590478,559.9902958494214,515800
2025-05-16,576.9560546875,577.0946463332663,568.3840345256899,573.125391264895,611500
2025-05-19,574.570556640625,578.0944337593784,572.5216475642741,575.8375767842009,533500
2025-05-20,572.3336181640625,572.78890447452,567.9090157862786,572.0366187609031,460200
2025-05-21,566.9884033203125,578.0151995448955,564.1376685618055,567.9287603439246,432200
2025-05-22,563.2864379882812,567.2656012779589,562.6727440022412,562.6727440022412,346400
2025-05-23,561.2672729492188,563.9397843737256,558.0700585289203,558.6936606385992,375100
2025-05-27,567.9882202148438,568.8889452160785,562.6529847960338,565.4047603917303,433700
2025-05-28,563.3458862304688,570.6904591970576,562.8707838457386,568.4336624547391,360900
2025-05-29,558.5352172851562,565.7115339157674,556.8227585794831,564.3356462966811,782000
2025-05-30,564.4743041992188,566.8796005989809,557.4761501172242,559.208364679653,808800
2025-06-02,560.9306640625,562.603490806648,557.3573674245075,560.1882864023429,385700
2025-06-03,562.0986938476562,562.4352649871345,556.1300085622936,558.6540806563992,332500
2025-06-04,562.2372436523438,563.5042034154792,557.5750902995518,561.5146820784036,737200
2025-06-05,563.7022094726562,565.2760767344491,559.7527698873075,562.6331686988885,656700
2025-06-06,567.0478515625,569.1562089610567,565.1869533852307,566.9686476955303,336700
2025-06-09,567.2557373046875,570.6310544900832,562.425328486897,566.4242477411979,419300
2025-06-10,566.3648071289062,568.4830723586066,557.0108373824775,557.0108373824775,352900
2025-06-11,563.7714233398438,567.9683215413097,562.9399338778358,566.2658313110265,336700
2025-06-12,566.2164306640625,567.2557473256481,563.9793896046428,564.2664205561742,274900
2025-06-13,555.051025390625,565.0385060011411,554.5759230253158,560.9207507856339,436800
2025-06-16,559.9110107421875,562.1282957366785,556.7633372319841,556.7633372319841,372600
2025-06-17,556.8623657226562,560.1584785422298,553.8829474923308,559.5745087025363,454900
2025-06-18,550.101806640625,556.8624089627292,549.3990007568414,556.8624089627292,447100
2025-06-20,556.2783813476562,558.6242897632867,552.1112070268597,553.2989628716008,1124300
2025-06-23,560.4258422851562,560.5347098433282,552.4675754509051,556.8723616877313,374700
2025-06-24,565.2166137695312,565.7411958437988,557.5552868085713,562.722205767417,460600
2025-06-25,561.1781005859375,567.2754689388889,557.2682329842733,565.0384884285621,494400
2025-06-26,559.5646362304688,560.6237688510241,552.6061149765214,560.326829895458,509800
2025-06-27,557.7828979492188,563.5833266100938,554.9519794387377,559.5645919564874,653000
2025-06-30,561.0791625976562,561.8611119820557,556.2883255248378,558.950989143677,910300
2025-07-01,566.8894653320312,569.1066901362,560.158526643147,561.475026526189,563400
2025-07-02,560.3267822265625,565.9193233942858,557.842282415811,565.9193233942858,460600
2025-07-03,567.1765747070312,568.9681771773826,562.9499515802137,564.1575840799558,244000
2025-07-07,560.2476196289062,569.9183443393492,559.5745378657057,567.1764771154828,651900
2025-07-08,559.6677856445312,564.3763739216176,557.28868526121,559.5289916798464,699400
2025-07-09,553.7696533203125,566.3787281839292,546.7018095773038,561.0654725056644,861800
2025-07-10,545.0066528320312,551.0336623570753,539.9213729988742,548.7636491023433,944600
2025-07-11,542.6870727539062,547.1577021635009,540.9919593548642,545.0364054192452,743000
2025-07-14,543.5494384765625,543.797258868268,536.4815960648768,541.2595804773238,545800
2025-07-15,540.070068359375,546.2160266051552,540.0304388750129,543.6386580489095,669100
2025-07-16,540.4764404296875,544.1640393956562,537.1755163064809,540.8333477833808,669500
2025-07-17,541.5867919921875,542.221226870497,538.5436100820967,538.5436100820967,461000
2025-07-18,540.0403442382812,544.729147896675,535.6886634876719,544.729147896675,642200
2025-07-21,547.0982666015625,551.0832384706528,531.0296286676311,544.8282532474328,914200
2025-07-22,558.92431640625,559.7074071906547,546.6125537763705,549.3286560319141,812400
2025-07-23,552.1637573242188,561.3033456466293,551.5689519965501,558.934167839606,885400
2025-07-24,555.4844970703125,557.9527787147688,549.3782286869723,551.6878713846748,544500
2025-07-25,558.121337890625,558.4979692558153,552.2529069452004,555.8116346992773,278500
2025-07-28,554.15625,559.2414695702319,553.8885845741329,556.7236357778584,439600
2025-07-29,558.1510620117188,558.4187274271,551.3409616897286,556.802933443562,695800
2025-07-30,547.5245971679688,559.7569802767907,545.155419226871,558.6665945355766,666600
2025-07-31,545.6014404296875,551.3805688453621,544.2136219284757,545.8789678281119,708100
2025-08-01,537.3836669921875,546.3052016136043,535.2028353174577,546.2952791168736,497000
2025-08-04,541.6561279296875,542.3698822130992,537.3242317540737,538.3055909536108,473800
2025-08-05,533.2401733398438,544.4515672772194,532.6850579916011,544.4515672772194,668800
2025-08-06,537.1160888671875,537.4828582463289,531.2080283089934,535.1236030219413,493700
2025-08-07,532.0308227539062,541.7552938065045,530.6529266707847,541.2695754542036,423300
2025-08-08,529.7210693359375,534.1322845822555,526.9652774304211,532.0307724182481,358700
2025-08-11,522.8812255859375,532.2786167736808,521.1861726857127,529.7210931748301,504900
2025-08-12,514.9708862304688,525.3297929626615,513.702016506864,523.1688059362457,844900
2025-08-13,517.9744262695312,519.3919517595095,509.5683167897791,516.8740576628372,1105800
2025-08-14,520.3832397460938,521.5132548512639,513.5830016058356,518.9854987298899,890000
2025-08-15,525.0224609375,525.9938976551645,518.6286817887318,519.0648481625262,697600
2025-08-18,527.639404296875,529.3245346310841,525.3693306885335,525.3693306885335,735600
2025-08-19,527.94677734375,533.3492145145328,526.370612729495,527.6394824193402,762700
2025-08-20,535.8076171875,540.1890654697562,528.7397736502559,531.5946698575904,1337500
2025-08-21,522.3460083007812,535.6292079656176,522.068420369039,532.6850697035194,1191400
2025-08-22,532.1597290039062,533.5177801808455,523.4066940836987,525.1315146732106,673500
2025-08-25,525.666748046875,531.8920261304015,524.6457593630171,531.2278843358706,570700
2025-08-26,519.877685546875,526.459810376847,517.786095737406,524.388005058778,752700
2025-08-27,524.0509643554688,525.2207300207785,518.9260548344146,520.730194814443,656800
2025-08-28,521.9990234375,524.2194846221441,520.3039100584762,523.6048948479312,794000
2025-08-29,521.7214965820312,527.5403156272221,519.5406646265765,524.8836877916814,872100
2025-09-02,514.4652709960938,520.4328060889144,511.7491688650723,519.5208438813744,681100
2025-09-03,519.5604858398438,520.1056786779923,512.7702303492875,512.7702303492875,713000
2025-09-04,522.5244140625,522.6334405306914,516.7749922018915,518.5295802027506,441600
2025-09-05,513.9200439453125,525.3792570178833,512.2745430824003,525.3792570178833,700600
2025-09-08,518.8665771484375,519.5010119622739,512.998206378036,514.5743104120277,1086000
2025-09-09,515.1393432617188,520.3237876863635,513.9497931230435,517.1417516534382,969000
2025-09-10,508.7554626464844,514.9113434834885,504.69123207648175,514.9113434834885,1117900
2025-09-11,512.8693237304688,514.6734636600124,508.5275051039584,509.5187867903209,849800
2025-09-12,508.0616455078125,512.6512241771367,507.57586664579577,511.08504263246544,615400
2025-09-15,500.82525634765625,509.90540020780696,499.863711903636,508.06163079537515,689100
2025-09-16,498.0596008300781,501.8463043445743,494.6495892177541,500.5972796692702,1871700
2025-09-17,505.20672607421875,512.9288191973466,499.3482474379424,499.98268226389933,940800
2025-09-18,504.57232666015625,508.64648007873427,503.1845080270613,505.2067312410838,736900
2025-09-19,500.2205810546875,505.0283034887856,498.56515750874627,504.0766814997378,1437900
2025-09-22,505.1868896484375,506.0096401358019,497.0782127306113,497.1277647142236,665300
2025-09-23,499.5960693359375,504.30465755262435,497.7721145832346,502.9664514185696,1097900
2025-09-24,501.27130126953125,502.9168324510492,497.9901614035546,499.1003920196353,765700
2025-09-25,490.71417236328125,502.4013919248108,487.95841048315765,501.80661686223755,949300
2025-09-26,494.95684814453125,495.95805231154833,489.77243412075546,490.9025097450934,560900
2025-09-29,496.59246826171875,496.7709219575419,490.4663546617253,495.8589294896693,729100
2025-09-30,494.3422546386719,497.7026837433946,491.4873586107388,496.08692004496777,804800
2025-10-01,493.6285400390625,499.6059673671445,491.2296250596881,494.9073018783434,969100
2025-10-02,493.2518310546875,495.92830360194466,491.12058156413866,491.12058156413866,881200
2025-10-03,496.4143371582031,501.3392512703431,493.7532672419788,493.7532672419788,1075500
2025-10-06,503.404541015625,503.7719195156614,493.6043468155436,498.35054129254854,1210200
2025-10-07,506.9591979980469,507.4059973656684,500.0782150208869,502.26263818890766,1019400
2025-10-08,516.3225708007812,517.593547757056,505.8471923023534,508.5082321255969,1513200
2025-10-09,514.4061889648438,516.3721669075064,507.8330108015552,516.2232640775088,776900
2025-10-10,505.40032958984375,517.166501626709,500.3363909540343,517.0374161441516,1290900
2025-10-13,509.1039123535156,510.2159867741604,500.5448785427439,503.7619856044724,731400
2025-10-14,510.1862487792969,511.67564071082995,503.2059664722489,504.80456593391796,712600
2025-10-15,496.1958923339844,511.9238673297901,495.6299161335169,504.20879781224903,1057400
2025-10-16,496.5433654785156,499.77038111828665,494.05113708191624,496.63275565408395,837000
2025-10-17,500.9519958496094,501.4683377740785,494.895159627157,496.5036980496053,716300
2025-10-20,502.31231689453125,503.38466570874283,497.9731964574278,500.9420715251044,887200
2025-10-21,510.8813171386719,513.8402230881615,502.3222526068967,503.69249805007956,622300
2025-10-22,505.3507080078125,515.4288906519995,504.9733905267833,507.3663505970013,1147900
2025-10-23,476.565673828125,478.07494365277427,453.75811839753493,463.7569097788153,2230200
2025-10-24,475.41387939453125,479.9416283181549,471.44216768596624,479.17708472288814,1059300
2025-10-27,460.4504699707031,473.1599350802742,455.674489154405,473.1499961046264,1631100
2025-10-28,452.9339904785156,461.69162175117594,452.4871608067812,460.4504618871964,1500200
2025-10-29,443.1238708496094,451.5637581681634,440.9890818823262,448.3863767040056,1657800
2025-10-30,440.2642517089844,449.82615281869687,439.5592813413873,443.15367571079906,1443300
2025-10-31,442.9947814941406,444.8317041900981,432.34068440074657,435.9747738899694,1164800
2025-11-03,445.3678894042969,445.66575565403224,434.276871412243,444.3749615028392,1440100
2025-11-04,446.1324462890625,448.2573266064148,441.42597759230887,446.9267765132236,1193400
2025-11-05,442.6770324707031,448.2175871235191,441.21742724514996,442.97492902185456,1076000
2025-11-06,441.3366394042969,444.15655123093626,437.8316048474018,440.423132330037,991200
2025-11-07,443.888427734375,445.67571622465397,440.63162527185705,441.82315093204306,769700
2025-11-10,446.63885498046875,448.7835829754216,438.71527907981704,441.852935018632,821700
2025-11-11,440.1351318359375,446.21187593402215,438.16915402050955,445.61611314380747,772900
2025-11-12,451.9808044433594,452.576536958092,437.9110023864831,440.164937871903,923600
2025-11-13,444.58349609375,451.44463196448413,443.69977566052387,450.26304526261816,859400
2025-11-14,446.32110595703125,447.8601321327325,438.2585359880239,443.7295785963171,874500
2025-11-17,440.7408752441406,446.7878029873809,440.3635577646294,445.4870697617545,652100
2025-11-18,441.2671203613281,445.4672165600019,439.10254467103346,440.2642534205717,1071000
2025-11-19,441.63446044921875,442.42879063106903,434.3066478598969,438.9436343838154,1021100
2025-11-20,437.7421875,445.2785370651508,437.0372171625257,445.2785370651508,774200
2025-11-21,440.6117858886719,446.60907930109073,437.8216607221709,437.8216607221709,1085000
2025-11-24,436.5308532714844,442.81607378717786,435.6272852115605,439.4401248578316,1453100
2025-11-25,443.25299072265625,444.13668088296396,436.29255576797686,437.49399015970744,755900
2025-11-26,442.92529296875,445.01044775406814,440.59193649412106,442.587701097109,532500
2025-11-28,443.0643005371094,446.6189691809037,442.84585518122776,444.7919854325102,328300
2025-12-01,440.4429931640625,443.1040632591174,438.675582519051,441.3167746607888,884200
2025-12-02,441.0089416503906,442.89549868955623,437.6925659432402,442.1706806812869,706400
2025-12-03,442.73663330078125,443.1337983981203,436.84854785869413,436.84854785869413,565900
2025-12-04,441.63446044921875,444.97071387684883,439.5096105468046,442.75647379985395,609100
2025-12-05,444.3948059082031,446.5196861466534,440.83019840420206,440.9394059277229,802200
2025-12-08,443.55084228515625,446.5792907562137,442.59763992427,445.18916736529854,801700
2025-12-09,437.5237731933594,445.88420931038877,436.14358883978076,442.97493777734496,759500
2025-12-10,439.15216064453125,441.922438034648,436.30246235333385,437.2656036508724,1175900
2025-12-11,442.6869812011719,446.50975976202517,438.6358486113341,439.3706055772065,954900
2025-12-12,442.7068176269531,447.16508448983114,442.0018473045499,442.6869699776441,1765600
2025-12-15,440.46282958984375,445.685609822714,436.7194719534693,444.4941145045891,1915400
2025-12-16,440.64154052734375,442.7664207698793,436.7790667683557,439.29117313346495,1352000
2025-12-17,449.0417175292969,450.6304082782235,437.92094289032195,439.36067020829006,2056900
2025-12-18,447.3240051269531,451.59358342677484,443.650159388589,445.88424739932873,2344000
2025-12-19,441.8429870605469,447.84028020404855,440.5124672790301,446.4501871712516,2952700
2025-12-22,446.0728759765625,447.4033957767649,438.874148428805,440.2046682290074,742900
2025-12-23,446.1622619628906,446.26156082281466,442.86573374466155,445.9636945448002,598800
2025-12-24,447.9892272949219,448.49563024834225,443.7097102346321,444.7423637919331,233700
2025-12-26,447.64166259765625,448.40623645802026,446.0232156074889,447.3735829788135,283600
2025-12-29,447.6516418457031,449.5779245294367,446.2417010989024,447.6417028694523,528400
2025-12-30,446.89697265625,449.0814261411001,446.2019413123465,446.55938080891036,430800
2025-12-31,441.9820251464844,448.33675799366233,441.3862623135522,447.2147445570207,507500
2026-01-02,432.3507995605469,442.75809366481803,426.032784735485,442.4894648535735,914300
2026-01-05,429.48529052734375,434.1118576464629,425.7342948059769,427.7739547127814,1189300
2026-01-06,434.3406982421875,435.17646263669604,427.8336385860073,427.8336385860073,774400
2026-01-07,435.3953552246094,437.7832578309213,431.77367915337015,434.340697987123,894700
2026-01-08,432.2810974121094,437.0768210519316,430.11208775991395,430.93789277588337,752300
2026-01-09,432.6194152832031,434.9575820045833,429.63452934880206,431.2364339227888,612500
2026-01-12,430.21160888671875,432.5995114759225,428.6395520138447,431.38565669153485,639100
2026-01-13,424.2119445800781,428.99773929295475,418.30189878044604,428.2017515481458,796600
2026-01-14,422.0628662109375,426.7690167444459,419.35656852524363,421.92355696499106,822900
2026-01-15,412.1629943847656,421.91360950530674,410.2526540501031,421.6051737249761,1774200
2026-01-16,414.0434875488281,414.64044043800317,404.97936823967984,410.3322684806992,1421400
2026-01-20,401.7258605957031,412.2326567233759,398.1837983598347,410.3720826704924,1483500
2026-01-21,402.6213073730469,404.3127244741285,397.0793620098798,401.72584768849435,1415100
2026-01-22,405.4271240234375,407.9344173159615,400.9398357165362,401.9845336641303,1302900
2026-01-23,405.5564270019531,410.0238268173825,401.69600013074574,403.9744411406771,1712300
2026-01-26,406.6111145019531,410.9192863963384,405.2679097932671,407.42696022652046,1524400
2026-01-27,367.4095764160156,380.9311052338225,344.1871689006888,366.64346667036904,5077700
2026-01-28,358.554443359375,366.34501265532975,354.21642370744433,366.1062011330684,2940700
2026-01-29,363.1611022949219,363.81778080848443,351.5698019519729,353.8880498750314,2487200
2026-01-30,369.3597412109375,369.71791294371195,358.18630741261535,360.4548194783421,3072200
2026-02-02,370.7327575683594,373.6679074660228,367.98668323410755,370.911873795847,2476200
2026-02-03,347.0626525878906,362.5342995628901,342.18734485418696,360.9722019334978,3248300
2026-02-04,357.89776611328125,359.34047313299516,344.39615509141385,344.39615509141385,2805500
2026-02-05,349.2316589355469,363.37006032961204,347.80887057535097,357.05204561228555,2827400
2026-02-06,360.5941467285156,361.7084993267693,349.231667160529,351.6792652148241,1945500
2026-02-09,349.9380798339844,356.67399207066245,347.27158893603723,355.4103708858373,1966100
2026-02-10,347.08251953125,353.1816410821073,343.51060981004895,348.6943530159549,1776000
2026-02-11,332.1182861328125,345.8885862147923,329.5512976667795,345.45080052851864,2433700
2026-02-12,318.208740234375,333.3222147836295,316.0695781005366,332.7849268252148,2736100
2026-02-13,319.7907409667969,323.96956316030014,316.40787623000926,318.23860267151986,1640500
2026-02-17,313.94036865234375,321.76078601081264,311.49277055619876,320.0991860577634,1808500
2026-02-18,325.9495544433594,327.1434906146971,312.1593654538733,315.20394671833833,2136200
2026-02-19,330.3273620605469,333.3122478622988,326.6360617875857,327.82999788998933,1753100
2026-02-20,334.0982971191406,335.92902354801373,328.5961584961362,328.5961584961362,2482700
2026-02-23,334.00872802734375,335.3917093042113,328.1583470911299,333.24258791761264,2223100
2026-02-24,335.9986572265625,339.6999168352567,332.29739761786834,334.1281239326012,1565400
2026-02-25,342.5057067871094,343.0529541016106,334.3370773256597,336.18772242201095,1560400
2026-02-26,350.3758544921875,352.8632594372745,343.64993216807665,344.39615365160273,1836700
2026-02-27,347.9680480957031,348.1968699076642,343.26186721708194,347.03278144867204,1344400
2026-03-02,352.1468811035156,354.23630730348395,344.76428032447825,346.2467639364012,1372300
2026-03-03,354.2064514160156,356.0073301022548,344.75431296530735,346.80393213709146,1293400
2026-03-04,359.44989013671875,364.59385674096984,352.27622303115567,354.66412562105904,1612500
2026-03-05,364.17596435546875,367.4095907138124,358.2161519529776,360.1762282216652,1527200
2026-03-06,365.64849853515625,366.5141105306189,356.79334369101593,363.8675082308956,1621000
2026-03-09,361.2308654785156,363.9272037293285,357.0719320181511,361.95719859748607,1326300
2026-03-10,352.0871887207031,362.5542081152638,347.6695551290501,360.68367474678354,1247000
2026-03-11,350.475341796875,358.18629679737404,346.8039298255956,354.75366597420106,1171600
2026-03-12,345.03289794921875,355.3108413581571,344.6946145356209,350.69423377771903,1494900
2026-03-13,349.2316589355469,351.5001710610878,344.3861988962779,348.0675400456764,1487400
2026-03-16,350.4256286621094,351.7588740988933,347.32132171545896,348.90333801615617,989300
2026-03-17,351.1121520996094,358.18631729147745,348.754066671823,351.76880029447307,845700
2026-03-18,349.022705078125,352.17671740288733,346.30644806928484,348.63465534950706,1337200
2026-03-19,351.48028564453125,357.7186864501463,349.8087264089326,350.36593306335254,1611800
2026-03-20,351.89813232421875,353.97759913913234,347.47056990105665,350.32610581609987,2933700
2026-03-23,351.6991882324219,355.0223577589183,350.07739527021045,353.11201730700617,1478900
2026-03-24,344.18719482421875,349.55998351167096,341.63013521583264,348.82372135354825,1416500
2026-03-25,344.97320556640625,350.08729415645075,338.69499814473903,347.06263171629155,994500
2026-03-26,349.3013000488281,354.7039361650896,342.53554055164534,345.2319093056287,1197800
2026-03-27,342.684814453125,349.8186747614909,342.1375671523083,348.12725763382105,1246700
2026-03-30,350.1867980957031,352.24637661173267,339.70985001638064,343.9981335755558,1299100
2026-03-31,352.07720947265625,353.74876857018927,341.55052574796025,350.74396414716574,1517500
2026-04-01,354.0771179199219,354.67410118567096,345.7890979174257,349.69929124414546,1350900
2026-04-02,356.0769958496094,361.60898199184584,352.72397885792554,358.29574161713504,1087200
2026-04-06,359.2889404296875,359.6679946809948,352.78526201424773,356.1667656600855,907400
2026-04-07,357.93231201171875,360.8450205266292,356.55578988829313,358.7403136641677,762900
2026-04-08,354.95977783203125,361.5632117388511,354.311410022193,358.93978632677255,817200
2026-04-09,349.0047302246094,353.56330502469734,344.81522494623266,352.3762795438651,1339500
2026-04-10,342.2915344238281,349.2041903140527,341.2242039404651,348.44611230859977,1184500
2026-04-13,355.4585266113281,357.35376730010944,342.7104995077063,342.7104995077063,1529100
2026-04-14,353.1144104003906,359.6779360470236,352.5558137683892,355.16925453408857,999400
2026-04-15,357.1941833496094,358.8998970181786,354.23161200881333,356.73534262849245,1128000
2026-04-16,360.9747009277344,364.53577727564425,359.4584839820787,361.6729314947618,1340400
2026-04-17,361.5332946777344,366.77016087427114,357.6230878568444,366.77016087427114,1113500
2026-04-20,358.9697265625,364.08689797171354,357.49344848599065,359.7976672405951,990200
2026-04-21,362.0220642089844,366.82002877554993,358.8699658105289,361.034550596365,1213900
2026-04-22,363.81756591796875,367.18908460133474,361.36369818228064,362.0918829001245,1167500
2026-04-23,362.8500061035156,383.03936277526725,359.7976636166989,378.4708337696425,1615600
2026-04-24,352.5158996582031,363.95720658867583,348.3962267323347,363.95720658867583,1341400
2026-04-27,351.56829833984375,354.1019221785891,347.3588541725297,351.97724586657336,1103700
2026-04-28,353.2341003417969,360.2365580332422,351.86753251347574,355.9572817152737,1234100
2026-04-29,355.0794677734375,355.3089033391519,349.1343864841541,352.3961949360402,1146300
2026-04-30,353.9223937988281,355.26902268495576,348.1369154362786,351.16928855974356,1275600
2026-05-01,357.3238525390625,362.69039841828356,354.0121507817482,358.4709695288674,993000
2026-05-04,354.3413391113281,359.99713753766224,353.30393233516185,355.91737306251383,995800
2026-05-05,355.6679992675781,356.0669925081434,348.40621270085194,353.9223772040263,808500
2026-05-06,349.3837890625,356.0869793312519,347.99725171543474,353.4236452873403,1578100
2026-05-07,351.5583190917969,356.3662684198367,349.383780005935,349.383780005935,966300
2026-05-08,342.46112060546875,350.43112221014303,339.82771050518016,349.0246459667478,1178500
2026-05-11,327.9774475097656,338.9200057005241,327.0597660686835,338.9200057005241,1365300
2026-05-12,323.1296081542969,333.0547286128918,321.92264371087293,330.4013794292513,1002300
2026-05-13,315.4588623046875,320.0772846692636,305.19459546299083,319.76806260712533,1583000
2026-05-14,317.15460205078125,319.8079207855837,311.28930707651733,314.8004901933379,1180200
2026-05-15,320.0971984863281,324.28670352418976,318.92015779783935,319.27924257416515,1365400
2026-05-18,330.18194580078125,330.61086279477206,318.3316602728384,319.9076943061873,1080500
2026-05-19,328.0871887207031,339.1494418626272,327.1794615615933,333.274161919744,1466100
2026-05-20,322.3116455078125,324.3166268300312,317.7730404237775,324.3166268300312,775000
2026-05-21,323.2692565917969,323.6782345742137,314.7207187428733,319.1496139168093,836000
2026-05-22,326.1221008300781,328.41633477308096,322.2917109617807,322.2917109617807,1015500
2026-05-26,319.49871826171875,323.71814735903854,319.0897707150703,322.6009540463991,759200
2026-05-27,315.8279113769531,324.61586908991086,315.67829271806704,319.49869786737776,836300
2026-05-28,318.9501037597656,320.7655580987902,311.0299642678522,315.8279289915354,1320600
2026-05-29,324.71563720703125,325.64330336820404,316.0573588202839,317.77305720283493,1381500
2026-06-01,343.3887939453125,346.2117007744533,327.2492785612006,329.25422946851194,1219400
2026-06-02,335.658203125,339.8078000171755,328.4163551826534,337.73298635047047,1001200
2026-06-03,330.8702087402344,334.3215444437332,326.0821984842193,333.413817309106,754900
2026-06-04,330.9699401855469,340.45615923042766,329.7629757062049,339.69805074361756,736100
2026-06-05,331.3489990234375,336.08711624923177,329.5634988707742,334.5709296958219,882700
2026-06-08,332.9150695800781,335.3589526793316,327.03978977030357,330.1320406995937,1170600
2026-06-09,334.531005859375,337.33397369616756,327.90763286081415,330.989899008849,856300
2026-06-10,333.2641906738281,338.2516822120739,329.02482286631925,334.4412313709583,1029800
2026-06-11,331.8776550292969,334.5808973738673,325.7131227639248,329.0048550186913,1363700
2026-06-12,334.13201904296875,336.79535299594835,328.86522904314285,330.53103421824596,1127700
2026-06-15,331.61834716796875,337.2641611859742,329.81287754330486,333.49361854359114,1209800
2026-06-16,336.4861145019531,338.04223997777876,331.3490039428076,332.5759379067575,885700
2026-06-17,329.14453125,338.81029268161194,327.2492904762246,331.1893906877936,1299500
2026-06-18,329.4338073730469,331.2093531783028,324.9849429148211,327.7081243076714,3559600
2026-06-22,324.2767333984375,332.78539306561487,319.30918068033935,326.96999110705667,1680800
2026-06-23,328.7156066894531,332.6956152667691,326.4113879929825,330.32156438162167,1510200
2026-06-24,330.77044677734375,335.2092960067733,328.68567895550217,328.68567895550217,903500
2026-06-25,331.5884094238281,337.3738875817677,325.91264147078414,328.21686018592334,890400
2026-06-26,337.4636535644531,341.87260952464123,333.62327895148354,333.62327895148354,3126600
2026-06-29,333.9624328613281,342.14193144555793,329.76297336334056,341.3638839561299,1395900
2026-06-30,337.5434875488281,338.8601622599893,331.4487566874843,332.3764228643489,1272100
2026-07-01,353.7926940917969,355.0395669821406,342.27160076151387,345.9822957008261,932700
2026-07-02,363.2889099121094,365.38363208642824,352.6655281706427,356.4560401514602,995600
2026-07-06,363.3387756347656,365.74275032211256,355.5483159212448,359.2191025599909,695500
2026-07-07,362.8500061035156,375.0493913261822,362.6504942589101,373.5531438153413,905300
2026-07-08,354.8900146484375,362.8599853515625,350.4700012207031,360.42999267578125,1074600
2026-07-09,355.94000244140625,356.7799987792969,347.0,348.9100036621094,614400
2026-07-10,355.8999938964844,361.04998779296875,354.9200134277344,358.2200012207031,860800
2026-07-13,360.5899963378906,363.3900146484375,358.20001220703125,358.8399963378906,783000
2026-07-14,346.6499938964844,354.9800109863281,346.4800109863281,353.3399963378906,691300
2026-07-15,348.510009765625,355.0199890136719,347.3900146484375,347.8999938964844,495900
2026-07-16,364.2099914550781,364.989990234375,350.7099914550781,352.25,760800
2026-07-17,363.1400146484375,369.07000732421875,358.75,363.8399963378906,967000
2026-07-20,362.8399963378906,366.6499938964844,355.0,360.760009765625,782300
2026-07-21,350.69000244140625,360.989990234375,350.6199951171875,356.3599853515625,620900
2026-07-22,336.7099914550781,352.07000732421875,335.5,350.69000244140625,975700
2026-07-23,355.1199951171875,369.1499938964844,354.1700134277344,365.739990234375,1515100
2026-07-24,367.3399963378906,371.2799987792969,359.4200134277344,362.4700012207031,859100
2026-07-27,375.0199890136719,380.80999755859375,367.510009765625,369.4100036621094,780700
2026-07-28,390.9200134277344,401.239990234375,384.94000244140625,385.0,1257400
2026-07-29,408.07000732421875,410.260009765625,390.92999267578125,392.739990234375,1274000
2026-07-30,389.25,398.2900085449219,381.7099914550781,397.6600036621094,1050900
2026-07-31,391.9700012207031,393.6400146484375,381.2799987792969,385.0799865722656,839100
2026-08-03,392.57000732421875,403.7099914550781,388.3399963378906,400.9700012207031,767600
2026-08-04,392.760009765625,393.20001220703125,386.2300109863281,391.9800109863281,922000
2026-08-05,394.5299987792969,399.25,391.5,397.4200134277344,745200
2026-08-06,397.0799865722656,397.6300048828125,389.7300109863281,397.5,607800
2026-08-07,402.25,404.260009765625,394.7200012207031,400.32000732421875,686600
2026-08-10,403.8900146484375,405.7699890136719,397.1000061035156,397.75,750100
2026-08-11,399.5,404.510009765625,398.17999267578125,399.4800109863281,634700
2026-08-12,395.2300109863281,397.4100036621094,389.69000244140625,389.8900146484375,480200
2026-08-13,397.5,400.1300048828125,387.82000732421875,397.3900146484375,937600
2026-08-14,399.3399963378906,403.0199890136719,388.7699890136719,400.95001220703125,929500
2026-08-17,389.7099914550781,396.9800109863281,389.3800048828125,393.2699890136719,764200
2026-08-18,394.1700134277344,400.82000732421875,394.1199951171875,398.82000732421875,514200
2026-08-19,407.32000732421875,410.760009765625,394.0199890136719,395.8999938964844,626800
2026-08-20,410.45001220703125,412.6300048828125,405.44000244140625,408.010009765625,580600
2026-08-21,411.7900085449219,413.5400085449219,403.3299865722656,409.95001220703125,588200
2026-08-24,415.510009765625,418.75,412.04998779296875,414.0,619300
2026-08-25,413.3699951171875,418.0,409.1000061035156,412.32000732421875,690700
2026-08-26,413.2799987792969,416.7200012207031,407.2300109863281,407.44000244140625,664400
2026-08-27,422.69000244140625,423.989990234375,412.9700012207031,415.25,907000
2026-08-28,426.20001220703125,428.1300048828125,420.3299865722656,422.739990234375,560800
2026-08-31,424.6400146484375,427.1600036621094,421.94000244140625,422.0,706800
2026-09-01,418.30999755859375,426.2200012207031,417.510009765625,420.9700012207031,495600
2026-09-02,415.7900085449219,423.05999755859375,415.010009765625,423.05999755859375,646500
2026-09-03,422.3500061035156,429.6000061035156,418.45001220703125,421.7799987792969,620400
2026-09-04,407.2799987792969,419.2099914550781,405.57000732421875,418.4100036621094,616800
