Date,Close,High,Low,Open,Volume
2016-09-30,7.980000019073486,8.050000190734863,7.880000114440918,7.96999979019165,5706100
2016-10-03,7.849999904632568,8.020000457763672,7.840000152587891,7.940000057220459,3971200
2016-10-04,7.659999847412109,7.880000114440918,7.630000114440918,7.760000228881836,4476300
2016-10-05,7.659999847412109,7.730000019073486,7.630000114440918,7.699999809265137,3120000
2016-10-06,7.940000057220459,8.010000228881836,7.650000095367432,7.710000038146973,6948100
2016-10-07,7.860000133514404,7.980000019073486,7.800000190734863,7.920000076293945,2594800
2016-10-10,7.889999866485596,7.920000076293945,7.760000228881836,7.909999847412109,2323400
2016-10-11,7.670000076293945,7.889999866485596,7.650000095367432,7.869999885559082,3714100
2016-10-12,7.599999904632568,7.730000019073486,7.579999923706055,7.639999866485596,11443200
2016-10-13,7.46999979019165,7.559999942779541,7.409999847412109,7.5,2911600
2016-10-14,7.489999771118164,7.670000076293945,7.440000057220459,7.670000076293945,2597000
2016-10-17,7.369999885559082,7.550000190734863,7.340000152587891,7.510000228881836,2670600
2016-10-18,7.420000076293945,7.489999771118164,7.369999885559082,7.440000057220459,1746300
2016-10-19,7.460000038146973,7.550000190734863,7.389999866485596,7.429999828338623,2124600
2016-10-20,7.480000019073486,7.480000019073486,7.369999885559082,7.400000095367432,1766900
2016-10-21,7.369999885559082,7.480000019073486,7.369999885559082,7.429999828338623,2214900
2016-10-24,7.349999904632568,7.480000019073486,7.320000171661377,7.380000114440918,2080300
2016-10-25,7.269999980926514,7.409999847412109,7.260000228881836,7.409999847412109,2635800
2016-10-26,7.260000228881836,7.369999885559082,7.210000038146973,7.28000020980835,3072400
2016-10-27,7.139999866485596,7.28000020980835,7.139999866485596,7.269999980926514,2977000
2016-10-28,7.090000152587891,7.269999980926514,7.079999923706055,7.110000133514404,3730400
2016-10-31,7.050000190734863,7.110000133514404,7.0,7.079999923706055,2355100
2016-11-01,7.070000171661377,7.25,6.980000019073486,7.199999809265137,4206800
2016-11-02,7.019999980926514,7.150000095367432,7.0,7.039999961853027,2870900
2016-11-03,7.0,7.070000171661377,6.949999809265137,7.050000190734863,2235300
2016-11-04,6.96999979019165,7.070000171661377,6.949999809265137,6.989999771118164,2120800
2016-11-07,7.059999942779541,7.150000095367432,7.019999980926514,7.059999942779541,2212300
2016-11-08,7.110000133514404,7.119999885559082,6.980000019073486,7.070000171661377,2113800
2016-11-09,7.150000095367432,7.170000076293945,6.929999828338623,6.929999828338623,4343300
2016-11-10,7.170000076293945,7.21999979019165,6.989999771118164,7.090000152587891,4420400
2016-11-11,7.269999980926514,7.28000020980835,7.070000171661377,7.139999866485596,3203700
2016-11-14,7.300000190734863,7.429999828338623,7.230000019073486,7.309999942779541,6452500
2016-11-15,7.519999980926514,7.53000020980835,7.289999961853027,7.340000152587891,4000300
2016-11-16,7.559999942779541,7.829999923706055,7.46999979019165,7.480000019073486,8154100
2016-11-17,7.489999771118164,7.590000152587891,7.420000076293945,7.570000171661377,3036900
2016-11-18,7.570000171661377,7.590000152587891,7.449999809265137,7.449999809265137,3391400
2016-11-21,7.590000152587891,7.679999828338623,7.519999980926514,7.579999923706055,6259300
2016-11-22,7.599999904632568,7.619999885559082,7.5,7.570000171661377,7049700
2016-11-23,7.46999979019165,7.599999904632568,7.46999979019165,7.53000020980835,3371600
2016-11-25,7.489999771118164,7.559999942779541,7.440000057220459,7.449999809265137,2293500
2016-11-28,7.460000038146973,7.519999980926514,7.420000076293945,7.5,3190200
2016-11-29,7.440000057220459,7.510000228881836,7.360000133514404,7.429999828338623,4125800
2016-11-30,7.710000038146973,7.739999771118164,7.440000057220459,7.5,6558900
2016-12-01,7.519999980926514,7.769999980926514,7.480000019073486,7.75,6980800
2016-12-02,7.590000152587891,7.610000133514404,7.489999771118164,7.550000190734863,4588400
2016-12-05,7.619999885559082,7.679999828338623,7.550000190734863,7.599999904632568,3343100
2016-12-06,7.570000171661377,7.639999866485596,7.519999980926514,7.630000114440918,2068400
2016-12-07,7.630000114440918,7.650000095367432,7.53000020980835,7.559999942779541,1974500
2016-12-08,7.829999923706055,7.929999828338623,7.639999866485596,7.679999828338623,5326200
2016-12-09,7.809999942779541,7.929999828338623,7.760000228881836,7.889999866485596,3247200
2016-12-12,7.760000228881836,7.869999885559082,7.739999771118164,7.789999961853027,2806100
2016-12-13,7.829999923706055,7.929999828338623,7.789999961853027,7.789999961853027,4457100
2016-12-14,7.699999809265137,7.889999866485596,7.679999828338623,7.809999942779541,4406000
2016-12-15,7.630000114440918,7.739999771118164,7.559999942779541,7.639999866485596,6048000
2016-12-16,7.579999923706055,7.679999828338623,7.539999961853027,7.679999828338623,4646000
2016-12-19,7.710000038146973,7.840000152587891,7.559999942779541,7.559999942779541,8570700
2016-12-20,7.5,8.050000190734863,7.480000019073486,7.840000152587891,17447800
2016-12-21,7.300000190734863,7.550000190734863,7.269999980926514,7.519999980926514,7350800
2016-12-22,7.170000076293945,7.300000190734863,6.96999979019165,7.269999980926514,14925000
2016-12-23,7.019999980926514,7.190000057220459,7.010000228881836,7.099999904632568,8968400
2016-12-27,7.079999923706055,7.190000057220459,7.039999961853027,7.079999923706055,9803900
2016-12-28,7.0,7.119999885559082,6.96999979019165,7.070000171661377,8734300
2016-12-29,6.949999809265137,7.070000171661377,6.920000076293945,7.010000228881836,8765900
2016-12-30,6.889999866485596,7.0,6.860000133514404,6.949999809265137,12521800
2017-01-03,6.960000038146973,7.010000228881836,6.860000133514404,6.929999828338623,4903000
2017-01-04,7.110000133514404,7.150000095367432,7.0,7.039999961853027,4255700
2017-01-05,7.119999885559082,7.239999771118164,7.090000152587891,7.130000114440918,3259300
2017-01-06,7.159999847412109,7.159999847412109,7.039999961853027,7.110000133514404,3898000
2017-01-09,7.119999885559082,7.190000057220459,7.070000171661377,7.150000095367432,2898500
2017-01-10,7.119999885559082,7.199999809265137,7.110000133514404,7.159999847412109,2137000
2017-01-11,7.21999979019165,7.239999771118164,7.090000152587891,7.150000095367432,2999800
2017-01-12,7.230000019073486,7.25,7.099999904632568,7.210000038146973,3030200
2017-01-13,7.269999980926514,7.349999904632568,7.210000038146973,7.21999979019165,2803700
2017-01-17,7.159999847412109,7.300000190734863,7.130000114440918,7.300000190734863,3401100
2017-01-18,7.210000038146973,7.21999979019165,7.110000133514404,7.110000133514404,3149400
2017-01-19,7.099999904632568,7.28000020980835,7.090000152587891,7.130000114440918,4403900
2017-01-20,7.130000114440918,7.21999979019165,7.099999904632568,7.110000133514404,2073800
2017-01-23,7.130000114440918,7.139999866485596,7.019999980926514,7.099999904632568,2094100
2017-01-24,7.210000038146973,7.239999771118164,7.119999885559082,7.130000114440918,2790400
2017-01-25,7.320000171661377,7.329999923706055,7.239999771118164,7.239999771118164,3774700
2017-01-26,7.309999942779541,7.349999904632568,7.239999771118164,7.300000190734863,2328000
2017-01-27,7.190000057220459,7.349999904632568,7.190000057220459,7.309999942779541,2121400
2017-01-30,7.050000190734863,7.21999979019165,6.989999771118164,7.190000057220459,4134300
2017-01-31,7.059999942779541,7.110000133514404,6.980000019073486,7.050000190734863,3452300
2017-02-01,7.0,7.079999923706055,7.0,7.079999923706055,3431100
2017-02-02,7.0,7.079999923706055,6.96999979019165,6.980000019073486,3013200
2017-02-03,7.0,7.059999942779541,6.960000038146973,6.980000019073486,2654000
2017-02-06,7.010000228881836,7.039999961853027,6.96999979019165,6.980000019073486,2392700
2017-02-07,7.139999866485596,7.150000095367432,7.010000228881836,7.010000228881836,3217000
2017-02-08,7.230000019073486,7.309999942779541,7.119999885559082,7.179999828338623,4354600
2017-02-09,7.300000190734863,7.340000152587891,7.25,7.320000171661377,2817900
2017-02-10,7.380000114440918,7.389999866485596,7.28000020980835,7.300000190734863,2346000
2017-02-13,7.389999866485596,7.46999979019165,7.349999904632568,7.389999866485596,2194600
2017-02-14,7.349999904632568,7.389999866485596,7.309999942779541,7.389999866485596,1454300
2017-02-15,7.400000095367432,7.440000057220459,7.309999942779541,7.309999942779541,2411100
2017-02-16,7.349999904632568,7.429999828338623,7.349999904632568,7.400000095367432,2784300
2017-02-17,7.489999771118164,7.5,7.260000228881836,7.289999961853027,4072200
2017-02-21,7.320000171661377,7.519999980926514,7.289999961853027,7.460000038146973,4387500
2017-02-22,7.239999771118164,7.340000152587891,7.199999809265137,7.28000020980835,2230400
2017-02-23,7.159999847412109,7.289999961853027,7.150000095367432,7.269999980926514,1648500
2017-02-24,7.079999923706055,7.159999847412109,7.039999961853027,7.150000095367432,2544500
2017-02-27,7.099999904632568,7.119999885559082,6.989999771118164,7.099999904632568,6759400
2017-02-28,6.960000038146973,7.110000133514404,6.929999828338623,7.099999904632568,8271800
2017-03-01,6.889999866485596,7.010000228881836,6.889999866485596,7.0,7049000
2017-03-02,6.889999866485596,7.010000228881836,6.880000114440918,6.889999866485596,5220600
2017-03-03,6.880000114440918,6.989999771118164,6.809999942779541,6.900000095367432,3198400
2017-03-06,6.760000228881836,6.860000133514404,6.690000057220459,6.809999942779541,6234600
2017-03-07,6.769999980926514,6.869999885559082,6.71999979019165,6.75,3167700
2017-03-08,6.679999828338623,6.809999942779541,6.659999847412109,6.78000020980835,2809300
2017-03-09,6.789999961853027,6.800000190734863,6.650000095367432,6.650000095367432,3257100
2017-03-10,6.840000152587891,6.840000152587891,6.760000228881836,6.809999942779541,1827000
2017-03-13,7.019999980926514,7.03000020980835,6.809999942779541,6.849999904632568,4087500
2017-03-14,7.039999961853027,7.070000171661377,6.949999809265137,7.050000190734863,4202900
2017-03-15,7.139999866485596,7.179999828338623,7.010000228881836,7.059999942779541,3515900
2017-03-16,7.170000076293945,7.199999809265137,7.110000133514404,7.150000095367432,1568100
2017-03-17,7.150000095367432,7.230000019073486,7.150000095367432,7.199999809265137,2165500
2017-03-20,7.199999809265137,7.199999809265137,7.059999942779541,7.159999847412109,2602200
2017-03-21,7.010000228881836,7.28000020980835,7.0,7.210000038146973,3656800
2017-03-22,7.039999961853027,7.050000190734863,6.900000095367432,7.0,2129600
2017-03-23,7.110000133514404,7.139999866485596,6.980000019073486,7.039999961853027,2352400
2017-03-24,7.070000171661377,7.170000076293945,7.010000228881836,7.150000095367432,2654300
2017-03-27,7.090000152587891,7.090000152587891,6.949999809265137,6.96999979019165,2992500
2017-03-28,7.03000020980835,7.099999904632568,7.0,7.070000171661377,3253900
2017-03-29,7.010000228881836,7.079999923706055,6.980000019073486,7.03000020980835,5652800
2017-03-30,6.949999809265137,7.050000190734863,6.829999923706055,7.019999980926514,9142300
2017-03-31,7.75,8.079999923706055,7.46999979019165,7.53000020980835,53837400
2017-04-03,7.800000190734863,7.889999866485596,7.519999980926514,7.880000114440918,15658000
2017-04-04,8.069999694824219,8.199999809265137,7.71999979019165,7.75,16773300
2017-04-05,7.920000076293945,8.119999885559082,7.920000076293945,8.100000381469727,11054900
2017-04-06,7.920000076293945,8.0,7.869999885559082,7.940000057220459,6287300
2017-04-07,7.809999942779541,7.96999979019165,7.809999942779541,7.909999847412109,5864300
2017-04-10,7.710000038146973,7.860000133514404,7.710000038146973,7.849999904632568,3799500
2017-04-11,7.699999809265137,7.699999809265137,7.510000228881836,7.679999828338623,6422700
2017-04-12,8.930000305175781,9.1899995803833,8.800000190734863,9.09000015258789,48748900
2017-04-13,8.640000343322754,8.949999809265137,8.600000381469727,8.949999809265137,14637100
2017-04-17,8.770000457763672,8.819999694824219,8.670000076293945,8.699999809265137,6077500
2017-04-18,8.729999542236328,8.770000457763672,8.630000114440918,8.680000305175781,8168800
2017-04-19,8.930000305175781,9.039999961853027,8.710000038146973,8.710000038146973,9211000
2017-04-20,9.100000381469728,9.130000114440918,8.880000114440918,8.949999809265137,12430500
2017-04-21,9.079999923706056,9.149999618530272,9.050000190734863,9.109999656677246,8666800
2017-04-24,9.289999961853027,9.300000190734863,9.140000343322754,9.149999618530272,11216000
2017-04-25,9.1899995803833,9.329999923706056,9.149999618530272,9.239999771118164,13183000
2017-04-26,9.199999809265137,9.239999771118164,9.100000381469728,9.18000030517578,7980900
2017-04-27,9.31999969482422,9.31999969482422,9.170000076293944,9.25,5899100
2017-04-28,9.34000015258789,9.369999885559082,9.149999618530272,9.289999961853027,7272400
2017-05-01,9.31999969482422,9.399999618530272,9.3100004196167,9.34000015258789,4175000
2017-05-02,9.270000457763672,9.350000381469728,9.25,9.3100004196167,3568500
2017-05-03,9.270000457763672,9.350000381469728,9.199999809265137,9.220000267028809,3165300
2017-05-04,9.25,9.3100004196167,9.1899995803833,9.260000228881836,3042400
2017-05-05,9.489999771118164,9.5,9.229999542236328,9.229999542236328,4147500
2017-05-08,9.399999618530272,9.600000381469728,9.399999618530272,9.5,3528700
2017-05-09,9.470000267028809,9.5,9.399999618530272,9.4399995803833,2906400
2017-05-10,9.520000457763672,9.5600004196167,9.4399995803833,9.470000267028809,2503800
2017-05-11,9.380000114440918,9.489999771118164,9.369999885559082,9.449999809265137,2232800
2017-05-12,9.350000381469728,9.380000114440918,9.239999771118164,9.350000381469728,2274600
2017-05-15,9.630000114440918,9.779999732971191,9.449999809265137,9.449999809265137,6920900
2017-05-16,10.18000030517578,10.40999984741211,9.649999618530272,9.670000076293944,19818600
2017-05-17,10.100000381469728,10.25,10.010000228881836,10.039999961853027,13326900
2017-05-18,10.109999656677246,10.279999732971191,9.949999809265137,10.09000015258789,6684300
2017-05-19,10.380000114440918,10.420000076293944,10.09000015258789,10.210000038146973,6777900
2017-05-22,11.31999969482422,11.380000114440918,10.399999618530272,10.43000030517578,22139900
2017-05-23,11.300000190734863,11.390000343322754,11.100000381469728,11.279999732971191,16322500
2017-05-24,11.09000015258789,11.390000343322754,11.010000228881836,11.390000343322754,7240900
2017-05-25,11.220000267028809,11.369999885559082,11.039999961853027,11.15999984741211,8826700
2017-05-26,11.109999656677246,11.550000190734863,11.06999969482422,11.43000030517578,10412200
2017-05-30,10.609999656677246,10.960000038146973,10.520000457763672,10.829999923706056,11583900
2017-05-31,10.56999969482422,10.729999542236328,10.4399995803833,10.649999618530272,6540900
2017-06-01,11.390000343322754,11.739999771118164,10.649999618530272,10.65999984741211,36840600
2017-06-02,11.289999961853027,11.479999542236328,10.899999618530272,11.460000038146973,22925300
2017-06-05,11.149999618530272,11.4399995803833,11.06999969482422,11.359999656677246,10889300
2017-06-06,11.149999618530272,11.289999961853027,10.979999542236328,11.029999732971191,8152100
2017-06-07,11.039999961853027,11.34000015258789,11.0,11.1899995803833,8397900
2017-06-08,11.170000076293944,11.1899995803833,10.970000267028809,11.050000190734863,5748300
2017-06-09,11.029999732971191,11.630000114440918,10.779999732971191,11.270000457763672,16248400
2017-06-12,10.600000381469728,11.09000015258789,10.5600004196167,11.09000015258789,12574800
2017-06-13,10.84000015258789,10.859999656677246,10.59000015258789,10.710000038146973,5072200
2017-06-14,10.56999969482422,10.93000030517578,10.449999809265137,10.93000030517578,5495800
2017-06-15,10.539999961853027,10.539999961853027,10.34000015258789,10.449999809265137,5036900
2017-06-16,10.529999732971191,10.65999984741211,10.4399995803833,10.5,4634000
2017-06-19,10.739999771118164,10.829999923706056,10.59000015258789,10.630000114440918,5546200
2017-06-20,10.729999542236328,10.869999885559082,10.649999618530272,10.760000228881836,4175300
2017-06-21,10.649999618530272,10.789999961853027,10.520000457763672,10.779999732971191,7015400
2017-06-22,11.0600004196167,11.140000343322754,10.460000038146973,10.720000267028809,17370000
2017-06-23,9.710000038146973,10.270000457763672,9.619999885559082,10.210000038146973,39609800
2017-06-26,10.270000457763672,10.31999969482422,9.520000457763672,9.600000381469728,19926200
2017-06-27,9.989999771118164,10.420000076293944,9.970000267028809,10.100000381469728,12184100
2017-06-28,10.229999542236328,10.300000190734863,10.039999961853027,10.079999923706056,7327700
2017-06-29,10.0,10.229999542236328,9.899999618530272,10.220000267028809,7917200
2017-06-30,9.989999771118164,10.079999923706056,9.800000190734863,10.079999923706056,5770300
2017-07-03,9.90999984741211,10.109999656677246,9.899999618530272,9.979999542236328,2265500
2017-07-05,9.899999618530272,9.899999618530272,9.6899995803833,9.899999618530272,6879400
2017-07-06,9.710000038146973,9.880000114440918,9.699999809265137,9.850000381469728,4121100
2017-07-07,9.899999618530272,9.93000030517578,9.729999542236328,9.729999542236328,4338200
2017-07-10,9.859999656677246,9.93000030517578,9.760000228881836,9.899999618530272,3455800
2017-07-11,9.9399995803833,9.949999809265137,9.789999961853027,9.850000381469728,3233300
2017-07-12,9.899999618530272,10.039999961853027,9.890000343322754,10.0,3880000
2017-07-13,9.890000343322754,9.960000038146973,9.81999969482422,9.880000114440918,2697700
2017-07-14,9.970000267028809,10.050000190734863,9.890000343322754,9.890000343322754,3349800
2017-07-17,9.9399995803833,10.0,9.859999656677246,10.0,2671900
2017-07-18,9.880000114440918,9.989999771118164,9.779999732971191,9.949999809265137,3216100
2017-07-19,10.140000343322754,10.239999771118164,9.81999969482422,9.93000030517578,6303300
2017-07-20,10.130000114440918,10.380000114440918,10.09000015258789,10.329999923706056,4864200
2017-07-21,10.039999961853027,10.170000076293944,10.0,10.130000114440918,3360700
2017-07-24,10.09000015258789,10.140000343322754,9.949999809265137,10.020000457763672,3129700
2017-07-25,9.979999542236328,10.06999969482422,9.850000381469728,10.0600004196167,5087000
2017-07-26,9.869999885559082,10.0,9.869999885559082,9.989999771118164,3888700
2017-07-27,9.739999771118164,9.90999984741211,9.56999969482422,9.890000343322754,4754700
2017-07-28,9.720000267028809,9.75,9.630000114440918,9.720000267028809,2903900
2017-07-31,9.380000114440918,9.779999732971191,9.369999885559082,9.6899995803833,5809800
2017-08-01,9.510000228881836,9.550000190734863,9.380000114440918,9.380000114440918,2668500
2017-08-02,9.5,9.600000381469728,9.380000114440918,9.489999771118164,2455300
2017-08-03,9.420000076293944,9.550000190734863,9.40999984741211,9.5,2346300
2017-08-04,9.4399995803833,9.470000267028809,9.31999969482422,9.449999809265137,2860500
2017-08-07,9.100000381469728,9.289999961853027,9.020000457763672,9.210000038146973,5968500
2017-08-08,9.029999732971191,9.170000076293944,8.970000267028809,9.149999618530272,4473800
2017-08-09,8.949999809265137,9.029999732971191,8.859999656677246,8.90999984741211,3349000
2017-08-10,8.729999542236328,8.949999809265137,8.699999809265137,8.859999656677246,4087400
2017-08-11,8.779999732971191,8.880000114440918,8.6899995803833,8.710000038146973,2997100
2017-08-14,8.949999809265137,9.0,8.789999961853027,8.829999923706055,2693400
2017-08-15,8.819999694824219,9.010000228881836,8.800000190734863,8.970000267028809,3952400
2017-08-16,8.829999923706055,8.90999984741211,8.8100004196167,8.899999618530273,3874500
2017-08-17,8.720000267028809,8.899999618530273,8.6899995803833,8.8100004196167,5144000
2017-08-18,8.680000305175781,8.770000457763672,8.630000114440918,8.739999771118164,4295900
2017-08-21,8.579999923706055,8.680000305175781,8.470000267028809,8.619999885559082,5013400
2017-08-22,8.789999961853027,8.890000343322754,8.670000076293945,8.670000076293945,3311800
2017-08-23,8.829999923706055,8.850000381469727,8.729999542236328,8.75,1822400
2017-08-24,8.949999809265137,8.989999771118164,8.8100004196167,8.890000343322754,2581400
2017-08-25,8.989999771118164,9.029999732971191,8.899999618530273,8.960000038146973,3513700
2017-08-28,8.989999771118164,9.020000457763672,8.850000381469727,8.979999542236328,2228100
2017-08-29,9.029999732971191,9.06999969482422,8.850000381469727,8.920000076293945,3492100
2017-08-30,9.06999969482422,9.109999656677246,9.0,9.039999961853027,4106600
2017-08-31,9.270000457763672,9.300000190734863,9.06999969482422,9.09000015258789,3091600
2017-09-01,9.18000030517578,9.329999923706056,9.15999984741211,9.329999923706056,3625600
2017-09-05,9.010000228881836,9.100000381469728,8.890000343322754,9.06999969482422,3549300
2017-09-06,9.0600004196167,9.149999618530272,8.970000267028809,9.010000228881836,2268400
2017-09-07,9.109999656677246,9.149999618530272,9.039999961853027,9.06999969482422,1699600
2017-09-08,9.010000228881836,9.119999885559082,9.0,9.100000381469728,1488800
2017-09-11,9.15999984741211,9.170000076293944,9.050000190734863,9.0600004196167,2221900
2017-09-12,9.279999732971191,9.31999969482422,9.029999732971191,9.100000381469728,2175000
2017-09-13,9.18000030517578,9.34000015258789,9.140000343322754,9.3100004196167,2802900
2017-09-14,9.270000457763672,9.3100004196167,9.09000015258789,9.130000114440918,1920400
2017-09-15,9.270000457763672,9.350000381469728,9.220000267028809,9.279999732971191,2951900
2017-09-18,9.260000228881836,9.350000381469728,9.239999771118164,9.300000190734863,2966000
2017-09-19,9.140000343322754,9.3100004196167,9.109999656677246,9.260000228881836,4285200
2017-09-20,9.850000381469728,9.949999809265137,9.06999969482422,9.149999618530272,22585600
2017-09-21,9.609999656677246,9.859999656677246,9.550000190734863,9.84000015258789,8271000
2017-09-22,9.130000114440918,9.630000114440918,9.119999885559082,9.579999923706056,13302100
2017-09-25,9.140000343322754,9.229999542236328,9.06999969482422,9.140000343322754,5663200
2017-09-26,9.140000343322754,9.25,9.109999656677246,9.18000030517578,3113300
2017-09-27,9.229999542236328,9.3100004196167,9.140000343322754,9.140000343322754,7518400
2017-09-28,10.470000267028809,10.829999923706056,9.779999732971191,9.880000114440918,48211300
2017-09-29,11.18000030517578,11.34000015258789,10.40999984741211,10.4399995803833,37658100
2017-10-02,11.34000015258789,11.520000457763672,11.06999969482422,11.130000114440918,17449700
2017-10-03,11.119999885559082,11.380000114440918,11.039999961853027,11.31999969482422,12461700
2017-10-04,11.079999923706056,11.140000343322754,10.90999984741211,11.0,8385600
2017-10-05,11.020000457763672,11.199999809265137,10.979999542236328,11.020000457763672,4402800
2017-10-06,11.06999969482422,11.109999656677246,10.949999809265137,11.050000190734863,3098400
2017-10-09,11.270000457763672,11.539999961853027,11.0600004196167,11.09000015258789,6470100
2017-10-10,11.34000015258789,11.489999771118164,11.260000228881836,11.31999969482422,6126900
2017-10-11,11.390000343322754,11.449999809265137,11.329999923706056,11.4399995803833,3804700
2017-10-12,11.489999771118164,11.550000190734863,11.34000015258789,11.470000267028809,4778400
2017-10-13,11.56999969482422,11.779999732971191,11.460000038146973,11.489999771118164,8264100
2017-10-16,11.369999885559082,11.770000457763672,11.350000381469728,11.770000457763672,4060300
2017-10-17,11.270000457763672,11.43000030517578,11.140000343322754,11.369999885559082,5185000
2017-10-18,11.25,11.350000381469728,11.239999771118164,11.260000228881836,2538800
2017-10-19,11.229999542236328,11.270000457763672,11.0600004196167,11.1899995803833,3165800
2017-10-20,11.119999885559082,11.25,11.06999969482422,11.18000030517578,4526400
2017-10-23,11.0,11.18000030517578,10.989999771118164,11.119999885559082,3626700
2017-10-24,11.020000457763672,11.100000381469728,10.970000267028809,11.010000228881836,3680500
2017-10-25,10.75,11.100000381469728,10.729999542236328,11.0600004196167,4471000
2017-10-26,10.739999771118164,10.800000190734863,10.670000076293944,10.75,2933300
2017-10-27,10.6899995803833,10.739999771118164,10.640000343322754,10.6899995803833,2554100
2017-10-30,11.09000015258789,11.09000015258789,10.649999618530272,10.670000076293944,4108600
2017-10-31,10.9399995803833,11.130000114440918,10.890000343322754,11.06999969482422,3399200
2017-11-01,10.779999732971191,11.039999961853027,10.770000457763672,10.970000267028809,2337600
2017-11-02,10.710000038146973,10.84000015258789,10.699999809265137,10.779999732971191,2097800
2017-11-03,10.949999809265137,11.119999885559082,10.649999618530272,10.770000457763672,6405200
2017-11-06,10.970000267028809,11.039999961853027,10.859999656677246,11.029999732971191,1884700
2017-11-07,10.829999923706056,10.989999771118164,10.770000457763672,10.920000076293944,2041300
2017-11-08,10.81999969482422,10.899999618530272,10.75,10.850000381469728,1443300
2017-11-09,10.760000228881836,10.84000015258789,10.6899995803833,10.800000190734863,1776700
2017-11-10,10.779999732971191,10.869999885559082,10.65999984741211,10.699999809265137,1804200
2017-11-13,10.6899995803833,10.770000457763672,10.640000343322754,10.720000267028809,2337300
2017-11-14,10.399999618530272,10.68000030517578,10.359999656677246,10.630000114440918,3468900
2017-11-15,10.329999923706056,10.369999885559082,10.0600004196167,10.3100004196167,5503000
2017-11-16,10.380000114440918,10.529999732971191,10.369999885559082,10.380000114440918,2124800
2017-11-17,10.300000190734863,10.40999984741211,10.199999809265137,10.390000343322754,2753200
2017-11-20,10.239999771118164,10.300000190734863,10.229999542236328,10.279999732971191,1704800
2017-11-21,10.539999961853027,10.670000076293944,10.239999771118164,10.239999771118164,4253000
2017-11-22,10.729999542236328,10.779999732971191,10.579999923706056,10.600000381469728,2865100
2017-11-24,10.789999961853027,10.800000190734863,10.699999809265137,10.699999809265137,1054900
2017-11-27,10.880000114440918,10.93000030517578,10.710000038146973,10.729999542236328,2203100
2017-11-28,10.93000030517578,11.039999961853027,10.869999885559082,10.869999885559082,2993600
2017-11-29,10.649999618530272,10.9399995803833,10.550000190734863,10.920000076293944,3238400
2017-11-30,10.770000457763672,10.81999969482422,10.630000114440918,10.6899995803833,2199100
2017-12-01,10.789999961853027,10.850000381469728,10.600000381469728,10.850000381469728,2876100
2017-12-04,10.4399995803833,10.899999618530272,10.4399995803833,10.81999969482422,3351500
2017-12-05,10.34000015258789,10.609999656677246,10.34000015258789,10.470000267028809,2838700
2017-12-06,10.210000038146973,10.329999923706056,10.130000114440918,10.329999923706056,3528700
2017-12-07,10.289999961853027,10.359999656677246,10.229999542236328,10.34000015258789,2352700
2017-12-08,10.25,10.369999885559082,10.220000267028809,10.329999923706056,2884500
2017-12-11,10.5600004196167,10.579999923706056,10.279999732971191,10.329999923706056,3513400
2017-12-12,10.65999984741211,10.68000030517578,10.460000038146973,10.59000015258789,3868100
2017-12-13,10.649999618530272,10.789999961853027,10.649999618530272,10.6899995803833,2967400
2017-12-14,10.670000076293944,10.829999923706056,10.619999885559082,10.699999809265137,2959500
2017-12-15,10.84000015258789,10.93000030517578,10.699999809265137,10.739999771118164,5425400
2017-12-18,10.9399995803833,11.199999809265137,10.84000015258789,10.920000076293944,6173700
2017-12-19,10.869999885559082,11.06999969482422,10.8100004196167,10.979999542236328,10480100
2017-12-20,12.170000076293944,12.359999656677246,11.579999923706056,11.619999885559082,29639600
2017-12-21,11.800000190734863,12.300000190734863,11.789999961853027,12.229999542236328,13246400
2017-12-22,11.600000381469728,11.8100004196167,11.5600004196167,11.729999542236328,4822600
2017-12-26,11.279999732971191,11.630000114440918,11.270000457763672,11.479999542236328,4165900
2017-12-27,11.220000267028809,11.399999618530272,11.199999809265137,11.3100004196167,3787300
2017-12-28,11.350000381469728,11.390000343322754,11.25,11.34000015258789,2608800
2017-12-29,11.170000076293944,11.43000030517578,11.15999984741211,11.40999984741211,2667300
2018-01-02,12.020000457763672,12.020000457763672,11.25,11.25,10455500
2018-01-03,13.529999732971191,13.5600004196167,12.510000228881836,12.760000228881836,23127400
2018-01-04,13.369999885559082,13.970000267028809,13.130000114440918,13.800000190734863,13856300
2018-01-05,13.829999923706056,14.100000381469728,13.449999809265137,13.600000381469728,15985800
2018-01-08,14.119999885559082,14.130000114440918,13.579999923706056,14.0,10456700
2018-01-09,14.399999618530272,14.550000190734863,14.130000114440918,14.220000267028809,10719800
2018-01-10,13.670000076293944,14.3100004196167,13.619999885559082,14.3100004196167,12157100
2018-01-11,13.449999809265137,13.699999809265137,13.329999923706056,13.699999809265137,11397800
2018-01-12,13.649999618530272,13.729999542236328,13.449999809265137,13.470000267028809,6310900
2018-01-16,13.8100004196167,14.550000190734863,13.550000190734863,14.369999885559082,16808400
2018-01-17,13.670000076293944,13.979999542236328,13.56999969482422,13.90999984741211,6052400
2018-01-18,13.25,13.609999656677246,13.25,13.59000015258789,7371700
2018-01-19,13.3100004196167,13.399999618530272,13.149999618530272,13.350000381469728,5073900
2018-01-22,13.279999732971191,13.369999885559082,13.140000343322754,13.260000228881836,4450100
2018-01-23,13.529999732971191,13.550000190734863,13.199999809265137,13.210000038146973,5436900
2018-01-24,13.25,13.640000343322754,13.130000114440918,13.600000381469728,4412100
2018-01-25,13.050000190734863,13.380000114440918,13.010000228881836,13.300000190734863,4384000
2018-01-26,13.43000030517578,13.529999732971191,13.050000190734863,13.100000381469728,4544500
2018-01-29,13.0,13.43000030517578,12.970000267028809,13.43000030517578,6722000
2018-01-30,12.579999923706056,12.9399995803833,12.5600004196167,12.850000381469728,9359200
2018-01-31,12.65999984741211,12.869999885559082,12.520000457763672,12.65999984741211,4796300
2018-02-01,12.899999618530272,12.979999542236328,12.619999885559082,12.619999885559082,6212700
2018-02-02,12.40999984741211,12.989999771118164,12.31999969482422,12.720000267028809,8448900
2018-02-05,11.859999656677246,12.40999984741211,11.81999969482422,12.199999809265137,7869800
2018-02-06,12.0,12.0600004196167,11.279999732971191,11.539999961853027,7600400
2018-02-07,11.75,12.039999961853027,11.65999984741211,11.90999984741211,4394000
2018-02-08,11.40999984741211,11.960000038146973,11.399999618530272,11.779999732971191,4987500
2018-02-09,11.609999656677246,11.739999771118164,11.109999656677246,11.510000228881836,6270700
2018-02-12,11.729999542236328,11.93000030517578,11.6899995803833,11.739999771118164,3913000
2018-02-13,11.770000457763672,11.8100004196167,11.619999885559082,11.670000076293944,2227900
2018-02-14,12.100000381469728,12.170000076293944,11.56999969482422,11.630000114440918,5068500
2018-02-15,12.119999885559082,12.329999923706056,11.890000343322754,12.18000030517578,3709800
2018-02-16,12.0600004196167,12.130000114440918,11.90999984741211,12.029999732971191,3374300
2018-02-20,12.109999656677246,12.210000038146973,11.90999984741211,11.960000038146973,2512300
2018-02-21,12.199999809265137,12.420000076293944,12.119999885559082,12.15999984741211,3699500
2018-02-22,11.90999984741211,12.279999732971191,11.869999885559082,12.220000267028809,3347700
2018-02-23,12.550000190734863,12.640000343322754,11.960000038146973,12.0,12075100
2018-02-26,12.579999923706056,12.670000076293944,12.380000114440918,12.619999885559082,4227100
2018-02-27,12.350000381469728,12.640000343322754,12.3100004196167,12.5600004196167,3582100
2018-02-28,12.140000343322754,12.449999809265137,12.130000114440918,12.4399995803833,3067700
2018-03-01,12.109999656677246,12.289999961853027,11.93000030517578,12.149999618530272,3975900
2018-03-02,12.359999656677246,12.390000343322754,11.760000228881836,11.920000076293944,3909600
2018-03-05,12.390000343322754,12.449999809265137,12.199999809265137,12.239999771118164,3350700
2018-03-06,12.4399995803833,12.5600004196167,12.329999923706056,12.520000457763672,3549800
2018-03-07,12.5,12.5,12.25,12.300000190734863,2918400
2018-03-08,12.890000343322754,13.1899995803833,12.470000267028809,12.529999732971191,9666000
2018-03-09,12.869999885559082,13.029999732971191,12.710000038146973,13.010000228881836,4633300
2018-03-12,12.81999969482422,13.039999961853027,12.789999961853027,12.93000030517578,3219900
2018-03-13,12.609999656677246,12.93000030517578,12.59000015258789,12.899999618530272,3248500
2018-03-14,12.800000190734863,12.859999656677246,12.649999618530272,12.720000267028809,3193400
2018-03-15,13.25,13.270000457763672,12.850000381469728,12.850000381469728,5907200
2018-03-16,12.949999809265137,13.300000190734863,12.920000076293944,13.260000228881836,4856700
2018-03-19,12.720000267028809,12.920000076293944,12.510000228881836,12.90999984741211,5099000
2018-03-20,13.079999923706056,13.380000114440918,12.989999771118164,13.300000190734863,8732000
2018-03-21,13.15999984741211,13.279999732971191,13.029999732971191,13.149999618530272,4859800
2018-03-22,12.81999969482422,13.199999809265137,12.789999961853027,13.0600004196167,7395200
2018-03-23,12.4399995803833,12.920000076293944,12.4399995803833,12.880000114440918,5244900
2018-03-26,13.09000015258789,13.09000015258789,12.5600004196167,12.65999984741211,5479300
2018-03-27,12.399999618530272,13.18000030517578,12.369999885559082,13.18000030517578,8945500
2018-03-28,12.199999809265137,12.989999771118164,12.119999885559082,12.960000038146973,13223000
2018-03-29,11.5,12.229999542236328,11.479999542236328,12.100000381469728,12367500
2018-04-02,10.720000267028809,11.420000076293944,10.670000076293944,11.359999656677246,12376200
2018-04-03,10.4399995803833,10.859999656677246,10.3100004196167,10.779999732971191,8092700
2018-04-04,10.529999732971191,10.5600004196167,10.0600004196167,10.199999809265137,7275300
2018-04-05,10.470000267028809,10.75,10.260000228881836,10.56999969482422,5768500
2018-04-06,10.1899995803833,10.489999771118164,10.050000190734863,10.3100004196167,5470600
2018-04-09,10.18000030517578,10.399999618530272,10.18000030517578,10.270000457763672,3948100
2018-04-10,10.630000114440918,10.68000030517578,10.270000457763672,10.369999885559082,7305100
2018-04-11,10.350000381469728,10.59000015258789,10.329999923706056,10.59000015258789,3647900
2018-04-12,10.539999961853027,10.619999885559082,10.359999656677246,10.399999618530272,3478400
2018-04-13,10.5,10.670000076293944,10.43000030517578,10.630000114440918,3735500
2018-04-16,10.510000228881836,10.579999923706056,10.40999984741211,10.5600004196167,2451300
2018-04-17,10.770000457763672,10.800000190734863,10.520000457763672,10.529999732971191,3519700
2018-04-18,10.789999961853027,10.84000015258789,10.630000114440918,10.8100004196167,2681600
2018-04-19,10.600000381469728,10.8100004196167,10.529999732971191,10.779999732971191,2656100
2018-04-20,10.630000114440918,10.710000038146973,10.539999961853027,10.5600004196167,2857000
2018-04-23,10.640000343322754,10.770000457763672,10.550000190734863,10.640000343322754,3068400
2018-04-24,10.399999618530272,10.779999732971191,10.279999732971191,10.649999618530272,4408200
2018-04-25,10.369999885559082,10.43000030517578,10.199999809265137,10.380000114440918,3441100
2018-04-26,10.550000190734863,10.550000190734863,10.380000114440918,10.399999618530272,2334000
2018-04-27,10.449999809265137,10.6899995803833,10.4399995803833,10.609999656677246,2149800
2018-04-30,10.470000267028809,10.59000015258789,10.43000030517578,10.460000038146973,2655800
2018-05-01,10.529999732971191,10.539999961853027,10.31999969482422,10.470000267028809,2112300
2018-05-02,10.850000381469728,11.010000228881836,10.489999771118164,10.510000228881836,6254600
2018-05-03,10.710000038146973,10.850000381469728,10.640000343322754,10.8100004196167,3371700
2018-05-04,10.84000015258789,10.890000343322754,10.609999656677246,10.640000343322754,2476200
2018-05-07,10.989999771118164,11.079999923706056,10.859999656677246,10.869999885559082,2627400
2018-05-08,11.119999885559082,11.149999618530272,10.859999656677246,11.0,2821300
2018-05-09,11.579999923706056,11.579999923706056,11.119999885559082,11.199999809265137,4903500
2018-05-10,11.880000114440918,11.880000114440918,11.539999961853027,11.670000076293944,4274700
2018-05-11,11.600000381469728,11.880000114440918,11.529999732971191,11.850000381469728,3899600
2018-05-14,11.619999885559082,11.789999961853027,11.600000381469728,11.640000343322754,3202900
2018-05-15,11.699999809265137,11.710000038146973,11.390000343322754,11.510000228881836,3133000
2018-05-16,11.609999656677246,11.760000228881836,11.600000381469728,11.739999771118164,1860500
2018-05-17,11.579999923706056,11.6899995803833,11.489999771118164,11.600000381469728,1870500
2018-05-18,11.539999961853027,11.600000381469728,11.510000228881836,11.520000457763672,1785900
2018-05-21,11.520000457763672,11.670000076293944,11.479999542236328,11.609999656677246,1225300
2018-05-22,11.59000015258789,11.649999618530272,11.5600004196167,11.600000381469728,1655800
2018-05-23,11.600000381469728,11.609999656677246,11.390000343322754,11.43000030517578,2268700
2018-05-24,11.56999969482422,11.600000381469728,11.449999809265137,11.529999732971191,1543700
2018-05-25,11.75,11.75,11.470000267028809,11.520000457763672,2418500
2018-05-29,11.729999542236328,11.899999618530272,11.609999656677246,11.65999984741211,3180100
2018-05-30,11.899999618530272,11.920000076293944,11.6899995803833,11.720000267028809,3009200
2018-05-31,11.829999923706056,12.029999732971191,11.829999923706056,11.880000114440918,3998800
2018-06-01,11.640000343322754,11.9399995803833,11.59000015258789,11.9399995803833,4041400
2018-06-04,11.90999984741211,11.920000076293944,11.649999618530272,11.65999984741211,3897000
2018-06-05,12.15999984741211,12.220000267028809,11.869999885559082,11.890000343322754,4193500
2018-06-06,12.539999961853027,12.539999961853027,12.210000038146973,12.270000457763672,4545200
2018-06-07,12.25,12.550000190734863,12.15999984741211,12.539999961853027,3593200
2018-06-08,12.100000381469728,12.199999809265137,12.039999961853027,12.199999809265137,2609000
2018-06-11,12.06999969482422,12.170000076293944,12.039999961853027,12.050000190734863,2690300
2018-06-12,12.329999923706056,12.470000267028809,12.039999961853027,12.100000381469728,4246900
2018-06-13,12.329999923706056,12.449999809265137,12.260000228881836,12.399999618530272,2223200
2018-06-14,12.220000267028809,12.390000343322754,12.1899995803833,12.369999885559082,1725600
2018-06-15,12.3100004196167,12.329999923706056,12.020000457763672,12.170000076293944,3681300
2018-06-18,12.199999809265137,12.279999732971191,12.06999969482422,12.1899995803833,2169800
2018-06-19,11.890000343322754,12.09000015258789,11.68000030517578,12.020000457763672,3278000
2018-06-20,11.899999618530272,12.06999969482422,11.800000190734863,11.880000114440918,3417300
2018-06-21,11.699999809265137,11.899999618530272,11.640000343322754,11.859999656677246,4294600
2018-06-22,10.68000030517578,12.100000381469728,10.489999771118164,12.020000457763672,17887000
2018-06-25,10.010000228881836,10.600000381469728,9.970000267028809,10.550000190734863,11728000
2018-06-26,10.119999885559082,10.18000030517578,9.720000267028809,10.079999923706056,10170500
2018-06-27,9.699999809265137,10.289999961853027,9.699999809265137,10.1899995803833,7780900
2018-06-28,9.760000228881836,9.829999923706056,9.520000457763672,9.760000228881836,6499700
2018-06-29,9.649999618530272,9.850000381469728,9.619999885559082,9.850000381469728,5423800
2018-07-02,9.960000038146973,10.039999961853027,9.510000228881836,9.579999923706056,4318500
2018-07-03,10.0,10.079999923706056,9.899999618530272,9.970000267028809,3160700
2018-07-05,9.800000190734863,10.09000015258789,9.779999732971191,10.09000015258789,5091100
2018-07-06,9.920000076293944,9.960000038146973,9.800000190734863,9.81999969482422,2726900
2018-07-09,10.039999961853027,10.06999969482422,9.859999656677246,9.970000267028809,3092800
2018-07-10,10.079999923706056,10.15999984741211,9.949999809265137,10.020000457763672,2630900
2018-07-11,9.880000114440918,10.020000457763672,9.859999656677246,9.960000038146973,2552100
2018-07-12,10.09000015258789,10.130000114440918,9.90999984741211,9.90999984741211,2979800
2018-07-13,10.199999809265137,10.220000267028809,10.079999923706056,10.100000381469728,2668700
2018-07-16,10.100000381469728,10.229999542236328,10.09000015258789,10.199999809265137,1791800
2018-07-17,10.109999656677246,10.149999618530272,9.90999984741211,10.010000228881836,2891300
2018-07-18,10.010000228881836,10.149999618530272,10.0,10.149999618530272,2194800
2018-07-19,10.329999923706056,10.470000267028809,9.880000114440918,9.93000030517578,14437000
2018-07-20,10.279999732971191,10.630000114440918,10.270000457763672,10.630000114440918,7450300
2018-07-23,10.390000343322754,10.4399995803833,10.050000190734863,10.380000114440918,5465100
2018-07-24,10.229999542236328,10.5,10.199999809265137,10.43000030517578,3729400
2018-07-25,10.31999969482422,10.350000381469728,10.0600004196167,10.300000190734863,3366200
2018-07-26,10.260000228881836,10.350000381469728,10.140000343322754,10.260000228881836,3542100
2018-07-27,9.989999771118164,10.300000190734863,9.960000038146973,10.300000190734863,4301300
2018-07-30,9.699999809265137,10.050000190734863,9.600000381469728,10.029999732971191,6168100
2018-07-31,9.8100004196167,9.890000343322754,9.460000038146973,9.720000267028809,5038000
2018-08-01,9.739999771118164,9.880000114440918,9.670000076293944,9.800000190734863,2643000
2018-08-02,10.010000228881836,10.039999961853027,9.640000343322754,9.649999618530272,3809000
2018-08-03,10.06999969482422,10.079999923706056,9.829999923706056,10.029999732971191,3763700
2018-08-06,10.1899995803833,10.220000267028809,10.050000190734863,10.100000381469728,2417900
2018-08-07,9.850000381469728,10.289999961853027,9.779999732971191,10.18000030517578,6670200
2018-08-08,10.31999969482422,10.350000381469728,9.859999656677246,9.869999885559082,5291100
2018-08-09,10.460000038146973,10.520000457763672,10.300000190734863,10.329999923706056,3898900
2018-08-10,10.300000190734863,10.380000114440918,10.199999809265137,10.359999656677246,3725400
2018-08-13,10.289999961853027,10.470000267028809,10.260000228881836,10.31999969482422,2974000
2018-08-14,10.220000267028809,10.399999618530272,10.15999984741211,10.390000343322754,1879600
2018-08-15,9.949999809265137,10.1899995803833,9.899999618530272,10.100000381469728,3612900
2018-08-16,10.079999923706056,10.15999984741211,9.979999542236328,10.0,2018500
2018-08-17,10.06999969482422,10.119999885559082,9.880000114440918,10.119999885559082,2554800
2018-08-20,10.140000343322754,10.170000076293944,10.039999961853027,10.06999969482422,2599800
2018-08-21,10.119999885559082,10.289999961853027,10.06999969482422,10.149999618530272,2317300
2018-08-22,10.170000076293944,10.25,10.0600004196167,10.09000015258789,2676700
2018-08-23,10.260000228881836,10.4399995803833,10.100000381469728,10.130000114440918,4653600
2018-08-24,10.600000381469728,10.649999618530272,10.300000190734863,10.390000343322754,5285000
2018-08-27,10.779999732971191,10.8100004196167,10.600000381469728,10.75,6418500
2018-08-28,10.9399995803833,11.0,10.75,10.859999656677246,4236500
2018-08-29,10.81999969482422,11.039999961853027,10.729999542236328,10.970000267028809,4151000
2018-08-30,10.600000381469728,10.779999732971191,10.5600004196167,10.75,2673700
2018-08-31,10.670000076293944,10.699999809265137,10.520000457763672,10.539999961853027,2870300
2018-09-04,10.640000343322754,10.649999618530272,10.43000030517578,10.550000190734863,2750300
2018-09-05,9.970000267028809,10.630000114440918,9.960000038146973,10.609999656677246,5702300
2018-09-06,9.850000381469728,10.100000381469728,9.779999732971191,10.0,4271700
2018-09-07,10.020000457763672,10.100000381469728,9.670000076293944,9.8100004196167,2966400
2018-09-10,9.970000267028809,10.119999885559082,9.90999984741211,10.100000381469728,3339600
2018-09-11,10.300000190734863,10.300000190734863,9.899999618530272,9.90999984741211,2679000
2018-09-12,10.279999732971191,10.359999656677246,10.119999885559082,10.300000190734863,2543800
2018-09-13,10.260000228881836,10.449999809265137,10.229999542236328,10.34000015258789,2316800
2018-09-14,10.300000190734863,10.390000343322754,10.210000038146973,10.279999732971191,2520100
2018-09-17,10.109999656677246,10.350000381469728,10.079999923706056,10.15999984741211,2787600
2018-09-18,10.260000228881836,10.3100004196167,10.119999885559082,10.130000114440918,2324900
2018-09-19,10.210000038146973,10.289999961853027,10.130000114440918,10.239999771118164,2068300
2018-09-20,10.34000015258789,10.380000114440918,10.170000076293944,10.229999542236328,4302300
2018-09-21,10.40999984741211,10.4399995803833,10.289999961853027,10.34000015258789,3544500
2018-09-24,10.420000076293944,10.5,10.270000457763672,10.399999618530272,2893700
2018-09-25,10.399999618530272,10.609999656677246,10.399999618530272,10.40999984741211,2547500
2018-09-26,10.31999969482422,10.4399995803833,10.25,10.350000381469728,2410300
2018-09-27,10.1899995803833,10.350000381469728,10.140000343322754,10.350000381469728,4319200
2018-09-28,11.380000114440918,12.0,10.43000030517578,10.43000030517578,31223700
2018-10-01,10.829999923706056,11.75,10.8100004196167,11.470000267028809,10993300
2018-10-02,10.359999656677246,10.9399995803833,10.350000381469728,10.81999969482422,7071800
2018-10-03,10.5600004196167,10.630000114440918,10.170000076293944,10.380000114440918,5580800
2018-10-04,10.260000228881836,10.510000228881836,10.220000267028809,10.5,4392000
2018-10-05,10.020000457763672,10.329999923706056,9.880000114440918,10.210000038146973,6416200
2018-10-08,9.9399995803833,10.149999618530272,9.84000015258789,9.93000030517578,4739600
2018-10-09,9.760000228881836,10.010000228881836,9.699999809265137,9.890000343322754,4765000
2018-10-10,9.25,9.699999809265137,9.25,9.6899995803833,7860400
2018-10-11,9.510000228881836,9.800000190734863,9.140000343322754,9.18000030517578,9698800
2018-10-12,9.600000381469728,9.81999969482422,9.449999809265137,9.789999961853027,4313500
2018-10-15,9.470000267028809,9.56999969482422,9.350000381469728,9.5600004196167,3682500
2018-10-16,9.770000457763672,9.789999961853027,9.539999961853027,9.56999969482422,3277000
2018-10-17,9.739999771118164,9.789999961853027,9.5600004196167,9.720000267028809,2505100
2018-10-18,9.609999656677246,9.890000343322754,9.56999969482422,9.640000343322754,2973100
2018-10-19,9.31999969482422,9.729999542236328,9.31999969482422,9.670000076293944,3572700
2018-10-22,9.470000267028809,9.59000015258789,9.31999969482422,9.369999885559082,3084600
2018-10-23,9.359999656677246,9.449999809265137,9.09000015258789,9.279999732971191,4176300
2018-10-24,8.829999923706055,9.399999618530272,8.829999923706055,9.34000015258789,4845200
2018-10-25,9.140000343322754,9.210000038146973,8.920000076293945,8.9399995803833,3547800
2018-10-26,8.960000038146973,9.1899995803833,8.710000038146973,8.920000076293945,5331700
2018-10-29,8.8100004196167,9.270000457763672,8.630000114440918,9.119999885559082,4181000
2018-10-30,9.020000457763672,9.0600004196167,8.75,8.8100004196167,3690000
2018-10-31,9.25,9.300000190734863,9.109999656677246,9.18000030517578,2896000
2018-11-01,9.529999732971191,9.539999961853027,9.1899995803833,9.260000228881836,3060600
2018-11-02,9.369999885559082,9.539999961853027,9.210000038146973,9.529999732971191,2744200
2018-11-05,9.34000015258789,9.369999885559082,9.18000030517578,9.329999923706056,2155200
2018-11-06,9.4399995803833,9.470000267028809,9.300000190734863,9.34000015258789,2518100
2018-11-07,9.630000114440918,9.75,9.510000228881836,9.5600004196167,4724000
2018-11-08,9.56999969482422,9.710000038146973,9.539999961853027,9.609999656677246,3531600
2018-11-09,9.300000190734863,9.520000457763672,9.15999984741211,9.520000457763672,3907600
2018-11-12,8.960000038146973,9.289999961853027,8.90999984741211,9.239999771118164,3146800
2018-11-13,8.960000038146973,9.119999885559082,8.899999618530273,9.0,3261300
2018-11-14,8.84000015258789,9.149999618530272,8.8100004196167,9.0600004196167,4715100
2018-11-15,8.859999656677246,8.920000076293945,8.760000228881836,8.800000190734863,5211700
2018-11-16,8.970000267028809,9.119999885559082,8.84000015258789,8.880000114440918,8728100
2018-11-19,8.59000015258789,9.149999618530272,8.569999694824219,9.09000015258789,8346700
2018-11-20,8.65999984741211,8.859999656677246,8.229999542236328,8.460000038146973,6947800
2018-11-21,8.779999732971191,8.920000076293945,8.729999542236328,8.779999732971191,3099100
2018-11-23,8.670000076293945,8.829999923706055,8.65999984741211,8.699999809265137,1305200
2018-11-26,8.9399995803833,8.989999771118164,8.739999771118164,8.800000190734863,2096600
2018-11-27,8.859999656677246,8.979999542236328,8.800000190734863,8.84000015258789,1814500
2018-11-28,8.90999984741211,8.970000267028809,8.65999984741211,8.9399995803833,3453800
2018-11-29,8.800000190734863,8.989999771118164,8.729999542236328,8.899999618530273,2281100
2018-11-30,8.789999961853027,8.869999885559082,8.720000267028809,8.800000190734863,4204100
2018-12-03,8.84000015258789,9.0,8.729999542236328,8.970000267028809,2721600
2018-12-04,8.40999984741211,8.859999656677246,8.369999885559082,8.75,4337100
2018-12-06,8.260000228881836,8.359999656677246,8.0600004196167,8.25,5178400
2018-12-07,8.0,8.380000114440918,7.960000038146973,8.270000457763672,3260500
2018-12-10,7.900000095367432,8.119999885559082,7.849999904632568,7.949999809265137,4613300
2018-12-11,7.860000133514404,8.09000015258789,7.860000133514404,8.0,4858700
2018-12-12,7.96999979019165,8.149999618530273,7.949999809265137,7.949999809265137,3725700
2018-12-13,7.710000038146973,8.100000381469727,7.690000057220459,8.0,4038200
2018-12-14,7.599999904632568,7.809999942779541,7.550000190734863,7.599999904632568,4439400
2018-12-17,7.440000057220459,7.650000095367432,7.440000057220459,7.559999942779541,5395500
2018-12-18,7.46999979019165,7.659999847412109,7.460000038146973,7.5,6252800
2018-12-19,7.349999904632568,7.690000057220459,7.340000152587891,7.5,5791500
2018-12-20,7.550000190734863,8.039999961853027,7.349999904632568,7.489999771118164,10640500
2018-12-21,6.909999847412109,7.659999847412109,6.849999904632568,7.599999904632568,16983400
2018-12-24,6.769999980926514,6.940000057220459,6.570000171661377,6.699999809265137,5563700
2018-12-26,7.0,7.0,6.619999885559082,6.789999961853027,6003800
2018-12-27,7.050000190734863,7.119999885559082,6.809999942779541,6.849999904632568,6551100
2018-12-28,7.159999847412109,7.269999980926514,6.96999979019165,7.059999942779541,4154200
2018-12-31,7.110000133514404,7.289999961853027,7.019999980926514,7.210000038146973,4011300
2019-01-02,7.110000133514404,7.199999809265137,6.929999828338623,7.0,3378700
2019-01-03,6.880000114440918,7.059999942779541,6.869999885559082,7.019999980926514,3692500
2019-01-04,7.230000019073486,7.25,6.980000019073486,7.090000152587891,3823500
2019-01-07,7.429999828338623,7.460000038146973,7.21999979019165,7.320000171661377,4308700
2019-01-08,7.409999847412109,7.599999904632568,7.349999904632568,7.53000020980835,3960900
2019-01-09,7.46999979019165,7.510000228881836,7.380000114440918,7.440000057220459,3316800
2019-01-10,7.519999980926514,7.539999961853027,7.329999923706055,7.400000095367432,2404600
2019-01-11,7.570000171661377,7.650000095367432,7.480000019073486,7.489999771118164,2314300
2019-01-14,7.489999771118164,7.570000171661377,7.440000057220459,7.519999980926514,2442100
2019-01-15,7.53000020980835,7.559999942779541,7.449999809265137,7.5,1779500
2019-01-16,7.659999847412109,7.710000038146973,7.519999980926514,7.539999961853027,3010200
2019-01-17,7.690000057220459,7.699999809265137,7.570000171661377,7.650000095367432,2543400
2019-01-18,7.860000133514404,7.909999847412109,7.739999771118164,7.75,3814800
2019-01-22,7.599999904632568,7.880000114440918,7.570000171661377,7.789999961853027,3171400
2019-01-23,7.71999979019165,7.789999961853027,7.619999885559082,7.630000114440918,2077100
2019-01-24,7.769999980926514,7.849999904632568,7.730000019073486,7.75,1932900
2019-01-25,8.100000381469727,8.100000381469727,7.820000171661377,7.869999885559082,2664400
2019-01-28,8.010000228881836,8.09000015258789,7.960000038146973,8.050000190734863,2327000
2019-01-29,7.960000038146973,8.100000381469727,7.909999847412109,8.050000190734863,2277900
2019-01-30,8.130000114440918,8.130000114440918,7.920000076293945,8.039999961853027,2217700
2019-01-31,8.069999694824219,8.180000305175781,8.020000457763672,8.109999656677246,2446500
2019-02-01,8.109999656677246,8.149999618530273,8.020000457763672,8.100000381469727,2055800
2019-02-04,8.220000267028809,8.25,8.100000381469727,8.119999885559082,1961400
2019-02-05,8.34000015258789,8.380000114440918,8.25,8.25,1934600
2019-02-06,8.3100004196167,8.369999885559082,8.260000228881836,8.3100004196167,2436100
2019-02-07,8.100000381469727,8.25,8.069999694824219,8.229999542236328,2714400
2019-02-08,8.109999656677246,8.1899995803833,8.029999732971191,8.050000190734863,2044900
2019-02-11,8.260000228881836,8.270000457763672,8.09000015258789,8.130000114440918,2947400
2019-02-12,8.420000076293945,8.489999771118164,8.3100004196167,8.3100004196167,2835300
2019-02-13,8.489999771118164,8.529999732971191,8.4399995803833,8.460000038146973,2690400
2019-02-14,8.489999771118164,8.529999732971191,8.369999885559082,8.4399995803833,1903600
2019-02-15,8.699999809265137,8.720000267028809,8.520000457763672,8.579999923706055,2451900
2019-02-19,8.739999771118164,8.770000457763672,8.6899995803833,8.739999771118164,2378000
2019-02-20,8.520000457763672,8.779999732971191,8.460000038146973,8.75,3483900
2019-02-21,8.369999885559082,8.539999961853027,8.359999656677246,8.5,3484700
2019-02-22,8.630000114440918,8.6899995803833,8.420000076293945,8.420000076293945,2820800
2019-02-25,8.75,8.8100004196167,8.670000076293945,8.680000305175781,2980900
2019-02-26,8.670000076293945,8.729999542236328,8.59000015258789,8.699999809265137,2336700
2019-02-27,8.680000305175781,8.720000267028809,8.5600004196167,8.670000076293945,1872900
2019-02-28,8.699999809265137,8.710000038146973,8.59000015258789,8.670000076293945,2429000
2019-03-01,8.789999961853027,8.829999923706055,8.680000305175781,8.710000038146973,3245300
2019-03-04,8.739999771118164,8.90999984741211,8.569999694824219,8.800000190734863,2786900
2019-03-05,8.710000038146973,8.789999961853027,8.680000305175781,8.729999542236328,1519900
2019-03-06,9.079999923706056,9.149999618530272,8.619999885559082,8.720000267028809,10410200
2019-03-07,9.020000457763672,9.130000114440918,8.75,9.130000114440918,8034200
2019-03-08,9.18000030517578,9.229999542236328,8.850000381469727,8.90999984741211,6375200
2019-03-11,9.260000228881836,9.350000381469728,9.149999618530272,9.199999809265137,3562300
2019-03-12,9.43000030517578,9.550000190734863,9.279999732971191,9.300000190734863,4094300
2019-03-13,9.4399995803833,9.600000381469728,9.43000030517578,9.5,4027600
2019-03-14,9.359999656677246,9.449999809265137,9.289999961853027,9.43000030517578,3283900
2019-03-15,9.420000076293944,9.5,9.279999732971191,9.369999885559082,4877000
2019-03-18,9.399999618530272,9.5,9.289999961853027,9.420000076293944,2421100
2019-03-19,9.359999656677246,9.520000457763672,9.329999923706056,9.470000267028809,2423800
2019-03-20,9.369999885559082,9.470000267028809,9.260000228881836,9.329999923706056,1987800
2019-03-21,9.359999656677246,9.449999809265137,9.3100004196167,9.369999885559082,3960800
2019-03-22,9.020000457763672,9.350000381469728,9.020000457763672,9.31999969482422,3845100
2019-03-25,8.829999923706055,9.010000228881836,8.75,9.0,6151400
2019-03-26,8.819999694824219,8.949999809265137,8.739999771118164,8.880000114440918,4841600
2019-03-27,8.760000228881836,8.880000114440918,8.619999885559082,8.789999961853027,3727500
2019-03-28,8.880000114440918,8.890000343322754,8.65999984741211,8.779999732971191,5875800
2019-03-29,10.09000015258789,10.289999961853027,9.789999961853027,9.869999885559082,33931100
2019-04-01,9.619999885559082,10.229999542236328,9.56999969482422,10.220000267028809,14614800
2019-04-02,9.600000381469728,9.75,9.510000228881836,9.579999923706056,5575300
2019-04-03,9.579999923706056,9.710000038146973,9.550000190734863,9.630000114440918,5198800
2019-04-04,9.3100004196167,9.619999885559082,9.300000190734863,9.56999969482422,5779000
2019-04-05,9.31999969482422,9.420000076293944,9.199999809265137,9.31999969482422,4202900
2019-04-08,9.359999656677246,9.380000114440918,9.109999656677246,9.31999969482422,3406300
2019-04-09,9.3100004196167,9.43000030517578,9.279999732971191,9.329999923706056,2557700
2019-04-10,9.300000190734863,9.380000114440918,9.279999732971191,9.3100004196167,2439400
2019-04-11,9.369999885559082,9.420000076293944,9.300000190734863,9.31999969482422,4456900
2019-04-12,9.270000457763672,9.470000267028809,9.25,9.449999809265137,2994200
2019-04-15,9.199999809265137,9.31999969482422,9.140000343322754,9.300000190734863,2306600
2019-04-16,9.300000190734863,9.40999984741211,9.220000267028809,9.25,3414500
2019-04-17,9.210000038146973,9.380000114440918,9.18000030517578,9.380000114440918,2419000
2019-04-18,9.210000038146973,9.220000267028809,9.050000190734863,9.1899995803833,2759300
2019-04-22,9.260000228881836,9.270000457763672,9.109999656677246,9.170000076293944,2099700
2019-04-23,9.199999809265137,9.289999961853027,9.130000114440918,9.270000457763672,3462400
2019-04-24,8.90999984741211,9.1899995803833,8.899999618530273,9.1899995803833,3822400
2019-04-25,9.050000190734863,9.119999885559082,8.760000228881836,8.920000076293945,5802000
2019-04-26,9.1899995803833,9.210000038146973,9.050000190734863,9.100000381469728,4168100
2019-04-29,9.289999961853027,9.420000076293944,9.1899995803833,9.220000267028809,3155100
2019-04-30,9.18000030517578,9.399999618530272,9.130000114440918,9.300000190734863,3220900
2019-05-01,9.06999969482422,9.270000457763672,9.0600004196167,9.239999771118164,2674600
2019-05-02,9.220000267028809,9.31999969482422,9.09000015258789,9.119999885559082,3488500
2019-05-03,9.390000343322754,9.399999618530272,9.239999771118164,9.289999961853027,3373000
2019-05-06,9.15999984741211,9.270000457763672,9.09000015258789,9.149999618530272,3214600
2019-05-07,8.989999771118164,9.130000114440918,8.949999809265137,9.09000015258789,3844300
2019-05-08,8.930000305175781,9.050000190734863,8.90999984741211,8.970000267028809,2840400
2019-05-09,8.84000015258789,8.930000305175781,8.699999809265137,8.890000343322754,3160400
2019-05-10,8.829999923706055,8.869999885559082,8.609999656677246,8.819999694824219,3223500
2019-05-13,8.359999656677246,8.640000343322754,8.350000381469727,8.600000381469727,4145300
2019-05-14,8.470000267028809,8.520000457763672,8.390000343322754,8.430000305175781,2268000
2019-05-15,8.569999694824219,8.640000343322754,8.399999618530273,8.430000305175781,1930900
2019-05-16,8.630000114440918,8.699999809265137,8.529999732971191,8.569999694824219,2309700
2019-05-17,8.449999809265137,8.640000343322754,8.449999809265137,8.579999923706055,1991800
2019-05-20,8.1899995803833,8.390000343322754,8.109999656677246,8.380000114440918,3094800
2019-05-21,8.25,8.359999656677246,8.210000038146973,8.34000015258789,2023700
2019-05-22,8.3100004196167,8.34000015258789,8.149999618530273,8.180000305175781,1551700
2019-05-23,8.039999961853027,8.239999771118164,7.989999771118164,8.199999809265137,3076900
2019-05-24,8.069999694824219,8.119999885559082,7.989999771118164,8.100000381469727,1915600
2019-05-28,8.050000190734863,8.210000038146973,8.039999961853027,8.079999923706055,2619600
2019-05-29,7.900000095367432,8.020000457763672,7.900000095367432,8.010000228881836,3532700
2019-05-30,7.920000076293945,7.980000019073486,7.840000152587891,7.920000076293945,2697400
2019-05-31,7.849999904632568,7.880000114440918,7.789999961853027,7.840000152587891,3503500
2019-06-03,7.809999942779541,7.900000095367432,7.699999809265137,7.829999923706055,4590900
2019-06-04,8.039999961853027,8.039999961853027,7.860000133514404,7.920000076293945,3280300
2019-06-05,7.900000095367432,8.119999885559082,7.860000133514404,8.079999923706055,2555500
2019-06-06,7.840000152587891,7.929999828338623,7.789999961853027,7.900000095367432,2404800
2019-06-07,7.940000057220459,8.069999694824219,7.849999904632568,7.889999866485596,4909300
2019-06-10,7.920000076293945,8.039999961853027,7.909999847412109,8.0,3522400
2019-06-11,8.260000228881836,8.430000305175781,7.909999847412109,8.0,13651900
2019-06-12,8.729999542236328,8.899999618530273,8.199999809265137,8.210000038146973,18910200
2019-06-13,8.680000305175781,8.869999885559082,8.550000190734863,8.779999732971191,6134500
2019-06-14,8.550000190734863,8.640000343322754,8.399999618530273,8.619999885559082,3475900
2019-06-17,8.609999656677246,8.760000228881836,8.539999961853027,8.539999961853027,3772600
2019-06-18,8.720000267028809,8.760000228881836,8.640000343322754,8.649999618530273,3034500
2019-06-19,8.960000038146973,8.979999542236328,8.6899995803833,8.800000190734863,4420900
2019-06-20,8.640000343322754,9.09000015258789,8.600000381469727,9.039999961853027,7806800
2019-06-21,8.479999542236328,8.640000343322754,8.449999809265137,8.640000343322754,6088400
2019-06-24,8.470000267028809,8.600000381469727,8.430000305175781,8.5,4478900
2019-06-25,8.289999961853027,8.5,8.260000228881836,8.479999542236328,6918200
2019-06-26,7.559999942779541,8.329999923706055,7.449999809265137,8.300000190734863,16724800
2019-06-27,7.380000114440918,7.53000020980835,7.099999904632568,7.480000019073486,14707600
2019-06-28,7.460000038146973,7.519999980926514,7.309999942779541,7.309999942779541,8570900
2019-07-01,7.480000019073486,7.550000190734863,7.400000095367432,7.5,6421600
2019-07-02,7.449999809265137,7.480000019073486,7.369999885559082,7.449999809265137,5222700
2019-07-03,7.53000020980835,7.539999961853027,7.420000076293945,7.510000228881836,2348100
2019-07-05,7.409999847412109,7.5,7.389999866485596,7.449999809265137,5944100
2019-07-08,7.130000114440918,7.369999885559082,7.119999885559082,7.349999904632568,5343500
2019-07-09,7.25,7.369999885559082,7.090000152587891,7.099999904632568,6469400
2019-07-10,7.070000171661377,7.360000133514404,7.03000020980835,7.309999942779541,5995700
2019-07-11,7.099999904632568,7.130000114440918,7.0,7.119999885559082,4919100
2019-07-12,7.199999809265137,7.239999771118164,7.059999942779541,7.150000095367432,4348100
2019-07-15,7.190000057220459,7.260000228881836,7.130000114440918,7.21999979019165,3671600
2019-07-16,7.139999866485596,7.239999771118164,7.130000114440918,7.170000076293945,4423000
2019-07-17,7.099999904632568,7.179999828338623,7.079999923706055,7.159999847412109,4336000
2019-07-18,7.03000020980835,7.110000133514404,6.900000095367432,7.090000152587891,5054900
2019-07-19,7.079999923706055,7.139999866485596,7.019999980926514,7.079999923706055,4836600
2019-07-22,7.119999885559082,7.150000095367432,7.010000228881836,7.099999904632568,4787100
2019-07-23,7.230000019073486,7.230000019073486,7.110000133514404,7.130000114440918,4432400
2019-07-24,7.300000190734863,7.309999942779541,7.170000076293945,7.21999979019165,2088000
2019-07-25,7.21999979019165,7.329999923706055,7.190000057220459,7.300000190734863,2874200
2019-07-26,7.369999885559082,7.389999866485596,7.230000019073486,7.230000019073486,3079000
2019-07-29,7.340000152587891,7.400000095367432,7.230000019073486,7.389999866485596,2318500
2019-07-30,7.429999828338623,7.440000057220459,7.25,7.28000020980835,2989800
2019-07-31,7.300000190734863,7.449999809265137,7.199999809265137,7.440000057220459,2873200
2019-08-01,7.269999980926514,7.360000133514404,7.199999809265137,7.320000171661377,3384900
2019-08-02,7.139999866485596,7.230000019073486,7.059999942779541,7.21999979019165,3861000
2019-08-05,6.849999904632568,7.0,6.760000228881836,7.0,4188000
2019-08-06,6.78000020980835,7.079999923706055,6.730000019073486,6.929999828338623,3940300
2019-08-07,6.829999923706055,6.860000133514404,6.639999866485596,6.71999979019165,3736100
2019-08-08,7.059999942779541,7.070000171661377,6.840000152587891,6.889999866485596,2785600
2019-08-09,6.960000038146973,7.059999942779541,6.929999828338623,7.010000228881836,2392400
2019-08-12,6.840000152587891,6.96999979019165,6.820000171661377,6.96999979019165,1957000
2019-08-13,7.0,7.03000020980835,6.760000228881836,6.800000190734863,3078100
2019-08-14,6.75,6.860000133514404,6.75,6.849999904632568,2732100
2019-08-15,6.679999828338623,6.809999942779541,6.650000095367432,6.789999961853027,2562100
2019-08-16,6.849999904632568,6.929999828338623,6.730000019073486,6.75,2100300
2019-08-19,6.960000038146973,6.989999771118164,6.849999904632568,6.929999828338623,2358900
2019-08-20,6.889999866485596,6.940000057220459,6.809999942779541,6.909999847412109,2059600
2019-08-21,7.090000152587891,7.210000038146973,6.920000076293945,6.949999809265137,3677000
2019-08-22,7.039999961853027,7.119999885559082,6.960000038146973,7.110000133514404,3975900
2019-08-23,6.980000019073486,7.320000171661377,6.929999828338623,7.210000038146973,4400700
2019-08-26,6.860000133514404,7.059999942779541,6.809999942779541,7.010000228881836,2392200
2019-08-27,6.730000019073486,6.900000095367432,6.699999809265137,6.869999885559082,3216300
2019-08-28,6.809999942779541,6.829999923706055,6.639999866485596,6.699999809265137,2136300
2019-08-29,6.960000038146973,6.980000019073486,6.869999885559082,6.880000114440918,2360100
2019-08-30,6.869999885559082,7.010000228881836,6.849999904632568,7.0,2527000
2019-09-03,6.760000228881836,6.869999885559082,6.659999847412109,6.789999961853027,3742100
2019-09-04,6.909999847412109,6.949999809265137,6.800000190734863,6.820000171661377,3317400
2019-09-05,7.28000020980835,7.300000190734863,6.989999771118164,7.0,3909600
2019-09-06,7.190000057220459,7.340000152587891,7.170000076293945,7.309999942779541,2438100
2019-09-09,6.980000019073486,7.199999809265137,6.900000095367432,7.170000076293945,5898700
2019-09-10,7.150000095367432,7.159999847412109,6.889999866485596,6.929999828338623,3722100
2019-09-11,7.510000228881836,7.53000020980835,7.159999847412109,7.199999809265137,5609200
2019-09-12,7.409999847412109,7.53000020980835,7.329999923706055,7.519999980926514,4169200
2019-09-13,7.46999979019165,7.519999980926514,7.360000133514404,7.409999847412109,3828600
2019-09-16,7.590000152587891,7.760000228881836,7.460000038146973,7.460000038146973,6177900
2019-09-17,7.599999904632568,7.699999809265137,7.449999809265137,7.610000133514404,4507000
2019-09-18,7.519999980926514,7.630000114440918,7.449999809265137,7.599999904632568,3273800
2019-09-19,7.570000171661377,7.579999923706055,7.480000019073486,7.550000190734863,2963600
2019-09-20,7.539999961853027,7.639999866485596,7.5,7.550000190734863,3423200
2019-09-23,7.510000228881836,7.53000020980835,7.400000095367432,7.480000019073486,6958900
2019-09-24,5.809999942779541,6.369999885559082,5.730000019073486,6.309999942779541,37837600
2019-09-25,5.570000171661377,5.829999923706055,5.400000095367432,5.809999942779541,22051000
2019-09-26,5.449999809265137,5.619999885559082,5.380000114440918,5.619999885559082,14714800
2019-09-27,5.260000228881836,5.460000038146973,5.239999771118164,5.429999828338623,9803400
2019-09-30,5.25,5.360000133514404,5.099999904632568,5.260000228881836,10574200
2019-10-01,5.150000095367432,5.389999866485596,5.079999923706055,5.269999980926514,7892900
2019-10-02,5.019999980926514,5.079999923706055,4.949999809265137,5.079999923706055,8871600
2019-10-03,5.099999904632568,5.170000076293945,4.920000076293945,5.03000020980835,7563500
2019-10-04,5.159999847412109,5.190000057220459,5.070000171661377,5.119999885559082,4875500
2019-10-07,5.099999904632568,5.289999961853027,5.079999923706055,5.170000076293945,6862300
2019-10-08,4.889999866485596,5.079999923706055,4.880000114440918,5.079999923706055,7692600
2019-10-09,4.96999979019165,5.010000228881836,4.860000133514404,4.949999809265137,6779100
2019-10-10,5.059999942779541,5.150000095367432,4.949999809265137,4.949999809265137,6072600
2019-10-11,5.320000171661377,5.340000152587891,5.139999866485596,5.139999866485596,7205300
2019-10-14,5.21999979019165,5.300000190734863,5.170000076293945,5.28000020980835,3780400
2019-10-15,5.239999771118164,5.349999904632568,5.210000038146973,5.210000038146973,4489800
2019-10-16,5.110000133514404,5.25,5.079999923706055,5.230000019073486,5908800
2019-10-17,5.210000038146973,5.230000019073486,5.110000133514404,5.159999847412109,3475600
2019-10-18,5.079999923706055,5.21999979019165,5.010000228881836,5.210000038146973,2748300
2019-10-21,5.210000038146973,5.25,5.099999904632568,5.130000114440918,3614800
2019-10-22,5.150000095367432,5.239999771118164,5.130000114440918,5.230000019073486,2951600
2019-10-23,5.210000038146973,5.260000228881836,5.119999885559082,5.119999885559082,4293500
2019-10-24,5.170000076293945,5.28000020980835,5.130000114440918,5.210000038146973,3991400
2019-10-25,5.21999979019165,5.230000019073486,5.079999923706055,5.150000095367432,3550400
2019-10-28,5.289999961853027,5.329999923706055,5.21999979019165,5.25,3858300
2019-10-29,5.269999980926514,5.309999942779541,5.210000038146973,5.269999980926514,3103200
2019-10-30,5.289999961853027,5.489999771118164,5.230000019073486,5.429999828338623,4097200
2019-10-31,5.260000228881836,5.300000190734863,5.179999828338623,5.289999961853027,3576000
2019-11-01,5.489999771118164,5.5,5.239999771118164,5.289999961853027,5183000
2019-11-04,5.610000133514404,5.730000019073486,5.550000190734863,5.619999885559082,6626900
2019-11-05,5.53000020980835,5.659999847412109,5.510000228881836,5.590000152587891,4286200
2019-11-06,5.550000190734863,5.579999923706055,5.489999771118164,5.53000020980835,3073300
2019-11-07,5.53000020980835,5.639999866485596,5.510000228881836,5.570000171661377,3439800
2019-11-08,5.539999961853027,5.559999942779541,5.46999979019165,5.53000020980835,2870000
2019-11-11,5.559999942779541,5.579999923706055,5.480000019073486,5.5,2637400
2019-11-12,5.630000114440918,5.659999847412109,5.53000020980835,5.559999942779541,3437600
2019-11-13,5.519999980926514,5.639999866485596,5.46999979019165,5.599999904632568,3163900
2019-11-14,5.380000114440918,5.519999980926514,5.340000152587891,5.489999771118164,4140200
2019-11-15,5.480000019073486,5.480000019073486,5.309999942779541,5.380000114440918,2544900
2019-11-18,5.289999961853027,5.440000057220459,5.260000228881836,5.429999828338623,4998400
2019-11-19,5.349999904632568,5.429999828338623,5.269999980926514,5.320000171661377,4666100
2019-11-20,5.260000228881836,5.380000114440918,5.199999809265137,5.329999923706055,4995900
2019-11-21,5.340000152587891,5.380000114440918,5.230000019073486,5.269999980926514,6430300
2019-11-22,5.599999904632568,5.639999866485596,5.360000133514404,5.369999885559082,6477000
2019-11-25,5.480000019073486,5.659999847412109,5.460000038146973,5.590000152587891,4162300
2019-11-26,5.539999961853027,5.539999961853027,5.440000057220459,5.5,2957800
2019-11-27,5.599999904632568,5.630000114440918,5.53000020980835,5.539999961853027,3311000
2019-11-29,5.570000171661377,5.599999904632568,5.480000019073486,5.550000190734863,1471600
2019-12-02,5.5,5.570000171661377,5.409999847412109,5.570000171661377,2965900
2019-12-03,5.380000114440918,5.440000057220459,5.329999923706055,5.400000095367432,3175300
2019-12-04,5.420000076293945,5.480000019073486,5.389999866485596,5.420000076293945,3476400
2019-12-05,5.369999885559082,5.460000038146973,5.349999904632568,5.420000076293945,2620700
2019-12-06,5.409999847412109,5.420000076293945,5.349999904632568,5.369999885559082,3201700
2019-12-09,5.440000057220459,5.519999980926514,5.400000095367432,5.409999847412109,3262200
2019-12-10,5.380000114440918,5.46999979019165,5.340000152587891,5.409999847412109,3305800
2019-12-11,5.539999961853027,5.590000152587891,5.369999885559082,5.380000114440918,3894500
2019-12-12,5.670000076293945,5.699999809265137,5.519999980926514,5.519999980926514,7398700
2019-12-13,5.659999847412109,5.809999942779541,5.619999885559082,5.670000076293945,6247300
2019-12-16,5.71999979019165,5.78000020980835,5.690000057220459,5.71999979019165,5001700
2019-12-17,5.710000038146973,5.769999980926514,5.670000076293945,5.71999979019165,3623000
2019-12-18,5.650000095367432,5.75,5.639999866485596,5.730000019073486,5026000
2019-12-19,5.809999942779541,5.840000152587891,5.630000114440918,5.659999847412109,8067800
2019-12-20,6.53000020980835,6.539999961853027,6.059999942779541,6.079999923706055,26671300
2019-12-23,6.46999979019165,6.650000095367432,6.449999809265137,6.550000190734863,9957900
2019-12-24,6.360000133514404,6.53000020980835,6.340000152587891,6.46999979019165,4680400
2019-12-26,6.429999828338623,6.510000228881836,6.349999904632568,6.389999866485596,3681900
2019-12-27,6.449999809265137,6.5,6.380000114440918,6.429999828338623,5255000
2019-12-30,6.420000076293945,6.510000228881836,6.320000171661377,6.420000076293945,6037500
2019-12-31,6.420000076293945,6.519999980926514,6.389999866485596,6.420000076293945,5404400
2020-01-02,6.519999980926514,6.559999942779541,6.449999809265137,6.519999980926514,5348900
2020-01-03,6.460000038146973,6.550000190734863,6.389999866485596,6.389999866485596,3658200
2020-01-06,6.679999828338623,6.739999771118164,6.400000095367432,6.400000095367432,7882700
2020-01-07,6.659999847412109,6.829999923706055,6.599999904632568,6.760000228881836,6362700
2020-01-08,6.659999847412109,6.699999809265137,6.579999923706055,6.639999866485596,4983800
2020-01-09,6.639999866485596,6.730000019073486,6.599999904632568,6.699999809265137,3262800
2020-01-10,6.559999942779541,6.659999847412109,6.510000228881836,6.659999847412109,3390300
2020-01-13,6.670000076293945,6.670000076293945,6.510000228881836,6.590000152587891,3292900
2020-01-14,6.639999866485596,6.730000019073486,6.610000133514404,6.679999828338623,3558800
2020-01-15,6.730000019073486,6.809999942779541,6.619999885559082,6.639999866485596,4618200
2020-01-16,6.820000171661377,6.889999866485596,6.789999961853027,6.789999961853027,5093800
2020-01-17,6.730000019073486,6.869999885559082,6.690000057220459,6.849999904632568,3971600
2020-01-21,6.579999923706055,6.699999809265137,6.579999923706055,6.690000057220459,3230000
2020-01-22,6.630000114440918,6.699999809265137,6.579999923706055,6.579999923706055,2540700
2020-01-23,6.659999847412109,6.670000076293945,6.519999980926514,6.599999904632568,2659800
2020-01-24,6.590000152587891,6.760000228881836,6.550000190734863,6.710000038146973,3275300
2020-01-27,6.260000228881836,6.400000095367432,6.119999885559082,6.400000095367432,7277800
2020-01-28,6.409999847412109,6.429999828338623,6.289999961853027,6.309999942779541,2408500
2020-01-29,6.340000152587891,6.46999979019165,6.340000152587891,6.460000038146973,1906700
2020-01-30,6.239999771118164,6.320000171661377,6.159999847412109,6.260000228881836,3412400
2020-01-31,6.099999904632568,6.260000228881836,6.059999942779541,6.210000038146973,3795300
2020-02-03,6.210000038146973,6.230000019073486,6.090000152587891,6.130000114440918,3790600
2020-02-04,6.150000095367432,6.360000133514404,6.139999866485596,6.329999923706055,7154700
2020-02-05,6.199999809265137,6.300000190734863,6.170000076293945,6.190000057220459,5955700
2020-02-06,6.130000114440918,6.230000019073486,6.130000114440918,6.21999979019165,3650400
2020-02-07,6.019999980926514,6.150000095367432,6.019999980926514,6.099999904632568,4757800
2020-02-10,6.050000190734863,6.110000133514404,5.960000038146973,6.010000228881836,3873600
2020-02-11,6.190000057220459,6.210000038146973,6.059999942779541,6.099999904632568,6155000
2020-02-12,6.070000171661377,6.28000020980835,6.070000171661377,6.25,4635000
2020-02-13,6.0,6.050000190734863,5.949999809265137,6.039999961853027,3319500
2020-02-14,5.829999923706055,6.010000228881836,5.789999961853027,5.989999771118164,5094000
2020-02-18,6.090000152587891,6.239999771118164,5.840000152587891,5.860000133514404,13146500
2020-02-19,6.150000095367432,6.239999771118164,6.090000152587891,6.170000076293945,6265100
2020-02-20,6.159999847412109,6.230000019073486,6.059999942779541,6.150000095367432,4414300
2020-02-21,6.010000228881836,6.159999847412109,5.96999979019165,6.159999847412109,3269800
2020-02-24,5.760000228881836,5.78000020980835,5.650000095367432,5.71999979019165,5541700
2020-02-25,5.5,5.849999904632568,5.429999828338623,5.840000152587891,9081500
2020-02-26,5.46999979019165,5.650000095367432,5.46999979019165,5.489999771118164,6545400
2020-02-27,5.139999866485596,5.369999885559082,5.070000171661377,5.21999979019165,7885500
2020-02-28,5.170000076293945,5.170000076293945,4.949999809265137,4.96999979019165,7499700
2020-03-02,5.079999923706055,5.21999979019165,4.960000038146973,5.170000076293945,6395000
2020-03-03,4.929999828338623,5.130000114440918,4.869999885559082,5.079999923706055,6645100
2020-03-04,4.920000076293945,5.039999961853027,4.739999771118164,5.039999961853027,8415700
2020-03-05,4.670000076293945,4.849999904632568,4.630000114440918,4.78000020980835,7690600
2020-03-06,4.440000057220459,4.559999942779541,4.329999923706055,4.53000020980835,10202200
2020-03-09,3.849999904632568,4.090000152587891,3.7699999809265137,3.950000047683716,13139000
2020-03-10,4.199999809265137,4.210000038146973,3.9600000381469727,4.170000076293945,9966300
2020-03-11,4.159999847412109,4.28000020980835,4.019999980926514,4.099999904632568,13679500
2020-03-12,3.700000047683716,3.900000095367432,3.640000104904175,3.890000104904175,10503500
2020-03-13,4.380000114440918,4.389999866485596,3.630000114440918,3.930000066757202,11567900
2020-03-16,3.390000104904175,3.890000104904175,3.380000114440918,3.650000095367432,13485200
2020-03-17,2.900000095367432,3.509999990463257,2.8399999141693115,3.5,18660400
2020-03-18,3.180000066757202,3.200000047683716,2.700000047683716,2.7300000190734863,9992900
2020-03-19,3.259999990463257,3.3499999046325684,3.0,3.0799999237060547,6861300
2020-03-20,3.380000114440918,3.7200000286102295,3.319999933242798,3.3299999237060547,8340600
2020-03-23,3.440000057220459,3.559999942779541,3.25,3.3499999046325684,6762600
2020-03-24,3.619999885559082,3.670000076293945,3.4600000381469727,3.660000085830689,5548700
2020-03-25,3.759999990463257,3.9800000190734863,3.5199999809265137,3.7100000381469727,6433900
2020-03-26,3.930000066757202,4.179999828338623,3.7899999618530273,3.809999942779541,5852200
2020-03-27,3.809999942779541,3.869999885559082,3.680000066757202,3.75,3833600
2020-03-30,3.910000085830689,3.930000066757202,3.680000066757202,3.7699999809265137,4092400
2020-03-31,4.130000114440918,4.269999980926514,3.9800000190734863,3.990000009536743,7443000
2020-04-01,3.359999895095825,3.680000066757202,3.299999952316284,3.400000095367432,11581300
2020-04-02,3.2300000190734863,3.5199999809265137,3.190000057220459,3.309999942779541,9663700
2020-04-03,3.220000028610229,3.3499999046325684,3.180000066757202,3.220000028610229,5268100
2020-04-06,3.4800000190734863,3.5299999713897705,3.25,3.299999952316284,10518100
2020-04-07,3.609999895095825,3.7899999618530273,3.5899999141693115,3.670000076293945,6674600
2020-04-08,3.839999914169312,3.880000114440918,3.640000104904175,3.7300000190734863,6287500
2020-04-09,3.759999990463257,3.990000009536743,3.7300000190734863,3.910000085830689,5733800
2020-04-13,3.859999895095825,3.880000114440918,3.660000085830689,3.7699999809265137,6801200
2020-04-14,4.0,4.03000020980835,3.880000114440918,3.900000095367432,4397000
2020-04-15,3.700000047683716,3.869999885559082,3.700000047683716,3.859999895095825,4168900
2020-04-16,4.010000228881836,4.099999904632568,3.75,3.759999990463257,8747500
2020-04-17,4.269999980926514,4.289999961853027,4.110000133514404,4.170000076293945,7456600
2020-04-20,4.090000152587891,4.320000171661377,4.019999980926514,4.21999979019165,5220500
2020-04-21,3.920000076293945,4.150000095367432,3.910000085830689,4.0,4442000
2020-04-22,3.900000095367432,4.059999942779541,3.869999885559082,4.0,4216800
2020-04-23,4.010000228881836,4.130000114440918,3.910000085830689,3.9800000190734863,4446300
2020-04-24,4.039999961853027,4.070000171661377,3.9800000190734863,4.039999961853027,3715300
2020-04-27,4.260000228881836,4.260000228881836,4.039999961853027,4.090000152587891,4374400
2020-04-28,4.210000038146973,4.400000095367432,4.170000076293945,4.349999904632568,3509300
2020-04-29,4.369999885559082,4.429999828338623,4.260000228881836,4.320000171661377,4752600
2020-04-30,4.28000020980835,4.389999866485596,4.21999979019165,4.389999866485596,2819100
2020-05-01,4.070000171661377,4.190000057220459,3.9700000286102295,4.150000095367432,5531900
2020-05-04,4.260000228881836,4.289999961853027,4.019999980926514,4.059999942779541,4808700
2020-05-05,4.269999980926514,4.409999847412109,4.260000228881836,4.349999904632568,4529100
2020-05-06,4.489999771118164,4.619999885559082,4.300000190734863,4.300000190734863,5931400
2020-05-07,4.599999904632568,4.739999771118164,4.5,4.630000114440918,6126400
2020-05-08,4.710000038146973,4.75,4.590000152587891,4.650000095367432,4836900
2020-05-11,4.579999923706055,4.679999828338623,4.53000020980835,4.619999885559082,3858700
2020-05-12,4.5,4.679999828338623,4.489999771118164,4.559999942779541,4234100
2020-05-13,4.460000038146973,4.599999904632568,4.349999904632568,4.489999771118164,7800700
2020-05-14,4.460000038146973,4.489999771118164,4.269999980926514,4.360000133514404,5702000
2020-05-15,4.420000076293945,4.489999771118164,4.369999885559082,4.389999866485596,3104400
2020-05-18,4.489999771118164,4.639999866485596,4.480000019073486,4.579999923706055,3864600
2020-05-19,4.489999771118164,4.599999904632568,4.460000038146973,4.510000228881836,3895900
2020-05-20,4.650000095367432,4.78000020980835,4.559999942779541,4.599999904632568,3836000
2020-05-21,4.539999961853027,4.690000057220459,4.5,4.639999866485596,3137200
2020-05-22,4.539999961853027,4.599999904632568,4.480000019073486,4.539999961853027,2244500
2020-05-26,4.639999866485596,4.800000190734863,4.619999885559082,4.699999809265137,5213300
2020-05-27,4.659999847412109,4.730000019073486,4.550000190734863,4.710000038146973,4857000
2020-05-28,4.579999923706055,4.71999979019165,4.579999923706055,4.670000076293945,3470900
2020-05-29,4.639999866485596,4.659999847412109,4.510000228881836,4.579999923706055,4071400
2020-06-01,4.920000076293945,4.989999771118164,4.590000152587891,4.639999866485596,17250900
2020-06-02,5.360000133514404,5.5,5.03000020980835,5.300000190734863,19723200
2020-06-03,5.210000038146973,5.429999828338623,5.159999847412109,5.380000114440918,5690900
2020-06-04,5.230000019073486,5.329999923706055,5.159999847412109,5.199999809265137,4554000
2020-06-05,5.46999979019165,5.559999942779541,5.309999942779541,5.340000152587891,5842000
2020-06-08,5.789999961853027,5.840000152587891,5.550000190734863,5.670000076293945,6199300
2020-06-09,5.610000133514404,5.730000019073486,5.489999771118164,5.71999979019165,3714400
2020-06-10,5.570000171661377,5.679999828338623,5.5,5.630000114440918,2857500
2020-06-11,5.03000020980835,5.329999923706055,5.019999980926514,5.260000228881836,5896500
2020-06-12,5.25,5.349999904632568,5.150000095367432,5.239999771118164,4118100
2020-06-15,4.989999771118164,5.079999923706055,4.909999847412109,5.070000171661377,6506700
2020-06-16,5.21999979019165,5.289999961853027,5.110000133514404,5.199999809265137,5589400
2020-06-17,5.099999904632568,5.360000133514404,5.090000152587891,5.300000190734863,3608100
2020-06-18,5.079999923706055,5.139999866485596,5.010000228881836,5.079999923706055,3764900
2020-06-19,5.059999942779541,5.159999847412109,4.949999809265137,5.139999866485596,8341700
2020-06-22,5.119999885559082,5.239999771118164,5.079999923706055,5.130000114440918,5146700
2020-06-23,5.099999904632568,5.239999771118164,5.079999923706055,5.179999828338623,4459700
2020-06-24,4.920000076293945,5.079999923706055,4.849999904632568,5.079999923706055,7844400
2020-06-25,4.849999904632568,4.889999866485596,4.610000133514404,4.630000114440918,7956500
2020-06-26,4.71999979019165,4.920000076293945,4.71999979019165,4.860000133514404,4769200
2020-06-29,4.800000190734863,4.840000152587891,4.639999866485596,4.760000228881836,4448700
2020-06-30,4.889999866485596,4.900000095367432,4.739999771118164,4.78000020980835,4433200
2020-07-01,4.78000020980835,4.849999904632568,4.730000019073486,4.849999904632568,3522800
2020-07-02,4.849999904632568,4.949999809265137,4.769999980926514,4.789999961853027,6370600
2020-07-06,5.019999980926514,5.079999923706055,4.920000076293945,4.929999828338623,4578900
2020-07-07,4.800000190734863,5.0,4.789999961853027,4.989999771118164,2831900
2020-07-08,4.840000152587891,4.869999885559082,4.739999771118164,4.800000190734863,2486600
2020-07-09,4.809999942779541,4.869999885559082,4.690000057220459,4.849999904632568,2714800
2020-07-10,4.730000019073486,4.809999942779541,4.699999809265137,4.769999980926514,2852000
2020-07-13,4.579999923706055,4.789999961853027,4.559999942779541,4.75,3526900
2020-07-14,4.579999923706055,4.610000133514404,4.449999809265137,4.550000190734863,3662800
2020-07-15,4.710000038146973,4.730000019073486,4.610000133514404,4.650000095367432,3575500
2020-07-16,4.650000095367432,4.679999828338623,4.570000171661377,4.650000095367432,2076300
2020-07-17,4.800000190734863,4.849999904632568,4.630000114440918,4.630000114440918,2771600
2020-07-20,4.989999771118164,5.03000020980835,4.820000171661377,4.820000171661377,3248600
2020-07-21,4.849999904632568,5.059999942779541,4.840000152587891,5.050000190734863,3336900
2020-07-22,4.789999961853027,4.900000095367432,4.769999980926514,4.800000190734863,2395500
2020-07-23,4.739999771118164,4.849999904632568,4.710000038146973,4.769999980926514,3280500
2020-07-24,4.650000095367432,4.699999809265137,4.599999904632568,4.679999828338623,3103700
2020-07-27,4.690000057220459,4.699999809265137,4.559999942779541,4.650000095367432,2975600
2020-07-28,4.659999847412109,4.739999771118164,4.619999885559082,4.699999809265137,2635000
2020-07-29,4.869999885559082,4.909999847412109,4.679999828338623,4.730000019073486,3937200
2020-07-30,4.739999771118164,4.829999923706055,4.679999828338623,4.769999980926514,3197500
2020-07-31,4.739999771118164,4.78000020980835,4.650000095367432,4.75,2154800
2020-08-03,4.739999771118164,4.75,4.670000076293945,4.730000019073486,1905700
2020-08-04,4.75,4.760000228881836,4.659999847412109,4.699999809265137,3146700
2020-08-05,4.840000152587891,4.860000133514404,4.75,4.78000020980835,2314000
2020-08-06,4.960000038146973,5.070000171661377,4.760000228881836,4.829999923706055,5436300
2020-08-07,4.840000152587891,5.159999847412109,4.809999942779541,4.96999979019165,5364600
2020-08-10,4.840000152587891,4.929999828338623,4.769999980926514,4.869999885559082,2386700
2020-08-11,4.789999961853027,4.900000095367432,4.760000228881836,4.860000133514404,3279900
2020-08-12,4.820000171661377,4.889999866485596,4.789999961853027,4.789999961853027,1893900
2020-08-13,4.889999866485596,4.949999809265137,4.809999942779541,4.809999942779541,2495600
2020-08-14,4.800000190734863,4.900000095367432,4.75,4.880000114440918,2574800
2020-08-17,4.809999942779541,4.849999904632568,4.769999980926514,4.789999961853027,1842300
2020-08-18,4.789999961853027,4.860000133514404,4.739999771118164,4.809999942779541,2432900
2020-08-19,4.78000020980835,4.869999885559082,4.75,4.840000152587891,2641700
2020-08-20,4.829999923706055,4.849999904632568,4.71999979019165,4.739999771118164,2103300
2020-08-21,4.75,4.840000152587891,4.730000019073486,4.800000190734863,2038200
2020-08-24,4.789999961853027,4.840000152587891,4.739999771118164,4.800000190734863,2528200
2020-08-25,4.78000020980835,4.880000114440918,4.769999980926514,4.800000190734863,2470300
2020-08-26,5.079999923706055,5.210000038146973,4.800000190734863,4.829999923706055,7741000
2020-08-27,5.03000020980835,5.170000076293945,4.96999979019165,5.119999885559082,3544300
2020-08-28,5.230000019073486,5.300000190734863,5.099999904632568,5.130000114440918,3993900
2020-08-31,5.21999979019165,5.320000171661377,5.150000095367432,5.269999980926514,4303000
2020-09-01,5.579999923706055,5.590000152587891,5.210000038146973,5.25,6654800
2020-09-02,5.519999980926514,5.659999847412109,5.409999847412109,5.650000095367432,5100100
2020-09-03,5.179999828338623,5.440000057220459,5.130000114440918,5.429999828338623,5338800
2020-09-04,5.110000133514404,5.199999809265137,4.869999885559082,5.070000171661377,5839600
2020-09-08,4.929999828338623,5.099999904632568,4.909999847412109,4.940000057220459,3747400
2020-09-09,4.920000076293945,5.059999942779541,4.909999847412109,5.03000020980835,3597600
2020-09-10,4.800000190734863,4.980000019073486,4.789999961853027,4.960000038146973,3545900
2020-09-11,4.75,4.869999885559082,4.679999828338623,4.860000133514404,3690600
2020-09-14,4.820000171661377,4.909999847412109,4.78000020980835,4.800000190734863,3552400
2020-09-15,4.809999942779541,4.889999866485596,4.789999961853027,4.880000114440918,2491000
2020-09-16,4.730000019073486,4.860000133514404,4.730000019073486,4.840000152587891,3158600
2020-09-17,4.730000019073486,4.730000019073486,4.599999904632568,4.699999809265137,3696400
2020-09-18,4.860000133514404,4.889999866485596,4.679999828338623,4.760000228881836,4055400
2020-09-21,4.760000228881836,4.809999942779541,4.670000076293945,4.78000020980835,3244900
2020-09-22,4.940000057220459,4.949999809265137,4.769999980926514,4.869999885559082,3316700
2020-09-23,4.800000190734863,4.96999979019165,4.769999980926514,4.929999828338623,4556100
2020-09-24,4.75,5.340000152587891,4.710000038146973,5.170000076293945,17292800
2020-09-25,4.769999980926514,4.880000114440918,4.679999828338623,4.809999942779541,5590800
2020-09-28,4.610000133514404,4.880000114440918,4.599999904632568,4.880000114440918,7265700
2020-09-29,4.630000114440918,4.690000057220459,4.489999771118164,4.630000114440918,5843900
2020-09-30,4.590000152587891,4.760000228881836,4.579999923706055,4.650000095367432,3808500
2020-10-01,4.579999923706055,4.639999866485596,4.519999980926514,4.590000152587891,4971200
2020-10-02,4.440000057220459,4.5,4.369999885559082,4.489999771118164,6539300
2020-10-05,4.5,4.510000228881836,4.429999828338623,4.460000038146973,3106300
2020-10-06,4.550000190734863,4.679999828338623,4.510000228881836,4.53000020980835,3966000
2020-10-07,4.570000171661377,4.639999866485596,4.519999980926514,4.599999904632568,2166900
2020-10-08,4.599999904632568,4.639999866485596,4.539999961853027,4.599999904632568,2154100
2020-10-09,4.730000019073486,4.739999771118164,4.610000133514404,4.619999885559082,2618200
2020-10-12,4.75,4.829999923706055,4.739999771118164,4.75,2268300
2020-10-13,5.139999866485596,5.230000019073486,4.75,4.75,10691100
2020-10-14,5.079999923706055,5.25,5.019999980926514,5.150000095367432,5209400
2020-10-15,5.159999847412109,5.170000076293945,4.96999979019165,4.980000019073486,4452600
2020-10-16,4.980000019073486,5.210000038146973,4.96999979019165,5.199999809265137,5982500
2020-10-19,5.190000057220459,5.210000038146973,5.010000228881836,5.050000190734863,4816400
2020-10-20,5.079999923706055,5.210000038146973,5.059999942779541,5.199999809265137,4616000
2020-10-21,5.099999904632568,5.139999866485596,5.0,5.099999904632568,3555800
2020-10-22,5.130000114440918,5.139999866485596,4.96999979019165,5.090000152587891,2651600
2020-10-23,5.119999885559082,5.130000114440918,4.989999771118164,5.130000114440918,2568000
2020-10-26,4.880000114440918,5.070000171661377,4.860000133514404,5.03000020980835,3772800
2020-10-27,4.849999904632568,4.940000057220459,4.840000152587891,4.900000095367432,2077900
2020-10-28,4.570000171661377,4.789999961853027,4.550000190734863,4.769999980926514,4031200
2020-10-29,4.610000133514404,4.639999866485596,4.53000020980835,4.599999904632568,2557000
2020-10-30,4.489999771118164,4.610000133514404,4.440000057220459,4.550000190734863,3573900
2020-11-02,4.480000019073486,4.550000190734863,4.449999809265137,4.5,2864500
2020-11-03,4.670000076293945,4.690000057220459,4.519999980926514,4.53000020980835,2781700
2020-11-04,4.679999828338623,4.760000228881836,4.579999923706055,4.699999809265137,3113900
2020-11-05,4.860000133514404,4.920000076293945,4.739999771118164,4.78000020980835,2596900
2020-11-06,4.829999923706055,4.889999866485596,4.760000228881836,4.820000171661377,2853800
2020-11-09,4.929999828338623,5.059999942779541,4.889999866485596,4.989999771118164,3986500
2020-11-10,5.019999980926514,5.03000020980835,4.840000152587891,4.900000095367432,4143600
2020-11-11,5.190000057220459,5.230000019073486,5.0,5.059999942779541,5724600
2020-11-12,4.989999771118164,5.210000038146973,4.980000019073486,5.190000057220459,2987500
2020-11-13,5.110000133514404,5.150000095367432,5.010000228881836,5.019999980926514,5360500
2020-11-16,5.190000057220459,5.230000019073486,5.130000114440918,5.139999866485596,3276300
2020-11-17,5.289999961853027,5.300000190734863,5.150000095367432,5.21999979019165,3229300
2020-11-18,5.440000057220459,5.610000133514404,5.309999942779541,5.349999904632568,6118700
2020-11-19,5.360000133514404,5.489999771118164,5.289999961853027,5.489999771118164,4367200
2020-11-20,5.760000228881836,5.769999980926514,5.329999923706055,5.360000133514404,6583400
2020-11-23,5.659999847412109,5.840000152587891,5.590000152587891,5.809999942779541,4995700
2020-11-24,5.699999809265137,5.769999980926514,5.639999866485596,5.739999771118164,5142800
2020-11-25,5.909999847412109,5.940000057220459,5.679999828338623,5.699999809265137,4992200
2020-11-27,6.150000095367432,6.199999809265137,5.900000095367432,5.940000057220459,3742500
2020-11-30,5.869999885559082,6.159999847412109,5.820000171661377,6.150000095367432,6862900
2020-12-01,7.0,9.6899995803833,6.920000076293945,8.359999656677246,329454900
2020-12-02,7.449999809265137,8.40999984741211,7.090000152587891,7.679999828338623,150129800
2020-12-03,7.460000038146973,7.610000133514404,7.199999809265137,7.440000057220459,40307200
2020-12-04,8.520000457763672,8.550000190734863,7.389999866485596,7.389999866485596,69814500
2020-12-07,8.25,9.0,8.119999885559082,8.739999771118164,44629100
2020-12-08,8.520000457763672,8.720000267028809,8.239999771118164,8.260000228881836,26885100
2020-12-09,8.3100004196167,8.649999618530273,8.0600004196167,8.550000190734863,19628000
2020-12-10,8.369999885559082,8.399999618530273,8.079999923706055,8.100000381469727,10923200
2020-12-11,8.15999984741211,8.329999923706055,7.960000038146973,8.300000190734863,11643200
2020-12-14,8.25,8.569999694824219,8.15999984741211,8.279999732971191,14675500
2020-12-15,8.300000190734863,8.390000343322754,8.09000015258789,8.359999656677246,9782000
2020-12-16,8.239999771118164,8.350000381469727,8.170000076293945,8.350000381469727,8043200
2020-12-17,8.260000228881836,8.34000015258789,8.029999732971191,8.300000190734863,17717900
2020-12-18,6.949999809265137,7.829999923706055,6.880000114440918,7.829999923706055,49470100
2020-12-21,7.110000133514404,7.199999809265137,6.730000019073486,6.840000152587891,17988300
2020-12-22,7.190000057220459,7.440000057220459,7.050000190734863,7.179999828338623,16741500
2020-12-23,7.090000152587891,7.329999923706055,7.079999923706055,7.300000190734863,9115500
2020-12-24,7.059999942779541,7.239999771118164,7.050000190734863,7.119999885559082,6088300
2020-12-28,6.880000114440918,7.130000114440918,6.849999904632568,7.099999904632568,9820100
2020-12-29,6.769999980926514,7.0,6.679999828338623,6.980000019073486,11284200
2020-12-30,6.670000076293945,6.809999942779541,6.599999904632568,6.789999961853027,9434900
2020-12-31,6.630000114440918,6.800000190734863,6.630000114440918,6.679999828338623,7530600
2021-01-04,6.579999923706055,6.820000171661377,6.519999980926514,6.699999809265137,11139200
2021-01-05,6.769999980926514,6.800000190734863,6.559999942779541,6.619999885559082,9108900
2021-01-06,6.710000038146973,6.909999847412109,6.630000114440918,6.710000038146973,11022300
2021-01-07,7.059999942779541,7.119999885559082,6.71999979019165,6.75,13062800
2021-01-08,7.559999942779541,7.639999866485596,7.099999904632568,7.21999979019165,23039300
2021-01-11,7.650000095367432,7.789999961853027,7.320000171661377,7.639999866485596,15720100
2021-01-12,7.630000114440918,7.710000038146973,7.480000019073486,7.690000057220459,9416000
2021-01-13,7.440000057220459,7.659999847412109,7.400000095367432,7.650000095367432,8345500
2021-01-14,9.109999656677246,9.329999923706056,7.46999979019165,7.510000228881836,65231300
2021-01-15,9.84000015258789,11.5600004196167,9.399999618530272,10.68000030517578,153854700
2021-01-19,12.350000381469728,12.390000343322754,10.579999923706056,10.850000381469728,112483200
2021-01-20,12.789999961853027,13.640000343322754,12.380000114440918,13.229999542236328,130140700
2021-01-21,12.850000381469728,12.949999809265137,12.010000228881836,12.619999885559082,63272900
2021-01-22,14.039999961853027,14.279999732971191,12.170000076293944,12.369999885559082,120473600
2021-01-25,18.030000686645508,20.82999992370605,15.739999771118164,19.549999237060547,363829100
2021-01-26,18.920000076293945,19.51000022888184,17.190000534057617,19.09000015258789,242740800
2021-01-27,25.100000381469727,28.770000457763672,19.809999465942383,20.25,372222600
2021-01-28,14.649999618530272,22.5,13.399999618530272,19.46999931335449,194906600
2021-01-29,14.100000381469728,18.1200008392334,13.6899995803833,17.979999542236328,94049200
2021-02-01,14.630000114440918,15.539999961853027,12.729999542236328,14.640000343322754,78506000
2021-02-02,11.550000190734863,13.75,11.079999923706056,13.470000267028809,80520900
2021-02-03,12.0,12.470000267028809,11.079999923706056,11.720000267028809,50001300
2021-02-04,12.149999618530272,12.43000030517578,11.529999732971191,12.119999885559082,33668000
2021-02-05,13.229999542236328,13.670000076293944,11.880000114440918,11.920000076293944,44183100
2021-02-08,13.760000228881836,14.350000381469728,13.300000190734863,13.779999732971191,37068900
2021-02-09,13.43000030517578,13.649999618530272,13.010000228881836,13.609999656677246,23252500
2021-02-10,13.100000381469728,13.489999771118164,12.75,13.06999969482422,27277900
2021-02-11,12.460000038146973,13.09000015258789,12.130000114440918,12.84000015258789,22895500
2021-02-12,13.039999961853027,13.289999961853027,12.119999885559082,12.289999961853027,18222500
2021-02-16,12.210000038146973,13.170000076293944,12.050000190734863,13.119999885559082,25480200
2021-02-17,11.31999969482422,11.81999969482422,11.010000228881836,11.800000190734863,26222900
2021-02-18,10.9399995803833,11.279999732971191,10.75,10.829999923706056,19052600
2021-02-19,10.899999618530272,11.1899995803833,10.619999885559082,10.970000267028809,20132700
2021-02-22,10.68000030517578,11.5600004196167,10.56999969482422,10.609999656677246,21227500
2021-02-23,10.399999618530272,10.460000038146973,9.630000114440918,10.289999961853027,27150600
2021-02-24,11.31999969482422,11.720000267028809,10.18000030517578,10.289999961853027,40660700
2021-02-25,10.579999923706056,12.149999618530272,10.350000381469728,12.140000343322754,46082800
2021-02-26,10.050000190734863,10.81999969482422,10.010000228881836,10.479999542236328,22542400
2021-03-01,10.90999984741211,11.25,10.289999961853027,10.289999961853027,24897300
2021-03-02,10.5,10.9399995803833,10.420000076293944,10.899999618530272,12395300
2021-03-03,10.149999618530272,10.720000267028809,10.050000190734863,10.479999542236328,14866300
2021-03-04,9.84000015258789,10.369999885559082,9.59000015258789,10.010000228881836,26124100
2021-03-05,9.449999809265137,9.850000381469728,8.819999694824219,9.800000190734863,23723400
2021-03-08,9.75,10.020000457763672,9.1899995803833,9.390000343322754,16479500
2021-03-09,10.449999809265137,10.68000030517578,10.029999732971191,10.1899995803833,21437800
2021-03-10,10.34000015258789,11.010000228881836,10.149999618530272,11.010000228881836,23939100
2021-03-11,10.699999809265137,10.800000190734863,10.329999923706056,10.550000190734863,12306200
2021-03-12,11.850000381469728,11.93000030517578,10.359999656677246,10.470000267028809,25863200
2021-03-15,11.68000030517578,12.520000457763672,11.550000190734863,12.09000015258789,25353500
2021-03-16,11.460000038146973,12.199999809265137,11.270000457763672,11.869999885559082,19812400
2021-03-17,11.600000381469728,11.65999984741211,11.149999618530272,11.329999923706056,9710500
2021-03-18,10.760000228881836,11.470000267028809,10.65999984741211,11.390000343322754,11400300
2021-03-19,10.949999809265137,11.170000076293944,10.6899995803833,10.829999923706056,10519100
2021-03-22,10.710000038146973,11.34000015258789,10.65999984741211,11.0,7903600
2021-03-23,10.06999969482422,10.6899995803833,10.020000457763672,10.6899995803833,12245500
2021-03-24,9.579999923706056,10.220000267028809,9.550000190734863,10.210000038146973,12636100
2021-03-25,9.880000114440918,9.970000267028809,9.25,9.3100004196167,14363900
2021-03-26,9.630000114440918,10.050000190734863,9.289999961853027,10.050000190734863,13197200
2021-03-29,9.199999809265137,9.670000076293944,9.140000343322754,9.5600004196167,13538000
2021-03-30,9.34000015258789,9.40999984741211,8.880000114440918,9.079999923706056,17569600
2021-03-31,8.430000305175781,8.729999542236328,8.359999656677246,8.609999656677246,32865200
2021-04-01,8.600000381469727,8.890000343322754,8.5,8.59000015258789,14709900
2021-04-05,9.300000190734863,9.34000015258789,8.619999885559082,8.75,18460000
2021-04-06,8.989999771118164,9.279999732971191,8.9399995803833,9.130000114440918,9807300
2021-04-07,8.90999984741211,9.510000228881836,8.90999984741211,9.449999809265137,16106100
2021-04-08,9.4399995803833,9.59000015258789,8.949999809265137,8.989999771118164,11406800
2021-04-09,9.130000114440918,9.420000076293944,9.100000381469728,9.31999969482422,6685200
2021-04-12,9.029999732971191,9.279999732971191,8.960000038146973,9.09000015258789,6501800
2021-04-13,9.100000381469728,9.220000267028809,8.899999618530273,9.06999969482422,6896000
2021-04-14,9.0,9.369999885559082,8.989999771118164,9.050000190734863,7711600
2021-04-15,8.770000457763672,9.140000343322754,8.649999618530273,9.100000381469728,8438200
2021-04-16,8.699999809265137,8.760000228881836,8.5,8.6899995803833,7577500
2021-04-19,8.619999885559082,8.789999961853027,8.460000038146973,8.649999618530273,6377700
2021-04-20,8.210000038146973,8.6899995803833,8.0600004196167,8.59000015258789,12637600
2021-04-21,8.65999984741211,8.670000076293945,8.039999961853027,8.09000015258789,9263300
2021-04-22,8.640000343322754,8.970000267028809,8.579999923706055,8.6899995803833,8636300
2021-04-23,8.850000381469727,8.880000114440918,8.59000015258789,8.65999984741211,5426100
2021-04-26,9.09000015258789,9.1899995803833,8.84000015258789,8.859999656677246,8168100
2021-04-27,9.289999961853027,9.619999885559082,8.869999885559082,9.15999984741211,21110700
2021-04-28,9.300000190734863,9.670000076293944,9.119999885559082,9.229999542236328,12299900
2021-04-29,9.0600004196167,9.449999809265137,8.880000114440918,9.449999809265137,6870000
2021-04-30,8.829999923706055,9.130000114440918,8.760000228881836,8.960000038146973,6135800
2021-05-03,8.609999656677246,8.90999984741211,8.569999694824219,8.890000343322754,5724900
2021-05-04,8.359999656677246,8.59000015258789,8.140000343322754,8.520000457763672,8622900
2021-05-05,8.220000267028809,8.460000038146973,8.149999618530273,8.4399995803833,5292300
2021-05-06,8.149999618530273,8.220000267028809,7.980000019073486,8.149999618530273,7009600
2021-05-07,8.479999542236328,8.630000114440918,8.199999809265137,8.210000038146973,5591900
2021-05-10,8.130000114440918,8.4399995803833,8.130000114440918,8.430000305175781,5755100
2021-05-11,8.300000190734863,8.34000015258789,7.769999980926514,7.880000114440918,8230200
2021-05-12,7.949999809265137,8.25,7.889999866485596,8.199999809265137,7447300
2021-05-13,7.940000057220459,8.180000305175781,7.710000038146973,7.989999771118164,13669500
2021-05-14,8.4399995803833,8.539999961853027,7.989999771118164,8.0,9579300
2021-05-17,8.489999771118164,8.569999694824219,8.279999732971191,8.319999694824219,5199900
2021-05-18,8.770000457763672,9.029999732971191,8.430000305175781,8.550000190734863,7234400
2021-05-19,8.539999961853027,8.59000015258789,8.34000015258789,8.4399995803833,5238500
2021-05-20,8.779999732971191,8.8100004196167,8.520000457763672,8.640000343322754,4089300
2021-05-21,8.520000457763672,8.869999885559082,8.520000457763672,8.84000015258789,5029000
2021-05-24,8.619999885559082,8.670000076293945,8.460000038146973,8.5600004196167,4336500
2021-05-25,8.59000015258789,8.699999809265137,8.470000267028809,8.640000343322754,7590900
2021-05-26,9.4399995803833,9.600000381469728,8.6899995803833,8.789999961853027,26504900
2021-05-27,9.970000267028809,10.149999618530272,9.25,9.699999809265137,45662100
2021-05-28,10.06999969482422,12.09000015258789,9.9399995803833,10.3100004196167,116292700
2021-06-01,11.5600004196167,11.609999656677246,10.520000457763672,11.229999542236328,87552400
2021-06-02,15.25,16.65999984741211,12.329999923706056,12.90999984741211,346138300
2021-06-03,15.880000114440918,20.170000076293945,13.5600004196167,18.940000534057617,536739400
2021-06-04,13.859999656677246,16.350000381469727,13.699999809265137,15.960000038146973,174183700
2021-06-07,15.770000457763672,16.600000381469727,14.119999885559082,14.449999809265137,197778200
2021-06-08,15.800000190734863,17.170000076293945,15.25,16.479999542236328,162544200
2021-06-09,15.15999984741211,16.18000030517578,14.300000190734863,15.43000030517578,103503100
2021-06-10,13.890000343322754,15.239999771118164,13.800000190734863,14.75,68611400
2021-06-11,14.18000030517578,14.329999923706056,13.56999969482422,14.119999885559082,56132800
2021-06-14,14.050000190734863,14.75,13.8100004196167,14.239999771118164,47532000
2021-06-15,13.989999771118164,14.40999984741211,13.550000190734863,13.9399995803833,39804700
2021-06-16,12.880000114440918,13.800000190734863,12.59000015258789,13.649999618530272,44085000
2021-06-17,13.510000228881836,13.65999984741211,12.59000015258789,12.65999984741211,43188000
2021-06-18,12.899999618530272,13.869999885559082,12.619999885559082,13.539999961853027,38351400
2021-06-21,12.800000190734863,12.970000267028809,12.31999969482422,12.869999885559082,23253600
2021-06-22,13.40999984741211,13.56999969482422,12.399999618530272,12.770000457763672,32563300
2021-06-23,13.140000343322754,13.470000267028809,12.90999984741211,13.260000228881836,22997600
2021-06-24,12.68000030517578,13.329999923706056,12.640000343322754,13.229999542236328,22159000
2021-06-25,12.119999885559082,12.460000038146973,11.760000228881836,12.210000038146973,36954200
2021-06-28,12.800000190734863,12.859999656677246,12.039999961853027,12.0600004196167,31117800
2021-06-29,12.239999771118164,12.6899995803833,12.1899995803833,12.529999732971191,14336800
2021-06-30,12.220000267028809,12.510000228881836,11.949999809265137,12.109999656677246,13816700
2021-07-01,12.170000076293944,12.270000457763672,11.869999885559082,12.18000030517578,12244100
2021-07-02,11.989999771118164,12.25,11.81999969482422,12.079999923706056,10363100
2021-07-06,12.06999969482422,12.390000343322754,11.979999542236328,12.039999961853027,10881200
2021-07-07,11.4399995803833,12.140000343322754,11.369999885559082,12.079999923706056,12343300
2021-07-08,11.550000190734863,11.779999732971191,10.899999618530272,11.079999923706056,12555800
2021-07-09,11.789999961853027,11.800000190734863,11.399999618530272,11.489999771118164,5444500
2021-07-12,11.25,11.829999923706056,11.170000076293944,11.770000457763672,7346800
2021-07-13,11.079999923706056,11.420000076293944,10.869999885559082,11.170000076293944,6825500
2021-07-14,10.65999984741211,11.210000038146973,10.539999961853027,11.140000343322754,9783400
2021-07-15,10.56999969482422,10.90999984741211,10.239999771118164,10.489999771118164,12855700
2021-07-16,10.109999656677246,10.6899995803833,9.960000038146973,10.579999923706056,10336000
2021-07-19,9.880000114440918,10.09000015258789,9.65999984741211,9.81999969482422,12812500
2021-07-20,10.619999885559082,10.720000267028809,9.9399995803833,9.979999542236328,11079700
2021-07-21,10.81999969482422,10.869999885559082,10.399999618530272,10.43000030517578,7894300
2021-07-22,10.380000114440918,10.899999618530272,10.350000381469728,10.739999771118164,4596100
2021-07-23,10.18000030517578,10.4399995803833,10.039999961853027,10.380000114440918,4737400
2021-07-26,10.15999984741211,10.40999984741211,9.960000038146973,10.210000038146973,8374000
2021-07-27,9.90999984741211,10.18000030517578,9.640000343322754,10.15999984741211,8996900
2021-07-28,10.770000457763672,11.0,9.970000267028809,9.970000267028809,15858200
2021-07-29,10.350000381469728,10.699999809265137,10.300000190734863,10.5600004196167,8040800
2021-07-30,10.15999984741211,10.489999771118164,10.050000190734863,10.289999961853027,5346100
2021-08-02,10.100000381469728,10.40999984741211,10.09000015258789,10.199999809265137,4727200
2021-08-03,10.170000076293944,10.18000030517578,9.869999885559082,10.09000015258789,5764500
2021-08-04,9.869999885559082,10.229999542236328,9.81999969482422,10.109999656677246,7245500
2021-08-05,10.43000030517578,10.630000114440918,9.869999885559082,9.90999984741211,10969300
2021-08-06,10.289999961853027,10.460000038146973,10.199999809265137,10.329999923706056,4492900
2021-08-09,10.40999984741211,10.539999961853027,10.1899995803833,10.25,6133500
2021-08-10,10.369999885559082,10.649999618530272,10.279999732971191,10.40999984741211,4915700
2021-08-11,10.31999969482422,10.4399995803833,10.06999969482422,10.40999984741211,5142800
2021-08-12,10.170000076293944,10.4399995803833,10.06999969482422,10.289999961853027,3684500
2021-08-13,9.880000114440918,10.170000076293944,9.859999656677246,10.109999656677246,5786900
2021-08-16,9.670000076293944,9.890000343322754,9.5600004196167,9.81999969482422,7500800
2021-08-17,9.670000076293944,9.869999885559082,9.479999542236328,9.600000381469728,9442700
2021-08-18,10.079999923706056,10.329999923706056,9.720000267028809,9.8100004196167,9796000
2021-08-19,9.5600004196167,9.979999542236328,9.529999732971191,9.880000114440918,7847800
2021-08-20,9.630000114440918,9.8100004196167,9.479999542236328,9.56999969482422,5342500
2021-08-23,10.140000343322754,10.239999771118164,9.670000076293944,9.699999809265137,8709300
2021-08-24,11.100000381469728,11.34000015258789,10.130000114440918,10.130000114440918,24435400
2021-08-25,10.739999771118164,11.68000030517578,10.65999984741211,11.229999542236328,26337600
2021-08-26,10.8100004196167,11.18000030517578,10.5600004196167,10.729999542236328,13356700
2021-08-27,11.300000190734863,11.399999618530272,10.800000190734863,10.8100004196167,12692200
2021-08-30,11.210000038146973,11.520000457763672,10.90999984741211,11.329999923706056,10341700
2021-08-31,11.40999984741211,11.539999961853027,11.109999656677246,11.220000267028809,8772600
2021-09-01,11.68000030517578,12.010000228881836,11.40999984741211,11.449999809265137,14304200
2021-09-02,11.25,11.84000015258789,11.06999969482422,11.770000457763672,8576400
2021-09-03,11.06999969482422,11.4399995803833,11.010000228881836,11.199999809265137,4783400
2021-09-07,10.829999923706056,11.220000267028809,10.760000228881836,11.09000015258789,7675100
2021-09-08,10.390000343322754,10.84000015258789,10.380000114440918,10.789999961853027,6629200
2021-09-09,10.729999542236328,11.130000114440918,10.350000381469728,10.399999618530272,9318900
2021-09-10,10.420000076293944,10.859999656677246,10.369999885559082,10.75,4956300
2021-09-13,10.470000267028809,10.75,10.260000228881836,10.43000030517578,6341400
2021-09-14,10.039999961853027,10.489999771118164,9.9399995803833,10.470000267028809,7090500
2021-09-15,10.130000114440918,10.149999618530272,9.899999618530272,10.029999732971191,5364800
2021-09-16,10.15999984741211,10.170000076293944,9.960000038146973,10.130000114440918,6179500
2021-09-17,10.029999732971191,10.220000267028809,9.920000076293944,10.079999923706056,10459100
2021-09-20,9.43000030517578,9.789999961853027,9.239999771118164,9.760000228881836,12485500
2021-09-21,9.369999885559082,9.600000381469728,9.260000228881836,9.539999961853027,8769800
2021-09-22,9.5600004196167,9.789999961853027,9.40999984741211,9.5,14260500
2021-09-23,10.600000381469728,11.050000190734863,9.960000038146973,10.199999809265137,40686100
2021-09-24,10.380000114440918,10.529999732971191,10.140000343322754,10.460000038146973,10571100
2021-09-27,10.140000343322754,10.350000381469728,9.960000038146973,10.31999969482422,9017300
2021-09-28,9.789999961853027,10.079999923706056,9.770000457763672,9.989999771118164,8733300
2021-09-29,9.600000381469728,9.93000030517578,9.5600004196167,9.829999923706056,6505000
2021-09-30,9.729999542236328,9.979999542236328,9.470000267028809,9.619999885559082,9539000
2021-10-01,9.699999809265137,9.90999984741211,9.579999923706056,9.789999961853027,5291900
2021-10-04,9.600000381469728,9.720000267028809,9.350000381469728,9.65999984741211,9718800
2021-10-05,9.520000457763672,9.829999923706056,9.5,9.630000114440918,6225200
2021-10-06,9.359999656677246,9.449999809265137,9.100000381469728,9.369999885559082,9246600
2021-10-07,9.600000381469728,9.75,9.289999961853027,9.470000267028809,5519400
2021-10-08,9.390000343322754,9.59000015258789,9.359999656677246,9.5600004196167,4695900
2021-10-11,9.279999732971191,9.510000228881836,9.25,9.350000381469728,6246200
2021-10-12,9.34000015258789,9.479999542236328,9.25,9.329999923706056,4628800
2021-10-13,9.8100004196167,10.170000076293944,9.59000015258789,9.59000015258789,14299200
2021-10-14,10.260000228881836,10.460000038146973,9.8100004196167,9.93000030517578,14446500
2021-10-15,10.34000015258789,10.600000381469728,10.109999656677246,10.25,9097800
2021-10-18,10.100000381469728,10.359999656677246,10.079999923706056,10.25,6036000
2021-10-19,11.520000457763672,11.739999771118164,9.979999542236328,10.18000030517578,34926500
2021-10-20,11.40999984741211,11.5600004196167,10.960000038146973,11.380000114440918,17991300
2021-10-21,11.300000190734863,11.90999984741211,11.15999984741211,11.369999885559082,13188800
2021-10-22,10.920000076293944,11.5,10.880000114440918,11.149999618530272,8774800
2021-10-25,11.039999961853027,11.359999656677246,10.779999732971191,10.779999732971191,8106000
2021-10-26,10.829999923706056,11.149999618530272,10.800000190734863,11.149999618530272,6049500
2021-10-27,10.56999969482422,11.0,10.56999969482422,10.8100004196167,4912200
2021-10-28,10.789999961853027,10.880000114440918,10.5600004196167,10.600000381469728,4283800
2021-10-29,10.800000190734863,11.050000190734863,10.630000114440918,10.699999809265137,5630900
2021-11-01,11.369999885559082,11.43000030517578,10.800000190734863,10.81999969482422,8445700
2021-11-02,11.399999618530272,11.520000457763672,11.079999923706056,11.329999923706056,11531400
2021-11-03,11.729999542236328,12.390000343322754,11.479999542236328,11.729999542236328,22148500
2021-11-04,10.9399995803833,11.75,10.899999618530272,11.75,14456800
2021-11-05,11.050000190734863,11.15999984741211,10.739999771118164,11.0,8642500
2021-11-08,11.279999732971191,11.43000030517578,11.020000457763672,11.039999961853027,8136600
2021-11-09,11.1899995803833,11.239999771118164,10.84000015258789,11.239999771118164,6085800
2021-11-10,10.479999542236328,11.149999618530272,10.4399995803833,11.0,9071600
2021-11-11,10.539999961853027,10.739999771118164,10.479999542236328,10.59000015258789,4214700
2021-11-12,10.779999732971191,10.859999656677246,10.56999969482422,10.609999656677246,4312600
2021-11-15,10.81999969482422,10.989999771118164,10.619999885559082,10.800000190734863,5385300
2021-11-16,11.220000267028809,11.260000228881836,10.529999732971191,10.739999771118164,8274400
2021-11-17,10.960000038146973,11.329999923706056,10.920000076293944,11.140000343322754,5666300
2021-11-18,10.630000114440918,11.0600004196167,10.510000228881836,11.029999732971191,6374000
2021-11-19,10.4399995803833,10.760000228881836,10.399999618530272,10.649999618530272,5000400
2021-11-22,10.09000015258789,10.539999961853027,9.9399995803833,10.5,7786000
2021-11-23,10.109999656677246,10.329999923706056,9.90999984741211,10.09000015258789,5255200
2021-11-24,10.210000038146973,10.300000190734863,9.869999885559082,10.050000190734863,4304400
2021-11-26,9.970000267028809,10.079999923706056,9.81999969482422,9.949999809265137,4343300
2021-11-29,9.850000381469728,10.079999923706056,9.600000381469728,10.0,8130600
2021-11-30,9.520000457763672,9.890000343322754,9.31999969482422,9.75,7618900
2021-12-01,8.880000114440918,9.6899995803833,8.829999923706055,9.6899995803833,12120300
2021-12-02,9.279999732971191,9.380000114440918,8.819999694824219,8.899999618530273,10937600
2021-12-03,8.9399995803833,9.390000343322754,8.6899995803833,9.279999732971191,12810300
2021-12-06,9.029999732971191,9.100000381469728,8.739999771118164,8.800000190734863,6232300
2021-12-07,9.289999961853027,9.489999771118164,9.18000030517578,9.25,6331600
2021-12-08,9.3100004196167,9.470000267028809,9.079999923706056,9.31999969482422,6044800
2021-12-09,9.010000228881836,9.329999923706056,8.9399995803833,9.199999809265137,4532500
2021-12-10,8.789999961853027,9.18000030517578,8.6899995803833,9.100000381469728,7188800
2021-12-13,8.65999984741211,9.010000228881836,8.520000457763672,8.789999961853027,7882500
2021-12-14,8.600000381469727,8.8100004196167,8.489999771118164,8.5,8079400
2021-12-15,8.930000305175781,9.06999969482422,8.420000076293945,8.90999984741211,15904400
2021-12-16,8.779999732971191,9.1899995803833,8.670000076293945,9.0,8521800
2021-12-17,9.170000076293944,9.300000190734863,8.630000114440918,8.680000305175781,13789600
2021-12-20,8.880000114440918,8.989999771118164,8.649999618530273,8.960000038146973,10381200
2021-12-21,9.25,9.40999984741211,8.989999771118164,9.0,15025300
2021-12-22,9.40999984741211,9.489999771118164,8.609999656677246,9.050000190734863,20581000
2021-12-23,9.479999542236328,9.520000457763672,8.989999771118164,9.260000228881836,9882600
2021-12-27,9.399999618530272,9.56999969482422,9.25,9.43000030517578,8183100
2021-12-28,9.4399995803833,9.539999961853027,9.31999969482422,9.43000030517578,6407900
2021-12-29,9.210000038146973,9.520000457763672,9.18000030517578,9.399999618530272,6489400
2021-12-30,9.489999771118164,9.670000076293944,9.170000076293944,9.18000030517578,10226000
2021-12-31,9.350000381469728,9.630000114440918,9.329999923706056,9.5,7523100
2022-01-03,9.369999885559082,9.390000343322754,9.100000381469728,9.31999969482422,5074700
2022-01-04,9.329999923706056,9.489999771118164,9.119999885559082,9.369999885559082,6166400
2022-01-05,8.779999732971191,9.350000381469728,8.779999732971191,9.270000457763672,9432700
2022-01-06,8.779999732971191,9.020000457763672,8.470000267028809,8.789999961853027,11285300
2022-01-07,8.859999656677246,9.229999542236328,8.800000190734863,8.970000267028809,6329700
2022-01-10,8.84000015258789,8.84000015258789,8.510000228881836,8.819999694824219,7247600
2022-01-11,9.199999809265137,9.350000381469728,8.84000015258789,8.84000015258789,8447500
2022-01-12,9.199999809265137,9.350000381469728,9.039999961853027,9.260000228881836,5020700
2022-01-13,8.9399995803833,9.289999961853027,8.90999984741211,9.229999542236328,4328900
2022-01-14,9.039999961853027,9.079999923706056,8.84000015258789,8.869999885559082,5482600
2022-01-18,9.09000015258789,9.289999961853027,8.850000381469727,8.9399995803833,7450200
2022-01-19,8.930000305175781,9.31999969482422,8.90999984741211,9.130000114440918,8747600
2022-01-20,8.890000343322754,9.3100004196167,8.869999885559082,9.010000228881836,8433700
2022-01-21,8.539999961853027,8.90999984741211,8.520000457763672,8.850000381469727,10221200
2022-01-24,8.199999809265137,8.329999923706055,7.619999885559082,8.229999542236328,18067000
2022-01-25,8.079999923706055,8.220000267028809,7.820000171661377,7.980000019073486,8155500
2022-01-26,7.909999847412109,8.380000114440918,7.869999885559082,8.289999961853027,8418500
2022-01-27,7.550000190734863,8.050000190734863,7.5,7.980000019073486,10348200
2022-01-28,7.880000114440918,7.889999866485596,7.440000057220459,7.53000020980835,8896400
2022-01-31,8.229999542236328,8.329999923706055,7.400000095367432,7.519999980926514,19786600
2022-02-01,8.130000114440918,8.350000381469727,8.050000190734863,8.239999771118164,9295300
2022-02-02,7.71999979019165,8.180000305175781,7.610000133514404,8.180000305175781,12319600
2022-02-03,7.269999980926514,7.670000076293945,7.269999980926514,7.570000171661377,14579800
2022-02-04,7.369999885559082,7.449999809265137,7.130000114440918,7.269999980926514,8067600
2022-02-07,7.239999771118164,7.510000228881836,7.230000019073486,7.409999847412109,5392500
2022-02-08,7.289999961853027,7.349999904632568,7.139999866485596,7.210000038146973,5377400
2022-02-09,7.389999866485596,7.559999942779541,7.28000020980835,7.349999904632568,10347700
2022-02-10,7.230000019073486,7.590000152587891,7.179999828338623,7.25,8253500
2022-02-11,7.039999961853027,7.349999904632568,6.989999771118164,7.21999979019165,8309700
2022-02-14,6.900000095367432,7.179999828338623,6.860000133514404,6.980000019073486,7303200
2022-02-15,7.190000057220459,7.21999979019165,6.980000019073486,7.070000171661377,5678600
2022-02-16,7.150000095367432,7.179999828338623,7.0,7.159999847412109,4278400
2022-02-17,6.829999923706055,7.110000133514404,6.829999923706055,7.079999923706055,5926800
2022-02-18,6.650000095367432,6.949999809265137,6.639999866485596,6.849999904632568,7584900
2022-02-22,6.420000076293945,6.690000057220459,6.329999923706055,6.46999979019165,8646700
2022-02-23,6.260000228881836,6.659999847412109,6.239999771118164,6.53000020980835,7586200
2022-02-24,6.619999885559082,6.639999866485596,5.800000190734863,5.849999904632568,11565600
2022-02-25,6.71999979019165,6.71999979019165,6.400000095367432,6.599999904632568,5892100
2022-02-28,6.869999885559082,6.900000095367432,6.619999885559082,6.679999828338623,5733300
2022-03-01,6.78000020980835,7.0,6.71999979019165,6.880000114440918,6755200
2022-03-02,6.840000152587891,6.880000114440918,6.639999866485596,6.78000020980835,5708900
2022-03-03,6.730000019073486,6.900000095367432,6.610000133514404,6.829999923706055,4440700
2022-03-04,6.480000019073486,6.769999980926514,6.449999809265137,6.730000019073486,5353900
2022-03-07,6.300000190734863,6.599999904632568,6.289999961853027,6.510000228881836,5291700
2022-03-08,6.360000133514404,6.550000190734863,6.199999809265137,6.269999980926514,5713200
2022-03-09,6.739999771118164,6.769999980926514,6.480000019073486,6.489999771118164,5228400
2022-03-10,6.510000228881836,6.760000228881836,6.449999809265137,6.610000133514404,10825100
2022-03-11,6.239999771118164,6.630000114440918,6.230000019073486,6.559999942779541,4120800
2022-03-14,5.940000057220459,6.25,5.900000095367432,6.239999771118164,6084400
2022-03-15,6.090000152587891,6.099999904632568,5.880000114440918,5.949999809265137,7559400
2022-03-16,6.570000171661377,6.579999923706055,6.210000038146973,6.210000038146973,7085200
2022-03-17,6.820000171661377,6.849999904632568,6.489999771118164,6.539999961853027,5341300
2022-03-18,7.03000020980835,7.119999885559082,6.789999961853027,6.820000171661377,7879100
2022-03-21,7.130000114440918,7.449999809265137,7.079999923706055,7.28000020980835,8861100
2022-03-22,7.480000019073486,7.570000171661377,7.130000114440918,7.130000114440918,12656800
2022-03-23,7.550000190734863,7.860000133514404,7.389999866485596,7.46999979019165,10960400
2022-03-24,7.650000095367432,7.670000076293945,7.389999866485596,7.559999942779541,6099000
2022-03-25,7.389999866485596,7.639999866485596,7.329999923706055,7.630000114440918,7341900
2022-03-28,7.670000076293945,7.78000020980835,7.300000190734863,7.349999904632568,15377300
2022-03-29,7.829999923706055,7.96999979019165,7.610000133514404,7.71999979019165,16883600
2022-03-30,7.590000152587891,7.820000171661377,7.53000020980835,7.75,10155100
2022-03-31,7.460000038146973,7.619999885559082,7.369999885559082,7.599999904632568,12854500
2022-04-01,6.75,6.960000038146973,6.519999980926514,6.900000095367432,21689100
2022-04-04,7.059999942779541,7.059999942779541,6.679999828338623,6.800000190734863,8940200
2022-04-05,7.110000133514404,7.179999828338623,6.900000095367432,7.03000020980835,8772300
2022-04-06,6.920000076293945,7.03000020980835,6.829999923706055,6.929999828338623,7026200
2022-04-07,6.769999980926514,6.940000057220459,6.599999904632568,6.880000114440918,6628500
2022-04-08,6.800000190734863,7.010000228881836,6.710000038146973,6.789999961853027,5471800
2022-04-11,6.760000228881836,6.820000171661377,6.599999904632568,6.730000019073486,5477200
2022-04-12,6.699999809265137,7.03000020980835,6.639999866485596,6.829999923706055,5649200
2022-04-13,6.849999904632568,6.909999847412109,6.599999904632568,6.710000038146973,4255100
2022-04-14,6.679999828338623,6.929999828338623,6.659999847412109,6.880000114440918,4630800
2022-04-18,6.5,6.670000076293945,6.429999828338623,6.639999866485596,4809500
2022-04-19,6.639999866485596,6.739999771118164,6.449999809265137,6.519999980926514,4913800
2022-04-20,6.409999847412109,6.670000076293945,6.389999866485596,6.670000076293945,4635800
2022-04-21,6.159999847412109,6.550000190734863,6.139999866485596,6.46999979019165,5939600
2022-04-22,6.059999942779541,6.210000038146973,5.909999847412109,6.150000095367432,8267300
2022-04-25,6.079999923706055,6.099999904632568,5.940000057220459,5.96999979019165,5446500
2022-04-26,5.699999809265137,6.059999942779541,5.670000076293945,6.03000020980835,7247000
2022-04-27,5.599999904632568,5.829999923706055,5.579999923706055,5.650000095367432,6054100
2022-04-28,5.880000114440918,5.929999828338623,5.570000171661377,5.670000076293945,5344800
2022-04-29,5.71999979019165,6.019999980926514,5.71999979019165,5.840000152587891,5996900
2022-05-02,5.860000133514404,5.869999885559082,5.610000133514404,5.690000057220459,6701100
2022-05-03,5.880000114440918,5.980000019073486,5.800000190734863,5.860000133514404,5503200
2022-05-04,6.119999885559082,6.130000114440918,5.71999979019165,5.889999866485596,5707100
2022-05-05,5.820000171661377,6.039999961853027,5.769999980926514,6.019999980926514,6448200
2022-05-06,5.610000133514404,5.849999904632568,5.550000190734863,5.739999771118164,7545400
2022-05-09,5.139999866485596,5.570000171661377,5.110000133514404,5.510000228881836,9641400
2022-05-10,5.190000057220459,5.309999942779541,4.989999771118164,5.21999979019165,11288900
2022-05-11,4.889999866485596,5.289999961853027,4.889999866485596,5.159999847412109,8047700
2022-05-12,5.130000114440918,5.28000020980835,4.699999809265137,4.75,15275900
2022-05-13,5.829999923706055,5.869999885559082,5.239999771118164,5.269999980926514,18835300
2022-05-16,5.690000057220459,5.929999828338623,5.679999828338623,5.769999980926514,8060700
2022-05-17,6.010000228881836,6.03000020980835,5.769999980926514,5.78000020980835,8153100
2022-05-18,5.880000114440918,6.25,5.829999923706055,5.929999828338623,11193800
2022-05-19,6.010000228881836,6.150000095367432,5.75,5.78000020980835,20904300
2022-05-20,5.889999866485596,6.210000038146973,5.739999771118164,6.099999904632568,12836900
2022-05-23,5.949999809265137,5.96999979019165,5.730000019073486,5.909999847412109,6860600
2022-05-24,5.739999771118164,5.869999885559082,5.619999885559082,5.869999885559082,7297300
2022-05-25,5.909999847412109,5.96999979019165,5.679999828338623,5.679999828338623,11079800
2022-05-26,6.070000171661377,6.119999885559082,5.840000152587891,5.849999904632568,9886700
2022-05-27,6.570000171661377,6.769999980926514,6.050000190734863,6.130000114440918,22551400
2022-05-31,6.050000190734863,6.510000228881836,5.960000038146973,6.5,13174300
2022-06-01,5.730000019073486,6.159999847412109,5.639999866485596,6.039999961853027,11298700
2022-06-02,6.159999847412109,6.210000038146973,5.679999828338623,5.690000057220459,14918100
2022-06-03,5.829999923706055,6.110000133514404,5.809999942779541,6.050000190734863,9865800
2022-06-06,5.900000095367432,6.0,5.800000190734863,5.909999847412109,10476400
2022-06-07,6.119999885559082,6.130000114440918,5.789999961853027,5.840000152587891,11532700
2022-06-08,6.130000114440918,6.190000057220459,6.010000228881836,6.090000152587891,10667300
2022-06-09,5.789999961853027,6.110000133514404,5.789999961853027,6.110000133514404,8516800
2022-06-10,5.539999961853027,5.739999771118164,5.489999771118164,5.610000133514404,9195100
2022-06-13,5.130000114440918,5.360000133514404,5.119999885559082,5.300000190734863,7684900
2022-06-14,5.139999866485596,5.269999980926514,5.050000190734863,5.150000095367432,8841400
2022-06-15,5.429999828338623,5.510000228881836,5.190000057220459,5.21999979019165,7643100
2022-06-16,5.070000171661377,5.269999980926514,5.0,5.230000019073486,8237000
2022-06-17,5.190000057220459,5.300000190734863,5.010000228881836,5.090000152587891,9362600
2022-06-21,5.269999980926514,5.449999809265137,5.260000228881836,5.400000095367432,8792700
2022-06-22,5.320000171661377,5.440000057220459,5.130000114440918,5.159999847412109,6103800
2022-06-23,5.369999885559082,5.400000095367432,5.159999847412109,5.329999923706055,10104700
2022-06-24,5.75,5.760000228881836,5.260000228881836,5.269999980926514,14534900
2022-06-27,5.800000190734863,5.869999885559082,5.639999866485596,5.760000228881836,10081600
2022-06-28,5.739999771118164,6.0,5.739999771118164,5.860000133514404,9816100
2022-06-29,5.539999961853027,5.75,5.46999979019165,5.75,9675000
2022-06-30,5.389999866485596,5.46999979019165,5.260000228881836,5.420000076293945,10152200
2022-07-01,5.449999809265137,5.480000019073486,5.260000228881836,5.400000095367432,6689300
2022-07-05,5.639999866485596,5.639999866485596,5.260000228881836,5.360000133514404,8980300
2022-07-06,5.840000152587891,5.889999866485596,5.659999847412109,5.679999828338623,8001300
2022-07-07,6.059999942779541,6.110000133514404,5.829999923706055,5.869999885559082,5737600
2022-07-08,5.940000057220459,6.099999904632568,5.869999885559082,5.989999771118164,5846600
2022-07-11,5.710000038146973,5.940000057220459,5.670000076293945,5.849999904632568,5341700
2022-07-12,5.630000114440918,5.78000020980835,5.5,5.75,6414700
2022-07-13,5.789999961853027,5.800000190734863,5.510000228881836,5.53000020980835,7101400
2022-07-14,5.619999885559082,5.730000019073486,5.550000190734863,5.670000076293945,7137400
2022-07-15,5.75,5.78000020980835,5.559999942779541,5.71999979019165,7503800
2022-07-18,5.75,5.949999809265137,5.730000019073486,5.829999923706055,5372100
2022-07-19,5.96999979019165,6.010000228881836,5.809999942779541,5.849999904632568,4197400
2022-07-20,6.170000076293945,6.25,5.949999809265137,5.949999809265137,7160500
2022-07-21,6.210000038146973,6.25,6.079999923706055,6.139999866485596,3240200
2022-07-22,5.929999828338623,6.25,5.880000114440918,6.210000038146973,5561500
2022-07-25,5.860000133514404,5.929999828338623,5.769999980926514,5.920000076293945,4145400
2022-07-26,5.710000038146973,5.789999961853027,5.630000114440918,5.789999961853027,4544800
2022-07-27,5.960000038146973,5.96999979019165,5.800000190734863,5.840000152587891,4028700
2022-07-28,6.119999885559082,6.119999885559082,5.840000152587891,5.929999828338623,4576900
2022-07-29,6.130000114440918,6.170000076293945,6.0,6.090000152587891,6140600
2022-08-01,6.099999904632568,6.170000076293945,6.0,6.079999923706055,5165100
2022-08-02,6.300000190734863,6.380000114440918,6.010000228881836,6.019999980926514,6529900
2022-08-03,6.570000171661377,6.599999904632568,6.349999904632568,6.349999904632568,5451400
2022-08-04,6.650000095367432,6.670000076293945,6.5,6.570000171661377,4342300
2022-08-05,6.75,6.769999980926514,6.449999809265137,6.519999980926514,5746700
2022-08-08,6.900000095367432,7.150000095367432,6.840000152587891,6.840000152587891,9476400
2022-08-09,6.590000152587891,6.869999885559082,6.570000171661377,6.820000171661377,5293600
2022-08-10,6.929999828338623,6.980000019073486,6.760000228881836,6.800000190734863,4709500
2022-08-11,6.739999771118164,7.090000152587891,6.710000038146973,7.019999980926514,6966300
2022-08-12,6.78000020980835,6.860000133514404,6.710000038146973,6.800000190734863,4346900
2022-08-15,6.860000133514404,6.900000095367432,6.679999828338623,6.690000057220459,3344900
2022-08-16,7.019999980926514,7.199999809265137,6.699999809265137,6.820000171661377,11236900
2022-08-17,6.769999980926514,6.96999979019165,6.730000019073486,6.900000095367432,7287200
2022-08-18,6.75,6.789999961853027,6.650000095367432,6.739999771118164,3703300
2022-08-19,6.369999885559082,6.670000076293945,6.349999904632568,6.630000114440918,3578000
2022-08-22,6.099999904632568,6.25,6.019999980926514,6.21999979019165,4103800
2022-08-23,6.150000095367432,6.230000019073486,6.079999923706055,6.119999885559082,3522000
2022-08-24,6.269999980926514,6.329999923706055,6.150000095367432,6.179999828338623,2815100
2022-08-25,6.420000076293945,6.420000076293945,6.28000020980835,6.320000171661377,3409900
2022-08-26,6.090000152587891,6.420000076293945,6.079999923706055,6.409999847412109,4479000
2022-08-29,6.110000133514404,6.190000057220459,5.96999979019165,6.0,8974300
2022-08-30,6.039999961853027,6.260000228881836,6.0,6.099999904632568,5007200
2022-08-31,5.940000057220459,6.139999866485596,5.929999828338623,6.110000133514404,4144300
2022-09-01,5.760000228881836,5.889999866485596,5.659999847412109,5.889999866485596,4189200
2022-09-02,5.739999771118164,5.869999885559082,5.679999828338623,5.849999904632568,3693300
2022-09-06,5.579999923706055,5.75,5.559999942779541,5.730000019073486,4800900
2022-09-07,5.690000057220459,5.699999809265137,5.5,5.570000171661377,5852300
2022-09-08,5.789999961853027,5.820000171661377,5.579999923706055,5.639999866485596,4036600
2022-09-09,6.019999980926514,6.090000152587891,5.880000114440918,5.880000114440918,4197800
2022-09-12,6.199999809265137,6.210000038146973,6.070000171661377,6.070000171661377,3683200
2022-09-13,5.929999828338623,5.989999771118164,5.829999923706055,5.900000095367432,6715400
2022-09-14,5.960000038146973,6.050000190734863,5.829999923706055,5.940000057220459,7881800
2022-09-15,6.050000190734863,6.099999904632568,5.889999866485596,5.900000095367432,7950900
2022-09-16,5.71999979019165,5.920000076293945,5.659999847412109,5.920000076293945,5644400
2022-09-19,5.739999771118164,5.769999980926514,5.559999942779541,5.619999885559082,6396900
2022-09-20,5.579999923706055,5.699999809265137,5.559999942779541,5.690000057220459,2836400
2022-09-21,5.449999809265137,5.659999847412109,5.449999809265137,5.579999923706055,5727200
2022-09-22,5.239999771118164,5.46999979019165,5.239999771118164,5.449999809265137,4112400
2022-09-23,5.070000171661377,5.210000038146973,5.0,5.139999866485596,7571200
2022-09-26,4.96999979019165,5.230000019073486,4.96999979019165,5.03000020980835,8010200
2022-09-27,5.090000152587891,5.170000076293945,4.96999979019165,5.050000190734863,7366700
2022-09-28,4.989999771118164,5.119999885559082,4.809999942779541,4.940000057220459,7009600
2022-09-29,4.800000190734863,4.989999771118164,4.679999828338623,4.949999809265137,9233300
2022-09-30,4.699999809265137,4.880000114440918,4.699999809265137,4.769999980926514,5013900
2022-10-03,4.809999942779541,4.840000152587891,4.670000076293945,4.760000228881836,7211800
2022-10-04,4.989999771118164,5.050000190734863,4.909999847412109,4.929999828338623,5627300
2022-10-05,4.909999847412109,4.940000057220459,4.760000228881836,4.900000095367432,5164500
2022-10-06,4.809999942779541,4.929999828338623,4.75,4.869999885559082,4496600
2022-10-07,4.579999923706055,4.75,4.550000190734863,4.730000019073486,7060800
2022-10-10,4.429999828338623,4.570000171661377,4.329999923706055,4.559999942779541,7411200
2022-10-11,4.179999828338623,4.409999847412109,4.139999866485596,4.380000114440918,8606600
2022-10-12,4.199999809265137,4.25,4.110000133514404,4.159999847412109,9178700
2022-10-13,4.199999809265137,4.309999942779541,3.940000057220459,4.019999980926514,10076800
2022-10-14,3.9800000190734863,4.25,3.950000047683716,4.230000019073486,17027600
2022-10-17,4.300000190734863,4.400000095367432,4.090000152587891,4.090000152587891,10098500
2022-10-18,4.380000114440918,4.550000190734863,4.349999904632568,4.460000038146973,5139800
2022-10-19,4.21999979019165,4.369999885559082,4.21999979019165,4.320000171661377,3376400
2022-10-20,4.340000152587891,4.46999979019165,4.199999809265137,4.230000019073486,4368200
2022-10-21,4.400000095367432,4.440000057220459,4.28000020980835,4.340000152587891,6645300
2022-10-24,4.420000076293945,4.429999828338623,4.289999961853027,4.400000095367432,4645600
2022-10-25,4.570000171661377,4.619999885559082,4.409999847412109,4.420000076293945,3592800
2022-10-26,4.53000020980835,4.610000133514404,4.460000038146973,4.5,4139100
2022-10-27,4.53000020980835,4.619999885559082,4.5,4.550000190734863,3079700
2022-10-28,4.630000114440918,4.639999866485596,4.480000019073486,4.5,3878200
2022-10-31,4.659999847412109,4.710000038146973,4.570000171661377,4.599999904632568,3332000
2022-11-01,4.659999847412109,4.789999961853027,4.619999885559082,4.75,3565000
2022-11-02,4.409999847412109,4.659999847412109,4.389999866485596,4.659999847412109,4300400
2022-11-03,4.269999980926514,4.409999847412109,4.260000228881836,4.360000133514404,3986700
2022-11-04,4.409999847412109,4.409999847412109,4.190000057220459,4.360000133514404,5946300
2022-11-07,4.75,4.789999961853027,4.360000133514404,4.409999847412109,8414900
2022-11-08,4.769999980926514,4.869999885559082,4.659999847412109,4.75,7801100
2022-11-09,4.650000095367432,4.739999771118164,4.570000171661377,4.730000019073486,5876100
2022-11-10,4.920000076293945,5.010000228881836,4.829999923706055,4.880000114440918,7342200
2022-11-11,4.96999979019165,5.139999866485596,4.849999904632568,4.949999809265137,29496800
2022-11-14,4.769999980926514,4.96999979019165,4.75,4.940000057220459,5871900
2022-11-15,4.840000152587891,5.010000228881836,4.840000152587891,4.869999885559082,6942300
2022-11-16,4.789999961853027,4.829999923706055,4.730000019073486,4.809999942779541,4026800
2022-11-17,4.730000019073486,4.75,4.610000133514404,4.679999828338623,3468900
2022-11-18,4.760000228881836,4.820000171661377,4.699999809265137,4.820000171661377,4086600
2022-11-21,4.590000152587891,4.730000019073486,4.519999980926514,4.71999979019165,4455000
2022-11-22,4.650000095367432,4.699999809265137,4.53000020980835,4.619999885559082,2622800
2022-11-23,4.809999942779541,4.880000114440918,4.590000152587891,4.639999866485596,3731800
2022-11-25,4.840000152587891,4.889999866485596,4.760000228881836,4.809999942779541,1531000
2022-11-28,4.800000190734863,4.880000114440918,4.760000228881836,4.800000190734863,4980100
2022-11-29,4.840000152587891,4.880000114440918,4.699999809265137,4.809999942779541,4389600
2022-11-30,4.869999885559082,4.889999866485596,4.639999866485596,4.820000171661377,11391000
2022-12-01,5.079999923706055,5.139999866485596,4.880000114440918,4.880000114440918,8192200
2022-12-02,5.199999809265137,5.28000020980835,4.960000038146973,4.989999771118164,5928700
2022-12-05,4.840000152587891,5.190000057220459,4.820000171661377,5.170000076293945,4597400
2022-12-06,4.579999923706055,4.849999904632568,4.550000190734863,4.840000152587891,5868400
2022-12-07,4.369999885559082,4.590000152587891,4.369999885559082,4.579999923706055,5059800
2022-12-08,4.400000095367432,4.559999942779541,4.360000133514404,4.420000076293945,5427600
2022-12-09,4.400000095367432,4.429999828338623,4.349999904632568,4.380000114440918,3651700
2022-12-12,4.409999847412109,4.46999979019165,4.349999904632568,4.380000114440918,3290200
2022-12-13,4.429999828338623,4.71999979019165,4.429999828338623,4.599999904632568,5928900
2022-12-14,4.389999866485596,4.519999980926514,4.349999904632568,4.429999828338623,6101700
2022-12-15,4.260000228881836,4.329999923706055,4.21999979019165,4.329999923706055,9393200
2022-12-16,4.21999979019165,4.260000228881836,4.170000076293945,4.21999979019165,6318700
2022-12-19,4.110000133514404,4.21999979019165,4.019999980926514,4.199999809265137,8847600
2022-12-20,4.150000095367432,4.230000019073486,4.070000171661377,4.099999904632568,7513300
2022-12-21,3.75,4.050000190734863,3.640000104904175,3.9800000190734863,23819300
2022-12-22,3.430000066757202,3.690000057220459,3.369999885559082,3.690000057220459,11914700
2022-12-23,3.400000095367432,3.430000066757202,3.319999933242798,3.4200000762939453,10407900
2022-12-27,3.289999961853028,3.4100000858306885,3.2699999809265137,3.369999885559082,9346700
2022-12-28,3.180000066757202,3.3399999141693115,3.1700000762939453,3.3299999237060547,7038900
2022-12-29,3.259999990463257,3.289999961853028,3.190000057220459,3.200000047683716,7616400
2022-12-30,3.259999990463257,3.259999990463257,3.180000066757202,3.220000028610229,7189400
2023-01-03,3.309999942779541,3.509999990463257,3.2699999809265137,3.3499999046325684,9370900
2023-01-04,3.619999885559082,3.7100000381469727,3.3399999141693115,3.369999885559082,13007800
2023-01-05,3.5199999809265137,3.640000104904175,3.470000028610229,3.640000104904175,7880600
2023-01-06,3.5199999809265137,3.5799999237060547,3.4200000762939453,3.549999952316284,7190300
2023-01-09,3.4600000381469727,3.630000114440918,3.4600000381469727,3.559999942779541,7223200
2023-01-10,3.640000104904175,3.660000085830689,3.4800000190734863,3.5,5468200
2023-01-11,3.7100000381469727,3.7300000190734863,3.630000114440918,3.670000076293945,3851300
2023-01-12,3.819999933242798,3.839999914169312,3.609999895095825,3.7300000190734863,6386500
2023-01-13,3.809999942779541,3.869999885559082,3.740000009536743,3.75,5314100
2023-01-17,4.079999923706055,4.130000114440918,3.900000095367432,3.9600000381469727,10111100
2023-01-18,4.159999847412109,4.349999904632568,4.070000171661377,4.110000133514404,10420400
2023-01-19,4.119999885559082,4.179999828338623,4.03000020980835,4.130000114440918,8773000
2023-01-20,4.170000076293945,4.21999979019165,4.079999923706055,4.139999866485596,7464700
2023-01-23,4.260000228881836,4.289999961853027,4.119999885559082,4.179999828338623,4313900
2023-01-24,4.269999980926514,4.320000171661377,4.199999809265137,4.269999980926514,4571200
2023-01-25,4.199999809265137,4.239999771118164,4.110000133514404,4.199999809265137,5579800
2023-01-26,4.21999979019165,4.320000171661377,4.170000076293945,4.269999980926514,5600100
2023-01-27,4.369999885559082,4.409999847412109,4.179999828338623,4.190000057220459,6439100
2023-01-30,4.21999979019165,4.349999904632568,4.179999828338623,4.289999961853027,9472500
2023-01-31,4.25,4.289999961853027,4.21999979019165,4.230000019073486,8157100
2023-02-01,4.489999771118164,4.53000020980835,4.239999771118164,4.260000228881836,8567200
2023-02-02,4.579999923706055,4.78000020980835,4.539999961853027,4.650000095367432,10282800
2023-02-03,4.460000038146973,4.610000133514404,4.409999847412109,4.440000057220459,8336100
2023-02-06,4.409999847412109,4.53000020980835,4.360000133514404,4.400000095367432,9426200
2023-02-07,4.440000057220459,4.460000038146973,4.309999942779541,4.420000076293945,6774200
2023-02-08,4.369999885559082,4.489999771118164,4.360000133514404,4.409999847412109,5841900
2023-02-09,4.21999979019165,4.489999771118164,4.21999979019165,4.440000057220459,5586300
2023-02-10,4.110000133514404,4.21999979019165,4.050000190734863,4.199999809265137,5506900
2023-02-13,4.179999828338623,4.210000038146973,4.119999885559082,4.139999866485596,3557800
2023-02-14,4.239999771118164,4.269999980926514,4.110000133514404,4.199999809265137,3864100
2023-02-15,4.369999885559082,4.369999885559082,4.170000076293945,4.170000076293945,4955400
2023-02-16,4.260000228881836,4.349999904632568,4.210000038146973,4.300000190734863,4391600
2023-02-17,4.150000095367432,4.25,4.099999904632568,4.230000019073486,4577400
2023-02-21,3.900000095367432,4.110000133514404,3.890000104904175,4.079999923706055,5589300
2023-02-22,3.869999885559082,3.9700000286102295,3.849999904632568,3.930000066757202,5763800
2023-02-23,3.859999895095825,3.950000047683716,3.799999952316284,3.910000085830689,4333500
2023-02-24,3.799999952316284,3.809999942779541,3.740000009536743,3.799999952316284,3683300
2023-02-27,3.880000114440918,3.930000066757202,3.829999923706055,3.849999904632568,5058200
2023-02-28,3.880000114440918,3.920000076293945,3.839999914169312,3.880000114440918,3810500
2023-03-01,3.829999923706055,3.930000066757202,3.819999933242798,3.880000114440918,2890800
2023-03-02,3.950000047683716,3.9600000381469727,3.799999952316284,3.809999942779541,3858300
2023-03-03,4.119999885559082,4.139999866485596,3.9600000381469727,3.9600000381469727,4564900
2023-03-06,3.990000009536743,4.210000038146973,3.990000009536743,4.119999885559082,4183500
2023-03-07,3.5,3.740000009536743,3.440000057220459,3.7300000190734863,16164500
2023-03-08,3.619999885559082,3.660000085830689,3.430000066757202,3.509999990463257,7589600
2023-03-09,3.660000085830689,3.7100000381469727,3.549999952316284,3.609999895095825,10538000
2023-03-10,3.5899999141693115,3.670000076293945,3.5299999713897705,3.619999885559082,13495800
2023-03-13,3.5799999237060547,3.650000095367432,3.490000009536743,3.549999952316284,5247200
2023-03-14,3.7200000286102295,3.759999990463257,3.619999885559082,3.630000114440918,5308800
2023-03-15,3.700000047683716,3.700000047683716,3.5899999141693115,3.619999885559082,5348200
2023-03-16,3.690000057220459,3.740000009536743,3.640000104904175,3.660000085830689,4416600
2023-03-17,3.7200000286102295,3.7300000190734863,3.660000085830689,3.660000085830689,6276000
2023-03-20,3.609999895095825,3.7100000381469727,3.5999999046325684,3.670000076293945,3548600
2023-03-21,3.7699999809265137,3.819999933242798,3.5899999141693115,3.670000076293945,5087600
2023-03-22,3.670000076293945,3.799999952316284,3.650000095367432,3.759999990463257,4220800
2023-03-23,3.829999923706055,3.849999904632568,3.700000047683716,3.740000009536743,5776800
2023-03-24,3.839999914169312,3.900000095367432,3.7899999618530273,3.809999942779541,4390300
2023-03-27,3.910000085830689,3.920000076293945,3.849999904632568,3.880000114440918,4644400
2023-03-28,3.829999923706055,3.910000085830689,3.799999952316284,3.900000095367432,5583600
2023-03-29,3.9800000190734863,4.0,3.849999904632568,3.859999895095825,5436600
2023-03-30,4.0,4.070000171661377,3.9600000381469727,4.0,8196600
2023-03-31,4.559999942779541,4.699999809265137,3.819999933242798,3.819999933242798,20638700
2023-04-03,4.53000020980835,4.690000057220459,4.519999980926514,4.639999866485596,10178400
2023-04-04,4.639999866485596,4.650000095367432,4.460000038146973,4.550000190734863,6384700
2023-04-05,4.519999980926514,4.670000076293945,4.510000228881836,4.630000114440918,3858300
2023-04-06,4.550000190734863,4.559999942779541,4.449999809265137,4.519999980926514,4283600
2023-04-10,4.53000020980835,4.539999961853027,4.429999828338623,4.46999979019165,3258600
2023-04-11,4.570000171661377,4.579999923706055,4.53000020980835,4.53000020980835,3087100
2023-04-12,4.380000114440918,4.639999866485596,4.380000114440918,4.590000152587891,5129600
2023-04-13,4.489999771118164,4.570000171661377,4.429999828338623,4.449999809265137,2990400
2023-04-14,4.510000228881836,4.519999980926514,4.420000076293945,4.460000038146973,2963600
2023-04-17,4.46999979019165,4.510000228881836,4.429999828338623,4.489999771118164,4210600
2023-04-18,4.400000095367432,4.539999961853027,4.400000095367432,4.460000038146973,3405000
2023-04-19,4.329999923706055,4.380000114440918,4.320000171661377,4.349999904632568,2620200
2023-04-20,4.210000038146973,4.289999961853027,4.179999828338623,4.289999961853027,3772800
2023-04-21,4.230000019073486,4.25,4.179999828338623,4.21999979019165,3951400
2023-04-24,4.079999923706055,4.21999979019165,4.050000190734863,4.190000057220459,3482100
2023-04-25,3.9700000286102295,4.050000190734863,3.940000057220459,4.050000190734863,3739800
2023-04-26,3.9700000286102295,4.059999942779541,3.900000095367432,4.010000228881836,3434600
2023-04-27,3.940000057220459,4.0,3.900000095367432,3.9600000381469727,3787800
2023-04-28,3.910000085830689,3.940000057220459,3.829999923706055,3.890000104904175,3079800
2023-05-01,3.880000114440918,3.930000066757202,3.849999904632568,3.890000104904175,2374000
2023-05-02,4.239999771118164,4.25,4.039999961853027,4.210000038146973,8902100
2023-05-03,4.369999885559082,4.429999828338623,4.099999904632568,4.150000095367432,6844700
2023-05-04,4.369999885559082,4.46999979019165,4.329999923706055,4.420000076293945,4315200
2023-05-05,4.690000057220459,4.75,4.369999885559082,4.369999885559082,6486200
2023-05-08,4.980000019073486,4.989999771118164,4.730000019073486,4.739999771118164,5756800
2023-05-09,5.019999980926514,5.070000171661377,4.880000114440918,4.909999847412109,5024600
2023-05-10,5.230000019073486,5.349999904632568,5.070000171661377,5.099999904632568,5905300
2023-05-11,5.139999866485596,5.369999885559082,5.070000171661377,5.239999771118164,4080900
2023-05-12,5.010000228881836,5.159999847412109,4.929999828338623,5.110000133514404,4789300
2023-05-15,5.139999866485596,5.159999847412109,4.96999979019165,5.0,2284700
2023-05-16,5.079999923706055,5.130000114440918,5.010000228881836,5.090000152587891,2482900
2023-05-17,5.380000114440918,5.380000114440918,5.099999904632568,5.139999866485596,9026900
2023-05-18,5.409999847412109,5.510000228881836,5.289999961853027,5.409999847412109,7268400
2023-05-19,5.380000114440918,5.480000019073486,5.349999904632568,5.440000057220459,2986900
2023-05-22,5.420000076293945,5.489999771118164,5.340000152587891,5.360000133514404,2789000
2023-05-23,5.28000020980835,5.440000057220459,5.260000228881836,5.380000114440918,3167000
2023-05-24,5.230000019073486,5.239999771118164,5.139999866485596,5.190000057220459,3629000
2023-05-25,5.179999828338623,5.320000171661377,5.170000076293945,5.25,2677600
2023-05-26,5.230000019073486,5.300000190734863,5.179999828338623,5.179999828338623,3174000
2023-05-30,5.190000057220459,5.340000152587891,5.130000114440918,5.269999980926514,3028700
2023-05-31,5.349999904632568,5.380000114440918,5.099999904632568,5.110000133514404,3931400
2023-06-01,5.369999885559082,5.449999809265137,5.289999961853027,5.300000190734863,2535800
2023-06-02,5.309999942779541,5.489999771118164,5.309999942779541,5.420000076293945,3628400
2023-06-05,5.210000038146973,5.28000020980835,5.199999809265137,5.269999980926514,2102100
2023-06-06,5.300000190734863,5.300000190734863,5.150000095367432,5.190000057220459,2594300
2023-06-07,5.179999828338623,5.369999885559082,5.150000095367432,5.340000152587891,3773800
2023-06-08,5.190000057220459,5.239999771118164,5.110000133514404,5.170000076293945,3803700
2023-06-09,5.150000095367432,5.230000019073486,5.139999866485596,5.199999809265137,2421800
2023-06-12,5.230000019073486,5.25,5.139999866485596,5.179999828338623,6567400
2023-06-13,5.210000038146973,5.289999961853027,5.170000076293945,5.269999980926514,6507700
2023-06-14,5.179999828338623,5.230000019073486,5.099999904632568,5.21999979019165,3012200
2023-06-15,5.159999847412109,5.179999828338623,5.079999923706055,5.119999885559082,3306300
2023-06-16,5.099999904632568,5.179999828338623,5.090000152587891,5.139999866485596,4861200
2023-06-20,4.949999809265137,5.099999904632568,4.909999847412109,5.070000171661377,3490000
2023-06-21,4.829999923706055,4.949999809265137,4.739999771118164,4.940000057220459,5876200
2023-06-22,4.96999979019165,4.989999771118164,4.710000038146973,4.829999923706055,7687300
2023-06-23,4.789999961853027,4.880000114440918,4.789999961853027,4.880000114440918,5160400
2023-06-26,4.78000020980835,4.889999866485596,4.739999771118164,4.739999771118164,4400800
2023-06-27,5.050000190734863,5.059999942779541,4.800000190734863,4.800000190734863,5856400
2023-06-28,5.010000228881836,5.099999904632568,4.960000038146973,5.03000020980835,7851700
2023-06-29,5.360000133514404,5.699999809265137,5.210000038146973,5.260000228881836,25394600
2023-06-30,5.53000020980835,5.71999979019165,5.320000171661377,5.389999866485596,12021100
2023-07-03,5.239999771118164,5.550000190734863,5.139999866485596,5.510000228881836,5897600
2023-07-05,5.139999866485596,5.449999809265137,5.119999885559082,5.340000152587891,8937000
2023-07-06,4.840000152587891,5.059999942779541,4.820000171661377,5.059999942779541,9032600
2023-07-07,4.760000228881836,4.889999866485596,4.75,4.829999923706055,5182900
2023-07-10,4.840000152587891,4.909999847412109,4.739999771118164,4.760000228881836,3855600
2023-07-11,4.920000076293945,4.949999809265137,4.809999942779541,4.880000114440918,2984900
2023-07-12,4.940000057220459,5.0,4.840000152587891,4.96999979019165,3659800
2023-07-13,5.050000190734863,5.050000190734863,4.929999828338623,4.960000038146973,4963900
2023-07-14,4.869999885559082,5.039999961853027,4.869999885559082,5.019999980926514,3924200
2023-07-17,4.829999923706055,4.940000057220459,4.800000190734863,4.849999904632568,4123600
2023-07-18,4.860000133514404,4.889999866485596,4.809999942779541,4.829999923706055,3350500
2023-07-19,4.829999923706055,4.920000076293945,4.789999961853027,4.880000114440918,4360500
2023-07-20,4.650000095367432,4.820000171661377,4.630000114440918,4.800000190734863,6647400
2023-07-21,4.699999809265137,4.760000228881836,4.639999866485596,4.739999771118164,6603800
2023-07-24,4.739999771118164,4.760000228881836,4.670000076293945,4.690000057220459,3762300
2023-07-25,4.699999809265137,4.769999980926514,4.699999809265137,4.71999979019165,2813700
2023-07-26,4.670000076293945,4.730000019073486,4.639999866485596,4.690000057220459,2853400
2023-07-27,4.639999866485596,4.760000228881836,4.619999885559082,4.739999771118164,3650800
2023-07-28,4.75,4.78000020980835,4.679999828338623,4.71999979019165,5061300
2023-07-31,5.099999904632568,5.119999885559082,4.78000020980835,4.78000020980835,11154300
2023-08-01,5.070000171661377,5.119999885559082,5.0,5.110000133514404,6151900
2023-08-02,4.739999771118164,4.980000019073486,4.739999771118164,4.96999979019165,4499300
2023-08-03,4.769999980926514,4.820000171661377,4.670000076293945,4.699999809265137,3805600
2023-08-04,4.769999980926514,4.900000095367432,4.730000019073486,4.789999961853027,3053800
2023-08-07,4.71999979019165,4.800000190734863,4.690000057220459,4.78000020980835,2086000
2023-08-08,4.639999866485596,4.690000057220459,4.610000133514404,4.639999866485596,2328100
2023-08-09,4.579999923706055,4.679999828338623,4.550000190734863,4.650000095367432,2980500
2023-08-10,4.679999828338623,4.739999771118164,4.630000114440918,4.659999847412109,2912600
2023-08-11,4.610000133514404,4.650000095367432,4.579999923706055,4.599999904632568,2126500
2023-08-14,4.610000133514404,4.650000095367432,4.519999980926514,4.570000171661377,2441900
2023-08-15,4.480000019073486,4.590000152587891,4.480000019073486,4.550000190734863,2092200
2023-08-16,4.409999847412109,4.46999979019165,4.400000095367432,4.449999809265137,2963700
2023-08-17,4.360000133514404,4.449999809265137,4.329999923706055,4.420000076293945,3532600
2023-08-18,4.369999885559082,4.420000076293945,4.28000020980835,4.300000190734863,2852100
2023-08-21,4.389999866485596,4.420000076293945,4.360000133514404,4.360000133514404,2592800
2023-08-22,4.46999979019165,4.480000019073486,4.329999923706055,4.420000076293945,3332700
2023-08-23,4.599999904632568,4.630000114440918,4.440000057220459,4.440000057220459,2469600
2023-08-24,4.429999828338623,4.610000133514404,4.429999828338623,4.579999923706055,2787600
2023-08-25,5.230000019073486,5.25,4.449999809265137,4.449999809265137,29005600
2023-08-28,5.340000152587891,5.369999885559082,5.019999980926514,5.25,11177300
2023-08-29,5.400000095367432,5.559999942779541,5.289999961853027,5.329999923706055,8079300
2023-08-30,5.519999980926514,5.610000133514404,5.369999885559082,5.400000095367432,6005000
2023-08-31,5.559999942779541,5.639999866485596,5.480000019073486,5.5,6623400
2023-09-01,5.599999904632568,5.75,5.53000020980835,5.619999885559082,4473500
2023-09-05,5.579999923706055,5.639999866485596,5.53000020980835,5.570000171661377,2991200
2023-09-06,5.539999961853027,5.650000095367432,5.519999980926514,5.53000020980835,3510400
2023-09-07,4.679999828338623,4.909999847412109,4.599999904632568,4.840000152587891,11811100
2023-09-08,4.559999942779541,4.690000057220459,4.489999771118164,4.679999828338623,5082300
2023-09-11,5.21999979019165,5.309999942779541,4.619999885559082,4.650000095367432,15120600
2023-09-12,5.320000171661377,5.360000133514404,5.059999942779541,5.139999866485596,9288300
2023-09-13,5.510000228881836,5.599999904632568,5.28000020980835,5.329999923706055,9053300
2023-09-14,5.380000114440918,5.650000095367432,5.380000114440918,5.53000020980835,9540700
2023-09-15,5.389999866485596,5.46999979019165,5.260000228881836,5.400000095367432,35578700
2023-09-18,5.21999979019165,5.389999866485596,5.21999979019165,5.349999904632568,3942400
2023-09-19,5.130000114440918,5.25,5.070000171661377,5.199999809265137,3150700
2023-09-20,5.110000133514404,5.230000019073486,5.099999904632568,5.150000095367432,2567100
2023-09-21,5.119999885559082,5.159999847412109,4.989999771118164,5.010000228881836,6150100
2023-09-22,5.159999847412109,5.210000038146973,5.059999942779541,5.179999828338623,5703200
2023-09-25,4.989999771118164,5.110000133514404,4.960000038146973,5.079999923706055,5907800
2023-09-26,4.880000114440918,5.010000228881836,4.849999904632568,4.929999828338623,5315300
2023-09-27,4.889999866485596,4.940000057220459,4.829999923706055,4.929999828338623,6406800
2023-09-28,4.760000228881836,4.900000095367432,4.760000228881836,4.900000095367432,7185500
2023-09-29,4.710000038146973,4.900000095367432,4.559999942779541,4.760000228881836,14370400
2023-10-02,4.400000095367432,4.699999809265137,4.349999904632568,4.690000057220459,8303800
2023-10-03,4.349999904632568,4.389999866485596,4.269999980926514,4.360000133514404,6189900
2023-10-04,4.269999980926514,4.409999847412109,4.230000019073486,4.349999904632568,5270900
2023-10-05,3.7899999618530273,4.260000228881836,3.7799999713897705,4.239999771118164,11654300
2023-10-06,3.7699999809265137,3.809999942779541,3.670000076293945,3.7699999809265137,4647700
2023-10-09,3.5999999046325684,3.7100000381469727,3.549999952316284,3.7100000381469727,4537400
2023-10-10,3.609999895095825,3.740000009536743,3.569999933242798,3.609999895095825,6416300
2023-10-11,3.5899999141693115,3.680000066757202,3.549999952316284,3.680000066757202,3631800
2023-10-12,3.490000009536743,3.609999895095825,3.4800000190734863,3.609999895095825,4156800
2023-10-13,3.470000028610229,3.509999990463257,3.440000057220459,3.509999990463257,3758800
2023-10-16,3.7100000381469727,3.759999990463257,3.450000047683716,3.5,7040000
2023-10-17,3.7200000286102295,3.740000009536743,3.619999885559082,3.650000095367432,4266800
2023-10-18,3.549999952316284,3.700000047683716,3.509999990463257,3.680000066757202,4642300
2023-10-19,3.440000057220459,3.569999933242798,3.4200000762939453,3.549999952316284,4824200
2023-10-20,3.369999885559082,3.440000057220459,3.3399999141693115,3.430000066757202,4589400
2023-10-23,3.3499999046325684,3.380000114440918,3.2799999713897705,3.3399999141693115,4561300
2023-10-24,3.569999933242798,3.569999933242798,3.390000104904175,3.390000104904175,5018100
2023-10-25,3.470000028610229,3.5199999809265137,3.430000066757202,3.5199999809265137,3363800
2023-10-26,3.440000057220459,3.509999990463257,3.3399999141693115,3.4600000381469727,5837200
2023-10-27,3.4100000858306885,3.509999990463257,3.380000114440918,3.470000028610229,3921000
2023-10-30,3.630000114440918,3.7100000381469727,3.4200000762939453,3.450000047683716,14201600
2023-10-31,3.5799999237060547,3.609999895095825,3.380000114440918,3.5799999237060547,5673500
2023-11-01,3.559999942779541,3.5899999141693115,3.470000028610229,3.559999942779541,3077900
2023-11-02,3.7100000381469727,3.7200000286102295,3.549999952316284,3.650000095367432,4873600
2023-11-03,3.740000009536743,3.7899999618530273,3.700000047683716,3.7699999809265137,3832100
2023-11-06,3.680000066757202,3.7799999713897705,3.619999885559082,3.759999990463257,3689700
2023-11-07,3.799999952316284,3.829999923706055,3.650000095367432,3.650000095367432,3254700
2023-11-08,3.740000009536743,3.799999952316284,3.690000057220459,3.7699999809265137,2192700
2023-11-09,3.5999999046325684,3.7799999713897705,3.5799999237060547,3.75,3229800
2023-11-10,3.640000104904175,3.670000076293945,3.549999952316284,3.619999885559082,5050000
2023-11-13,3.5199999809265137,3.5999999046325684,3.4800000190734863,3.5899999141693115,2714600
2023-11-14,3.75,3.799999952316284,3.650000095367432,3.660000085830689,4754600
2023-11-15,3.670000076293945,3.7899999618530273,3.650000095367432,3.75,3534600
2023-11-16,3.5999999046325684,3.640000104904175,3.5199999809265137,3.5999999046325684,2617300
2023-11-17,3.700000047683716,3.700000047683716,3.5799999237060547,3.650000095367432,2516700
2023-11-20,3.670000076293945,3.740000009536743,3.660000085830689,3.660000085830689,1744200
2023-11-21,3.609999895095825,3.690000057220459,3.5899999141693115,3.660000085830689,1570000
2023-11-22,3.619999885559082,3.650000095367432,3.5799999237060547,3.609999895095825,1388400
2023-11-24,3.650000095367432,3.660000085830689,3.5899999141693115,3.630000114440918,1609100
2023-11-27,3.7200000286102295,3.7200000286102295,3.5899999141693115,3.640000104904175,2811500
2023-11-28,3.670000076293945,3.740000009536743,3.640000104904175,3.670000076293945,2585100
2023-11-29,3.7699999809265137,3.7699999809265137,3.660000085830689,3.680000066757202,4024500
2023-11-30,3.670000076293945,3.7699999809265137,3.650000095367432,3.759999990463257,3143400
2023-12-01,3.849999904632568,3.849999904632568,3.630000114440918,3.680000066757202,3736500
2023-12-04,3.890000104904175,3.920000076293945,3.7699999809265137,3.819999933242798,2987100
2023-12-05,3.950000047683716,4.0,3.7799999713897705,3.7799999713897705,5015700
2023-12-06,3.940000057220459,4.039999961853027,3.930000066757202,3.9800000190734863,3493000
2023-12-07,3.920000076293945,3.990000009536743,3.869999885559082,3.940000057220459,2809400
2023-12-08,4.119999885559082,4.170000076293945,3.890000104904175,3.900000095367432,6811500
2023-12-11,4.099999904632568,4.179999828338623,3.809999942779541,3.819999933242798,7203300
2023-12-12,4.090000152587891,4.150000095367432,4.039999961853027,4.099999904632568,3035800
2023-12-13,4.269999980926514,4.269999980926514,4.050000190734863,4.059999942779541,6284900
2023-12-14,4.360000133514404,4.389999866485596,4.269999980926514,4.289999961853027,7760100
2023-12-15,4.369999885559082,4.440000057220459,4.309999942779541,4.360000133514404,33483900
2023-12-18,4.150000095367432,4.360000133514404,4.139999866485596,4.349999904632568,4706800
2023-12-19,4.210000038146973,4.309999942779541,4.170000076293945,4.210000038146973,6288200
2023-12-20,4.099999904632568,4.269999980926514,4.079999923706055,4.179999828338623,6795700
2023-12-21,3.5799999237060547,3.890000104904175,3.5199999809265137,3.880000114440918,16642200
2023-12-22,3.569999933242798,3.630000114440918,3.539999961853028,3.609999895095825,6720400
2023-12-26,3.609999895095825,3.619999885559082,3.4800000190734863,3.569999933242798,5798600
2023-12-27,3.549999952316284,3.630000114440918,3.549999952316284,3.5999999046325684,4452700
2023-12-28,3.559999942779541,3.619999885559082,3.509999990463257,3.549999952316284,5432700
2023-12-29,3.539999961853028,3.619999885559082,3.5299999713897705,3.549999952316284,7030700
2024-01-02,3.430000066757202,3.509999990463257,3.390000104904175,3.5,6794900
2024-01-03,3.3299999237060547,3.400000095367432,3.319999933242798,3.400000095367432,8024100
2024-01-04,3.25,3.3299999237060547,3.2300000190734863,3.319999933242798,6353300
2024-01-05,3.259999990463257,3.299999952316284,3.2300000190734863,3.2300000190734863,3961500
2024-01-08,3.2300000190734863,3.299999952316284,3.190000057220459,3.2699999809265137,7478500
2024-01-09,3.309999942779541,3.319999933242798,3.200000047683716,3.2300000190734863,4759100
2024-01-10,3.450000047683716,3.450000047683716,3.240000009536743,3.299999952316284,7642000
2024-01-11,3.390000104904175,3.450000047683716,3.289999961853028,3.400000095367432,5150700
2024-01-12,3.400000095367432,3.4800000190734863,3.390000104904175,3.390000104904175,5437000
2024-01-16,3.400000095367432,3.4600000381469727,3.3399999141693115,3.380000114440918,5313400
2024-01-17,3.3399999141693115,3.3499999046325684,3.2699999809265137,3.3299999237060547,3264000
2024-01-18,3.390000104904175,3.4200000762939453,3.3499999046325684,3.369999885559082,3564400
2024-01-19,3.430000066757202,3.4600000381469727,3.3499999046325684,3.380000114440918,7641200
2024-01-22,3.5999999046325684,3.609999895095825,3.450000047683716,3.450000047683716,9463100
2024-01-23,3.549999952316284,3.630000114440918,3.539999961853028,3.619999885559082,5849100
2024-01-24,2.930000066757202,3.25,2.8499999046325684,3.190000057220459,53741600
2024-01-25,2.9800000190734863,3.059999942779541,2.8399999141693115,2.890000104904175,36136500
2024-01-26,2.9200000762939453,3.0299999713897705,2.890000104904175,2.9800000190734863,12333700
2024-01-29,2.9800000190734863,2.9800000190734863,2.8299999237060547,2.930000066757202,6786200
2024-01-30,2.859999895095825,2.9800000190734863,2.8299999237060547,2.9800000190734863,8993800
2024-01-31,2.789999961853028,2.9100000858306885,2.789999961853028,2.8299999237060547,7373100
2024-02-01,2.7699999809265137,2.859999895095825,2.759999990463257,2.8299999237060547,8531900
2024-02-02,2.7100000381469727,2.7799999713897705,2.690000057220459,2.7799999713897705,7919200
2024-02-05,2.6600000858306885,2.690000057220459,2.5899999141693115,2.6700000762939453,6800600
2024-02-06,2.759999990463257,2.759999990463257,2.6600000858306885,2.6700000762939453,10561100
2024-02-07,2.75,2.789999961853028,2.7300000190734863,2.75,4696400
2024-02-08,2.789999961853028,2.8499999046325684,2.700000047683716,2.75,8492500
2024-02-09,2.799999952316284,2.819999933242798,2.720000028610229,2.789999961853028,11105800
2024-02-12,2.809999942779541,2.880000114440918,2.7799999713897705,2.819999933242798,5864500
2024-02-13,2.7100000381469727,2.740000009536743,2.650000095367432,2.7100000381469727,6661300
2024-02-14,2.7799999713897705,2.819999933242798,2.7300000190734863,2.7300000190734863,8598500
2024-02-15,2.859999895095825,2.859999895095825,2.7699999809265137,2.8399999141693115,5741100
2024-02-16,2.789999961853028,2.859999895095825,2.789999961853028,2.819999933242798,4125600
2024-02-20,2.690000057220459,2.789999961853028,2.690000057220459,2.7799999713897705,4011400
2024-02-21,2.7100000381469727,2.7300000190734863,2.650000095367432,2.680000066757202,4522400
2024-02-22,2.650000095367432,2.740000009536743,2.630000114440918,2.7300000190734863,6562700
2024-02-23,2.569999933242798,2.680000066757202,2.569999933242798,2.6600000858306885,6642700
2024-02-26,2.609999895095825,2.619999885559082,2.549999952316284,2.5799999237060547,4415300
2024-02-27,2.7100000381469727,2.759999990463257,2.5999999046325684,2.609999895095825,6706500
2024-02-28,2.690000057220459,2.720000028610229,2.640000104904175,2.680000066757202,4106500
2024-02-29,2.7799999713897705,2.819999933242798,2.700000047683716,2.700000047683716,9499800
2024-03-01,2.7799999713897705,2.8499999046325684,2.759999990463257,2.789999961853028,7415700
2024-03-04,2.680000066757202,2.809999942779541,2.6600000858306885,2.75,4887000
2024-03-05,2.619999885559082,2.680000066757202,2.5999999046325684,2.6600000858306885,3850100
2024-03-06,2.6700000762939453,2.7100000381469727,2.630000114440918,2.6600000858306885,4748000
2024-03-07,2.7300000190734863,2.740000009536743,2.6600000858306885,2.680000066757202,3897000
2024-03-08,2.759999990463257,2.819999933242798,2.720000028610229,2.75,6387100
2024-03-11,3.059999942779541,3.119999885559082,2.75,2.7799999713897705,23751500
2024-03-12,3.0799999237060547,3.0999999046325684,2.940000057220459,3.049999952316284,12953400
2024-03-13,3.119999885559082,3.180000066757202,3.0,3.049999952316284,20528100
2024-03-14,3.069999933242798,3.0999999046325684,2.9600000381469727,3.0899999141693115,18442600
2024-03-15,2.8499999046325684,3.0799999237060547,2.759999990463257,3.059999942779541,41931300
2024-03-18,2.650000095367432,2.880000114440918,2.630000114440918,2.869999885559082,8566100
2024-03-19,2.470000028610229,2.640000104904175,2.4600000381469727,2.640000104904175,15011900
2024-03-20,2.619999885559082,2.640000104904175,2.4800000190734863,2.5299999713897705,16241500
2024-03-21,2.7799999713897705,2.8299999237060547,2.640000104904175,2.640000104904175,12281600
2024-03-22,2.6700000762939453,2.759999990463257,2.650000095367432,2.759999990463257,6179000
2024-03-25,2.640000104904175,2.7300000190734863,2.640000104904175,2.680000066757202,4888000
2024-03-26,2.6600000858306885,2.7300000190734863,2.650000095367432,2.650000095367432,6146700
2024-03-27,2.75,2.7699999809265137,2.6700000762939453,2.690000057220459,4782800
2024-03-28,2.759999990463257,2.8299999237060547,2.740000009536743,2.75,7007800
2024-04-01,2.700000047683716,2.789999961853028,2.6600000858306885,2.789999961853028,7135100
2024-04-02,2.799999952316284,2.859999895095825,2.680000066757202,2.680000066757202,13832900
2024-04-03,2.809999942779541,2.869999885559082,2.7699999809265137,2.7699999809265137,10785300
2024-04-04,2.880000114440918,3.109999895095825,2.7799999713897705,2.9600000381469727,23700500
2024-04-05,2.819999933242798,2.9100000858306885,2.789999961853028,2.9100000858306885,9465300
2024-04-08,2.880000114440918,2.900000095367432,2.7799999713897705,2.8499999046325684,5179400
2024-04-09,3.0999999046325684,3.220000028610229,3.0199999809265137,3.0299999713897705,23075500
2024-04-10,3.0999999046325684,3.130000114440918,2.970000028610229,3.0299999713897705,9522600
2024-04-11,3.190000057220459,3.240000009536743,3.059999942779541,3.119999885559082,9219100
2024-04-12,3.049999952316284,3.180000066757202,3.009999990463257,3.150000095367432,8960100
2024-04-15,2.759999990463257,3.069999933242798,2.7300000190734863,3.049999952316284,8298100
2024-04-16,2.7300000190734863,2.799999952316284,2.650000095367432,2.7300000190734863,6367800
2024-04-17,2.759999990463257,2.869999885559082,2.740000009536743,2.759999990463257,7987200
2024-04-18,2.789999961853028,2.880000114440918,2.7300000190734863,2.7699999809265137,6907600
2024-04-19,2.75,2.799999952316284,2.7300000190734863,2.7699999809265137,5375300
2024-04-22,2.799999952316284,2.819999933242798,2.680000066757202,2.759999990463257,7164200
2024-04-23,2.890000104904175,2.9100000858306885,2.75,2.75,3661200
2024-04-24,2.869999885559082,2.9200000762939453,2.8399999141693115,2.900000095367432,4561400
2024-04-25,2.7799999713897705,2.859999895095825,2.7799999713897705,2.819999933242798,3933700
2024-04-26,2.8299999237060547,2.890000104904175,2.799999952316284,2.799999952316284,2955100
2024-04-29,2.859999895095825,2.9100000858306885,2.8399999141693115,2.859999895095825,3154600
2024-04-30,2.789999961853028,2.859999895095825,2.7799999713897705,2.859999895095825,4039000
2024-05-01,2.8399999141693115,2.9200000762939453,2.7799999713897705,2.7799999713897705,5143400
2024-05-02,2.9200000762939453,2.970000028610229,2.8299999237060547,2.9100000858306885,5529000
2024-05-03,2.930000066757202,2.990000009536743,2.890000104904175,2.970000028610229,3972100
2024-05-06,3.009999990463257,3.059999942779541,2.9600000381469727,2.9600000381469727,4930600
2024-05-07,2.890000104904175,3.049999952316284,2.859999895095825,3.0,6553600
2024-05-08,2.859999895095825,2.880000114440918,2.809999942779541,2.880000114440918,4268600
2024-05-09,2.990000009536743,3.009999990463257,2.8399999141693115,2.869999885559082,4213600
2024-05-10,2.900000095367432,3.0799999237060547,2.880000114440918,2.990000009536743,10431300
2024-05-13,3.0999999046325684,3.25,2.990000009536743,3.0199999809265137,21696800
2024-05-14,3.470000028610229,3.849999904632568,3.319999933242798,3.819999933242798,93932200
2024-05-15,3.2300000190734863,3.5199999809265137,3.0999999046325684,3.4600000381469727,30823100
2024-05-16,3.0299999713897705,3.25,3.0,3.1700000762939453,12003300
2024-05-17,2.940000057220459,3.0299999713897705,2.9100000858306885,2.990000009536743,9107800
2024-05-20,3.009999990463257,3.0199999809265137,2.859999895095825,2.950000047683716,7960700
2024-05-21,2.9600000381469727,3.009999990463257,2.9100000858306885,2.9600000381469727,6244700
2024-05-22,2.9800000190734863,3.0199999809265137,2.940000057220459,2.940000057220459,5508500
2024-05-23,2.8399999141693115,3.009999990463257,2.8299999237060547,2.990000009536743,8203600
2024-05-24,2.880000114440918,2.9200000762939453,2.8499999046325684,2.859999895095825,4188500
2024-05-28,2.8499999046325684,2.940000057220459,2.819999933242798,2.930000066757202,8518300
2024-05-29,2.75,2.859999895095825,2.740000009536743,2.799999952316284,7539500
2024-05-30,2.789999961853028,2.809999942779541,2.740000009536743,2.7799999713897705,3740300
2024-05-31,2.789999961853028,2.8299999237060547,2.740000009536743,2.799999952316284,3995900
2024-06-03,2.789999961853028,2.950000047683716,2.7699999809265137,2.9200000762939453,11345400
2024-06-04,2.7100000381469727,2.7799999713897705,2.700000047683716,2.759999990463257,5954200
2024-06-05,2.789999961853028,2.819999933242798,2.720000028610229,2.7300000190734863,5502700
2024-06-06,2.809999942779541,2.930000066757202,2.759999990463257,2.7799999713897705,16065500
2024-06-07,2.680000066757202,2.8499999046325684,2.6600000858306885,2.759999990463257,15260900
2024-06-10,2.7300000190734863,2.740000009536743,2.650000095367432,2.6600000858306885,5706300
2024-06-11,2.759999990463257,2.759999990463257,2.6600000858306885,2.690000057220459,4811400
2024-06-12,2.7699999809265137,2.869999885559082,2.759999990463257,2.759999990463257,7959200
2024-06-13,2.5199999809265137,2.7799999713897705,2.509999990463257,2.7699999809265137,14143200
2024-06-14,2.3399999141693115,2.5299999713897705,2.299999952316284,2.509999990463257,27284500
2024-06-17,2.299999952316284,2.369999885559082,2.25,2.3399999141693115,19255000
2024-06-18,2.289999961853028,2.3499999046325684,2.2300000190734863,2.319999933242798,12528800
2024-06-20,2.319999933242798,2.369999885559082,2.259999990463257,2.299999952316284,11824100
2024-06-21,2.299999952316284,2.380000114440918,2.2799999713897705,2.3399999141693115,61328100
2024-06-24,2.259999990463257,2.359999895095825,2.220000028610229,2.3299999237060547,10423000
2024-06-25,2.240000009536743,2.289999961853028,2.2300000190734863,2.25,6294000
2024-06-26,2.2100000381469727,2.25,2.200000047683716,2.25,12676800
2024-06-27,2.450000047683716,2.5799999237060547,2.2799999713897705,2.299999952316284,34439600
2024-06-28,2.4800000190734863,2.539999961853028,2.4100000858306885,2.430000066757202,9815700
2024-07-01,2.4200000762939453,2.5,2.380000114440918,2.470000028610229,5425000
2024-07-02,2.450000047683716,2.4800000190734863,2.380000114440918,2.4100000858306885,5624300
2024-07-03,2.490000009536743,2.5299999713897705,2.4200000762939453,2.440000057220459,3293800
2024-07-05,2.5,2.5899999141693115,2.490000009536743,2.509999990463257,7414700
2024-07-08,2.430000066757202,2.5199999809265137,2.390000104904175,2.509999990463257,7176400
2024-07-09,2.4200000762939453,2.450000047683716,2.390000104904175,2.430000066757202,3693800
2024-07-10,2.4200000762939453,2.430000066757202,2.390000104904175,2.4100000858306885,3512700
2024-07-11,2.4800000190734863,2.509999990463257,2.430000066757202,2.440000057220459,7150700
2024-07-12,2.5,2.5299999713897705,2.4600000381469727,2.490000009536743,8502300
2024-07-15,2.509999990463257,2.609999895095825,2.4600000381469727,2.490000009536743,10720000
2024-07-16,2.559999942779541,2.5799999237060547,2.470000028610229,2.5299999713897705,6670800
2024-07-17,2.490000009536743,2.539999961853028,2.4600000381469727,2.539999961853028,5153500
2024-07-18,2.4100000858306885,2.5199999809265137,2.369999885559082,2.5,6783900
2024-07-19,2.4200000762939453,2.4800000190734863,2.380000114440918,2.4200000762939453,5880100
2024-07-22,2.4200000762939453,2.470000028610229,2.390000104904175,2.440000057220459,5257500
2024-07-23,2.470000028610229,2.509999990463257,2.4200000762939453,2.430000066757202,5497100
2024-07-24,2.400000095367432,2.5,2.369999885559082,2.450000047683716,7350200
2024-07-25,2.4100000858306885,2.4800000190734863,2.380000114440918,2.390000104904175,3972900
2024-07-26,2.4800000190734863,2.4800000190734863,2.4100000858306885,2.430000066757202,3066300
2024-07-29,2.4100000858306885,2.509999990463257,2.4100000858306885,2.4800000190734863,3571800
2024-07-30,2.400000095367432,2.450000047683716,2.369999885559082,2.4200000762939453,4895500
2024-07-31,2.4200000762939453,2.4800000190734863,2.390000104904175,2.4100000858306885,5287400
2024-08-01,2.299999952316284,2.430000066757202,2.289999961853028,2.4200000762939453,5062400
2024-08-02,2.220000028610229,2.2699999809265137,2.180000066757202,2.25,5967700
2024-08-05,2.1600000858306885,2.190000057220459,2.009999990463257,2.009999990463257,5682100
2024-08-06,2.1600000858306885,2.220000028610229,2.1600000858306885,2.1700000762939453,3547500
2024-08-07,2.109999895095825,2.2300000190734863,2.0999999046325684,2.200000047683716,4112100
2024-08-08,2.180000066757202,2.190000057220459,2.140000104904175,2.140000104904175,3524000
2024-08-09,2.1700000762939453,2.2300000190734863,2.140000104904175,2.180000066757202,3980700
2024-08-12,2.1600000858306885,2.2300000190734863,2.1600000858306885,2.1700000762939453,2550100
2024-08-13,2.2699999809265137,2.289999961853028,2.1700000762939453,2.180000066757202,3183200
2024-08-14,2.2300000190734863,2.2799999713897705,2.220000028610229,2.2699999809265137,2485800
2024-08-15,2.3299999237060547,2.359999895095825,2.259999990463257,2.259999990463257,3136300
2024-08-16,2.3499999046325684,2.359999895095825,2.299999952316284,2.319999933242798,2788400
2024-08-19,2.390000104904175,2.4600000381469727,2.3299999237060547,2.3399999141693115,8792500
2024-08-20,2.380000114440918,2.4200000762939453,2.380000114440918,2.400000095367432,2603400
2024-08-21,2.430000066757202,2.490000009536743,2.390000104904175,2.390000104904175,7947200
2024-08-22,2.369999885559082,2.440000057220459,2.3499999046325684,2.430000066757202,3172000
2024-08-23,2.4200000762939453,2.440000057220459,2.359999895095825,2.369999885559082,4042500
2024-08-26,2.359999895095825,2.440000057220459,2.3499999046325684,2.430000066757202,4255200
2024-08-27,2.319999933242798,2.359999895095825,2.299999952316284,2.359999895095825,2264900
2024-08-28,2.319999933242798,2.3299999237060547,2.2799999713897705,2.319999933242798,3984700
2024-08-29,2.3499999046325684,2.4200000762939453,2.309999942779541,2.3399999141693115,4413700
2024-08-30,2.3499999046325684,2.390000104904175,2.309999942779541,2.380000114440918,2678700
2024-09-03,2.259999990463257,2.3399999141693115,2.240000009536743,2.3399999141693115,3922900
2024-09-04,2.2799999713897705,2.299999952316284,2.240000009536743,2.25,2869900
2024-09-05,2.299999952316284,2.309999942779541,2.25,2.2799999713897705,2034000
2024-09-06,2.25,2.319999933242798,2.220000028610229,2.289999961853028,3989300
2024-09-09,2.3499999046325684,2.359999895095825,2.2699999809265137,2.2699999809265137,3301400
2024-09-10,2.380000114440918,2.4100000858306885,2.3299999237060547,2.3499999046325684,4485400
2024-09-11,2.450000047683716,2.4800000190734863,2.359999895095825,2.380000114440918,6130900
2024-09-12,2.470000028610229,2.5199999809265137,2.430000066757202,2.4600000381469727,6727500
2024-09-13,2.4800000190734863,2.5199999809265137,2.450000047683716,2.4800000190734863,5160400
2024-09-16,2.400000095367432,2.4800000190734863,2.400000095367432,2.470000028610229,3919200
2024-09-17,2.4200000762939453,2.440000057220459,2.380000114440918,2.430000066757202,4073700
2024-09-18,2.380000114440918,2.4800000190734863,2.359999895095825,2.4100000858306885,7949700
2024-09-19,2.4200000762939453,2.4600000381469727,2.390000104904175,2.440000057220459,6435800
2024-09-20,2.380000114440918,2.430000066757202,2.3499999046325684,2.4100000858306885,18884700
2024-09-23,2.440000057220459,2.4600000381469727,2.380000114440918,2.400000095367432,6294400
2024-09-24,2.450000047683716,2.4800000190734863,2.400000095367432,2.450000047683716,8077900
2024-09-25,2.390000104904175,2.440000057220459,2.359999895095825,2.430000066757202,7000400
2024-09-26,2.539999961853028,2.559999942779541,2.400000095367432,2.440000057220459,19345500
2024-09-27,2.5199999809265137,2.539999961853028,2.2799999713897705,2.440000057220459,26960400
2024-09-30,2.619999885559082,2.630000114440918,2.450000047683716,2.470000028610229,15861400
2024-10-01,2.430000066757202,2.619999885559082,2.4200000762939453,2.5999999046325684,12829700
2024-10-02,2.430000066757202,2.509999990463257,2.4100000858306885,2.440000057220459,9309600
2024-10-03,2.319999933242798,2.400000095367432,2.299999952316284,2.400000095367432,8096900
2024-10-04,2.359999895095825,2.4100000858306885,2.3299999237060547,2.359999895095825,8053800
2024-10-07,2.3499999046325684,2.359999895095825,2.319999933242798,2.359999895095825,7147300
2024-10-08,2.3399999141693115,2.4100000858306885,2.319999933242798,2.3499999046325684,7853600
2024-10-09,2.4100000858306885,2.450000047683716,2.3399999141693115,2.3399999141693115,8516100
2024-10-10,2.4200000762939453,2.440000057220459,2.380000114440918,2.400000095367432,5575900
2024-10-11,2.490000009536743,2.5,2.400000095367432,2.4100000858306885,7806800
2024-10-14,2.490000009536743,2.5299999713897705,2.4800000190734863,2.5,3228300
2024-10-15,2.490000009536743,2.559999942779541,2.4600000381469727,2.4800000190734863,10427800
2024-10-16,2.5999999046325684,2.680000066757202,2.509999990463257,2.509999990463257,21215200
2024-10-17,2.5799999237060547,2.6600000858306885,2.5299999713897705,2.619999885559082,9864200
2024-10-18,2.559999942779541,2.650000095367432,2.549999952316284,2.5999999046325684,8690600
2024-10-21,2.5799999237060547,2.5899999141693115,2.490000009536743,2.539999961853028,5546500
2024-10-22,2.5999999046325684,2.619999885559082,2.569999933242798,2.5799999237060547,6907000
2024-10-23,2.470000028610229,2.609999895095825,2.450000047683716,2.5899999141693115,7990300
2024-10-24,2.4200000762939453,2.509999990463257,2.4100000858306885,2.470000028610229,5535700
2024-10-25,2.390000104904175,2.450000047683716,2.369999885559082,2.430000066757202,6853100
2024-10-28,2.4100000858306885,2.470000028610229,2.400000095367432,2.4100000858306885,5943400
2024-10-29,2.4200000762939453,2.450000047683716,2.380000114440918,2.4100000858306885,6197400
2024-10-30,2.3399999141693115,2.4200000762939453,2.3299999237060547,2.400000095367432,6557000
2024-10-31,2.259999990463257,2.3499999046325684,2.25,2.3399999141693115,9317600
2024-11-01,2.2699999809265137,2.3399999141693115,2.25,2.2799999713897705,9847500
2024-11-04,2.25,2.299999952316284,2.240000009536743,2.2699999809265137,8156200
2024-11-05,2.299999952316284,2.309999942779541,2.25,2.259999990463257,5142500
2024-11-06,2.289999961853028,2.319999933242798,2.240000009536743,2.309999942779541,8260900
2024-11-07,2.309999942779541,2.3299999237060547,2.2799999713897705,2.299999952316284,7539200
2024-11-08,2.319999933242798,2.3299999237060547,2.259999990463257,2.309999942779541,23059400
2024-11-11,2.430000066757202,2.509999990463257,2.309999942779541,2.319999933242798,11283000
2024-11-12,2.4200000762939453,2.509999990463257,2.390000104904175,2.400000095367432,10294400
2024-11-13,2.440000057220459,2.549999952316284,2.4200000762939453,2.430000066757202,14301400
2024-11-14,2.400000095367432,2.4800000190734863,2.400000095367432,2.440000057220459,8230800
2024-11-15,2.380000114440918,2.4100000858306885,2.3299999237060547,2.400000095367432,7917200
2024-11-18,2.390000104904175,2.4200000762939453,2.3399999141693115,2.380000114440918,7067400
2024-11-19,2.3499999046325684,2.390000104904175,2.3299999237060547,2.369999885559082,6086000
2024-11-20,2.309999942779541,2.3499999046325684,2.289999961853028,2.3399999141693115,8370700
2024-11-21,2.319999933242798,2.3499999046325684,2.299999952316284,2.309999942779541,9412600
2024-11-22,2.3499999046325684,2.369999885559082,2.309999942779541,2.319999933242798,6823700
2024-11-25,2.569999933242798,2.5899999141693115,2.359999895095825,2.369999885559082,18470300
2024-11-26,2.569999933242798,2.5899999141693115,2.490000009536743,2.549999952316284,10826300
2024-11-27,2.609999895095825,2.700000047683716,2.569999933242798,2.569999933242798,16315600
2024-11-29,2.569999933242798,2.630000114440918,2.539999961853028,2.630000114440918,6991900
2024-12-02,2.559999942779541,2.630000114440918,2.5199999809265137,2.5799999237060547,11494800
2024-12-03,2.539999961853028,2.609999895095825,2.509999990463257,2.5299999713897705,8679900
2024-12-04,2.5799999237060547,2.6600000858306885,2.539999961853028,2.549999952316284,14105800
2024-12-05,2.5799999237060547,2.680000066757202,2.539999961853028,2.5999999046325684,18880500
2024-12-06,2.5899999141693115,2.609999895095825,2.5299999713897705,2.569999933242798,10533000
2024-12-09,2.940000057220459,2.950000047683716,2.619999885559082,2.619999885559082,39198200
2024-12-10,2.819999933242798,2.940000057220459,2.7799999713897705,2.930000066757202,17612100
2024-12-11,2.7799999713897705,2.8399999141693115,2.7300000190734863,2.8299999237060547,11868200
2024-12-12,2.759999990463257,2.759999990463257,2.680000066757202,2.759999990463257,12117200
2024-12-13,2.690000057220459,2.809999942779541,2.6600000858306885,2.75,10349300
2024-12-16,3.0899999141693115,3.190000057220459,2.75,2.799999952316284,31028800
2024-12-17,3.200000047683716,3.25,3.0,3.0,17735200
2024-12-18,3.009999990463257,3.25,2.9800000190734863,3.200000047683716,16757600
2024-12-19,2.9800000190734863,3.0799999237060547,2.9600000381469727,3.039999961853028,20999500
2024-12-20,3.690000057220459,3.700000047683716,2.9800000190734863,3.0,40798500
2024-12-23,3.7899999618530273,3.799999952316284,3.609999895095825,3.670000076293945,22913600
2024-12-24,3.9600000381469727,3.990000009536743,3.7200000286102295,3.7899999618530273,14643700
2024-12-26,3.950000047683716,4.059999942779541,3.910000085830689,3.950000047683716,10303600
2024-12-27,3.910000085830689,3.9700000286102295,3.799999952316284,3.950000047683716,14281700
2024-12-30,3.829999923706055,3.890000104904175,3.75,3.839999914169312,10281100
2024-12-31,3.7799999713897705,3.880000114440918,3.7300000190734863,3.849999904632568,13940400
2025-01-02,3.819999933242798,4.099999904632568,3.7799999713897705,3.819999933242798,18937800
2025-01-03,3.680000066757202,3.900000095367432,3.619999885559082,3.869999885559082,16811500
2025-01-06,4.090000152587891,4.119999885559082,3.809999942779541,3.849999904632568,26335800
2025-01-07,4.059999942779541,4.349999904632568,3.9700000286102295,4.110000133514404,22805100
2025-01-08,4.050000190734863,4.099999904632568,3.880000114440918,4.0,22042700
2025-01-10,4.059999942779541,4.119999885559082,3.930000066757202,3.990000009536743,20872700
2025-01-13,3.940000057220459,4.039999961853027,3.859999895095825,4.019999980926514,18792900
2025-01-14,4.0,4.119999885559082,3.9600000381469727,3.9800000190734863,17719700
2025-01-15,4.139999866485596,4.230000019073486,4.03000020980835,4.070000171661377,18585500
2025-01-16,4.210000038146973,4.28000020980835,4.079999923706055,4.139999866485596,13479300
2025-01-17,3.990000009536743,4.260000228881836,3.9600000381469727,4.25,17295400
2025-01-21,4.070000171661377,4.179999828338623,3.9800000190734863,4.010000228881836,18772200
2025-01-22,4.090000152587891,4.150000095367432,4.050000190734863,4.070000171661377,13712900
2025-01-23,4.170000076293945,4.170000076293945,4.039999961853027,4.070000171661377,14723000
2025-01-24,4.170000076293945,4.230000019073486,4.119999885559082,4.139999866485596,14846000
2025-01-27,4.090000152587891,4.260000228881836,3.990000009536743,4.039999961853027,24188400
2025-01-28,4.329999923706055,4.429999828338623,4.059999942779541,4.079999923706055,20715800
2025-01-29,4.340000152587891,4.420000076293945,4.199999809265137,4.360000133514404,26122300
2025-01-30,4.409999847412109,4.539999961853027,4.309999942779541,4.340000152587891,22426000
2025-01-31,4.440000057220459,4.510000228881836,4.380000114440918,4.400000095367432,27405300
2025-02-03,4.309999942779541,4.389999866485596,4.119999885559082,4.210000038146973,28538600
2025-02-04,4.619999885559082,4.659999847412109,4.360000133514404,4.360000133514404,24136200
2025-02-05,5.079999923706055,5.090000152587891,4.630000114440918,4.650000095367432,29765000
2025-02-06,5.159999847412109,5.21999979019165,5.0,5.130000114440918,28616000
2025-02-07,5.25,5.340000152587891,5.090000152587891,5.179999828338623,27338100
2025-02-10,5.539999961853027,5.650000095367432,5.289999961853027,5.320000171661377,31484300
2025-02-11,5.269999980926514,5.570000171661377,5.230000019073486,5.5,30514200
2025-02-12,5.820000171661377,5.849999904632568,5.199999809265137,5.230000019073486,35763000
2025-02-13,5.909999847412109,6.0,5.650000095367432,5.980000019073486,31241500
2025-02-14,5.690000057220459,6.0,5.630000114440918,5.949999809265137,23230500
2025-02-18,6.070000171661377,6.239999771118164,5.730000019073486,5.760000228881836,31716500
2025-02-19,5.860000133514404,6.190000057220459,5.809999942779541,6.119999885559082,26866800
2025-02-20,5.579999923706055,5.809999942779541,5.389999866485596,5.760000228881836,28770500
2025-02-21,5.239999771118164,5.659999847412109,5.190000057220459,5.610000133514404,33694000
2025-02-24,5.360000133514404,5.510000228881836,5.039999961853027,5.269999980926514,62459800
2025-02-25,4.909999847412109,5.349999904632568,4.630000114440918,5.349999904632568,66216000
2025-02-26,5.050000190734863,5.119999885559082,4.929999828338623,4.980000019073486,41327800
2025-02-27,4.75,5.159999847412109,4.75,5.099999904632568,62468400
2025-02-28,4.710000038146973,4.820000171661377,4.590000152587891,4.650000095367432,66543300
2025-03-03,4.389999866485596,4.960000038146973,4.349999904632568,4.769999980926514,43457200
2025-03-04,4.420000076293945,4.460000038146973,4.170000076293945,4.25,32250700
2025-03-05,4.650000095367432,4.679999828338623,4.389999866485596,4.429999828338623,18558400
2025-03-06,4.409999847412109,4.690000057220459,4.380000114440918,4.5,16948500
2025-03-07,4.519999980926514,4.590000152587891,4.300000190734863,4.519999980926514,17316400
2025-03-10,4.190000057220459,4.369999885559082,4.090000152587891,4.320000171661377,17600200
2025-03-11,4.369999885559082,4.489999771118164,4.21999979019165,4.21999979019165,14636900
2025-03-12,4.369999885559082,4.53000020980835,4.260000228881836,4.5,16395600
2025-03-13,4.260000228881836,4.380000114440918,4.21999979019165,4.320000171661377,10733100
2025-03-14,4.539999961853027,4.539999961853027,4.340000152587891,4.360000133514404,13660200
2025-03-17,4.519999980926514,4.619999885559082,4.449999809265137,4.550000190734863,17234500
2025-03-18,4.409999847412109,4.5,4.329999923706055,4.5,11635800
2025-03-19,4.46999979019165,4.559999942779541,4.389999866485596,4.420000076293945,12751200
2025-03-20,4.420000076293945,4.519999980926514,4.389999866485596,4.400000095367432,10622000
2025-03-21,4.329999923706055,4.400000095367432,4.309999942779541,4.369999885559082,15779700
2025-03-24,4.440000057220459,4.519999980926514,4.389999866485596,4.429999828338623,10548400
2025-03-25,4.340000152587891,4.510000228881836,4.320000171661377,4.449999809265137,9552100
2025-03-26,4.150000095367432,4.369999885559082,4.110000133514404,4.329999923706055,13735100
2025-03-27,3.9600000381469727,4.119999885559082,3.950000047683716,4.119999885559082,13249800
2025-03-28,3.920000076293945,4.019999980926514,3.880000114440918,3.940000057220459,13382600
2025-03-31,3.7699999809265137,3.829999923706055,3.660000085830689,3.75,19387600
2025-04-01,3.7300000190734863,3.839999914169312,3.670000076293945,3.7899999618530273,17207800
2025-04-02,3.390000104904175,3.5,2.940000057220459,3.069999933242798,33863300
2025-04-03,3.140000104904175,3.259999990463257,3.0899999141693115,3.200000047683716,18244400
2025-04-04,3.009999990463257,3.049999952316284,2.799999952316284,2.990000009536743,16215800
2025-04-07,2.9600000381469727,3.200000047683716,2.809999942779541,2.819999933242798,16344000
2025-04-08,2.869999885559082,3.0999999046325684,2.809999942779541,3.0899999141693115,17820900
2025-04-09,3.289999961853028,3.3299999237060547,2.8299999237060547,2.8399999141693115,30149000
2025-04-10,3.140000104904175,3.25,3.049999952316284,3.220000028610229,18087000
2025-04-11,3.1600000858306885,3.190000057220459,3.049999952316284,3.140000104904175,15871900
2025-04-14,3.2300000190734863,3.289999961853028,3.130000114440918,3.259999990463257,14822500
2025-04-15,3.2300000190734863,3.289999961853028,3.190000057220459,3.220000028610229,12825100
2025-04-16,3.200000047683716,3.259999990463257,3.130000114440918,3.180000066757202,9914200
2025-04-17,3.1700000762939453,3.240000009536743,3.150000095367432,3.180000066757202,16347500
2025-04-21,3.0899999141693115,3.1600000858306885,3.039999961853028,3.130000114440918,10233100
2025-04-22,3.1700000762939453,3.25,3.150000095367432,3.180000066757202,10182900
2025-04-23,3.289999961853028,3.4200000762939453,3.2300000190734863,3.2799999713897705,18397600
2025-04-24,3.380000114440918,3.400000095367432,3.299999952316284,3.319999933242798,10829100
2025-04-25,3.380000114440918,3.4200000762939453,3.3399999141693115,3.3499999046325684,9009000
2025-04-28,3.400000095367432,3.450000047683716,3.3299999237060547,3.400000095367432,9000400
2025-04-29,3.400000095367432,3.4200000762939453,3.3399999141693115,3.380000114440918,7606800
2025-04-30,3.400000095367432,3.400000095367432,3.2699999809265137,3.319999933242798,11388700
2025-05-01,3.369999885559082,3.4600000381469727,3.359999895095825,3.4200000762939453,7303700
2025-05-02,3.490000009536743,3.549999952316284,3.400000095367432,3.4100000858306885,16600900
2025-05-05,3.5899999141693115,3.660000085830689,3.4600000381469727,3.4800000190734863,12673400
2025-05-06,3.609999895095825,3.680000066757202,3.5,3.559999942779541,11860300
2025-05-07,3.680000066757202,3.700000047683716,3.549999952316284,3.5999999046325684,11141700
2025-05-08,3.799999952316284,3.950000047683716,3.7799999713897705,3.829999923706055,15400600
2025-05-09,3.809999942779541,3.930000066757202,3.740000009536743,3.839999914169312,51114400
2025-05-12,3.880000114440918,3.990000009536743,3.7899999618530273,3.950000047683716,14621100
2025-05-13,3.920000076293945,3.9700000286102295,3.869999885559082,3.900000095367432,9879600
2025-05-14,3.880000114440918,3.9700000286102295,3.849999904632568,3.950000047683716,8466600
2025-05-15,3.890000104904175,3.910000085830689,3.809999942779541,3.859999895095825,8067100
2025-05-16,3.940000057220459,3.950000047683716,3.849999904632568,3.890000104904175,6490300
2025-05-19,3.910000085830689,3.930000066757202,3.839999914169312,3.849999904632568,4641700
2025-05-20,3.930000066757202,4.03000020980835,3.890000104904175,3.900000095367432,9421900
2025-05-21,3.819999933242798,4.03000020980835,3.809999942779541,3.880000114440918,15438300
2025-05-22,3.869999885559082,3.910000085830689,3.7300000190734863,3.809999942779541,14810800
2025-05-23,3.759999990463257,3.880000114440918,3.759999990463257,3.799999952316284,13654800
2025-05-27,4.130000114440918,4.159999847412109,3.829999923706055,3.849999904632568,19681400
2025-05-28,4.090000152587891,4.190000057220459,3.9700000286102295,4.179999828338623,14481900
2025-05-29,3.990000009536743,4.179999828338623,3.9800000190734863,4.139999866485596,7644300
2025-05-30,3.9600000381469727,4.0,3.890000104904175,3.9800000190734863,9432600
2025-06-02,4.039999961853027,4.050000190734863,3.869999885559082,3.930000066757202,12714800
2025-06-03,3.9700000286102295,4.050000190734863,3.930000066757202,4.019999980926514,11670300
2025-06-04,4.010000228881836,4.039999961853027,3.940000057220459,3.940000057220459,5736000
2025-06-05,4.070000171661377,4.210000038146973,4.019999980926514,4.03000020980835,16946000
2025-06-06,4.130000114440918,4.159999847412109,4.03000020980835,4.090000152587891,12315400
2025-06-09,4.210000038146973,4.239999771118164,4.099999904632568,4.170000076293945,9287500
2025-06-10,4.139999866485596,4.239999771118164,4.110000133514404,4.210000038146973,7625700
2025-06-11,4.159999847412109,4.239999771118164,4.119999885559082,4.139999866485596,8799900
2025-06-12,4.190000057220459,4.21999979019165,4.090000152587891,4.139999866485596,6419100
2025-06-13,4.079999923706055,4.21999979019165,4.059999942779541,4.099999904632568,18009100
2025-06-16,4.340000152587891,4.360000133514404,4.110000133514404,4.119999885559082,13375900
2025-06-17,4.300000190734863,4.420000076293945,4.260000228881836,4.309999942779541,17707300
2025-06-18,4.320000171661377,4.420000076293945,4.260000228881836,4.320000171661377,23730100
2025-06-20,4.230000019073486,4.389999866485596,4.21999979019165,4.360000133514404,18447400
2025-06-23,4.320000171661377,4.340000152587891,4.130000114440918,4.190000057220459,14890600
2025-06-24,4.329999923706055,4.429999828338623,4.289999961853027,4.380000114440918,18026600
2025-06-25,4.869999885559082,5.320000171661377,4.809999942779541,4.809999942779541,64700200
2025-06-26,4.71999979019165,4.889999866485596,4.599999904632568,4.860000133514404,37591700
2025-06-27,4.539999961853027,4.730000019073486,4.449999809265137,4.71999979019165,29730800
2025-06-30,4.579999923706055,4.699999809265137,4.489999771118164,4.610000133514404,31194800
2025-07-01,4.340000152587891,4.579999923706055,4.300000190734863,4.579999923706055,17674100
2025-07-02,4.230000019073486,4.539999961853027,4.139999866485596,4.400000095367432,18351700
2025-07-03,4.349999904632568,4.420000076293945,4.239999771118164,4.25,12837700
2025-07-07,4.309999942779541,4.349999904632568,4.230000019073486,4.25,12500900
2025-07-08,4.210000038146973,4.340000152587891,4.210000038146973,4.340000152587891,8825800
2025-07-09,4.130000114440918,4.269999980926514,4.130000114440918,4.25,9082300
2025-07-10,4.110000133514404,4.190000057220459,4.070000171661377,4.130000114440918,13423900
2025-07-11,4.03000020980835,4.130000114440918,4.019999980926514,4.070000171661377,10289800
2025-07-14,4.03000020980835,4.079999923706055,3.9600000381469727,4.019999980926514,10185000
2025-07-15,4.070000171661377,4.130000114440918,4.0,4.050000190734863,9599900
2025-07-16,4.039999961853027,4.119999885559082,3.9800000190734863,4.079999923706055,7261900
2025-07-17,4.010000228881836,4.070000171661377,3.9800000190734863,4.039999961853027,6151000
2025-07-18,3.910000085830689,4.03000020980835,3.890000104904175,4.019999980926514,5943300
2025-07-21,3.880000114440918,3.990000009536743,3.880000114440918,3.920000076293945,7389500
2025-07-22,3.9600000381469727,4.010000228881836,3.829999923706055,3.880000114440918,11054500
2025-07-23,4.099999904632568,4.139999866485596,3.9600000381469727,4.010000228881836,16637500
2025-07-24,3.9600000381469727,4.110000133514404,3.950000047683716,4.099999904632568,10334100
2025-07-25,3.910000085830689,3.950000047683716,3.869999885559082,3.930000066757202,5181200
2025-07-28,3.829999923706055,3.930000066757202,3.829999923706055,3.910000085830689,4968600
2025-07-29,3.75,3.880000114440918,3.7200000286102295,3.849999904632568,8490800
2025-07-30,3.740000009536743,3.799999952316284,3.700000047683716,3.740000009536743,7044800
2025-07-31,3.690000057220459,3.759999990463257,3.670000076293945,3.75,6930500
2025-08-01,3.609999895095825,3.650000095367432,3.549999952316284,3.619999885559082,8738400
2025-08-04,3.7699999809265137,3.829999923706055,3.650000095367432,3.650000095367432,12862800
2025-08-05,3.740000009536743,3.7699999809265137,3.670000076293945,3.75,10660300
2025-08-06,3.7100000381469727,3.7799999713897705,3.660000085830689,3.740000009536743,10912300
2025-08-07,3.660000085830689,3.7200000286102295,3.569999933242798,3.7100000381469727,9916100
2025-08-08,3.609999895095825,3.670000076293945,3.5799999237060547,3.660000085830689,5230400
2025-08-11,3.5799999237060547,3.690000057220459,3.569999933242798,3.609999895095825,5718400
2025-08-12,3.670000076293945,3.680000066757202,3.5999999046325684,3.5999999046325684,5993500
2025-08-13,3.7699999809265137,3.7799999713897705,3.640000104904175,3.670000076293945,6367700
2025-08-14,3.690000057220459,3.7699999809265137,3.640000104904175,3.759999990463257,5584300
2025-08-15,3.660000085830689,3.7100000381469727,3.650000095367432,3.670000076293945,3760700
2025-08-18,3.75,3.759999990463257,3.640000104904175,3.660000085830689,6538300
2025-08-19,3.660000085830689,3.759999990463257,3.650000095367432,3.75,6303000
2025-08-20,3.650000095367432,3.660000085830689,3.559999942779541,3.619999885559082,8979200
2025-08-21,3.650000095367432,3.660000085830689,3.5899999141693115,3.5999999046325684,4005800
2025-08-22,3.759999990463257,3.7799999713897705,3.640000104904175,3.670000076293945,4790900
2025-08-25,3.75,3.7699999809265137,3.700000047683716,3.759999990463257,3036800
2025-08-26,3.809999942779541,3.819999933242798,3.7300000190734863,3.75,7172000
2025-08-27,3.849999904632568,3.930000066757202,3.819999933242798,3.910000085830689,7128900
2025-08-28,3.829999923706055,3.869999885559082,3.7799999713897705,3.859999895095825,5470900
2025-08-29,3.829999923706055,3.950000047683716,3.7899999618530273,3.829999923706055,11305200
2025-09-02,3.7799999713897705,3.7899999618530273,3.690000057220459,3.75,6788200
2025-09-03,3.7699999809265137,3.7899999618530273,3.7200000286102295,3.7699999809265137,3849300
2025-09-04,3.799999952316284,3.799999952316284,3.700000047683716,3.75,4791700
2025-09-05,3.880000114440918,3.880000114440918,3.759999990463257,3.819999933242798,10547900
2025-09-08,3.859999895095825,3.880000114440918,3.799999952316284,3.880000114440918,4248800
2025-09-09,3.75,3.869999885559082,3.7100000381469727,3.859999895095825,5395100
2025-09-10,3.7799999713897705,3.7899999618530273,3.690000057220459,3.75,4949900
2025-09-11,3.869999885559082,3.869999885559082,3.759999990463257,3.759999990463257,4160600
2025-09-12,3.900000095367432,3.910000085830689,3.819999933242798,3.869999885559082,5483600
2025-09-15,3.9700000286102295,4.050000190734863,3.940000057220459,3.950000047683716,8449600
2025-09-16,4.0,4.03000020980835,3.920000076293945,4.0,5769400
2025-09-17,4.010000228881836,4.070000171661377,3.950000047683716,3.9700000286102295,8257900
2025-09-18,4.199999809265137,4.25,4.039999961853027,4.070000171661377,13610700
2025-09-19,4.210000038146973,4.239999771118164,4.179999828338623,4.230000019073486,11635400
2025-09-22,4.400000095367432,4.429999828338623,4.170000076293945,4.199999809265137,16027000
2025-09-23,4.269999980926514,4.460000038146973,4.199999809265137,4.449999809265137,15230100
2025-09-24,4.269999980926514,4.360000133514404,4.179999828338623,4.289999961853027,12349600
2025-09-25,4.650000095367432,4.659999847412109,4.190000057220459,4.309999942779541,37810200
2025-09-26,4.960000038146973,5.070000171661377,4.650000095367432,4.670000076293945,31546100
2025-09-29,5.0,5.03000020980835,4.920000076293945,5.0,20568300
2025-09-30,4.880000114440918,4.980000019073486,4.739999771118164,4.960000038146973,13598100
2025-10-01,4.789999961853027,4.860000133514404,4.71999979019165,4.829999923706055,12551200
2025-10-02,4.75,4.840000152587891,4.699999809265137,4.829999923706055,9866000
2025-10-03,4.5,4.679999828338623,4.460000038146973,4.659999847412109,17146000
2025-10-06,4.800000190734863,4.800000190734863,4.510000228881836,4.510000228881836,12619200
2025-10-07,4.650000095367432,4.809999942779541,4.610000133514404,4.800000190734863,9368800
2025-10-08,4.760000228881836,4.789999961853027,4.630000114440918,4.650000095367432,9202000
2025-10-09,4.849999904632568,4.880000114440918,4.690000057220459,4.760000228881836,8656700
2025-10-10,4.480000019073486,4.960000038146973,4.480000019073486,4.849999904632568,12918800
2025-10-13,4.550000190734863,4.579999923706055,4.440000057220459,4.539999961853027,5592700
2025-10-14,4.46999979019165,4.539999961853027,4.329999923706055,4.449999809265137,8735300
2025-10-15,4.519999980926514,4.599999904632568,4.429999828338623,4.53000020980835,9106500
2025-10-16,4.519999980926514,4.71999979019165,4.489999771118164,4.570000171661377,10590300
2025-10-17,4.489999771118164,4.539999961853027,4.420000076293945,4.449999809265137,8388100
2025-10-20,4.579999923706055,4.639999866485596,4.489999771118164,4.53000020980835,6833700
2025-10-21,4.639999866485596,4.670000076293945,4.510000228881836,4.559999942779541,8806000
2025-10-22,4.510000228881836,5.090000152587891,4.449999809265137,4.619999885559082,23864400
2025-10-23,4.610000133514404,4.650000095367432,4.510000228881836,4.53000020980835,5759400
2025-10-24,4.78000020980835,4.860000133514404,4.610000133514404,4.630000114440918,8799200
2025-10-27,4.800000190734863,4.849999904632568,4.71999979019165,4.829999923706055,7342300
2025-10-28,4.840000152587891,4.909999847412109,4.71999979019165,4.829999923706055,12704000
2025-10-29,4.829999923706055,4.909999847412109,4.739999771118164,4.860000133514404,10364900
2025-10-30,4.769999980926514,4.940000057220459,4.760000228881836,4.78000020980835,7915900
2025-10-31,4.880000114440918,4.909999847412109,4.769999980926514,4.789999961853027,8020400
2025-11-03,4.800000190734863,4.929999828338623,4.710000038146973,4.880000114440918,10498700
2025-11-04,4.670000076293945,4.789999961853027,4.570000171661377,4.659999847412109,12150300
2025-11-05,4.75,4.769999980926514,4.539999961853027,4.599999904632568,9036400
2025-11-06,4.619999885559082,4.78000020980835,4.570000171661377,4.760000228881836,6827400
2025-11-07,4.559999942779541,4.599999904632568,4.440000057220459,4.539999961853027,10556900
2025-11-10,4.630000114440918,4.659999847412109,4.559999942779541,4.610000133514404,6063000
2025-11-11,4.559999942779541,4.619999885559082,4.53000020980835,4.610000133514404,5333200
2025-11-12,4.489999771118164,4.559999942779541,4.460000038146973,4.539999961853027,7384700
2025-11-13,4.349999904632568,4.460000038146973,4.28000020980835,4.460000038146973,8472800
2025-11-14,4.309999942779541,4.309999942779541,4.190000057220459,4.21999979019165,14136400
2025-11-17,4.159999847412109,4.329999923706055,4.139999866485596,4.300000190734863,7002200
2025-11-18,4.300000190734863,4.349999904632568,4.099999904632568,4.099999904632568,8462000
2025-11-19,4.21999979019165,4.329999923706055,4.190000057220459,4.300000190734863,6360300
2025-11-20,4.130000114440918,4.349999904632568,4.130000114440918,4.309999942779541,8352200
2025-11-21,4.170000076293945,4.210000038146973,4.050000190734863,4.119999885559082,8654700
2025-11-24,4.150000095367432,4.289999961853027,4.139999866485596,4.210000038146973,10178900
2025-11-25,4.0,4.090000152587891,3.9800000190734863,4.070000171661377,9701500
2025-11-26,4.070000171661377,4.119999885559082,4.0,4.0,8354300
2025-11-28,4.079999923706055,4.119999885559082,4.059999942779541,4.090000152587891,3334200
2025-12-01,3.9800000190734863,4.03000020980835,3.940000057220459,4.03000020980835,6929100
2025-12-02,4.059999942779541,4.099999904632568,4.0,4.019999980926514,4806200
2025-12-03,4.179999828338623,4.179999828338623,4.019999980926514,4.039999961853027,3984700
2025-12-04,4.25,4.260000228881836,4.119999885559082,4.159999847412109,5835100
2025-12-05,4.320000171661377,4.360000133514404,4.230000019073486,4.260000228881836,5118600
2025-12-08,4.409999847412109,4.429999828338623,4.340000152587891,4.349999904632568,4295500
2025-12-09,4.409999847412109,4.440000057220459,4.360000133514404,4.380000114440918,6338300
2025-12-10,4.380000114440918,4.440000057220459,4.340000152587891,4.409999847412109,4136000
2025-12-11,4.349999904632568,4.420000076293945,4.289999961853027,4.369999885559082,3818200
2025-12-12,4.28000020980835,4.360000133514404,4.199999809265137,4.349999904632568,5618300
2025-12-15,4.25,4.449999809265137,4.25,4.309999942779541,9832600
2025-12-16,4.389999866485596,4.440000057220459,4.230000019073486,4.230000019073486,9717900
2025-12-17,4.260000228881836,4.440000057220459,4.199999809265137,4.400000095367432,14692900
2025-12-18,4.329999923706055,4.429999828338623,4.28000020980835,4.309999942779541,20877900
2025-12-19,3.7699999809265137,4.099999904632568,3.7100000381469727,4.079999923706055,42669500
2025-12-22,3.950000047683716,3.990000009536743,3.759999990463257,3.809999942779541,13290600
2025-12-23,4.0,4.110000133514404,3.910000085830689,3.910000085830689,8761100
2025-12-24,3.990000009536743,4.0,3.940000057220459,3.9600000381469727,2241500
2025-12-26,3.9700000286102295,3.9800000190734863,3.900000095367432,3.9600000381469727,4794800
2025-12-29,3.880000114440918,3.990000009536743,3.859999895095825,3.920000076293945,5517900
2025-12-30,3.7899999618530273,3.880000114440918,3.7799999713897705,3.869999885559082,7408900
2025-12-31,3.7899999618530273,3.869999885559082,3.759999990463257,3.7899999618530273,8297200
2026-01-02,3.799999952316284,3.859999895095825,3.7699999809265137,3.819999933242798,5526000
2026-01-05,3.880000114440918,3.950000047683716,3.7899999618530273,3.809999942779541,10332700
2026-01-06,3.920000076293945,3.940000057220459,3.839999914169312,3.880000114440918,6598700
2026-01-07,3.890000104904175,4.0,3.819999933242798,3.950000047683716,12096300
2026-01-08,3.859999895095825,3.890000104904175,3.7899999618530273,3.880000114440918,11226500
2026-01-09,3.839999914169312,3.890000104904175,3.819999933242798,3.859999895095825,5910900
2026-01-12,4.0,4.03000020980835,3.7899999618530273,3.829999923706055,9727100
2026-01-13,3.930000066757202,4.079999923706055,3.900000095367432,4.0,7867700
2026-01-14,3.869999885559082,3.930000066757202,3.809999942779541,3.920000076293945,8587100
2026-01-15,3.920000076293945,3.9600000381469727,3.880000114440918,3.880000114440918,6240500
2026-01-16,3.880000114440918,3.940000057220459,3.859999895095825,3.920000076293945,5975800
2026-01-20,3.829999923706055,3.890000104904175,3.7799999713897705,3.7899999618530273,7612500
2026-01-21,3.799999952316284,3.849999904632568,3.7200000286102295,3.829999923706055,8044100
2026-01-22,3.819999933242798,3.880000114440918,3.819999933242798,3.849999904632568,5182800
2026-01-23,3.819999933242798,3.910000085830689,3.799999952316284,3.809999942779541,5951100
2026-01-26,3.809999942779541,3.859999895095825,3.7799999713897705,3.819999933242798,3758800
2026-01-27,3.799999952316284,3.849999904632568,3.759999990463257,3.839999914169312,7637700
2026-01-28,3.75,3.839999914169312,3.740000009536743,3.7899999618530273,4869500
2026-01-29,3.660000085830689,3.759999990463257,3.5899999141693115,3.7200000286102295,6175000
2026-01-30,3.569999933242798,3.670000076293945,3.549999952316284,3.619999885559082,7902400
2026-02-02,3.559999942779541,3.5999999046325684,3.549999952316284,3.549999952316284,5271200
2026-02-03,3.390000104904175,3.569999933242798,3.359999895095825,3.569999933242798,8827700
2026-02-04,3.4600000381469727,3.4800000190734863,3.3399999141693115,3.400000095367432,11463700
2026-02-05,3.390000104904175,3.490000009536743,3.3499999046325684,3.400000095367432,10432100
2026-02-06,3.4600000381469727,3.5199999809265137,3.430000066757202,3.450000047683716,6374500
2026-02-09,3.470000028610229,3.490000009536743,3.430000066757202,3.4600000381469727,5415400
2026-02-10,3.5199999809265137,3.5899999141693115,3.4800000190734863,3.490000009536743,4605300
2026-02-11,3.490000009536743,3.5299999713897705,3.400000095367432,3.509999990463257,5935500
2026-02-12,3.4100000858306885,3.509999990463257,3.369999885559082,3.5,6289600
2026-02-13,3.4600000381469727,3.5199999809265137,3.4100000858306885,3.430000066757202,6330900
2026-02-17,3.4200000762939453,3.4600000381469727,3.380000114440918,3.440000057220459,4514600
2026-02-18,3.430000066757202,3.4600000381469727,3.380000114440918,3.4200000762939453,4017700
2026-02-19,3.430000066757202,3.450000047683716,3.390000104904175,3.430000066757202,4357600
2026-02-20,3.450000047683716,3.490000009536743,3.4100000858306885,3.430000066757202,5555800
2026-02-23,3.319999933242798,3.440000057220459,3.309999942779541,3.4100000858306885,6007400
2026-02-24,3.380000114440918,3.430000066757202,3.299999952316284,3.309999942779541,6594300
2026-02-25,3.4200000762939453,3.440000057220459,3.3499999046325684,3.380000114440918,3417700
2026-02-26,3.509999990463257,3.5299999713897705,3.4200000762939453,3.440000057220459,5210200
2026-02-27,3.390000104904175,3.4800000190734863,3.359999895095825,3.4600000381469727,5636200
2026-03-02,3.400000095367432,3.4200000762939453,3.299999952316284,3.319999933242798,5941800
2026-03-03,3.4100000858306885,3.450000047683716,3.2699999809265137,3.289999961853028,6857500
2026-03-04,3.4800000190734863,3.549999952316284,3.390000104904175,3.4200000762939453,6634800
2026-03-05,3.549999952316284,3.5899999141693115,3.470000028610229,3.470000028610229,5726800
2026-03-06,3.440000057220459,3.5299999713897705,3.4200000762939453,3.5,5646600
2026-03-09,3.4800000190734863,3.5,3.359999895095825,3.400000095367432,5802000
2026-03-10,3.450000047683716,3.509999990463257,3.440000057220459,3.5,6138400
2026-03-11,3.5,3.5299999713897705,3.4200000762939453,3.470000028610229,4804800
2026-03-12,3.4200000762939453,3.509999990463257,3.4100000858306885,3.4600000381469727,6506400
2026-03-13,3.3399999141693115,3.4600000381469727,3.319999933242798,3.440000057220459,5305500
2026-03-16,3.299999952316284,3.390000104904175,3.2799999713897705,3.3399999141693115,8476700
2026-03-17,3.3299999237060547,3.430000066757202,3.309999942779541,3.309999942779541,11536000
2026-03-18,3.299999952316284,3.390000104904175,3.299999952316284,3.309999942779541,6880300
2026-03-19,3.299999952316284,3.3299999237060547,3.240000009536743,3.259999990463257,9902800
2026-03-20,3.220000028610229,3.309999942779541,3.200000047683716,3.289999961853028,27513600
2026-03-23,3.319999933242798,3.369999885559082,3.240000009536743,3.240000009536743,9126800
2026-03-24,3.2300000190734863,3.319999933242798,3.2100000381469727,3.299999952316284,11412800
2026-03-25,3.289999961853028,3.359999895095825,3.259999990463257,3.259999990463257,11967500
2026-03-26,3.25,3.380000114440918,3.240000009536743,3.259999990463257,6751000
2026-03-27,3.1600000858306885,3.25,3.130000114440918,3.25,9686300
2026-03-30,3.150000095367432,3.220000028610229,3.119999885559082,3.1700000762939453,9008400
2026-03-31,3.240000009536743,3.2699999809265137,3.180000066757202,3.200000047683716,9018300
2026-04-01,3.359999895095825,3.390000104904175,3.220000028610229,3.2799999713897705,6744800
2026-04-02,3.4600000381469727,3.4800000190734863,3.2699999809265137,3.289999961853028,7822700
2026-04-06,3.549999952316284,3.5899999141693115,3.470000028610229,3.4800000190734863,7688800
2026-04-07,3.4800000190734863,3.539999961853028,3.440000057220459,3.5299999713897705,9761000
2026-04-08,3.5299999713897705,3.650000095367432,3.509999990463257,3.630000114440918,8041300
2026-04-09,3.819999933242798,4.039999961853027,3.7300000190734863,3.819999933242798,23459500
2026-04-10,3.839999914169312,3.910000085830689,3.7300000190734863,3.900000095367432,20570100
2026-04-13,3.869999885559082,3.890000104904175,3.759999990463257,3.809999942779541,14671000
2026-04-14,3.9700000286102295,4.050000190734863,3.920000076293945,3.940000057220459,10607900
2026-04-15,4.110000133514404,4.139999866485596,4.010000228881836,4.03000020980835,8519400
2026-04-16,4.690000057220459,4.71999979019165,4.130000114440918,4.150000095367432,22010200
2026-04-17,4.860000133514404,4.940000057220459,4.679999828338623,4.679999828338623,22597400
2026-04-20,5.5,5.710000038146973,4.880000114440918,4.880000114440918,56823200
2026-04-21,5.610000133514404,5.690000057220459,5.230000019073486,5.5,37864500
2026-04-22,5.429999828338623,5.789999961853027,5.369999885559082,5.670000076293945,18147500
2026-04-23,5.269999980926514,5.389999866485596,5.139999866485596,5.320000171661377,19022300
2026-04-24,5.090000152587891,5.409999847412109,4.960000038146973,5.380000114440918,15547400
2026-04-27,5.320000171661377,5.320000171661377,5.050000190734863,5.090000152587891,10416800
2026-04-28,5.139999866485596,5.320000171661377,5.110000133514404,5.260000228881836,7637600
2026-04-29,5.380000114440918,5.440000057220459,5.03000020980835,5.119999885559082,17196200
2026-04-30,5.400000095367432,5.510000228881836,5.21999979019165,5.389999866485596,15615600
2026-05-01,5.420000076293945,5.630000114440918,5.28000020980835,5.510000228881836,16689800
2026-05-04,5.579999923706055,6.239999771118164,5.550000190734863,6.099999904632568,54371300
2026-05-05,5.599999904632568,5.880000114440918,5.489999771118164,5.75,27155800
2026-05-06,5.989999771118164,6.059999942779541,5.360000133514404,5.559999942779541,27525700
2026-05-07,6.099999904632568,6.150000095367432,5.829999923706055,6.039999961853027,27323900
2026-05-08,6.369999885559082,6.610000133514404,6.079999923706055,6.25,56713600
2026-05-11,6.21999979019165,6.519999980926514,6.119999885559082,6.420000076293945,27888300
2026-05-12,6.21999979019165,6.230000019073486,5.880000114440918,6.119999885559082,19197600
2026-05-13,6.099999904632568,6.340000152587891,6.0,6.260000228881836,16065400
2026-05-14,6.179999828338623,6.400000095367432,6.059999942779541,6.099999904632568,22046800
2026-05-15,6.190000057220459,6.300000190734863,5.960000038146973,6.070000171661377,19598700
2026-05-18,6.380000114440918,6.639999866485596,6.110000133514404,6.150000095367432,24303600
2026-05-19,6.210000038146973,6.440000057220459,6.079999923706055,6.289999961853027,20610800
2026-05-20,6.199999809265137,6.380000114440918,6.099999904632568,6.28000020980835,36234400
2026-05-21,6.650000095367432,6.730000019073486,6.099999904632568,6.170000076293945,27469200
2026-05-22,7.909999847412109,8.029999732971191,6.699999809265137,6.769999980926514,57770300
2026-05-26,8.420000076293945,8.600000381469727,7.980000019073486,8.510000228881836,59276300
2026-05-27,8.670000076293945,8.859999656677246,7.880000114440918,8.220000267028809,51637700
2026-05-28,8.779999732971191,9.029999732971191,8.359999656677246,8.579999923706055,32310400
2026-05-29,9.0,9.3100004196167,8.720000267028809,9.09000015258789,45113600
2026-06-01,9.720000267028809,9.84000015258789,8.920000076293945,9.289999961853027,45260800
2026-06-02,10.31999969482422,10.329999923706056,9.279999732971191,9.579999923706056,56395600
2026-06-03,10.18000030517578,10.729999542236328,9.729999542236328,10.5,90583700
2026-06-04,10.34000015258789,10.93000030517578,9.579999923706056,9.619999885559082,97318200
2026-06-05,9.40999984741211,10.119999885559082,9.130000114440918,10.0600004196167,70458600
2026-06-08,9.289999961853027,9.880000114440918,8.989999771118164,9.489999771118164,31169600
2026-06-09,8.84000015258789,9.5,8.199999809265137,9.4399995803833,52015300
2026-06-10,8.819999694824219,9.31999969482422,8.699999809265137,8.699999809265137,28379900
2026-06-11,9.289999961853027,9.34000015258789,8.75,8.760000228881836,29720300
2026-06-12,9.1899995803833,9.510000228881836,9.050000190734863,9.289999961853027,22202900
2026-06-15,9.239999771118164,9.6899995803833,9.210000038146973,9.399999618530272,26697000
2026-06-16,9.170000076293944,9.329999923706056,8.979999542236328,9.140000343322754,22520600
2026-06-17,8.829999923706055,9.390000343322754,8.829999923706055,9.170000076293944,22729900
2026-06-18,8.380000114440918,9.050000190734863,8.210000038146973,9.0,32461100
2026-06-22,8.789999961853027,9.18000030517578,8.359999656677246,8.420000076293945,33245600
2026-06-23,8.819999694824219,8.979999542236328,8.489999771118164,8.550000190734863,24723400
2026-06-24,8.619999885559082,9.380000114440918,8.550000190734863,8.960000038146973,39015000
2026-06-25,10.34000015258789,10.68000030517578,9.520000457763672,9.720000267028809,72343200
2026-06-26,11.399999618530272,11.489999771118164,9.90999984741211,10.079999923706056,57813400
2026-06-29,12.479999542236328,12.609999656677246,11.3100004196167,11.31999969482422,47655300
2026-06-30,12.649999618530272,12.93000030517578,12.079999923706056,12.199999809265137,35775900
2026-07-01,12.8100004196167,13.59000015258789,12.460000038146973,12.550000190734863,40466900
2026-07-02,11.510000228881836,13.029999732971191,11.199999809265137,12.859999656677246,50858100
2026-07-06,11.380000114440918,12.079999923706056,11.149999618530272,11.270000457763672,21201100
2026-07-07,11.100000381469728,11.5,10.65999984741211,11.100000381469728,33932900
2026-07-08,11.119999885559082,11.18000030517578,10.800000190734863,10.899999618530272,22559600
2026-07-09,11.43000030517578,11.65999984741211,11.119999885559082,11.31999969482422,24365900
2026-07-10,10.970000267028809,11.449999809265137,10.859999656677246,11.31999969482422,17646800
2026-07-13,10.710000038146973,11.020000457763672,10.329999923706056,10.899999618530272,25936700
2026-07-14,11.010000228881836,11.40999984741211,10.619999885559082,10.6899995803833,22240100
2026-07-15,10.640000343322754,11.199999809265137,10.390000343322754,11.109999656677246,24720400
2026-07-16,9.15999984741211,10.510000228881836,9.050000190734863,10.4399995803833,29115900
2026-07-17,8.989999771118164,9.279999732971191,8.819999694824219,8.960000038146973,22983300
2026-07-20,8.829999923706055,9.229999542236328,8.75,8.880000114440918,19731500
2026-07-21,8.989999771118164,9.050000190734863,8.789999961853027,8.989999771118164,20637900
2026-07-22,8.949999809265137,9.119999885559082,8.729999542236328,8.84000015258789,12112700
2026-07-23,8.630000114440918,8.899999618530273,8.359999656677246,8.819999694824219,16574700
2026-07-24,8.539999961853027,8.789999961853027,8.390000343322754,8.720000267028809,14004300
2026-07-27,8.420000076293945,8.819999694824219,8.220000267028809,8.699999809265137,13783900
2026-07-28,8.09000015258789,8.270000457763672,7.710000038146973,8.199999809265137,21053600
2026-07-29,7.809999942779541,8.270000457763672,7.760000228881836,8.15999984741211,13655600
2026-07-30,8.4399995803833,8.59000015258789,7.980000019073486,8.039999961853027,19032000
2026-07-31,8.5,8.8100004196167,8.350000381469727,8.699999809265137,16341200
2026-08-03,8.520000457763672,8.65999984741211,8.220000267028809,8.399999618530273,9656900
2026-08-04,8.869999885559082,8.9399995803833,8.649999618530273,8.710000038146973,13051700
2026-08-05,8.729999542236328,9.09000015258789,8.729999542236328,8.8100004196167,9969700
2026-08-06,8.779999732971191,9.0,8.399999618530273,8.510000228881836,9060600
2026-08-07,8.979999542236328,9.34000015258789,8.869999885559082,8.989999771118164,10403700
2026-08-10,8.829999923706055,9.119999885559082,8.819999694824219,8.9399995803833,12161800
2026-08-11,8.979999542236328,9.260000228881836,8.850000381469727,8.899999618530273,10017800
2026-08-12,8.770000457763672,9.210000038146973,8.770000457763672,9.199999809265137,10729000
2026-08-13,8.989999771118164,9.079999923706056,8.75,8.8100004196167,11421200
2026-08-14,8.899999618530273,9.050000190734863,8.789999961853027,9.039999961853027,7615600
2026-08-17,8.729999542236328,8.979999542236328,8.59000015258789,8.899999618530273,10467700
2026-08-18,8.579999923706055,8.649999618530273,8.350000381469727,8.510000228881836,9210600
2026-08-19,8.34000015258789,8.649999618530273,8.180000305175781,8.579999923706055,7049300
2026-08-20,8.140000343322754,8.380000114440918,8.109999656677246,8.3100004196167,6707700
2026-08-21,8.039999961853027,8.270000457763672,7.940000057220459,8.220000267028809,6774800
2026-08-24,7.650000095367432,7.940000057220459,7.619999885559082,7.929999828338623,8897100
2026-08-25,7.789999961853027,7.889999866485596,7.730000019073486,7.809999942779541,7728500
2026-08-26,7.789999961853027,7.849999904632568,7.659999847412109,7.699999809265137,6253500
2026-08-27,8.649999618530273,8.649999618530273,8.079999923706055,8.079999923706055,14446100
2026-08-28,8.15999984741211,8.829999923706055,8.079999923706055,8.600000381469727,14709000
2026-08-31,8.149999618530273,8.329999923706055,8.029999732971191,8.119999885559082,7954200
2026-09-01,7.829999923706055,8.09000015258789,7.75,8.029999732971191,9510300
2026-09-02,7.610000133514404,7.849999904632568,7.590000152587891,7.840000152587891,8480700
2026-09-03,7.699999809265137,7.75,7.579999923706055,7.75,8279800
2026-09-04,7.699999809265137,7.78000020980835,7.639999866485596,7.670000076293945,7886900
2026-09-08,7.869999885559082,8.010000228881836,7.53000020980835,7.710000038146973,13643100
2026-09-09,7.75,7.889999866485596,7.679999828338623,7.880000114440918,5912500
2026-09-10,7.539999961853027,7.760000228881836,7.46999979019165,7.619999885559082,8852500
2026-09-11,7.670000076293945,7.730000019073486,7.599999904632568,7.619999885559082,6867500
