Date,Close,High,Low,Open,Volume
2020-09-23,32.65165328979492,32.65165328979492,26.324114501054368,27.29908170479712,7934400
2020-09-24,31.198955535888672,32.66140657663345,29.40501544380686,29.434265134078714,701900
2020-09-25,33.91911315917969,34.36759722324257,30.2239862105112,30.526225551927595,335900
2020-09-28,31.31595230102539,34.46509660241567,29.54151190481422,34.260354338054114,795400
2020-09-29,29.268529891967773,31.286712670797755,27.923073466345617,30.038753384070475,572800
2020-09-30,30.61397361755371,30.61397361755371,28.32280003304515,29.268519527961192,379600
2020-10-01,29.736501693725582,32.16417182910616,28.5080427120784,30.6919691706948,315800
2020-10-02,29.414764404296875,29.67800602955664,28.420297281939515,28.449546971280355,140000
2020-10-05,29.17102432250977,29.736505333149484,28.76153794517737,29.63900822243173,361400
2020-10-06,29.43426513671875,29.56101007536949,28.761537137227062,29.395265549686115,507900
2020-10-07,29.31726837158203,29.726754739315982,28.939956849259925,29.25877085036366,240400
2020-10-08,29.60975646972656,29.98024320986732,29.06864934352427,29.34651486353045,452600
2020-10-09,29.62925720214844,30.11674087765389,29.24902053032703,29.7950017262044,143800
2020-10-12,31.37445068359375,31.637692323317776,29.67800766026566,30.07774413854168,194600
2020-10-13,33.431636810302734,33.958120158308894,31.10146319688713,31.26720774797023,96800
2020-10-14,36.23953628540039,38.05785211344897,33.44138090324613,33.93861635743018,685400
2020-10-15,38.20896530151367,38.89144312237173,34.28667320356318,36.59051981049852,267900
2020-10-16,38.98895263671875,39.37406153298748,38.21872740576945,38.50146887827579,203000
2020-10-19,36.87326049804688,38.92069020208162,35.781298237175335,38.63795253077357,333700
2020-10-20,37.27300262451172,39.79816829651861,36.76601913879235,36.76601913879235,626000
2020-10-21,36.76601791381836,38.93044662319687,34.923330215490296,37.61424218702119,267400
2020-10-22,34.6113395690918,37.87650414421157,34.51384432559331,36.91226302002537,271900
2020-10-23,35.55706787109375,35.83005759596468,34.49727638483084,34.63084795130243,178000
2020-10-26,35.50831985473633,36.46379141998163,34.6815477081166,35.30357754184365,147900
2020-10-27,34.660091400146484,36.06404687994136,34.42122542112244,35.90805223987588,209500
2020-10-28,33.34388732910156,34.660091890837485,32.495666694187435,34.28960322073478,258700
2020-10-29,33.9581184387207,34.36760298696366,32.42741610387321,33.646125429652066,224600
2020-10-30,34.18235778808594,35.47906247353434,33.63637471467295,33.65587450863828,155700
2020-11-02,34.884334564208984,36.54177999173943,33.81187184479819,34.53334568317833,148600
2020-11-03,35.05982971191406,35.937301932190124,34.36760369325505,34.913586821338576,91900
2020-11-04,34.523590087890625,35.15732028649685,33.382880193445295,35.089072876702936,135100
2020-11-05,35.77156066894531,36.80502768592803,35.05983475205199,35.06958651101572,99600
2020-11-06,36.005550384521484,36.493034138745486,35.1378298970757,35.1378298970757,151200
2020-11-09,36.89276123046875,37.52649143652032,36.029916842677245,36.88301319432862,118300
2020-11-10,36.1810417175293,37.321751818952336,34.42610109730624,37.321751818952336,157900
2020-11-11,33.13914108276367,36.16641418693869,31.208702502310864,34.435845693748924,742900
2020-11-12,31.442705154418945,32.5151680285926,30.359516089436934,32.398172957767855,1014000
2020-11-13,32.27141189575195,32.35915908997358,30.5652212048706,30.66271829396155,3556700
2020-11-16,33.636375427246094,34.11411109150377,32.173924321713656,32.4274142102222,714100
2020-11-17,34.484596252441406,34.61134305712674,33.13914390438671,33.636375647066835,681900
2020-11-18,33.31462860107422,35.23531524222932,32.09397069521843,34.61133680753249,710700
2020-11-19,34.240848541259766,34.52358993440894,32.95389207771754,33.26588129801839,671100
2020-11-20,34.660091400146484,35.235322332738974,34.10436026246288,34.24085510761947,610200
2020-11-23,34.26035690307617,35.37181924334445,33.68512593689451,35.2060765557492,604400
2020-11-24,34.6893424987793,35.22557383454635,34.20868353221325,34.231106622422914,191500
2020-11-25,34.7770881652832,35.235324070224,34.24085679606644,34.73809229274811,213300
2020-11-27,34.6113395690918,35.0988232249945,34.44559691130335,34.73808636100394,57200
2020-11-30,34.387107849121094,35.03058631917504,33.733877620268885,34.718596983343204,414100
2020-12-01,34.22135162353516,34.952577117364584,33.8996143402369,34.69908724928733,374100
2020-12-02,33.61687088012695,34.14335409629395,33.25613403314066,34.14335409629395,180900
2020-12-03,32.52490997314453,33.98930979787268,32.18366918399781,33.69487148598094,257200
2020-12-04,33.334869384765625,33.98868755549232,32.2516806983382,32.63225970220648,503300
2020-12-07,33.120174407958984,33.36413563179574,32.398051270031786,33.325104665122026,256200
2020-12-08,33.490997314453125,33.53978881588114,32.739596280292275,33.061626890312475,885100
2020-12-09,34.67176055908203,34.90596492202806,32.99331022775169,33.744711083907134,450800
2020-12-10,35.384132385253906,35.608579975091715,33.84229946834423,34.6034572550115,241000
2020-12-11,35.59881591796875,35.97939477362747,34.74007149843607,35.09137620290636,200800
2020-12-14,35.374385833740234,36.05747816676459,34.16433623902106,35.64762127792848,542000
2020-12-15,33.76422882080078,35.65932074563851,33.105534320827765,35.14993038196008,432200
2020-12-16,34.798622131347656,35.003548626573746,32.94451569750138,33.74471178264769,239100
2020-12-17,35.8427848815918,36.279965239637335,34.20336505338894,34.72056541276746,167800
2020-12-18,36.50635528564453,36.94548620779595,35.25727508268282,35.96964136859396,282800
2020-12-21,36.56490707397461,37.67736958768949,35.618336395000235,36.14529349809232,239000
2020-12-22,37.921329498291016,37.93108630836141,35.68664401437036,36.418527613881736,208000
2020-12-23,38.52634811401367,38.53610864559338,36.94548075034127,37.76519044308846,257500
2020-12-24,37.55051040649414,38.93621206705383,36.80008471360218,38.57514678245813,69800
2020-12-28,37.17969131469727,38.24336246507061,36.22336370503503,37.96037025712227,173300
2020-12-29,37.61882400512695,37.90572490689955,36.457569795257314,37.17969301062053,183400
2020-12-30,38.87767028808594,38.88742710150244,36.9230540927958,37.55052031021605,187400
2020-12-31,39.5314826965332,40.17554030277156,38.087232419591246,38.65322435487376,390700
2021-01-04,39.69737243652344,43.55196069204537,38.78007953351578,40.74152622398049,388300
2021-01-05,41.76615905761719,41.7759195907986,38.53611496937235,40.29263496420363,294700
2021-01-06,42.93717956542969,44.28872323882718,40.10722760505053,41.45389473373573,341500
2021-01-07,45.22065353393555,45.23041034516742,43.42509874048312,43.87398650820799,240900
2021-01-08,46.94790267944336,50.28529073104467,46.6063547022128,47.40655101219857,369600
2021-01-11,47.9627799987793,49.47533890208406,46.16722517118023,46.62586975885917,295600
2021-01-12,52.00277328491211,52.52973040071939,47.8651894563348,48.67514247387777,460200
2021-01-13,50.743934631347656,52.54436965708066,50.11939449303184,51.73929687274582,350600
2021-01-14,51.38798141479492,53.29868550349867,49.855905543685225,51.16353758197876,833600
2021-01-15,50.324317932128906,51.31968011229521,47.396783421952456,51.00741006234727,638000
2021-01-19,49.28016662597656,50.51949007495993,47.38702889175113,50.36335504247281,727200
2021-01-20,46.46973037719727,49.43337366667911,45.71832940144802,48.7922421456447,569600
2021-01-21,43.161617279052734,44.68393658553354,41.86374556397164,43.83494888559381,1914400
2021-01-22,44.74249649047852,45.28897108836272,41.24897295692375,42.55660554404902,3591600
2021-01-25,42.029632568359375,45.93789178641083,40.83910079676839,44.849823265604805,1094000
2021-01-26,41.17089080810547,42.80055356126663,41.0830646271261,42.79079302862865,765300
2021-01-27,38.40925979614258,42.09795270497683,38.34290156185058,40.55611954068308,890700
2021-01-28,40.458534240722656,42.87862947980149,39.19969325268768,39.19969325268768,687700
2021-01-29,38.340938568115234,41.12209443142078,37.92132505574955,40.49755442861196,611000
2021-02-01,41.61978530883789,41.88814041529332,38.54587247087369,38.93621190896694,682000
2021-02-02,43.815425872802734,44.03986969354127,41.610014899368615,42.293106892623925,606500
2021-02-03,44.488765716552734,45.10354899856081,42.95571433047078,43.8642256242187,831200
2021-02-04,45.162109375,45.81885344526113,44.25945341523779,44.9279086390619,432700
2021-02-05,45.55244064331055,47.78712637800879,45.24017057028012,45.84519337145746,545800
2021-02-08,45.22065353393555,46.78200390974074,45.13282734263695,45.94278040934103,374900
2021-02-09,45.66954040527344,47.032795100103534,44.01060333694593,44.76200435385171,381000
2021-02-10,47.71881866455078,48.14818909451827,45.318237302653806,46.1184298491018,704900
2021-02-11,46.53803634643555,48.4506949496506,46.06963129744995,47.845668504144165,174300
2021-02-12,47.1235580444336,48.35312116133068,44.91814616147469,46.42094842189045,225100
2021-02-16,47.36750793457031,48.54827926035426,46.49900664994323,46.51852027028208,310900
2021-02-17,46.15746307373047,47.34799504419166,45.11330932744341,46.60635083478693,202700
2021-02-18,45.4646110534668,46.37214704865768,43.56171287895196,46.37214704865768,196800
2021-02-19,45.91349029541016,47.230882813827456,43.83689447670986,45.46460264730587,346800
2021-02-22,44.92790985107422,46.40143433230934,43.8935126922077,45.084044920096176,658300
2021-02-23,46.86982727050781,47.11378848465379,41.63929824360968,43.75688351812415,815900
2021-02-24,48.53852081298828,48.78248200707285,45.39141917576594,46.850306074076975,891600
2021-02-25,45.60122680664063,48.5385217231248,44.92789523846058,48.07987347842902,727100
2021-02-26,43.28847885131836,47.17234097128754,42.937174103950326,46.71369269305119,236000
2021-03-01,43.42510223388672,45.49389257889406,42.98597124206711,44.0984339396413,564700
2021-03-02,44.85959243774414,45.811039751537045,42.95962001424036,43.57147743327698,699500
2021-03-03,45.05475616455078,46.381905792298525,43.83495006883452,45.32799526132712,647200
2021-03-04,44.91814041137695,46.547803361146016,43.7080947969578,45.21089686499563,931300
2021-03-05,46.03059768676758,46.752724480731786,43.3665418145655,45.60122731248367,481400
2021-03-08,41.91254806518555,46.84056510808827,41.23921255932244,45.55244986542014,707500
2021-03-09,42.35197067260742,43.44568348433658,41.01412986067163,42.78164489334191,628600
2021-03-10,43.7093505859375,44.13902488645779,42.6742342622954,43.455455183484304,567600
2021-03-11,43.74840545654297,45.27667247692457,43.71911084086817,44.05113014408273,852300
2021-03-12,45.73075485229492,46.01394481188066,43.77770112330834,43.94370890219811,505100
2021-03-15,44.91047668457031,45.86747266165682,44.20737607889259,45.73075948280942,545600
2021-03-16,43.12343215942383,45.40850548781694,42.508219106545525,44.910478357018704,827700
2021-03-17,42.830474853515625,43.99254064347706,41.69282000348263,42.64493233925409,666300
2021-03-18,41.629337310791016,42.82069743887917,39.67628376785187,42.381263371841065,575200
2021-03-19,41.03366088867188,42.3617380720514,40.36962229698212,41.1703740589925,764700
2021-03-22,42.87930679321289,42.97207806404903,37.72324465902904,39.32474858100097,1074900
2021-03-23,41.980899810791016,43.58240358791404,41.30709375750151,42.6449347822706,458500
2021-03-24,41.580528259277344,43.006257018785256,41.17038491501224,42.273861648813394,482700
2021-03-25,43.36756134033203,43.94371238505336,40.5258680884381,41.01413155938314,759500
2021-03-26,43.48474884033203,43.982779727598206,42.21526440588639,43.42615960076315,283100
2021-03-29,43.5433464050293,44.92024955768248,42.57658287330641,43.42616418835715,400500
2021-03-30,44.2562141418457,44.480814959636525,43.21133029487476,43.37733813731136,550700
2021-03-31,45.82841110229492,47.35179451994729,44.02183769382875,44.65657799065116,927800
2021-04-01,46.814701080322266,47.35179388797541,45.19366647714891,45.95536003838668,735900
2021-04-05,46.7756462097168,47.73264225174333,46.13113851916199,47.06860357357717,603700
2021-04-06,46.98072052001953,48.01583688710353,46.86353830821208,47.12719735349002,604900
2021-04-07,47.029541015625,47.63498672345519,45.9358317990258,46.89282782919447,352600
2021-04-08,47.83029174804688,48.24043502285561,46.76587717493653,46.87329574036631,789600
2021-04-09,47.84005737304688,48.30878986647146,46.88305767483929,47.166251387060825,603800
2021-04-12,48.69940185546875,48.77752580580263,45.24249900660392,47.840060752725904,805700
2021-04-13,48.80682373046875,48.91424230687621,47.8595912568632,48.24043995280472,717700
2021-04-14,48.69940185546875,48.90740333433549,48.02559954703641,48.504095704789016,552900
2021-04-15,48.621280670166016,49.13883879286536,47.83029245185248,48.82635044801048,684900
2021-04-16,49.46109771728516,49.73452410556369,48.06466370545381,48.81658999837493,859600
2021-04-19,48.75799560546875,49.69546067368185,48.54315846373677,49.15837154450696,978900
2021-04-20,48.543155670166016,49.46402139450624,48.19160535852843,49.0704811376224,900900
2021-04-21,49.74428176879883,50.06165377434612,48.250196719032914,48.513859444018905,1296400
2021-04-22,49.21695709228516,50.36925912860354,48.69939530383927,49.85169734015765,1084500
2021-04-23,49.588035583496094,49.80775637460493,48.88493873734966,49.2364852978456,653700
2021-04-26,50.4083251953125,50.95518168347176,49.2853213247467,49.2853213247467,1053300
2021-04-27,50.642696380615234,50.74034760128314,49.06072350983233,49.41227013932997,612700
2021-04-28,50.4571533203125,50.964947857835504,50.08607570551723,50.79894003939898,828600
2021-04-29,49.73452377319336,50.82823304415351,49.33414782510896,50.7794074358808,488700
2021-04-30,49.99818801879883,50.29114540232501,49.11931214306503,49.53921909200949,519300
2021-05-03,50.51573944091797,50.87705337484229,48.7042823682744,48.7042823682744,493500
2021-05-04,49.48062133789063,50.27160954952131,48.679869495320986,49.97865219433935,876400
2021-05-05,49.10955429077149,49.94936828749616,48.63105431874615,49.94936828749616,714000
2021-05-06,47.215087890625,49.314622827811895,46.39480490646309,48.924010463866,966800
2021-05-07,47.33226013183594,48.39667460401866,46.93188425102341,47.21507422148508,735500
2021-05-10,44.54915618896485,47.60568643271361,44.48079960389433,47.44944227753037,1182800
2021-05-11,44.79330062866211,45.39875016136181,40.68212210177333,43.94372302652616,2056100
2021-05-12,48.16231536865234,48.982598266239215,44.441745846534175,45.30109072142404,2628000
2021-05-13,46.98072052001953,49.29508876028236,46.3362127673455,47.72287949500722,1817900
2021-05-14,48.78728103637695,49.45131959925482,47.40061468311421,47.40061468311421,1623700
2021-05-17,48.92400360107422,50.22278636262592,47.59592994529538,47.59592994529538,1572800
2021-05-18,50.447383880615234,51.267666696769744,49.14860492804424,49.48062052669374,1541700
2021-05-19,50.7794075012207,50.89658970625701,48.95330292835486,48.95330292835486,939300
2021-05-20,50.98447799682617,51.76569891647031,50.2716136748287,50.77940820388618,1826200
2021-05-21,51.91217422485352,52.19536794372926,51.31649216968551,51.58992225780735,1636700
2021-05-24,53.679683685302734,53.70897829959856,51.70709894437167,51.70709894437167,1562700
2021-05-25,55.22260284423828,55.57415317133536,53.45509130266856,53.708986691597,2557100
2021-05-26,54.71480941772461,55.83293333695795,54.138658309236575,55.183541954691215,2007400
2021-05-27,56.16983413696289,56.29678369147519,54.13865616538568,55.21283811290802,10652500
2021-05-28,56.01359176635742,56.81434364337419,55.77922363703677,55.94523517137954,1263400
2021-06-01,57.1658935546875,57.28307575590918,55.81828520259563,56.50185487250629,1236600
2021-06-02,58.00570297241211,58.59161765893962,56.77527691548773,57.14635820370434,1842200
2021-06-03,58.93341064453125,59.23613539506065,56.130778832126815,56.75575559759557,1656100
2021-06-04,60.25171661376953,60.35913517973858,58.04476350882787,59.00175952131275,1913800
2021-06-07,60.92585372924805,62.05429000243853,59.92931110440465,61.28734347561356,2121300
2021-06-08,61.0333137512207,62.24870368493091,60.3396395257918,60.730441801330144,1467300
2021-06-09,61.26779556274414,62.47927970311904,61.06262603374282,61.06262603374282,1605900
2021-06-10,62.22525787353516,62.342500800409205,60.72067758165457,61.2091785960622,1483900
2021-06-11,62.31319046020508,62.6062940610301,61.24825806117986,62.09825254042506,1970100
2021-06-14,61.97124862670898,62.46951809905454,60.8183857552,62.430440844317616,2263700
2021-06-15,62.87008285522461,63.006862551193336,61.79049599550896,62.37181343034323,1801300
2021-06-16,63.690765380859375,63.98386152053578,61.77583854972391,62.58674830500292,4160800
2021-06-17,63.65169143676758,64.29650897843976,62.87008673674722,63.39766879117074,3597300
2021-06-18,62.44019317626953,63.85684671968749,61.951692211433446,61.951692211433446,3590500
2021-06-21,64.91201782226562,65.45913657855887,62.3913507740277,62.3913507740277,4116200
2021-06-22,64.46260833740234,65.3419043529129,63.77870232608441,64.96087409180893,3399500
2021-06-23,60.232181549072266,62.87008426348175,59.62643755768929,61.43389369667303,5110300
2021-06-24,60.41780853271485,60.97958547184357,59.54827728133496,60.27125673051878,3401300
2021-06-25,59.450565338134766,60.671817738071525,59.1086161569391,60.427567258084174,9986800
2021-06-28,60.48619079589844,60.96492339300879,59.26493835394687,59.743670951057226,1221600
2021-06-29,62.909156799316406,63.46604762890421,60.49596071979142,60.56435428709587,2048800
2021-06-30,63.29019165039063,64.03271529600862,62.371811064460005,62.86030836283272,1280100
2021-07-01,62.03962326049805,62.95800747040028,60.74998099638991,62.82122779495952,1112900
2021-07-02,63.33904266357422,63.4172046140172,62.330775119268026,62.37180902516051,652400
2021-07-06,64.3258056640625,64.35512198425569,63.30973018203503,63.49535548632461,780300
2021-07-07,64.2574234008789,65.19535195537509,63.280421322718496,64.42351941915625,1035100
2021-07-08,62.34251022338867,63.475832599035705,60.622984305668496,63.475832599035705,1630100
2021-07-09,62.72351837158203,63.426960925181255,61.82467842150874,62.77237144766698,733500
2021-07-12,62.469512939453125,63.505136507280056,61.74164741842051,63.505136507280056,1282600
2021-07-13,62.05916595458984,63.329267777829365,61.6976762670681,62.48904548226524,773500
2021-07-14,60.10516357421875,62.60629003954639,59.97815227048422,62.24479661560711,1155800
2021-07-15,58.37587356567383,60.44711690637791,58.19122097983827,59.685056485932485,1210500
2021-07-16,57.54541397094727,58.62011458080882,57.34024073741988,58.24885281157974,1368500
2021-07-19,57.47702407836914,58.06224726758317,55.87473781743243,56.5977208697433,830900
2021-07-20,59.34310150146485,59.54827102139743,57.35001658134807,57.72127837477376,934300
2021-07-21,59.19654846191406,59.9292999264235,58.776437324104656,59.76320765644535,642000
2021-07-22,59.63620376586914,60.17355412760664,59.08908129690053,59.577582303383146,668000
2021-07-23,59.53849792480469,60.03677101003406,59.04022856654201,59.831601493512174,369800
2021-07-26,59.72413635253906,60.398266425246135,59.43103648296933,59.89022491207399,1016100
2021-07-27,58.8448371887207,59.953736681049214,57.53565419999097,59.91954175595792,1136100
2021-07-28,58.63965225219727,58.94740649726984,58.36609292324387,58.8936710966588,1481600
2021-07-29,59.4701042175293,60.45687821712748,58.6298819927519,58.87413246614224,502400
2021-07-30,59.4114990234375,59.84137860558986,58.60937740747109,59.0402371820071,651300
2021-08-02,59.577579498291016,60.01723112881862,58.92787229578726,59.577579498291016,1115300
2021-08-03,59.909767150878906,59.95373418243097,58.60058421671039,59.52873693660781,1017200
2021-08-04,60.03678131103516,60.36896218252749,59.694828331193655,60.23218248137782,907300
2021-08-05,61.404579162597656,61.48274111784692,60.11493671672213,60.1637898022365,924100
2021-08-06,61.424110412597656,61.74163678584605,60.84767912372056,61.56089008674365,1271200
2021-08-09,63.40741729736328,63.8812637591045,61.5120314503984,61.648811103897714,1277600
2021-08-10,62.928707122802734,64.19880534580606,61.619520468458745,62.99709696978034,1221100
2021-08-11,61.15055465698242,62.82123089111509,59.59223529148027,61.11147368293991,1129900
2021-08-12,61.9321517944336,62.528123568510615,60.48618938414778,60.99423083537792,665500
2021-08-13,62.67467498779297,63.251102545730994,62.04450829884897,62.14709305375149,621200
2021-08-16,61.55112457275391,62.96777445833118,61.12124504443001,62.96777445833118,742800
2021-08-17,61.16032791137695,61.21894937711275,59.987928412397984,60.89654063298367,1114000
2021-08-18,61.47296142578125,62.23502548757388,60.6132023859144,61.08216287865087,575000
2021-08-19,62.32296752929688,63.0948001159075,60.56436441918503,60.93562254970852,602900
2021-08-20,62.811466217041016,63.79824043006887,62.36204614326955,62.38158290563591,766500
2021-08-23,62.17640686035156,62.91893046956279,61.81491716287516,62.61605478002728,675600
2021-08-24,62.62582778930664,63.417204491630265,62.5281290784084,63.260880591046,696500
2021-08-25,63.2511100769043,63.30973526806693,62.84077100843601,62.88962409208253,542900
2021-08-26,61.79538345336914,66.87286204717576,60.63275228425508,63.3195043596082,3896400
2021-08-27,63.56375503540039,63.75915993020399,59.90000084156422,60.58878539265229,1151200
2021-08-30,63.182716369628906,65.33700752829081,62.84076716680961,64.5309838749358,426800
2021-08-31,63.03609848022461,63.14361917392433,61.99999811263797,63.11429670425952,1359600
2021-09-01,64.70755767822266,65.28426035954352,63.12408438039447,63.30979587319746,1226100
2021-09-02,64.86394500732422,65.31357362462714,64.32634152066129,65.18650709932197,628000
2021-09-03,65.66544342041016,66.32033664242265,64.60978996984599,64.60978996984599,807400
2021-09-07,67.43465423583984,68.35151097381846,66.00757007154593,66.1639665342929,3383800
2021-09-08,66.80908203125,68.25571945461935,66.3008084517597,67.268487310105,1903100
2021-09-09,67.610595703125,68.42188556459396,66.75043754068898,66.80908248480694,1672400
2021-09-10,67.4932861328125,68.42186561172936,66.79928636196041,68.42186561172936,1230000
2021-09-13,67.27825164794922,68.15796292981497,66.16786085027833,67.68878109368914,1175500
2021-09-14,67.59102630615234,68.40915431238132,66.47672801208957,67.50305146325734,2029300
2021-09-15,69.56550598144531,70.29859760471938,65.80718839961065,67.61059498604781,3749400
2021-09-16,67.27825164794922,69.69256748808378,67.1902767910665,69.60459263120106,3078700
2021-09-17,66.26170349121094,68.59782133694452,65.08875251853662,67.32712631422893,14517100
2021-09-20,62.45940399169922,65.36244783630083,61.97067627260516,64.42409151052742,2190400
2021-09-21,63.31955337524414,64.52182667994782,62.85037900564671,62.996991335275816,2080000
2021-09-22,63.52482604980469,65.34289373881724,62.62556884762881,63.4955035802066,925100
2021-09-23,63.730098724365234,64.43386791186227,63.45641236420395,63.65190794817202,988800
2021-09-24,62.70376586914063,63.56392394289448,61.931575202494265,63.08497288139234,1407300
2021-09-27,61.35487747192383,62.55714719717597,61.02254247829097,62.2736842290516,1454000
2021-09-28,59.65410614013672,60.83683009263074,58.69620022699285,60.40674729947048,1498200
2021-09-29,58.754844665527344,60.96389222795855,58.71574555465688,60.19170529609725,853300
2021-09-30,59.27290725708008,60.07442055443092,58.53981555374476,59.26313434166239,754900
2021-10-01,60.015769958496094,60.25035719342396,58.46161554448572,59.41952149928439,604800
2021-10-04,57.55257797241211,59.619894162254994,56.44805226925569,59.47816267448167,880400
2021-10-05,57.38640975952149,57.9533357220017,57.24956659028742,57.67964565483686,1117400
2021-10-06,57.24956893920898,57.259345582382096,55.988650436051614,56.6044484515675,745700
2021-10-07,57.37663650512695,58.42153663519089,57.25934289343585,57.777393096376855,648800
2021-10-08,56.105953216552734,57.42551679177854,55.587899210406405,57.42551679177854,718700
2021-10-11,55.24578094482422,56.46760022334024,55.07961158402384,55.77360776803031,504600
2021-10-12,55.30443572998047,55.97887870399354,54.8841295533834,55.578122085458766,747800
2021-10-13,55.91046142578125,56.85859082837274,55.49992813221503,56.85859082837274,676000
2021-10-14,56.05706787109375,57.17137020238515,55.890902236428055,56.5457955900351,1011800
2021-10-15,56.14503860473633,56.37962954876282,55.52924436797285,55.9104513894064,858700
2021-10-18,55.24578094482422,56.01797162373351,54.542011847216095,55.92022384423432,934700
2021-10-19,56.58488845825195,56.60443801229589,55.3239701876394,55.68563134440795,535300
2021-10-20,56.48714828491211,57.2202398326283,56.18413576952537,57.12249205571495,778600
2021-10-21,57.034515380859375,57.19090808003328,56.35029965240858,56.614209302699,485100
2021-10-22,57.73828887939453,58.18791745838141,57.249561190401046,57.26911074540435,438200
2021-10-25,57.09317398071289,57.99243495403805,56.536024659867714,57.66987285844521,629500
2021-10-26,57.513484954833984,58.29544865240778,57.33754265679275,57.63077857729579,451800
2021-10-27,56.48714828491211,57.92400518292227,56.457822087489895,57.513475705975495,428600
2021-10-28,57.757843017578125,57.767615931507095,56.36008141784636,56.51647414158644,398900
2021-10-29,57.81649017333984,58.354089914076,57.46460562196445,57.46460562196445,487200
2021-11-01,57.18115234375,58.60823661846737,56.71881626463599,57.96311607450629,435700
2021-11-02,57.02474594116211,57.42550249024404,55.84202584859057,57.42550249024404,1265200
2021-11-03,57.54280090332031,57.787164764146524,56.33075824169242,57.13227140690665,510200
2021-11-04,58.60822677612305,58.65709880195729,57.5134777369104,57.85558564644667,588200
2021-11-05,57.3082160949707,58.68642817884039,56.85858373833274,58.64732906457677,512000
2021-11-08,59.13605880737305,59.155608365166216,57.972888083906014,58.03153302858864,1230800
2021-11-09,58.90146255493164,60.96389410825438,57.66987035409773,60.96389410825438,1466500
2021-11-10,55.890899658203125,58.09994720528904,55.24577924810756,58.09994720528904,1533300
2021-11-11,55.48036193847656,57.05406558937301,55.2946467712929,56.27210208452586,772000
2021-11-12,55.67586898803711,56.12549766032229,54.7863845586481,55.812712172758935,1034800
2021-11-15,56.81948471069336,57.21535296332152,55.76383106542288,56.408951494633776,470300
2021-11-16,57.46460723876953,57.60145040622201,56.58489583557979,56.643544505358,787400
2021-11-17,57.77739334106445,58.84281995090384,57.41573586174553,57.689422199749394,1249400
2021-11-18,55.27510833740234,57.35708961746031,54.97209951570867,57.35708961746031,1053600
2021-11-19,53.92621994018555,55.90068056335003,53.85779835120385,55.22623758823173,1054700
2021-11-22,50.3682861328125,55.11872096973666,50.28031497921401,54.17058783969704,1539700
2021-11-23,50.514896392822266,50.91565296578656,49.08781237482226,49.82090393966156,1041500
2021-11-24,49.811126708984375,51.3017476980278,48.72615060924739,51.3017476980278,1058200
2021-11-26,48.26675796508789,49.78181338029685,47.96374539056723,49.566771957817856,342300
2021-11-29,48.93142318725586,49.8111308913169,48.21788112677308,48.30584854135208,1060500
2021-11-30,46.9080810546875,49.30284353462816,46.70281260977302,48.85321499566506,1353900
2021-12-01,45.79378890991211,49.14646158978247,45.75469352352842,48.04193955398376,1367300
2021-12-02,46.15545654296875,47.02539146652349,45.43213772828767,45.43213772828767,776200
2021-12-03,45.59829711914063,47.8024564203393,44.83587935126735,47.06448025829374,1145200
2021-12-06,47.25020980834961,47.41637549151772,44.650177733801264,45.60808389508775,1336900
2021-12-07,48.58930587768555,49.69383149731914,47.93441256511371,47.93441256511371,1327400
2021-12-08,48.40347671508789,49.097888171694464,47.92423274601077,48.65776692069461,1034700
2021-12-09,46.58431625366211,48.70667356428764,46.45716927204157,48.12962647040752,775400
2021-12-10,46.30068588256836,47.93402049168484,46.14419871204853,47.14180582321813,691600
2021-12-13,46.57454681396485,47.3716566462239,45.96815937328096,46.16376930829326,793100
2021-12-14,45.948577880859375,47.76774313705207,45.3910922353742,45.81165210561005,653300
2021-12-15,46.98532104492188,46.99020858763027,44.97836915660036,45.74320243338919,831500
2021-12-16,45.96815490722656,48.41326952995138,45.81949152029863,47.28851531111843,1218300
2021-12-17,48.23720932006836,48.67733059197459,44.96075800989029,45.46934217620994,3028900
2021-12-20,46.43760681152344,47.62104114742861,46.16375522462255,47.0928993342552,502700
2021-12-21,48.48173141479492,48.48173141479492,46.41805411994113,47.1613710388485,724700
2021-12-22,48.81425857543945,49.08322262340447,47.93401599205221,48.51106307872872,629800
2021-12-23,48.71646118164063,49.14679997760656,47.88512003797767,48.36436410723735,377200
2021-12-27,48.65777206420898,48.99030774112191,48.23721212779122,48.73601750863468,285000
2021-12-28,47.669952392578125,49.33262721406948,47.50368267185988,48.61865425086411,582400
2021-12-29,47.59169387817383,47.816643895447896,46.65277109365229,47.53300980503592,431900
2021-12-30,47.92424011230469,48.71645848587398,47.33741417473743,47.59170441943036,933500
2021-12-31,47.26895904541016,48.80449077444616,47.20049240151941,47.75798198410822,479100
2022-01-03,47.4841194152832,47.83621647481229,45.88012501604925,47.28850952321722,982800
2022-01-04,45.03900146484375,47.38631251871006,44.080517174950295,47.38631251871006,1199300
2022-01-05,43.10247421264648,45.13681108367263,42.63301271878237,44.92163983321264,1348000
2022-01-06,42.985107421875,43.562154509421326,41.84079206174668,43.03400895859287,1022700
2022-01-07,41.7625617980957,43.54260508543871,41.66475496689881,42.70148499189109,855300
2022-01-10,42.00707244873047,42.04619518043535,40.29549211160716,41.07792809095944,1256900
2022-01-11,42.53520965576172,43.72353534505911,41.48869731146738,41.95816253645377,1057300
2022-01-12,41.65496444702149,42.93131432071704,41.1659416212668,42.681911634916695,1035700
2022-01-13,39.50326919555664,42.03640796233845,39.38590474442872,41.69409342532008,998900
2022-01-14,38.41763687133789,40.16833970507466,37.49827518542318,39.21963410884719,752800
2022-01-18,37.96773910522461,38.90666221359784,37.5178389154977,37.80147310374027,1340200
2022-01-19,38.02641677856445,39.60107090770693,37.93839251883139,38.417632808862834,843300
2022-01-20,37.86993408203125,39.91404992693518,37.54717718133393,38.39807597170632,780200
2022-01-21,37.6645393371582,38.593683524787416,36.81364059861069,37.45915062974128,1312200
2022-01-24,38.92621612548828,38.994679022515385,35.83559202059298,36.6864906914642,1677800
2022-01-25,37.30267333984375,38.69150058120248,37.019039108242055,38.61325511140228,1602500
2022-01-26,37.00925064086914,39.13160808803823,36.70605512086711,37.98729637267758,1202400
2022-01-27,36.27571487426758,37.88949175883611,36.070326174325615,37.30266210492563,1323600
2022-01-28,37.29288101196289,37.360366399386194,35.2585443055039,36.38329827526029,1117700
2022-01-31,39.28809356689453,39.385900374439686,37.39068627189712,37.58629615603922,794300
2022-02-01,39.4445915222168,39.65975907544925,38.18291146106984,39.27832178509061,780200
2022-02-02,38.93600082397461,39.73799800287336,38.43230415235864,39.54238811586063,526000
2022-02-03,37.05815124511719,38.486097082057526,36.99947089049801,37.87970978832023,822500
2022-02-04,37.830810546875,38.18290761976843,36.79408069123863,37.01903076982087,421400
2022-02-07,37.61563491821289,39.12671739216118,37.3711235049677,38.02641603255781,732600
2022-02-08,38.28071212768555,38.43719930690805,36.989691966362734,37.3515678687619,564100
2022-02-09,39.923828125,39.972729667423074,38.75017245210351,38.75017245210351,511300
2022-02-10,39.79668045043945,40.84318911040869,38.80396460550168,38.93600287183291,1009500
2022-02-11,38.78929138183594,40.65246720171709,38.64258303797757,39.79667723475567,1056200
2022-02-14,38.17312240600586,39.542387875835146,37.97751625112875,38.828414963878586,861300
2022-02-15,39.61084365844727,39.76733079279829,38.662138307786165,38.8675307030168,785900
2022-02-16,39.23918914794922,39.38589748302262,38.51543747998857,39.12182471845927,371200
2022-02-17,36.989688873291016,39.20007429229403,36.85276306928962,38.73060906293448,791100
2022-02-18,36.63759994506836,37.52762159948366,36.402871009260565,36.96035689549053,930700
2022-02-22,35.982303619384766,36.9799107204945,35.82581645044294,36.305056773037336,706300
2022-02-23,35.02381896972656,37.35156512318885,34.955356067033456,36.46154365723012,794700
2022-02-24,37.2830924987793,37.54716522500112,33.75234773362638,34.26093182883721,770800
2022-02-25,37.635196685791016,37.72322094474868,36.53000404131108,37.263538288975546,766400
2022-02-28,37.547176361083984,38.2904932326008,36.50066768990375,37.37112782472203,1252600
2022-03-01,37.80146408081055,40.70625698717196,37.52760877469067,38.84797257844394,1532500
2022-03-02,39.83580017089844,40.08031159134168,38.15356040434554,39.12182727091797,1163500
2022-03-03,39.09249114990234,40.22702410921978,38.58390689490506,40.08031574935474,812200
2022-03-04,37.204864501953125,39.23919790101783,36.89189013286625,38.83819925744097,503300
2022-03-07,36.04985427856445,37.9321171325848,35.95197027747312,37.39083335542649,956300
2022-03-08,35.658329010009766,36.48053602506658,35.03188628118423,35.531081663875455,1735000
2022-03-09,37.05803680419922,37.25380108086043,35.70726740251923,36.33371010072067,951400
2022-03-10,36.46095657348633,37.38104379785071,35.32552827652677,36.37286283777856,597000
2022-03-11,35.66811752319336,37.33210844764963,35.66811752319336,36.83291303725945,821900
2022-03-14,33.935604095458984,36.02048661025556,33.72026676443686,35.521291281644274,1314800
2022-03-15,34.650146484375,34.66971955165129,33.77899563485887,33.90624297551294,999700
2022-03-16,36.70566177368164,36.87205898145369,35.19828170070813,35.35489237492012,691100
2022-03-17,38.42837524414063,38.42837524414063,36.15751883429463,36.54904734656847,1006200
2022-03-18,40.10215377807617,40.571985725419154,38.40879996768612,38.584983680783886,1633000
2022-03-21,39.78893280029297,40.18045755928578,39.10375980469,39.57359175581684,1221700
2022-03-22,41.08097457885742,41.33546550396567,39.16248930524805,39.62253475767021,1316500
2022-03-23,40.57199096679688,41.42356124799965,39.77914735291595,40.53283736598705,1081400
2022-03-24,41.09075927734375,41.139699406846105,39.88681416890167,40.787324500201095,865600
2022-03-25,40.96352767944336,41.687854569382296,40.327298283878896,41.687854569382296,866600
2022-03-28,42.58834838867188,42.598138654791086,40.86563120704794,40.86563120704794,1046600
2022-03-29,44.37958908081055,44.731964005876165,43.00924297975374,43.136490310225824,1156300
2022-03-30,43.51823425292969,44.37469974450484,43.2050128861508,43.89997256032312,484700
2022-03-31,43.2441635131836,44.722176502544414,43.05818950630427,43.51823125677271,653300
2022-04-01,43.31267547607422,43.80208423851573,42.86242031076223,43.195218418578165,912000
2022-04-04,43.89997482299805,44.477477447867,43.26374552251445,43.31268566349112,684200
2022-04-05,43.06797409057617,44.00763808369084,42.529625161222526,43.61611328683946,1318300
2022-04-06,41.648681640625,42.78410973026785,40.95372214909624,42.31427780357691,931500
2022-04-07,42.24576950073242,43.214800614303066,41.0418242428309,41.44313932879808,861300
2022-04-08,41.72698974609375,42.187031417445375,41.44313178396909,41.97169411332694,769500
2022-04-11,41.40398788452149,41.99128074374109,40.97820457552245,41.21801386607653,679300
2022-04-12,41.3256721496582,42.53451224564071,41.120117656274665,41.942324428132544,1183900
2022-04-13,41.864036560058594,42.31429183908236,41.11034642748744,41.23759378334841,674600
2022-04-14,41.28653717041016,41.85424958121747,41.12013619445185,41.61933538843299,855400
2022-04-18,41.3354721069336,41.54102293318969,40.23919729967447,40.97331059392619,835100
2022-04-19,43.43993377685547,43.62590780937665,40.96352227407752,41.16907684400391,1398400
2022-04-20,42.57856750488281,43.743359156791925,42.24283451674875,43.743359156791925,1451200
2022-04-21,42.61771774291992,44.07126242664217,42.09894189361115,42.97987919704666,2184700
2022-04-22,40.92437362670898,43.684639528348384,40.88522001851281,42.67645465371159,1236200
2022-04-25,42.402381896972656,42.480689104191846,40.23430057117556,40.54262679834153,1523300
2022-04-26,40.60135269165039,42.18703612268748,40.50836382688492,41.98148532742008,982600
2022-04-27,40.28813171386719,41.55080729667681,40.06300411702321,40.60135304285818,1225500
2022-04-28,42.56878280639648,43.028824579762045,40.65029730410728,40.787331182722255,964400
2022-04-29,41.49208068847656,42.84285012685508,41.46271735304217,42.11852340369758,784600
2022-05-02,40.415374755859375,42.02063483002655,39.90638921680036,41.315885047653694,995800
2022-05-03,40.35665130615234,41.28652882146135,39.86724248061002,40.30771117037671,789000
2022-05-04,40.38601303100586,40.640507701123504,38.4283778068702,40.26855596304773,1434800
2022-05-05,37.75299453735352,40.425166137574095,37.63553747083086,39.76936013777204,1423900
2022-05-06,37.6746940612793,38.56541799871789,35.99112646062446,37.10697801588894,1256200
2022-05-09,35.41361618041992,36.99929942814091,35.24721526975528,36.66650134070393,1745200
2022-05-10,30.58805656433105,37.15592317368975,30.43144586407742,36.95037232971191,1891900
2022-05-11,27.132827758789062,30.343350698325622,25.762483261931443,30.21610521040211,3162900
2022-05-12,30.079063415527344,30.088851815240567,26.545533264693685,26.545533264693685,2857400
2022-05-13,31.41025733947754,32.30098121763852,30.588050395491024,30.588050395491024,1604900
2022-05-16,30.333559036254883,31.449412437328338,30.26504209881853,31.008943743885325,1521400
2022-05-17,30.725086212158203,31.532611540583986,29.491775717972587,31.16555491256255,1143900
2022-05-18,30.19652366638184,30.901271674052747,29.716903261126387,30.186735266240326,1115000
2022-05-19,31.606014251708984,32.281396903028046,29.883295430406594,29.942023950750425,1645500
2022-05-20,32.11500930786133,33.05956851497175,30.999155887207763,32.780605626545004,1775200
2022-05-23,31.18512535095215,32.29119014319305,29.961603507201,32.15415256022335,1065200
2022-05-24,29.9909725189209,31.12640085569308,29.335164611738133,30.607628690497656,849700
2022-05-25,31.11661529541016,31.312377713457213,29.49569306456972,29.873516379677664,917500
2022-05-26,32.31076431274414,32.44780190040412,30.73486939357908,30.92084524293944,1002300
2022-05-27,33.24064636230469,33.56854937758312,32.81975447580972,32.82954474324988,976800
2022-05-31,33.65174865722656,34.00412357519114,32.65335430095784,33.40704426796146,3150900
2022-06-01,33.6419677734375,34.65015267743999,32.956794545621534,33.87688569556349,1021000
2022-06-02,34.95357894897461,34.96336921689265,33.524506012180964,33.524506012180964,794000
2022-06-03,34.659934997558594,35.09061344620205,33.87688157552811,34.39565376751832,569700
2022-06-06,34.425010681152344,35.11507883093461,33.86708498868235,34.650141998507124,676500
2022-06-07,35.022098541259766,35.28637978666484,33.87688354506458,34.01391743515015,611500
2022-06-08,34.48329544067383,35.61967659358458,34.2775721362651,35.07107737813489,1031400
2022-06-09,33.52324295043945,34.25797209468094,33.35670240115803,34.218785643435226,635200
2022-06-10,32.38687515258789,33.1901790436424,31.5933660098026,32.77872861281874,607200
2022-06-13,30.32962226867676,31.544376261976616,29.9132764448493,31.113334582693216,1220300
2022-06-14,30.2022705078125,31.02516742308481,29.96715737037943,30.368809213725065,827600
2022-06-15,31.671730041503903,32.25951193514501,30.01613777233529,30.652904604634934,1297800
2022-06-16,30.17287826538086,31.211296875435952,29.71734601392108,30.52554887774017,1618100
2022-06-17,31.70112037658692,32.195839145087334,30.18267872219941,30.407997124627062,3007500
2022-06-21,31.18191337585449,32.514221319616944,31.11333893584265,31.86765964448624,1147500
2022-06-22,31.270078659057617,31.89214968218401,30.34921742568413,30.839036952380827,800100
2022-06-23,33.719173431396484,33.728971914376764,31.49049689275057,31.632544999754145,835700
2022-06-24,34.85555648803711,35.0710745211353,33.983674662091566,34.0228611179371,2598900
2022-06-27,34.44410705566406,34.89474009832176,34.01796274576585,34.83596415007802,684500
2022-06-28,33.48406219482422,35.75682443531209,33.38609978707225,34.385328304626576,556500
2022-06-29,33.102012634277344,33.61142551549491,32.60239450170571,33.5036645952529,617200
2022-06-30,32.62197494506836,33.61141233658358,31.857857791363205,32.67095614314738,611700
2022-07-01,32.95505142211914,33.38609492228231,32.445638754579065,32.876682254742235,615500
2022-07-05,34.63023376464844,34.64003224642378,32.034192911034644,32.465232683503416,594900
2022-07-06,34.23838806152344,34.77718883122154,34.042459489716855,34.76739408429321,667500
2022-07-07,35.12004852294922,35.18862293810834,34.179596197602415,34.179596197602415,479400
2022-07-08,35.26700592041016,35.44334124897432,34.16001274376322,34.52248188415979,437100
2022-07-11,34.42451858520508,34.982912592856025,33.80734488415998,34.74780129333285,338400
2022-07-12,33.1215934753418,34.81636837102532,32.85709051654366,34.39512333334969,782300
2022-07-13,32.788516998291016,33.134330177000614,31.99500809992972,32.083175755303195,590800
2022-07-14,31.91663360595703,32.71013863500569,31.43660895405472,32.39665452083393,653300
2022-07-15,33.55263900756836,33.591825468259195,32.17134803294223,32.48483224441578,530000
2022-07-18,33.43508529663086,34.19920263917096,33.141194298502114,33.99347931418352,761700
2022-07-19,34.56166076660156,34.6155412075119,33.62120827675447,34.01306534937043,422900
2022-07-20,36.462162017822266,36.74625446619337,34.757588642465976,34.82616306831686,563400
2022-07-21,36.677677154541016,36.78543802583546,35.521703013969805,35.933153273728095,604800
2022-07-22,35.942962646484375,36.57972965218865,35.639276871447976,36.38380105527755,419000
2022-07-25,35.9527473449707,36.21725028881823,34.93392202134153,35.98213531527852,374200
2022-07-26,35.7568359375,35.913578082539445,34.37554461651877,35.913578082539445,504700
2022-07-27,37.22628021240234,37.43200349563727,35.933157093459926,35.933157093459926,546900
2022-07-28,37.99039840698242,38.19612543269718,36.35440310594508,36.8736105689286,903800
2022-07-29,38.79370880126953,39.01902909409801,37.22628765785478,38.088371155246286,738600
2022-08-01,38.46063232421875,38.7545270660194,37.64753375311043,38.12755485560131,396400
2022-08-02,38.62716674804688,39.12188549811162,38.0785675530728,38.0785675530728,392300
2022-08-03,39.32270812988281,39.8909005330756,38.65655332332459,38.9896307266037,671100
2022-08-04,40.24357223510742,40.35132938686581,38.9700385353176,39.440264810629095,614700
2022-08-05,40.21418380737305,40.72359658147969,38.91812320755228,39.7831439540643,404400
2022-08-08,39.90070343017578,40.8999358441528,39.72436807847237,40.508078676583686,990000
2022-08-09,39.45006561279297,40.32194378309002,38.49981452348983,39.18556261668715,773100
2022-08-10,40.32194137573242,40.5276646703013,37.71610176678131,37.72589651255906,1652500
2022-08-11,39.67538070678711,40.84114980691631,39.48925063645512,40.75298214475352,736100
2022-08-12,40.32194137573242,40.44929549300059,39.47945123184896,40.02805042105886,524200
2022-08-15,40.67461395263672,40.7235951579099,39.48925159470432,39.94967940870388,779500
2022-08-16,40.60603713989258,40.8705401173097,39.52843200185693,40.41010859324735,815300
2022-08-17,39.27372741699219,40.1651987520069,38.73492671772416,40.1651987520069,842800
2022-08-18,39.45006561279297,39.61464425827397,38.8818731610783,39.01902576933894,573400
2022-08-19,38.176536560058594,39.12678393685035,37.82386588948575,39.10719070659335,515400
2022-08-22,37.72589492797852,37.88263701302261,36.74625596219638,37.54956335220173,706300
2022-08-23,37.31445693969727,37.85325774741445,36.80504411186541,37.85325774741445,623400
2022-08-24,37.73570251464844,38.11776120555642,37.539773926816224,37.539773926816224,404200
2022-08-25,38.03938674926758,38.21571834318853,37.57895519212417,38.00999503609203,570100
2022-08-26,36.53074264526367,38.26078414604413,36.43277649382709,38.04918249077831,454200
2022-08-29,36.39358901977539,36.56012584993945,35.9527507384204,35.9527507384204,529100
2022-08-30,35.942962646484375,37.04995604255899,35.57070242308317,36.71687854891827,551400
2022-08-31,36.02132797241211,36.50624825115663,35.62947086134952,36.32501742033693,985300
2022-09-01,35.139652252197266,35.80580711606108,34.34614700040835,35.570695832948246,705300
2022-09-02,35.36496353149414,35.73722736761197,34.67921927683749,35.73722736761197,594300
2022-09-06,34.2481803894043,35.4825276886816,34.00327062620142,35.3649683116852,1732600
2022-09-07,36.28756713867188,36.33659413624254,34.15012394499623,34.15012394499623,664400
2022-09-08,37.55239486694336,37.61122503162396,35.67967763731957,35.90518765824191,890700
2022-09-09,37.71908950805664,38.326986426814095,37.424942338759095,38.28776630554288,1197200
2022-09-12,36.80723571777344,37.85634946377366,36.65035900080806,37.787716133866056,871000
2022-09-13,35.05216217041016,35.934595721143694,34.963918815336804,35.61103550579653,871100
2022-09-14,34.5521354675293,35.16983550746914,34.29720843560547,35.05217889132389,856800
2022-09-15,34.032474517822266,34.865885119876765,33.816771368546455,34.06189147381495,1373500
2022-09-16,32.993167877197266,33.630477910848136,32.924534546500034,33.40496786138066,2523000
2022-09-19,32.551944732666016,32.94413458472507,31.571464492165447,32.846088056769126,1054200
2022-09-20,32.07151412963867,32.953948017190314,32.0519040721113,32.18917447480291,677800
2022-09-21,31.738149642944336,32.9245337748395,31.738149642944336,32.336243288061986,440100
2022-09-22,31.14986038208008,31.58617382759831,31.05181197553133,31.47341694449068,471000
2022-09-23,30.48313331604004,30.8557150150037,29.91445480491584,30.78708169178285,824500
2022-09-26,31.17927360534668,32.02248728378182,30.43411020361075,30.463523416502703,1259300
2022-09-27,30.71845245361328,31.757761207992456,30.46352731195084,31.718541092297595,679500
2022-09-28,31.02239799499512,31.189079731016125,30.30664778095344,30.904741399049623,842300
2022-09-29,30.6694278717041,31.149863047777355,30.326259354475216,30.64001278618689,664700
2022-09-30,29.992895126342773,31.30673899183396,29.93406682687661,30.6694271156164,672400
2022-10-03,31.78717613220215,32.032296258108346,30.1595805159126,30.1595805159126,1038900
2022-10-04,33.895206451416016,33.91481650785244,32.29702238408823,32.571559433962264,1294900
2022-10-05,33.57164764404297,33.93442431346467,33.12062385639278,33.37555083292144,1096200
2022-10-06,33.40496826171875,33.82657514976074,33.2578946997558,33.40496826171875,542400
2022-10-07,32.52254104614258,33.28731848900123,32.248007663711526,32.88532157605426,666400
2022-10-10,31.836191177368164,32.65979464030106,31.50380772343081,32.65979464030106,707000
2022-10-11,31.1302547454834,31.94405532626923,30.71845287562031,31.82639497756824,785600
2022-10-12,31.394983291625977,31.64990655345268,30.679233038541664,31.257714762044703,714400
2022-10-13,31.45380973815918,31.865609667783648,29.96347736705836,30.434109331133584,745800
2022-10-14,30.5517692565918,32.16956342021607,30.512551012870592,31.76756660395444,822300
2022-10-17,31.87541007995605,32.12837714663767,31.39497687010224,31.7185333954804,710800
2022-10-18,32.90492248535156,33.46379599570225,32.326438918819264,32.944138857479004,631000
2022-10-19,32.6598014831543,33.03238131951317,32.17740458719202,32.649994585218934,508500
2022-10-20,32.76765060424805,33.65008439117428,32.51763081481529,32.9245310465777,510600
2022-10-21,33.53243637084961,33.62067977209803,31.944058888614688,32.81668600082871,514100
2022-10-24,33.895206451416016,33.963839778825566,33.05199272582914,33.718719683724075,642900
2022-10-25,34.86587905883789,35.02275574932905,33.88539880820929,33.93442207269365,930700
2022-10-26,34.640380859375,35.29730105593579,33.954043701906706,34.601160738322726,668500
2022-10-27,34.39525604248047,35.40514971090087,34.16974224717166,35.17963965582817,759000
2022-10-28,34.728607177734375,34.76782728371724,33.954030655866255,34.28739407625026,580000
2022-10-31,34.59134292602539,34.816852940583395,34.01285941381644,34.375639808755146,733200
2022-11-01,33.53243637084961,35.11101069305096,33.53243637084961,34.93452389055413,542900
2022-11-02,31.404783248901367,33.52262057674676,31.375370036367656,33.52262057674676,748900
2022-11-03,32.23819351196289,32.28721677922098,31.1792729860576,31.27732139069154,1023800
2022-11-04,32.404876708984375,32.801973817249426,31.228301342448862,32.64999681077735,1098000
2022-11-07,33.199073791503906,33.27751029476292,31.13025912226364,32.25781331097573,1260300
2022-11-08,34.41485977172852,35.61104702976477,32.699019110227376,33.39516302118706,1720000
2022-11-09,33.7579345703125,34.32661115798484,33.287304509407214,34.32661115798484,1415200
2022-11-10,37.82693099975586,38.2583409764944,36.14050372118945,36.14050372118945,1953600
2022-11-11,37.974002838134766,38.67014297672256,37.34649602361981,37.65044627325359,1529900
2022-11-14,37.96421051025391,38.52308416012137,37.33670351673511,37.895577166602585,1505600
2022-11-15,39.15058135986328,39.21921468634552,38.61131790597319,38.79760782924845,1078300
2022-11-16,38.63093566894531,38.82702878930864,37.99362180705494,38.493665248359854,773200
2022-11-17,38.07205581665039,38.34658913241911,37.54259550175138,37.78771560232656,740200
2022-11-18,37.7877197265625,38.851540181509904,37.48376942219053,38.79761345427881,772500
2022-11-21,37.11118316650391,37.8073271216446,36.90037972224562,37.64064350188323,702700
2022-11-22,37.336692810058594,37.40532613402861,36.39542884946072,37.16020605121122,569500
2022-11-23,37.562198638916016,38.00341174648232,36.67976494331297,37.091568581339466,604200
2022-11-25,37.79751205444336,37.9739987947633,37.34649204706361,37.375905257038525,326700
2022-11-28,37.32687759399414,37.79750759929631,37.24844112989452,37.5033643135118,489500
2022-11-29,36.79701232910156,37.43482870674692,36.63020100327208,37.23857722568791,639600
2022-11-30,38.86745834350586,39.11277176022257,36.83626355254632,36.83626355254632,1543300
2022-12-01,39.31884002685547,39.36299839494156,37.90583588226658,38.74971476120201,1187100
2022-12-02,39.52489471435547,40.00571063635624,38.386640662044094,38.76932897588883,938000
2022-12-05,38.82820510864258,39.33845743581853,38.34542776280743,39.17164237540261,780900
2022-12-06,37.52313232421875,38.83310473793824,37.24837882201158,38.72025894794846,1066300
2022-12-07,37.76845932006836,38.07264559365896,37.32689437416224,37.4937057186234,849800
2022-12-08,38.64176940917969,38.98029936977021,37.895033831628815,38.01376767819868,833900
2022-12-09,38.887088775634766,39.37771567101128,38.21983589846781,38.51421128705649,803900
2022-12-12,39.053897857666016,39.7407762199819,38.54855278365501,38.808584424209336,994300
2022-12-13,38.70064163208008,40.18233670238254,38.43570270408191,39.25014500976356,1271200
2022-12-14,38.63195037841797,39.60339301887244,38.18057465356182,38.86745287231714,715800
2022-12-15,37.00307846069336,38.15114730850512,36.9932675700768,37.80770624594884,646900
2022-12-16,36.63019943237305,37.344548953423065,36.28675841945196,36.56150823524042,1255800
2022-12-19,36.40450286865234,36.87550783639219,36.10031668333556,36.4731903132842,776100
2022-12-20,36.30638122558594,36.590945652475256,35.99238039011677,36.29657033712106,585000
2022-12-21,36.86569595336914,36.94419803490579,35.923693434041006,36.33581813255259,543900
2022-12-22,36.18864059448242,36.6498273274999,35.73235743528991,36.60076538694733,464500
2022-12-23,36.1003303527832,36.2278906592947,35.57045237082548,35.91388972402785,543000
2022-12-27,35.747066497802734,36.44375560769597,35.42325103526395,36.11994388834235,472200
2022-12-28,35.21720123291016,36.090516589149935,35.10926270695935,35.570453229408606,497900
2022-12-29,36.40450286865234,36.70869279715412,34.863935193592205,35.521376976306364,809600
2022-12-30,36.267127990722656,36.37506647323073,35.403627617028064,35.884439729601304,696600
2023-01-03,36.041446685791016,37.66051673119232,35.71763492262216,37.31707570234488,792800
2023-01-04,36.12975692749024,36.42413225620469,35.41344225511708,36.30638287335599,513800
2023-01-05,34.04950714111328,35.76179395051023,33.99063056637467,35.70782469279638,1299300
2023-01-06,34.74618911743164,34.77562552701178,33.1173083243891,34.127998313951146,885200
2023-01-09,35.747066497802734,36.021816289155524,34.97187530856004,35.16812676374853,1122500
2023-01-10,36.54188537597656,36.62529103284738,35.4232531379567,35.4232531379567,664300
2023-01-11,37.48389434814453,37.51823807998732,36.51245147958476,36.79701596810274,844800
2023-01-12,36.95401382446289,37.734112454655055,36.42413593337226,37.4446406695796,582800
2023-01-13,37.26801681518555,37.30726786338101,36.42413799491306,36.6988915890953,497100
2023-01-17,37.42501449584961,37.54276388853819,36.93438765926389,37.1110136198896,602800
2023-01-18,37.061954498291016,38.15016604237422,36.72832807435926,37.65070524961247,583800
2023-01-19,36.40450286865234,37.119836750476935,36.26712797938864,36.67925639036476,479200
2023-01-20,37.58201217651367,37.660514261336985,36.62038409654063,36.757759001796,503100
2023-01-23,38.16095352172852,38.18057904374218,37.25820196821365,37.67032670094376,649300
2023-01-24,37.60163879394531,38.04320367598613,37.42501284112899,37.81751579031761,542400
2023-01-25,37.34651947021485,37.60164380092958,35.904075244536095,36.90495452937584,550900
2023-01-26,37.866580963134766,38.42589528051437,37.49370350381975,37.95489394709922,581400
2023-01-27,38.425899505615234,38.56327444173475,37.503522260822606,37.65070808815653,816700
2023-01-30,38.07263946533203,38.32776750109405,37.562387136993486,37.96470096890853,675500
2023-01-31,38.317962646484375,38.36702459105467,37.99415081777128,38.10208934173779,562700
2023-02-01,39.82908630371094,39.83889719333255,38.07264134977529,38.268892830878464,932300
2023-02-02,41.47760009765625,41.54628756672259,39.83203549814294,40.17253069902309,1313700
2023-02-03,40.604278564453125,41.33040419572457,39.7751180021744,40.604278564453125,902600
2023-02-06,40.14308547973633,40.53558842535532,39.92720848532733,40.16271100133583,524200
2023-02-07,40.76127624511719,40.85940010977547,39.77020799341525,40.16271093841937,545800
2023-02-08,39.799652099609375,41.03603013573379,39.61321149778472,40.59446521455155,467200
2023-02-09,39.505279541015625,40.50615894727148,39.45621759567874,40.50615894727148,716000
2023-02-10,38.36702728271485,39.230531791840136,38.27871427901809,39.15203342365785,505900
2023-02-13,38.5534553527832,38.82820516660135,38.3670147706762,38.62214280623774,708400
2023-02-14,40.18234252929688,40.29028104263577,38.239460518755,38.32777350756081,658700
2023-02-15,40.91827392578125,41.04583793581626,39.87814381162131,40.04495886215712,343800
2023-02-16,40.21177291870117,40.78090181531729,39.721146108453695,40.21177291870117,503000
2023-02-17,40.1724739074707,40.33949274713908,39.73036962335806,40.1233520420711,656800
2023-02-21,39.307918548583984,40.27072519061657,39.10160444575919,39.61248013924804,644100
2023-02-22,39.307918548583984,39.97598647485721,39.08195494819135,39.54370877163978,582300
2023-02-23,40.1528205871582,40.231418562517504,39.46510329379527,39.83843618123648,511400
2023-02-24,38.79704666137695,39.93177797638342,38.65950017819449,39.51423645877243,551100
2023-02-27,38.52195739746094,39.35409469355584,38.27634429941884,39.15072632880736,811500
2023-02-28,39.75001907348633,40.93878545448082,37.70652024269295,37.90301145182414,1385800
2023-03-01,39.16055679321289,39.83844766111867,38.80687329769376,39.78932578624297,950700
2023-03-02,40.97808837890625,41.17457960689653,38.92476272931263,39.12125395730291,1415900
2023-03-03,41.73457717895508,41.832824666849056,40.820896154212605,41.145107242625045,954300
2023-03-06,40.26089859008789,42.03422545815828,40.08700634554239,42.03422545815828,857600
2023-03-07,39.307918548583984,40.368968930697385,38.865817970461855,40.18230432544045,908500
2023-03-08,39.278438568115234,39.64194483331544,39.209667213827565,39.209667213827565,824000
2023-03-09,38.865814208984375,39.941596925460125,38.63002400874862,39.41598509660431,814400
2023-03-10,37.60827255249024,38.91493590026097,37.17599489304207,38.76756655730283,769800
2023-03-13,38.237037658691406,38.389320297504014,36.55704530346359,37.22511309637717,911600
2023-03-14,39.29808807373047,39.75001518711652,38.84616096034443,38.88545994788001,912300
2023-03-15,39.61247634887695,39.66159821421707,38.34511198520817,38.84616475584843,897700
2023-03-16,40.27071762084961,40.66369625506236,39.3177377806137,39.3766862622366,799500
2023-03-17,40.26089859008789,40.81598284259074,40.015285491992366,40.47703931569466,1042600
2023-03-20,40.55562973022461,40.66370008282728,39.9268608580906,40.28054428560551,974300
2023-03-21,41.10580825805664,41.22370149580133,40.57528306656786,40.68335342939985,616300
2023-03-22,39.730377197265625,41.06651317829141,39.71072769780832,40.97809230461297,779500
2023-03-23,40.54581451416016,40.95844275902222,39.99563977325193,39.99563977325193,592700
2023-03-24,40.70299911499024,40.79633328283283,40.15282447744359,40.66370012350303,531400
2023-03-27,40.76194763183594,41.3219451437822,40.57527929601512,40.73247151432006,704400
2023-03-28,40.76194763183594,41.02720645517207,40.30019385092098,40.66370015304653,546900
2023-03-29,41.43001556396485,41.52826305180154,40.948615990719645,41.24335095871281,635100
2023-03-30,41.52826690673828,41.82791521387829,41.43984603335666,41.81317902627449,512500
2023-03-31,42.235626220703125,42.24544909473484,41.52825936215985,41.73457344664893,1367800
2023-04-03,42.52054214477539,42.55984114344643,41.69528191147759,41.872123657738456,711600
2023-04-04,41.84264755249024,42.66790771221901,41.77387618482605,42.52053835421948,526900
2023-04-05,41.12546157836914,42.06861506351235,40.516342087684,41.88195044075238,535700
2023-04-06,41.02720642089844,41.35141747899549,40.46720890942,40.732471480292645,549000
2023-04-10,41.27281951904297,41.28264614079823,40.30510715060334,40.52615741924142,359000
2023-04-11,41.095977783203125,41.361236582134346,40.76685344423704,41.04685217444913,404100
2023-04-12,40.97808837890625,41.81317516092533,40.88966751369855,41.518436445060686,710500
2023-04-13,41.832820892333984,42.09807971631766,41.262996757238696,41.262996757238696,513200
2023-04-14,41.75421524047852,42.10789860450964,41.14509597340126,41.567550686243166,286800
2023-04-17,41.97036743164063,42.09808354435487,41.35142137462815,41.57738497530542,413100
2023-04-18,42.78580093383789,42.80545043141432,42.0980835096967,42.24545286764069,697700
2023-04-19,42.4714241027832,42.84475712832868,42.1079177016716,42.36335372056537,650600
2023-04-20,41.60685729980469,42.245452853672894,41.35142132691248,42.01948925325635,796200
2023-04-21,41.90158462524414,42.22579187762074,41.5773736251101,41.77386479963763,409900
2023-04-24,41.4594841003418,42.117725283527776,41.11562357745073,41.86228935739414,429600
2023-04-25,40.1724739074707,41.38088978553987,40.1724739074707,41.38088978553987,644800
2023-04-26,40.65388107299805,40.88966754858077,40.20195012390733,40.712825818014494,735200
2023-04-27,41.439849853515625,41.45949935471837,40.96827306792729,41.19423671012009,717000
2023-04-28,41.813175201416016,41.85247044884536,40.74230194297835,41.29247288457377,785700
2023-05-01,42.02931213378906,42.28475185447392,41.479141192791126,41.58721155556099,613700
2023-05-02,40.78159332275391,42.01948531946103,40.70791239846262,42.01948531946103,1009600
2023-05-03,41.82299423217773,42.61878194667296,40.933876097388016,40.97808465209202,783200
2023-05-04,41.4987907409668,42.09808355274769,41.37598419180737,41.90159607229938,508100
2023-05-05,41.85247039794922,42.14720911374086,41.26300046188285,41.95071788579925,942700
2023-05-08,41.33176803588867,41.84264368254308,40.86019138076725,41.6265029768698,1487100
2023-05-09,45.497371673583984,46.14579010311865,41.37107087301865,41.37107087301865,2748200
2023-05-10,45.08473587036133,45.59561152088554,43.98045893512341,45.56613915089161,1459400
2023-05-11,44.42649459838867,44.8685951390941,43.98930362084085,44.27912525298144,1317800
2023-05-12,44.27912902832031,44.47856599450959,43.67983246927878,44.23983003315991,754900
2023-05-15,45.02579498291016,45.10438922553809,44.25456625633786,44.31842806046642,657900
2023-05-16,44.68193435668945,45.31070328818506,44.44614788125782,44.90789795721079,901400
2023-05-17,44.84894943237305,45.12894819069891,44.57386023720933,44.81947331460949,691900
2023-05-18,45.76263427734375,45.82845615914522,45.04544073223072,45.10438922501984,639600
2023-05-19,45.25175857543945,45.95912174999665,44.92754748679196,45.95912174999665,614400
2023-05-22,46.07701873779297,46.38157658110376,45.35000231784896,45.35000231784896,1019600
2023-05-23,45.56613540649414,46.86297204827336,45.5464859121935,45.70367811884075,1037600
2023-05-24,46.23420715332031,46.63701245134224,45.001228452350496,45.035614133361214,1410700
2023-05-25,46.637020111083984,47.14789584697759,46.45035174257436,46.67631536172291,1046100
2023-05-26,46.98087310791016,47.44262693165194,46.52894590683776,46.88262936776693,924400
2023-05-30,47.63911819458008,48.39560323930549,47.28543473339193,47.41315084611996,1398700
2023-05-31,47.92402267456055,48.1892852490545,47.13806157296264,47.53104399764067,3922300
2023-06-01,48.52332305908203,48.7787627798407,47.42297742900977,47.42297742900977,1144300
2023-06-02,49.08331680297852,49.46647260653881,48.474197416491855,48.84753034590672,1831000
2023-06-05,49.387882232666016,49.46647647525065,48.68051531061201,48.926128408796494,919400
2023-06-06,49.33876037597656,49.71208958693224,48.92612842208021,49.21104051551359,751600
2023-06-07,48.42417144775391,49.83047512086893,48.37008241207713,49.18141044424136,967300
2023-06-08,49.2305793762207,49.25024845525554,47.97178457844393,48.54217661597443,968000
2023-06-09,49.80097198486328,50.27301866819213,49.151907326349416,49.250252730059735,1047100
2023-06-12,51.01059341430664,51.089269738971495,49.83047480478929,50.15500901679136,933600
2023-06-13,51.96452331542969,51.9940250614877,50.922084520620736,51.13844066236255,1390100
2023-06-14,52.53490829467773,52.97745321463062,51.97435264656855,52.21037785437456,1295600
2023-06-15,53.12497329711914,53.26265311521728,52.19071256524705,52.32839238334518,1104600
2023-06-16,52.40706634521485,53.34132703495085,52.31363915079319,53.31182153847934,1724200
2023-06-20,52.12186050415039,52.93319210191922,51.38428700645015,52.02351887172081,811200
2023-06-21,51.708831787109375,52.0235295774358,51.28595592795321,51.84651160144049,700600
2023-06-22,51.71866989135742,51.807178888664126,51.19745232471461,51.63016089405072,631700
2023-06-23,50.86307907104492,51.51017418570744,50.76473366881361,51.34495841175105,2438400
2023-06-26,50.93191909790039,51.50230742622348,50.80407195044261,50.80407195044261,640400
2023-06-27,51.84651184082031,51.94485349394128,50.946671083938455,51.138439933569856,784800
2023-06-28,52.40706634521485,52.53490974111514,51.821923393194616,51.85634334616677,850900
2023-06-29,52.26939010620117,52.56441883062831,51.9055177196304,52.3185609350234,523800
2023-06-30,53.331485748291016,53.61668176201018,52.672588494001744,52.770930135942685,968200
2023-07-03,52.24972152709961,53.30199303029365,52.01664872001482,53.10530596161853,461900
2023-07-05,51.66948699951172,52.023522906101874,51.443298226188695,52.023522906101874,1122900
2023-07-06,50.53854751586914,50.93192164239469,50.164842470819245,50.82374357002548,986900
2023-07-07,50.617225646972656,51.004694936231054,50.35169866482228,50.35169866482228,673500
2023-07-10,51.65966033935547,51.86618382485903,50.31236010841886,50.32219277368388,533500
2023-07-11,52.20054626464844,52.25954975419441,51.41379805676289,51.64982326942725,465400
2023-07-12,52.45623397827149,52.89877888347632,52.22020877833115,52.73159358529081,606100
2023-07-13,53.30198669433594,53.4691682443661,52.652922070907394,52.78076546157987,483900
2023-07-14,53.0266227722168,53.469167681599664,52.91844846236172,53.301986133329095,489700
2023-07-17,54.18707275390625,54.45259970224727,53.016790649582525,53.10529963236287,925400
2023-07-18,53.90188980102539,54.285427542251234,53.46426301921704,53.94122421568122,486300
2023-07-19,53.04629898071289,54.34442838836593,52.57425226442941,54.08873782385589,847000
2023-07-20,53.07579803466797,53.64618634077173,52.63325311954837,53.10529977851149,794500
2023-07-21,52.977447509765625,53.980547969809045,52.84960413115201,53.67568664227641,449000
2023-07-24,52.29888916015625,52.97745556654645,51.95468962463084,52.93812115641039,691800
2023-07-25,52.85944366455078,53.09055066964871,52.01369196567901,52.18087727316211,742600
2023-07-26,52.21037673950195,52.79060145516295,51.7579991649848,52.79060145516295,533200
2023-07-27,51.905517578125,52.76110575357309,51.52197986226595,52.72176759002504,776200
2023-07-28,52.416900634765625,52.86927824542272,51.96944123225518,52.20054824573037,650400
2023-07-31,52.98728942871094,52.98728942871094,52.08253051230651,52.45623552678834,725700
2023-08-01,52.9184455871582,53.16430343995796,52.05794310235904,52.66275131941031,613200
2023-08-02,50.93191909790039,52.23988106299036,50.51887591053431,52.1710411570116,802400
2023-08-03,50.76473617553711,51.16794296586174,50.49920920364133,50.7155653477402,802800
2023-08-04,50.81390380859375,51.3547941348344,50.33202447438921,50.99092177872824,728900
2023-08-07,50.1943473815918,51.22694976227455,50.10583839173364,51.020430036436736,1456500
2023-08-08,49.81080627441406,52.06286152657701,49.417432179354186,51.92518171875408,1178700
2023-08-09,47.05720138549805,49.456776932578975,46.79167815015132,49.40760610201454,1410900
2023-08-10,47.12603378295898,47.52924428316774,46.65398713213308,47.421066222281816,1327300
2023-08-11,45.98524856567383,47.01588495711219,45.73939072662159,46.78182931474053,1533700
2023-08-14,46.45780944824219,46.467656393624544,45.502862299165486,45.82774014210642,1031200
2023-08-15,46.14277267456055,46.851602489141776,46.00494548961623,46.74330862796863,701700
2023-08-16,46.03447341918945,47.05833775238659,45.99509691061163,46.12307713562976,1181400
2023-08-17,44.734962463378906,46.093551764595816,44.70542913797506,46.03448135827879,971700
2023-08-18,45.19766616821289,45.24688962351323,44.0655079187604,44.24271536224877,1095800
2023-08-21,45.42409896850586,45.75882373627264,45.15828779214614,45.32565205378407,893400
2023-08-22,45.7982063293457,45.945876708924985,45.23705062482406,45.88681005929698,636000
2023-08-23,46.67440414428711,46.861454823857166,45.6505394913029,45.90650753230389,566500
2023-08-24,45.81789779663086,47.13710683898088,45.62100019595739,47.13710683898088,640900
2023-08-25,46.615333557128906,46.930368256033134,45.699762789841664,45.85728389480362,566500
2023-08-28,47.31430816650391,47.80655022658007,46.743305574171295,46.743305574171295,1031300
2023-08-29,48.38740158081055,48.71227942501468,46.95989869107227,47.13710615355063,681400
2023-08-30,49.02730941772461,49.24389713027346,48.39724016904683,48.45631056942623,776900
2023-08-31,49.13560485839844,49.52447655687368,49.01254433693826,49.22420858407013,1142000
2023-09-01,49.40141296386719,50.0610155152384,49.29311911083399,49.411256152548006,873300
2023-09-05,48.958404541015625,49.37188990623744,48.67290318830409,49.16514534587172,830500
2023-09-06,49.3817253112793,49.49494264209388,48.70243259291895,48.88948323132017,567200
2023-09-07,48.997779846191406,49.46048862914583,48.25941668471567,48.82057238699649,880800
2023-09-08,48.25941848754883,49.46049047684759,48.16096780903535,49.04700513810974,617300
2023-09-11,48.72212219238281,48.91901601779966,48.25941344053344,48.485844344170005,617500
2023-09-12,47.511207580566406,48.38740170530119,47.511207580566406,48.14128064628238,724200
2023-09-13,47.85578536987305,48.0723731309692,47.4718370701188,47.511213590355545,651900
2023-09-14,48.633522033691406,48.697512156091605,47.79670819229344,47.993605787652335,787200
2023-09-15,48.7713508605957,48.92886819106737,48.07236794134703,48.51538285138588,3323500
2023-09-18,49.243900299072266,49.63769172708151,48.37755314863721,48.45631368754458,1016300
2023-09-19,48.180660247802734,49.25374828408293,47.31431676852868,49.13561121972911,1087100
2023-09-20,48.180660247802734,49.04700748258635,48.13143678394778,48.33817758544434,644600
2023-09-21,47.38322830200195,47.83609015852743,47.14695042809205,47.59981228461752,957400
2023-09-22,48.06251907348633,48.77134891001429,47.40291645211333,47.48167323644464,1007700
2023-09-25,48.51537704467773,48.77134502325127,47.35368546317371,47.91484112053476,577900
2023-09-26,47.58012390136719,49.22421073735025,47.24539911813284,48.28894998223875,783700
2023-09-27,48.45630645751953,48.677813868004925,47.649029831716405,47.74747673515244,864200
2023-09-28,49.23404693603516,49.60322846414297,47.96406533353087,48.259409804915386,782500
2023-09-29,49.3817253112793,50.58279718814246,49.19467467287808,49.58846608353996,954400
2023-10-02,49.17498397827149,49.81489642161594,49.03715679833603,49.3226543472699,765900
2023-10-03,48.24464797973633,49.38172599850324,47.96407014047531,48.75165672826861,860400
2023-10-04,50.28745651245117,50.30714289229749,48.56460910168058,48.56460910168058,1235500
2023-10-05,50.63202667236328,50.91752801404833,49.696765858004014,50.20869813276392,1274300
2023-10-06,51.5475959777832,52.064447956197846,49.38369776162576,50.07086960143957,1194200
2023-10-09,52.12844467163086,52.20720146312173,50.991362746246736,51.14396036718272,784200
2023-10-10,52.069374084472656,53.12277198621244,51.9728950435816,52.00046048383619,1352000
2023-10-11,52.87664413452149,53.17198863590064,52.29579832108854,52.31548845524837,1078000
2023-10-12,52.246578216552734,53.15230566848738,51.665732365841954,52.955408069761646,1591800
2023-10-13,51.56728363037109,52.23673318918532,51.39991936291294,52.22688624406526,1101500
2023-10-16,52.246578216552734,52.69944006476539,51.62143237777106,51.93154356079529,791200
2023-10-17,53.14245223999024,53.31965968167432,51.68541619598357,51.72479646202645,1251400
2023-10-18,52.25642395019531,52.98494016642415,52.217043680261526,52.81757965246942,690900
2023-10-19,50.563106536865234,52.74866255128162,50.45481267950097,52.53207483655308,865300
2023-10-20,49.243900299072266,50.36621168993787,48.76150138703763,50.36621168993787,1028600
2023-10-23,48.96824264526367,49.81489584877532,48.26925605354337,49.007619156571714,760300
2023-10-24,49.49001693725586,49.706604644430485,48.9387044805881,49.12575886606032,923700
2023-10-25,48.14127349853516,49.593386028940834,48.042822836239445,49.21436130675145,1005700
2023-10-26,47.96407318115234,48.8944104837601,47.52105452383691,48.22988437554161,705900
2023-10-27,47.58012390136719,48.34802038710689,47.26508549757964,48.03298573882859,667900
2023-10-30,47.6982650756836,48.14128376168875,47.26016986272005,48.14128376168875,855100
2023-10-31,47.88530731201172,48.121585154795305,47.30446152715717,47.74748013518334,643200
2023-11-01,47.2749252319336,48.16095863675304,46.73345974751472,47.71794381209765,1119400
2023-11-02,47.206016540527344,48.17770193227605,46.56610033002077,47.68841167908604,1728100
2023-11-03,48.58429718017578,48.85995532928322,47.23555478298773,47.23555478298773,1092300
2023-11-06,47.25524139404297,48.5498367594173,46.73346597208001,48.38739972131225,1750500
2023-11-07,51.22271728515625,52.66498694495451,48.239731037075664,49.755837770991775,2104300
2023-11-08,50.563106536865234,51.45209560399801,50.44496949042649,51.291622704664704,1152700
2023-11-09,49.6081657409668,50.92737491873386,49.38173479137742,50.70094396914448,665500
2023-11-10,51.0947265625,51.19317347081727,49.65737691470957,49.8148942213225,630500
2023-11-13,50.80923080444336,50.93229133099723,50.09055778002987,50.60249002115508,648100
2023-11-14,52.433631896972656,52.650219643626194,51.585006915425154,51.68542548522972,1075700
2023-11-15,52.26626586914063,53.00462901265522,51.86262750090634,52.60099064442094,664200
2023-11-16,52.26626586914063,52.40409305504855,51.80355709744188,52.20719546567616,496900
2023-11-17,52.069374084472656,52.18751114906237,51.468838059918106,51.7937196819268,697600
2023-11-20,52.17766189575195,52.955405304576864,52.06444456185602,52.15797176135661,911300
2023-11-21,51.82324600219727,52.482852347616365,51.34085086296645,52.05952385493924,725900
2023-11-22,51.27193832397461,52.32533610490529,51.21286792069946,52.2465755672051,947600
2023-11-24,51.44914245605469,51.72480058481765,50.646789187900026,51.06519422030572,346900
2023-11-27,50.86830139160156,51.385157145343584,50.77970141091273,51.193183009498725,778300
2023-11-28,51.14395523071289,51.41960960651089,50.55326245406248,50.75016004627928,615200
2023-11-29,51.81340789794922,52.45332041663984,51.6165102939254,51.72480416391397,628800
2023-11-30,51.25224304199219,52.00044929745168,50.60248369326121,51.862622125828246,1650200
2023-12-01,52.18840789794922,52.208116962638805,51.099507447907776,51.16355908880914,804500
2023-12-04,51.93219757080078,52.0800099172805,51.26210440789086,51.83365224736125,1081500
2023-12-05,51.37049865722656,51.82478072409789,50.56244585924459,51.75481599295952,1343100
2023-12-06,50.8679313659668,53.34136451273381,50.8679313659668,51.24239608219793,1646400
2023-12-07,49.90220642089844,50.85807533336816,48.31566250770954,50.7792390787185,1357100
2023-12-08,49.85293960571289,50.37521667738112,49.517893015047285,49.74454162650934,1196700
2023-12-11,49.70512008666992,50.25696259789059,49.611506732149664,49.64599665415599,1223100
2023-12-12,49.783958435058594,49.82830101130817,49.04488542460782,49.63614232932055,1048600
2023-12-13,50.779239654541016,51.163557002517344,49.32080275905978,49.89235433439247,1120400
2023-12-14,50.5427360534668,51.58729007696076,49.912061074952845,51.19312009494924,1319900
2023-12-15,49.51788711547852,50.7004045745377,48.709834332930605,50.68069551165612,2171100
2023-12-18,49.90220642089844,50.27174290654978,49.40949110669664,49.51788907728016,962600
2023-12-19,50.37520599365234,50.57722105007314,49.94161792791465,50.050015884128825,902300
2023-12-20,49.783958435058594,50.68070020404075,49.61643326461416,49.892356411383865,699000
2023-12-21,50.61171722412109,50.72996784591965,50.05987472386201,50.3357978535513,427700
2023-12-22,51.83365249633789,52.22782627374994,50.8531500179031,50.956619788671816,994700
2023-12-26,52.247535705566406,52.47418431347861,51.695693165136845,51.89278005522739,730200
2023-12-27,52.17855453491211,52.33622329116288,51.95486060080594,52.02088577866133,374400
2023-12-28,51.96175384521485,52.27709132894991,51.57743652185769,52.20811148932782,473800
2023-12-29,51.41976547241211,52.15391016636897,51.33107657414678,51.83364449157088,354400
2024-01-02,48.6408576965332,50.90734744954458,48.47333253056404,50.76938775940505,1154700
2024-01-03,46.38421630859375,48.17769963286885,46.187129444132026,48.17769963286885,1418900
2024-01-04,46.26596832275391,46.78824534800592,45.891503634908574,46.38421894450315,2140800
2024-01-05,46.04916763305664,46.600025186951626,45.664850332679215,46.00974951016688,1701800
2024-01-08,47.68498992919922,47.69484634109085,45.99004795933045,46.39407814625381,1095500
2024-01-09,46.71926498413086,47.49775606679309,46.53203452185692,47.49775606679309,1188600
2024-01-10,46.87693405151367,47.07402092632366,46.66013811331074,46.71926530348957,953200
2024-01-11,47.94120788574219,48.10872931024343,46.83752273009159,46.96562978119961,736900
2024-01-12,47.94120788574219,48.50290311713579,47.64557565101291,48.13829103006835,840700
2024-01-16,47.95105743408203,47.97076649906232,47.15778542444411,47.42878036902344,875500
2024-01-17,47.88207626342773,47.8919289160858,47.113441546029314,47.53717703360015,878100
2024-01-18,48.26639938354492,48.46348629230908,47.9017910457593,48.07916888773504,805500
2024-01-19,49.53760147094727,49.55731053593456,47.90868465298932,48.60144155920964,1068900
2024-01-22,50.17811965942383,50.65112961125506,49.44890318866223,49.77409330153725,811100
2024-01-23,50.069732666015625,50.40477923728829,49.92191656490843,50.316090328447885,866900
2024-01-24,49.783958435058594,50.61172035712825,49.56716248240806,50.54274051021576,683500
2024-01-25,49.32080459594727,50.51317481205631,49.21240662009741,50.02045947391673,681900
2024-01-26,49.53760147094727,49.69034202569907,49.2321166023239,49.30109645021953,477400
2024-01-29,50.95661544799805,50.9664718591096,49.370071579785886,49.59672392591855,848800
2024-01-30,51.27195358276367,51.55772936267381,50.725039291912005,50.73982390876484,1151800
2024-01-31,49.66570663452149,50.88763854453916,49.66570663452149,50.88763854453916,962000
2024-02-01,50.61171722412109,50.72996784591965,49.61150574668609,50.05002207167859,683100
2024-02-02,50.74967575073242,51.02559511500266,50.29637857825434,50.50331810145702,535900
2024-02-05,49.88249969482422,50.93691021589816,49.82337626018586,50.779241458329714,841800
2024-02-06,50.19783782958984,50.72997130262176,49.8627912457312,50.19783782958984,666200
2024-02-07,51.17340850830078,51.55772581943467,50.13870718775894,50.60185698775966,840800
2024-02-08,51.56758880615234,52.15884570497084,50.96154728961165,51.16355862237876,650300
2024-02-09,52.060306549072266,52.20811890105264,51.53309750707072,52.04059748365091,458900
2024-02-12,50.73983001708984,51.83365497135407,50.71026453894439,51.78438418660485,523800
2024-02-13,48.93648910522461,49.872649035317,48.64086064285855,49.45876618070864,696200
2024-02-14,50.80880355834961,50.98618136871672,49.40949013868906,49.43905185404376,701400
2024-02-15,51.55772399902344,51.74495444270068,50.90734001257939,51.31136637144434,834200
2024-02-16,52.38549041748047,53.43990085617143,51.16355482245724,51.350789041835625,1942600
2024-02-20,51.56758880615234,52.25738726840069,51.0650170589489,51.90263162546172,877000
2024-02-21,50.779239654541016,50.84821949858192,50.06480394449473,50.6018618386874,936300
2024-02-22,51.89278030395508,52.2130460319973,51.35079417294812,51.73511154295088,782000
2024-02-23,51.41976547241211,52.12927665853476,51.06500987935079,51.99131322636267,779000
2024-02-26,51.72526168823242,52.3460803537666,51.37050601700148,52.3460803537666,1244300
2024-02-27,48.73939895629883,52.51852458984202,48.63592918933533,52.27709513359386,2083700
2024-02-28,50.079586029052734,50.12885681041435,47.75396906123613,48.06930657289401,2004300
2024-02-29,50.62157440185547,50.74968144640967,49.89235778326658,50.30623687612192,2455300
2024-03-01,50.41463470458984,50.94676818734301,49.88545964913097,50.54274174876075,1229800
2024-03-04,50.50332260131836,50.966476226141445,50.21754680050753,50.46390447173347,1362800
2024-03-05,47.37950134277344,50.25695666510418,47.241537911915046,50.09928793181372,1701500
2024-03-06,49.11386489868164,49.58687117068503,48.08901609644778,48.24668485378224,1956200
2024-03-07,48.92663192749024,49.74453738970256,48.3452277096518,49.4094908275733,1245800
2024-03-08,48.680274963378906,49.52774215339801,48.63100042424143,48.9463379272996,1340000
2024-03-11,48.02988052368164,48.81329590644841,47.98060599518264,48.70982616301424,832800
2024-03-12,48.17770385742188,48.72954637448021,47.83280463371017,48.17770385742188,1434100
2024-03-13,47.97076416015625,48.67534722258944,47.87222259917914,48.26639260220719,1015700
2024-03-14,48.10872650146485,48.172778143719256,47.63079201022558,47.98061945783623,1049800
2024-03-15,48.07916259765625,48.12843337862129,47.68498883169672,47.81309586950151,1433800
2024-03-18,48.15800094604492,48.93649216087734,48.0791684387475,48.20727173299581,1076600
2024-03-19,49.48996353149414,49.57876146376992,47.71400864971916,47.71400864971916,1279800
2024-03-20,50.111549377441406,50.58513709802307,49.76622241027892,49.84515557891285,690000
2024-03-21,50.979793548583984,51.70991033067662,50.11155124371911,50.180615886975616,1143900
2024-03-22,51.16725158691406,51.67043732003541,50.78246183269063,51.19684964070346,1088200
2024-03-25,50.50620269775391,51.265917490496335,50.348340128076295,50.85152965649531,760000
2024-03-26,50.40753936767578,51.06858769369875,50.34833949339024,50.673933156349975,642600
2024-03-27,50.890995025634766,51.2856495585424,50.59499942127847,51.06858711901191,570600
2024-03-28,51.52244567871094,51.91710021460157,50.95019152061987,51.30538323753978,824700
2024-04-01,49.6971549987793,51.40897941974503,49.45049450616154,51.18895868186892,778200
2024-04-02,49.46036148071289,50.10167648314022,48.74307161641333,48.85850929542272,1311100
2024-04-03,48.63158416748047,49.88461993553249,48.60198234869436,49.17423650451328,1162800
2024-04-04,48.42440032958984,50.26942016486208,48.306000557292734,49.06571549269689,1057700
2024-04-05,48.85851287841797,49.18410278518308,48.04453246589432,48.38492516437925,1113900
2024-04-08,49.73662185668945,49.84515307624155,48.858511100299495,48.858511100299495,914900
2024-04-09,50.052345275878906,50.09181185686436,49.6774202839977,49.6774202839977,796200
2024-04-10,49.16436767578125,49.57875546712011,48.5427822250328,48.93743672672598,1115900
2024-04-11,49.272891998291016,49.97341056319468,49.19396260845421,49.401156490983226,1560100
2024-04-12,47.52654647827149,48.9522477252525,47.15655570378892,48.73025100231848,1736800
2024-04-15,46.91482925415039,48.08400145154028,46.80136752481487,47.95080266559243,974400
2024-04-16,48.24679565429688,48.87824593666346,46.2241765286819,46.82602875523149,2937700
2024-04-17,49.44063568115234,50.74300293751104,48.40466224046804,48.59212288242815,4239300
2024-04-18,51.36458206176758,53.44639344673721,48.631583366594064,50.47660278761719,11920900
2024-04-19,51.75924301147461,51.91710559493877,50.35821305369782,51.16725926441924,4315700
2024-04-22,52.48935317993164,52.57815110714379,51.50271121701466,52.21309087097141,2409300
2024-04-23,53.69305419921875,54.265308348397255,52.721215020339415,52.795210157094886,2385300
2024-04-24,53.71279144287109,54.23571428477986,53.2540027425238,53.515466045348525,1034300
2024-04-25,53.64371490478516,53.94957522510168,52.59787698037745,52.84453743632113,987900
2024-04-26,53.26879501342773,54.24556833495744,53.23919319865353,54.13703712951193,904300
2024-04-29,52.84454727172852,53.70292476432627,52.56729885028187,53.51546413786532,1104900
2024-04-30,51.82830429077149,53.0912086402125,51.778972942343934,52.814946314285066,1078900
2024-05-01,50.7824592590332,51.84803054259181,50.693661338424974,51.71976604310434,1060100
2024-05-02,51.04885482788086,51.41391128608576,50.81205910996347,51.029121537742725,998000
2024-05-03,52.52882385253906,52.69655119270168,51.64084451126436,51.64084451126436,873200
2024-05-06,52.82481384277344,53.03200776049344,52.49922017457866,52.60775139731025,1353600
2024-05-07,54.19624710083008,54.33437638306562,52.94321126895804,53.27866971027607,2106300
2024-05-08,53.63386154174805,54.097584501877,53.051742591449816,54.00878656831488,1015500
2024-05-09,54.275177001953125,54.32451211497985,53.623993405651646,53.88052244392414,871600
2024-05-10,54.73889923095703,54.975694973589526,54.33931041423912,54.36397420668085,886600
2024-05-13,54.1074447631836,55.202617931392695,54.04824489115541,55.00528878837244,932500
2024-05-14,54.74876403808594,54.78822685605884,53.87064953179693,54.117310021894426,915900
2024-05-15,54.85729598999024,55.67621069085292,54.75863329135794,54.85729598999024,1205800
2024-05-16,55.33088302612305,55.4591437712681,54.41330570052024,54.85729157235224,948700
2024-05-17,55.705810546875,55.73541236841332,55.064495457570565,55.380220619880006,894800
2024-05-20,56.28791809082031,56.36685124724,55.39994266353917,55.74526581352516,1268500
2024-05-21,55.96233367919922,56.42605284522874,55.69593989595311,56.28792357178418,898000
2024-05-22,52.5386848449707,52.99253924737604,51.26591580176667,51.798703368280975,3679800
2024-05-23,51.976295471191406,52.74094444739403,51.57966500678279,52.37095373576182,2564900
2024-05-24,52.57815170288086,52.745879031881785,51.70990571182893,51.87763680457031,1135100
2024-05-28,52.01576232910156,52.75574375633086,51.37444358667344,52.686679124222,1648800
2024-05-29,51.275787353515625,51.96643376150296,50.38780802361669,51.344851994314354,1359000
2024-05-30,49.56888961791992,51.334975719494885,49.41595756745226,50.831790017647286,1281100
2024-05-31,49.56888961791992,50.68379223041795,48.51317934558149,49.56888961791992,4548900
2024-06-03,49.02624130249024,49.95368722301682,48.46385564434741,49.31236839557783,1927600
2024-06-04,48.98672866821289,50.12274021374464,48.917580532567385,49.154658778126034,1382300
2024-06-05,50.05358123779297,50.32029705258054,49.4608819393474,49.50039623078784,1477800
2024-06-06,49.7671127319336,50.073339074094655,49.15465251103089,49.85601800475558,1692000
2024-06-07,50.20176696777344,50.30054894583534,49.07563583738771,49.54979611500849,1099000
2024-06-10,48.3545150756836,49.46088901628574,47.498061716035245,49.38186419038812,1384300
2024-06-11,50.08322525024414,50.152373384969465,47.98901652365426,48.25572860428581,1399400
2024-06-12,50.75495529174805,51.77736420358762,50.428967984757314,50.87349441779428,1181000
2024-06-13,49.82638168334961,50.86361114905112,49.60906060842019,50.86361114905112,1246000
2024-06-14,49.57942581176758,50.15237178786415,49.2435618388156,49.79675066729256,1308500
2024-06-17,50.64628219604492,50.695673174144126,49.515211086609845,49.53990845980449,1141500
2024-06-18,51.23898315429688,51.36740271620865,50.06346125641426,50.60676956994689,2017800
2024-06-20,50.76482772827149,51.48594665108683,50.55738333300075,51.1500826818573,2197200
2024-06-21,50.9426383972168,51.308136204195726,50.102980356464805,50.86361357573324,3274400
2024-06-24,49.75724029541016,51.09081960270627,49.66833500825708,50.81422328251287,2052300
2024-06-25,49.6485710144043,50.18200266378253,49.55966573950793,49.99431542490813,2582600
2024-06-26,49.23368453979492,49.93504631430236,49.23368453979492,49.500400376922514,811800
2024-06-27,49.075626373291016,49.73549920485138,48.85830154151621,49.23367976868446,1143100
2024-06-28,48.759521484375,49.73747572892646,48.37426655359471,49.37197794437725,4350400
2024-07-01,48.43354034423828,49.520160914515245,48.36439220783684,48.77928479453629,719100
2024-07-02,48.65085983276367,49.37197872428289,48.19645676714177,48.72988841893638,800300
2024-07-03,48.85831069946289,49.18429800822779,48.60147529691643,48.61135198735284,375200
2024-07-05,48.87806701660156,48.93733846308375,48.52244587429009,48.759527891928016,635200
2024-07-08,48.7496452331543,49.075632521657326,48.41378125482875,48.878064810591006,999600
2024-07-09,47.21849822998047,49.18429095450188,47.20368131230536,48.660735997475975,919000
2024-07-10,47.82107925415039,47.85071309027527,46.94190694506808,47.41606716451842,805200
2024-07-11,48.20633316040039,48.70025051607722,48.05816021467157,48.26560459966615,672300
2024-07-12,49.32258224487305,49.57941758472825,48.10754613006616,48.403895758603696,970600
2024-07-15,48.83855056762695,49.57942665871026,48.66074000430371,49.29295743405896,629800
2024-07-16,49.06575775146485,49.39174507775777,48.57184030068726,49.02624721930387,591200
2024-07-17,49.15464782714844,49.3818531002692,48.34462376008549,48.60146286522639,860400
2024-07-18,48.23597717285156,49.54979555399596,48.09767712952348,48.917581857659634,946900
2024-07-19,47.88035202026367,48.33475510544747,47.77168959374352,47.96925729939012,606800
2024-07-22,48.85831069946289,48.94721598655415,48.107557872696326,48.403907573570216,725300
2024-07-23,48.68050003051758,49.37198517673784,48.6706233401004,48.83855345522871,541600
2024-07-24,47.91986083984375,48.81879028863968,47.870469857264055,48.31499623706214,636500
2024-07-25,47.78157043457031,48.88794817499745,47.69266514771975,48.0680434442322,603200
2024-07-26,47.92974090576172,48.996600440270754,47.57906003353331,48.00876572358553,700300
2024-07-29,47.97913360595703,48.47799121086729,47.56424481887244,48.028524589901785,420600
2024-07-30,47.277774810791016,48.62123076103671,47.14935522982292,48.10755620545508,556200
2024-07-31,48.14706802368164,48.57183350509442,47.248138539765606,47.90998602243001,548600
2024-08-01,47.02093124389648,48.374267525745445,46.58134509421918,47.9297411473385,710100
2024-08-02,45.46015930175781,46.18127827503403,44.90697044070212,46.15164443600472,1200200
2024-08-05,44.24512100219727,45.1045362115343,43.286920053212455,44.10682473498104,1540000
2024-08-06,47.00117492675781,48.127305836115866,44.748909339751535,46.30968991117072,1900700
2024-08-07,46.28993988037109,47.94456243635272,46.19609436740416,46.90239640851933,1161000
2024-08-08,48.65085983276367,48.69037412585003,46.86287763765523,46.90239193074159,1322200
2024-08-09,47.791446685791016,48.86818672361296,47.64326996465503,48.710133312936826,1035800
2024-08-12,47.75192642211914,48.57083991792267,47.49509107498348,47.89022266813758,464200
2024-08-13,49.21392440795898,49.29295299266676,47.71241521312421,48.19645587373351,794700
2024-08-14,49.03611755371094,49.381861985410985,48.65086259497167,49.25344240973436,764300
2024-08-15,49.31270980834961,50.12273778491345,49.04599773709307,49.3917383985668,1523300
2024-08-16,49.39173126220703,49.73747187372646,48.94720492718916,49.25343501759926,965000
2024-08-19,49.66832733154297,49.92516646286197,49.12501900215474,49.460882949678606,940300
2024-08-20,48.93733215332031,49.89552925401293,48.77927875137068,49.64857057794848,894700
2024-08-21,49.67821502685547,49.81651130158145,48.71013733548274,49.23368859502849,820400
2024-08-22,49.273197174072266,50.023949907572245,49.17441144052594,49.73747693272352,634200
2024-08-23,49.60905838012695,50.12273286120713,49.37197640105525,49.50039596339785,609600
2024-08-26,50.24127197265625,50.280786263888,49.49644303292762,49.60905838610909,692100
2024-08-27,51.318016052246094,51.318016052246094,50.11285645054564,50.16224743442226,1060400
2024-08-28,49.96468734741211,51.39704483161333,49.8757820622701,51.09081844701704,953100
2024-08-29,50.77471160888672,51.238991415082005,50.16225130305248,50.55738674112032,779400
2024-08-30,50.84385681152344,51.347650886113854,50.69568008872536,50.97227261843848,1352200
2024-09-03,48.09767532348633,50.83891841608085,48.05816479516706,50.53762849893837,1096300
2024-09-04,47.90010833740234,48.34957118587451,47.337039067167545,47.909985026782735,1157200
2024-09-05,48.048282623291016,48.22609318340392,47.09996214821594,47.5346080905527,1125000
2024-09-06,47.70254135131836,48.537259159095214,47.33703977781858,48.51256555112828,1038700
2024-09-09,45.77626037597656,47.56424254843707,45.61820697392356,47.534604944852525,3069100
2024-09-10,47.3271598815918,47.40618846562862,45.667597299721486,46.13188081021208,1327300
2024-09-11,48.31499481201172,48.35450910422617,46.51713596744769,47.39630824362248,1192300
2024-09-12,48.275482177734375,48.40390174769653,47.53460613057575,48.40390174769653,789100
2024-09-13,48.96697235107422,48.9768528096432,48.12237402138654,48.4039067979491,944700
2024-09-16,48.759521484375,49.08550497646204,48.394023699825794,49.02623730605913,1176100
2024-09-17,49.58042907714844,49.80296090740852,48.8534862314126,48.957334670392434,840700
2024-09-18,49.42218399047852,50.28264519185456,49.12546984880392,49.6793319706692,956100
2024-09-19,50.233192443847656,50.69803728965241,49.96615198883119,50.49034041559857,798600
2024-09-20,49.54086685180664,50.38154684985803,49.16008924096329,50.05516657954616,7890900
2024-09-23,49.649662017822266,49.85735889849277,49.36284036001422,49.62988082353788,714700
2024-09-24,49.88702392578125,50.0848320764074,49.30349195651627,49.83757283134388,609700
2024-09-25,49.46173858642578,49.98593076067303,49.40239878121507,49.79801131650116,836700
2024-09-26,50.1046142578125,50.39143589323839,49.619984467855765,49.99581958417669,762400
2024-09-27,50.28264236450195,50.50023171672791,50.0156019157365,50.25297246115362,487400
2024-09-30,50.252967834472656,50.252967834472656,49.74855688673011,50.02548979303294,747600
2024-10-01,49.2342643737793,50.44089081229605,48.98107036953179,50.44089081229605,864100
2024-10-02,49.34305953979492,49.91670285975975,48.980082356322654,49.17492504641857,497800
2024-10-03,48.78919982910156,49.54086633229886,48.61117285702487,49.17492367764208,477800
2024-10-04,48.34413528442383,49.49141818801981,48.23534059800812,49.49141818801981,521500
2024-10-07,47.22651290893555,48.39852301684832,47.18695052666285,48.1858799282281,989200
2024-10-08,47.91884231567383,48.0770880811628,47.31849463677302,47.47377492121213,666600
2024-10-09,48.44302749633789,48.705121674354,47.82982566731185,47.908946658375015,728000
2024-10-10,49.61009216308594,49.73866802014566,47.938621112815454,47.938621112815454,900800
2024-10-11,50.0947265625,50.52990149298051,49.53591823166649,49.57053437644475,748000
2024-10-14,50.41121673583984,50.68814588653353,49.887024564042456,50.26285967775296,542300
2024-10-15,49.44196701049805,50.81672799589752,49.41229333150862,50.40133044594015,562700
2024-10-16,49.1551399230957,49.6397659429321,48.86831828603847,49.4518502701412,408300
2024-10-17,49.50130462646485,49.807907476571145,49.02656728534596,49.50130462646485,469000
2024-10-18,49.39250564575195,49.78812194868706,49.135357689857805,49.47163041548965,602300
2024-10-21,48.987003326416016,49.56064661992402,48.67545801741715,49.13536039139274,500000
2024-10-22,49.11557388305664,49.42217669015507,48.43313975833929,48.79908236670571,717600
2024-10-23,48.65073013305664,49.22437342126765,48.21555519822118,49.0166765505196,456600
2024-10-24,48.19577407836914,49.16502991621477,48.07709069102884,49.10569010898305,573000
2024-10-25,48.61116027832031,49.10567867882051,48.40345968272448,48.40345968272448,545600
2024-10-28,48.32434844970703,49.07601491004642,48.19577258323224,49.07601491004642,757500
2024-10-29,48.957332611083984,49.10568967360164,48.15621126466695,48.25511723063767,779800
2024-10-30,49.06612396240234,49.67437957717918,48.95831778730631,48.977110485498834,614400
2024-10-31,47.73092269897461,48.719959672846144,47.68147160485636,48.561713907941765,848900
2024-11-01,47.87928009033203,48.65072772804709,47.68147193959373,47.74081551667822,688600
2024-11-04,48.51226425170898,48.71996111688768,47.72103540373536,47.879281173330085,1158100
2024-11-05,49.01667785644531,49.10569134240557,48.314458679258,48.44303455295103,942300
2024-11-06,49.39250564575195,50.25297053870432,49.02656301790681,49.6991084691705,1532700
2024-11-07,50.5299072265625,51.39036847502697,48.16610908466018,48.41336836766883,1377400
2024-11-08,48.04742050170898,50.22329893914242,47.94851453544948,50.05516445581652,1122700
2024-11-11,48.16609954833984,48.5419346405077,47.35508956247208,48.20566193127888,1962100
2024-11-12,48.85842514038086,49.08590317822644,48.18587973593462,48.25511201819735,1159600
2024-11-13,47.89906311035156,49.06612709407424,47.829830820883,48.63094839126976,843600
2024-11-14,47.56278991699219,48.34413005964628,47.063325171007385,47.61224101287023,1042600
2024-11-15,46.0792350769043,47.63202290200704,45.99022159387205,47.3452012596946,1271400
2024-11-18,46.46495819091797,46.647931395664415,46.01989078266768,46.14846665013482,1174400
2024-11-19,46.247371673583984,46.71716654495526,45.891321498059135,45.9803349851596,726200
2024-11-20,46.17813491821289,46.484737738125474,45.94076815746742,46.415505451835,866600
2024-11-21,47.25619125366211,47.37487842168905,46.22759554090175,46.22759554090175,1654200
2024-11-22,47.97818374633789,48.04741980815856,47.16717369910081,47.16717369910081,883200
2024-11-25,49.07601547241211,49.67932865331098,48.299621569011954,48.4825947744429,1650600
2024-11-26,48.68040466308594,49.60020941867192,48.57160998425021,49.04634731408864,614300
2024-11-27,48.64084243774414,49.09579857541188,48.096872814630366,48.66062363149625,749000
2024-11-29,48.957332611083984,49.09579719056615,48.66259924638187,48.69029216227831,330400
2024-12-02,49.42218399047852,49.60021096633246,48.66062498774265,49.02656765016374,793600
2024-12-03,48.98647689819336,49.29344451225911,48.71911544963114,49.23403337529777,715400
2024-12-04,50.08563995361328,50.402512016089,49.18453054027008,49.41228587649914,876900
2024-12-05,49.07560348510742,50.016315193180965,49.016188563343945,49.87768415314539,1010600
2024-12-06,49.25384521484375,49.59052222174938,49.13501536952699,49.22413586480827,715400
2024-12-09,48.14479064941406,49.01619065201432,47.81306582127746,49.01619065201432,1146500
2024-12-10,46.936710357666016,48.18934554845048,46.59012901745618,48.12497844577938,931100
2024-12-11,46.87729644775391,47.421919962722704,46.53071887752255,47.05553742027638,1162800
2024-12-12,47.77840042114258,47.86752090463083,46.6792490505915,46.807979477277215,1105600
2024-12-13,46.66935348510742,47.679384481065725,46.62974353763945,47.51104409303309,754400
2024-12-16,47.56055450439453,48.21410352612106,46.74856947065589,46.74856947065589,1638000
2024-12-17,48.06557083129883,48.293322357463104,47.28329138659606,47.31299695775285,893200
2024-12-18,46.7188606262207,48.37748833709575,46.521804362728126,48.09527409242395,1190500
2024-12-19,47.27338790893555,48.303220012898045,46.52081408123399,47.04563261923301,1264200
2024-12-20,47.66947555541992,47.92693641197449,46.817880653206124,47.0357315660735,2583400
2024-12-23,47.44172668457031,47.49123722822755,46.71390998283065,47.33280122207698,683100
2024-12-24,47.540748596191406,47.77345231056884,47.32290144483986,47.58035854276893,299900
2024-12-26,47.0654411315918,47.65165777118546,46.99612561295952,47.352607581589794,400500
2024-12-27,47.11495590209961,47.144661473963765,46.57032856850677,46.89710496866248,652500
2024-12-30,47.11495590209961,47.28329251254649,46.22375097204997,46.6891584107884,561000
2024-12-31,46.24355316162109,47.10009650304345,46.09501775641805,47.00602760533298,554900
2025-01-02,46.04551315307617,46.88225540731813,45.817761605823605,46.55052679656443,904400
2025-01-03,46.60993957519531,46.99612712785586,46.010853272040805,46.04551103247412,688000
2025-01-06,46.41189193725586,47.33775461460377,46.32277144543942,46.72876395762267,635600
2025-01-07,45.96628952026367,47.055540396507865,45.60981133008393,46.45150192668914,1404600
2025-01-08,46.283164978027344,46.49111153178968,45.639516566005945,45.72863705724871,772800
2025-01-10,45.41176986694336,46.05541456998241,45.11470279035512,45.55040091752368,935800
2025-01-13,44.91665267944336,45.12955142392913,44.41163529605271,45.05528371726433,931400
2025-01-14,46.04551315307617,46.07521872698349,45.00577651477958,45.23352806203215,701400
2025-01-15,45.92667770385742,46.74856322594064,45.67912123206903,46.61983658034731,914200
2025-01-16,45.53059005737305,46.61984090063056,45.41176399757831,45.720714774974496,2137700
2025-01-17,44.99586868286133,46.471307104686616,44.62948611562903,46.471307104686616,3051600
2025-01-21,45.7286376953125,45.8177581877988,44.807727198758286,45.02557813092756,1485300
2025-01-22,46.10492706298828,46.23365373202705,45.372158110971625,45.97619661653684,1632300
2025-01-23,45.89697265625,46.07521363482052,45.411764041462064,45.8177565421144,883000
2025-01-24,45.64941787719727,46.01580422326006,45.30284028217838,45.99599924962863,1071900
2025-01-27,46.77827835083008,46.94661495928706,45.21371944266249,45.25332938962146,1356300
2025-01-28,46.12472534179688,47.24367791590648,46.06531042650304,46.6990544133221,1393200
2025-01-29,45.134498596191406,46.16433066731425,44.87703774535165,46.14452569591027,803300
2025-01-30,45.4711799621582,45.70883588436954,44.97606692017958,45.02558124630764,1269800
2025-01-31,46.09501647949219,46.124725826157146,45.3028364876496,45.520687401935874,1825800
2025-02-03,45.41176986694336,45.82766301868433,44.88695123905703,45.322649366225605,1025100
2025-02-04,46.24355316162109,46.28316310666354,45.54544204554398,45.75834077838179,954600
2025-02-05,46.53071594238281,46.74856306818129,45.91083130565191,46.28315947142984,660900
2025-02-06,46.283164978027344,46.67925311223001,46.00589912893182,46.55052267434324,750900
2025-02-07,45.32263946533203,46.60003177076464,45.05527802158483,46.28315978797063,957500
2025-02-10,45.857364654541016,45.896970821319215,45.33749452492568,45.55039325318378,561700
2025-02-11,46.17423629760742,46.293062351851205,45.48602957660175,45.53058793041361,1153100
2025-02-12,45.629615783691406,45.98609396980978,45.26322944483344,45.70883189924691,690200
2025-02-13,46.253456115722656,46.27326108925291,45.26323010368451,45.70883256458417,772000
2025-02-14,46.78818130493164,46.8178868779405,46.0851217093625,46.40199374616585,895700
2025-02-18,47.23378372192383,47.32290421824003,46.535672537878106,46.73867069292549,1710800
2025-02-19,46.976322174072266,47.24368365927923,46.43665079317471,47.18427251417496,757100
2025-02-20,46.07521438598633,46.99612486447688,45.83756226229274,46.98622426657814,1068800
2025-02-21,45.14440536499024,46.17424135431655,45.03547989608287,46.17424135431655,946700
2025-02-24,46.17423629760742,46.2633567826433,44.768113508976015,45.38205630696192,1296800
2025-02-25,45.233524322509766,46.372285742042266,45.13450323272974,46.0950198913158,1948200
2025-02-26,44.18387985229492,47.78830162604193,44.03534822953343,45.25332566775593,3064300
2025-02-27,43.60955429077149,44.75821630874091,43.322387841926016,43.99574182943352,2413000
2025-02-28,43.47092819213867,43.64916919598572,42.04500016136232,42.27275171574179,2708600
2025-03-03,42.41138458251953,44.06506031371898,42.104413139566624,44.06506031371898,1824800
2025-03-04,41.80734252929688,42.62922813718919,41.55285447994785,42.25294120310919,1703800
2025-03-05,42.965911865234375,43.23822556631585,41.43106209460699,41.72812918288762,1553400
2025-03-06,42.58961868286133,42.84707955872565,42.144020003902746,42.54010813824509,1120300
2025-03-07,42.59952163696289,43.0055141331306,41.817242214923645,42.49059617599384,1222700
2025-03-10,40.73789596557617,42.27274546977872,40.57945996083421,42.04499394905042,2350000
2025-03-11,41.11418533325195,41.85685485781775,40.38141640695218,40.896334397273975,1848400
2025-03-12,40.39131927490234,41.55978625212896,40.29229440887578,41.41125084179532,964800
2025-03-13,39.71796798706055,40.36656484948401,39.5892375412088,40.24278659162226,1387100
2025-03-14,41.03496551513672,41.17360033301125,39.85560821171009,40.005133309956605,1601200
2025-03-17,42.01528930664063,42.23314023450235,40.84682232932983,41.322130354054366,1017400
2025-03-18,41.53007888793945,42.03509628527386,41.21320685633898,41.945975790297936,1032900
2025-03-19,41.66893768310547,42.15496125417008,41.43088825608693,41.63918245066001,1293900
2025-03-20,41.31186676025391,42.1847197722761,41.23251442258222,41.55983713988633,1118300
2025-03-21,41.59950637817383,41.74332964152836,40.61754586799794,40.736570581774046,1666700
2025-03-24,42.313663482666016,42.512040533992,42.050815497743294,42.06569311444042,1251100
2025-03-25,41.53999710083008,42.64098613998816,41.31186481635019,42.323580587964464,944900
2025-03-26,41.83755874633789,42.04585293718036,41.37137326649557,41.60942647297794,1158700
2025-03-27,40.03233337402344,41.4209650452162,39.92322581608623,41.17299469853243,1970500
2025-03-28,39.3776969909668,40.28030902030135,39.25867226834238,40.032338640992656,1317200
2025-03-31,39.0206184387207,39.23883357994624,38.34613871468511,38.90159371792844,2659200
2025-04-01,40.16128540039063,40.20095778653624,39.00078202582341,39.04045819569685,1664300
2025-04-02,40.796085357666016,40.95478623932726,38.777606745414765,38.777606745414765,1701800
2025-04-03,39.89347457885742,40.02241644775725,39.07021112926456,39.39753383584319,1449000
2025-04-04,38.34613800048828,39.44712705256187,37.96922197731724,38.89167205966388,1804400
2025-04-07,38.80240249633789,39.21899468610088,36.21359122425973,36.56075201301682,2502100
2025-04-08,38.30646133422852,39.96290535762993,37.75101013229119,39.67525882306808,2224900
2025-04-09,41.80780792236328,42.06569545482572,37.31458202719375,37.86011611089612,2168100
2025-04-10,41.26226806640625,41.6689393219744,39.8736362642424,41.6689393219744,1404600
2025-04-11,41.55983352661133,41.98634284519596,40.42908551546512,40.77624628700446,1544900
2025-04-14,42.65090560913086,42.79968935149102,41.45072987101509,42.15496484623399,1718200
2025-04-15,42.27398681640625,43.25099066107323,41.55983473728529,42.17480018377841,1311100
2025-04-16,43.00798416137695,43.14684697152104,41.97146598498242,42.46245007135616,1955900
2025-04-17,42.83935928344727,43.14684390097543,42.29382523224941,42.343418548953295,1926500
2025-04-21,42.065696716308594,42.65090698677862,41.53007976698459,42.65090698677862,1557300
2025-04-22,42.9484748840332,43.01790629715145,42.04586272976781,42.16488746886648,1765000
2025-04-23,43.0674934387207,44.53548140629298,42.96830680100287,43.64278653192169,1461200
2025-04-24,43.543601989746094,43.98002851392644,43.04766120983431,43.39481824228141,998200
2025-04-25,43.08733367919922,43.91059719162049,42.650907154182185,43.48408781738044,826400
2025-04-28,42.76993179321289,43.35018538124877,42.33350526910333,43.21627925180669,1188500
2025-04-29,42.77985382080078,43.21628035606184,42.09545310555997,42.82944714330554,998500
2025-04-30,42.64098739624024,42.75505164997687,41.68877827957108,42.3533408528326,1238600
2025-05-01,42.49220275878906,43.117089150695136,42.47236467513978,42.99806064879941,809500
2025-05-02,43.305545806884766,43.434491460340645,42.30572983767101,43.077413517679815,833900
2025-05-05,43.49400329589844,43.999864991816494,42.98814538370812,42.98814538370812,1089100
2025-05-06,43.41465377807617,43.732055555882624,42.76992928856001,43.30554620750627,1484100
2025-05-07,45.86460494995117,45.93403635637833,42.37318140845594,42.92863265987317,2525700
2025-05-08,46.67794418334961,47.29290964641223,45.96378830125908,46.12248918797613,1757100
2025-05-09,46.211761474609375,46.89615838061609,45.83484542690976,46.89615838061609,1039800
2025-05-12,47.342506408691406,47.57063871346304,46.35062484860888,47.4813692217065,1536000
2025-05-13,47.74917602539063,47.90787691809897,47.29787189889066,47.46152947494183,1315300
2025-05-14,47.56071853637695,47.89795839669529,47.1094106390671,47.75909559251615,1026800
2025-05-15,47.83844757080078,48.07154034467826,47.41193819386069,47.65990858586177,1089400
2025-05-16,47.580562591552734,47.94755773204385,47.27307792676239,47.94755773204385,1010700
2025-05-19,47.70949935913086,48.00210637360115,47.074695794912365,47.074695794912365,1592900
2025-05-20,47.66982650756836,47.72933697630154,47.20364098927758,47.61031225510752,1410300
2025-05-21,46.92591857910156,47.709502146110445,46.89615955897764,47.60039835141579,1032100
2025-05-22,47.26315689086914,47.45161302131269,46.76721612090715,46.86640276140842,1381300
2025-05-23,47.0350227355957,47.26910684915563,46.81681136079995,46.93583609102745,858400
2025-05-27,47.94755172729492,47.99714504541074,47.15404728625897,47.61031186688869,1415800
2025-05-28,47.5408821105957,47.99714670702082,47.32266696285858,47.94755338718813,1261200
2025-05-29,47.59047317504883,47.907874947409205,47.281005879438325,47.907874947409205,1642600
2025-05-30,47.342506408691406,47.73926054621556,47.10445695315921,47.471452070945936,6092600
2025-06-02,47.253231048583984,47.30282436368357,46.73745224734799,47.19372058395544,1247300
2025-06-03,47.332706451416016,47.46183807027192,46.885702184195615,46.99497031499346,1866100
2025-06-04,48.19691467285156,48.22671369577861,47.07940584153658,47.292974347537495,2762100
2025-06-05,48.822715759277344,49.657122420810296,48.32604521763381,48.40551053386311,2648400
2025-06-06,49.41871643066406,49.433615939883545,48.74324422454855,48.90217863838188,1876000
2025-06-09,47.471771240234375,49.52798697778467,47.38733815765613,49.43858612879137,1774000
2025-06-10,47.6406364440918,47.88897170969607,47.292968587964,47.52143657760447,1632400
2025-06-11,47.94857406616211,48.17704205832116,47.59097067346255,47.73003781744672,1156400
2025-06-12,48.85251235961914,48.88231137806729,47.8442718163065,47.92870489477315,1290000
2025-06-13,49.011451721191406,49.02138346524496,48.23167908228591,48.246578593014085,1252400
2025-06-16,49.68692398071289,49.81605938914432,48.98165268495678,49.01145170640414,2316300
2025-06-17,50.06439208984375,50.20345923515126,49.438586146664434,49.55778601560009,2269100
2025-06-18,50.38226318359375,50.65046574265023,49.16541802920999,49.73658993520272,2420500
2025-06-20,50.392189025878906,50.87892778848699,49.89551852045219,50.38225728306028,2809700
2025-06-23,51.48487091064453,51.51466993099979,49.99485926415265,50.4319279829772,1862000
2025-06-24,52.20006942749024,52.324237054001536,51.16699386548539,51.65373262869958,1932000
2025-06-25,52.07093811035156,52.54774516805301,51.76300479765148,52.20007351303302,1739200
2025-06-26,52.279544830322266,52.61728096672344,51.95174043794949,52.50801283593252,1229700
2025-06-27,52.28947448730469,52.93514771295518,51.99147291750275,52.39874261373436,2746000
2025-06-30,53.61062240600586,53.67022044910944,52.58251448021617,53.17354988033576,2189900
2025-07-01,53.33248519897461,53.66525736545974,52.19510912282545,53.66525736545974,2203700
2025-07-02,53.71989440917969,54.00696768441496,52.61728506074639,53.33248815460627,2150700
2025-07-03,54.97646331787109,55.1304299727881,53.928488174704185,53.93841991822007,1818000
2025-07-07,55.14036178588867,55.726433175748646,54.60396048155732,54.88209477189917,1556700
2025-07-08,55.52777099609375,55.607236316508455,54.882097742231565,55.15030030356067,1846000
2025-07-09,55.646968841552734,55.71650241536515,55.07579695155454,55.627101564849816,1178000
2025-07-10,56.30257415771485,56.42177402936113,54.82249424336566,55.71650275395182,1638500
2025-07-11,55.97476959228516,56.56084099414486,55.43836827697106,55.6271017222394,1677400
2025-07-14,56.6005744934082,57.037643206081306,55.92510225336172,55.97476854968664,2320500
2025-07-15,57.04758071899414,57.14691331509175,56.33237390134532,56.600576457963626,1465700
2025-07-16,57.12704086303711,57.31081031739574,56.26283522952781,57.246244514710696,1328800
2025-07-17,57.19658660888672,57.58398906039913,56.95321529300155,57.12704924056534,1425000
2025-07-18,57.425048828125,57.60385052451404,56.948245567519415,57.60385052451404,1437300
2025-07-21,57.51444625854492,58.11044935156078,57.42007764958757,57.58397982642026,1201900
2025-07-22,57.79258346557617,57.86211703698342,57.00784311478533,57.61378177073027,1152100
2025-07-23,58.12038803100586,58.254491205981374,57.63365299778731,57.94159011319802,819200
2025-07-24,57.9614486694336,58.24951848295521,57.56411452357533,58.11045134244005,995700
2025-07-25,58.199851989746094,58.46209396504975,57.11711009890802,58.030982041628775,913700
2025-07-28,58.32898712158203,58.64685595145752,58.06078458588171,58.23958627634859,908000
2025-07-29,58.31905746459961,58.855462590041085,58.06079043529208,58.56739274978965,1281300
2025-07-30,57.69325637817383,58.580307790583326,57.15188347566657,58.477993014525545,2435900
2025-07-31,57.59391784667969,58.25250501186079,57.2214149256203,57.70318597647775,1428100
2025-08-01,56.73964309692383,57.29591548222639,56.21317352161851,57.24624918462515,1519800
2025-08-04,57.51444625854492,57.663445137151264,56.86877308336504,56.98797294410916,1225000
2025-08-05,56.670108795166016,57.79755306165328,56.32244092712335,57.69325270124048,2322000
2025-08-06,54.852294921875,56.79924250339355,53.67021662722089,56.4764058988209,3170900
2025-08-07,53.16361618041992,54.93176212763147,51.474935550854944,54.752960426307205,3582000
2025-08-08,53.13381576538086,53.531149921776205,52.870577197515786,53.39208277757306,1589100
2025-08-11,52.55767822265625,53.536119826838366,52.30934294400274,53.09408333397877,1190400
2025-08-12,52.021270751953125,52.81097887268847,51.832537312882735,52.63714494337423,1879400
2025-08-13,51.743141174316406,52.19014545416127,51.25640233864183,52.061010042362575,2126300
2025-08-14,51.3755989074707,51.69346773159635,51.07759356921953,51.67360045642659,1633900
2025-08-15,52.7861442565918,52.80601153285896,51.355734469015445,51.51466888985726,1782900
2025-08-18,53.282814025878906,53.54108482432662,52.706678179633634,52.766276218278925,1538400
2025-08-19,53.06427764892578,53.6106182638006,52.94507778263283,53.42188103710005,1286200
2025-08-20,53.25301361083984,53.31261164792312,52.78614211077905,52.9947428191612,1150600
2025-08-21,53.05434799194336,53.4119513941802,52.8358117373996,53.09408254536869,896500
2025-08-22,54.286094665527344,54.36555998607224,53.20633106080698,53.29275352829387,1495200
2025-08-25,53.59075164794922,54.81256071306344,53.56094883903733,54.39535549195624,1170700
2025-08-26,53.43181991577149,53.95828949838855,53.34241906312938,53.56095153346902,3165800
2025-08-27,54.40529251098633,54.43509153141682,53.476517218181655,53.48645275118887,1547500
2025-08-28,54.62382888793945,55.15029845963372,53.91855382537502,54.61389335490998,1473000
2025-08-29,55.27943420410156,55.458235906776366,54.60396194717353,54.64369271164913,2244900
2025-09-02,53.938419342041016,55.16022840340064,53.76458541265365,54.68342514452582,1909000
2025-09-03,53.05434799194336,54.11722266564976,53.00468169480948,53.958288241244006,1854800
2025-09-04,53.38215637207031,53.38215637207031,52.508015077717886,52.92521655204545,1834400
2025-09-05,53.44174957275391,54.047688240410594,53.08911394257406,53.38215153285031,1499400
2025-09-08,53.91855239868164,54.007953247103366,52.71164283963605,53.441749136864246,1302100
2025-09-09,53.1536750793457,53.95828265101906,52.90533983010894,53.95828265101906,1362200
2025-09-10,52.299407958984375,53.38711383535708,52.09577122424662,53.19341263315528,1261200
2025-09-11,53.10401153564453,53.27288148429854,51.96266439900297,52.17027231433687,1271500
2025-09-12,52.58747482299805,53.21328075740277,52.140474373433,53.17354620521617,862500
2025-09-15,52.30934143066406,52.915280099335774,52.23980785779638,52.36894325996302,957500
2025-09-16,51.87227249145508,52.21000861075611,51.5891704347833,52.17027405806293,1100300
2025-09-17,52.38881301879883,53.14375061254676,51.971607772528245,52.070940370104445,1221100
2025-09-18,52.597415924072266,53.372220827260506,52.43450651643764,52.64708222491585,949400
2025-09-19,52.46827697753906,52.93018074394461,52.19014268010625,52.86561493612503,2880100
2025-09-22,53.23315048217773,53.60068563357138,51.93684002450077,52.12060949484541,1473900
2025-09-23,52.22856140136719,53.50170358783184,51.85060081258628,53.08395268147965,1955000
2025-09-24,51.99979782104492,52.646315585357854,51.83071077778729,52.41754875340533,795500
2025-09-25,51.83070755004883,51.88043880707161,51.27370760633925,51.820759022093256,877500
2025-09-26,52.06941986083984,52.1887794325373,51.65067864869429,51.87049482984759,726900
2025-09-29,51.7014045715332,52.427491566580734,51.63178005106644,52.07936896424692,938600
2025-09-30,51.204078674316406,51.70139879018302,50.72665181839462,51.59198775761215,1418300
2025-10-01,52.05947494506836,52.08434247098137,50.89574378772121,51.09467261227006,1815900
2025-10-02,55.65012741088867,56.09771631975542,53.74041599780781,54.90414716086135,6387100
2025-10-03,54.695274353027344,56.16734161133167,54.506290258769184,55.84905700382002,22864700
2025-10-06,56.485626220703125,56.83374882447677,54.66543256432489,54.69527435482821,3150300
2025-10-07,52.268348693847656,56.9431590136434,52.19872417413967,56.684554196764005,3868200
2025-10-08,50.63713836669922,53.044169905899366,49.78174708733681,52.18877862653696,3521000
2025-10-09,50.45313262939453,51.46269581970671,49.73201985913784,50.22934005772921,2399400
2025-10-10,49.08550262451172,51.00515891578178,48.90149657732524,50.617249763683525,1777700
2025-10-13,50.57745742797852,50.85595929036637,49.12528350948009,49.662390178815656,1763700
2025-10-14,50.06024932861328,50.617245481737214,48.92635617207159,49.93094502410163,1317700
2025-10-15,50.43820571899414,51.60690724351591,50.15970766562764,50.27906343217737,2131800
2025-10-16,50.02046203613281,50.895742775944925,49.44854309976866,50.43820914455428,1712200
2025-10-17,51.025047302246094,51.27370738051655,50.1597112922554,50.31885359057842,1180300
2025-10-20,51.373172760009766,51.64172230074741,51.04493964138347,51.35327949879742,1210400
2025-10-21,51.96995544433594,52.56673810398652,51.06483292712331,51.06483292712331,921500
2025-10-22,51.731239318847656,52.23850798667876,51.51739150677211,51.790919101607656,949700
2025-10-23,51.03499984741211,51.72130035153055,50.8360710102866,51.55221330623765,1099100
2025-10-24,51.45274353027344,52.10920599266314,51.17424545357833,51.522368049447216,906400
2025-10-27,51.920223236083984,51.9749287548779,51.19413628893477,51.65166990589156,1317300
2025-10-28,51.33338928222656,51.96498423760981,51.186183693626205,51.90033398052392,923900
2025-10-29,50.21939086914063,51.1245133985292,49.90110247956012,51.1245133985292,1211900
2025-10-30,50.06024932861328,50.95044907965981,49.791695985820645,49.90110323429019,1311500
2025-10-31,50.55757141113281,50.59735414197307,49.94089165496037,50.16965848286232,1646800
2025-11-03,50.02046203613281,50.52772692410911,49.69222891301452,50.26912211331273,1948800
2025-11-04,48.68764877319336,49.72207570904197,48.6180242481124,49.52314686841693,1760500
2025-11-05,48.22016525268555,50.24923254210782,46.121473440079846,50.24923254210782,3465000
2025-11-06,46.181148529052734,48.12069783495774,46.10157548536871,47.50401812916128,2589500
2025-11-07,46.45964813232422,46.56905917388798,45.40533182834983,45.75345442036936,3004500
2025-11-10,46.071739196777344,46.60884587877451,45.4749565240594,46.57900788341412,1889400
2025-11-11,44.72897720336914,46.101578137621,44.50518085082137,45.93249110144212,1984100
2025-11-12,44.14213943481445,44.94779568341227,43.923317345441326,44.758815384386615,4168600
2025-11-13,43.0579833984375,44.11229978363174,42.993329344759154,43.89348147789911,3814800
2025-11-14,42.938621520996094,43.51551473761562,42.38162536067575,42.68996143678115,1703900
2025-11-17,41.615753173828125,43.12263272517081,41.30741329363267,42.7894291123116,1756100
2025-11-18,41.317359924316406,41.85446660930841,40.94934027297834,41.52623348150717,1701300
2025-11-19,40.302825927734375,41.34719749726621,40.23320140938237,41.2576797173491,1303700
2025-11-20,39.86518859863281,41.37703865045045,39.62149897155031,41.37703865045045,2309400
2025-11-21,40.939395904541016,41.48644732817296,39.74582674754748,39.88507578691724,2332800
2025-11-24,40.869773864746094,41.79478973297517,40.37245366867678,41.79478973297517,2683200
2025-11-25,41.01897048950195,41.51629067403192,40.730523871854125,41.05875322063291,1703300
2025-11-26,40.89960861206055,41.38698403494766,40.5813240154104,41.09853743352981,1302700
2025-11-28,41.735107421875,42.09317854849051,41.03885843059504,41.03885843059504,1050800
2025-12-01,41.62569427490234,42.09317642150068,40.97420610449522,41.32730294921787,1738000
2025-12-02,42.18269729614258,42.69991073595916,41.55110234030274,41.89425068262436,2173000
2025-12-03,42.39157104492188,42.55071335061708,41.95393065282304,42.123017692639,1138100
2025-12-04,42.31187057495117,42.73030494404339,42.07276250654575,42.73030494404339,1293800
2025-12-05,43.0291862487793,43.17862926336307,42.16242664547711,42.361682731424224,1849700
2025-12-08,41.92332077026367,43.208514684178816,41.88147353537502,43.00925860589556,2098800
2025-12-09,41.12629699707031,42.232164635592206,41.0465968450068,41.90339533252803,1861500
2025-12-10,40.75767517089844,41.17611331522222,40.35916301444661,40.96689234281353,2297600
2025-12-11,40.95693206787109,41.40525730271822,40.30935075081484,40.66801093869254,1547900
2025-12-12,40.42890548706055,41.21596109778921,40.41894059297272,40.95693085890893,1819200
2025-12-15,40.10013198852539,40.73774838597826,39.75342816742273,40.54845720563866,3231200
2025-12-16,40.18979644775391,40.49864354849669,39.85106226646919,39.98057928297337,2527500
2025-12-17,39.93077087402344,40.61820041014585,39.79128894740272,40.0901749896675,3202900
2025-12-18,39.7713623046875,40.339243495367455,39.58207110812341,40.32927860052555,2458600
2025-12-19,39.601993560791016,40.09017075111602,39.44258946200003,39.77135875304054,5032100
2025-12-22,39.83113861083984,40.279463847679565,39.63188252774511,39.79128663412216,1636500
2025-12-23,39.01419448852539,39.82615861146209,38.87471636193444,39.71158892197406,1569300
2025-12-24,38.7651252746582,39.06898996459175,38.47620412677157,39.01419444342381,771500
2025-12-26,38.85478973388672,38.934493690911225,38.49612952826413,38.77508577686221,1148400
2025-12-29,38.93449020385742,39.130755289686896,38.466238999510615,38.76512121059631,2132000
2025-12-30,38.535980224609375,38.9643794781278,38.43635408213734,38.85478844111233,1360500
2025-12-31,38.02289962768555,38.58579457221038,37.95813921249219,38.43635535355909,1213100
2026-01-02,38.007957458496094,38.36661387650808,37.55963218536363,38.11754470260048,2125300
2026-01-05,37.92824935913086,38.85478688898459,37.71404974092825,37.90832337133369,2585500
2026-01-06,39.27322006225586,39.487419674082695,37.78877012024112,37.84854808185331,2952700
2026-01-07,39.54221725463867,39.631882301494734,39.11780472644992,39.392778043541,2025800
2026-01-08,39.75143814086914,39.79128631677534,39.03411776764642,39.40273904811092,3129600
2026-01-09,39.98058319091797,40.478721517939896,39.42266689647563,39.761401110870295,1574700
2026-01-12,39.99054336547852,40.50860766972536,39.35790937692822,39.88593477526912,2194200
2026-01-13,39.31307220458984,40.00050546433924,39.14868565982425,39.621919306831856,1754600
2026-01-14,39.18355941772461,39.90087596553525,39.04407750517051,39.28318555476974,2302700
2026-01-15,38.92453002929688,39.437611917293296,38.58579580219817,39.437611917293296,2297500
2026-01-16,38.994266510009766,39.53225679984333,38.80497531936183,38.91456635623464,2036100
2026-01-20,37.96810150146485,38.87969549459743,37.88839754992614,38.4961268786812,2099100
2026-01-21,37.95813751220703,38.2570235371091,37.41516858125605,38.0378414656459,2571000
2026-01-22,39.054046630859375,39.4824459074608,38.45129969529084,38.87471652435208,1956400
2026-01-23,38.69538116455078,39.58704912849401,38.40646005434704,39.23337141103497,1902500
2026-01-26,38.43635559082031,38.92951147625328,38.38653871713519,38.74519892490239,1422500
2026-01-27,37.02163696289063,38.3267606297909,36.96185900087835,38.2470566804412,1719100
2026-01-28,37.21092987060547,37.70906817570323,37.04554758846562,37.25078184713177,1747000
2026-01-29,34.93941879272461,36.61316372415399,34.361580361906135,36.61316372415399,3453900
2026-01-30,34.98923110961914,35.37777835312804,34.60068386611023,34.730200880777666,2303800
2026-02-02,34.11251449584961,35.188491311927,34.032810538847066,34.93942214703483,2612500
2026-02-03,31.671634674072266,33.6542230203566,31.591930720204704,33.59444885544963,2557500
2026-02-04,32.628055572509766,33.295559007313656,30.84970216126446,31.0937888411039,3252200
2026-02-05,31.89081382751465,33.41013723578125,31.591931593239163,32.757577247555496,4069500
2026-02-06,33.04649353027344,33.126197483794726,31.82107564883313,32.43876798689521,3930600
2026-02-09,34.311763763427734,34.371541725911335,32.78347510708806,33.04649206122627,2273900
2026-02-10,34.65049743652344,34.949383444020114,34.14239806466731,34.34165413616728,2448000
2026-02-11,33.793701171875,34.41637406021727,33.5047838400594,34.032809233215666,6121500
2026-02-12,33.97303009033203,34.80990257527977,33.28560061360457,33.70403875632523,7329000
2026-02-13,33.97303009033203,34.90953251425782,33.893329939643166,34.19221215559016,3774300
2026-02-17,33.15608215332031,34.0975631829394,32.73764782926445,33.85347649390682,4208900
2026-02-18,34.11251449584961,34.172288663107665,32.717725652255886,33.32545502267181,3708200
2026-02-19,34.04277038574219,34.38648703685607,33.574522957239445,34.11251324581064,2743000
2026-02-20,33.7140007019043,34.760090384399504,33.425079572307496,34.04277000760568,3182900
2026-02-23,32.080108642578125,33.494819650425605,32.04025666476709,33.156085440019424,3040300
2026-02-24,32.21958541870117,33.07638390338331,31.89081231623279,32.24947250056425,2891300
2026-02-25,32.35906219482422,32.95683041078933,31.88084990234821,32.23951007182858,4163300
2026-02-26,36.9020881652832,36.94194014354985,33.98299726589347,35.48737334076794,6894400
2026-02-27,36.413909912109375,36.95190020214832,35.03904710439665,35.96558467041026,17745000
2026-03-02,37.98802947998047,38.07271208255765,35.98551129831179,36.20469337603512,4349600
2026-03-03,38.61568069458008,38.64557157796134,37.12126574230464,37.42015177315473,3149900
2026-03-04,38.72527313232422,38.89464214262783,38.11754375501849,38.446316880640495,3027700
2026-03-05,39.362884521484375,39.44757091597084,38.43635083342445,38.72526814237099,3973600
2026-03-06,39.641849517822266,39.7912887376731,39.0141941530659,39.43263232973477,3037200
2026-03-09,40.07024765014648,40.20972577157416,38.77508497861808,39.49240537509612,2596500
2026-03-10,38.89259338378906,40.01036761226229,38.513347128601374,40.000389150837336,2189600
2026-03-11,38.58320617675781,39.52133760364166,38.084199369605166,39.28181646819548,1908600
2026-03-12,38.36364364624024,39.60118225739894,38.34368291622413,38.57322940784936,3512900
2026-03-13,38.114139556884766,38.653067836417634,37.36562932657353,38.653067836417634,1868700
2026-03-16,37.9843978881836,38.41354402834373,37.66004271613889,38.11413691130576,2674200
2026-03-17,37.80475616455078,38.872630410019646,37.724913249279965,37.87461681185288,1936700
2026-03-18,37.0462646484375,37.76483567583197,36.96642553823803,37.455450081899386,2615000
2026-03-19,37.814735412597656,37.99437816857692,36.93648236193458,37.0063468178108,2322300
2026-03-20,37.77481460571289,38.24388223298527,36.97640445821088,37.38558989675065,3889900
2026-03-23,38.15406036376953,38.513345877314265,37.66004468620544,37.91453922615293,2177500
2026-03-24,37.06622695922852,38.004362242157576,36.56722012605178,37.90455859125023,2736400
2026-03-25,35.02029800415039,37.84467456308529,34.88057670678454,37.46543212941222,2958400
2026-03-26,36.12809371948242,36.24785428760399,34.36160915943016,34.82069450982932,4245400
2026-03-27,34.69095230102539,35.73387853001097,34.396540105918,35.46940552569555,3856100
2026-03-30,34.511314392089844,35.359624485204,34.47139293174753,34.78077473160046,2417100
2026-03-31,35.050235748291016,35.51930334762608,34.22887252389858,34.59614155058722,2510800
2026-04-01,34.13206481933594,35.25982121823706,33.864595629553925,35.050235475347726,1863700
2026-04-02,34.53126907348633,35.12508838438947,33.6130983879377,34.341647859849914,2423400
2026-04-06,35.02029800415039,35.10512824796254,34.20192714204771,34.45143054652096,1632500
2026-04-07,34.28176498413086,35.06021816614381,34.23685620040379,34.81071477089651,1177900
2026-04-08,34.96041488647461,35.75882880524496,34.70093302785805,35.17000063406767,2954000
2026-04-09,33.3835563659668,34.75083396000983,32.98934052902887,34.56121274268468,3288900
2026-04-10,31.23782539367676,33.55321667632231,30.76875967982422,33.253813353192584,2723300
2026-04-13,32.75480651855469,32.93444927370813,31.227846906870194,31.31766638088701,3070500
2026-04-14,33.16399383544922,33.613100748890574,32.72486919070657,33.124072374894425,2308100
2026-04-15,33.982364654541016,34.416501970946946,33.46838822434918,33.58316147137144,1568600
2026-04-16,34.581172943115234,35.02029755884123,34.28176581585866,34.87059399521294,1603300
2026-04-17,35.01031875610352,35.49934328589116,34.59115106630866,35.10013632485984,2009300
2026-04-20,35.14005661010742,35.419502996354844,34.700932013318045,34.7707926581,1583000
2026-04-21,34.930477142333984,36.05324247905186,34.810716572410975,35.16001982098636,1822500
2026-04-22,35.15003967285156,35.40952152975152,34.641050612646694,35.32469128875728,1658900
2026-04-23,32.585147857666016,34.66101431215722,32.056198023573145,34.42149316327593,2359100
2026-04-24,33.373573303222656,33.41848589477661,32.335642056061374,32.5851454552374,1736200
2026-04-27,32.76478958129883,33.653021110476864,32.72486812204771,33.173975020823086,1114300
2026-04-28,32.25579833984375,33.52327603303489,32.205898422671744,33.10410835312681,1462300
2026-04-29,32.7747688293457,32.7747688293457,31.81168549273192,32.02625858245789,1690100
2026-04-30,32.55520248413086,32.655006128151705,31.79671382517113,32.395520460817245,1679000
2026-05-01,33.49333953857422,33.98236409616766,32.92945938852144,33.27377531681066,1655600
2026-05-04,33.53325653076172,34.32168821418333,33.43345669035487,33.50331734006364,1967400
2026-05-05,33.08415222167969,33.4683857809075,32.565184695039726,33.363594810209,1953700
2026-05-06,32.00629806518555,33.50331856891591,31.931448182135032,32.98435100410165,3217700
2026-05-07,33.55321502685547,34.5412501324438,31.95639484391633,32.101107267857635,2763700
2026-05-08,32.694923400878906,34.05721362084539,32.43544154366228,33.94244038332746,2714300
2026-05-11,32.575164794921875,32.71488609621677,31.85659565511388,32.43544349362698,3651800
2026-05-12,32.6051025390625,33.30371282165376,32.40550286442479,33.30371282165376,4799400
2026-05-13,31.18792533874512,32.34362604426337,30.459375859686407,32.0062961950642,3419600
2026-05-14,31.676952362060547,32.06617897186537,30.758779747063432,31.28772765581566,3159400
2026-05-15,32.00629806518555,32.61508701250843,31.877554591205858,32.156001638406586,2704600
2026-05-18,33.24383544921875,33.428465534563905,31.956396950356403,32.18593962883948,3353600
2026-05-19,32.944427490234375,34.137057253087924,32.85460611332422,33.75281988242571,3014800
2026-05-20,33.273773193359375,33.483355133238696,31.80669390352456,32.674966563098536,2499100
2026-05-21,33.273773193359375,33.34363383998581,32.2058989582184,32.63504510584922,2355800
2026-05-22,33.09413146972656,34.22787652521956,32.754806686818014,33.48335617218523,1898300
2026-05-26,32.67496871948242,33.04423270560885,32.41548303735686,32.595125799714566,2641600
2026-05-27,31.996318817138672,33.02926278703746,31.946415089211644,32.4354434502091,2198000
2026-05-28,32.13603973388672,32.485342982478585,31.68194360715736,31.98633616613599,2452200
2026-05-29,32.575164794921875,32.67496844378961,31.58713151385089,32.076157971943,3022200
2026-06-01,35.17000198364258,35.26980182375862,33.06419261596323,33.71589539429024,3239500
2026-06-02,34.0,34.41999816894531,33.11000061035156,34.13999938964844,2646400
2026-06-03,32.619998931884766,33.7599983215332,32.35499954223633,33.7599983215332,2183000
2026-06-04,33.060001373291016,33.95500183105469,32.959999084472656,33.36000061035156,2565200
2026-06-05,32.93000030517578,33.54499816894531,32.222999572753906,33.11000061035156,2596900
2026-06-08,33.02000045776367,33.52000045776367,32.314998626708984,32.709999084472656,3351000
2026-06-09,33.11000061035156,33.310001373291016,32.209999084472656,32.53499984741211,2115000
2026-06-10,32.45000076293945,33.36000061035156,32.22999954223633,32.349998474121094,1750400
2026-06-11,30.56999969482422,32.380001068115234,30.280000686645508,32.23500061035156,2690900
2026-06-12,30.670000076293945,30.989999771118164,29.450000762939453,30.43000030517578,5975100
2026-06-15,30.530000686645508,31.26000022888184,30.316999435424805,30.64999961853028,4132900
2026-06-16,30.170000076293945,30.950000762939453,29.8799991607666,30.40999984741211,3743300
2026-06-17,29.34000015258789,30.59499931335449,29.229999542236328,29.729999542236328,4153700
2026-06-18,29.3799991607666,29.540000915527344,28.415000915527344,29.239999771118164,7243800
2026-06-22,28.8700008392334,29.3700008392334,28.420000076293945,28.940000534057617,3533500
2026-06-23,28.420000076293945,29.64800071716309,28.3700008392334,29.3700008392334,3493800
2026-06-24,28.65999984741211,29.04700088500977,28.170000076293945,28.280000686645508,4631000
2026-06-25,28.709999084472656,29.200000762939453,28.07699966430664,28.309999465942383,4199900
2026-06-26,30.0,30.14999961853028,28.63500022888184,28.63500022888184,7630600
2026-06-29,29.71999931335449,30.59000015258789,29.299999237060547,30.5,2430800
2026-06-30,29.88999938964844,30.0049991607666,29.25,29.51000022888184,4384100
2026-07-01,31.280000686645508,31.86000061035156,30.450000762939453,30.45499992370605,3336700
2026-07-02,32.2599983215332,32.505001068115234,31.104999542236328,31.14999961853028,3927100
2026-07-06,32.599998474121094,32.79999923706055,31.405000686645508,31.790000915527344,3125500
2026-07-07,32.439998626708984,33.75,32.40999984741211,33.369998931884766,2798400
2026-07-08,31.64999961853028,32.09000015258789,31.489999771118164,32.09000015258789,2308700
2026-07-09,31.61000061035156,31.770000457763672,30.569000244140625,30.82999992370605,2191400
2026-07-10,31.670000076293945,32.439998626708984,31.174999237060547,32.400001525878906,1378000
2026-07-13,31.75,32.43399810791016,31.51000022888184,31.71999931335449,1874400
2026-07-14,31.14999961853028,31.979999542236328,30.51000022888184,30.625,2765200
2026-07-15,31.540000915527344,32.709999084472656,31.200000762939453,31.5,2850800
2026-07-16,33.11000061035156,33.31999969482422,31.600000381469727,32.0,2348100
2026-07-17,32.34000015258789,33.41999816894531,32.13999938964844,32.68000030517578,3056600
2026-07-20,32.349998474121094,32.915000915527344,31.645000457763672,31.979999542236328,2114900
2026-07-21,31.26000022888184,32.25,31.184999465942383,31.549999237060547,1578600
2026-07-22,29.739999771118164,31.45499992370605,29.44499969482422,31.36000061035156,2006700
2026-07-23,30.1200008392334,30.38500022888184,29.530000686645508,29.90999984741211,3076000
2026-07-24,31.39999961853028,31.489999771118164,30.405000686645508,30.40999984741211,2412000
2026-07-27,33.709999084472656,33.9900016784668,31.8700008392334,31.96999931335449,3340800
2026-07-28,35.84000015258789,36.220001220703125,34.0,34.209999084472656,3817900
2026-07-29,36.959999084472656,37.2599983215332,35.900001525878906,36.18999862670898,4858600
2026-07-30,35.209999084472656,36.14500045776367,34.779998779296875,36.14500045776367,2577400
2026-07-31,35.439998626708984,35.584999084472656,34.10499954223633,34.630001068115234,2539200
2026-08-03,35.88999938964844,36.685001373291016,34.262001037597656,36.130001068115234,2807800
2026-08-04,36.08000183105469,36.18999862670898,35.36000061035156,35.400001525878906,3477500
2026-08-05,36.040000915527344,36.52999877929688,35.220001220703125,36.310001373291016,2613400
2026-08-06,35.36000061035156,35.81999969482422,33.810001373291016,34.02000045776367,3620200
2026-08-07,35.209999084472656,36.28499984741211,34.90999984741211,36.04999923706055,3055600
2026-08-10,35.310001373291016,35.875,34.75,35.029998779296875,2017900
2026-08-11,36.25,36.27000045776367,34.88999938964844,34.95000076293945,3064300
2026-08-12,35.72999954223633,36.64500045776367,35.334999084472656,36.22499847412109,2840200
2026-08-13,36.560001373291016,36.98500061035156,34.334999084472656,35.779998779296875,3143200
2026-08-14,36.2400016784668,37.09999847412109,35.77000045776367,36.84000015258789,2739200
2026-08-17,34.7400016784668,35.779998779296875,34.630001068115234,35.540000915527344,1829400
2026-08-18,34.63999938964844,35.560001373291016,34.560001373291016,35.189998626708984,1564400
2026-08-19,35.91999816894531,36.34999847412109,34.595001220703125,34.709999084472656,2483500
2026-08-20,36.400001525878906,36.51499938964844,35.189998626708984,35.939998626708984,2343400
2026-08-21,37.08000183105469,37.33000183105469,35.79499816894531,36.400001525878906,1658700
2026-08-24,37.68000030517578,37.95000076293945,36.81999969482422,37.150001525878906,2091300
2026-08-25,36.900001525878906,37.790000915527344,36.56999969482422,37.08000183105469,2055300
2026-08-26,36.93999862670898,37.310001373291016,36.2400016784668,36.2400016784668,1656400
2026-08-27,37.61000061035156,38.43000030517578,37.36000061035156,37.48500061035156,2502300
2026-08-28,37.29999923706055,38.0,36.94900131225586,37.47999954223633,2429800
2026-08-31,36.75,37.415000915527344,36.72499847412109,37.09999847412109,2119500
2026-09-01,35.619998931884766,36.66999816894531,35.51499938964844,36.310001373291016,1590100
2026-09-02,35.119998931884766,35.84000015258789,34.97999954223633,35.564998626708984,1151900
2026-09-03,35.59000015258789,36.494998931884766,35.45000076293945,35.70000076293945,1544700
2026-09-04,33.709999084472656,35.275001525878906,33.060001373291016,35.2400016784668,2634800
2026-09-08,32.84000015258789,33.68000030517578,32.5,33.31999969482422,2468700
2026-09-09,32.0099983215332,32.86000061035156,31.610000610351562,32.72999954223633,2310000
2026-09-10,31.0,32.310001373291016,30.8700008392334,32.0099983215332,2551800
2026-09-11,30.969999313354492,31.274999618530273,30.610000610351562,30.969999313354492,1829800
