Date,Close,High,Low,Open,Volume
2016-09-06,8.122112274169922,8.122112274169922,8.051485093776767,8.082874868574695,139100
2016-09-07,8.12602710723877,8.169188284498299,8.098561175670163,8.149569975775153,103400
2016-09-08,8.12602710723877,8.192730404644175,8.098561175670163,8.17703590734376,145600
2016-09-09,7.925922393798828,8.169192850865967,7.9219985801827875,8.169192850865967,150100
2016-09-12,7.945539474487305,8.000471359764134,7.867064711185428,7.99654754675996,148700
2016-09-13,7.886684894561768,8.035786067909356,7.8709896403194355,8.008320121376189,175300
2016-09-14,7.874911785125732,7.9651572327226985,7.867064159667538,7.95731035565526,89600
2016-09-15,7.953388214111328,7.969082719934729,7.870989626268011,7.9219984540736155,104200
2016-09-16,8.008318901062012,8.02009033995002,7.929844138590226,7.980852958714126,123200
2016-09-19,8.063251495361328,8.067175308669311,8.008319605831296,8.008319605831296,121900
2016-09-20,8.127274513244629,8.23531823046022,8.05124442771987,8.115270164607557,158400
2016-09-21,8.167292594909668,8.203307175275528,8.115271958407401,8.17529600460145,78000
2016-09-22,8.211311340332031,8.223315692726835,8.16729334622514,8.203307929904009,73200
2016-09-23,8.211311340332031,8.259330276405704,8.175296756653161,8.235320808368867,119700
2016-09-26,8.151284217834473,8.259327164921515,8.131275699302103,8.179295380532853,64100
2016-09-27,8.147284507751465,8.203306846856771,8.111269928827445,8.123274279637368,72000
2016-09-28,8.17929744720459,8.191301798110224,8.119273402935018,8.127276049123065,49700
2016-09-29,8.143282890319824,8.195303525296842,8.123274366677022,8.163290650715492,91700
2016-09-30,8.211311340332031,8.259330276405704,8.147285583402315,8.179298461867173,140200
2016-10-03,8.235319137573242,8.27533541834755,8.199304561201071,8.199304561201071,90300
2016-10-04,8.159290313720703,8.275337480560427,8.13127913917243,8.247326306012152,109200
2016-10-05,8.203310012817383,8.255330667313702,8.179300538684268,8.183302244914358,64400
2016-10-06,8.171295166015625,8.227317513302856,8.127277171291523,8.223315808032734,81900
2016-10-07,8.155285835266113,8.207307224521644,8.143281486397147,8.203305520482987,83800
2016-10-10,8.207310676574707,8.235321853379999,8.155289265438602,8.155289265438602,52600
2016-10-11,8.171295166015625,8.251327744923588,8.167293460745503,8.187301223848875,66500
2016-10-12,8.167292594909668,8.207308880121419,8.163290890063777,8.203307175275528,49700
2016-10-13,8.111271858215332,8.151288151343511,8.067253859449606,8.127277917518219,104000
2016-10-14,8.107270240783691,8.17929941654862,8.05524883017688,8.151288240028329,71700
2016-10-17,7.991222381591797,8.075256667205243,7.963211207469731,8.075256667205243,107300
2016-10-18,7.939199924468994,8.003225668759303,7.931196515620937,7.999223964335274,65600
2016-10-19,8.051247596740723,8.067253655639234,7.92319530931619,7.92319530931619,114700
2016-10-20,8.055244445800781,8.091259014080933,8.007225530258513,8.011227233761518,47000
2016-10-21,8.163290977478027,8.183299501921738,8.051246293581915,8.067252349889717,52900
2016-10-24,8.147284507751465,8.203306846856771,8.107268224141762,8.203306846856771,45500
2016-10-25,8.219313621520996,8.223314562938096,8.107268180664132,8.107268180664132,54300
2016-10-26,8.043243408203125,8.199306092803118,8.023234882454911,8.17929833030212,65700
2016-10-27,8.023235321044922,8.083260138323604,7.983219793855476,8.083260138323604,60300
2016-10-28,7.959207057952881,8.047243021869997,7.85516504084439,8.031236205431606,71500
2016-10-31,8.051247596740723,8.075257066712133,7.94720554253489,7.9792184235792005,82000
2016-11-01,7.919195175170898,8.087262245369097,7.879178878970075,8.087262245369097,94700
2016-11-02,7.77513313293457,7.979215460011379,7.759126316733877,7.883176852548234,46300
2016-11-03,7.891181945800781,8.003227404228994,7.707108081862191,8.003227404228994,109800
2016-11-04,7.867173194885254,7.959210135249508,7.827156901564657,7.923195547585703,99900
2016-11-07,8.031238555908203,8.039241966469731,7.947205034753883,7.9552076820681705,90900
2016-11-08,7.9872212409973145,8.043244356449863,7.963211770516111,8.043244356449863,95000
2016-11-09,8.167292594909668,8.227316641103716,7.955206817560398,8.023234273446228,200100
2016-11-10,8.399384498596191,8.403386202663292,8.187298762521957,8.195302170656156,190800
2016-11-11,8.571456909179688,8.595466378603925,8.287341928545011,8.355369394619743,173000
2016-11-14,8.295344352722168,8.571455889623468,8.255328066276777,8.559450774715696,104900
2016-11-15,8.22331714630127,8.319356561919243,8.207311085863182,8.319356561919243,119700
2016-11-16,8.231318473815918,8.263331349833178,8.20330730270671,8.255327940017072,77300
2016-11-17,8.251325607299805,8.27133336521988,8.187299102812073,8.251325607299805,195500
2016-11-18,8.255330085754395,8.283342027391676,8.155289726791922,8.271336909547127,249900
2016-11-21,8.327359199523926,8.35136943502041,8.275338549109598,8.275338549109598,85100
2016-11-22,8.219313621520996,8.379377991854286,8.207308507528328,8.37137458252584,66900
2016-11-23,8.231318473815918,8.283339874373448,8.187300483074495,8.255327940017072,74200
2016-11-25,8.343360900878906,8.347362604338187,8.235317197218981,8.26733006164634,77800
2016-11-28,8.26333236694336,8.343364948461081,8.24332460318756,8.291343541500384,63900
2016-11-29,8.17929744720459,8.287340421590965,8.171294037769412,8.243323196191751,104100
2016-11-30,8.103267669677734,8.259330358336117,8.059249675134197,8.21931483229352,134400
2016-12-01,8.255330085754395,8.32335756037877,8.151288784091106,8.163293138688289,108300
2016-12-02,8.115272521972656,8.251327443192652,8.09126229122992,8.251327443192652,47300
2016-12-05,8.215312004089355,8.279337752902515,8.123274322329198,8.15528719673578,115000
2016-12-06,8.271332740783691,8.29534220112462,8.175294136172996,8.259327628989736,88900
2016-12-07,8.287338256835938,8.319351886214296,8.247322746606857,8.311348478869705,74500
2016-12-08,8.24332332611084,8.327356836763224,8.187300222428771,8.323355131982566,135100
2016-12-09,8.255330085754395,8.267335203598943,8.183301668429204,8.211312846819117,197900
2016-12-12,8.347362518310547,8.535437999477125,8.259326569607433,8.29133943370487,619600
2016-12-13,8.424885749816895,8.514642901559448,8.347368421903571,8.404486821604076,215600
2016-12-14,8.367765426635742,8.388164348262483,8.335126685131568,8.371845366594886,147900
2016-12-15,8.339205741882324,8.384083520341928,8.314726104720107,8.3473648427675,144400
2016-12-16,8.367765426635742,8.420803089766657,8.363685486676598,8.38408440830334,92000
2016-12-19,8.363687515258789,8.404486146576811,8.331048765838204,8.404486146576811,118400
2016-12-20,8.408561706542969,8.510557842611975,8.384082073604898,8.396321890073933,117600
2016-12-21,8.555438041687012,8.567677861630175,8.44936193668655,8.44936193668655,93200
2016-12-22,8.457521438598633,8.567677478656188,8.31064749669084,8.510559877812543,100200
2016-12-23,8.551356315612793,8.57583595038614,8.384082702172364,8.424881315292454,104600
2016-12-27,8.457521438598633,8.563597538857508,8.416722818780766,8.563597538857508,81900
2016-12-28,8.420802116394043,8.490159531344412,8.38408343917509,8.490159531344412,66700
2016-12-29,8.469764709472656,8.50240346299364,8.396327319508126,8.469764709472656,110600
2016-12-30,8.494241714477539,8.555439266617384,8.380006491328253,8.510561476738348,166500
2017-01-03,8.604394912719727,8.669672383708258,8.457520213911112,8.522797684899643,180300
2017-01-04,8.84102725982666,8.889985759463455,8.575837397063824,8.61255607724918,348300
2017-01-05,8.783910751342773,8.861427283003852,8.718633262486575,8.861427283003852,182600
2017-01-06,8.702312469482422,8.853267130921555,8.673753668764764,8.767589950599627,81100
2017-01-09,8.665594100952148,8.755350446176339,8.66151416096437,8.718632542624295,77900
2017-01-10,8.657432556152344,8.685992130574792,8.588075146035495,8.665592434558757,78500
2017-01-11,8.657432556152344,8.698231170015578,8.588075146035495,8.698231170015578,67000
2017-01-12,8.657432556152344,8.7104709876252,8.604394902848323,8.649273455914765,56600
2017-01-13,8.722709655761719,8.759428328858723,8.657432187626778,8.681911821803983,78200
2017-01-17,8.710472106933594,8.747190786312025,8.685993246737617,8.722711147947114,103200
2017-01-18,8.743111610412598,8.759430592579285,8.649275322989384,8.722711909992983,46200
2017-01-19,8.657432556152344,8.76350864092922,8.641113577508351,8.76350864092922,85900
2017-01-20,8.669673919677734,8.710472540815895,8.620715418678147,8.661514039816307,48200
2017-01-23,8.690075874328613,8.739034392416581,8.645198075764657,8.673756887078786,79000
2017-01-24,8.665594100952148,8.722711704443089,8.649275119170015,8.694152902697619,63800
2017-01-25,8.763509750366211,8.775749569525361,8.653353712440666,8.706392150628046,78600
2017-01-26,8.76759147644043,8.771671416991415,8.726792849099674,8.763511535889444,47500
2017-01-27,8.763509750366211,8.771669629805643,8.661513591880098,8.771669629805643,85300
2017-01-30,8.771671295166016,8.787991057143298,8.685994879292531,8.751272370863495,81200
2017-01-31,8.657432556152344,8.767588580132427,8.653352616949137,8.76350864092922,99600
2017-02-01,8.771671295166016,8.775751235660337,8.669675117315249,8.726792727897573,83500
2017-02-02,8.73495101928711,8.779829578388489,8.722711200031569,8.722711200031569,79400
2017-02-03,8.824708938598633,8.857347684285529,8.673755031610144,8.751272344429927,123800
2017-02-06,8.914463996887207,8.934862916377664,8.771669225947308,8.792068145437765,101100
2017-02-07,8.914463996887207,8.934862916377664,8.849186520715064,8.934862916377664,79800
2017-02-08,8.938944816589355,8.951184637869668,8.865507445245623,8.902226130917489,104100
2017-02-09,8.894062995910645,8.947101423883932,8.885903896211417,8.947101423883932,88600
2017-02-10,8.906303405761719,8.926702323621278,8.873664670285125,8.885904487902161,68300
2017-02-13,8.922622680664062,8.959340575194327,8.902222985737478,8.914462802693429,89800
2017-02-14,9.00830078125,9.01238072101269,8.869585941994307,8.938943361622153,85800
2017-02-15,9.00830078125,9.016460660775381,8.902224681926885,9.016460660775381,68200
2017-02-16,8.975661277770996,8.975661277770996,8.926702782952486,8.975661277770996,77400
2017-02-17,9.028700828552246,9.053180470183108,8.943024417351342,8.975663161356787,81000
2017-02-21,9.13885498046875,9.175573657108387,9.016459910449214,9.03277888997301,122600
2017-02-22,9.08581829071045,9.110297151684254,9.012380929620075,9.077658410996195,91300
2017-02-23,9.073578834533691,9.179654940560447,8.93894392653223,9.179654940560447,171900
2017-02-24,8.902225494384766,9.08173896948164,8.78391034314454,9.077659029346595,192100
2017-02-27,9.049101829528809,9.061340873932954,8.873668263490664,8.9103869530414,120400
2017-02-28,9.08581829071045,9.098057332112871,8.996061170191567,9.065418591424812,194700
2017-03-01,9.163334846496582,9.195974365471173,9.089898263310639,9.179654605983878,157000
2017-03-02,9.045022010803223,9.171497066425092,9.020543143495253,9.171497066425092,147800
2017-03-03,9.02462100982666,9.089898493088022,9.000141369976912,9.045019931532467,88100
2017-03-06,9.065415382385254,9.118453803584035,9.012377739355156,9.012377739355156,116200
2017-03-07,9.040939331054688,9.081737949654665,8.979741792239183,9.05725908976225,70000
2017-03-08,8.979741096496582,9.110296043366084,8.926702662975305,9.040938630570553,97300
2017-03-09,8.873665809631348,9.016460587489087,8.853266889152643,8.97974190809227,68400
2017-03-10,9.05726146697998,9.069500511054052,8.889987787168554,8.889987787168554,67900
2017-03-13,9.081734657287598,9.081734657287598,9.0205371406578,9.057255806269408,54600
2017-03-14,8.971585273742676,9.089901234188215,8.938946522269633,9.069501528161803,50200
2017-03-15,9.05726146697998,9.085820274044986,8.934865579055364,8.983824089859036,177200
2017-03-16,9.02462100982666,9.098057594868955,9.016461129876744,9.061338913263317,205800
2017-03-17,9.065415382385254,9.118453803584035,9.036856591663764,9.0776551976239,116700
2017-03-20,9.09805679321289,9.134775471583142,9.065418054458103,9.106216672443816,198800
2017-03-21,9.035740852355957,9.147908860005153,9.027431934963726,9.147908860005153,100500
2017-03-22,9.027436256408691,9.07728899224467,8.9526575488459,9.044054099148136,122700
2017-03-23,9.06066608428955,9.156217041860463,9.006659710342436,9.081438376101449,107400
2017-03-24,9.064823150634766,9.127138459234981,9.010816761149814,9.060668691077131,59200
2017-03-27,9.102211952209473,9.118829789450366,8.965117964500466,8.985889468669491,96000
2017-03-28,9.15206527709961,9.201917207356576,9.102212554460497,9.118830392800916,203800
2017-03-29,9.214381217956543,9.243461644664222,9.147911444801219,9.147911444801219,89500
2017-03-30,9.347319602966309,9.347319602966309,9.139601389567058,9.239306036912847,167200
2017-03-31,9.393017768859863,9.430407110285671,9.314084626696259,9.347319508810077,268500
2017-04-03,9.409634590148926,9.422097967788758,9.347319286713915,9.397172004891168,140600
2017-04-04,9.438716888427734,9.471951776358097,9.347321144714792,9.347321144714792,135400
2017-04-05,9.426252365112305,9.480258749766174,9.380554106448368,9.467796164590242,129200
2017-04-06,9.46779727935791,9.476105406326067,9.37640075126873,9.430407934663638,111500
2017-04-07,9.41794490814209,9.5051861874393,9.397173401370999,9.463643173897118,100400
2017-04-10,9.380553245544434,9.442868542851292,9.37639878673971,9.422097041209671,72000
2017-04-11,9.41794490814209,9.476105761006897,9.37224664238706,9.37224664238706,99200
2017-04-12,9.384709358215332,9.44702466650401,9.363937852913152,9.41378978259124,41900
2017-04-13,9.372244834899902,9.438714594606976,9.347318873105259,9.372244834899902,62600
2017-04-17,9.372244834899902,9.397171589076583,9.355627791164153,9.372244834899902,88600
2017-04-18,9.39716911315918,9.405477236647053,9.363934242062193,9.393014655224327,87600
2017-04-19,9.322395324707031,9.405482149659504,9.29746856407727,9.405482149659504,53600
2017-04-20,9.363933563232422,9.388859516652719,9.264228164787687,9.334852359796674,71900
2017-04-21,9.368091583251953,9.41378984608353,9.339011158679911,9.388863881076372,81900
2017-04-24,9.430408477783203,9.480260411991882,9.359784244002402,9.480260411991882,116400
2017-04-25,9.480257987976074,9.496875823384743,9.43040606651408,9.447023109540742,110400
2017-04-26,9.480257987976074,9.530110701820076,9.463640944949411,9.47194907027174,103400
2017-04-27,9.51765251159668,9.530115894944695,9.467800562969497,9.505189128248666,61900
2017-04-28,9.476102828979492,9.530109997685326,9.417941994110391,9.530109997685326,89400
2017-05-01,9.363933563232422,9.417939927706696,9.226838838466353,9.401322097171981,177300
2017-05-02,9.380553245544434,9.38886216315388,9.272539693767614,9.363936202707537,121200
2017-05-03,9.035740852355957,9.26423053396849,8.894492426215926,9.26423053396849,302900
2017-05-04,8.778169631958008,9.039894973362594,8.765707048717182,9.039894973362594,264100
2017-05-05,8.965116500854492,8.973425418118426,8.807251034749594,8.823868076895497,90200
2017-05-08,8.985891342163086,9.023280691368416,8.882032214899896,8.965119833663351,93500
2017-05-09,8.919418334960938,8.994197006299078,8.902801292653557,8.965116587974684,75400
2017-05-10,8.931883811950684,8.973427616064095,8.886185548187715,8.915265973352456,73500
2017-05-11,9.085594177246094,9.089747843840442,8.923573446695485,8.923573446695485,91100
2017-05-12,9.102211952209473,9.172836175719087,9.048205565940751,9.081440448040448,131000
2017-05-15,9.17699146270752,9.214380807489606,9.114676152198097,9.135447658240516,116900
2017-05-16,9.193608283996582,9.206071662746217,9.147910813345543,9.176991238045881,68400
2017-05-17,9.01081657409668,9.176990991041734,8.936037888375875,9.139601648181332,174000
2017-05-18,8.956808090209961,9.010815263098339,8.931882129390253,8.96927146681082,73100
2017-05-19,8.931883811950684,9.035742926043135,8.927729352301126,8.965118696764982,118400
2017-05-22,9.019124031066895,9.048205245207614,8.952654269223666,9.00250698679712,63300
2017-05-23,9.073128700256348,9.127135069684918,8.965115169017363,9.056510868197192,51800
2017-05-24,9.156218528747559,9.185298949624704,9.068976473734084,9.106365812685281,54600
2017-05-25,9.106367111206055,9.201917305536503,9.093903732317761,9.201917305536503,65500
2017-05-26,9.106367111206055,9.139601995859348,9.05236072078776,9.102212651576624,32500
2017-05-30,8.994194984436035,9.10220850848985,8.936034160861592,9.10220850848985,196800
2017-05-31,8.977581977844238,9.035742827539679,8.894494370523198,9.002507943087691,160900
2017-06-01,9.023276329040527,9.031585245376355,8.91526279382038,8.985886997911173,100200
2017-06-02,9.027436256408691,9.064825610190088,9.010819206051602,9.02328179572383,64600
2017-06-05,9.014969825744629,9.064821747957936,8.994197531170737,9.023277951192169,80000
2017-06-06,8.9983549118042,9.048207642586442,8.973428942604214,9.002509372067909,50500
2017-06-07,8.944347381591797,9.031588658945994,8.911112496068936,9.006662692899392,33400
2017-06-08,8.92357349395752,8.977580668554436,8.898647532349267,8.948500247947804,62400
2017-06-09,9.118826866149902,9.122980531746457,8.923571303074606,8.923571303074606,60100
2017-06-12,9.15206527709961,9.176991242228093,9.027433866692899,9.1063670140456,130600
2017-06-13,9.189455032348633,9.230998045295062,9.006662764332065,9.16037381395108,118000
2017-06-14,9.118826866149902,9.185296609040519,9.023275917410531,9.181142151062126,111200
2017-06-15,9.06066608428955,9.106364333893817,8.96511591910055,9.07728391773907,105900
2017-06-16,9.048202514648438,9.098054424795558,9.014967643756416,9.098054424795558,157700
2017-06-19,9.118826866149902,9.189451067018911,9.085591994704593,9.106363492214722,173600
2017-06-20,9.148451805114746,9.186534347998933,9.097673736119122,9.118830794064783,103200
2017-06-21,9.165377616882324,9.237312746388753,9.148452131340253,9.169609190040356,63700
2017-06-22,9.106135368347168,9.233079309098278,9.097672223739789,9.165375766419034,140300
2017-06-23,9.194997787475586,9.216155653186537,9.097674026475369,9.10613717275975,104800
2017-06-26,9.22461223602295,9.309242031875822,9.19076047909971,9.207686761106103,113500
2017-06-27,9.148451805114746,9.25000713601597,9.127293940079058,9.220386932056034,103700
2017-06-28,9.169609069824219,9.258469683707732,9.106137087465989,9.199229274452057,71500
2017-06-29,9.22461223602295,9.241538518029344,9.118825394751633,9.2161499021093,106000
2017-06-30,9.25423812866211,9.31347853286684,9.127293367679146,9.24154341043682,107800
2017-07-03,9.266931533813477,9.296551734298548,9.186533270289758,9.275394678834907,51900
2017-07-05,9.156911849975586,9.275393443222397,9.131523225383349,9.203458334302873,113500
2017-07-06,9.216155052185059,9.237312109426268,9.097673433200283,9.17384013061264,104500
2017-07-07,9.24153995513916,9.26692857500727,9.097669764070407,9.24577152629879,138200
2017-07-10,9.343097686767578,9.368486313279831,9.127292343688708,9.148450205023824,118500
2017-07-11,9.220385551452637,9.321940867147598,9.19076454483794,9.309246150027013,75500
2017-07-12,9.24153995513916,9.283854859645794,9.233076812819899,9.254234668618052,78900
2017-07-13,9.271162033081055,9.33886557123517,9.228847119962273,9.279625177122778,99800
2017-07-14,9.220385551452637,9.288089095249276,9.203459261958525,9.28385752287575,39100
2017-07-17,9.22461223602295,9.275390274952583,9.211918331607702,9.2161499021093,34700
2017-07-18,9.309244155883789,9.343095920530686,9.127290618248066,9.216152004877255,98900
2017-07-19,9.266931533813477,9.355792942358624,9.245774478349833,9.355792942358624,63100
2017-07-20,9.288086891174316,9.32617022640894,9.224614127723468,9.300780798192715,90700
2017-07-21,9.275396347045898,9.28809106686123,9.220387508692946,9.28809106686123,112300
2017-07-24,9.216155052185059,9.27962703099869,9.178071703478881,9.271163885266205,97000
2017-07-25,9.237311363220215,9.28385785389877,9.207691162639293,9.233079790695808,86600
2017-07-26,9.288086891174316,9.305012369562085,9.233077270462209,9.241540413200951,63500
2017-07-27,9.25423812866211,9.283858330764476,9.186533771883877,9.283858330764476,62200
2017-07-28,9.245774269104004,9.288089186163571,9.173839152229716,9.245774269104004,62700
2017-07-31,9.245774269104004,9.305014668733449,9.186533062384646,9.262699751673884,93800
2017-08-01,9.334637641906738,9.3515639365954,9.22038838111888,9.283860372021058,82100
2017-08-02,9.343097686767578,9.351560831301624,9.241542373628677,9.309245915721277,61900
2017-08-03,9.309244155883789,9.368484542243426,9.258466105368576,9.33040120612945,78800
2017-08-04,9.338865280151367,9.338865280151367,9.224615260418677,9.317708227796341,45000
2017-08-07,9.30501651763916,9.343099869850937,9.241544532982891,9.343099869850937,55400
2017-08-08,9.296550750732422,9.334634092209743,9.25000507221891,9.283856841633213,61500
2017-08-09,9.258469581604004,9.30078450507285,9.207692319113416,9.26693272771578,87000
2017-08-10,9.186530113220215,9.250002871977774,9.169604636083946,9.233076587751851,50400
2017-08-11,9.063824653625488,9.173843163247044,8.996121079564572,9.169611588981953,131000
2017-08-14,9.063824653625488,9.15268529192159,9.051129930830218,9.07651937642076,67600
2017-08-15,9.072284698486328,9.114599619570843,9.046895261581627,9.07651627130378,119900
2017-08-16,9.059590339660645,9.089210543468603,9.034201708838113,9.038433281823538,86600
2017-08-17,9.059590339660645,9.131525466232837,9.051127193689794,9.076516631602347,58600
2017-08-18,9.038432121276855,9.089209376402053,9.021505831508511,9.051126031513196,39300
2017-08-21,9.199226379394531,9.216152666477935,9.042662259322,9.080744791080077,67300
2017-08-22,9.245774269104004,9.288089186163571,9.194996207214542,9.194996207214542,61800
2017-08-23,9.118826866149902,9.296548820446205,9.106132959686388,9.173836484457391,76700
2017-08-24,9.110367774963379,9.250006445413437,9.110367774963379,9.127293258638252,86500
2017-08-25,9.097673416137695,9.207691889183648,9.097673416137695,9.110368134712612,80400
2017-08-28,9.182302474975586,9.254237593243687,9.118829694611435,9.139987557096127,93100
2017-08-29,9.25423812866211,9.305015387383314,9.084978447351492,9.135756513162672,111000
2017-08-30,9.152680397033691,9.262698847816965,9.144218060119467,9.25000493890071,27200
2017-08-31,9.042664527893066,9.237312035645498,8.953803112591743,9.19499711441106,144500
2017-09-01,9.106135368347168,9.178070483330101,9.029968681060545,9.038431825667923,136300
2017-09-05,9.05535888671875,9.173840510611269,9.000350051359028,9.106136956126981,87900
2017-09-06,9.046892166137695,9.106133358222312,8.96649473138453,9.042661401857814,106200
2017-09-07,9.017271995544434,9.03419828106393,8.94956846764588,9.008809659874402,58600
2017-09-08,8.966499328613281,9.063823098743857,8.962267755074109,8.983424815679841,84700
2017-09-11,8.945343017578125,9.01304659180634,8.928417527566205,8.96650088895586,83200
2017-09-12,8.852243423461914,8.949567129376616,8.843780281967698,8.915715370489346,80100
2017-09-13,8.839552879333496,8.852247597560758,8.763386184149871,8.809932677226525,104100
2017-09-14,8.805700302124023,8.818395019194565,8.771848530359145,8.793006392143383,61500
2017-09-15,8.80146598815918,8.84801246249563,8.737994036757435,8.767614226938939,130000
2017-09-18,8.729534149169922,8.818395559932839,8.712608665794574,8.801469269467539,144000
2017-09-19,8.737998008728027,8.784544504222794,8.729534862803522,8.78031293126054,171300
2017-09-20,8.802719116210938,8.867444828669353,8.75093887545704,8.789774467538507,146900
2017-09-21,8.81998348236084,8.81998348236084,8.703476656750071,8.815668323297578,129700
2017-09-22,8.897653579711914,8.910598232240247,8.794091421291247,8.832927024940915,103900
2017-09-25,8.971010208129883,9.022790467653532,8.889023837012989,8.910598807975777,150800
2017-09-26,9.113408088684082,9.169503512745415,8.958065648156593,8.975325462086053,104300
2017-09-27,9.165189743041992,9.191079879377627,9.009847278962987,9.113409470370721,62200
2017-09-28,9.329161643981934,9.34642145889466,9.100463129402566,9.165188875632193,141800
2017-09-29,9.337789535522461,9.406830429375937,9.221283541539956,9.311899406085502,144600
2017-10-02,9.303266525268555,9.393883187878885,9.221281000802243,9.350732435351686,109500
2017-10-03,9.324845314025879,9.406830864877273,9.212653650561831,9.277379388666978,123800
2017-10-04,9.389572143554688,9.402517621893438,9.31621607903346,9.363682009909699,106200
2017-10-05,9.411145210266113,9.42840584455266,9.35504979489952,9.406830051694477,56500
2017-10-06,9.376628875732422,9.454300118010698,9.372313715268884,9.406834175944484,76900
2017-10-09,9.307585716247559,9.432722870501145,9.277380423298764,9.367996302145148,44000
2017-10-10,9.303266525268555,9.329157470604162,9.260115772741356,9.316211997936358,70900
2017-10-11,9.372309684753418,9.393885477792544,9.28600898169396,9.316214268916388,66600
2017-10-12,9.264432907104492,9.380939716878032,9.238542779276703,9.376624558401346,57000
2017-10-13,9.346421241760254,9.376626534430189,9.260119700104015,9.260119700104015,78900
2017-10-16,9.359366416931152,9.385256549376894,9.290325515054196,9.350736098438416,54900
2017-10-17,9.251487731933594,9.376624028557114,9.234227099002197,9.376624028557114,47500
2017-10-18,9.290324211120605,9.342104468744523,9.251488606386488,9.298953705369687,54800
2017-10-19,9.199706077575684,9.238541676196567,9.152240163031886,9.221281867382967,52600
2017-10-20,9.264432907104492,9.32052914426908,9.247173096230073,9.251488254706759,42200
2017-10-23,9.303266525268555,9.36367790801949,9.186760563386914,9.286006718076965,87400
2017-10-24,9.3421049118042,9.35936554718568,9.277379175188432,9.311899622919,87200
2017-10-25,9.18676471710205,9.36368214172629,9.147929104571606,9.36368214172629,66600
2017-10-26,9.18676471710205,9.204024532097515,9.104778332534165,9.191079053576527,37500
2017-10-27,9.281693458557129,9.30326842771657,9.11340639462299,9.221282886484836,66000
2017-10-30,9.204021453857422,9.28600781100537,9.143610887028537,9.277377494877744,56900
2017-10-31,9.152244567871094,9.26875141980676,9.139299910788878,9.247176442647987,95200
2017-11-01,9.156556129455566,9.234227333555177,9.104775875410692,9.160871287798022,56800
2017-11-02,9.104775428771973,9.251487513089259,9.048679196104167,9.156555680276746,93800
2017-11-03,9.225597381591797,9.264432985176915,9.104776235355722,9.104776235355722,52600
2017-11-06,9.393882751464844,9.467238780443516,9.3291570371971,9.363677473008705,141000
2017-11-07,9.398197174072266,9.458607726261667,9.298950208719905,9.389566860036052,119600
2017-11-08,9.691622734069824,9.717513682296293,9.380938762642366,9.380938762642366,120000
2017-11-09,9.419775009155273,9.704568874955866,9.419775009155273,9.639843146007058,116700
2017-11-10,9.363679885864258,9.514706317061808,9.33778893505983,9.419775299875873,105100
2017-11-13,9.575116157531738,9.687307790366873,9.324842768294037,9.324842768294037,148500
2017-11-14,9.544916152954102,9.73046310130164,9.506080534617196,9.514710031888896,77600
2017-11-15,9.449980735778809,9.56217238861119,9.324844430371526,9.510392132246913,63100
2017-11-16,9.458614349365234,9.493134806649929,9.333477177312826,9.44566886924624,81900
2017-11-17,9.467241287231445,9.49313141518745,9.337789001386765,9.406829891290997,57300
2017-11-20,9.393882751464844,9.501759216255119,9.363677473008705,9.501759216255119,95400
2017-11-21,9.359366416931152,9.462927769746587,9.337790620699309,9.432722478054478,60900
2017-11-22,9.497447967529297,9.575119185828653,9.406831271835896,9.406831271835896,66600
2017-11-24,9.501760482788086,9.652787718232002,9.441349094791187,9.519020291478471,41600
2017-11-27,9.488818168640137,9.523338620547955,9.432722742927115,9.514708301812878,65100
2017-11-28,9.480185508728027,9.5405969019222,9.398199970088985,9.506076458539368,247800
2017-11-29,9.238545417785645,9.514709054906682,9.216970442272775,9.497449239102897,359000
2017-11-30,9.225597381591797,9.316214064301185,9.15224133293461,9.251488332670096,160100
2017-12-01,9.195389747619629,9.307581371221486,9.052992845169602,9.216965534676978,255500
2017-12-04,9.169503211975098,9.268749402153395,9.117722125820256,9.251489588790076,217300
2017-12-05,9.009844779968262,9.169502359658917,8.988269809511424,9.143612230504237,162500
2017-12-06,9.027103424072266,9.091829144201615,8.914911791766373,9.009842793087273,220400
2017-12-07,8.927858352661133,9.074570441778347,8.914912877845278,9.031419682091116,156000
2017-12-08,8.97963809967041,9.070254772208687,8.945117658473027,8.945117658473027,140100
2017-12-11,8.953751564025879,9.044367449859182,8.876080334435864,8.975326539786407,198900
2017-12-12,8.81998348236084,8.98827057066588,8.772517555697393,8.923544830781822,235400
2017-12-13,8.81998348236084,8.949434962128958,8.781147873823917,8.794092527981267,229000
2017-12-14,8.750943183898926,8.858819698785602,8.737997705820828,8.8199840875838,186500
2017-12-15,8.789776802062988,8.901967627837832,8.737995724524186,8.746626041286037,319800
2017-12-18,8.802719116210938,9.005527391087952,8.759568366894632,8.824294902385134,273900
2017-12-19,8.802719116210938,8.88902061484355,8.789774467538507,8.841554708292405,297300
2017-12-20,8.837934494018555,8.89955329081221,8.758709847002057,8.802723633066016,509900
2017-12-21,8.912757873535156,8.947968735258284,8.789519437757624,8.842336150088899,315000
2017-12-22,8.868741989135742,8.943565157539075,8.807123205565807,8.903952842531842,139600
2017-12-26,8.84233283996582,8.934761002578657,8.829128456952766,8.868740766499082,117700
2017-12-27,8.873143196105957,8.925959894430859,8.851136728174795,8.855538189659615,146200
2017-12-28,8.851139068603516,8.890751392948294,8.807125281610075,8.877547005002313,162400
2017-12-29,8.895153045654297,8.908357435128591,8.811527764130211,8.86434364304087,294600
2018-01-02,8.837934494018555,8.8951518282565,8.824730106351424,8.859940967303961,186900
2018-01-03,8.820327758789062,8.877545081840207,8.802721912008415,8.873143620145044,233000
2018-01-04,8.84233283996582,8.969971851120622,8.815924913432559,8.820326374436911,158000
2018-01-05,8.859939575195312,8.934762747899587,8.82032809740412,8.842334567231784,111300
2018-01-08,8.943564414978027,8.974373804204971,8.829128941068744,8.859938330295686,158400
2018-01-09,8.789518356323242,8.939164710107818,8.780716271595313,8.939164710107818,162200
2018-01-10,8.939164161682129,8.94796708536305,8.802722202599874,8.815926588121256,184200
2018-01-11,8.895153045654297,8.974377703513545,8.855541556217933,8.952371227216313,127100
2018-01-12,9.194442749023438,9.366096396800055,9.062402256419558,9.176837741772976,222800
2018-01-16,9.242863655090332,9.40571447934287,9.212054243892323,9.40571447934287,226300
2018-01-17,9.286873817443848,9.326486141876241,9.234057105036266,9.26486650415187,184100
2018-01-18,9.286873817443848,9.313281753901055,9.247261493011452,9.304478828584266,238800
2018-01-19,9.300078392028809,9.30888131831685,9.282473378945982,9.286874842090002,67000
2018-01-22,9.322083473205566,9.34408994415737,9.291274078075821,9.30447762484968,87100
2018-01-23,9.339688301086426,9.361695611104832,9.308878906553698,9.313280368557379,76600
2018-01-24,9.344091415405273,9.401309592077977,9.335288489841291,9.388105203732001,96900
2018-01-25,9.348490715026855,9.37930010787858,9.282470467559875,9.37930010787858,93200
2018-01-26,9.366098403930664,9.37490048969567,9.322084617133005,9.366098403930664,192600
2018-01-29,9.322083473205566,9.392505187643,9.322083473205566,9.352892868335312,94200
2018-01-30,9.25165843963623,9.352889512885675,9.23405259759663,9.291270744732579,95100
2018-01-31,9.242863655090332,9.33969335306886,9.194448386354322,9.295680388210842,347700
2018-02-01,9.344091415405273,9.36169726653324,9.194445038790311,9.229655901553055,75700
2018-02-02,9.0844087600708,9.282470339226466,9.062402291050386,9.282470339226466,142000
2018-02-05,8.811522483825684,9.013984630813207,8.76750871811321,9.013984630813207,260100
2018-02-06,8.899552345275879,8.952369050839728,8.67068219314735,8.723498059218143,184700
2018-02-07,8.978774070739746,9.031590759167385,8.903950918504716,8.903950918504716,163400
2018-02-08,8.92155933380127,9.14162739330603,8.912756409942753,8.996382507612608,169500
2018-02-09,8.877546310424805,9.07120645434811,8.802723130238057,8.991981811857071,178300
2018-02-12,8.969974517822266,8.99198182938662,8.855539855660009,8.912757186741137,99700
2018-02-13,9.044798851013184,9.044798851013184,8.89955393414778,8.956772112015088,106600
2018-02-14,9.018387794494629,9.03599363990166,8.92595962458646,8.996381327228756,134800
2018-02-15,8.939164161682129,9.049198189214627,8.917157691972832,9.049198189214627,140400
2018-02-16,9.009584426879883,9.049196737596654,8.925959183804812,8.925959183804812,54000
2018-02-20,8.965572357177734,9.084408461269433,8.89955127330207,8.961170895619826,74800
2018-02-21,8.983176231384277,9.049196467443648,8.930360378333921,8.99638061439329,132100
2018-02-22,9.035995483398438,9.146029521162454,8.97437585139529,8.996383162643946,94500
2018-02-23,9.110819816589355,9.154832765674957,8.947969050695777,9.066806028010562,123200
2018-02-26,9.000788688659668,9.132829257794246,8.956774885783652,9.106421311866024,110600
2018-02-27,8.965572357177734,9.102014307501065,8.956769434061918,9.009585293770906,137100
2018-02-28,8.934764862060547,9.09761563159556,8.917159849931288,9.009588052469626,135200
2018-03-01,8.978774070739746,9.040393680487455,8.930359682464927,8.969971149419676,107600
2018-03-02,9.018387794494629,9.053598645815777,8.930361085938218,8.974374020469966,112200
2018-03-05,9.053600311279297,9.066804697763596,8.952369200045549,8.991981520005375,62500
2018-03-06,9.080009460449219,9.102016774202875,8.978778335661948,9.058002986188745,78100
2018-03-07,9.009584426879883,9.066802582134272,8.939162727715152,9.013985888014288,86900
2018-03-08,8.987578392028809,9.04039508868355,8.961170463447894,9.018387781955362,93400
2018-03-09,9.088809967041016,9.14162666649989,8.983177407616223,9.01838826075782,76000
2018-03-12,9.278070449829102,9.326485697270268,8.996383569065495,9.08441029955756,364000
2018-03-13,9.2032470703125,9.326485497756806,8.996383376613624,9.084410105222608,135700
2018-03-14,9.15042781829834,9.25606035727455,9.080005286154737,9.194440746585498,128600
2018-03-15,9.018387794494629,9.194442051100365,8.978775481821724,9.14602765521686,124700
2018-03-16,9.080009460449219,9.119621785712617,9.009587735423885,9.049200060687284,94100
2018-03-19,9.088809967041016,9.190041064886488,9.058000575478738,9.080007043882377,95500
2018-03-20,9.080009460449219,9.163635573726747,9.049200060687284,9.088812385950682,120400
2018-03-21,9.151857376098633,9.187782200534643,9.003667368235666,9.16083879633648,92400
2018-03-22,9.282085418701172,9.322500953337528,9.160838814792104,9.160838814792104,100700
2018-03-23,8.999176979064941,9.295556977152438,8.985704849509936,9.295556977152438,146400
2018-03-26,9.09797191619873,9.147368878313102,9.026122256677192,9.106953337767798,74500
2018-03-27,9.075515747070312,9.13389411393141,9.053063056133126,9.102460004013246,190300
2018-03-28,9.012648582458496,9.14736731340061,8.999177308925034,9.106951779769512,176200
2018-03-29,9.120423316955566,9.174310982193264,9.026120973433823,9.026120973433823,237600
2018-04-02,9.071026802062988,9.129404318252147,8.999177156053864,9.102460915127562,69900
2018-04-03,9.111443519592285,9.151858201275832,9.080008545925487,9.0979713880208,49000
2018-04-04,9.183292388916016,9.246160617837615,9.071027204975797,9.071027204975797,160100
2018-04-05,9.367406845092773,9.407822378206077,9.205744712639557,9.205744712639557,189600
2018-04-06,9.268610954284668,9.344951294205295,9.232686138822912,9.331480023729114,48600
2018-04-09,9.223706245422363,9.291065172227608,9.219215536099984,9.291065172227608,63800
2018-04-10,9.232686042785645,9.300044964011382,9.210233354548782,9.268610857873714,47000
2018-04-11,9.174311637878418,9.291067540475119,9.165330216944339,9.232689160919048,59100
2018-04-12,9.205743789672852,9.232687190208596,9.183291098645608,9.205743789672852,46100
2018-04-13,9.138386726379395,9.219217801009764,9.102461899489835,9.219217801009764,52100
2018-04-16,9.205743789672852,9.214725208689853,9.14736627909286,9.178800389137105,50400
2018-04-17,9.201255798339844,9.25963418268086,9.183293811514886,9.250652761010626,40700
2018-04-18,9.165328025817871,9.255140500656589,9.14736604475927,9.237177663082749,91100
2018-04-19,9.12491226196289,9.201252606648248,9.12491226196289,9.16981849822167,40000
2018-04-20,9.183292388916016,9.183292388916016,9.102461319436598,9.151857417939835,43100
2018-04-23,9.151857376098633,9.201254330891413,9.124913971900469,9.201254330891413,46000
2018-04-24,9.156347274780273,9.241669046447832,9.151856565059317,9.196762805753576,33800
2018-04-25,9.142875671386719,9.174309781780972,9.120422123594203,9.160837653105462,45100
2018-04-26,9.13389778137207,9.178804037792451,9.124916358784875,9.160841192618058,42100
2018-04-27,9.223706245422363,9.232686807551898,9.124912353360463,9.1383844813276,24900
2018-04-30,9.151857376098633,9.241669865446347,9.138386102257238,9.241669865446347,102300
2018-05-01,9.142875671386719,9.160837653105462,9.1159314140357,9.156346943546959,40900
2018-05-02,9.192272186279297,9.219216444869563,9.11144198005443,9.138385382129385,44300
2018-05-03,9.223706245422363,9.259631063486175,9.156346462101896,9.178800008713793,33700
2018-05-04,9.250650405883789,9.277593807519452,9.156347215386033,9.219216294556302,42400
2018-05-07,9.309028625488281,9.318010045553706,9.228197557930176,9.255141818126452,65600
2018-05-08,9.551522254943848,9.609899774946815,9.326991882367915,9.326991882367915,108600
2018-05-09,9.596429824829102,9.645825931180761,9.542542151108952,9.587448403123156,74700
2018-05-10,9.578465461730957,9.632353126901474,9.547031347262896,9.632353126901474,59200
2018-05-11,9.627862930297852,9.641334204922485,9.57397526225304,9.609900088777772,42300
2018-05-14,9.533560752868652,9.645825954922731,9.51559876592807,9.645825954922731,56900
2018-05-15,9.609896659851074,9.614387368628755,9.475178822581132,9.533556323660742,59100
2018-05-16,9.627862930297852,9.677259031447216,9.609900088777772,9.627862930297852,62300
2018-05-17,9.632352828979492,9.677258215964754,9.52906821197347,9.645824102468929,123200
2018-05-18,9.627862930297852,9.681749741827236,9.475182203438884,9.645824915302503,82400
2018-05-21,9.65031623840332,9.699713199204439,9.609900698932492,9.632354252258219,84300
2018-05-22,9.699711799621582,9.708693219655933,9.591937328755442,9.677258249535704,178200
2018-05-23,9.722162246704102,9.731143664663128,9.605406382782244,9.686237431383157,59900
2018-05-24,9.722162246704102,9.73563437364264,9.60091567380273,9.722162246704102,48900
2018-05-25,9.735637664794922,9.735637664794922,9.61888176140349,9.70869425832473,51200
2018-05-29,9.663786888122559,9.713182984831596,9.636842628264521,9.695221001441586,68500
2018-05-30,9.636842727661133,9.713183085015599,9.609899324040544,9.699711811462983,62500
2018-05-31,9.704204559326172,9.717675835707697,9.560505234486326,9.668279728116211,74500
2018-06-01,9.704204559326172,9.735638679570446,9.542542390623577,9.713185124742008,110900
2018-06-04,9.735637664794922,9.740128375292528,9.659297299366504,9.726656243799708,87000
2018-06-05,9.695220947265625,9.71767364050651,9.596427897884249,9.713182930555265,80800
2018-06-06,9.659295082092285,9.681747772910894,9.529067077101644,9.663785791559057,94200
2018-06-07,9.600920677185059,9.68624247922972,9.596430822380881,9.636845511227715,72900
2018-06-08,9.569483757019043,9.681748937648365,9.560503193520367,9.600917870552797,70400
2018-06-11,9.551522254943848,9.58744708029538,9.511106719358947,9.569484239361914,99800
2018-06-12,9.524578094482422,9.578465761338506,9.47967270470366,9.533559515044336,72000
2018-06-13,9.484163284301758,9.533559383680846,9.430275618188194,9.524577963242686,115500
2018-06-14,9.488654136657715,9.529069676367653,9.38986107098647,9.457220018331205,89900
2018-06-15,9.547030448913574,9.55601186834943,9.425783856075416,9.488652079095809,124300
2018-06-18,9.533560752868652,9.650316665786757,9.502126633335994,9.551523596324754,101800
2018-06-19,9.609896659851074,9.713180392192372,9.493140801176734,9.533556323660742,159000
2018-06-20,9.669419288635254,9.71520182348745,9.64652714796328,9.64652714796328,130600
2018-06-21,9.550381660461426,9.673995712656389,9.550381660461426,9.673995712656389,122200
2018-06-22,9.45881462097168,9.614477662510074,9.435923356787814,9.587007970840286,112300
2018-06-25,9.426769256591797,9.504600800105633,9.371828983951321,9.458817385112905,117700
2018-06-26,9.408453941345215,9.454237348552262,9.399297958500492,9.417610797435795,57400
2018-06-27,9.326044082641602,9.454236564292318,9.326044082641602,9.413031588548648,65400
2018-06-28,9.293998718261719,9.380987131383266,9.266529014787698,9.326047724435226,99500
2018-06-29,9.358094215393066,9.413033612701451,9.312310802138763,9.312310802138763,87800
2018-07-02,9.431344985961914,9.454236250283302,9.321465345376888,9.358091892238562,72300
2018-07-03,9.504598617553711,9.550382022033142,9.408453380822321,9.477128924164374,39600
2018-07-05,9.550381660461426,9.591586635608339,9.486284547318576,9.527489522465489,86800
2018-07-06,9.518332481384277,9.628212111800872,9.513754054294543,9.564115005790267,85900
2018-07-09,9.568692207336426,9.582427486846436,9.522908815548625,9.554957801071982,54700
2018-07-10,9.495444297790527,9.609902402932525,9.463396168070135,9.591589560197747,72900
2018-07-11,9.45881462097168,9.577851115868437,9.312308434405132,9.312308434405132,47700
2018-07-12,9.413029670715332,9.504596458877623,9.367246276634186,9.490861178679598,65400
2018-07-13,9.495444297790527,9.509179584776142,9.385564621643736,9.403878337624555,82700
2018-07-16,9.495444297790527,9.541227714496534,9.44966088108452,9.541227714496534,43200
2018-07-17,9.55953598022461,9.55953598022461,9.477126917505652,9.500018178275536,27000
2018-07-18,9.632791519165039,9.651104356141893,9.56411597907598,9.568694406631634,57000
2018-07-19,9.641948699951172,9.706045820454682,9.628214288822178,9.632792716947135,39900
2018-07-20,9.568692207336426,9.646523711402015,9.545800948065308,9.646523711402015,37300
2018-07-23,9.495444297790527,9.623637689918139,9.490865868795323,9.577854273212132,59200
2018-07-24,9.522909164428711,9.55495815112621,9.495439477647881,9.518331611003237,48800
2018-07-25,9.477130889892578,9.591588988208933,9.454238746281712,9.591588988208933,45900
2018-07-26,9.536645889282227,9.587007717048433,9.481705634151298,9.518333053069071,139600
2018-07-27,9.701469421386719,9.715203835388257,9.490866049820534,9.50917976615066,256100
2018-07-30,9.756406784057617,9.774720496558794,9.596165292655826,9.706045821171132,148400
2018-07-31,9.742671012878418,9.751826994604981,9.619056090489394,9.728935730419941,139000
2018-08-01,9.715201377868652,9.747250373339387,9.63279229496713,9.719779805793044,68200
2018-08-02,9.7838773727417,9.788454927630443,9.637370292171441,9.6877321284064,93200
2018-08-03,9.834238052368164,9.852551764378962,9.687731849265196,9.687731849265196,72800
2018-08-06,9.866287231445312,9.866287231445312,9.806769407529831,9.83881753373401,80200
2018-08-07,9.88001823425293,10.072307781372594,9.80218673010341,10.072307781372594,126900
2018-08-08,9.820503234863281,9.880021049941577,9.751827690913029,9.820503234863281,74600
2018-08-09,9.925804138183594,9.944116975605866,9.783876373489282,9.83423733133487,71700
2018-08-10,9.93953800201416,9.957851711676348,9.829658363778256,9.92580359301326,82700
2018-08-13,9.957853317260742,9.971588601722033,9.852552089461824,9.930383621584042,90900
2018-08-14,10.058577537536621,10.063155966337023,9.898336895752596,9.962433152466206,111300
2018-08-15,9.948694229125977,10.040261025167968,9.934959820991658,10.035682598041301,62300
2018-08-16,9.944120407104492,9.98532539708078,9.889181002633501,9.962434124092216,67300
2018-08-17,10.01279067993164,10.017368233512848,9.934959170366717,9.944115150774758,58800
2018-08-20,10.003636360168457,10.040262910814896,9.957852953548947,10.003636360168457,53400
2018-08-21,10.040261268615723,10.058574104320744,10.003634723959975,10.003634723959975,50900
2018-08-22,10.053997993469238,10.063154850054293,10.012793885328312,10.058576421761765,31800
2018-08-23,10.003636360168457,10.05857574951519,9.989901076208849,10.05857574951519,70500
2018-08-24,10.003636360168457,10.05857574951519,9.985322648222313,10.026527626855287,86000
2018-08-27,9.971585273742676,10.053994333269062,9.962428420491214,10.003633386877201,46900
2018-08-28,9.843395233154297,9.971588601722033,9.843395233154297,9.962431745414506,67800
2018-08-29,9.907489776611328,9.92122505870999,9.83423668524326,9.852550394708143,71500
2018-08-30,9.921228408813477,9.95327653795299,9.866288135112866,9.921228408813477,87700
2018-08-31,9.957853317260742,9.985323012937442,9.87544335698476,9.925805193430278,95700
2018-09-04,9.989901542663574,9.994479970863889,9.866286600992746,9.957853418507261,85600
2018-09-05,9.962430000305176,10.012791827928861,9.866284772409571,9.980742836466508,88700
2018-09-06,9.93496322631836,9.999059481570097,9.898336669996512,9.967011353944228,81400
2018-09-07,9.902914047241211,9.953275888744722,9.884601206032823,9.930384618922744,43300
2018-09-10,9.89833927154541,9.939543394146801,9.866290262250219,9.916652117896449,46900
2018-09-11,9.902914047241211,9.939540602903953,9.870865920192056,9.898336491873591,53500
2018-09-12,9.976166725158691,9.98990113595459,9.870864627330292,9.912069606209698,46500
2018-09-13,9.953276634216309,10.058577880477708,9.925806933723342,9.989903192622275,64400
2018-09-14,9.953276634216309,10.003638479491775,9.889180375317375,9.957855063172808,56300
2018-09-17,9.953276634216309,9.994481621578775,9.916650075810342,9.962433492129309,74500
2018-09-18,10.026525497436523,10.044839205493227,9.902910587790755,9.957850838715206,110300
2018-09-19,10.031194686889648,10.105845366855393,10.003200904379069,10.049857801834234,99900
2018-09-20,10.063854217529297,10.143170675989964,10.05918843880734,10.077851553695167,59300
2018-09-21,10.073183059692383,10.12917060945152,10.03119195242,10.054519949835298,120300
2018-09-24,10.087186813354492,10.147840179188428,10.063857911182499,10.096517484316665,39700
2018-09-25,10.06851577758789,10.110506878585118,10.059184224053856,10.1058411018181,44400
2018-09-26,10.059185028076172,10.091844578149816,10.040522809422374,10.06385080521612,35000
2018-09-27,10.063854217529297,10.110511114842565,10.049857771269725,10.063854217529297,46100
2018-09-28,9.975205421447754,10.10584454572615,9.970540532996944,10.054521873704953,100400
2018-10-01,10.035858154296875,10.077849263345046,9.970539046846875,9.993867045248706,50300
2018-10-02,10.035858154296875,10.101177261746875,9.95654171386212,10.035858154296875,98900
2018-10-03,9.984535217285156,10.119840096058166,9.984535217285156,10.040523657789247,72900
2018-10-04,9.881893157958984,9.92855005461623,9.811908257926262,9.877227379302632,145500
2018-10-05,9.802577018737793,9.886559257465061,9.797911239930022,9.877227699849517,72000
2018-10-08,9.653275489807129,9.797911070725021,9.643943932352737,9.797911070725021,81300
2018-10-09,9.91921615600586,9.923881933560919,9.648607287154976,9.657938842265093,148900
2018-10-10,9.895886421203613,9.937877525698887,9.80257354780767,9.919215306982098,151500
2018-10-11,9.718592643737793,9.900553527711967,9.699930422515218,9.900553527711967,94800
2018-10-12,9.639275550842285,9.905218637138816,9.587952888607495,9.783911092705896,82400
2018-10-15,9.657941818237305,9.723260944323236,9.625281365287988,9.676604044301993,44100
2018-10-16,9.685934066772461,9.70459628987862,9.643942952400844,9.667270953760093,48800
2018-10-17,9.653275489807129,9.755919952086552,9.634612374898344,9.713928833448083,55600
2018-10-18,9.699929237365723,9.75591678409894,9.653272355150703,9.657938132362805,88600
2018-10-19,9.64860725402832,9.779245465497144,9.64860725402832,9.695264139512647,50900
2018-10-22,9.573960304260254,9.713930125062054,9.569294524912673,9.671939000840231,46200
2018-10-23,9.559961318969727,9.662605777210931,9.527301759070538,9.58795510032528,92700
2018-10-24,9.503972053527832,9.620613826502417,9.499306275820116,9.56462538391593,77600
2018-10-25,9.536633491516113,9.68593484803275,9.499308152386954,9.527301934257252,106100
2018-10-26,9.461983680725098,9.57395970837845,9.419992559116794,9.531968586770148,96800
2018-10-29,9.466646194458008,9.615947513164068,9.41998930988585,9.517967966571932,68400
2018-10-30,9.489974975585938,9.541297641844753,9.387330532974438,9.47131186425323,57100
2018-10-31,9.611282348632812,9.657939236180304,9.466646798151087,9.503972130207858,139000
2018-11-01,9.709263801574707,9.7605864816154,9.499309082138575,9.5926219941414,102200
2018-11-02,9.685934066772461,9.80724163163422,9.662605175507002,9.718593624637894,220900
2018-11-05,9.751250267028809,9.797907145703824,9.690596947685448,9.690596947685448,98500
2018-11-06,9.914551734924316,9.933214847697972,9.66727083011056,9.74192150139279,89200
2018-11-07,9.816572189331055,9.951876185279069,9.807240633774331,9.937878851943983,154100
2018-11-08,9.811904907226562,9.900552001706023,9.68593159624293,9.797907576037499,59100
2018-11-09,9.797911643981934,9.849234323077585,9.769917859887192,9.825905428076675,48200
2018-11-12,9.615947723388672,9.793242820751646,9.615947723388672,9.77924548810217,64600
2018-11-13,9.62994384765625,9.755917167617183,9.62994384765625,9.634609625051771,97400
2018-11-14,9.643939018249512,9.713923883683824,9.601947921007756,9.6626012337426,85500
2018-11-15,9.709263801574707,9.709263801574707,9.597287773227496,9.620616668657979,62100
2018-11-16,9.732589721679688,9.732589721679688,9.615947949904642,9.685932834988451,46800
2018-11-19,9.797911643981934,9.802577422982116,9.685935617696616,9.727926738791904,58400
2018-11-20,9.685934066772461,9.783912740368761,9.648608730653937,9.769916295515694,124300
2018-11-21,9.723258018493652,9.765249126886577,9.634610024119027,9.704594908138539,89400
2018-11-23,9.87722396850586,9.89122129964137,9.690597336228961,9.704593777458491,46900
2018-11-26,9.751250267028809,9.951874222397219,9.746584490170711,9.89588579000601,99100
2018-11-27,9.802577018737793,9.839902359293655,9.72792633762607,9.72792633762607,44800
2018-11-28,10.012531280517578,10.026528616318608,9.872561482132381,9.881893039333068,59000
2018-11-29,9.914551734924316,10.0078655189802,9.881892177476615,9.993868184399957,78600
2018-11-30,9.886560440063477,9.933217343815832,9.835237756945245,9.933217343815832,101100
2018-12-03,9.970541000366211,10.017197006311141,9.825904534236864,9.993869003338675,67200
2018-12-04,9.970541000366211,10.026528563462636,9.853899205691347,9.951877886063222,125100
2018-12-06,9.709263801574707,9.99853587556811,9.5506308722729,9.853900283524592,236800
2018-12-07,9.797911643981934,9.86323077017178,9.704597843790994,9.7419231858861,104500
2018-12-10,9.751250267028809,9.914548897438394,9.709259165211888,9.80257292256192,114600
2018-12-11,9.816572189331055,9.867893965080796,9.737255746911144,9.835234410538382,71500
2018-12-12,9.807238578796387,9.891220781397292,9.802572801995677,9.886555004596582,70300
2018-12-13,9.569291114807129,9.881891100445905,9.56462533712224,9.839899991188002,127600
2018-12-14,9.508637428283691,9.648608096965003,9.471312094616572,9.578623207577422,131200
2018-12-17,9.205370903015137,9.606618991143993,9.191374456158954,9.606618991143993,187300
2018-12-18,9.25202465057373,9.36866641414118,9.135382887006283,9.270687759899419,150600
2018-12-19,9.31872272491455,9.461648469200684,9.271080810152506,9.2996665042261,137000
2018-12-20,9.009052276611328,9.328251946699734,8.932825571100128,9.313959098656131,169900
2018-12-21,9.013814926147461,9.15673974591199,8.885182043143077,9.018579207965457,181800
2018-12-24,8.870891571044922,8.98523162747386,8.78990058415434,8.98523162747386,94500
2018-12-26,9.228205680847168,9.237733338490578,8.909005978093386,8.909005978093386,174700
2018-12-27,9.333016395568848,9.356836900705003,9.1091005577293,9.161505850767648,131900
2018-12-28,9.333016395568848,9.44735645587164,9.313959264504705,9.375894031769148,124400
2018-12-31,9.142452239990234,9.442594870435734,9.142452239990234,9.352075289411673,168400
2019-01-02,9.247262001037598,9.299668207745041,9.075751439954404,9.123393363443526,143900
2019-01-03,9.323486328125,9.390184458717115,9.242495351537197,9.242495351537197,54200
2019-01-04,9.394951820373535,9.471178539949834,9.30919744237083,9.394951820373535,321400
2019-01-07,9.666509628295898,9.771321130750403,9.39018665977258,9.428300924695042,470400
2019-01-08,9.490235328674316,9.70938691230385,9.442593403500114,9.704623537611157,211900
2019-01-09,9.366366386413574,9.528348381596238,9.34731016217132,9.480706457949434,176100
2019-01-10,9.542640686035156,9.609338830113105,9.304431990106417,9.38065870010809,167800
2019-01-11,9.537877082824707,9.599810948354735,9.409244159769122,9.54740564942752,102100
2019-01-14,9.514056205749512,9.59028292550569,9.456886620279466,9.537877623607178,118700
2019-01-15,9.509289741516113,9.566460222570052,9.475940672857137,9.514054023995106,284700
2019-01-16,9.466414451599121,9.537876882229,9.433064469190679,9.528348315826587,234200
2019-01-17,9.494998931884766,9.51881943841841,9.394950805316496,9.428300786635305,242200
2019-01-18,9.514056205749512,9.552169565627601,9.466415187422532,9.537877623607178,88100
2019-01-22,9.518819808959961,9.556933166113884,9.461650227576133,9.485470735037042,106800
2019-01-23,9.504528045654297,9.552169061466795,9.461650404467743,9.514055703600318,144200
2019-01-24,9.5759916305542,9.637925503780775,9.490236337860297,9.542642551994179,101900
2019-01-25,9.671274185180664,9.685567036274112,9.461651154641983,9.604576030799647,144500
2019-01-28,9.656981468200684,9.68080197608493,9.561697619275433,9.666510034832035,129000
2019-01-29,9.623631477355957,9.69985818576046,9.599810063045773,9.676036771450276,74600
2019-01-30,9.7379732131958,9.7379732131958,9.623633130942492,9.666510775374258,199400
2019-01-31,9.771319389343262,9.785612236141969,9.656979341035388,9.73797032217354,196900
2019-02-01,9.752264022827148,9.780849721590922,9.704623008942379,9.77132115533633,178800
2019-02-04,9.804670333862305,9.852312256952972,9.723679337216401,9.747499844414683,113400
2019-02-05,9.91424560546875,9.91424560546875,9.790376975350268,9.823726955865828,48900
2019-02-06,9.895191192626953,9.952360780866751,9.838020695692933,9.919011702944498,47100
2019-02-07,9.818962097167969,9.876131671597062,9.766555896696298,9.871367388945638,54300
2019-02-08,9.828490257263184,9.842783105949641,9.742735891226586,9.799905468584317,52000
2019-02-11,9.838016510009766,9.909478919252223,9.795138882725524,9.838016510009766,130300
2019-02-12,9.92853832244873,10.009529313808875,9.842783048221044,9.842783048221044,104700
2019-02-13,9.933302879333496,9.980944800629118,9.866603826041997,9.980944800629118,57700
2019-02-14,9.9190092086792,9.966651126028324,9.866603008725761,9.961886843424013,45200
2019-02-15,9.909481048583984,9.985707755981243,9.895189108880768,9.985707755981243,49200
2019-02-19,9.899953842163086,9.919010065532511,9.880896710099588,9.885660993115463,50200
2019-02-20,9.976178169250488,10.014291515576339,9.899951476598785,9.904715758476248,82000
2019-02-21,10.138162612915039,10.147690270320496,9.96188777484996,9.990472564454485,109400
2019-02-22,10.195331573486328,10.295379694072514,10.047642442681411,10.200095856247005,186900
2019-02-25,10.304905891418457,10.338255866019852,10.209622975781869,10.262029170033024,192000
2019-02-26,10.300148963928223,10.400196224260966,10.233449881678599,10.323969480570934,278500
2019-02-27,10.190567970275879,10.314436604231515,10.142926956880244,10.271558965220176,120600
2019-02-28,10.23344612121582,10.247738971165962,10.100049823124351,10.238210404532534,250100
2019-03-01,10.171506881713867,10.252497837920899,10.114336420811517,10.252497837920899,203500
2019-03-04,10.228682518005371,10.328730656920314,10.16674864815836,10.16674864815836,150700
2019-03-05,10.195331573486328,10.30014397683319,10.128633432224886,10.24297349239908,101800
2019-03-06,10.23344612121582,10.28108804568883,10.1715122554868,10.238210404532534,186100
2019-03-07,10.25250244140625,10.266794381528838,10.17627573177226,10.19533195483373,83700
2019-03-08,10.26679515838623,10.290616574883131,10.185804159685015,10.219154142780678,138400
2019-03-11,10.290618896484375,10.304910840912706,10.200099310762848,10.304910840912706,168700
2019-03-12,10.242976188659668,10.31920291550764,10.233447620630105,10.281089552083655,98500
2019-03-13,10.242976188659668,10.271560984054092,10.19533425720612,10.271560984054092,74800
2019-03-14,10.295378684997559,10.338256316947094,10.242972488460586,10.247736770754305,113400
2019-03-15,10.362078666687012,10.362078666687012,10.252502880482192,10.300144803217274,129000
2019-03-18,10.357316017150879,10.362080301045243,10.276325008335169,10.362080301045243,162500
2019-03-19,10.347787857055664,10.39066550510004,10.323967345339577,10.381137845630171,223100
2019-03-20,10.221532821655273,10.328361789813243,10.138983585431875,10.260379466573516,398900
2019-03-21,10.158405303955078,10.250666414179086,10.158405303955078,10.221530741786104,83600
2019-03-22,10.168119430541992,10.197254183164306,10.143839698209158,10.143839698209158,179900
2019-03-25,10.168119430541992,10.236100828719753,10.114704945586844,10.163263484075426,60900
2019-03-26,10.187543869018555,10.236102415032367,10.18268792179945,10.18268792179945,104600
2019-03-27,10.15355110168457,10.226388442817733,10.148695155452087,10.226388442817733,143200
2019-03-28,10.182684898376465,10.216676518817469,10.08071281558432,10.168117987221562,80700
2019-03-29,10.119561195373535,10.221533295696652,10.114705248761418,10.177830702364712,124100
2019-04-01,10.187543869018555,10.187543869018555,10.148697217442951,10.16812100631937,153300
2019-04-02,10.372063636779785,10.396342440794946,10.182685445988914,10.197253284104214,268000
2019-04-03,10.401199340820312,10.420622200578483,10.318650102949633,10.367208641610695,190300
2019-04-04,10.372063636779785,10.42547719084854,10.367207690741353,10.410910278910245,53400
2019-04-05,10.459470748901367,10.47403766353563,10.362353662512797,10.381776524084204,82900
2019-04-08,10.401199340820312,10.454613825965192,10.381775554885051,10.454613825965192,44600
2019-04-09,10.352642059326172,10.401200603883913,10.352642059326172,10.367209900546655,41900
2019-04-10,10.347784042358398,10.372063772869133,10.318649291922535,10.367207826766986,27300
2019-04-11,10.3817777633667,10.386633710883505,10.342931109409545,10.35749895195996,42900
2019-04-12,10.410910606384277,10.415766552575453,10.352640178267194,10.410910606384277,44100
2019-04-15,10.372063636779785,10.488603563171164,10.352639852626053,10.38663054871808,54900
2019-04-16,10.362353324890137,10.415767813281235,10.357497378111205,10.391488079386578,64000
2019-04-17,10.396342277526855,10.425477027122906,10.362351581968632,10.425477027122906,64300
2019-04-18,10.338071823120117,10.425476063832313,10.328359932093127,10.425476063832313,60400
2019-04-22,10.362353324890137,10.367209271669068,10.3186507300569,10.352641431332273,31400
2019-04-23,10.410910606384277,10.430333464971948,10.342928285884842,10.342928285884842,29300
2019-04-24,10.362353324890137,10.444902567777678,10.362353324890137,10.440046620998746,61400
2019-04-25,10.357499122619629,10.386633882023224,10.265237970634725,10.357499122619629,81600
2019-04-26,10.352642059326172,10.415768445104396,10.31379540891542,10.36235395347316,115800
2019-04-29,10.410910606384277,10.483747946897854,10.3720639630319,10.3720639630319,76500
2019-04-30,10.401199340820312,10.464324792755733,10.299226317014371,10.357496748643065,80300
2019-05-01,10.31865119934082,10.415768286981962,10.299227411341716,10.396344498982858,91000
2019-05-02,10.3817777633667,10.454616049941489,10.333220140553221,10.333220140553221,44300
2019-05-03,10.435193061828613,10.46432782299119,10.342931904273533,10.342931904273533,46100
2019-05-06,10.420624732971191,10.46432733576893,10.372067108686872,10.381778077837348,35700
2019-05-07,10.372063636779785,10.53716209737849,10.34778390658762,10.430333136886972,96600
2019-05-08,10.29922866821289,10.546876438360144,10.265237961243576,10.3526431655517,91200
2019-05-09,10.362353324890137,10.367209271669068,10.245813380727222,10.294371922339389,59900
2019-05-10,10.308938980102539,10.39148822413999,10.289516118893399,10.381776330446842,71600
2019-05-13,10.236102104187012,10.294372542869501,10.21182329500601,10.270092807511297,63800
2019-05-14,10.304081916809082,10.328361648411247,10.24095646699757,10.245812413318003,53900
2019-05-15,10.211819648742676,10.304079831629547,9.896189685026222,9.896189685026222,78700
2019-05-16,10.255524635314941,10.284659387996143,10.221533009980268,10.245812742362178,51400
2019-05-17,10.308938980102539,10.323506820642264,10.236101629758236,10.240957576604812,60200
2019-05-20,10.284662246704102,10.352643663915273,10.265238455399569,10.308941059657421,36300
2019-05-21,10.274948120117188,10.328362608429755,10.240957418891789,10.313794768114379,43500
2019-05-22,10.29922866821289,10.367211008328821,10.240959149459009,10.240959149459009,45700
2019-05-23,10.22638988494873,10.304083183270727,10.202111076539547,10.304083183270727,42800
2019-05-24,10.22638988494873,10.265236534109729,10.172976321213092,10.265236534109729,71400
2019-05-28,10.192400932312012,10.216680671066179,10.153554276482675,10.206968775564512,125500
2019-05-29,10.168119430541992,10.231244882253186,10.129272784986545,10.19239823669774,62900
2019-05-30,10.17297649383545,10.221534111477776,10.129273897015603,10.192399355656942,72100
2019-05-31,9.954461097717285,10.124415496816143,9.89619067401766,10.124415496816143,149100
2019-06-03,10.003021240234375,10.080714533557673,9.94960675375819,9.978741507210149,58700
2019-06-04,10.085572242736816,10.090428190190297,9.969032282385118,10.090428190190297,85900
2019-06-05,10.056435585021973,10.129273863599552,10.01758893532995,10.09042721390753,73200
2019-06-06,10.06129264831543,10.090428333449967,10.012735025445778,10.027301941835757,59200
2019-06-07,10.085572242736816,10.129274843640863,10.012734883289165,10.075860347829856,75000
2019-06-10,10.143840789794922,10.143840789794922,10.04672462854411,10.085571278279872,69700
2019-06-11,10.138983726501465,10.17297535168281,10.066146382038466,10.17297535168281,69200
2019-06-12,10.071005821228027,10.138987242813249,10.056437976812306,10.11956437643636,96700
2019-06-13,10.075859069824219,10.14384047319574,10.071003122986658,10.075859069824219,60900
2019-06-14,10.100137710571289,10.158408145479859,10.071002956205575,10.124417444357002,107600
2019-06-17,10.119561195373535,10.153551895481241,10.06614670881736,10.109849302149302,78200
2019-06-18,10.119561195373535,10.17297568192971,10.104993355537184,10.138984055644888,128800
2019-06-19,10.19386100769043,10.30283294308581,10.129468715130475,10.18890760906825,146500
2019-06-20,10.10965347290039,10.25825162828946,10.015540803946497,10.243392379608972,138700
2019-06-21,10.124515533447266,10.183954428658645,10.060122294743366,10.114608735990634,95600
2019-06-24,10.074981689453125,10.174047766610222,10.060121494450321,10.159187571607418,60100
2019-06-25,9.995729446411133,10.104701378097563,9.985822649503962,10.089842127500958,51700
2019-06-26,10.010587692260742,10.104700363904625,9.980868249286274,9.995728443155537,99700
2019-06-27,10.020495414733887,10.025448813148332,9.951149726459954,10.025448813148332,127300
2019-06-28,10.16909408569336,10.203766928305603,9.970961936884935,10.050215363266767,95700
2019-07-01,10.094794273376465,10.203767146504209,10.040308781576718,10.144327311637792,149900
2019-07-02,10.139375686645508,10.179001935232115,10.0997494380589,10.0997494380589,75600
2019-07-03,10.16909408569336,10.218626178131363,10.154233891103496,10.159187289300117,137500
2019-07-05,10.21862506866455,10.233485261640999,10.169092981604395,10.203765820452105,69400
2019-07-08,10.164144515991211,10.213677571850768,10.129471660318858,10.213677571850768,86400
2019-07-09,10.129467010498047,10.159186452465613,10.114606817132252,10.159186452465613,46300
2019-07-10,10.144330024719238,10.18395627697344,10.094796973210393,10.139376625091916,100800
2019-07-11,10.159186363220215,10.208719395907043,10.11460672827847,10.149279567730044,91700
2019-07-12,10.21862506866455,10.248345454617445,10.134419197992687,10.183952229816843,75900
2019-07-15,10.124515533447266,10.203768023571909,10.114608735990634,10.154234981052955,94300
2019-07-16,10.179001808166504,10.203768803701644,10.11956290841072,10.124516307517748,59200
2019-07-17,10.129467010498047,10.203766087798977,10.109653419343653,10.178999098855982,43600
2019-07-18,10.124515533447266,10.144328183596324,10.074982490928313,10.134421386139692,67900
2019-07-19,10.089842796325684,10.169095287308155,10.089842796325684,10.154235090962361,71600
2019-07-22,10.0601224899292,10.11460893223361,10.055169091104778,10.089842882875727,33100
2019-07-23,10.159186363220215,10.188905804926705,10.065073695591641,10.089840684317066,76100
2019-07-24,10.28302001953125,10.302832668728183,10.149281094586355,10.154234493076627,92700
2019-07-25,10.322646141052246,10.342458790015716,10.238440257238164,10.278066499929253,81100
2019-07-26,10.342458724975586,10.342458724975586,10.312739279335203,10.332552872938221,64600
2019-07-29,10.287976264953613,10.342461773895758,10.278069465231615,10.327602519077184,58400
2019-07-30,10.337501525878906,10.337501525878906,10.278061717120012,10.292921905500663,51900
2019-07-31,10.28302001953125,10.342458911886208,10.233486979392678,10.327599661179548,197100
2019-08-01,10.287976264953613,10.367228773200752,10.26816266550962,10.278069465231615,79100
2019-08-02,10.253300666809082,10.278066714722023,10.208721024754455,10.278066714722023,69900
2019-08-05,10.065074920654297,10.253300278821143,10.030402076982545,10.20376724010544,118500
2019-08-06,9.980868339538574,10.263205412259206,9.931335304290519,10.079934410034685,199400
2019-08-07,10.040310859680176,10.045264259007956,9.896665113467519,9.921432110106418,72900
2019-08-08,10.139375686645508,10.154235884152094,9.951151242050196,10.02545034005455,104800
2019-08-09,10.04526138305664,10.14927990486663,10.020494393508514,10.124513860082551,52300
2019-08-12,10.079934120178223,10.08984091589577,9.921429167753633,10.015540892778208,65700
2019-08-13,10.084890365600586,10.119563215638166,10.035357317790771,10.079936966343174,100800
2019-08-14,9.990775108337402,10.045261541438311,9.951148869199669,10.015541153511963,48700
2019-08-15,10.040310859680176,10.070030310882535,10.005638009150037,10.040310859680176,128300
2019-08-16,10.124515533447266,10.144328183596324,10.079935889656628,10.109655337262318,61600
2019-08-19,10.213674545288086,10.238440593496847,10.139374511133445,10.15423470691721,54100
2019-08-20,10.19881534576416,10.243394992705985,10.183955148528794,10.228534795470619,46800
2019-08-21,10.213674545288086,10.25330078928061,10.144327909728034,10.25330078928061,74100
2019-08-22,10.174047470092773,10.233486358843411,10.154233877333159,10.233486358843411,41800
2019-08-23,10.089842796325684,10.22358078438097,10.065075802416027,10.193861336453597,41900
2019-08-26,10.124515533447266,10.193861226115278,10.079935889656628,10.134421386139692,61300
2019-08-27,10.074981689453125,10.17900022018036,10.030402049208844,10.159187571607418,76300
2019-08-28,10.094794273376465,10.114607866586645,10.040308781576718,10.050215578181808,60000
2019-08-29,10.129467010498047,10.13441946352262,10.070027181798888,10.124513612709448,44800
2019-08-30,10.134419441223145,10.164139827889342,10.089840750751897,10.164139827889342,50400
2019-09-03,10.114603996276855,10.13441663714169,10.084884562597724,10.109650599869706,44000
2019-09-04,10.129467010498047,10.183952496644581,10.119560214920849,10.13441946352262,62800
2019-09-05,10.179001808166504,10.238441652686564,10.129469706624777,10.15423575739564,70400
2019-09-06,10.159186363220215,10.228532042123364,10.104699932788302,10.169093158710384,65900
2019-09-09,10.223579406738281,10.258252248775369,10.139373528320748,10.174047315121923,35700
2019-09-10,10.2483491897583,10.30778809379935,10.21367633827363,10.21862879297343,58200
2019-09-11,10.312738418579102,10.36722485167553,10.253299532259419,10.287972373406578,64900
2019-09-12,10.337501525878906,10.377127750130267,10.302827752990721,10.357314165622732,70700
2019-09-13,10.357316017150879,10.372176208188016,10.297877142530089,10.302829594778588,68200
2019-09-16,10.38703727722168,10.481149947444404,10.332551790051928,10.372178028340858,96000
2019-09-17,10.43657398223877,10.4563875807345,10.337508824053247,10.401901129635618,110400
2019-09-18,10.451725959777832,10.532551214277218,10.4062616336828,10.446674260932491,136600
2019-09-19,10.461833000183105,10.557813393477604,10.401214514375445,10.44162715941837,101400
2019-09-20,10.49213981628418,10.507293951082623,10.431520386550964,10.49213981628418,100500
2019-09-23,10.451725959777832,10.517396117741196,10.43657086324181,10.507292720050513,49900
2019-09-24,10.391106605529785,10.542654681348235,10.355745676892726,10.50224205383259,129600
2019-09-25,10.476984977722168,10.507294211583641,10.325437844901636,10.421417246048494,129800
2019-09-26,10.482034683227539,10.547704838020119,10.375951903136531,10.476982984626112,63800
2019-09-27,10.461833000183105,10.53760755271287,10.421420355140178,10.50729734629558,58800
2019-09-30,10.431519508361816,10.527499862562047,10.416365374839142,10.497190632003631,96100
2019-10-01,10.340592384338379,10.482037087076945,10.340592384338379,10.426469353230864,85100
2019-10-02,10.093062400817871,10.320384016674884,10.04759807764647,10.305228921113427,206900
2019-10-03,10.093062400817871,10.189042745681164,10.057701474687441,10.057701474687441,162900
2019-10-04,10.148633003234863,10.178942239452608,10.103168667151621,10.103168667151621,65100
2019-10-07,10.108219146728516,10.18904440922653,10.103167447383248,10.123374244764317,74400
2019-10-08,10.133477210998535,10.158735709048573,10.077910442314813,10.113271376071685,113700
2019-10-09,10.14357852935791,10.178939455860817,10.113269301428701,10.158733625079005,86800
2019-10-10,10.14357852935791,10.173887757287119,10.128423433636813,10.173887757287119,71300
2019-10-11,10.19409465789795,10.274919908894102,10.183991260645183,10.254713114388567,99100
2019-10-14,10.163786888122559,10.18399272201457,10.10316745942026,10.18399272201457,57900
2019-10-15,10.19914722442627,10.23450815430702,10.148631197376739,10.183992127257488,65200
2019-10-16,10.204195976257324,10.239556895924961,10.189040883465708,10.214298407938935,90800
2019-10-17,10.330490112304688,10.350695948151943,10.20420050684137,10.224406342688624,101100
2019-10-18,10.381001472473145,10.406259962643837,10.315331325055105,10.335537153678779,84700
2019-10-21,10.391106605529785,10.497190354954004,10.370900773528483,10.406261702165542,88800
2019-10-22,10.411314010620117,10.476984172860597,10.381003815573958,10.381003815573958,48700
2019-10-23,10.416366577148438,10.431520712420278,10.350695445926531,10.431520712420278,74800
2019-10-24,10.381001472473145,10.4618267139936,10.360795643849471,10.441620885369927,58000
2019-10-25,10.35069465637207,10.396158985745917,10.340591257952747,10.365849754001054,58500
2019-10-28,10.370903015136719,10.421418087815022,10.345644515284317,10.350696215254796,86700
2019-10-29,10.42646598815918,10.456776176936383,10.335537348853366,10.375950933889639,61200
2019-10-30,10.431519508361816,10.451726304409473,10.381003481755743,10.421416110337988,32800
2019-10-31,10.451725959777832,10.476983490491502,10.386054838301435,10.43657086324181,64000
2019-11-01,10.466879844665527,10.502241735744601,10.421415519648304,10.466879844665527,59400
2019-11-04,10.456778526306152,10.532552088247737,10.45677852630615,10.4719326605866,91600
2019-11-05,10.461833000183105,10.608329440659627,10.41636961758409,10.461833000183105,130800
2019-11-06,10.461833000183105,10.557813393477604,10.350698467193421,10.482039804461298,105300
2019-11-07,10.370903015136719,10.507295060286689,10.345644515284317,10.507295060286689,106600
2019-11-08,10.345645904541016,10.542658375792412,10.340594203892172,10.35069760518986,91200
2019-11-11,10.370903015136719,10.386057151534908,10.335541115343355,10.335541115343355,63300
2019-11-12,10.43657398223877,10.451729083303933,10.375955505004761,10.375955505004761,61200
2019-11-13,10.386055946350098,10.431520277295547,10.35574671355751,10.421416878526973,252600
2019-11-14,10.416366577148438,10.426469012825272,10.370902244306556,10.406263177958424,131700
2019-11-15,10.386055946350098,10.436571976679835,10.350695014173223,10.436571976679835,97800
2019-11-18,10.355745315551758,10.391106242954976,10.32038438814854,10.38100284555034,213300
2019-11-19,10.381001472473145,10.441620885369927,10.355743945815334,10.406259962643837,121900
2019-11-20,10.381001472473145,10.381001472473145,10.325434721123383,10.355743945815334,101300
2019-11-21,10.305230140686035,10.441623126341673,10.290076006844133,10.441623126341673,89700
2019-11-22,10.300179481506348,10.355747213905179,10.290077045762802,10.355747213905179,66500
2019-11-25,10.370903015136719,10.41131565138731,10.305231879033723,10.305231879033723,150200
2019-11-26,10.305230140686035,10.446674825460002,10.300178441567706,10.350694469237913,200100
2019-11-27,10.456778526306152,10.45677852630615,10.330488935232468,10.330488935232468,129100
2019-11-29,10.482034683227539,10.48203468322754,10.36079680733225,10.456777153733393,112600
2019-12-02,10.355745315551758,10.492138289975317,10.310280990743905,10.492138289975317,162500
2019-12-03,10.340592384338379,10.355747483618186,10.290077313765444,10.325438248571782,103000
2019-12-04,10.35069465637207,10.381003888116933,10.335539558743086,10.34564295716241,160500
2019-12-05,10.35069465637207,10.386055587326593,10.340591257952747,10.386055587326593,160000
2019-12-06,10.375954627990723,10.411315563973945,10.360799528206522,10.386057064333613,197100
2019-12-09,10.441622734069824,10.492138759842243,10.365849177167723,10.391106708297407,393500
2019-12-10,10.461833000183105,10.466884701252653,10.411317916514541,10.44162715941837,151200
2019-12-11,10.466879844665527,10.476983242116692,10.406261386984571,10.47193154339111,135100
2019-12-12,10.502245903015137,10.5578126840193,10.46183229717444,10.476987399364702,209900
2019-12-13,10.502245903015137,10.552760983289215,10.492142501554962,10.502245903015135,145800
2019-12-16,10.603270530700684,10.633579752998058,10.507290202660727,10.507290202660727,266000
2019-12-17,10.69925594329834,10.729565179999431,10.623482369788979,10.648739906454345,303600
2019-12-18,10.7301607131958,10.864094666704593,10.69410176081512,10.755916827029784,243300
2019-12-19,10.74046516418457,10.802280239679394,10.658044408502862,10.673497686110114,199900
2019-12-20,10.766219139099121,10.797126670695048,10.704404075907265,10.776521977142002,224600
2019-12-23,10.719856262207031,10.807428411616158,10.704402989244173,10.776520883157824,114500
2019-12-24,10.750768661499023,10.755919099327693,10.69410402005396,10.719860139329187,88800
2019-12-26,10.70956039428711,10.781678328514012,10.67865186601858,10.781678328514012,76700
2019-12-27,10.65804386138916,10.714707513928525,10.627135342695476,10.699254237114543,116300
2019-12-30,10.65289306640625,10.658044486490665,10.585925587841775,10.647741646321835,129500
2019-12-31,10.621984481811523,10.652892016739667,10.591075964350559,10.652892016739667,145700
2020-01-02,10.591076850891113,10.637438648430518,10.565320733383846,10.621985370939319,87700
2020-01-03,10.637439727783203,10.663196830436878,10.555018964357448,10.627136886721733,123500
2020-01-06,10.694100379943848,10.730159327668433,10.596225391453805,10.627132920570217,179800
2020-01-07,10.647741317749023,10.7147078117141,10.642589897823575,10.704405954396087,104500
2020-01-08,10.647741317749023,10.683800274694287,10.585925261176513,10.632287057972675,142300
2020-01-09,10.663193702697754,10.699252653303047,10.627133769559746,10.632285188579461,98900
2020-01-10,10.647741317749023,10.658044157599925,10.585925261176513,10.637438477898124,96600
2020-01-13,10.7301607131958,10.740463551742499,10.652891389161088,10.658042808434436,87400
2020-01-14,10.74046516418457,10.766221281885262,10.714708063950967,10.719859483997688,133100
2020-01-15,10.714709281921387,10.776525346975923,10.688953161292925,10.735314964450572,96500
2020-01-16,10.714709281921387,10.750769226347462,10.699256002557517,10.699256002557517,59400
2020-01-17,10.704402923583984,10.766217980121482,10.683797249716411,10.761066561654589,76700
2020-01-21,10.694100379943848,10.704403217160197,10.658041432219262,10.668343286902976,113700
2020-01-22,10.771371841430664,10.797127957073757,10.668345413792633,10.69925393160374,127400
2020-01-23,10.74046516418457,10.781675542025422,10.704406206390436,10.781675542025422,65900
2020-01-24,10.637439727783203,10.766222293452572,10.627136886721733,10.740466173331898,75900
2020-01-27,10.575626373291016,10.65804715017461,10.565323530547277,10.627138621943391,101300
2020-01-28,10.611682891845703,10.642590430412225,10.575623933095937,10.59107721111273,107600
2020-01-29,10.632287979125977,10.688952620682313,10.616834700543683,10.616834700543683,106900
2020-01-30,10.647741317749023,10.647741317749025,10.5653205640076,10.632287057972675,104400
2020-01-31,10.58592700958252,10.658045917917324,10.539565205129092,10.658045917917324,83600
2020-02-03,10.797126770019531,10.910456024468326,10.714706029983713,10.864094235381588,159700
2020-02-04,10.791975021362305,10.822882549484724,10.755915092264775,10.81773113104222,87400
2020-02-05,10.853791236877441,10.889850187293746,10.745614385628532,10.889850187293746,110000
2020-02-06,10.879549026489258,10.879549026489258,10.838338654448998,10.879549026489258,93100
2020-02-07,10.894999504089355,10.900150922088102,10.858940560630648,10.869243396628141,67600
2020-02-10,10.8847017288208,10.889853149214646,10.817735228766754,10.874399870566084,69300
2020-02-11,10.848639488220215,10.884698437540774,10.817731957735836,10.874396582401099,60400
2020-02-12,10.81773567199707,10.915610698424384,10.812584251392158,10.86409747490827,57900
2020-02-13,10.853791236877441,10.853791236877441,10.766219079066687,10.822883705453854,98500
2020-02-14,10.797126770019531,10.88985034819301,10.745614544396688,10.864094235381588,76500
2020-02-18,10.750768661499023,10.838340842580953,10.745617241137383,10.78167620113589,105000
2020-02-19,10.74046516418457,10.761069861838541,10.709557626437157,10.73531374413785,84500
2020-02-20,10.879549026489258,10.900153721243003,10.755916927835706,10.802278719197595,113200
2020-02-21,10.225336074829102,10.534414433904647,10.045040283490616,10.50350591022398,785900
2020-02-24,10.276847839355469,10.287149696586713,9.942012424751596,9.972920944043967,323700
2020-02-25,10.024435043334961,10.323211556899253,9.838988805733788,10.312908715217782,431500
2020-02-26,9.97807502746582,10.101706190038678,9.94716649992275,10.00898257247575,249800
2020-02-27,9.875045776367188,10.086249075552612,9.792625024613502,9.91625615224403,299000
2020-02-28,9.61747932434082,9.94201086575834,9.318703895761953,9.84413685094529,543100
2020-03-02,9.97807502746582,9.993528308704214,9.632937663499996,9.638088102224033,221900
2020-03-03,9.94716739654541,10.199581165700502,9.905957005306481,10.024436757301748,304100
2020-03-04,10.024435043334961,10.112007232561341,9.967771379152992,10.055343568379373,174700
2020-03-05,9.97807502746582,10.070797662495607,9.905956112398464,9.91625895491282,172100
2020-03-06,9.674145698547363,9.849290048568744,9.54021172602908,9.813230108537246,274600
2020-03-09,8.880846977233887,9.256891891046036,8.82418232520929,9.15901783350029,362500
2020-03-10,8.752060890197754,9.164165588397891,8.66964014706428,9.09204670125653,545200
2020-03-11,8.685096740722656,8.767517506023331,8.479043844937943,8.716004282077153,333200
2020-03-12,7.3303022384643555,8.3708654396995,7.155158389620593,8.242082894473354,682900
2020-03-13,7.562110900878906,7.835129747939234,7.469387314936514,7.5827160876142825,514300
2020-03-16,6.6709370613098145,7.211823956284453,5.666433108509213,6.743055477728607,389800
2020-03-17,6.284588813781738,6.959409642624717,6.083688335102639,6.763660092970009,587200
2020-03-18,4.024480819702148,6.391195084513176,4.024480819702148,6.188638378100266,1107400
2020-03-19,5.783525466918945,6.27925585811901,3.9551850596316305,4.051132852685666,806700
2020-03-20,5.207839012145996,6.161987548103366,4.983960539275529,5.783526368569982,728000
2020-03-23,4.413602828979492,5.309116638005848,4.376289923053466,5.143872824825902,828900
2020-03-24,5.501013278961182,5.8048486693807675,5.218500134083606,5.469030927348792,807900
2020-03-25,5.660926818847656,6.721684181862492,5.564978742957757,5.751544333110264,770000
2020-03-26,6.188639163970947,6.76965706513515,5.671586974723203,5.719560496135172,622000
2020-03-27,6.050048351287842,6.284587439076015,5.65559548657324,6.103352435246384,627700
2020-03-30,5.618281364440918,6.188638040640705,5.4157246690731995,6.188638040640705,591900
2020-03-31,6.204629898071289,6.225951629335444,5.586298674710438,5.586298674710438,374300
2020-04-01,5.87947416305542,6.172648414133131,5.655595681021552,5.874144110321497,506300
2020-04-02,6.060708522796631,6.087360817007569,5.81017777057419,5.986082200676053,403500
2020-04-03,5.964761734008789,6.273927700838205,5.8101790047692505,6.151327324765281,360200
2020-04-06,6.593753814697266,6.806971706633882,5.970092332269481,6.0500492323770905,341000
2020-04-07,6.998868465423584,7.100146611653442,6.700363572558533,6.822963968889858,410100
2020-04-08,7.2120842933654785,7.606537191346647,7.142788520860008,7.142788520860008,349200
2020-04-09,7.419971466064453,8.240859089057345,7.356006256157899,7.39331916818248,537500
2020-04-13,7.579885482788086,7.862398647794467,6.865606473449007,7.34534584861836,602000
2020-04-14,7.798432350158691,7.873058679472511,7.579884431593558,7.7024842850909625,221900
2020-04-15,7.606537818908691,7.697154827591685,7.403981046031232,7.569224394727086,236600
2020-04-16,7.462615966796875,7.56922466465247,7.329354967389787,7.56922466465247,150200
2020-04-17,7.617199897766113,7.9423566041959965,7.49460000313451,7.7398003007481675,128100
2020-04-20,7.137458324432373,7.627858775116241,7.062831992076028,7.4679454962671015,222100
2020-04-21,7.084155559539795,7.31869472300966,6.886929317716166,7.110807864294433,248900
2020-04-22,6.838956356048584,7.3293570112902255,6.806973991948332,7.270722338206088,221700
2020-04-23,6.918910026550293,6.9882057990448265,6.780318989911537,6.934901710599246,266900
2020-04-24,7.393320560455322,7.457285782407485,6.924241757789074,6.924241757789074,253400
2020-04-27,7.729137897491455,7.787772553707672,7.435963599709637,7.531911681109234,248800
2020-04-28,7.377328395843506,7.963676439529711,7.329354358705021,7.889050611403469,178300
2020-04-29,7.809093952178955,7.979668368148391,7.414641536634633,7.483937313692476,262000
2020-04-30,8.027641296386719,8.128919412939384,7.643849548978717,7.77177996199796,250900
2020-05-01,7.803764343261719,7.899711917586608,7.627859863923987,7.899711917586608,205000
2020-05-04,7.713146209716797,7.750459124081077,7.393319631779068,7.750459124081077,214900
2020-05-05,7.5638933181762695,7.921032800214258,7.446624016872988,7.745128339909018,279000
2020-05-06,7.622527122497559,7.75045752391998,7.42530095988377,7.558561921786349,219400
2020-05-07,7.787771224975586,7.93702388354322,7.675831985225001,7.686493107272808,195400
2020-05-08,8.03297233581543,8.347468354384905,7.755789740223064,7.809093831354121,238800
2020-05-11,8.016982078552246,8.23019948422502,7.937025678512553,8.011651516322827,186500
2020-05-12,8.048961639404297,8.283500689363875,7.82508320117688,8.06495281117763,157100
2020-05-13,7.814422130584717,8.07561347405415,7.510587323216203,8.038300570229998,182600
2020-05-14,7.825087070465088,7.86773055518012,7.3613387929262775,7.713147796000517,123200
2020-05-15,7.894381523132324,7.958346739370996,7.7078159278401,7.771781144078773,138200
2020-05-18,8.27284049987793,8.384779216354811,8.06495322281327,8.107596688618809,193100
2020-05-19,8.224868774414062,8.39544268534904,8.20354703554719,8.24085995147663,104200
2020-05-20,8.470067977905273,8.502050328074546,8.2248677570896,8.24618949331921,137500
2020-05-21,8.635311126708984,8.688614700509255,8.470067302836792,8.491389037367052,99200
2020-05-22,8.853858947753906,8.891171855736173,8.608658240483951,8.731258085768683,92000
2020-05-26,8.773903846740723,9.104391577658276,8.720600259525646,9.040425849619128,228800
2020-05-27,8.93914794921875,9.035096030014772,8.688616623428977,8.955138618217605,99300
2020-05-28,8.789895057678223,8.971130091172675,8.72059978802479,8.971130091172675,121400
2020-05-29,8.965799331665039,9.088399199648407,8.693946787418868,8.768573633900608,242600
2020-06-01,9.013772964477539,9.179016301575592,8.955137805600547,8.965798928432843,92000
2020-06-02,8.971129417419434,9.168356121422038,8.853860117312868,9.141703314556484,138000
2020-06-03,9.072409629821777,9.195009512648905,9.01910502350974,9.088400300024828,148100
2020-06-04,9.157694816589355,9.242981763462083,9.045755063381025,9.088398536817389,75400
2020-06-05,9.125712394714355,9.38690379456831,9.035094887279262,9.328268637786604,211400
2020-06-08,9.413558006286621,9.557480146311708,9.232322944781146,9.232322944781146,127900
2020-06-09,9.450870513916016,9.520166807945861,9.200340183017738,9.317609504921032,146500
2020-06-10,9.168354988098145,9.450867589046542,8.816546114565822,9.450867589046542,197700
2020-06-11,8.656633377075195,8.864520186253221,8.635312148372623,8.837868396199852,229700
2020-06-12,9.05108642578125,9.14703450368081,8.811217247733042,8.95513834788169,152300
2020-06-15,9.184348106384277,9.290957315738902,8.74192161595389,8.837869701032899,161500
2020-06-16,9.36025333404541,9.594793003245426,9.306948725131654,9.498844910540836,190900
2020-06-17,9.016404151916504,9.28929773248778,8.787173502596374,9.185597880388903,292900
2020-06-18,8.97274398803711,9.152853765123314,8.912707048672802,9.005490936323678,132800
2020-06-19,9.060068130493164,9.180140945062398,8.950910269243668,9.131020011600777,243700
2020-06-22,8.939993858337402,9.043693717591633,8.874499977444758,9.021862770962908,153000
2020-06-23,8.841754913330078,9.054611632911746,8.776259977532117,8.967285745852257,122800
2020-06-24,8.639811515808105,8.836295245056615,8.426954315956637,8.76534232460288,133800
2020-06-25,8.787174224853516,8.809005171770275,8.617979961971084,8.645269426371895,127500
2020-06-26,8.705307960510254,8.803549327673291,8.57977712227284,8.754429424846824,94000
2020-06-29,8.781717300415039,8.781717300415039,8.530655134170303,8.732596362594913,115100
2020-06-30,8.738053321838379,8.901789067776527,8.661642925364864,8.77080026282471,187000
2020-07-01,8.92362117767334,9.049151987341173,8.787174373858782,8.787174373858782,106700
2020-07-02,9.092816352844238,9.207432227396165,8.923622580988848,9.114648344570952,341000
2020-07-06,8.847210884094238,9.229262378143023,8.819921937807855,9.21834638322584,215800
2020-07-07,8.66710090637207,8.814463181545154,8.639811441931649,8.80354718756769,185500
2020-07-08,8.705307960510254,8.754429424846824,8.497908709049716,8.683476487751427,216000
2020-07-09,8.47607421875,8.683473396375,8.334169956588205,8.65618393501586,146500
2020-07-10,8.486991882324219,8.568859762015737,8.432412948861018,8.476075887430266,159000
2020-07-13,8.645271301269531,8.78171813236153,8.530655942332118,8.536113940496604,109400
2020-07-14,8.705307960510254,8.73259743158463,8.563403127326195,8.645271540549322,83600
2020-07-15,8.847210884094238,8.86358487647001,8.667101652490313,8.819921937807855,105100
2020-07-16,8.781717300415039,8.94545306581105,8.678017427127374,8.787175298062452,67200
2020-07-17,8.738053321838379,8.841753182802664,8.661642925364864,8.841753182802664,65500
2020-07-20,8.721680641174316,8.825380517718317,8.617981285133636,8.743512632449534,87600
2020-07-21,8.85812759399414,8.961827472064346,8.743512761132326,8.781717705419597,70300
2020-07-22,9.076440811157227,9.09281480215985,8.809005204153289,8.830837192156785,85700
2020-07-23,9.081899642944336,9.120104584455678,8.972742815912872,9.098273635452017,93600
2020-07-24,8.830840110778809,9.114649802585419,8.803550116755003,9.114649802585419,70200
2020-07-27,8.776260375976562,8.896333215883024,8.754429423723902,8.847212272056122,65800
2020-07-28,8.79263687133789,8.847214787993567,8.650731997817662,8.781720871603943,78900
2020-07-29,8.819920539855957,8.863583471597563,8.683473748037633,8.78171560470785,61200
2020-07-30,8.830840110778809,8.890877056624353,8.661645791355113,8.694393263680267,77100
2020-07-31,8.825380325317383,8.830838323017199,8.748970439533206,8.803548334518123,88000
2020-08-03,9.01094913482666,9.087359029529265,8.776260411375242,8.863586302751575,172800
2020-08-04,9.076440811157227,9.141935734161235,8.93999400915482,9.016404926160577,111600
2020-08-05,9.131021499633789,9.360252212809003,9.016406663549525,9.109190548430128,113200
2020-08-06,9.098275184631348,9.147396129511721,8.956370348422134,9.087359187767541,94300
2020-08-07,9.38208293914795,9.403913887406086,9.141936262269196,9.305672017728115,106300
2020-08-10,9.485780715942383,9.742301356396686,9.311128985168816,9.392996853843123,109600
2020-08-11,9.387540817260742,9.644060441824164,9.371166825520149,9.562192565134266,86100
2020-08-12,9.343877792358398,9.5130715413928,9.267466872627926,9.507613544197302,91300
2020-08-13,9.131021499633789,9.387542203071938,9.092816554272368,9.305673273289822,147100
2020-08-14,9.174680709838867,9.218343635486281,9.021860990576048,9.15830776335,139300
2020-08-17,9.131021499633789,9.223805384514392,9.070985603068706,9.207432431363317,66300
2020-08-18,8.983658790588379,9.234721499197702,8.890875945523085,9.147395611248381,111200
2020-08-19,9.060068130493164,9.158309997416408,8.852668402320425,8.972742257896174,138300
2020-08-20,9.038236618041992,9.19651542109241,9.01094767179509,9.01094767179509,54700
2020-08-21,9.060068130493164,9.114647061117912,8.989115208379037,9.043694139003785,95000
2020-08-24,9.240178108215332,9.251094102819636,8.967284489146984,9.098273301379006,93100
2020-08-25,9.22380256652832,9.278381489372963,9.092813776304995,9.278381489372963,93900
2020-08-26,9.114646911621094,9.262008668582443,9.03823599359712,9.229261727147309,162200
2020-08-27,9.081899642944336,9.251094442503966,9.070984688945796,9.098273635452017,84000
2020-08-28,9.196515083312988,9.24017802030827,9.070984269577364,9.114647206572647,67800
2020-08-31,9.196515083312988,9.316587899798385,9.087357220321511,9.17468309431208,115400
2020-09-01,9.185599327087402,9.234720262607112,9.054610512703695,9.212888273039882,110200
2020-09-02,9.136479377746582,9.24017925737103,9.010948547205059,9.191058316549274,108700
2020-09-03,9.054609298706055,9.147393159913662,8.978199427478526,9.13647716659361,78200
2020-09-04,8.918164253234863,9.120104964205249,8.650728610513209,9.054611073460604,145600
2020-09-08,9.01094913482666,9.027323129837251,8.759886416364653,8.869044301088437,223800
2020-09-09,9.016404151916504,9.08735602482222,8.91816229634982,9.081898028290027,80900
2020-09-10,9.038236618041992,9.120104497789262,8.945452743393332,9.005489674344396,83900
2020-09-11,9.087358474731445,9.14739541176485,8.967285641671312,9.081900476727801,108200
2020-09-14,9.27292537689209,9.387541242252045,9.060068679660633,9.087357626123842,150600
2020-09-15,9.343877792358398,9.447576616053327,9.278382867018925,9.278382867018925,164000
2020-09-16,9.1257963180542,9.433345246512003,9.053103555501622,9.422161416411994,299100
2020-09-17,9.09224796295166,9.215266922394548,9.02514603363346,9.069880297662598,113900
2020-09-18,9.01396369934082,9.142574581266919,9.01396369934082,9.109024148275118,276900
2020-09-21,8.81265926361084,9.036330601966634,8.795883513278254,8.946862066624316,216400
2020-09-22,8.890942573547363,8.98600301078578,8.840616930251542,8.868575443213293,134800
2020-09-23,8.605762481689453,8.946861379816125,8.538661085333771,8.941269463467862,185600
2020-09-24,8.588987350463867,8.71759876935268,8.432417414371624,8.61135448419133,188800
2020-09-25,8.818249702453613,8.851800130946677,8.533068393890336,8.611353082557116,156200
2020-09-28,9.131389617919922,9.260000483928213,8.913309697366293,8.913309697366293,119200
2020-09-29,8.913307189941406,9.170529382872616,8.88534868486517,9.09224471542027,151800
2020-09-30,8.86298656463623,9.086657931170588,8.829435593018776,8.963638946213992,141400
2020-10-01,8.868577003479004,8.91890318890326,8.762333249019111,8.857393702981694,110200
2020-10-02,9.109023094177246,9.148165439229626,8.756739855607997,8.80147411660342,138800
2020-10-05,9.148165702819824,9.26000082525628,9.058697178251084,9.125798038403168,125800
2020-10-06,9.09224796295166,9.237634587683608,9.09224796295166,9.164940742043143,140700
2020-10-07,9.2152681350708,9.282370073219232,9.097841076497454,9.131391512297107,130500
2020-10-08,9.271184921264648,9.349469615852556,9.226450657707419,9.24881832276052,121600
2020-10-09,9.265593528747559,9.33828737773025,9.232043095820412,9.293553111644377,78100
2020-10-12,9.120203971862793,9.338284382308643,9.10902120884017,9.254406727072483,68600
2020-10-13,9.153756141662598,9.271183161252482,9.030736140322219,9.131388480855703,75600
2020-10-14,9.209673881530762,9.276775802655523,9.164939622963871,9.198491116800678,97400
2020-10-15,9.176125526428223,9.243227462706184,9.148167008466045,9.198493194037242,82900
2020-10-16,9.136982917785645,9.19290101868702,9.136982917785645,9.159349518216755,51800
2020-10-19,8.980411529541016,9.181716245565381,8.946861099053274,9.170532413219815,96700
2020-10-20,9.120203971862793,9.148163545791077,8.969226538844824,8.974817387081789,103700
2020-10-21,9.131389617919922,9.16494004675928,9.008370667809677,9.008370667809677,109200
2020-10-22,9.058698654174805,9.13139144227481,8.997188633556183,9.13139144227481,80400
2020-10-23,9.075471878051758,9.192899983374703,9.041921447909035,9.114614224309758,52500
2020-10-26,8.974820137023926,9.019554402467355,8.946861621077666,8.963637370574833,76400
2020-10-27,9.025145530700684,9.164940231320205,8.946860839649407,8.946860839649407,73900
2020-10-28,8.628128051757812,8.946859760062221,8.61135230575013,8.907717419259756,226800
2020-10-29,8.773516654968262,8.829434757950542,8.611354796249108,8.616946713202246,70500
2020-10-30,8.846206665039062,8.846206665039062,8.611351573642066,8.812656242424836,101000
2020-11-02,8.913307189941406,9.013960047967926,8.8629815608396,8.88534868486517,120100
2020-11-03,9.058698654174805,9.243227649481558,9.00837246758668,9.053106737159556,82400
2020-11-04,9.09224796295166,9.226450755039078,8.890943241546042,8.958045170864242,82600
2020-11-05,9.349470138549805,9.394204404607974,9.136982641410755,9.187308824044825,112400
2020-11-06,9.366246223449707,9.50044902642668,9.3103281222387,9.315920039014708,88700
2020-11-09,9.634651184082031,9.91983252126277,9.506040306495324,9.645835016884961,188700
2020-11-10,9.679383277893066,9.774443702300223,9.215264986151944,9.248816477035948,95300
2020-11-11,9.768855094909668,9.785630846031978,9.601101849883053,9.601101849883053,101100
2020-11-12,9.58991813659668,9.757672450285458,9.461307242686344,9.75208053317425,79800
2020-11-13,9.6514253616333,9.746485791880426,9.629057699669824,9.673791957047952,68700
2020-11-16,9.718525886535645,9.998115252353168,9.662608866611171,9.802403549519934,129100
2020-11-17,9.645834922790527,9.718527702202467,9.561958310684755,9.623467257402861,141900
2020-11-18,9.58432674407959,9.824773860276549,9.58432674407959,9.612286331165976,124200
2020-11-19,9.640244483947754,9.757672612132552,9.517225505108152,9.517225505108152,233300
2020-11-20,9.752079010009766,9.780037524649858,9.66820239954052,9.679385165467178,130000
2020-11-23,9.970157623291016,10.05403422713732,9.78562866820959,9.78562866820959,132100
2020-11-24,9.964568138122559,10.042852845268351,9.81358957444212,9.85832384517531,203500
2020-11-25,10.143505096435547,10.260933222260697,9.97015993279275,9.986935684067523,152200
2020-11-27,10.132320404052734,10.244155524992816,10.03166804862241,10.137911253533149,41600
2020-11-30,9.847139358520508,10.182645797179973,9.796813179411796,10.182645797179973,147400
2020-12-01,9.891873359680176,10.065218490606927,9.830363349830808,9.886281443643966,119100
2020-12-02,9.835955619812012,9.970158409863494,9.824771787337147,9.897465631874804,115500
2020-12-03,10.042851448059082,10.076402946352987,9.847139707422949,9.847139707422949,145300
2020-12-04,10.026077270507812,10.171463904124685,10.00370960385181,10.065219620606769,118000
2020-12-07,9.964568138122559,10.054036679588934,9.875099596656183,10.042852845268351,114300
2020-12-08,9.914239883422852,10.009300322232415,9.869505622015346,9.958974144830357,130400
2020-12-09,9.841547966003418,9.998117361295812,9.785629867735128,9.986934594881365,94100
2020-12-10,9.813586235046387,9.86391240581473,9.696159214286109,9.830361980818763,92600
2020-12-11,9.80240535736084,9.819180039812391,9.662610648669977,9.813588123478878,166500
2020-12-14,9.830362319946289,9.908647003153805,9.73530189038767,9.875096577000415,109500
2020-12-15,9.891873359680176,9.919831873312289,9.785629088090069,9.847139097939435,303900
2020-12-16,9.90332317352295,9.954843441502781,9.765936156195046,9.846079401860873,172900
2020-12-17,9.89759635925293,9.972013892635127,9.800280451381079,9.891871765630517,158000
2020-12-18,9.851800918579102,9.954841433757004,9.800281752844887,9.880423890492262,140100
2020-12-21,9.80028247833252,9.897598406331817,9.743037622123259,9.817455170896926,130000
2020-12-22,9.68579387664795,9.891874945892036,9.668620090259294,9.8460792740439,130300
2020-12-23,9.868974685668945,9.926219537547384,9.737312290646852,9.760209576285387,111600
2020-12-24,9.80600643157959,9.914771554186238,9.748762664596493,9.914771554186238,53800
2020-12-28,9.8231782913208,9.874698544990865,9.771658037650736,9.840352073162373,134200
2020-12-29,9.909041404724121,9.954837047753328,9.834623894247004,9.851796577974048,145000
2020-12-30,9.92049789428711,10.080783308856903,9.874702217532176,9.926222490363358,165100
2020-12-31,10.02353572845459,10.126576246243172,9.891873329882408,9.931944399721353,197500
2021-01-04,9.989188194274902,10.080779513299326,9.874698499567048,10.080779513299326,141900
2021-01-05,10.097953796386719,10.212443509157902,10.029260842207867,10.034985437031908,112900
2021-01-06,10.298308372497559,10.521562070706796,10.149472209739862,10.149472209739862,165600
2021-01-07,10.258238792419434,10.372728500910736,10.223892316613956,10.349830122470562,168500
2021-01-08,10.200994491577148,10.321208801200113,10.086505868729628,10.263963943848932,124700
2021-01-11,10.00636100769043,10.235339308077748,9.972014535595997,10.160921769897367,120900
2021-01-12,10.063604354858398,10.109400008105869,10.006359515335436,10.057879761720653,111000
2021-01-13,10.046432495117188,10.166646790271402,9.960565765352582,10.166646790271402,115900
2021-01-14,10.138025283813477,10.178097449224147,10.052158541643196,10.109403400375005,138800
2021-01-15,10.178094863891602,10.23533861622809,10.092227051677696,10.103676238886829,103100
2021-01-19,10.086506843566895,10.200995477479475,10.05788386619754,10.200995477479475,214000
2021-01-20,10.292585372924805,10.33838103841622,10.09222892695432,10.109402710959147,152100
2021-01-21,10.321207046508789,10.372727300180495,10.189543569428512,10.30403326466667,103500
2021-01-22,10.218169212341309,10.349831632011147,10.166648945191383,10.332657845676193,130700
2021-01-25,10.206717491149902,10.349829066231562,10.19526830309825,10.223891273227382,77000
2021-01-26,10.332657814025879,10.372729982018027,10.19527079933189,10.21244458561424,141200
2021-01-27,10.0120849609375,10.332654560964219,9.972013897415984,10.292583497442703,167100
2021-01-28,10.05215835571289,10.195269953967905,9.817455421923054,9.977740805036415,256700
2021-01-29,9.93194580078125,10.052159027256085,9.800283383635977,10.040710928440566,247900
2021-02-01,10.075053215026855,10.075053215026855,9.920492480873994,9.9491143537818,108600
2021-02-02,10.246790885925293,10.309760342663704,10.03498631811323,10.143750353755136,115300
2021-02-03,10.26396369934082,10.338381247826193,10.160923176934295,10.223892627706018,164700
2021-02-04,10.246790885925293,10.275413862558624,10.143750353755136,10.258240076578625,134800
2021-02-05,10.32693099975586,10.418522313522043,10.223890498805254,10.246787781319508,297600
2021-02-08,10.412798881530762,10.510114799745244,10.246788924401177,10.355554031077295,184600
2021-02-09,10.304034233093262,10.475767700236247,10.218167499521769,10.395625561150155,116900
2021-02-10,10.590261459350586,10.647506334258651,10.269691688462665,10.32693656337073,155400
2021-02-11,10.710471153259277,10.85358274702397,10.452870939595716,10.584533343814078,204400
2021-02-12,10.802061080932617,10.824958362877874,10.61887736609777,10.710468677587913,118200
2021-02-16,10.790613174438477,10.899378279184464,10.739092919130098,10.853581526150627,146400
2021-02-17,10.819236755371094,10.847859730520364,10.733370013633001,10.790614872076683,125400
2021-02-18,10.910829544067383,10.985248197503681,10.779167116424706,10.784891712216345,125400
2021-02-19,10.88220500946045,10.956622552936889,10.676123978518397,10.910826889600294,90500
2021-02-22,10.950899124145508,10.990971289203184,10.853583192715146,10.882206167756344,109500
2021-02-23,10.88220500946045,10.968071741734724,10.84213394052277,10.950897958537972,116900
2021-02-24,10.996694564819336,11.094010494236093,10.905103230292369,10.962348087335432,110700
2021-02-25,10.956622123718262,11.23139718482844,10.819235139090521,11.105458296695321,187300
2021-02-26,11.076837539672852,11.208499943462295,10.893654874947574,10.91655216211083,149100
2021-03-01,11.053940773010254,11.242848060044537,10.99097240523547,11.128359423819044,125300
2021-03-02,10.950899124145508,11.116909103819888,10.939451025983884,11.036766957414246,178200
2021-03-03,11.002419471740723,11.21422512125047,10.950899208126321,11.031042447001425,122600
2021-03-04,10.876480102539062,11.168427857366623,10.784888778497637,11.111183006877056,196200
2021-03-05,10.870755195617676,10.933724638530414,10.670398770594602,10.87647978968744,227400
2021-03-08,10.870755195617676,10.97952029923386,10.716194431298048,10.86503060154791,232800
2021-03-09,10.865032196044922,10.950898935983412,10.83641031335037,10.882205980774556,290200
2021-03-10,10.830683708190918,10.985244466505561,10.819234520496211,10.910825838344598,157900
2021-03-11,10.870755195617676,10.922275450390885,10.750541995716638,10.830684128983997,93300
2021-03-12,10.859308242797852,10.985247154547057,10.842135548908344,10.876482028542261,161100
2021-03-15,11.008140563964844,11.094007278714143,10.88792738168673,10.956620316744361,231700
2021-03-16,10.979523658752441,11.048216624898966,10.899381500963155,11.048216624898966,259700
2021-03-17,10.90932559967041,11.055563211236246,10.862529608597521,11.020466496857686,198300
2021-03-18,10.675347328186035,10.92102659899713,10.622701690461898,10.90347768118755,177100
2021-03-19,10.675347328186035,10.844983519898163,10.675347328186035,10.675347328186035,273100
2021-03-22,10.739689826965332,10.809883250994028,10.651946373372924,10.72214091310598,175700
2021-03-23,10.616853713989258,10.804037737122865,10.599305909135973,10.751392091153441,304400
2021-03-24,10.529108047485352,10.839132186092684,10.51155913241928,10.675345659255981,183200
2021-03-25,10.58175277709961,10.61099985068477,10.464762251350285,10.61099985068477,205800
2021-03-26,10.616853713989258,10.657800079586638,10.529111342608477,10.605154433617212,155400
2021-03-29,10.546656608581543,10.669495662807984,10.540806970422514,10.540806970422514,109400
2021-03-30,10.482314109802246,10.575906110413499,10.470614830799676,10.540809389110443,216700
2021-03-31,10.38871955871582,10.564204237853517,10.382869920650647,10.523257887101678,208000
2021-04-01,10.599303245544434,10.616851045987978,10.429667069893469,10.429667069893469,198200
2021-04-05,10.622700691223145,10.833283222310955,10.622700691223145,10.698744878873523,744700
2021-04-06,11.032166481018066,11.073112836369582,10.692895245056866,10.710443045519225,282300
2021-04-07,10.93857479095459,11.073113138119979,10.926875513191199,11.067263499238283,234000
2021-04-08,11.06141471862793,11.067264357963506,10.961973081332355,10.979521999339088,157000
2021-04-09,11.090660095214844,11.125757925834558,11.014617026947699,11.032165942257556,95600
2021-04-12,11.143305778503418,11.166704332361316,11.032165994791772,11.032165994791772,106400
2021-04-13,11.149161338806152,11.207656638816017,11.114064605082254,11.114064605082254,131000
2021-04-14,11.002917289733887,11.19010124905648,10.967820576287002,11.119907822162709,207700
2021-04-15,10.915175437927246,11.043864136808496,10.891777999814497,11.02631633715005,299200
2021-04-16,10.874229431152344,11.032166327340565,10.86837979251154,10.926875063215084,245100
2021-04-19,10.85667896270752,10.938572776263332,10.839131164998962,10.897625311633261,197200
2021-04-20,10.763090133666992,10.938575971950785,10.698746330430458,10.821585413094923,406500
2021-04-21,10.757237434387207,10.827431972875665,10.716291085145748,10.733839998693947,161400
2021-04-22,10.657795906066895,10.850829493795896,10.651946268171548,10.733840083002034,136300
2021-04-23,10.757237434387207,10.786485623634206,10.64024802451223,10.698743287301888,125600
2021-04-26,10.757237434387207,10.891776873514724,10.745539274392748,10.757237434387207,184600
2021-04-27,10.763090133666992,10.839134331634698,10.70459485423906,10.733843051805355,95900
2021-04-28,10.839133262634277,10.915176337397643,10.763089072166364,10.763089072166364,110100
2021-04-29,10.85667896270752,10.91517422504615,10.821582251586074,10.880077513924704,66700
2021-04-30,10.804036140441895,10.921026695463272,10.786488338181922,10.84498361569261,109400
2021-05-03,11.049714088439941,11.114058997556494,10.926875024531418,11.049714088439941,165200
2021-05-04,10.880080223083496,11.032167496752193,10.798186389135978,11.008768939708728,259100
2021-05-05,10.874229431152344,10.909326147292674,10.839132715012012,10.909326147292674,91600
2021-05-06,11.002917289733887,11.049713279564534,10.833282244986938,11.049713279564534,144000
2021-05-07,11.002917289733887,11.049713279564534,10.921024586456353,10.973670214478883,105000
2021-05-10,10.950271606445312,11.078961414608402,10.926874169500278,10.979519797257105,116800
2021-05-11,10.716293334960938,10.88007988201702,10.716293334960938,10.839133524179141,201400
2021-05-12,10.458911895751953,10.833280883036197,10.423815186717396,10.733839277684732,199000
2021-05-13,10.657795906066895,10.710441531420653,10.50570866790096,10.534956857377686,153600
2021-05-14,10.669496536254883,10.733841445567343,10.599303104009005,10.704593252377821,118300
2021-05-17,10.774789810180664,10.79233872936783,10.581756161940648,10.698746725112349,156700
2021-05-18,10.763090133666992,10.821585413094923,10.733843051805355,10.76893977318025,115500
2021-05-19,10.821585655212402,10.839134574144811,10.657799092290638,10.75139109518745,95400
2021-05-20,10.86838150024414,10.909327861459117,10.733843137479319,10.81573585990927,108400
2021-05-21,10.862529754638672,10.880078669916106,10.78648668651203,10.850830477787051,75300
2021-05-24,10.885927200317383,10.903474998104262,10.786485588609164,10.903474998104262,55700
2021-05-25,10.786486625671387,10.96782095303092,10.786486625671387,10.926874599985648,119000
2021-05-26,10.850830078125,10.87422863096642,10.74553993745184,10.81573336456728,92300
2021-05-27,10.862529754638672,10.909325746340711,10.827433039788255,10.856680116212862,107400
2021-05-28,10.90932559967041,10.915175238017577,10.839132170913294,10.903475961323245,98100
2021-06-01,11.114057540893555,11.143304614456275,10.915174316694902,10.915174316694902,113400
2021-06-02,11.073112487792969,11.184253388608775,11.049713933640389,11.149155557379906,108700
2021-06-03,11.084811210632324,11.155004638171471,11.026315943880093,11.026315943880093,101200
2021-06-04,11.090660095214844,11.125757925834558,11.026316303820936,11.090660095214844,66600
2021-06-07,11.219348907470703,11.23104818329914,11.090659104766594,11.10820801850925,125000
2021-06-08,11.236897468566895,11.271995298435577,11.184252955172727,11.236897468566895,110200
2021-06-09,11.318791389465332,11.336339188850653,11.195951215245891,11.219349768698903,153200
2021-06-10,11.307090759277344,11.394833092814487,11.236896223025047,11.36558602020354,180800
2021-06-11,11.435783386230469,11.488429027656977,11.348041022421183,11.348041022421183,173500
2021-06-14,11.453330993652344,11.511826268061286,11.418234275288802,11.494277351027236,246900
2021-06-15,11.301243782043457,11.51767596370946,11.24274850734687,11.511826324669345,232100
2021-06-16,11.295392990112305,11.44748024251846,11.266145913601466,11.4416306040754,161400
2021-06-17,11.219348907470703,11.312940882689501,11.155004006118649,11.260295257165883,127000
2021-06-18,11.207651138305664,11.242747854804737,10.985370446205541,11.195951860904474,512900
2021-06-21,11.3246431350708,11.365589495528262,11.207652577445499,11.248598937902962,333000
2021-06-22,11.4501371383667,11.468065738527029,11.246950895924074,11.378425017412603,190000
2021-06-23,11.36049747467041,11.503922869772035,11.324641410855932,11.36049747467041,185500
2021-06-24,11.384401321411133,11.414282324942961,11.30671299191585,11.408306124236596,104200
2021-06-25,11.354523658752441,11.456116810766616,11.336595053157955,11.42623694128643,114200
2021-06-28,11.342571258544922,11.378428469745028,11.187193429542996,11.378428469745028,102600
2021-06-29,11.252930641174316,11.384403664239356,11.235002035365643,11.384403664239356,93400
2021-06-30,11.139384269714355,11.318666895162496,11.055719728411555,11.27085842301177,222700
2021-07-01,11.235001564025879,11.264882572453411,11.163289423487644,11.193169292071254,54900
2021-07-02,11.402331352233887,11.491972094373818,11.24097733247568,11.306714408638774,175500
2021-07-06,11.503924369812012,11.569661445246687,11.372451358786522,11.450139697155251,124200
2021-07-07,11.294761657714844,11.521852746639023,11.211097119607958,11.521852746639023,133500
2021-07-08,11.229023933410645,11.288783656907114,11.07364614466377,11.234998993885362,115900
2021-07-09,11.354523658752441,11.390379730097457,11.246954304873437,11.246954304873437,69200
2021-07-12,11.539780616760254,11.557709221204387,11.378427736138578,11.384402797776072,91900
2021-07-13,11.474042892456055,11.527827557564732,11.360497361688436,11.527827557564732,77900
2021-07-14,11.432212829589844,11.539782191243606,11.408309160246809,11.497949915010263,55100
2021-07-15,11.378426551818848,11.46209108416218,11.354521748381458,11.384401612834429,83000
2021-07-16,11.348544120788574,11.414281182133198,11.276831999179551,11.414281182133198,49500
2021-07-19,11.151336669921875,11.246953614199397,11.085599593289622,11.217073746554128,142300
2021-07-20,11.294761657714844,11.330617725497245,11.187192314523793,11.187192314523793,72000
2021-07-21,11.342571258544922,11.402332137367809,11.318667590922141,11.330618854811553,49300
2021-07-22,11.246952056884766,11.354521389263308,11.246952056884766,11.354521389263308,56100
2021-07-23,11.205121040344238,11.342570251543268,11.175241173507528,11.300737982034333,85000
2021-07-26,11.336592674255371,11.372449877919966,11.205119680349673,11.246951944781317,122400
2021-07-27,11.342571258544922,11.402332137367809,11.288786581588719,11.342571258544922,72600
2021-07-28,11.366474151611328,11.414282618648697,11.306713282853675,11.37245035247147,61600
2021-07-29,11.294761657714844,11.444163269959336,11.276834193745565,11.408307202176934,79600
2021-07-30,11.28281021118164,11.366475896221486,11.211098069540563,11.294762614736467,64100
2021-08-02,11.270857810974121,11.372450951258124,11.223049341419523,11.342569945384108,54300
2021-08-03,11.264880180358887,11.294760042597515,11.17523945379932,11.246951579109501,72100
2021-08-04,11.205121040344238,11.36647505688772,11.145360166826963,11.36647505688772,81100
2021-08-05,11.240974426269531,11.270855425820088,11.16328610712525,11.270855425820088,101200
2021-08-06,11.366474151611328,11.432210081385358,11.246952414096022,11.27683341839673,88100
2021-08-09,11.497947692871094,11.509900095154663,11.330617480432586,11.384402150864828,84900
2021-08-10,11.438185691833496,11.575636024834367,11.36049736434927,11.48001795585144,116200
2021-08-11,11.53380298614502,11.581611452228296,11.408306190117823,11.432209853237591,122600
2021-08-12,11.569662094116211,11.617470568065288,11.432211734149172,11.533804883771454,82800
2021-08-13,11.64734935760498,11.64734935760498,11.551732418566637,11.593564686915434,43900
2021-08-16,11.5875883102417,11.62344551672086,11.527828579130713,11.59356451132156,81900
2021-08-17,11.48599624633789,11.575638131079945,11.40830790471788,11.575638131079945,58100
2021-08-18,11.414286613464355,11.474047503137353,11.402334207560923,11.462095097233922,60700
2021-08-19,11.00791072845459,11.39635468853466,11.00791072845459,11.39635468853466,183800
2021-08-20,11.252930641174316,11.252930641174316,11.01388826294517,11.031815728909875,51200
2021-08-23,11.384401321411133,11.432209787218323,11.294760590503119,11.312689192622216,95600
2021-08-24,11.270857810974121,11.426235621987527,11.258905408624516,11.420259420812723,101400
2021-08-25,11.270857810974121,11.396354616113511,11.26488160979932,11.300737677004312,95700
2021-08-26,11.240974426269531,11.282806685796727,11.175238506945474,11.258903025999865,106300
2021-08-27,11.30671215057373,11.372449213608466,11.223047626597632,11.252927488062339,70100
2021-08-30,11.22304916381836,11.31268990033422,11.15731209177962,11.31268990033422,85600
2021-08-31,11.211095809936523,11.264880475248965,11.181214807071996,11.25890427467606,110000
2021-09-01,11.235001564025879,11.270858774138917,11.163289423487644,11.270858774138917,102100
2021-09-02,11.22304916381836,11.270857632616405,11.181215756256739,11.264881431536175,97700
2021-09-03,11.294761657714844,11.294761657714844,11.22304952215004,11.258905589932441,42000
2021-09-07,11.187191009521484,11.318665142460045,11.16926354764347,11.318665142460045,117300
2021-09-08,11.157313346862793,11.240977891709823,11.157313346862793,11.169265750367778,62700
2021-09-09,11.599539756774902,11.892366746500691,11.181214834398792,11.217072037923863,932900
2021-09-10,11.48599624633789,11.784799489227634,11.474044982903676,11.713087349246688,291600
2021-09-13,11.707109451293945,11.725038053613355,11.5457554499505,11.653324784179462,260800
2021-09-14,11.707109451293945,11.832606247998571,11.67722958727201,11.73698931531588,147800
2021-09-15,11.802725791931152,11.820654393351234,11.653324199628226,11.748941127514605,120500
2021-09-16,11.725037574768066,11.844558165818388,11.623444445461256,11.844558165818388,119600
2021-09-17,11.677230834960938,11.766871576448427,11.59356515504126,11.701134500763795,282400
2021-09-20,11.707109451293945,11.952127983773808,11.575636453816182,11.671253386498874,373700
2021-09-21,11.707109451293945,11.880414714339915,11.695157049747671,11.75491791763529,465600
2021-09-22,11.749838829040527,11.829187877711597,11.725423020704925,11.737630924872725,191400
2021-09-23,11.652174949645996,11.853600660157136,11.633863098068794,11.774251631741636,175100
2021-09-24,11.621657371520996,11.707110357890832,11.621657371520996,11.639968060480463,95400
2021-09-27,11.713211059570312,11.774249388991597,11.652172730149026,11.670484578238202,98300
2021-09-28,11.597237586975098,11.71931423778484,11.566719006377273,11.688794492977792,126100
2021-09-29,11.707109451293945,11.719317352461292,11.554514179330697,11.578928817455859,70500
2021-09-30,11.676589965820312,11.79256270114733,11.639967425688987,11.688797867267274,112800
2021-10-01,11.786458969116211,11.841393362437262,11.69490203498432,11.77425223165232,153900
2021-10-04,11.829183578491211,11.85970332781856,11.749834558658895,11.816976842969668,91600
2021-10-05,11.80477237701416,11.878017468286558,11.755941928095984,11.853602825932338,94700
2021-10-06,11.865809440612793,11.87801617835941,11.725420896535411,11.749836700447863,74300
2021-10-07,11.798665046691895,11.987882836538958,11.792561096798842,11.896325916561953,65800
2021-10-08,11.914640426635742,11.945159018706041,11.810875583703199,11.829186273261515,51800
2021-10-11,11.835290908813477,11.969575515790083,11.81698021819647,11.93295180613661,95100
2021-10-12,11.878015518188477,11.951261761645254,11.810874389580103,11.810874389580103,31300
2021-10-13,11.908534049987793,11.975676335919283,11.859703614094734,11.914638000000602,56100
2021-10-14,11.945160865783691,11.963472722383226,11.865811815605392,11.932952961384002,89100
2021-10-15,12.01840591430664,12.055028459597581,11.884121307890318,12.048924508014137,80100
2021-10-18,12.109962463378906,12.134377104704066,12.01230156965889,12.03671621098405,98600
2021-10-19,12.067235946655273,12.122170344802269,12.036716189790452,12.122170344802269,72000
2021-10-20,12.14658260345459,12.177102354332767,12.03060987853643,12.073337529765876,95200
2021-10-21,12.140480995178223,12.238141888408268,12.116066353975553,12.140480995178223,72500
2021-10-22,12.140480995178223,12.164896800590576,12.103858451269376,12.1526888978844,47600
2021-10-25,12.10385799407959,12.195414932498236,12.073339402676586,12.158792389972705,62000
2021-10-26,11.975676536560059,12.097752046233248,11.969572586444983,12.05502555963716,78100
2021-10-27,11.914640426635742,12.0367159591266,11.896328572867766,12.000093415800308,74600
2021-10-28,12.02450942993164,12.079443827981223,11.939055275071357,11.951263177795639,57100
2021-10-29,12.055024147033691,12.103854578022926,12.00619371604446,12.042816248234057,37500
2021-11-01,11.87191104888916,12.048920935486379,11.853599199568325,12.048920935486379,72200
2021-11-02,11.908534049987793,11.93905263584242,11.804769228188865,11.871911514120354,68500
2021-11-03,11.87191104888916,12.000090501506865,11.871911048889158,11.902429633547838,108600
2021-11-04,11.762042999267578,11.902430360000912,11.554513351135935,11.74983509897526,162800
2021-11-05,11.79256820678711,11.981786110717639,11.786464253213852,11.82308797465339,112800
2021-11-08,12.04892349243164,12.146584381115634,11.88412030619879,11.88412030619879,262000
2021-11-09,12.042817115783691,12.1221672994883,11.926845561460635,12.030609216104613,152000
2021-11-10,12.01840591430664,12.122170762805743,11.993990107972865,12.091651004888522,95300
2021-11-11,11.853601455688477,11.957366293170889,11.804771012414966,11.90243189896199,189100
2021-11-12,11.749838829040527,11.8474997339633,11.725423020704925,11.8474997339633,139600
2021-11-15,11.719316482543945,11.878014529101279,11.664382095578157,11.780353655430867,137500
2021-11-16,11.639967918395996,11.841393643958757,11.627760016432287,11.72542090372274,83500
2021-11-17,11.652174949645996,11.664382850697464,11.554514069653294,11.62775914754306,112800
2021-11-18,11.658280372619629,11.70100686748663,11.542307626402296,11.652176421322963,282000
2021-11-19,11.627761840820312,11.707112051824806,11.609451149211422,11.609451149211422,59400
2021-11-22,11.707109451293945,11.74983594117013,11.609448570374228,11.658279010834086,106100
2021-11-23,11.713211059570312,11.749833591539362,11.652172730149026,11.707107110207254,70100
2021-11-24,11.81087589263916,11.829186582676426,11.701007095576799,11.749837542692328,105200
2021-11-26,11.731525421142578,11.774253080078596,11.499581093681092,11.707110780245946,74400
2021-11-29,11.755938529968262,11.847495449698526,11.731522730461846,11.847495449698526,123500
2021-11-30,11.627761840820312,11.737630647312816,11.572827437574059,11.737630647312816,166000
2021-12-01,11.560619354248047,11.749837185543022,11.548411451787814,11.627760489360012,118000
2021-12-02,11.749838829040527,11.853603686047201,11.566724923362784,11.652177924117755,147700
2021-12-03,11.79256820678711,11.829190764016543,11.701011231608472,11.780360299640597,136300
2021-12-06,11.731525421142578,11.884120710427933,11.688798926416224,11.792563769698653,167300
2021-12-07,11.92074203491211,11.93294877081524,11.774250726189631,11.774250726189631,130400
2021-12-08,11.89022445678711,11.963470706633998,11.798667517635732,11.798667517635732,98400
2021-12-09,11.841392517089844,11.878015055286232,11.688797249693817,11.878015055286232,97000
2021-12-10,11.92074203491211,11.951260620984087,11.847495798446154,11.890222284630697,79400
2021-12-13,11.383610725402832,11.902435050175542,11.328676316649844,11.902435050175542,406300
2021-12-14,11.456855773925781,11.566724579752504,11.365298823806773,11.462959725828354,146200
2021-12-15,11.394452095031738,11.500534115908126,11.238449193166913,11.456853493819205,239700
2021-12-16,11.132370948791504,11.644060450058399,11.076209789851665,11.644060450058399,384100
2021-12-17,10.951404571533203,11.132368531084174,10.926444723096282,11.088687903663686,347400
2021-12-20,11.057485580444336,11.076206357692682,10.80788116817168,10.920203451246305,256000
2021-12-21,11.032526969909668,11.282131410136795,10.976365822082583,11.076207598173434,198900
2021-12-22,11.169806480407715,11.219727356680748,11.051243952931417,11.06372446955157,114400
2021-12-23,11.36949348449707,11.419414376133416,11.176050178182226,11.201011219104368,122600
2021-12-27,11.31333065032959,11.375732053147873,11.232209659811257,11.344531946842613,168000
2021-12-28,11.325811386108398,11.45685445356033,11.263409982093563,11.263409982093563,118600
2021-12-29,11.450614929199219,11.488055297928454,11.332052372980803,11.3570134122722,143000
2021-12-30,11.463096618652344,11.54421762421205,11.45061609773301,11.481816209823362,109100
2021-12-31,11.500532150268555,11.537972507058758,11.400690405356361,11.500532150268555,120800
2022-01-03,11.669021606445312,11.693981460543222,11.500538128004044,11.500538128004044,125300
2022-01-04,11.706456184387207,11.762617316050536,11.68773541043026,11.756377058064887,106100
2022-01-05,11.656540870666504,11.868704982546925,11.625339565855807,11.868704982546925,182700
2022-01-06,11.67525577545166,11.781337788797416,11.556694435400452,11.706457067734295,78700
2022-01-07,11.843741416931152,11.843741416931152,11.700219015984947,11.731419123944445,174100
2022-01-10,11.86246395111084,11.918625105914316,11.781341754080042,11.893664063686993,104100
2022-01-11,11.949822425842285,11.95606268494078,11.83125988338632,11.881181956174284,118300
2022-01-12,12.018464088439941,12.055904452831669,11.91862232325685,12.012223829340032,93800
2022-01-13,11.918623924255371,12.099586701630098,11.918623924255371,12.037186482664396,82200
2022-01-14,11.76885986328125,11.956062878434867,11.756379344882276,11.88742121744826,182900
2022-01-18,11.924863815307617,11.974784703060648,11.762620632558308,11.893662516582069,102100
2022-01-19,11.743900299072266,11.949824117645502,11.743900299072266,11.837501818385938,75500
2022-01-20,11.594136238098145,11.793819772714746,11.569176391374944,11.718939042337396,129300
2022-01-21,11.438132286071777,11.856220094922072,11.406932182957672,11.587894923393245,239000
2022-01-24,11.425652503967285,11.500534422550382,11.188528610501626,11.500534422550382,201200
2022-01-25,11.51925277709961,11.575413912476343,11.275888650605491,11.338290044380484,80000
2022-01-26,11.450614929199219,11.750140259448823,11.363252481887187,11.725180410365288,112500
2022-01-27,11.357013702392578,11.768861339558596,11.319572142499018,11.768861339558596,159600
2022-01-28,11.394452095031738,11.413172871730284,11.232208934267398,11.357011731842332,132500
2022-01-31,11.463096618652344,11.475575949363694,11.3320535294153,11.3320535294153,151700
2022-02-01,11.550453186035156,11.644054674437823,11.456851697632489,11.62533390067429,98400
2022-02-02,11.562932014465332,11.62533220415587,11.48180986353591,11.550451500444293,71100
2022-02-03,11.488052368164062,11.612855152377241,11.46933159346982,11.556694018502066,45100
2022-02-04,11.53173542022705,11.619097863703793,11.438133907409222,11.506775572239274,61200
2022-02-07,11.537976264953613,11.650298562114841,11.537976264953613,11.537976264953613,80700
2022-02-08,11.60037899017334,11.619099771894522,11.550458095791528,11.587898469025886,63600
2022-02-09,11.494293212890625,11.700216984204317,11.475572437241155,11.700216984204317,73600
2022-02-10,11.413171768188477,11.556694138377065,11.369489960115471,11.506773262215487,99500
2022-02-11,11.375733375549316,11.494295935665887,11.313331965477023,11.488055675637867,125600
2022-02-14,11.232208251953125,11.419411246735963,11.15732633991542,11.419411246735963,100900
2022-02-15,11.30709171295166,11.357012597746264,11.238450050031163,11.257170828157056,79600
2022-02-16,11.394452095031738,11.425652199321627,11.313329919545724,11.338290955143785,94100
2022-02-17,11.300851821899414,11.413174113900082,11.269650524005996,11.413174113900082,88800
2022-02-18,11.250927925109863,11.3882100284854,11.232207151382859,11.319568381693882,79300
2022-02-22,11.182290077209473,11.269651337199203,11.13236918718564,11.21973044717537,101700
2022-02-23,11.088687896728516,11.3320520723235,11.057486598442088,11.244690817537164,92400
2022-02-24,11.138606071472168,11.157325655677882,10.826600305829853,10.926442055618791,351900
2022-02-25,11.257170677185059,11.288370783435338,11.126127612476806,11.182288755893518,266400
2022-02-28,11.294607162475586,11.325807258007105,11.207244752614102,11.213485009761875,125000
2022-03-01,11.238450050354004,11.332051560570603,11.101167914716845,11.332051560570603,132200
2022-03-02,11.032526969909668,11.188529893827605,10.870283786210074,11.188529893827605,397400
2022-03-03,11.413171768188477,11.463092644350054,11.045004860169005,11.107405062715298,582900
2022-03-04,11.488052368164062,11.488052368164062,11.300849382051856,11.38197035864513,187000
2022-03-07,11.119889259338379,11.438135396517069,11.119889259338379,11.438135396517069,216800
2022-03-08,11.101168632507324,11.225970257463079,10.97012555756475,11.138609000973265,199900
2022-03-09,11.144851684570312,11.27589359780445,11.144851684570312,11.232212960059737,165600
2022-03-10,11.194770812988281,11.369493336334607,11.144849922002484,11.307093115258304,374500
2022-03-11,11.119889259338379,11.388214503834606,11.107408738615772,11.388214503834606,368400
2022-03-14,11.238450050354004,11.656537906848738,11.213489012852097,11.288370935150041,689300
2022-03-15,11.325811386108398,11.375732271278709,11.18852924944199,11.2384501346123,326300
2022-03-16,11.275890350341797,11.42565300385256,11.138608215508874,11.40693341604357,300800
2022-03-17,11.365277290344238,11.384432691312853,11.199268686641796,11.346123107215345,243800
2022-03-18,11.365277290344238,11.505747795101302,11.288658122149222,11.358893374527753,680100
2022-03-21,11.42912769317627,11.518518348745523,11.333353121631838,11.36527757286673,225500
2022-03-22,11.467440605163574,11.505751419167893,11.441901280334132,11.505751419167893,160300
2022-03-23,11.42912769317627,11.505748081115666,11.416357425546412,11.47382241204102,126000
2022-03-24,11.480207443237305,11.524902161702542,11.42274245725636,11.42274245725636,156400
2022-03-25,11.595141410827637,11.665376688527017,11.480211399261433,11.492981671177713,253800
2022-03-28,11.416359901428223,11.633449626857352,11.409975984068558,11.595140033499275,171300
2022-03-29,11.512133598327637,11.563213452708467,11.467437660134593,11.480207928189749,154300
2022-03-30,11.646218299865723,11.69729815661707,11.52490318339133,11.53767345203913,175700
2022-03-31,11.575984001159668,11.729224801975327,11.569600084145636,11.633448997005553,187900
2022-04-01,11.61429500579834,11.729224999424838,11.486594742248904,11.729224999424838,206300
2022-04-04,11.467440605163574,11.595140882831094,11.42913100899936,11.569601558001652,220000
2022-04-05,11.314199447631836,11.4674390290674,11.30781431284203,11.4674390290674,307300
2022-04-06,11.16096019744873,11.384435050364871,11.1481899274901,11.333355188370323,201700
2022-04-07,11.14180850982666,11.288662993775306,11.084343499961495,11.288662993775306,173100
2022-04-08,11.243966102600098,11.301431101456046,11.122650969699764,11.141806375265084,198800
2022-04-11,11.326969146728516,11.403589542507278,11.237579699853189,11.237579699853189,213000
2022-04-12,11.448286056518555,11.607910789670592,11.25673564603207,11.333356053794677,511100
2022-04-13,11.40359115600586,11.480210344785625,11.365280343775927,11.384435749890892,219500
2022-04-14,11.409977912902832,11.499367385129464,11.378052231507448,11.441902376457994,152200
2022-04-18,11.339740753173828,11.486595209744566,11.314200212288473,11.429130210592534,200700
2022-04-19,11.358895301818848,11.39081975767685,11.282274902783744,11.295045172262915,323100
2022-04-20,11.453483581542969,11.54356799869351,11.382704458349975,11.395572608835984,219000
2022-04-21,11.299053192138672,11.51782767541111,11.25401160333986,11.453482022573702,281000
2022-04-22,11.09958267211914,11.350529365886029,11.035237019865999,11.292618401587326,325000
2022-04-25,11.09958267211914,11.176797700281156,10.95802321899522,11.112452048028016,256100
2022-04-26,10.78429126739502,11.170363987320593,10.758552513330686,11.170363987320593,318100
2022-04-27,10.777856826782227,10.90654814548125,10.739249922089067,10.893678768153071,280900
2022-04-28,10.867940902709961,10.932286567324226,10.662035757777495,10.797161776196596,298300
2022-04-29,10.584820747375488,10.90011311837803,10.526909778488152,10.867939676056546,339600
2022-05-02,10.507606506347656,10.674904737175243,10.398219248779288,10.552648101706732,299200
2022-05-03,10.700640678405762,10.732814118383677,10.494735571712082,10.591253437063338,241000
2022-05-04,10.73281478881836,10.925850531579021,10.430390570590983,10.893678316882685,386800
2022-05-05,10.443259239196777,10.662033720711799,10.3081344738858,10.662033720711799,794500
2022-05-06,10.449694633483887,10.520474978549837,10.353176762124798,10.507605601757605,543000
2022-05-09,10.134401321411133,10.378913321221175,10.06362159658671,10.378913321221175,440800
2022-05-10,10.185877799987793,10.32743725246475,10.06362179764031,10.198747175837852,330900
2022-05-11,10.140838623046875,10.243791199744486,10.08936233469807,10.173011456676319,245100
2022-05-12,9.870587348937988,10.198749132320193,9.735461944818594,10.1730109893282,307600
2022-05-13,10.063621520996094,10.089359658343067,9.83841235897588,9.896323321417968,270800
2022-05-16,10.230920791625977,10.243790169241427,10.018580970136638,10.089361319730218,168100
2022-05-17,10.269529342651367,10.423958821324485,10.211618364854669,10.404654752961745,417400
2022-05-18,9.871672630310059,10.215655789082014,9.865182230211303,10.215655789082014,266500
2022-05-19,9.761341094970703,9.969029005834292,9.748360910021127,9.826243876594972,222100
2022-05-20,9.722399711608887,9.865185465819627,9.443319224373722,9.858695063592133,442800
2022-05-23,9.644515991210938,9.839223710171659,9.631535806724903,9.735379758448282,352700
2022-05-24,9.52120304107666,9.644517599572954,9.42384947484058,9.631537412922286,199400
2022-05-25,9.683459281921387,9.741871668549742,9.501732338267853,9.521202927491014,278200
2022-05-26,10.014460563659668,10.066382538073455,9.787301461380281,9.787301461380281,400900
2022-05-27,10.261091232299805,10.28056181982617,9.994990314298322,10.059893097997966,441800
2022-05-31,10.319502830505371,10.358444623896638,10.222149275465414,10.293541841230795,410400
2022-06-01,10.280562400817871,10.390896767967368,10.163737631139853,10.351954971755077,194800
2022-06-02,10.410367012023926,10.410367012023926,10.241619656694937,10.313012839983216,256400
2022-06-03,10.241620063781738,10.397386621446566,10.22863987836898,10.37142501270341,212900
2022-06-06,10.416854858398438,10.44281646282576,10.280560148907295,10.280560148907295,195500
2022-06-07,10.390894889831543,10.44930726411262,10.345462699302518,10.39738529118694,223700
2022-06-08,10.157246589660645,10.429837289122561,10.098834827454931,10.429837289122561,677300
2022-06-09,10.111815452575684,10.30003278953792,10.105325050173127,10.20916901277866,231000
2022-06-10,10.079363822937012,10.137776205271267,9.910617697143284,10.137776205271267,318700
2022-06-13,9.663986206054688,9.910615875603556,9.384905150178046,9.897635073488962,1484600
2022-06-14,9.625045776367188,9.709419145137517,9.540672407596858,9.66398756924534,452600
2022-06-15,9.644515991210938,9.761340746379126,9.55365284293237,9.683457782586594,327900
2022-06-16,9.196687698364258,9.547161303131505,9.118804743855836,9.547161303131505,484800
2022-06-17,9.365434646606445,9.462788187469318,9.151256361541156,9.151256361541156,1072000
2022-06-21,9.547163963317871,9.689949729181292,9.48875157642107,9.566634552630514,284300
2022-06-22,9.51244068145752,9.591055816249208,9.453479174169367,9.486235011749404,233900
2022-06-23,9.45348072052002,9.6107110158223,9.407621415806947,9.51244223745279,229400
2022-06-24,9.682772636413574,9.7089776799241,9.486234497695866,9.486234497695866,160600
2022-06-27,9.754837989807129,9.840004546273745,9.68932506182432,9.68932506182432,132100
2022-06-28,9.728633880615234,9.990684368231562,9.695877413468782,9.826902657276946,178700
2022-06-29,9.551750183105469,9.702429695480284,9.5451987641375,9.682775438576373,169700
2022-06-30,9.584505081176758,9.689325268361527,9.473133476098543,9.499338522894735,204400
2022-07-01,9.872759819030762,9.89241407116448,9.538645654865721,9.545196447466077,136600
2022-07-05,9.905516624450684,9.905516624450684,9.610709704780485,9.872760161203423,228700
2022-07-06,9.794143676757812,9.977578971016085,9.728631384054314,9.918618095016182,184500
2022-07-07,9.977579116821289,10.016886992839792,9.859656738320766,9.859656738320766,301000
2022-07-08,9.984132766723633,10.0299920697986,9.859658943583316,10.003787021517605,342900
2022-07-11,9.623811721801758,9.84655491767354,9.532094376285771,9.800696244915548,547100
2022-07-12,9.486235618591309,9.715530244985052,9.401069685702014,9.715530244985052,658500
2022-07-13,9.473132133483887,9.538645053578106,9.302799041060927,9.355209127225299,725900
2022-07-14,9.256939888000488,9.394516513185199,9.191426971330637,9.374862888095233,257200
2022-07-15,9.342105865478516,9.40761815341382,9.145567752117728,9.329003033024993,230000
2022-07-18,9.440376281738281,9.571401505591968,9.387966192196807,9.466581326509019,227200
2022-07-19,9.597606658935547,9.630363121463914,9.479684268522007,9.479684268522007,328800
2022-07-20,9.542718887329102,9.694820129834856,9.522879101256315,9.681594236461711,228200
2022-07-21,9.589011192321777,9.615463611763234,9.40384425623158,9.47658825202673,206400
2022-07-22,9.602237701416016,9.64191601517452,9.555945494463858,9.628690120813493,118200
2022-07-25,9.29803466796875,9.496427500351695,9.086414679724612,9.357552139278374,546400
2022-07-26,9.21867561340332,9.357550956929408,9.178997304210354,9.29803349313996,205100
2022-07-27,9.403843879699707,9.450135454199875,9.205450426494783,9.245128738730527,187000
2022-07-28,9.384001731872559,9.46335959772825,9.324484278493655,9.403841513674102,279100
2022-07-29,9.463361740112305,9.503040051347568,9.36416470067337,9.430296060299327,287400
2022-08-01,9.509653091430664,9.57578381883733,9.337712064957664,9.516266353373942,232100
2022-08-02,9.45013427734375,9.56917046057782,9.430295123696514,9.536104784048876,225800
2022-08-03,9.721273422241211,9.74772584204379,9.443522698976425,9.595624585847824,612100
2022-08-04,9.760952949523926,9.999024741948116,9.75433968650994,9.774178844876422,332500
2022-08-05,9.833697319030762,9.853536478140436,9.694821943912048,9.760953315178291,220100
2022-08-08,9.959343910217285,10.032087892974916,9.860146882083807,9.866760143427769,217700
2022-08-09,9.992408752441406,10.0849925173487,9.939503924115897,9.95934370774444,266200
2022-08-10,10.170967102050781,10.223871951603861,10.032091714305057,10.04531761135555,219100
2022-08-11,10.170967102050781,10.250324376380403,10.124675516360725,10.24371111251738,151000
2022-08-12,10.342906951904297,10.362746110465151,10.184191791391017,10.230484002266985,175200
2022-08-15,10.329679489135742,10.38919759009717,10.270161388174312,10.3230662266566,262600
2022-08-16,10.422263145446777,10.448715564367184,10.290001050844745,10.316453469765152,268100
2022-08-17,10.126734733581543,10.39357860373672,10.126734733581543,10.39357860373672,287000
2022-08-18,10.246813774108887,10.266827540777058,10.106720588461428,10.120063099573542,185900
2022-08-19,10.060022354125977,10.206786784856796,10.013324840977676,10.146746761548465,196800
2022-08-22,9.893243789672852,10.0066525696925,9.833203772461763,10.0066525696925,398800
2022-08-23,9.946615219116211,9.973299607674434,9.879904565823656,9.893246441999764,229100
2022-08-24,10.093378067016602,10.100049322145328,9.926600506033921,9.953284890342914,162500
2022-08-25,10.0733642578125,10.15341740533532,10.040008620626525,10.10671925879261,191600
2022-08-26,9.986639022827148,10.206785319208407,9.979967768705094,10.146745304521554,166500
2022-08-29,10.120060920715332,10.180100935381281,9.926599004683837,9.986639019349786,317900
2022-08-30,9.959955215454102,10.200114651809987,9.919928324625197,10.200114651809987,351500
2022-08-31,10.120060920715332,10.22679844180777,10.019994653742625,10.019994653742625,204400
2022-09-01,9.89991569519043,10.073364503828854,9.786506907711914,10.060021994146261,225700
2022-09-02,9.93994140625,10.073363950929203,9.906586406286042,9.973297042419802,130000
2022-09-06,9.83987808227539,9.94661564103592,9.793180559369167,9.94661564103592,131500
2022-09-07,9.99330997467041,9.999981229015383,9.839874941971017,9.839874941971017,120600
2022-09-08,10.106719017028809,10.113390271547592,9.926599598462582,9.95328398033187,125000
2022-09-09,10.213455200195312,10.220125817214733,10.140072687130171,10.15341519358046,140700
2022-09-12,10.240140914916992,10.306851547268,10.186772154553863,10.286838421183278,187400
2022-09-13,9.999979972839355,10.16675749327846,9.973295595017328,10.093375613319324,154300
2022-09-14,10.060022354125977,10.15341801662848,10.013324840977676,10.040009225091834,121700
2022-09-15,10.0733642578125,10.17343053316456,10.046679875304893,10.060021748455766,141500
2022-09-16,10.03333854675293,10.053351676937476,9.953285389808803,10.013325416568382,420800
2022-09-19,9.950528144836426,10.011120097985625,9.876471669906486,9.963993308671515,151000
2022-09-20,9.762020111083984,9.930330802654398,9.755287529328129,9.930330802654398,189800
2022-09-21,9.768754005432129,9.90340244836982,9.762021422771639,9.768754005432129,194800
2022-09-22,9.344611167907715,9.775486838395379,9.317681478630638,9.741824566285423,357100
2022-09-23,9.028185844421387,9.304215289666702,8.920467099160225,9.250355917036122,397900
2022-09-26,8.657901763916016,9.034917996437896,8.543450442010498,8.947396359565774,370200
2022-09-27,8.657901763916016,8.94066377779384,8.597310454131627,8.873339886237519,256400
2022-09-28,8.839676856994629,8.880071060033483,8.637703915637509,8.678098760730645,255000
2022-09-29,8.361675262451172,8.758888599845022,8.314548473965237,8.758888599845022,376700
2022-09-30,8.294350624084473,8.597310380690098,8.294350624084473,8.361675157120018,251900
2022-10-03,8.415533065795898,8.503054686726681,8.132771103420819,8.341476605956412,365700
2022-10-04,8.886805534362793,8.886805534362793,8.556916690368043,8.563649272993509,301800
2022-10-05,8.87333869934082,8.920465481332005,8.684830287267573,8.83967643703815,290000
2022-10-06,8.711761474609375,8.873340233181755,8.711761474609375,8.873340233181755,137200
2022-10-07,8.711761474609375,8.75215632476606,8.610775312299204,8.65117016245589,153800
2022-10-10,8.509787559509277,8.839676312924263,8.496322397955566,8.718492427157843,144000
2022-10-11,8.590578079223633,8.644437450587375,8.381872533648362,8.428999965132402,161000
2022-10-12,8.604043960571289,8.671368506441166,8.52325489076011,8.617509126567047,182200
2022-10-13,8.819479942321777,8.839677044269093,8.408801469715804,8.47612599894592,155600
2022-10-14,8.8329439163208,9.048381369238252,8.806014234706119,8.846409078155268,117300
2022-10-17,8.92719841003418,9.108973606264305,8.83967678145883,8.83967678145883,192800
2022-10-18,9.007991790771484,9.176302547754386,8.98779467970882,9.075315708331894,212400
2022-10-19,8.944729804992676,9.087573428928291,8.849501154833284,8.92432375834374,164500
2022-10-20,8.815489768981934,8.992343885563287,8.781479262147602,8.897114596166452,136100
2022-10-21,8.754271507263184,8.85630303383664,8.645438397875363,8.774677553099275,103100
2022-10-24,8.937929153442383,8.978741250993805,8.733866719595493,8.733866719595493,145500
2022-10-25,9.189603805541992,9.216812080555956,8.890312131691958,8.917520406705922,150100
2022-10-26,9.237217903137207,9.29843668262473,9.175999123649683,9.271228408263212,154900
2022-10-27,9.17599868774414,9.352852787040774,9.162394875557846,9.332446744413131,123900
2022-10-28,9.346052169799805,9.380062679180616,9.148791993826906,9.148791993826906,119600
2022-10-31,9.203208923339844,9.34605254958665,9.196407340144502,9.34605254958665,156300
2022-11-01,9.27122688293457,9.332445652350208,9.189602073279161,9.284830693528976,110900
2022-11-02,9.237217903137207,9.441280285196807,9.121582574926647,9.312040495457273,208000
2022-11-03,9.128386497497559,9.237219615114181,8.897115798213964,9.128386497497559,422900
2022-11-04,9.169198989868164,9.373261418596556,9.067168099852257,9.128386893340432,332600
2022-11-07,9.420876502990723,9.44128255148603,9.196408023452587,9.318844963121016,224600
2022-11-08,9.305238723754883,9.441280092790043,9.244019945514955,9.441280092790043,221000
2022-11-09,9.5024995803833,9.767780107630722,9.420874752868981,9.58412440789762,340100
2022-11-10,9.563718795776367,9.835801566464196,9.46848950168738,9.747374503816529,255300
2022-11-11,9.760979652404785,9.869812768325408,9.584125514685503,9.652145887787624,270300
2022-11-14,9.760979652404785,9.869812768325408,9.631739840726642,9.760979652404785,187800
2022-11-15,9.672551155090332,9.99224822371975,9.53650978028032,9.86300907982435,969900
2022-11-16,9.50565242767334,9.80098721089082,9.50565242767334,9.76664585039928,262400
2022-11-17,9.684228897094727,9.70483345546953,9.44383998102932,9.478181348325394,295700
2022-11-18,9.622413635253906,9.752910032334887,9.615545231458318,9.718568668363986,170100
2022-11-21,9.69796371459961,9.732305077163335,9.608676433936724,9.663622352035883,210900
2022-11-22,9.855934143066406,9.855934143066406,9.67735957408238,9.67735957408238,138300
2022-11-23,9.807857513427734,9.890276407069145,9.787252953769167,9.794121358657737,141800
2022-11-25,9.952088356018066,9.993298120466356,9.855933330650366,9.855933330650366,87000
2022-11-28,9.855934143066406,10.116926937726705,9.794119818802164,9.931484619941015,433400
2022-11-29,10.089451789855957,10.233684963530187,9.938350868869161,9.938350868869161,241900
2022-11-30,10.151268005371094,10.178740964796722,9.979561845209169,10.110058893736163,230100
2022-12-01,10.274897575378418,10.377921018748362,10.192478689681048,10.233687805026193,303600
2022-12-02,10.322973251342773,10.364183014335238,10.165003912386748,10.268027337357465,292900
2022-12-05,10.316107749938965,10.391658234370023,10.268029573476378,10.32297549942753,279700
2022-12-06,10.165003776550293,10.357314472929001,10.075716503765582,10.316105365494183,286200
2022-12-07,10.068849563598633,10.226819578399565,10.061981159692712,10.151268445448535,184300
2022-12-08,10.178740501403809,10.261159375928525,10.13066298834947,10.178740501403809,147500
2022-12-09,10.213081359863281,10.247422719642293,10.103189532576012,10.171872252134033,124800
2022-12-12,10.274897575378418,10.336711903403216,10.213083247353621,10.261160766925316,191400
2022-12-13,10.206212043762207,10.480942242407389,10.171871342062596,10.425996333679732,236000
2022-12-14,10.116925239562988,10.254290672651578,10.048243178025624,10.185607956107283,292300
2022-12-15,9.986429214477539,10.116925594481412,9.95895625789741,10.096321040798053,217800
2022-12-16,10.01390266418457,10.130662899151623,9.849064916586492,9.924615387150533,1006000
2022-12-19,9.629280090332031,9.952087143312403,9.581201928499732,9.917745786291304,366300
2022-12-20,9.704832077026367,9.780382550341098,9.588071837808231,9.622413200226566,241400
2022-12-21,9.681944847106934,9.820654526007049,9.647267262026924,9.744364367966966,200300
2022-12-22,9.70969009399414,9.744367690899578,9.564044716127423,9.619528606608062,234700
2022-12-23,9.751298904418945,9.799847121138535,9.668072445157012,9.668072445157012,199600
2022-12-27,9.695815086364746,9.792912188319862,9.675008800738611,9.716622033410776,184200
2022-12-28,9.584848403930664,9.744365041760839,9.564042116011935,9.647267929106821,238700
2022-12-29,9.668074607849121,9.744365435668401,9.612590730209643,9.62646203032951,156600
2022-12-30,9.647268295288086,9.730494111541974,9.577913779119841,9.591784417785494,258500
2023-01-03,9.7929105758667,9.855330083887303,9.702749137772471,9.709684785645823,136700
2023-01-04,9.987106323242188,10.014848259529307,9.785977119805587,9.785977119805587,150100
2023-01-05,9.883074760437012,10.000978161369858,9.855332822653986,10.000978161369858,158800
2023-01-06,9.917752265930176,9.952429853226917,9.820655153783292,9.883074678633434,177000
2023-01-09,10.042591094970703,10.105010622560382,9.945494639982309,9.945494639982309,141800
2023-01-10,10.132749557495117,10.167427136033718,10.042588117862673,10.056459413846033,113000
2023-01-11,10.34775161743164,10.34775161743164,10.18823499602418,10.1951706450897,173800
2023-01-12,10.43097972869873,10.465657320275145,10.34081825516807,10.375495846744485,135700
2023-01-13,10.486462593078613,10.507268881437465,10.313075313441558,10.36162354008554,170900
2023-01-17,10.597429275512695,10.715332666667175,10.562751690804923,10.576622989255998,232800
2023-01-18,10.39630126953125,10.715333894854304,10.375494980889744,10.611301790226781,200000
2023-01-19,10.389364242553711,10.417106838958835,10.30613843759805,10.382429254872333,165200
2023-01-20,10.43791389465332,10.451784532458957,10.333881134721256,10.38936500878371,188900
2023-01-23,10.770817756652832,10.770817756652832,10.479527070411661,10.486462720422162,235000
2023-01-24,10.71533489227295,10.80549636667199,10.694528601694724,10.763883785515542,217100
2023-01-25,10.804200172424316,10.811197871747229,10.601271563421223,10.706235051252895,151200
2023-01-26,10.811201095581055,10.895171510483452,10.720232979269074,10.839191233881854,144300
2023-01-27,10.88117504119873,10.916162875334164,10.776211538792435,10.776211538792435,131100
2023-01-30,10.720232009887695,10.90216822606,10.69923957489473,10.867180389513408,140600
2023-01-31,10.853184700012207,10.853184700012207,10.68524390017549,10.713234033481609,118700
2023-02-01,10.937156677246094,10.98613925076153,10.783210588192201,10.846188564047772,158900
2023-02-02,10.979140281677246,11.161076487063182,10.951150147566905,11.014128116149532,199400
2023-02-03,11.126090049743652,11.161077888609517,10.95115152275185,10.979141660377037,265400
2023-02-06,10.91616439819336,11.19606577564959,10.65025775594118,11.126090097616771,462900
2023-02-07,10.91616439819336,11.056115086921475,10.804203179873344,11.014129546634278,229600
2023-02-08,10.650256156921387,10.916162759250591,10.601272922717703,10.874177225267065,227900
2023-02-09,10.482314109802246,10.776210829454401,10.433331545639348,10.734225965125457,246200
2023-02-10,10.468318939208984,10.524299200862185,10.377350847188193,10.482313670953605,221400
2023-02-13,10.573282241821289,10.615267773631327,10.426333881492242,10.524299677490736,272000
2023-02-14,10.552290916442871,10.615268887095159,10.475318211944218,10.552290916442871,245800
2023-02-15,10.5289888381958,10.550173738050603,10.401878092155345,10.47249532294578,146400
2023-02-16,10.465432167053223,10.606666611115507,10.458370983614701,10.479555880841747,139000
2023-02-17,10.656100273132324,10.656100273132324,10.43718738229434,10.43718738229434,170800
2023-02-21,10.373629570007324,10.656097771666259,10.31007488125338,10.656097771666259,232800
2023-02-22,10.401876449584961,10.444246916059626,10.33832176005654,10.33832176005654,136200
2023-02-23,10.514864921569824,10.55017286057259,10.394816043284271,10.394816043284271,112200
2023-02-24,10.415999412536621,10.536048273201633,10.387752661406953,10.479554770942295,140400
2023-02-27,10.52192497253418,10.649035694318188,10.479555180909975,10.479555180909975,144200
2023-02-28,10.42306137084961,10.557233271666771,10.34538229938986,10.528986520260228,107800
2023-03-01,10.797331809997559,11.12216981240933,10.634913145519537,10.649036185560538,522100
2023-03-02,10.754960060119629,10.825577272268651,10.521924202865755,10.797330522100172,334900
2023-03-03,11.030367851257324,11.093923215981208,10.776147065817527,10.832640573693038,350600
2023-03-06,11.072737693786621,11.164539807265623,10.94562697151482,11.030367228544122,228500
2023-03-07,11.100985527038574,11.129232282132076,11.016245261758067,11.129232282132076,188700
2023-03-08,11.298713684082031,11.362269056307923,11.164541755404116,11.164541755404116,291200
2023-03-09,10.839701652526855,11.284587826751068,10.790269331591965,11.242218035613377,230700
2023-03-10,10.31713581085205,10.846762918310784,10.190025763011826,10.79733127045379,376800
2023-03-13,10.211212158203125,10.31007614189044,9.949929494303573,10.204150300770648,455100
2023-03-14,10.352444648742676,10.571357487663025,10.267704390486456,10.401876297694876,179800
2023-03-15,10.190027236938477,10.260643790740488,10.020546026210909,10.161780480726513,420900
2023-03-16,10.430123329162598,10.47249311995932,10.02760627585964,10.190025603128895,211000
2023-03-17,10.168839454650879,10.458369484718453,10.13353152215139,10.394814128690342,447600
2023-03-20,10.211212158203125,10.380692695847841,10.154718645654887,10.204150300770648,174400
2023-03-21,10.62078857421875,10.726713723066105,10.281827559142675,10.423061315424373,274300
2023-03-22,10.447612762451172,10.73980373673566,10.447612762451172,10.575891991999157,160800
2023-03-23,10.362092971801758,10.64003106170186,10.312206909376084,10.52600538778796,134100
2023-03-24,10.490372657775879,10.511752302666679,10.233814200499644,10.319333459709503,133800
2023-03-27,10.575892448425293,10.661411711932503,10.497499280475333,10.575892448425293,162400
2023-03-28,10.583019256591797,10.611525677849656,10.483246442365948,10.483246442365948,140200
2023-03-29,10.661409378051758,10.68991579298051,10.5758901332655,10.682789019336687,101900
2023-03-30,10.668538093566895,10.768310224154634,10.661411318625866,10.754057353919242,130800
2023-03-31,10.718424797058105,10.796817287137076,10.661411953428544,10.689918375243325,150400
2023-04-03,10.654284477233887,10.78256370678566,10.583018767208083,10.68991767207012,125800
2023-04-04,10.604397773742676,10.68991702841238,10.490372100849736,10.654283835721682,136200
2023-04-05,10.419106483459473,10.59014500540611,10.411979708466696,10.575892135067226,238800
2023-04-06,10.483246803283691,10.590145716769305,10.440486830101415,10.590145716769305,80800
2023-04-10,10.404851913452148,10.540257217962646,10.283699476952279,10.504624028466232,169600
2023-04-11,10.490372657775879,10.568765142139918,10.419106268611001,10.540258722403298,134900
2023-04-12,10.56876277923584,10.640029152467386,10.533129592620067,10.540256365872523,108800
2023-04-13,10.704170227050781,10.746929513163016,10.561637460952406,10.575891009420882,158700
2023-04-14,10.697041511535645,10.796813614122119,10.611522275184464,10.768307202005058,194700
2023-04-17,10.832449913024902,10.839576688014416,10.611525325523367,10.704171361447022,162500
2023-04-18,10.511751174926758,10.746929282434749,10.426231924891724,10.746929282434749,557900
2023-04-19,10.696622848510742,10.711010027740201,10.480819962198114,10.49520714142757,192800
2023-04-20,10.559947967529297,10.689429149173028,10.538367198906627,10.639075394423713,113300
2023-04-21,10.423274040222168,10.538368745695822,10.365726687485342,10.502402164749224,280400
2023-04-24,10.423274040222168,10.466434897784067,10.372920278082084,10.423274040222168,170200
2023-04-25,10.3153715133667,10.430466203086075,10.300984334142546,10.372918858226386,136000
2023-04-26,10.121149063110352,10.394499303741155,10.085182485831906,10.293791789731928,217900
2023-04-27,10.250631332397461,10.28659859708326,10.149923128480927,10.178696803025863,122200
2023-04-28,10.423274040222168,10.488014983555738,10.257825572608432,10.257825572608432,102000
2023-05-01,10.358530044555664,10.488011893068574,10.322563474207282,10.430464557289138,113600
2023-05-02,10.164311408996582,10.358533561693815,10.020443020698893,10.358533561693815,188300
2023-05-03,10.149921417236328,10.286596862795616,10.128341336470587,10.171502184020467,101300
2023-05-04,9.90534496307373,10.09237346165505,9.862184118159053,10.042019714269891,173800
2023-05-05,10.106762886047363,10.185890318964885,10.006054682864464,10.006054682864464,122100
2023-05-08,10.128342628479004,10.164309891688953,10.077988871596167,10.113956134806116,106400
2023-05-09,10.063600540161133,10.15711513939719,9.991666707992295,10.128341469325973,113200
2023-05-10,10.142732620239258,10.164312709740905,10.013250711192025,10.14992552606069,124900
2023-05-11,9.941311836242676,10.085180866327546,9.69673530832045,9.984472682471813,272600
2023-05-12,9.775863647460938,10.027633084134985,9.739896389073674,9.941312075616592,243300
2023-05-15,9.840606689453125,9.912540535663107,9.754285662390025,9.775865747651164,112600
2023-05-16,9.890960693359375,9.998861808334054,9.826219749967144,9.86218701696489,185400
2023-05-17,10.006053924560547,10.0707948584133,9.869379153330202,9.984473841949114,100600
2023-05-18,10.042020797729492,10.063600879505984,9.962893373870068,10.006053537423051,90900
2023-05-19,10.121149063110352,10.193083589704216,10.10676256940267,10.121149063110352,112000
2023-05-22,10.243436813354492,10.336951418650012,10.12114853612331,10.12114853612331,261000
2023-05-23,10.190414428710938,10.292100925202305,10.132308057196608,10.139571526806547,168200
2023-05-24,10.045150756835938,10.16862699721676,10.02336103579307,10.125046862448281,124400
2023-05-25,10.081465721130371,10.117782378535804,9.9870426889493,9.99430615896691,111800
2023-05-26,10.183152198791504,10.219468163426802,10.052412509520032,10.052412509520032,162800
2023-05-30,10.263050079345703,10.29936674299274,10.16136355967055,10.168627030936507,140400
2023-05-31,10.103255271911621,10.241258429240252,10.05967583788977,10.233994959342406,127800
2023-06-01,10.306628227233887,10.321155167941457,10.117782846814096,10.168625753925271,196000
2023-06-02,10.371997833251953,10.459157397417457,10.277574798901997,10.277574798901997,148100
2023-06-05,10.408313751220703,10.459156653530485,10.3138907235864,10.38652403489974,76700
2023-06-06,10.47368335723877,10.51000001207842,10.386523801233153,10.430103232894673,204900
2023-06-07,10.589896202087402,10.669792289369493,10.495473175654432,10.524526361273608,337900
2023-06-08,10.502737998962402,10.655267416293746,10.502737998962402,10.59716103756587,288800
2023-06-09,10.437366485595703,10.582632409254286,10.422840239571126,10.539052978497992,286500
2023-06-12,10.582633018493652,10.611686204897952,10.437367086472147,10.437367086472147,298500
2023-06-13,10.582633018493652,10.63347661421313,10.510000398824202,10.575370241404528,330100
2023-06-14,10.401050567626953,10.677056188453367,10.379260850706677,10.677056188453367,411500
2023-06-15,10.669793128967285,10.720636727313625,10.45915734348284,10.45915734348284,502600
2023-06-16,10.542956352233887,10.689589818350477,10.454976272563933,10.689589818350477,853300
2023-06-20,10.484301567077637,10.5502867928279,10.440311183509651,10.498964562131347,355400
2023-06-21,10.476970672607422,10.520961060175399,10.31567351712949,10.388990596674956,288900
2023-06-22,10.388989448547363,10.491633208726755,10.374325754577415,10.476969514756808,184700
2023-06-23,10.271682739257812,10.381657647707593,10.26435089224025,10.352330958840756,179000
2023-06-26,10.315672874450684,10.45497517706767,10.293678031638745,10.440311482390745,302500
2023-06-27,10.462306022644043,10.491632709986424,10.308340739295701,10.337667426638083,159500
2023-06-28,10.484301567077637,10.506296409259916,10.374325957759389,10.432979336381083,145900
2023-06-29,10.484301567077637,10.557617940753042,10.462306724895358,10.498964562131347,305700
2023-06-30,10.462306022644043,10.586943919446625,10.432978636098284,10.557617232104246,250900
2023-07-03,10.520959854125977,10.550286542741658,10.42564794132416,10.469637624645976,104000
2023-07-05,10.476970672607422,10.535624056562398,10.4109854408572,10.484302520402666,314800
2023-07-06,10.42564868927002,10.42564868927002,10.264351540710457,10.396321998550414,151300
2023-07-07,10.469637870788574,10.586944628009197,10.447643028610564,10.469637870788574,535700
2023-07-10,10.535623550415039,10.616271774677797,10.498965012403438,10.513628707289461,287100
2023-07-11,10.645601272583008,10.674927968959121,10.542957485664814,10.564952333146001,173600
2023-07-12,10.682256698608398,10.762905619774568,10.645598860845706,10.711583388340614,432300
2023-07-13,10.696920394897461,10.755573774371877,10.667593705160252,10.704252242132622,354600
2023-07-14,10.68958854675293,10.770236768722533,10.608940324783326,10.718915236487643,313200
2023-07-17,10.814227104187012,10.894875325793135,10.630935119370282,10.704252192978348,328100
2023-07-18,10.953530311584473,11.034179244223045,10.82156053861837,10.828892386895246,270400
2023-07-19,10.966108322143555,11.091900446961422,10.958709325023003,10.973508024938607,208200
2023-07-20,10.81071662902832,11.003104641620737,10.81071662902832,10.958707842206737,212100
2023-07-21,10.781119346618652,10.855114958829645,10.72932284147563,10.810717450368157,251500
2023-07-24,10.825516700744629,10.877313205149205,10.77372019634005,10.825516700744629,428300
2023-07-25,10.884714126586914,10.951310042951834,10.818118210221995,10.825517913301326,396000
2023-07-26,11.202893257141113,11.217691956244686,10.877313408769014,10.877313408769014,273900
2023-07-27,11.106698036193848,11.276886938600814,11.077099935528533,11.217690737270184,307700
2023-07-28,11.188095092773438,11.210293496727134,11.121499175237807,11.173296392029151,210900
2023-07-31,11.232491493225098,11.284287999208914,11.188093984042919,11.225091790748989,170500
2023-08-01,11.232491493225098,11.247290192502843,11.158495879812955,11.225091790748989,193300
2023-08-02,11.11409854888916,11.210291853815864,11.077100743938809,11.173294754539949,154500
2023-08-03,11.143695831298828,11.158494528784805,11.040102126199457,11.11409773065249,113000
2023-08-04,11.262090682983398,11.30648749077042,11.14369825465196,11.16589665854547,127300
2023-08-07,11.358283996582031,11.395281098864302,11.239890869985492,11.34348459112953,200500
2023-08-08,11.336085319519043,11.358284428542035,11.143697981041399,11.210293191086821,175300
2023-08-09,11.454477310180664,11.484076121087877,11.328685892197466,11.39528109971522,172000
2023-08-10,11.43227767944336,11.498873585480847,11.284287169179171,11.461875781496197,181400
2023-08-11,11.276888847351074,11.321286358701057,11.084500807625325,11.306486953026228,260700
2023-08-14,11.328685760498047,11.343484460105122,11.210292635269024,11.336084757464342,164800
2023-08-15,11.262090682983398,11.33608559785328,11.2472912766047,11.25469097979405,178100
2023-08-16,11.247289657592773,11.321285267485756,11.232490959018838,11.25468935971696,394000
2023-08-17,11.19278335571289,11.30478628657042,11.133048744092637,11.30478628657042,346100
2023-08-18,11.252516746520996,11.274917757517809,11.058379635863938,11.09571323000663,185600
2023-08-21,11.245049476623535,11.274916776594818,11.170380870649026,11.252515767546905,154700
2023-08-22,11.140514373779297,11.30478489150965,11.133047370225041,11.297317887955394,219600
2023-08-23,11.222649574279785,11.267450884701022,11.125580661777663,11.125580661777663,227800
2023-08-24,11.200249671936035,11.312251883818316,11.200249671936035,11.230116975910823,117600
2023-08-25,11.282383918762207,11.334652231724993,11.215183022826032,11.259983620116815,100200
2023-08-28,11.409321784973145,11.454123100850342,11.342120167203728,11.342120167203728,292800
2023-08-29,11.446656227111816,11.476523534007308,11.342120296931213,11.42425592496339,186800
2023-08-30,11.461589813232422,11.528790717195406,11.446655804289932,11.483990114553418,169500
2023-08-31,11.35705280303955,11.498922313990018,11.35705280303955,11.46158871938225,317800
2023-09-01,11.319719314575195,11.446655539276565,11.312252310276826,11.386920929075064,129400
2023-09-05,11.200249671936035,11.327185891852059,11.200249671936035,11.319718887835187,212100
2023-09-06,11.125581741333008,11.207717366393082,11.095714435518275,11.200250361916213,187800
2023-09-07,11.19278335571289,11.207717364664324,11.133048744092637,11.140515748568355,143800
2023-09-08,11.342120170593262,11.364521184584934,11.245051958333715,11.259985255568738,109500
2023-09-11,11.371986389160156,11.424254704713949,11.33465279359805,11.409320696814955,124700
2023-09-12,11.394386291503906,11.439186886653147,11.364518990706873,11.371985281836666,116600
2023-09-13,11.461589813232422,11.49145711902466,11.3943881971767,11.3943881971767,115900
2023-09-14,11.5586576461792,11.610925963681241,11.513857044997694,11.5586576461792,203600
2023-09-15,11.573590278625488,11.59599057655302,11.528788970677793,11.581057281965542,209500
2023-09-18,11.648261070251465,11.685594669761274,11.573592447046318,11.573592447046318,322900
2023-09-19,11.691197395324707,11.751461240174693,11.638465992279695,11.65353231269304,153900
2023-09-20,11.676132202148438,11.781594300018286,11.630933954946569,11.721330449350306,141800
2023-09-21,11.578202247619629,11.630932932719238,11.540537164662034,11.600801010033504,177800
2023-09-22,11.608333587646484,11.683663749780616,11.578201666473165,11.615866747540231,107700
2023-09-25,11.668598175048828,11.668598175048828,11.578202405756981,11.59326872650648,202400
2023-09-26,11.472740173339844,11.758993798412503,11.457674571179023,11.645999267800374,243400
2023-09-27,11.525471687316895,11.630933058658043,11.457674680939466,11.465207841292893,224300
2023-09-28,11.638465881347656,11.683664123755188,11.4878062706587,11.51793819279649,170300
2023-09-29,11.593269348144531,11.751462132488085,11.58573618736585,11.676131961504773,216000
2023-10-02,11.299482345581055,11.638466672268137,11.269350421395574,11.578202823897179,240300
2023-10-03,11.073493003845215,11.27688403914282,10.930366537763092,11.261817717238507,294400
2023-10-04,10.952964782714844,11.118690723792996,10.907766537547444,11.073492478625596,246500
2023-10-05,10.990629196166992,11.013227958169878,10.915299031621787,10.930365351891504,132300
2023-10-06,11.11868953704834,11.148821457809921,10.952963613658815,10.968029933240434,142700
2023-10-09,11.224152565002441,11.276883972956274,11.073492938852416,11.073492938852416,155700
2023-10-10,11.209085464477539,11.322079989397812,11.178953543272021,11.261816146986778,159600
2023-10-11,11.291950225830078,11.337148475475557,11.19402128359971,11.239219533245189,177100
2023-10-12,11.329615592956543,11.359747520661141,11.216621043664754,11.359747520661141,168100
2023-10-13,11.352211952209473,11.412475794841376,11.291948109577568,11.40494335331364,189800
2023-10-16,11.48027515411377,11.510407081615309,11.359747444107612,11.367280605583453,263400
2023-10-17,11.374813079833984,11.49534078255829,11.299482906430406,11.49534078255829,215300
2023-10-18,11.216620445251465,11.374813236861387,11.194020961877342,11.3145493846673,299500
2023-10-19,11.081027030944824,11.216621065075257,11.05089510318271,11.1940215804523,158700
2023-10-20,10.96803092956543,11.103624226108876,10.91529952464135,11.081025463085254,171600
2023-10-23,10.787239074707031,10.975563783236982,10.787239074707031,10.922833094737157,216200
2023-10-24,10.862568855285645,10.960497786411727,10.809838168679956,10.809838168679956,120600
2023-10-25,10.75710678100586,10.90023395688296,10.681777331219456,10.84750255179058,440800
2023-10-26,10.794772148132324,10.937899327762134,10.764640223747376,10.832437233213945,193000
2023-10-27,10.666709899902344,10.915298423284687,10.598912899270495,10.809837060881058,182100
2023-10-30,10.651646614074707,10.757107999401017,10.493453817683436,10.711910468090258,465100
2023-10-31,10.696842193603516,10.787237958132923,10.613979589051976,10.651644670539648,264300
2023-11-01,10.90023422241211,10.960498071069948,10.6968431943906,10.734508279402185,229500
2023-11-02,11.17142105102539,11.17142105102539,11.03582703829601,11.03582703829601,193200
2023-11-03,11.231684684753418,11.314548010255974,11.20908592252622,11.254283446980617,188200
2023-11-06,11.163888931274414,11.284416634534319,11.088559475937863,11.224152782904365,153300
2023-11-07,11.096090316772461,11.156354878104475,11.043359633808834,11.126222956639307,111500
2023-11-08,11.163888931274414,11.239219105012744,10.975564215330369,11.148823327567815,225000
2023-11-09,11.058426856994629,11.291949087823369,11.005695451322225,11.156355789355683,222700
2023-11-10,11.11868953704834,11.1337551382283,11.07349129670514,11.12622269683915,121300
2023-11-13,11.148822784423828,11.194020311743488,11.013228765661363,11.043360690008384,162700
2023-11-14,11.291950225830078,11.329615314134344,11.216620767623352,11.239219533245189,239000
2023-11-15,11.291950225830078,11.32208215279313,11.224153210562761,11.284417064488864,136600
2023-11-16,11.18648910522461,11.359747509759323,11.18648910522461,11.314549977446712,154200
2023-11-17,11.231684684753418,11.254283446980617,11.14882207765256,11.201552762316588,204200
2023-11-20,11.216620445251465,11.27688429744555,11.20155412300205,11.224152887974386,195500
2023-11-21,11.276883125305176,11.28441556724516,11.201552958691634,11.216619279375028,126300
2023-11-22,11.216620445251465,11.3145493846673,11.194020961877342,11.254284814071429,224800
2023-11-24,11.269349098205566,11.307014178615407,11.231684017795725,11.261815938443267,146800
2023-11-27,11.299482345581055,11.30701550622786,11.20155341237781,11.299482345581055,264200
2023-11-28,11.276883125305176,11.314548208611946,11.224151721315012,11.314548208611946,157200
2023-11-29,11.299482345581055,11.404944439431103,11.29194918493425,11.404944439431103,195900
2023-11-30,11.40494441986084,11.40494441986084,11.314548647459514,11.322081089691654,134700
2023-12-01,11.495338439941406,11.495338439941406,11.374810761779244,11.427541441374782,133500
2023-12-04,11.540536880493164,11.555603200665898,11.480273036605604,11.495339356778338,189800
2023-12-05,11.48027515411377,11.563138493544367,11.45014322661223,11.533006566042827,162500
2023-12-06,11.525471687316895,11.563136770682325,11.480273443598037,11.533004847670323,201200
2023-12-07,11.593269348144531,11.593269348144531,11.495340413226925,11.548071101874193,169200
2023-12-08,11.62340259552002,11.653534523661799,11.585737505742339,11.593270667378242,200200
2023-12-11,11.487807273864746,11.615868133734066,11.465208509888322,11.615868133734066,482200
2023-12-12,11.533004760742188,11.555603523230426,11.45014143428247,11.51793844014889,369100
2023-12-13,11.757472038269043,11.757472038269043,11.424640867010728,11.540744643794126,455300
2023-12-14,11.703290939331055,11.811655010886193,11.656849721643027,11.772953504032941,569700
2023-12-15,11.680069923400879,11.772953093709516,11.563965406887718,11.656849315366175,1237700
2023-12-18,11.788433074951172,11.819394869422876,11.656849139295476,11.68781019559737,322200
2023-12-19,11.788433074951172,11.81165442080495,11.695549906045487,11.77295291588513,257100
2023-12-20,11.695550918579102,11.834876053084503,11.695550918579102,11.788434095526078,230600
2023-12-21,11.718770980834961,11.757471746689793,11.672329028371452,11.757471746689793,167500
2023-12-22,11.749732971191406,11.86583675433233,11.695550565978436,11.711031464087814,230100
2023-12-26,11.780694007873535,11.86583673281113,11.718771891888037,11.741992500840137,205100
2023-12-27,11.780694007873535,11.827135225777733,11.726511602758837,11.772953558832885,144000
2023-12-28,11.811654090881348,11.865835753353807,11.780693035444258,11.796173194077909,244600
2023-12-29,11.633627891540527,11.796173623038571,11.61814773234395,11.788433174355374,292100
2024-01-02,11.579445838928223,11.64910839840211,11.525264176301773,11.610406894453305,178300
2024-01-03,11.540745735168457,11.602667853731369,11.494304515331214,11.56396634508708,159900
2024-01-04,11.749732971191406,11.757472682076243,11.540745275733922,11.571706333782824,191900
2024-01-05,11.788433074951172,11.796173523569099,11.703290354663412,11.734251410965308,140100
2024-01-08,11.8580961227417,11.90453807818508,11.796174007597083,11.811654905468156,184100
2024-01-09,11.780694007873535,11.842616123859033,11.749732949880787,11.803914616825635,162700
2024-01-10,11.796174049377441,11.834875556022363,11.726511485050553,11.772953440658426,120300
2024-01-11,11.780694007873535,11.780694007873535,11.594926921747193,11.765213109792237,142300
2024-01-12,11.796174049377441,11.834875556022363,11.749732831939411,11.78843360041449,121800
2024-01-16,11.695550918579102,11.780694384407902,11.6568501484786,11.772953935119853,168100
2024-01-17,11.67232894897461,11.687809845747074,11.571705334462958,11.687809845747074,181600
2024-01-18,11.687811851501465,11.687811851501465,11.579447770007137,11.656850790813074,152800
2024-01-19,11.703290939331055,11.726511548175068,11.625888663794393,11.726511548175068,123700
2024-01-22,11.796174049377441,11.803914498340395,11.695550427368586,11.718771774257442,177200
2024-01-23,11.772953033447266,11.842615595364617,11.726511079445759,11.803914090058331,121100
2024-01-24,11.749732971191406,11.819395536343901,11.6878108550936,11.780694029240308,167500
2024-01-25,11.803915023803711,11.811655473111237,11.718772295930544,11.765213515435953,162700
2024-01-26,11.927757263183594,11.935497711195268,11.788432151652444,11.788432151652444,175500
2024-01-29,11.85035514831543,11.93549786301764,11.811653645934513,11.93549786301764,162800
2024-01-30,11.943238258361816,11.97419931249581,11.842614647883897,11.865835253941952,132600
2024-01-31,11.811654090881348,11.950978471263356,11.78843274567619,11.950978471263356,219300
2024-02-01,11.718770980834961,11.873576258763668,11.625887814077736,11.85035565161681,356600
2024-02-02,11.734251022338867,11.796173132891859,11.6955495187008,11.718770863785512,137200
2024-02-05,11.67232894897461,11.726510611338659,11.55622517586028,11.70329000434975,177600
2024-02-06,11.571704864501953,11.664588026855116,11.540743810384233,11.649107868881133,152300
2024-02-07,11.556224822998047,11.649107986287337,11.471081369688875,11.610406483707692,223700
2024-02-08,11.486562728881836,11.579445895914194,11.432381065988743,11.54848484023674,164000
2024-02-09,11.486562728881836,11.502042887635666,11.41690016906512,11.494303177343648,165600
2024-02-12,11.602667808532715,11.610408257865396,11.447862512728486,11.494304470554694,152900
2024-02-13,11.424642562866211,11.540746356883867,11.401421213526744,11.540746356883867,204100
2024-02-14,11.455602645874023,11.509784313367561,11.378199631023376,11.432382036686771,146300
2024-02-15,11.618148803710938,11.618148803710938,11.48656411664179,11.48656411664179,120000
2024-02-16,11.618148803710938,11.656850312525961,11.502044277265869,11.563966396101952,108600
2024-02-20,11.594926834106445,11.672329847588188,11.563965776347718,11.618148181052876,150500
2024-02-21,11.548484802246094,11.618147361833644,11.509783298234144,11.571705409385347,192000
2024-02-22,11.502043724060059,11.587187186991999,11.447862057226894,11.587187186991999,228800
2024-02-23,11.52526569366455,11.594927524139997,11.463343574462005,11.533005404937454,152800
2024-02-26,11.4401216506958,11.556226171987936,11.424641490758761,11.525265113944004,172300
2024-02-27,11.486562728881836,11.494303177343648,11.393679561849478,11.486562728881836,149700
2024-02-28,11.509783744812012,11.55622569906225,11.432381471954708,11.53300435285222,309000
2024-02-29,11.579445838928223,11.58718628735194,11.478822223929253,11.509783279454336,233400
2024-03-01,11.633627891540527,11.656849237590116,11.463342449529103,11.610407283660754,347000
2024-03-04,11.680069923400879,11.711030980170424,11.533004350118171,11.649108866631334,280800
2024-03-05,11.819396018981934,11.842616628924349,11.664589984246154,11.726512102872514,333800
2024-03-06,11.943238258361816,11.989679470477927,11.81939404182584,11.834874199807958,298400
2024-03-07,12.198668479919434,12.214148639602538,11.989680787923746,12.07482424977525,416500
2024-03-08,12.113523483276367,12.276069199288415,12.113523483276367,12.190926486394387,254500
2024-03-11,12.183187484741211,12.260590497047911,12.121265370163783,12.190927933605847,226600
2024-03-12,12.167707443237305,12.214148660536049,12.113525038828985,12.15222654535783,302300
2024-03-13,12.096179962158203,12.271025641474782,12.088232224569822,12.239235449059226,223500
2024-03-14,11.984914779663086,12.135918773051129,11.961072323105299,12.135918773051129,280600
2024-03-15,12.024650573730469,12.112073404184496,11.92133226977322,11.93722774327644,355100
2024-03-18,11.945176124572754,12.032599723229076,11.937229144825983,11.976966317373785,167600
2024-03-19,11.969019889831543,12.008757064212665,11.897491763244695,11.945176675677248,146100
2024-03-20,11.976964950561523,11.98491268733928,11.897489856597641,11.961070234943906,181100
2024-03-21,12.024650573730469,12.080283215115951,12.000808121413533,12.016702836978858,120600
2024-03-22,11.969019889831543,12.048494996531806,11.95312441372868,12.048494996531806,124400
2024-03-25,12.008755683898926,12.08028380226417,11.961070776947384,11.961070776947384,111800
2024-03-26,12.080283164978027,12.120021090633255,12.048492976041423,12.06438844947867,180500
2024-03-27,12.159760475158691,12.159760475158691,12.072336876640943,12.080284614313099,120500
2024-03-28,12.19949722290039,12.263077602237868,12.135916843562914,12.223339675667468,403900
2024-04-01,12.056442260742188,12.239235681112879,12.056442260742188,12.239235681112879,166400
2024-04-02,12.032600402832031,12.096180792025123,12.024652664698388,12.048495121161292,156200
2024-04-03,12.056442260742188,12.104127171300634,12.040546785264047,12.064389998481257,137300
2024-04-04,11.96107006072998,12.135916477604505,11.96107006072998,12.104125530956514,117800
2024-04-05,12.016704559326172,12.048494752951187,11.969019647857648,12.016704559326172,128100
2024-04-08,12.008755683898926,12.08823153940207,11.937228323471613,12.048493611650498,241600
2024-04-09,11.984914779663086,12.032600450716686,11.937229866547513,12.008757236220871,129900
2024-04-10,11.929280281066895,12.024650850467404,11.905437070263334,11.961070470867064,168700
2024-04-11,11.984914779663086,12.032600450716686,11.913386652051699,11.953124584940028,189900
2024-04-12,11.786225318908691,12.00875667150549,11.73059267024399,11.961071760632315,227200
2024-04-15,11.818014144897461,12.024650755943178,11.770329239541006,11.961070376842635,232600
2024-04-16,11.762381553649902,11.810066459213035,11.730591363961846,11.762381553649902,142500
2024-04-17,11.84980583190918,11.897491501229583,11.818015638341578,11.818015638341578,96300
2024-04-18,11.905437469482422,11.937228418286532,11.802119917620807,11.865700299353156,117800
2024-04-19,12.024650573730469,12.032598310482078,11.881594343953063,11.90543679627,115700
2024-04-22,12.088232040405273,12.120022232336508,12.008756181608211,12.040546373539444,187500
2024-04-23,12.247180938720703,12.255128674850306,12.07233453355859,12.112072456268775,354000
2024-04-24,12.342552185058594,12.350499921630316,12.19154897988523,12.239233883439818,231800
2024-04-25,12.127969741821289,12.27102522385369,12.127969741821289,12.27102522385369,129900
2024-04-26,12.334606170654297,12.34255314990938,12.120021814070382,12.159759742097544,127600
2024-04-29,12.350502014160156,12.390239945813644,12.30281634458837,12.350502014160156,122000
2024-04-30,12.20744514465332,12.366396863210868,12.20744514465332,12.350501388179927,145400
2024-05-01,12.318709373474121,12.398185220994257,12.199496360131771,12.22333881121267,100900
2024-05-02,12.286919593811035,12.382290159237481,12.263077141938894,12.382290159237481,99700
2024-05-03,12.263076782226562,12.37434205965807,12.255129045856352,12.37434205965807,96800
2024-05-06,12.374343872070312,12.414081801803734,12.286921033007163,12.286921033007163,115300
2024-05-07,12.3663969039917,12.437924268052912,12.358449166450018,12.437924268052912,104200
2024-05-08,12.414081573486328,12.445871765100792,12.342553452869296,12.382291381871864,112000
2024-05-09,12.716089248657227,12.747880199399333,12.437924493167657,12.477662423657307,288500
2024-05-10,12.882987022399902,12.882987022399902,12.716089080834404,12.771721728022904,221900
2024-05-13,12.755825996398926,12.898882238222242,12.747879774853999,12.88298676338056,108300
2024-05-14,12.819404602050781,12.85119554732527,12.747878006934592,12.747878006934592,82300
2024-05-15,12.779669761657715,12.906830534141793,12.779669761657715,12.875041098958764,119600
2024-05-16,12.84324836730957,12.8670915772982,12.73993082244371,12.763772516556571,124200
2024-05-17,12.882987022399902,12.906830235141808,12.827354375211403,12.835302112792037,89500
2024-05-20,12.875040054321289,12.93862043540463,12.875040054321289,12.914777224044931,110900
2024-05-21,12.986306190490723,13.002201665768787,12.882987117059264,12.914778067615392,114900
2024-05-22,12.827354431152344,12.97041067647576,12.787617258951817,12.97041067647576,87100
2024-05-23,12.795563697814941,12.859144076407933,12.755825013771949,12.851196339599335,74400
2024-05-24,12.946568489074707,12.95451471051304,12.835301682551439,12.859144894494117,86500
2024-05-28,12.875040054321289,12.978357605128272,12.85119684296159,12.94656817252453,117100
2024-05-29,12.930672645568848,12.978357552217988,12.78761640974558,12.859144527657214,120600
2024-05-30,12.99425220489502,13.002199941480061,12.898880881750275,12.962461258554853,65100
2024-05-31,13.065780639648438,13.07372837642896,13.010147998060571,13.026041955745823,102400
2024-06-03,13.208837509155273,13.216783730444542,13.113466179049531,13.113466179049531,118200
2024-06-04,13.177047729492188,13.26447133018855,13.169099991621971,13.208838680973047,126200
2024-06-05,13.224732398986816,13.24857561216142,13.1134671025906,13.240627874436553,126000
2024-06-06,13.224732398986816,13.240627874436553,13.177047488513576,13.224732398986816,86300
2024-06-07,13.272418022155762,13.296259718011614,13.169098953860795,13.169098953860795,125100
2024-06-10,13.177047729492188,13.288313027923195,13.177047729492188,13.272419068058765,116900
2024-06-11,13.169099807739258,13.200890758776215,13.113467159300564,13.137310372578282,111800
2024-06-12,13.272418022155762,13.32805066698726,13.153203479372973,13.184994428348617,206100
2024-06-13,13.052433013916016,13.247974889469264,13.03613746911274,13.239827117067627,179800
2024-06-14,13.019843101501465,13.085023732579202,12.856891523807121,13.027990874639785,294200
2024-06-17,13.019843101501465,13.060581967193068,12.873187070083763,13.027990874639785,178800
2024-06-18,13.003548622131348,13.044286711716724,12.938367989600518,13.01984339175684,144600
2024-06-20,13.036137580871582,13.10946597908628,12.970956955128372,12.970956955128372,104600
2024-06-21,12.913924217224121,13.10131832365636,12.913924217224121,13.044285469875131,294500
2024-06-24,13.011693954467773,13.052432036410718,12.954660328941937,12.987250639093435,193000
2024-06-25,12.897627830505371,13.003546535626219,12.865037519469286,13.003546535626219,109200
2024-06-26,13.06058120727539,13.133909607224904,12.897628862047863,12.913924407376363,162600
2024-06-27,13.158350944519043,13.199089806519304,13.036137466575633,13.093170319347312,224600
2024-06-28,13.109465599060059,13.21538353006159,13.044284975206349,13.15020290620788,110500
2024-07-01,13.003548622131348,13.158352430138459,12.962810532545971,13.109467344247554,127900
2024-07-02,13.011693954467773,13.044284264619272,12.873184942070335,12.889479708638941,175200
2024-07-03,13.133909225463867,13.174646533572277,13.011694970095602,13.011694970095602,53400
2024-07-05,13.101319313049316,13.158352171137585,13.085023766730146,13.109467086208902,71200
2024-07-08,13.158350944519043,13.199089806519304,13.133909181347573,13.174646489319146,132900
2024-07-09,13.101319313049316,13.158352171137585,13.093171539889731,13.125762632528074,109700
2024-07-10,13.101319313049316,13.13391040568766,13.085023766730146,13.101319313049316,88200
2024-07-11,13.142054557800293,13.158350101556456,13.109465024316552,13.158350101556456,83000
2024-07-12,13.19094181060791,13.2561224346752,13.142055177035948,13.182794038345916,91800
2024-07-15,13.239827156066895,13.264270473343808,13.18279430311612,13.247974928492534,100000
2024-07-16,13.117612838745117,13.28056361474957,13.109465066840606,13.239826309255605,99400
2024-07-17,13.215383529663086,13.247974618603285,13.076874509724549,13.101317826429698,130100
2024-07-18,12.99539852142334,13.256121781867314,12.970955982855381,13.215382922563563,86500
2024-07-19,12.922070503234863,13.044284753645469,12.889480191861564,13.036136981548566,90200
2024-07-22,13.06058120727539,13.093170743903654,12.922071403026244,12.922071403026244,113500
2024-07-23,13.027990341186523,13.093170969595329,13.019842568381828,13.060581432405307,77800
2024-07-24,12.905776023864746,13.036137272265105,12.873185711764657,13.0279894999865,91200
2024-07-25,12.946515083312988,12.987252393745491,12.89762922297384,12.97095762497537,94900
2024-07-26,12.962809562683105,12.995399876510149,12.913924480449726,12.995399876510149,167300
2024-07-29,12.824299812316895,12.913923753053844,12.791709500325547,12.832447584568314,235500
2024-07-30,12.783561706542969,12.86503787489127,12.718381082670058,12.856890102653574,142600
2024-07-31,12.759119033813477,12.848742973465026,12.750971261660732,12.799857117562878,125300
2024-08-01,12.661349296569824,12.799858328209776,12.628758981890682,12.799858328209776,96900
2024-08-02,12.3028564453125,12.64505515492351,12.278413125329976,12.628759608268494,233400
2024-08-05,11.944361686706543,12.107313261331342,11.740672024171944,12.06657595043594,252400
2024-08-06,12.058427810668945,12.17249352092956,12.001394178524263,12.001394178524263,154100
2024-08-07,12.033985137939453,12.196936705826662,11.985099279066107,12.123608306023828,179900
2024-08-08,12.457658767700195,12.457658767700195,12.066575018795609,12.099165331204324,202100
2024-08-09,12.400625228881836,12.457658078186817,12.23767367585739,12.457658078186817,186800
2024-08-12,12.3028564453125,12.51469311272668,12.262118355689392,12.42506993716739,174500
2024-08-13,12.33544635772705,12.441365076473419,12.278412723316295,12.343593353773382,102100
2024-08-14,12.351740837097168,12.351740837097168,12.253969893704967,12.327298295502715,81400
2024-08-15,12.514692306518555,12.530987852123797,12.32729819414457,12.38433104973415,149000
2024-08-16,12.514692306518555,12.563578166319898,12.473954996534214,12.555430393517277,134400
2024-08-19,12.61246395111084,12.636907270879206,12.555431092346835,12.563578865602956,116600
2024-08-20,12.539135932922363,12.620611331906687,12.522840386916858,12.596168789912829,64300
2024-08-21,12.539135932922363,12.596168789912829,12.498397844923002,12.547282928910715,81600
2024-08-22,12.50654411315918,12.620609813415918,12.498396341136754,12.571724735309974,89600
2024-08-23,12.579873085021973,12.661349259991644,12.498397687066694,12.506545459966539,86100
2024-08-26,12.669496536254883,12.726529390289365,12.579872591898571,12.579872591898571,109700
2024-08-27,12.661349296569824,12.726529925928107,12.645054527737448,12.693939611248966,66600
2024-08-28,12.693940162658691,12.759120794848345,12.661349846563864,12.710235709213318,102600
2024-08-29,12.824299812316895,12.86503789655966,12.693938564351509,12.693938564351509,128700
2024-08-30,12.987252235412598,12.987252235412598,12.832448437418952,12.873186524369189,109700
2024-09-03,12.865036964416504,12.979103436628632,12.84874219810864,12.922069812015431,207600
2024-09-04,12.913924217224121,13.003547384168101,12.865038358972813,12.865038358972813,73500
2024-09-05,12.905776023864746,13.003546960165016,12.889480479307537,12.96280887578632,128200
2024-09-06,12.718382835388184,12.930220280675586,12.685792518960463,12.840597104752963,157800
2024-09-09,12.775415420532227,12.938366989260572,12.775415420532227,12.808005734277895,146000
2024-09-10,12.693940162658691,12.840596973592625,12.67764539311849,12.824301427037998,99700
2024-09-11,12.74282455444336,12.759119322102704,12.547281903430854,12.702086469773489,164000
2024-09-12,12.710233688354492,12.8324471600252,12.693938144390769,12.775414310180777,200400
2024-09-13,12.877586364746094,12.877586364746094,12.768808738768579,12.77717643261005,170400
2024-09-16,12.793910026550293,12.91105533725181,12.735337770193105,12.877585362478111,184600
2024-09-17,12.643295288085938,12.819012862747044,12.643295288085938,12.79391058007751,184300
2024-09-18,12.676764488220215,12.819012077950973,12.643294514047517,12.651662207087472,156800
2024-09-19,12.71860122680664,12.80227655512255,12.660028975777749,12.785541170264539,172700
2024-09-20,12.601457595825195,12.735337491995445,12.601457595825195,12.701867517952882,134000
2024-09-23,12.584721565246582,12.693499174810325,12.55961928549713,12.643293817324334,179000
2024-09-24,12.567986488342285,12.64329332465618,12.484311161788552,12.584721074860798,315900
2024-09-25,12.325329780578613,12.526150430447833,12.325329780578613,12.526150430447833,237300
2024-09-26,12.459210395812988,12.501047266182628,12.308595108923402,12.358800470548982,176700
2024-09-27,12.467576026916504,12.618191298534114,12.442473747642591,12.526149075871723,305200
2024-09-30,12.59308910369873,12.618191383140957,12.475943802989882,12.484311495466317,245000
2024-10-01,12.551251411437988,12.626559047584548,12.517781439593636,12.618191355126692,152900
2024-10-02,12.55962085723877,12.626560810272396,12.53451777636077,12.55125316361277,125000
2024-10-03,12.643295288085938,12.685132957859949,12.534517665868378,12.56798844007733,134500
2024-10-04,12.668396949768066,12.735336894713738,12.584721619592434,12.643293871923124,122700
2024-10-07,12.601457595825195,12.69349982494546,12.57635451680293,12.69349982494546,103300
2024-10-08,12.57635498046875,12.68513259961428,12.551252698508137,12.68513259961428,133800
2024-10-09,12.467576026916504,12.601456711680528,12.467576026916504,12.601456711680528,108000
2024-10-10,12.54288387298584,12.593089230362342,12.49267931359642,12.526149285851728,118900
2024-10-11,12.601457595825195,12.609824490845492,12.55125223576779,12.593089902817773,180700
2024-10-14,12.618192672729492,12.618192672729492,12.534517335387623,12.567988108714097,188700
2024-10-15,12.618192672729492,12.685132623408123,12.601458084053412,12.601458084053412,111700
2024-10-16,12.819012641906738,12.835748028722904,12.676765045917984,12.718602714971235,228700
2024-10-17,12.710232734680176,12.869215688880159,12.710232734680176,12.8524803050751,113800
2024-10-18,12.75207233428955,12.777175413812353,12.693500078043963,12.693500078043963,104600
2024-10-21,12.919421195983887,12.944524273540605,12.79390900014862,12.844114357274975,252300
2024-10-22,12.936158180236816,12.961260462909689,12.852482840677666,12.911055897563942,137600
2024-10-23,12.86921501159668,12.927787255857794,12.768805108011776,12.927787255857794,139700
2024-10-24,12.952892303466797,12.96962768997156,12.844115483134436,12.894320046674427,112000
2024-10-25,12.902688026428223,12.994730260286747,12.885952639551855,12.952892591082993,98000
2024-10-28,13.028200149536133,13.06167012507944,12.919422529523597,12.927790222906214,148300
2024-10-29,12.902688026428223,13.044935622928685,12.885952639551855,13.003097953724932,132200
2024-10-30,12.911055564880371,12.977995515607955,12.860850202841105,12.902687871542634,97000
2024-10-31,12.860849380493164,12.977994685769515,12.852481687690474,12.936157019743167,115700
2024-11-01,12.785541534423828,12.961259090502384,12.760439254408919,12.885951452470561,138900
2024-11-04,12.618192672729492,12.768807960749992,12.584722697390175,12.768807960749992,153000
2024-11-05,12.651660919189453,12.701866274331326,12.584720977658323,12.593088669846477,113700
2024-11-06,12.877586364746094,12.944526319503456,12.726971067548426,12.869218670904623,183500
2024-11-07,13.304326057434082,13.471676713139821,12.977994034379435,13.036566285084204,259100
2024-11-08,13.530251502990723,13.555354584849777,13.287593964263705,13.354533919913418,184600
2024-11-11,13.471677780151367,13.538617728540753,13.321062497281687,13.530250035495298,219300
2024-11-12,13.362898826599121,13.463308739129937,13.304325779132522,13.421471874065718,152700
2024-11-13,13.362898826599121,13.505145604194157,13.346163442183792,13.404736489650391,131300
2024-11-14,13.329429626464844,13.438206439505764,13.312694241081873,13.429838746814278,122700
2024-11-15,13.521881103515625,13.546984180351938,13.346163555596721,13.346163555596721,138700
2024-11-18,13.714334487915039,13.789642129313322,13.538617721968551,13.60555767032544,412100
2024-11-19,13.714334487915039,13.789642129313322,13.622293056408227,13.722702180956432,171300
2024-11-20,13.74780559539795,13.756173288643435,13.605558002173272,13.731070208906976,108700
2024-11-21,13.655762672424316,13.74780570286991,13.655762672424316,13.74780570286991,162600
2024-11-22,13.798009872436523,13.823112951651819,13.672497668308573,13.680865361380338,128400
2024-11-25,13.923521041870117,13.982093293045548,13.848213405794807,13.848213405794807,202000
2024-11-26,13.84821605682373,13.948626789470955,13.84821605682373,13.948626789470955,147200
2024-11-27,13.898420333862305,13.956992588296947,13.84821417636898,13.881684948031197,190200
2024-11-29,14.015564918518066,14.082504866230227,13.948624970805906,13.948624970805906,111100
2024-12-02,14.082503318786621,14.082503318786621,13.906786573841021,14.015563378430098,209100
2024-12-03,14.007196426391602,14.14107631417755,13.973727252432191,14.14107631417755,132600
2024-12-04,14.082503318786621,14.115974086951919,13.948623438073573,13.990460302306126,231600
2024-12-05,13.98209285736084,14.124340432629058,13.915152915821333,14.07413587546795,154500
2024-12-06,13.990461349487305,14.049035198160807,13.906787614759251,14.03229981282552,162600
2024-12-09,14.082503318786621,14.124340183019173,14.007195686388773,14.015563378430098,153700
2024-12-10,14.107606887817383,14.141076061177994,13.965359310093012,14.141076061177994,128200
2024-12-11,14.015564918518066,14.14944481394239,13.898420409015346,14.132709428020789,199300
2024-12-12,14.015564918518066,14.09924025215183,14.007197225557267,14.040667997400469,193300
2024-12-13,14.109917640686035,14.152804271950567,13.92121253667382,14.12707131157978,224000
2024-12-16,13.861169815063477,14.067028578334318,13.818283186222892,14.041297255437977,204700
2024-12-17,13.74108600616455,13.818283247234467,13.706775394124577,13.809705594224473,215200
2024-12-18,13.595270156860352,13.981254754008223,13.552382706729453,13.74966465012756,194600
2024-12-19,13.74108600616455,13.766817329174504,13.543804076984767,13.55238172999476,160600
2024-12-20,13.766817092895508,13.904056266659923,13.663888530582195,13.723930464601628,213600
2024-12-23,13.844014167785645,13.878324778828176,13.706774995655476,13.766816928959926,134800
2024-12-24,13.921212196350098,13.955522809339042,13.741086386218358,13.852592606392282,107400
2024-12-26,14.041297912597656,14.067029236698273,13.895481077287133,13.92121240138775,128000
2024-12-27,13.981253623962402,14.075606170226276,13.929789342373024,14.015564235701998,196800
2024-12-30,13.946945190429688,14.032720087093157,13.861170293766218,13.895480906839635,136100
2024-12-31,13.861169815063477,14.015564296521612,13.844014509119235,13.955522361736787,363800
2025-01-02,14.032721519470215,14.127072443012745,13.912635997475707,13.912635997475707,225000
2025-01-03,14.075608253479004,14.135650196889758,14.006988655863822,14.101341216092294,164100
2025-01-06,13.998409271240234,14.109917126093478,13.94694498839569,14.08418416666118,197700
2025-01-07,13.998409271240234,14.101339472949379,13.912634375819291,14.067028860372979,148800
2025-01-08,13.989831924438477,14.006987231102334,13.869748049831651,14.006987231102334,199900
2025-01-10,13.878325462341309,13.929789745419763,13.826861179262853,13.886903115524394,116600
2025-01-13,13.972678184509277,13.989831855067985,13.775395430893344,13.85259267447782,148500
2025-01-14,14.075608253479004,14.092763561887864,13.989833347454962,13.998411001659392,95200
2025-01-15,14.195691108703613,14.195691108703613,13.989832330817764,14.144226823237185,267300
2025-01-16,14.281465530395508,14.290043183689448,14.20426828677012,14.238578899945884,100800
2025-01-17,14.367239952087402,14.375817605097618,14.281465058005262,14.332929340046535,115700
2025-01-21,14.435859680175781,14.45301498636262,14.358662438355053,14.36724009144847,137500
2025-01-22,14.35008430480957,14.453014502464375,14.307197676798397,14.444436849658143,176400
2025-01-23,14.35008430480957,14.392972568840735,14.298620023992164,14.35008430480957,106100
2025-01-24,14.315775871276855,14.341507194649171,14.290042911884488,14.315775871276855,92700
2025-01-27,14.29862117767334,14.358663116141452,14.264310563680064,14.324354138168298,136700
2025-01-28,14.375819206237793,14.435861147976594,14.324354918464568,14.324354918464568,142100
2025-01-29,14.290042877197266,14.410126748696722,14.178536658807776,14.401550731606802,151000
2025-01-30,14.444437980651855,14.470170941085435,14.324354104002056,14.401551349282675,130300
2025-01-31,14.504478454589844,14.538789065037248,14.401549895287536,14.45301417493869,124900
2025-02-03,14.47874641418457,14.4959017204953,14.298620605982075,14.36724019520494,127500
2025-02-04,14.418703079223633,14.461591340839465,14.298619218739097,14.461591340839465,101100
2025-02-05,14.392974853515625,14.410128525830995,14.26431167701872,14.410128525830995,94800
2025-02-06,14.392974853515625,14.427283834166616,14.32435525619339,14.367241891012194,141700
2025-02-07,14.615988731384277,14.615988731384277,14.3929746344759,14.470171884791117,203600
2025-02-10,14.641717910766602,14.69318219142452,14.538789349450765,14.615986588447635,225100
2025-02-11,14.701761245727539,14.710338899324901,14.615987981794213,14.676029920955598,135500
2025-02-12,14.804689407348633,14.821844712173048,14.615985962339801,14.64171728355651,162900
2025-02-13,14.9161958694458,14.92477352200337,14.796112005679708,14.813267310794847,135600
2025-02-14,15.09632396697998,15.122055289767697,14.924774180301792,14.924774180301792,165000
2025-02-18,15.285026550292969,15.310759507630605,15.070590147205762,15.13920973075287,270200
2025-02-19,15.285026550292969,15.302181855184726,15.130632078306991,15.26787124540121,111100
2025-02-20,15.216409683227539,15.302184586979212,15.122057125498674,15.302184586979212,135300
2025-02-21,15.139209747314453,15.267871262103542,15.079167816147539,15.25071759321294,150900
2025-02-24,15.01912784576416,15.13921172377523,14.95050825318353,15.122056416625037,149300
2025-02-25,15.001971244812012,15.113479095651446,14.967662269490644,15.070590831474743,212500
2025-02-26,14.753226280212402,14.967662699192118,14.39297303088568,14.49590159582472,316100
2025-02-27,14.813267707824707,14.813267707824707,14.60740894898537,14.770379443887354,187800
2025-02-28,15.12205696105957,15.156367576595228,14.81326960133963,14.873311542506835,260200
2025-03-03,15.07059097290039,15.23356310626124,14.916196492455375,15.113479237479567,309300
2025-03-04,15.09632396697998,15.233563141914525,14.830423270046802,14.993393767769065,281600
2025-03-05,15.04486083984375,15.182100025309268,14.907620018358092,15.104902778982396,202500
2025-03-06,14.976238250732422,15.096323754121954,14.864732036177847,15.04485947325215,204700
2025-03-07,15.285026550292969,15.293604202738846,14.984815258766893,14.984815258766893,198700
2025-03-10,15.233562469482422,15.387956943473586,15.13920992737228,15.285026748806162,238500
2025-03-11,14.804689407348633,15.267871185468461,14.701759214422053,15.233562211839544,443900
2025-03-12,14.856155395507812,14.984816924457988,14.761802844134971,14.821846417930482,225400
2025-03-13,14.487324714660645,14.941930536087284,14.461593390064882,14.856155636721109,259500
2025-03-14,14.69830322265625,14.724676380988342,14.531278250051951,14.680722793823394,241300
2025-03-17,14.81258487701416,14.89170267339228,14.64555823169126,14.72467602806938,172500
2025-03-18,14.9796142578125,14.9796142578125,14.78621441947225,14.830169690332369,141300
2025-03-19,15.005983352661133,15.102683256423791,14.909283448898474,15.102683256423791,164700
2025-03-20,14.944449424743652,15.023567232306531,14.88291372479965,14.95324047855309,108600
2025-03-21,14.847749710083008,14.935658572642549,14.821378225020611,14.918076464786223,148200
2025-03-24,14.953238487243652,14.988401021076776,14.882911742855562,14.94444743460491,112600
2025-03-25,15.023565292358398,15.085100984356481,14.93565644233749,14.988401081661294,86900
2025-03-26,14.953238487243652,15.023565231631743,14.900493848133046,15.00598312635426,115600
2025-03-27,15.129057884216309,15.164222102614254,14.997195418668454,14.997195418668454,138900
2025-03-28,15.076312065124512,15.173011981503661,14.970822771549157,15.155429873667073,217300
2025-03-31,14.821378707885742,15.085103627434156,14.751051950891357,15.085103627434156,208200
2025-04-01,14.87412166595459,14.93565736174066,14.78621281052222,14.803794916953086,136700
2025-04-02,14.724677085876465,14.821376994334738,14.663141390211,14.786212781541929,93200
2025-04-03,14.452160835266113,14.636767918323695,14.434578729244844,14.443369782255479,176700
2025-04-04,13.370885848999023,14.241180829171768,13.309350153626768,14.206016616546512,563800
2025-04-07,12.948925018310547,13.274187290736785,12.368728901417912,12.702781388978126,666300
2025-04-08,12.47421932220459,13.511540184946535,12.359938977521077,13.274187603516358,633800
2025-04-09,13.282977104187012,13.379677012985535,11.99072246049947,12.307192831499504,510300
2025-04-10,12.746735572814941,13.432421803370117,12.65882671627872,13.239023660368009,268200
2025-04-11,12.869807243347168,13.080787483805084,12.579709203127294,12.91376083133852,254200
2025-04-14,13.054415702819824,13.159905827408226,12.843434615282034,12.92255241831358,195400
2025-04-15,13.300559043884277,13.335722417998962,13.028042265724745,13.054415425081485,208300
2025-04-16,13.309350967407227,13.37967772023582,13.221442107190972,13.221442107190972,212400
2025-04-17,13.625822067260742,13.696148823764815,13.300560608839136,13.300560608839136,274700
2025-04-21,13.282977104187012,13.529121564436908,13.13353255273564,13.493958189881347,194000
2025-04-22,13.5115385055542,13.581865249708006,13.370885017246586,13.432420708790938,106400
2025-04-23,13.669775009155273,13.84559188124492,13.59065720712469,13.748892811185858,135500
2025-04-24,13.792845726013184,13.880754576940042,13.6170288625204,13.652192235218955,188800
2025-04-25,13.792845726013184,13.863173309771232,13.581865489821842,13.819218884307801,155200
2025-04-28,13.863173484802246,13.933500231087278,13.731310206747102,13.731310206747102,95100
2025-04-29,13.7840576171875,13.915920075359452,13.660985374762232,13.889547751397274,75300
2025-04-30,13.66098403930664,13.678566145803362,13.414840416879407,13.669775092555001,104700
2025-05-01,13.458795547485352,13.775265935701402,13.441213440070616,13.687357075349764,156500
2025-05-02,13.757682800292969,13.80163722718445,13.485166862615518,13.529121289507,181500
2025-05-05,13.5027494430542,13.696148437161835,13.476377119699853,13.625821682642885,118900
2025-05-06,13.643404006958008,13.678567384775484,13.423632686008512,13.467586279509565,162400
2025-05-07,13.581867218017578,13.775266211648752,13.573076164134108,13.669776080130214,137900
2025-05-08,13.731310844421387,13.801637593972353,13.432421739649289,13.432421739649289,139600
2025-05-09,13.889546394348145,13.968664196865701,13.71372952117634,13.792846485332916,131200
2025-05-12,14.179643630981445,14.575232644257499,14.135690041382759,14.267552486900787,341600
2025-05-13,14.3818359375,14.504907342032832,14.223600316402282,14.249971802103813,194700
2025-05-14,14.399415016174316,14.478532819289724,14.320298889780885,14.44337028275064,138100
2025-05-15,14.399415016174316,14.452161336065904,14.24118108666548,14.399415016174316,100600
2025-05-16,14.557649612426758,14.566440665132118,14.39941401717399,14.469740762095014,117900
2025-05-19,14.73346996307373,14.759843125933328,14.487325473217311,14.557652230787408,133900
2025-05-20,14.73346996307373,14.768632503497699,14.654352151217102,14.663143205503633,125900
2025-05-21,14.37304401397705,14.680724183420628,14.34667085314862,14.654351022592197,97900
2025-05-22,14.32908821105957,14.416997067150886,14.26755251481224,14.302716727937552,104600
2025-05-23,14.434579849243164,14.487324494677585,14.249971075139625,14.25876212883237,89000
2025-05-27,14.6719331741333,14.6719331741333,14.478533347584628,14.56644220722293,139300
2025-05-28,14.592814445495605,14.768630476934149,14.592814445495605,14.680723299575842,136300
2025-05-29,14.715886116027832,14.751050329019808,14.654350420013834,14.680723579757817,84600
2025-05-30,14.73346996307373,14.795005666357296,14.663143205503633,14.742261017360264,81900
2025-06-02,14.610396385192871,14.78621241462826,14.584023226252704,14.78621241462826,106500
2025-06-03,14.73346996307373,14.751052071646795,14.592816447933536,14.654352151217102,83000
2025-06-04,14.69830322265625,14.81258523204011,14.67193174104603,14.76862996815329,87500
2025-06-05,14.73346996307373,14.742261017360264,14.60160750222007,14.663143205503633,102200
2025-06-06,14.821378707885742,14.83016976210031,14.74226089667679,14.74226089667679,73900
2025-06-09,14.85654067993164,15.120267266117718,14.838958572174818,14.891704895445283,162900
2025-06-10,14.953238487243652,14.988401021076776,14.87412069021682,14.953238487243652,97700
2025-06-11,14.935656547546387,15.032356450922741,14.900494013323444,15.02356539818654,111100
2025-06-12,14.85654067993164,14.9708227036289,14.821378141140078,14.9708227036289,167500
2025-06-13,14.69437026977539,14.856540179004918,14.64031420616931,14.856540179004918,166900
2025-06-16,14.577248573303223,14.955644456953772,14.577248573303223,14.79347454704478,301400
2025-06-17,14.622294425964355,14.694369747682044,14.451116610891857,14.496163042561205,214000
2025-06-18,14.604275703430176,14.685360658148241,14.550219639755227,14.595267791493752,170300
2025-06-20,14.577248573303223,14.730408852838238,14.532200421433343,14.604275746013863,277400
2025-06-23,14.370031356811523,14.550219668088296,14.234890338155354,14.550219668088296,352000
2025-06-24,14.514182090759277,14.658332732090779,14.379040220106798,14.397058620670437,500300
2025-06-25,14.379040718078613,14.586257916573144,14.234890071754918,14.56823865617987,232100
2025-06-26,14.487154006958008,14.649323917079498,14.415078682283044,14.460125115800663,286500
2025-06-27,14.496162414550781,14.685359481459011,14.42408709595558,14.640313051741188,438200
2025-06-30,14.54120922088623,14.721398381246715,14.487153160142562,14.54120922088623,280200
2025-07-01,14.586257934570312,14.676352518236598,14.487153720696273,14.523192241527289,243700
2025-07-02,14.505172729492188,14.64031374344171,14.469134209286327,14.595267311595611,181000
2025-07-03,14.739418983459473,14.757436526407643,14.505173741019815,14.595268329406045,78400
2025-07-07,14.595268249511719,14.748428533406507,14.532200835098648,14.703380380254313,280100
2025-07-08,14.622294425964355,14.694369747682044,14.577247994295007,14.577247994295007,185900
2025-07-09,14.622294425964355,14.694369747682044,14.550219104246667,14.694369747682044,175700
2025-07-10,14.739418983459473,14.820503941165944,14.559229806687014,14.559229806687014,210100
2025-07-11,14.793474197387695,14.811493457709746,14.667342811955837,14.712389244349717,232200
2025-07-14,14.748427391052246,14.820502712101755,14.65833281013756,14.730408131187067,173900
2025-07-15,14.76644515991211,14.874559002356946,14.721398727966644,14.77545478998345,272900
2025-07-16,14.838521003723145,14.865549894887366,14.676352811971674,14.775455309417913,187500
2025-07-17,14.982671737670898,15.018710259426594,14.820503545004161,14.838521087470712,107600
2025-07-18,14.829511642456055,15.045739338871288,14.829511642456055,15.009700816664974,101900
2025-07-21,14.730408668518066,14.982671442187703,14.71238940799559,14.95564426981525,164100
2025-07-22,14.802484512329102,14.84753094680688,14.721399555540035,14.784465251173458,73800
2025-07-23,14.91059684753418,14.95564500104292,14.802484715935904,14.802484715935904,111700
2025-07-24,14.739418983459473,14.9376257031801,14.730409352779715,14.9376257031801,118700
2025-07-25,14.748427391052246,14.856539513420907,14.685359981524124,14.793473822303987,152700
2025-07-28,14.631304740905762,14.775455391089164,14.613285480030012,14.748428218186838,105300
2025-07-29,14.55922794342041,14.631303261223042,14.361020389860395,14.631303261223042,119200
2025-07-30,14.415078163146973,14.63130412938483,14.352012471129001,14.586257697489486,121700
2025-07-31,14.415078163146973,14.55021917724423,14.370030872046016,14.415078163146973,127700
2025-08-01,14.315975189208984,14.36102162229726,14.117767618639153,14.343003220903077,201400
2025-08-04,14.21687126159668,14.37904117344942,14.144795936152274,14.343003510727216,157500
2025-08-05,14.343003273010254,14.352012903342896,14.0727203774705,14.198852624510556,205200
2025-08-06,14.811492919921875,14.874558610347965,14.451116318621953,14.667342279401906,209200
2025-08-07,14.649323463439941,14.919605492998521,14.532199990462983,14.919605492998521,251500
2025-08-08,14.829511642456055,14.874559795213944,14.658333817210032,14.721399512659758,155900
2025-08-11,14.739418983459473,14.901588898872415,14.685361199380928,14.838521484114114,152000
2025-08-12,14.820503234863281,14.856540037453556,14.712389390269934,14.712389390269934,93800
2025-08-13,14.90158748626709,14.90158748626709,14.784464016944382,14.838520077487303,156600
2025-08-14,14.721399307250977,14.86554995724224,14.721399307250977,14.829511435538777,118900
2025-08-15,14.685359954833984,14.748427364247483,14.685359954833984,14.72139847449884,124800
2025-08-18,14.838521003723145,14.856540264499293,14.64932392080745,14.721399245500756,168000
2025-08-19,14.88356876373291,14.973663346829893,14.820503071088394,14.865549503431264,108600
2025-08-20,14.865549087524414,14.901587607119422,14.811493026543095,14.865549087524414,81400
2025-08-21,14.856539726257324,14.89257824650397,14.793474034236917,14.874558986380647,122000
2025-08-22,14.802484512329102,15.036729752118475,14.775455620595638,14.937625534173767,343000
2025-08-25,14.613285064697266,14.838520664008692,14.613285064697266,14.820503122056328,198200
2025-08-26,14.7754545211792,14.78446415108663,14.604274989760425,14.631303879482715,167500
2025-08-27,14.811492919921875,14.847529720846277,14.730407969827995,14.730407969827995,120200
2025-08-28,14.892580032348633,14.919607207363358,14.730410108614558,14.793475808197492,118600
2025-08-29,14.973662376403809,14.982670287559595,14.775453962753858,14.90158705827959,117100
2025-09-02,15.000690460205078,15.036728980667426,14.874559075409334,14.973663288269554,196900
2025-09-03,14.91059684753418,15.009701066842057,14.91059684753418,15.00069143614031,107300
2025-09-04,15.03672981262207,15.045739443236144,14.883569529005488,14.89257915961956,127100
2025-09-05,15.045738220214844,15.090784651212193,14.95564363980895,15.045738220214844,123600
2025-09-08,15.135832786560059,15.162861679248737,15.000691759939437,15.045739914420567,185900
2025-09-09,15.03672981262207,15.144841943168288,15.000691290165777,15.144841943168288,266300
2025-09-10,14.973662376403809,15.072764864817652,14.910594969435376,15.036728064961109,327700
2025-09-11,15.072765350341797,15.072765350341797,14.946633969164253,15.027718919467299,274500
2025-09-12,14.841872215270996,15.220538391943732,14.740279130073041,15.008116246314081,401200
2025-09-15,14.703335762023926,14.93422985265773,14.684863811993514,14.860343814118197,359200
2025-09-16,14.731042861938477,14.823399970066328,14.647920848069667,14.777221856397931,185300
2025-09-17,14.74951457977295,14.915757724101617,14.740278604868289,14.777221623695887,161100
2025-09-18,14.878815650939941,14.906521814192638,14.731042694194183,14.777221688127792,116400
2025-09-19,14.934229850769043,14.961937775811155,14.814165698750777,14.897285950712892,256900
2025-09-22,14.620213508605957,14.906521683051633,14.601742439669644,14.88805149490636,208500
2025-09-23,14.481677055358887,14.767985222816602,14.472441080720632,14.583270134006622,176000
2025-09-24,14.278491020202637,14.527856187413924,14.250783975132734,14.481678072561113,272200
2025-09-25,14.352375984191895,14.527855097524832,14.250782906029777,14.250782906029777,414600
2025-09-26,14.260018348693848,14.527855452938251,14.186132311715463,14.417026397470675,280500
2025-09-29,14.103011131286621,14.352376285017057,14.056832138139198,14.278490248297592,277800
2025-09-30,14.121481895446777,14.361611950000544,14.019888817346805,14.10301082706088,194800
2025-10-01,13.955239295959473,14.066068359924719,13.853646207522438,14.066068359924719,273000
2025-10-02,14.010653495788574,14.121482553642693,13.909060412953394,13.955238526465987,345200
2025-10-03,13.807466506958008,14.139954562699192,13.779759462576596,14.029124623591423,324000
2025-10-06,13.715108871459961,13.909059936255249,13.668929878738982,13.80746597611089,243100
2025-10-07,13.521158218383789,13.798230421564451,13.43803620511317,13.687401364133976,308300
2025-10-08,13.401093482971191,13.631987577932964,13.401093482971191,13.530393612443497,255700
2025-10-09,13.170199394226074,13.493450598850496,13.11478442386102,13.391857514104148,435400
2025-10-10,12.994718551635742,13.262555649432656,12.9300684910337,13.151726596633004,451400
2025-10-13,13.22561264038086,13.308734650232077,13.02242648384568,13.02242648384568,440900
2025-10-14,13.382621765136719,13.447272711787347,13.15172766616283,13.15172766616283,271500
2025-10-15,13.308734893798828,13.59504394621606,13.234848857199095,13.438035898243873,246000
2025-10-16,12.893125534057617,13.36414967126417,12.893125534057617,13.29949872956712,529400
2025-10-17,13.068605422973633,13.133256368503103,12.883890323156017,12.930069318308188,406600
2025-10-20,13.18867015838623,13.207142108343817,13.003955062765622,13.087077075992658,218700
2025-10-21,13.317971229553223,13.38262129313256,13.160963177325355,13.160963177325355,360100
2025-10-22,13.401093482971191,13.428800527745103,13.253321403122227,13.308735492670053,258500
2025-10-23,13.770524024963379,13.788995975799294,13.41956488620083,13.447272812454703,356700
2025-10-24,13.89058780670166,13.936766798823736,13.779758754083284,13.779758754083284,456700
2025-10-27,14.130719184875488,14.139955160323337,13.946004079874005,13.973711125426453,334700
2025-10-28,14.296961784362793,14.398555748765821,14.139954611795595,14.204604675840386,305500
2025-10-29,14.130719184875488,14.34314133542942,14.075304212979495,14.287727244324524,268200
2025-10-30,14.066067695617676,14.269254743686805,13.890588572824607,14.21384065471681,279300
2025-10-31,14.103011131286621,14.232311255150169,13.992181195416391,14.056832138139198,200700
2025-11-03,14.204605102539062,14.232312147848983,13.973711003110518,14.130719061185216,183500
2025-11-04,14.195367813110352,14.213839762134414,14.103010710363062,14.13995372762018,298800
2025-11-05,14.333905220031738,14.42626232556003,14.01988912349527,14.204604215342888,424900
2025-11-06,13.992181777954102,14.352376882550802,13.955238758056316,14.324669837825232,258600
2025-11-07,14.121481895446777,14.139953844623689,13.8444088233302,14.019888817346805,215300
2025-11-10,14.204605102539062,14.241548123215987,14.103012015875295,14.241548123215987,196100
2025-11-11,14.343140602111816,14.40779154615027,14.139954437393975,14.204604500641373,199500
2025-11-12,14.296961784362793,14.481677762989731,14.250783670497121,14.315433734541912,288100
2025-11-13,14.296961784362793,14.472441787900172,14.204604675840386,14.296961784362793,345000
2025-11-14,14.149188995361328,14.269254023121388,14.093774909189621,14.232311005409908,211700
2025-11-17,13.788994789123535,14.17689691538411,13.788994789123535,13.936766859929275,451000
2025-11-18,13.835173606872559,13.890588576648874,13.705873478712931,13.770523542792745,263900
2025-11-19,13.844409942626953,13.964474979610888,13.678166790549346,13.85364591796212,349100
2025-11-20,13.816701889038086,13.964473960451699,13.724343904009068,13.844408932230383,205600
2025-11-21,14.121481895446777,14.186131955983939,13.788994737381495,13.788994737381495,318700
2025-11-24,14.38931941986084,14.43549841338209,14.149189358183166,14.195368351704419,321300
2025-11-25,14.6017427444458,14.638685763880567,14.343140727611383,14.435498716593827,231500
2025-11-26,14.66639232635498,14.767985406264707,14.592506289913175,14.592506289913175,188900
2025-11-28,14.712571144104004,14.795693154308822,14.666392151680103,14.666392151680103,100100
2025-12-01,14.574034690856934,14.767985761378213,14.537091671747694,14.712571673109878,195900
2025-12-02,14.66639232635498,14.675628301107963,14.500148303965402,14.555563271692272,159700
2025-12-03,14.795694351196289,14.832636491174593,14.675629313497979,14.675629313497979,161900
2025-12-04,14.795694351196289,14.906522532713387,14.74027937964665,14.777222400416045,185500
2025-12-05,14.795694351196289,14.851108441954839,14.777222400416045,14.795694351196289,447200
2025-12-08,14.795694351196289,14.878816368125204,14.74951535503677,14.795694351196289,353300
2025-12-09,14.851107597351074,14.906521684958145,14.804929484608863,14.823399672756498,244300
2025-12-10,14.91575813293457,14.971172222299316,14.82340014293857,14.851108068412012,267900
2025-12-11,14.7772216796875,14.971171868673991,14.7772216796875,14.94346570543712,287700
2025-12-12,14.862529754638672,14.985752365058316,14.796178561978934,14.919401172398578,345100
2025-12-15,14.767743110656738,14.890965723225454,14.59712704649161,14.862530013849566,284100
2025-12-16,14.748785972595215,14.843571969906442,14.635041329493927,14.739307101677626,203700
2025-12-17,14.729827880859375,14.824614779873865,14.710871043429394,14.739306751551796,179000
2025-12-18,14.758264541625977,14.824615736801027,14.653999669143642,14.77722228423454,283600
2025-12-19,14.502341270446777,14.786701080446697,14.473905560633261,14.786701080446697,387100
2025-12-22,14.473904609680176,14.578169474782689,14.426511160468177,14.502340317625432,357900
2025-12-23,14.398075103759766,14.530776585879378,14.360160523719147,14.45494742579814,242600
2025-12-24,14.464426040649414,14.483382878356574,14.22745969360321,14.322245690048765,222200
2025-12-26,14.635041236877441,14.691913558068174,14.483382918975325,14.521297498450854,313200
2025-12-29,14.502341270446777,14.758264466678265,14.492862399190633,14.616085013655763,312700
2025-12-30,14.653999328613281,14.672956166826404,14.445468684539538,14.454947555623548,373700
2025-12-31,14.653999328613281,14.739307360459582,14.578170167850994,14.653999328613281,163100
2026-01-02,14.625563621520996,14.786700814153878,14.540255589661836,14.653999330822417,278400
2026-01-05,14.710870742797852,14.805656735920431,14.559211526683002,14.559211526683002,294700
2026-01-06,14.606605529785156,14.729828139082215,14.54025524168477,14.729828139082215,184000
2026-01-07,14.31276798248291,14.644520331985163,14.284331369474657,14.54973433382233,236500
2026-01-08,14.70139217376709,14.79617816883336,14.25589519469555,14.25589519469555,307900
2026-01-09,14.682435035705566,14.862529970455133,14.653999326412704,14.701392777870742,222800
2026-01-12,14.483383178710938,14.70139269257103,14.473905211638243,14.653999241387975,170300
2026-01-13,14.36963939666748,14.530776587850696,14.312767978576282,14.502340878805096,230700
2026-01-14,14.511819839477539,14.549734419757586,14.274853486738524,14.350682647298616,241300
2026-01-15,14.729827880859375,14.77722133036662,14.492861537278012,14.502340407970433,213200
2026-01-16,14.549735069274902,14.710872268647181,14.521298454829251,14.653999943710813,203800
2026-01-20,14.38859748840332,14.48338348884419,14.303289455238096,14.48338348884419,322000
2026-01-21,14.549735069274902,14.6255642332201,14.407554708911455,14.407554708911455,143000
2026-01-22,14.4928617477417,14.644520065203357,14.464426039206357,14.56869090647253,143600
2026-01-23,14.341203689575195,14.502340880780357,14.303289109524268,14.473905171730886,177100
2026-01-26,14.16110897064209,14.322246164285454,14.047365228768227,14.322246164285454,345800
2026-01-27,14.274853706359863,14.398075416199632,14.132673350156043,14.170587931019412,190500
2026-01-28,14.113716125488281,14.360160442378927,14.075801545662422,14.22745986496586,203000
2026-01-29,14.18006706237793,14.19902390117995,13.990494154583091,14.113716770638469,230700
2026-01-30,14.21798038482666,14.255894963028004,14.018928623280894,14.180065806625317,281600
2026-02-02,14.170587539672852,14.22745986137473,13.93362118983232,14.180066410615645,256200
2026-02-03,13.9525785446167,14.123193697079001,13.810398196284108,14.10423685967424,336800
2026-02-04,14.360159873962402,14.417032193427465,13.943099512386397,13.943099512386397,409200
2026-02-05,14.2369384765625,14.360160180785698,14.132672705974588,14.331724472423026,500300
2026-02-06,14.398075103759766,14.473905167795897,14.199023332557791,14.217981074555547,316800
2026-02-09,14.464426040649414,14.568690907925987,14.284331110679569,14.379118011080001,295400
2026-02-10,14.454946517944336,14.521296802859517,14.369638492222055,14.521296802859517,197300
2026-02-11,14.274853706359863,14.464426610676712,14.189545673428553,14.464426610676712,193700
2026-02-12,14.265374183654785,14.38859679182188,13.990493258960454,14.274853054426455,324000
2026-02-13,14.21798038482666,14.417032146372428,14.085278909144533,14.265373833567052,290700
2026-02-17,14.18006706237793,14.360161098794295,14.085280156503046,14.217981643936898,226400
2026-02-18,14.189545631408691,14.32224621206006,14.075801889155414,14.16110901787919,128600
2026-02-19,14.08527946472168,14.189545236854151,13.819877406843803,14.189545236854151,392100
2026-02-20,14.08527946472168,14.3127678468576,13.772483956234034,13.971535725631162,695900
2026-02-23,13.658740043640137,14.142151606600352,13.630304335217438,14.085279285800086,713500
2026-02-24,13.88622760772705,13.88622760772705,13.620825551523392,13.658740130981057,484500
2026-02-25,14.350682258605957,14.36963909625508,13.696654636546068,13.981014432921896,340100
2026-02-26,14.36963939666748,14.492862007804934,14.170587625438504,14.350682558622045,286400
2026-02-27,13.668219566345215,14.274853766677337,13.64926182385597,14.274853766677337,442400
2026-03-02,13.971535682678223,14.06632258360636,13.440731568554332,13.658740175152209,346400
2026-03-03,14.037887573242188,14.075802154708574,13.753527760266827,13.781963470377885,386000
2026-03-04,13.981014251708984,14.189544886875733,13.933620802268152,13.999971993067263,219600
2026-03-05,13.819877624511719,14.123194266863779,13.791441915279938,13.981014816749974,248600
2026-03-06,13.734569549560547,13.886227870258445,13.592390099894994,13.829356451974181,296000
2026-03-09,13.6966552734375,13.734569854453637,13.383859754065629,13.658740692421361,308900
2026-03-10,13.9525785446167,14.142151438438624,13.75352678011496,13.914663965852313,367500
2026-03-11,13.810399055480957,14.047365413489649,13.687176440841847,13.933621670120067,302500
2026-03-12,13.478646278381348,13.715612629036658,13.478646278381348,13.696654887085884,386200
2026-03-13,13.49816608428955,13.712887715477176,13.449365586638898,13.488405798601004,464100
2026-03-16,13.586006164550781,13.644566014385207,13.44936496361707,13.615286089467993,383400
2026-03-17,13.956889152526855,14.064249501798392,13.62504688831584,13.62504688831584,410700
2026-03-18,13.937368392944336,14.152090019377354,13.908088467319123,13.908088467319123,312000
2026-03-19,13.976408958435059,14.064249668330085,13.859288322172384,13.888568248540032,287000
2026-03-20,13.722647666931152,14.093529206141787,13.722647666931152,13.986168858558925,738500
2026-03-23,14.054489135742188,14.161850415191225,13.673847307272508,13.869048364281582,228400
2026-03-24,13.810487747192383,14.05448930407417,13.800728392319085,13.956889239796698,248400
2026-03-25,13.947128295898438,14.054488640774421,13.800727740995548,13.947128295898438,196900
2026-03-26,13.820247650146484,14.142329621847962,13.800728010148358,13.96664913869664,255100
2026-03-27,13.57624626159668,13.87880859690092,13.556726621366245,13.810487529114251,389600
2026-03-30,13.71288776397705,13.83976868600067,13.53720634413018,13.5664862705073,319100
2026-03-31,13.966649055480957,14.005689266036647,13.703126936136014,13.859287778358777,298100
2026-04-01,13.92760944366455,14.142330145555539,13.664087312990954,13.986169296619519,279300
2026-04-02,14.249691009521484,14.269210649670171,13.7226476944182,13.771447260185942,293300
2026-04-06,14.366811752319336,14.425371604003896,14.16185040983925,14.16185040983925,376500
2026-04-07,14.298490524291992,14.39609151706348,14.210650747748113,14.31801109516311,242000
2026-04-08,14.425371170043945,14.708412926783378,14.318010824657275,14.581532010894387,200900
2026-04-09,14.50345230102539,14.542492513150668,14.298490954669669,14.405852236108238,214100
2026-04-10,14.649853706359863,14.884094977700794,14.454652646909086,14.54249242556788,471800
2026-04-13,15.030495643615723,15.10857606793642,14.513212599793071,14.513212599793071,404200
2026-04-14,15.440418243408203,15.45993881476648,15.059776409842561,15.069535764729626,272500
2026-04-15,15.742979049682617,15.762499620292653,15.440417651563376,15.440417651563376,330800
2026-04-16,15.606339454650879,15.733221307528584,15.528259030412352,15.664899307433735,272400
2026-04-17,15.742979049682617,15.967461888529868,15.625859349190558,15.664898628826553,576800
2026-04-20,15.645380020141602,15.850340428109249,15.625859449406372,15.625859449406372,343000
2026-04-21,15.254977226257324,15.694179836103585,15.254977226257324,15.625859699022984,261400
2026-04-22,15.440418243408203,15.528258952936298,15.32329760763477,15.32329760763477,217500
2026-04-23,15.001214981079102,15.459938149547575,14.942655131108168,15.459938149547575,203300
2026-04-24,15.323297500610352,15.342818071832287,15.001215521784946,15.001215521784946,236800
2026-04-27,15.089056015014648,15.372097778142413,15.001215307355677,15.294017355954896,420300
2026-04-28,15.215936660766602,15.313536721353854,14.98169539840675,15.069535173697666,440900
2026-04-29,15.264737129211426,15.274496483698307,15.020735581990738,15.206176348329965,538300
2026-04-30,15.4208984375,15.547779357592162,15.245217020327459,15.245217020327459,444900
2026-05-01,15.469698905944824,15.606339180566481,15.391618483077576,15.459938620388403,531900
2026-05-04,15.557538986206055,15.586819843444898,15.381858496733388,15.430658994672715,574300
2026-05-05,15.586819648742676,15.616099574823691,15.294017595556317,15.538019151412938,418500
2026-05-06,13.615286827087402,14.376571431722374,13.29320484317291,13.771447676162055,2385600
2026-05-07,13.332244873046875,13.556726788614675,13.088243317007827,13.556726788614675,1515600
2026-05-08,13.1663236618042,13.52744585088913,13.117523164729574,13.52744585088913,914400
2026-05-11,12.951602935791016,13.176083918737465,12.93208236468677,13.137043707321036,705500
2026-05-12,12.805201530456543,13.029683445695161,12.707601466659286,12.932082451105837,641200
2026-05-13,12.688080787658691,12.83448134750716,12.649040576312961,12.814961707230324,443900
2026-05-14,12.619760513305664,12.74664143149791,12.522159520606383,12.688080649719932,518100
2026-05-15,12.912561416625977,12.932081987160357,12.590479449144969,12.688080440232802,527500
2026-05-18,12.834481239318848,12.932082232256471,12.727120891721102,12.863762095675366,425300
2026-05-19,12.649040222167969,12.86376184395378,12.649040222167969,12.834480988170238,265400
2026-05-20,12.795440673828125,12.824721529373472,12.53191948946419,12.668559758841036,369900
2026-05-21,12.805201530456543,12.912561879871145,12.668560324189903,12.707601466659286,275200
2026-05-22,12.658801078796387,12.883282065183513,12.61000058107986,12.824722212557338,302200
2026-05-26,12.805201530456543,12.902802525045868,12.707601466659286,12.707601466659286,296600
2026-05-27,12.824722290039062,12.94184292679108,12.78568207778839,12.78568207778839,202400
2026-05-28,12.863761901855469,12.980882533140715,12.805201120816827,12.81496140612194,228100
2026-05-29,12.76616096496582,12.922321807347096,12.71736046902366,12.80520117556114,237800
2026-06-01,13.019923210144043,13.088243348144044,12.854002077179407,12.902802574661724,318200
2026-06-02,12.932082176208496,13.03944252334094,12.922321890798624,12.941842461618368,244800
2026-06-03,12.610000610351562,12.834481597259778,12.580720683970508,12.824722242327477,372900
2026-06-04,12.834481239318848,12.863762095675366,12.619760544123357,12.619760544123357,305700
2026-06-05,12.483119010925293,12.863761756392066,12.483119010925293,12.76616076602868,302300
2026-06-08,12.434318542480469,12.649040163266408,12.239117492125994,12.492879322982827,332700
2026-06-09,12.580719947814941,12.619760157635952,12.483118957866402,12.483118957866402,220200
2026-06-10,12.688080787658691,12.814961707230324,12.600240079432785,12.61976065050168,234700
2026-06-11,12.610000610351562,12.727121246667858,12.522159900416321,12.707601606011181,305200
2026-06-12,12.710000038146973,12.779999732971191,12.529999732971191,12.640000343322754,424200
2026-06-15,12.539999961853027,12.770000457763672,12.5,12.739999771118164,392300
2026-06-16,12.5,12.710000038146973,12.4399995803833,12.5600004196167,374600
2026-06-17,12.350000381469727,12.550000190734863,12.319999694824219,12.539999961853027,331300
2026-06-18,12.420000076293945,12.479999542236328,12.270000457763672,12.300000190734863,568800
2026-06-22,12.260000228881836,12.470000267028809,12.229999542236328,12.399999618530273,390900
2026-06-23,12.4399995803833,12.449999809265137,12.170000076293945,12.199999809265137,288600
2026-06-24,12.210000038146973,12.380000114440918,12.130000114440918,12.380000114440918,471400
2026-06-25,12.3100004196167,12.369999885559082,12.210000038146973,12.25,408300
2026-06-26,12.420000076293945,12.460000038146973,12.199999809265137,12.229999542236328,482300
2026-06-29,12.470000267028809,12.529999732971191,12.329999923706055,12.420000076293945,352700
2026-06-30,12.369999885559082,12.550000190734863,12.369999885559082,12.470000267028809,416100
2026-07-01,12.449999809265137,12.600000381469727,12.34000015258789,12.34000015258789,388000
2026-07-02,12.359999656677246,12.539999961853027,12.300000190734863,12.399999618530273,347100
2026-07-06,12.850000381469727,12.890000343322754,12.350000381469727,12.40999984741211,2449200
2026-07-07,12.600000381469727,12.9399995803833,12.579999923706055,12.680000305175781,336000
2026-07-08,12.760000228881836,12.819999694824219,12.5,12.539999961853027,243300
2026-07-09,12.680000305175781,12.789999961853027,12.5600004196167,12.75,325600
2026-07-10,12.970000267028809,13.079999923706055,12.789999961853027,12.789999961853027,274500
2026-07-13,12.9399995803833,13.149999618530273,12.880000114440918,13.09000015258789,277300
2026-07-14,13.0600004196167,13.15999984741211,12.899999618530273,12.899999618530273,198500
2026-07-15,13.220000267028809,13.279999732971191,13.140000343322754,13.140000343322754,196200
2026-07-16,13.289999961853027,13.3100004196167,13.029999732971191,13.140000343322754,349900
2026-07-17,13.119999885559082,13.34000015258789,13.020000457763672,13.270000457763672,220600
2026-07-20,12.930000305175781,13.149999618530273,12.819999694824219,13.130000114440918,310600
2026-07-21,13.229999542236328,13.25,12.930000305175781,12.949999809265137,349700
2026-07-22,13.140000343322754,13.369999885559082,13.09000015258789,13.260000228881836,616100
2026-07-23,12.880000114440918,13.109999656677246,12.779999732971191,13.100000381469727,324600
2026-07-24,12.9399995803833,13.050000190734863,12.880000114440918,12.90999984741211,167100
2026-07-27,12.930000305175781,13.15999984741211,12.930000305175781,12.989999771118164,328900
2026-07-28,12.970000267028809,13.180000305175781,12.9399995803833,13.029999732971191,1874400
2026-07-29,12.90999984741211,13.149999618530273,12.880000114440918,13.100000381469727,356400
2026-07-30,12.760000228881836,12.869999885559082,12.579999923706055,12.859999656677246,246200
2026-07-31,12.579999923706055,12.880000114440918,12.510000228881836,12.760000228881836,332600
2026-08-03,13.0,13.100000381469727,12.600000381469727,12.600000381469727,455300
2026-08-04,13.180000305175781,13.180000305175781,12.970000267028809,13.010000228881836,408500
2026-08-05,12.65999984741211,12.979999542236328,12.470000267028809,12.859999656677246,633500
2026-08-06,12.930000305175781,13.029999732971191,12.569999694824219,12.6899995803833,544000
2026-08-07,13.100000381469727,13.199999809265137,12.899999618530273,12.960000038146973,397900
2026-08-10,12.970000267028809,13.069999694824219,12.800000190734863,13.069999694824219,255800
2026-08-11,12.9399995803833,12.979999542236328,12.779999732971191,12.850000381469727,398700
2026-08-12,12.829999923706055,12.9399995803833,12.8100004196167,12.930000305175781,249100
2026-08-13,13.039999961853027,13.119999885559082,12.869999885559082,12.869999885559082,381400
2026-08-14,12.890000343322754,13.130000114440918,12.880000114440918,13.039999961853027,209800
2026-08-17,12.670000076293945,12.890000343322754,12.640000343322754,12.890000343322754,322100
2026-08-18,12.649999618530273,12.739999771118164,12.630000114440918,12.670000076293945,243800
2026-08-19,12.729999542236328,12.800000190734863,12.670000076293945,12.699999809265137,253300
2026-08-20,12.579999923706055,12.800000190734863,12.5600004196167,12.65999984741211,601500
2026-08-21,12.630000114440918,12.680000305175781,12.470000267028809,12.600000381469727,423800
2026-08-24,12.710000038146973,12.729999542236328,12.550000190734863,12.640000343322754,425300
2026-08-25,12.600000381469727,12.680000305175781,12.569999694824219,12.670000076293945,283000
2026-08-26,12.510000228881836,12.65999984741211,12.479999542236328,12.59000015258789,275300
2026-08-27,12.479999542236328,12.569999694824219,12.369999885559082,12.479999542236328,307300
2026-08-28,12.520000457763672,12.619999885559082,12.479999542236328,12.5,261600
2026-08-31,12.739999771118164,12.84000015258789,12.539999961853027,12.539999961853027,284800
2026-09-01,12.649999618530273,12.819999694824219,12.630000114440918,12.8100004196167,336300
2026-09-02,12.699999809265137,12.770000457763672,12.640000343322754,12.6899995803833,233800
2026-09-03,12.630000114440918,12.8100004196167,12.510000228881836,12.760000228881836,292600
2026-09-04,12.569999694824219,12.65999984741211,12.550000190734863,12.59000015258789,177400
