Date,Close,High,Low,Open,Volume
2016-09-27,11.075970649719238,11.093189809230513,10.783251506465325,10.841364938233797,189600
2016-09-28,11.192195892333984,11.207262244196988,11.047989147058194,11.17712954047098,134800
2016-09-29,10.94467830657959,11.235245488637275,10.93391674155259,11.235245488637275,172400
2016-09-30,11.190430641174316,11.244324065726754,10.951143704585748,10.989947036051374,243600
2016-10-03,11.171029090881348,11.179652236262465,11.01366038824381,11.086955479286482,237200
2016-10-04,11.207677841186523,11.263726645435751,11.097734785663304,11.183964600883536,164800
2016-10-05,11.240015983581545,11.425409553190226,11.192589492095976,11.233549033778475,242400
2016-10-06,11.386605262756348,11.393072212021618,11.19690013493875,11.235703475227544,214800
2016-10-07,11.358577728271484,11.42109429737645,11.242168557599946,11.384447163841504,253200
2016-10-10,11.397379875183104,11.469597680711082,11.337019509820784,11.459896437793107,198800
2016-10-11,11.330554008483888,11.483611138666529,11.207677064833216,11.377979663456234,451200
2016-10-12,11.32624340057373,11.425407114010945,11.283128492277578,11.304685535251416,312400
2016-10-13,11.263727188110352,11.32624376603958,11.166718846900944,11.24432551986847,371200
2016-10-14,11.416784286499023,11.457312087617842,11.32732099319877,11.36935862616334,290400
2016-10-17,11.166717529296877,11.451274748369462,11.06324225166579,11.451274748369462,214400
2016-10-18,11.11066722869873,11.235699530572656,10.776528202276472,10.776528202276472,559600
2016-10-19,11.477142333984377,11.494387799634724,11.106355365496714,11.171027300795004,502400
2016-10-20,11.474990844726562,11.53319585707964,11.42109740614208,11.436187503157845,346400
2016-10-21,11.496543884277344,11.515944724563482,11.26372393266448,11.414625661782267,244000
2016-10-24,11.556906700134276,11.640980315279991,11.375824751224874,11.533193460508883,421200
2016-10-25,11.552593231201172,11.617265168979918,11.487921293422424,11.487921293422424,160800
2016-10-26,11.546128273010254,11.615111794836803,11.52025883556396,11.533193554287108,208000
2016-10-27,11.582776069641112,11.64098107369139,11.535349587300482,11.638825698288858,214800
2016-10-28,11.556906700134276,11.59786540890186,11.399537990850268,11.541816606254198,165600
2016-10-31,11.671162605285645,11.717510994079571,11.032417319128998,11.576310452047446,364800
2016-11-01,11.608643531799316,11.731520476236533,11.563373251711589,11.731520476236533,300000
2016-11-02,11.52888298034668,11.619424374557138,11.481456496600796,11.608645030179606,372800
2016-11-03,11.54181671142578,11.628045702619342,11.438341428584438,11.561218378355312,236000
2016-11-04,11.487922668457031,11.628045080024734,11.41462757757526,11.54612766612918,260800
2016-11-07,11.634513854980469,11.703497379138584,11.546128663256104,11.662537846305126,352400
2016-11-08,11.675472259521484,11.768169021870266,11.349956314826974,11.6215788312884,305200
2016-11-09,12.425665855407717,12.455846036777476,11.543969537177867,11.543969537177867,521200
2016-11-10,12.884840965270996,12.932267445431863,12.483873726252448,12.50327539337749,969600
2016-11-11,13.61347770690918,13.642579790777052,12.764116913477192,12.874059946640926,1055600
2016-11-14,13.850610733032228,13.861390076306328,13.57036507722266,13.615635358519532,686400
2016-11-15,13.753600120544434,13.7924034473245,13.591919866410256,13.62425624617641,643600
2016-11-16,13.949776649475098,13.954089045346112,13.6803094719361,13.6803094719361,318400
2016-11-17,14.29900360107422,14.436970634462476,13.984266203363708,14.01229019165618,645600
2016-11-18,14.486547470092772,14.501637558604893,13.32676191741431,14.115762203124111,562400
2016-11-21,14.669791221618652,14.67625816959004,14.40140136792814,14.542601880959594,316400
2016-11-22,15.066448211669922,15.103095351902589,14.71290741774958,14.74308760908202,577200
2016-11-23,15.187163352966309,15.279860090502403,15.084766195672085,15.087999668924796,668400
2016-11-25,15.512686729431152,15.51484292742924,15.206572401589703,15.206572401589703,176400
2016-11-28,15.40705680847168,15.50384888673658,15.344540221040248,15.391966711139764,462400
2016-11-29,15.7433500289917,15.815567034803014,15.45448200574644,15.49328534488207,731200
2016-11-30,15.87053680419922,16.008503844258207,15.773527649825434,15.943831074675684,956800
2016-12-01,16.11844253540039,16.34910629584232,15.9481407839282,15.9481407839282,1030800
2016-12-02,15.915804862976074,16.135689288403615,15.880235009141384,16.135689288403615,756000
2016-12-05,16.075334548950195,16.32755544293473,15.980266116858513,16.07749074697577,579200
2016-12-06,15.86838436126709,16.170187949567598,15.855450462169015,16.170187949567598,1024000
2016-12-07,15.82957363128662,15.941671208778548,15.764900876585894,15.905024081973156,838400
2016-12-08,16.099042892456055,16.2477892616942,15.79292865389632,15.915805588794056,878400
2016-12-09,16.04515266418457,16.18527591652795,15.99125923210612,16.17880896783006,681600
2016-12-12,15.581669807434082,16.05377682868158,15.553645813067162,16.021440438444593,524400
2016-12-13,15.560108184814451,15.8403546248313,15.415674214901196,15.570887526621505,598800
2016-12-14,15.351004600524902,15.629094900251635,15.32944755718809,15.47172535896864,872400
2016-12-15,15.652806282043455,15.665740177569822,15.297109352797367,15.407052398861822,895600
2016-12-16,15.532081604003906,15.743342852678351,15.39626915658825,15.512679120931796,3038800
2016-12-19,15.784305572509766,15.808018809576208,15.361781344766266,15.603222820793007,392800
2016-12-20,15.952451705932615,16.215451848560257,15.739896052477077,15.827418581618396,541200
2016-12-21,16.366355895996094,16.46551960661103,15.626937994628909,15.952454761769337,659000
2016-12-22,16.262880325317383,16.66384753571294,16.221920796339266,16.491387919202044,487600
2016-12-23,16.08610725402832,16.35902326018579,16.034368390955578,16.21976187189161,298400
2016-12-27,16.31031036376953,16.46552207888671,16.01066134459082,16.245637582281173,237000
2016-12-28,16.362045288085938,16.510790032957,16.29737251574414,16.37066843404464,380800
2016-12-29,16.059925079345703,16.42894493769126,15.921812441594122,16.39657607449363,312600
2016-12-30,16.159189224243164,16.180770655994813,15.934755834769108,16.081500679947066,397000
2017-01-03,16.232559204101562,16.452675604365634,16.00165209013273,16.405199098355485,556000
2017-01-04,16.6425838470459,16.68142811655696,16.21529688242426,16.28003788042001,503800
2017-01-05,16.210983276367188,16.599424365592206,16.03402639599718,16.599424365592206,265200
2017-01-06,16.357730865478516,16.448798335455777,16.13761272961035,16.353413919675067,269200
2017-01-09,16.10308265686035,16.21529853218035,15.91749353325132,16.206666288473865,435000
2017-01-10,16.374988555908203,16.465626278498792,16.038339332214843,16.198031701603757,457200
2017-01-11,16.456995010375977,16.530366605963092,16.18076982110119,16.400886254294537,383200
2017-01-12,16.051286697387695,16.400885104165653,15.753481744790692,16.36204083674588,286800
2017-01-13,16.34909439086914,16.543315740969707,16.206664851984726,16.206664851984726,284200
2017-01-17,15.792327880859377,16.396571746346744,15.701691794965894,16.396571746346744,260000
2017-01-18,16.059925079345703,16.12466609860598,15.63263962081191,15.93044468725766,215000
2017-01-19,15.986552238464355,16.081503640637916,15.800963086970397,16.077188341352368,178400
2017-01-20,16.064239501953125,16.323200245450533,15.93907442914207,15.93907442914207,237800
2017-01-23,16.09444808959961,16.228243731653677,15.913174290798237,16.003812013414873,145200
2017-01-24,16.487211227416992,16.582162631340033,16.146244952442764,16.159192496970356,289600
2017-01-25,16.776378631591797,16.82385514148823,16.54762997092558,16.7461666064635,243800
2017-01-26,16.910175323486328,16.944702645375003,16.703006452858798,16.793642525052373,197800
2017-01-27,16.80227279663086,16.933911591659015,16.551942744960385,16.862696837673624,186000
2017-01-30,16.426780700683594,16.707321149245427,16.14623860568999,16.707321149245427,365800
2017-01-31,17.28135871887207,17.415154395433998,16.500157862271614,16.530369895458648,564800
2017-02-01,17.302936553955078,17.76475089074299,17.156191703713827,17.43241691677215,435400
2017-02-02,17.074188232421875,17.229996695011856,16.974919897204746,17.225248384614858,198400
2017-02-03,17.505794525146484,17.579166145325164,17.264096580306475,17.31588840904628,212400
2017-02-06,17.285669326782227,17.62663549042261,17.190717953863142,17.406519073164873,251200
2017-02-07,17.216615676879883,17.44968131664046,17.10871510066837,17.30293646713552,117400
2017-02-08,17.117345809936523,17.272722889182226,16.845435921256545,17.134610295726485,266400
2017-02-09,17.609378814697266,17.63527555321298,17.177776384697662,17.212305369385284,438600
2017-02-10,17.730222702026367,17.738853298887545,17.4842078842492,17.717273513870477,253200
2017-02-13,18.010761260986328,18.14024160358031,17.738851389036643,17.855384191300793,515400
2017-02-14,18.053926467895508,18.274042934370893,17.91149690702207,17.941708938765117,573200
2017-02-15,18.16614151000977,18.235197814574537,17.993499925381755,18.097085205444998,319600
2017-02-16,18.256778717041016,18.2783585048306,18.062557334070224,18.14024588725854,363200
2017-02-17,18.07118225097656,18.321512297842357,17.937817998153545,18.30424781603817,386000
2017-02-21,18.105722427368164,18.312891398022213,17.911501002869798,18.118669973523847,242800
2017-02-22,18.16614151000977,18.21361802810408,17.859704261405607,18.01076441313099,310400
2017-02-23,18.39056968688965,18.41214946722952,17.85106694623427,18.278352194831577,340400
2017-02-24,18.13593101501465,18.332742240580348,18.058242459998308,18.153195504225454,175800
2017-02-27,18.23087882995605,18.274038394171026,17.967601207521966,18.13592581296492,396000
2017-02-28,17.941707611083984,18.27835688069871,17.924443123813454,18.20498527944714,364200
2017-03-01,18.127294540405277,18.36036015106843,18.03234151833541,18.170454106928705,1006000
2017-03-02,17.747480392456055,18.258066815609272,17.734532854489167,18.13592299577848,401200
2017-03-03,17.93739128112793,18.006447579807368,17.643901600132317,17.769065009566773,332800
2017-03-06,17.89854621887207,18.036658810124585,17.667639076018776,17.820857680488537,473000
2017-03-07,17.78632926940918,18.11003097405404,17.73799002559218,17.872650053267545,358600
2017-03-08,17.44536018371582,18.05392086803458,17.419465105357908,17.928755834532208,389200
2017-03-09,17.350406646728516,17.678423554170685,17.333142165696945,17.45399024005487,391800
2017-03-10,17.264095306396484,17.44968446265484,17.12598267565991,17.44968446265484,381600
2017-03-13,17.389257431030273,17.721591406652085,17.28567215240274,17.350413157348967,427600
2017-03-14,17.307252883911133,17.466946932452547,17.035344599722272,17.246828820758054,342800
2017-03-15,17.302936553955078,17.712959074902592,17.21661576326632,17.384940399571725,535200
2017-03-16,17.32883071899414,17.609371189149297,17.108712653011832,17.39788701203269,473800
2017-03-17,16.94470977783203,17.35084845953207,16.910182441409926,17.25546403779357,3368800
2017-03-20,16.7504825592041,17.02282378082185,16.569208772734264,16.89722737818186,574600
2017-03-21,15.757797241210938,17.182085966918915,15.749166645170634,16.8324875557381,816200
2017-03-22,15.516104698181152,15.783697692220857,15.088817650379436,15.65421731745534,1145400
2017-03-23,15.490203857421877,15.766429022729046,15.386620243647616,15.455676534974408,577400
2017-03-24,15.390941619873049,15.775067494982824,15.291673264788807,15.503157520184468,708600
2017-03-27,15.287354469299316,15.386624458806414,14.700808020699588,15.06292269582815,612000
2017-03-28,15.421148300170898,15.4902045947849,15.140607823615484,15.261455927582004,514200
2017-03-29,15.205347061157228,15.421148186032744,15.131975468986871,15.313247623594986,372000
2017-03-30,15.74917221069336,15.807437809931072,15.244196549425755,15.244196549425755,485200
2017-03-31,15.723241806030272,15.814002286713778,15.487694864799185,15.671377261046771,566000
2017-04-03,15.340739250183104,15.783739154753412,15.208919830723286,15.72755342301052,382200
2017-04-04,15.360190391540527,15.45959491229769,15.157058482472332,15.304004654176598,366400
2017-04-05,15.005793571472168,15.554680784457435,14.992826615358805,15.498495037809336,350000
2017-04-06,15.221891403198242,15.325617163921724,14.91719347760413,14.992827188275676,285400
2017-04-07,15.14409351348877,15.377478905853064,15.10519594809472,15.10951716705364,544200
2017-04-10,14.828595161437988,15.407735907099958,14.819951072853025,15.204603947081624,480000
2017-04-11,15.014434814453123,15.036044205626048,14.569273442574769,14.74215186933988,361800
2017-04-12,14.776726722717283,15.040365584428566,14.73782915871577,15.040365584428566,240000
2017-04-13,14.37479019165039,14.915033386068409,14.344536704658292,14.716224286208512,353800
2017-04-17,14.841559410095217,14.845880629733449,14.26673992542943,14.465550651303348,355600
2017-04-18,15.247819900512695,16.31534073584302,15.06629902012136,16.31534073584302,748800
2017-04-19,15.533071517944336,15.744847572656848,15.373159996237764,15.399092262740735,402800
2017-04-20,15.943653106689451,15.943653106689451,15.567644394229204,15.584932568034295,512800
2017-04-21,15.89179229736328,16.056026672453925,15.740523229964378,15.92204578110482,386400
2017-04-24,16.302379608154297,16.57033977827985,16.184389356967092,16.31534491759364,477000
2017-04-25,16.574657440185547,16.74753588948896,16.384492464904653,16.49254108354652,287800
2017-04-26,16.79507827758789,17.002531436580327,16.574658162683257,16.574658162683257,516000
2017-04-27,16.45796775817871,16.963634544305982,16.427712625634985,16.79940016861292,286400
2017-04-28,16.336957931518555,16.846947765749434,16.298060345901224,16.47958296167937,330200
2017-05-01,16.652448654174805,16.712955602568197,16.31965878932045,16.423386164202476,254000
2017-05-02,16.38449478149414,16.691352506137523,16.267802059018916,16.669743109092032,267400
2017-05-03,16.622201919555664,16.63949009716072,16.298056008572015,16.298056008572015,273000
2017-05-04,16.708637237548828,16.92041324178075,16.613553931727434,16.769144196274812,364600
2017-05-05,16.466611862182617,16.786436557843775,16.341276694419534,16.786436557843775,225800
2017-05-08,16.436355590820312,16.535760123643495,16.26347878757217,16.414746196500683,177000
2017-05-09,16.276445388793945,16.522796130748958,16.129499187567163,16.501186734710863,208800
2017-05-10,16.25483512878418,16.358560883730334,16.15975181284091,16.2029722513111,161000
2017-05-11,15.986872673034668,16.20296988779015,15.930686935564788,16.177037628490766,158400
2017-05-12,15.88314723968506,15.935010115977049,15.619508341439843,15.86585906469069,181000
2017-05-15,16.004161834716797,16.246191348658446,15.935010780546495,15.94365486840418,195200
2017-05-16,16.090600967407227,16.15110793335435,15.78374326942328,15.999840518486538,161400
2017-05-17,15.25214385986328,15.792386969248994,15.0922307124275,15.68865956682284,388600
2017-05-18,15.172189712524414,15.455276619533414,14.958253868627969,15.044693109691517,389000
2017-05-19,15.06198024749756,15.416379666354576,15.05765902718092,15.157063581378234,303400
2017-05-22,15.15274429321289,15.200284317523671,14.984187002924644,15.118167931505043,278400
2017-05-23,15.5071382522583,15.589254609125796,15.070620908463672,15.200278921456432,206000
2017-05-24,15.260788917541504,15.628153595799668,15.226212564971156,15.524426186779856,180800
2017-05-25,15.38612461090088,15.567647170848398,15.139773860658115,15.351549905815007,214000
2017-05-26,15.3472318649292,15.459603401361692,15.17565085949967,15.368842917183626,164600
2017-05-30,15.053337097167969,15.334262567866071,14.958253767770042,15.269434374024073,146400
2017-05-31,14.798341751098633,15.20460402451292,14.716223733468947,15.10087660965644,333600
2017-06-01,15.195955276489258,15.195955276489258,14.694609830570371,14.889097643360202,302000
2017-06-02,15.28239631652832,15.584932767220044,14.95392760479753,14.95392760479753,260600
2017-06-05,15.247819900512695,15.550356349855932,15.057654933146866,15.291040335385164,173800
2017-06-06,15.182991981506348,15.29536181671898,14.919353094683546,15.07494336550953,173400
2017-06-07,15.178667068481444,15.420696529232927,15.03172090457712,15.0706184670427,240200
2017-06-08,15.766459465026855,15.982124816796237,15.061981776132294,15.131132849056865,263000
2017-06-09,16.48390007019043,16.62652506476664,15.848573546517098,15.952300965180834,324000
2017-06-12,16.38449478149414,16.751859477341423,16.155432205167575,16.50550872390194,219800
2017-06-13,16.2159366607666,16.505506163375674,16.133820305256055,16.505506163375674,185200
2017-06-14,16.19864845275879,16.220257846407186,15.788063378675018,16.05602513572652,159400
2017-06-15,16.27212142944336,16.574656220423577,16.01712664226649,16.01712664226649,128600
2017-06-16,16.03441619873047,16.31102207929832,15.835607113155586,16.125178301876627,557400
2017-06-19,16.068992614746094,16.384494421004298,16.01280686471096,16.168397157921312,157600
2017-06-20,15.792387008666992,16.034414867113572,15.753489438746486,15.986874858269518,139000
2017-06-21,15.697305679321287,16.017130366758153,15.658408104480202,15.839930669969055,518000
2017-06-22,15.801036834716797,15.904762626380636,15.593583602697382,15.597904823728488,132200
2017-06-23,15.81399917602539,15.913403727986134,15.675697047324237,15.835608574505304,353600
2017-06-26,15.762140274047852,16.079803622940076,15.65409160564597,15.826968485873875,160800
2017-06-27,15.692991256713867,16.012814433990428,15.688668386141666,15.86586815968464,183800
2017-06-28,16.332632064819336,16.362885550728723,15.818319506977108,15.826963595621407,311200
2017-06-29,15.973430633544922,16.639892240195305,15.878221360916248,16.445146751125368,787200
2017-06-30,15.964777946472168,16.098936340876513,15.813310122850698,16.034020615967048,311600
2017-07-03,16.259063720703125,16.414860178268825,15.808985432374628,16.025369034354572,140600
2017-07-05,16.246082305908203,16.341289974472193,15.964782944404275,16.25040925184821,162800
2017-07-06,16.042673110961914,16.34344605426032,15.915007633981002,16.237418597850304,199200
2017-07-07,16.26555061340332,16.33263063466803,15.99074423878799,16.20279918751075,180400
2017-07-10,15.964777946472168,16.211455059727395,15.886879736930997,16.137885445647097,277800
2017-07-11,15.796005249023438,16.319653245999973,15.778694162129309,15.96045727276543,370000
2017-07-12,15.653192520141602,15.977767996625474,15.159838060026315,15.605589503660012,324600
2017-07-13,15.605578422546388,15.889905334320389,15.601249828109529,15.648854461664554,187200
2017-07-14,15.579617500305176,16.03402268055561,15.34159589644787,15.45844322580524,224000
2017-07-17,15.605578422546388,15.891204573001476,15.363228311209468,15.583938752112232,390400
2017-07-18,15.618562698364258,16.401871643040003,15.21176227094509,16.1205724038311,391800
2017-07-19,15.869568824768066,15.95179563064023,15.635875844547105,15.635875844547105,236600
2017-07-20,15.912846565246582,15.97776064012981,15.61423785868257,15.778688169087136,149600
2017-07-21,15.670494079589844,16.038347053114986,15.57961339764696,16.038347053114986,220400
2017-07-24,15.878223419189451,15.951794680541784,15.646693099636437,15.674824016127936,147200
2017-07-25,16.22443962097168,16.345613883048525,15.947467284848807,16.012383011461694,183600
2017-07-26,15.826289176940918,16.263384774717853,15.791668675135623,16.254729236547753,147600
2017-07-27,15.726755142211914,15.999398854264143,15.635874455152946,15.865240470361384,155600
2017-07-28,15.61423683166504,15.761376052072553,15.500418879823018,15.666168418330948,199600
2017-07-31,15.726755142211914,15.882551549098904,15.527682689356462,15.700788524105638,170800
2017-08-01,15.7354154586792,15.940979215749277,15.60558563048358,15.869572232435145,170600
2017-08-02,15.640203475952148,15.783017418185098,15.575289398380804,15.739739715595316,123000
2017-08-03,15.415162086486816,15.847929142880188,15.363230501964695,15.614236187093,121200
2017-08-04,15.70079231262207,15.860917353268414,15.497392866440718,15.56663554722334,147400
2017-08-07,15.454108238220217,15.696458337863715,15.410832201190122,15.696458337863715,172600
2017-08-08,15.549324989318848,15.82629572180102,15.371890510642718,15.419495164827302,144200
2017-08-09,15.211764335632324,15.497390557668036,15.129537529475892,15.363232161380244,231200
2017-08-10,14.774669647216797,15.103573592580924,14.761687161515129,15.103573592580924,218600
2017-08-11,14.753032684326172,15.051641433120942,14.653496434727916,14.848241988670468,362400
2017-08-14,15.367561340332031,15.384872423184522,14.947778311851325,14.947778311851325,228600
2017-08-15,14.843912124633787,15.56663408511623,14.83958517974942,15.475751733788696,149600
2017-08-16,14.81361961364746,15.038658733812472,14.753032475694514,14.917484457906578,191000
2017-08-17,14.493374824523926,14.878537383535264,14.454425708956716,14.761690036833636,498800
2017-08-18,14.523667335510254,14.649168564603482,14.354886746478217,14.354886746478217,304600
2017-08-21,14.523667335510254,14.657824106416085,14.402491401009629,14.484718222791445,219200
2017-08-22,14.722739219665527,14.744377247840706,14.57992526213304,14.623202969359124,105400
2017-08-23,14.770342826843262,14.887190151770527,14.553959258654013,14.553959258654013,157600
2017-08-24,14.88286304473877,14.93912324034119,14.71408410880728,14.856898070519016,102600
2017-08-25,14.88286304473877,14.930467698642682,14.791982333218089,14.895845531848645,95200
2017-08-28,14.856897354125977,15.090590365214046,14.761688050909102,15.090590365214046,166800
2017-08-29,14.783324241638184,14.887189073229536,14.623200875023864,14.714081570869112,189200
2017-08-30,14.787649154663086,14.952101094224274,14.774666671576108,14.800633288625328,114800
2017-08-31,14.76168727874756,14.93046619771203,14.714082629629248,14.783325305380714,165400
2017-09-01,14.800636291503906,14.949939829921902,14.766014128413843,14.77466966918636,105000
2017-09-05,14.61887264251709,14.79630709394882,14.56261410609704,14.753031042721776,226000
2017-09-06,14.657821655273438,14.849537829717276,14.393833452199598,14.614545604323032,302000
2017-09-07,14.32026481628418,14.649167118311995,14.272660166452708,14.644840173270788,597600
2017-09-08,14.233710289001465,14.38517977127503,14.082242457603446,14.294297421560673,257800
2017-09-11,14.6058931350708,14.696773851701032,14.36787150304482,14.36787150304482,302400
2017-09-12,15.012690544128418,15.099244296837067,14.636183618352636,14.701099345603003,362800
2017-09-13,14.978069305419922,15.112226047264633,14.865548937106134,14.995380385295189,273200
2017-09-14,14.835256576538086,15.038657654388414,14.77899803869165,14.973741925026436,234600
2017-09-15,15.077608108520508,15.129539706123133,14.649167888390624,14.856897580552566,1191400
2017-09-18,15.419496536254885,15.484410628836295,15.107903609061117,15.112230554882837,217000
2017-09-19,15.454108238220217,15.540661963155394,15.315622938673926,15.410832201190122,187000
2017-09-20,15.687810897827148,15.8436073529526,15.350253012305895,15.350253012305895,296400
2017-09-21,15.644532203674316,15.791673091970202,15.58394341953731,15.726757362975476,181600
2017-09-22,15.74407196044922,15.871304968714552,15.523359753273594,15.60125798511488,126400
2017-09-25,15.86524486541748,15.869571810862862,15.33726837378829,15.700792873604556,185600
2017-09-26,16.12489891052246,16.194141569713036,15.774358670628088,15.94313754922541,263600
2017-09-27,16.657209396362305,16.869264388948743,16.185493106625668,16.215786676995158,483000
2017-09-28,16.78704071044922,16.804351795305212,16.484103328972996,16.65288227912914,244800
2017-09-29,16.83470344543457,17.029700348699606,16.674373392975063,16.804370777482944,427200
2017-10-02,16.82603645324707,16.85203493535883,16.588573842122653,16.739370989193315,437800
2017-10-03,17.07737159729004,17.0817041284454,16.631046502976115,16.89537553464018,281800
2017-10-04,16.795703887939453,17.08169879204812,16.73070602287309,17.08169879204812,186000
2017-10-05,17.047035217285156,17.09036713145407,16.769706999388333,16.8520382975119,158000
2017-10-06,17.081695556640625,17.18136190627633,16.938698958174175,17.090362267609212,137200
2017-10-09,16.882373809814453,17.133703582718493,16.82604264251404,17.081703293354785,150600
2017-10-10,17.129362106323242,17.181362373548993,16.938699418847257,16.98203132186257,378400
2017-10-11,17.172700881958008,17.31136499736111,17.025370052716383,17.13803402660391,182800
2017-10-12,17.086030960083008,17.19002819312847,17.02536563197212,17.17269642295837,175000
2017-10-13,17.047035217285156,17.1813667960193,16.860705010946997,17.081700418018976,247400
2017-10-16,17.203031539916992,17.276696119410513,17.020167701247424,17.142366203156104,262200
2017-10-17,17.575693130493164,18.06968422425591,17.224698675606,17.28969819973544,889600
2017-10-18,17.753353118896484,17.87901630613337,15.31806167841635,17.645021702067496,219400
2017-10-19,17.60602569580078,17.76635576055419,17.52369274532768,17.757689047188258,285800
2017-10-20,17.98301887512207,18.186682509416883,17.70569065574582,17.89202086307797,612400
2017-10-23,18.07401466369629,18.169346847256552,17.744687856952503,17.96568323801649,311800
2017-10-24,17.835681915283203,18.277674232716603,17.7793491235401,18.0956766182412,398200
2017-10-25,17.6796932220459,17.89202360232962,17.4543635960533,17.89202360232962,297200
2017-10-26,17.883352279663086,17.978684464982937,17.610356619069403,17.73602147189895,172000
2017-10-27,18.04368019104004,18.13251274465069,17.45869121211396,17.88768268919143,254000
2017-10-30,17.55835723876953,17.94401684018101,17.48945828182664,17.90068493218214,211600
2017-10-31,17.77069091796875,17.93535519025252,17.4673641703497,17.61469501333901,311200
2017-11-01,17.779356002807617,17.98301964583096,17.65369278445915,17.965686218125434,235600
2017-11-02,17.987346649169922,18.0783462901586,17.521522907018593,17.77068382844609,208800
2017-11-03,17.805349349975586,17.983012783645577,17.46302172195101,17.983012783645577,160200
2017-11-06,17.801025390625,17.85302402592481,17.675360506727543,17.770691062609394,138000
2017-11-07,17.177032470703125,17.81402185235747,17.1726999405247,17.757689041998635,158600
2017-11-08,17.086030960083008,17.1856956638375,16.93436763980579,17.081696777785822,210400
2017-11-09,16.912700653076172,17.099030826522835,16.670039331754957,16.93870078879185,227400
2017-11-10,16.999366760253906,17.16403098665096,16.92570218579064,16.930034715403515,154400
2017-11-13,17.30268669128418,17.372018702535534,16.85202779164761,16.96902587057281,160600
2017-11-14,17.207361221313477,17.35469200891778,17.146695894595148,17.177028557954312,175000
2017-11-15,17.24203109741211,17.47386029555095,16.78703941404695,16.999368094881007,128000
2017-11-16,17.32436180114746,17.545358840381557,17.28102989106561,17.363361181423688,165800
2017-11-17,17.315692901611328,17.40885798422661,17.05136398567931,17.211695669346856,186600
2017-11-20,17.493358612060547,17.506359507525445,17.233363844852377,17.346027803174206,118800
2017-11-21,17.701356887817383,17.827021756735196,17.406695234565014,17.601692159953583,254400
2017-11-22,17.60169219970703,17.887687139920647,17.551860662165893,17.77935569812751,162400
2017-11-24,17.458690643310547,17.67535346592893,17.285359724013382,17.67535346592893,78800
2017-11-27,17.393693923950195,17.6190234939598,15.900886969017176,17.441360017049245,135600
2017-11-28,18.07401466369629,18.121680755476422,17.3113621542333,17.4370270047434,301600
2017-11-29,18.836671829223636,18.873504123105263,18.069685014772134,18.156350499733996,656000
2017-11-30,18.195348739624023,19.066332758781865,18.139015929994883,19.066332758781865,329600
2017-12-01,18.07401466369629,18.24517851463114,17.04270068138918,18.195346984502,298000
2017-12-04,18.30800437927246,19.03122416253721,18.10564175856416,18.40333652867076,265200
2017-12-05,17.84001922607422,18.39381110029044,17.8096865576986,18.386010562848234,196400
2017-12-06,17.775014877319336,18.06100968414188,17.679682724043207,17.80101500630533,171000
2017-12-07,17.68402099609375,17.90935054041201,17.229027725120716,17.671020102090427,163800
2017-12-08,17.60169219970703,17.82702179699755,17.52369342937544,17.82702179699755,120800
2017-12-11,17.419687271118164,17.658015990698214,17.33302183136021,17.5930164976283,196800
2017-12-12,17.489025115966797,17.755519489680275,17.454358267317645,17.476025874226526,170000
2017-12-13,17.59735870361328,17.835687531877348,17.44569370162231,17.523692467673317,176200
2017-12-14,17.32436180114746,17.753354984185968,17.289696603683264,17.632022660545253,309000
2017-12-15,17.809682846069336,18.035012373475844,17.363357973267544,17.363357973267544,741600
2017-12-18,18.048015594482425,18.41200923908899,17.749019811373188,17.965682655710282,226400
2017-12-19,17.892017364501953,18.169345529649902,17.732553504241253,18.07834753539941,390400
2017-12-20,17.974348068237305,18.00901491426774,17.677519397874946,17.95701464522209,233400
2017-12-21,18.191015243530277,18.25601476886544,17.941852600420916,18.04801860200213,208800
2017-12-22,18.10435104370117,18.21268249159887,17.948353494247414,18.21268249159887,148600
2017-12-26,17.974348068237305,18.09567872333143,17.775018662580898,18.04801428954888,164200
2017-12-27,17.98301887512207,18.095682844366205,17.714357369227148,17.970019631403364,420200
2017-12-28,18.420677185058597,18.442344795293053,17.98301889823175,18.074016910392796,494600
2017-12-29,18.004194259643555,18.45972173522224,17.90007288996267,18.45972173522224,240600
2018-01-02,17.913087844848633,18.18640331814148,17.817643400551052,18.125666546298625,319600
2018-01-03,17.80029296875,17.94779729498795,17.735218552880838,17.86536903957239,200200
2018-01-04,17.874040603637695,18.31221416369572,17.869701317574687,17.93477736889794,384200
2018-01-05,17.99118423461914,18.077950133733477,17.826326047385713,17.960815838938437,139400
2018-01-08,17.930442810058594,18.004194136239235,17.77426158408428,17.930442810058594,301000
2018-01-09,18.14302062988281,18.22111123901769,17.93044192553458,17.960810311870045,557200
2018-01-10,18.14302062988281,18.516119839093264,18.06493002074793,18.13868299824329,258800
2018-01-11,18.28618812561035,18.4206762269084,18.07360775669133,18.22544969523848,388200
2018-01-12,17.969491958618164,18.38163661880602,17.821989261134565,18.290531427435496,499000
2018-01-16,17.986848831176758,18.429361963030573,17.943465872250496,18.121338651774245,282600
2018-01-17,18.260156631469727,18.35993870918833,17.87404287052944,18.069269394306254,204400
2018-01-18,17.952133178710938,18.29052471094217,17.943456260582842,18.225448652457896,203400
2018-01-19,18.459718704223636,18.4770725388132,17.88271777121893,17.895732319684726,466200
2018-01-22,18.511775970458984,18.524792172061645,17.795947770508548,18.43802466617151,315200
2018-01-23,18.91090965270996,18.94127803765844,18.35429770294936,18.41199763435147,581400
2018-01-24,18.66362762451172,19.0670952954041,18.620243025249867,19.036726903397422,392600
2018-01-25,18.420677185058597,18.80679098169333,18.29052670882655,18.80679098169333,372200
2018-01-26,18.477075576782227,18.62197664402872,18.329571268424008,18.49442941422508,215600
2018-01-29,18.61589813232422,18.750387855153107,18.459716945801016,18.459716945801016,207000
2018-01-30,18.63759422302246,18.728699386128067,18.35126252829555,18.42501550910938,303400
2018-01-31,18.403318405151367,18.845831229476925,18.372950024017,18.7286953358361,204200
2018-02-01,18.654943466186523,18.654943466186523,18.17989263205578,18.333904176031147,177400
2018-02-02,18.494430541992188,18.971649516099745,18.390309165938888,18.59855026309236,306800
2018-02-05,17.435867309570312,18.598547859641265,17.41417584172368,17.93477934480742,500200
2018-02-06,17.314395904541016,17.59855797482658,16.92828210233382,17.08880097017154,577800
2018-02-07,17.53565216064453,17.602897873049514,17.244982804604817,17.249320436879408,320800
2018-02-08,17.067108154296875,17.570357843619714,17.054093603997668,17.570357843619714,220800
2018-02-09,17.496599197387695,17.65711798540482,16.984672803757878,17.327401839531905,305400
2018-02-12,17.539989471435547,18.01417156688319,17.17556716816612,17.544327103221367,220200
2018-02-13,17.500940322875977,17.57252364377189,17.362112966870182,17.418512097420233,140200
2018-02-14,17.787273406982422,17.848010173335773,17.461896454415673,17.49660412373345,281600
2018-02-15,18.02154541015625,18.047574507480885,17.77859668709203,17.91308642476285,173600
2018-02-16,18.160375595092773,18.268834597304316,17.930443039989278,17.930443039989278,127000
2018-02-20,17.878376007080078,18.230217259086636,17.795947786633647,18.03889647235566,452800
2018-02-21,18.28184509277344,18.60288439628718,17.92609977682594,17.92609977682594,409600
2018-02-22,17.843671798706055,18.390304328064005,17.826317964770197,18.28618463435425,157400
2018-02-23,18.18206214904785,18.203753612635293,17.94345273968081,17.991174952544736,192600
2018-02-26,18.30354118347168,18.325234308547277,17.86102824216956,18.22111293502492,153800
2018-02-27,17.926103591918945,18.55950376194949,17.917426673225687,18.32957120891376,254200
2018-02-28,17.422849655151367,18.158201372299164,17.392481274587055,18.012866743176737,261000
2018-03-01,17.526973724365234,17.691830200217627,17.253656601837292,17.401160896778244,437800
2018-03-02,18.017208099365234,18.090961078094438,17.331748097100867,17.3751310340336,347400
2018-03-05,18.23412132263184,18.398979418753317,17.566015331944328,17.90440678534141,247200
2018-03-06,18.529136657714844,18.56384433489245,18.10397754200799,18.320895559508617,197400
2018-03-07,18.77641868591309,18.83281782069576,18.16037245427361,18.32956820366888,396000
2018-03-08,18.477075576782227,18.95429452178957,18.381631125799547,18.806790213431352,223200
2018-03-09,18.958637237548828,18.980328710799075,18.42935668448548,18.62892088631308,231400
2018-03-12,19.1668758392334,19.21025878002906,18.785099671409757,18.95429545744719,342400
2018-03-13,18.975980758666992,19.268819625677864,18.910904719352388,19.197236313422284,179600
2018-03-14,18.6853141784668,19.088781743161665,18.672299629590448,19.088781743161665,201600
2018-03-15,18.923927307128903,18.945618777800952,18.576858811516765,18.7503938867994,181000
2018-03-16,19.21459579467773,19.277502209859037,18.915247911749294,18.92392482987288,1040800
2018-03-19,19.13650321960449,19.201577616413434,18.77641860177458,19.16253231634697,172400
2018-03-20,18.949951171875,19.17988365627654,18.88053749800175,19.17988365627654,174600
2018-03-21,18.958637237548828,19.073603535233136,18.8154705351812,18.958637237548828,146200
2018-03-22,18.17338752746582,18.765574322401616,18.16037297866046,18.750390130477765,389200
2018-03-23,17.466232299804688,18.561668590093205,17.44063680300963,18.32956645385784,426200
2018-03-26,17.999849319458008,18.06926298607757,17.427184501156162,17.782931404402827,338400
2018-03-27,17.6961669921875,18.09095760020977,17.62241402763689,18.04757301666451,394600
2018-03-28,17.82198715209961,17.939121438598153,17.47925624803154,17.739557236844593,234800
2018-03-29,17.75672721862793,17.987277042746953,17.731063002155416,17.869828322102222,336800
2018-04-02,17.521833419799805,17.9550952151108,17.36958378855389,17.75238499491058,291200
2018-04-03,17.726280212402344,17.782830773416386,17.469629708595395,17.62187930432997,599400
2018-04-04,17.9481258392334,18.05687600022084,17.46092558264047,17.46092558264047,263600
2018-04-05,18.191730499267575,18.230880631565988,17.887229654657283,18.09168052992633,183200
2018-04-06,17.643632888793945,18.10908360791132,17.447882198651975,18.039483546904883,271200
2018-04-09,17.7349796295166,18.03730499846029,17.539228972798657,17.774129760860188,599000
2018-04-10,18.07427978515625,18.14823077126474,17.77412988240034,17.982930031195245,199600
2018-04-11,17.974231719970703,18.18085642237975,17.80023074786058,17.95683129088044,132000
2018-04-12,18.230880737304688,18.37878105357916,17.961180746238107,18.09602991207334,113800
2018-04-13,17.94377899169922,18.387479907712397,17.900279585174708,18.387479907712397,192200
2018-04-16,18.30048179626465,18.444032843228246,17.922031600609294,18.109082059709387,321200
2018-04-17,18.97473526000977,19.135686757804017,18.21348382676535,18.48753480736434,420600
2018-04-18,18.76158142089844,19.06608225519794,18.700681585917746,19.06608225519794,329200
2018-04-19,18.687633514404297,18.89208441642951,18.57018310213852,18.748533359417003,237400
2018-04-20,18.69633102416992,18.757230860371106,18.548430710797312,18.62238169718166,268200
2018-04-23,18.900785446166992,19.02693607878676,18.713734965909097,18.778984091494348,178200
2018-04-24,18.839881896972656,19.14003179824436,18.700681798464384,18.97473105899226,361400
2018-04-25,18.76158142089844,18.94863186227973,18.68763043599613,18.744180993933654,166800
2018-04-26,18.722434997558597,18.883384830365856,18.66588442842228,18.76593441418876,89600
2018-04-27,18.64412879943848,18.89207904616285,18.578878035818025,18.752878965875336,142800
2018-04-30,18.25263214111328,18.774633403575045,18.25263214111328,18.678932701961443,474200
2018-05-01,18.33963203430176,18.391831661038967,17.90028199542081,18.243931335786687,225200
2018-05-02,18.33963203430176,18.48753235955404,18.15693251102341,18.296132621920115,434200
2018-05-03,17.995983123779297,18.27655884658404,17.908982629519496,18.248284391193074,164200
2018-05-04,18.239578247070312,18.444029093214837,17.856777192394144,17.895927319115525,162600
2018-05-07,18.48752784729004,18.54407839710081,18.100377529638354,18.32222713367168,493600
2018-05-08,18.71808242797852,18.722433364899945,18.47013212413664,18.47013212413664,418800
2018-05-09,18.94863510131836,19.02693537664831,18.59845933092505,18.705034060358912,237000
2018-05-10,18.94863510131836,19.09218449982572,18.76593390574969,18.91383424144001,188000
2018-05-11,18.97473526000977,19.07913618670343,18.792035712541395,18.95733648839118,128800
2018-05-14,18.52233123779297,19.071735693743264,18.427065311265785,18.979081656579496,378000
2018-05-15,18.64412879943848,18.831179218461543,18.51797820811672,18.51797820811672,208800
2018-05-16,18.73983383178711,18.87468300749255,18.578882353292656,18.66588283853902,272400
2018-05-17,18.90513038635254,19.0225807767328,18.691980968526,18.76158101548512,213800
2018-05-18,18.78333282470703,18.99213298899168,18.763756927751118,18.99213298899168,226400
2018-05-21,19.00082778930664,19.066078548039364,18.81812666049245,18.81812666049245,218200
2018-05-22,18.99648094177246,19.26357235709988,18.909482123934243,18.983431450975942,233400
2018-05-23,18.939929962158203,19.05738034461722,18.839880005114427,18.97037987693692,148200
2018-05-24,18.78768348693848,18.86163448398373,18.50058303246108,18.86163448398373,445800
2018-05-25,18.57888412475586,18.813784959499543,18.496234568559256,18.670233896246277,383800
2018-05-29,18.248289108276367,18.5484391486936,18.169988809141987,18.46143863194464,310000
2018-05-30,18.48318290710449,18.570181731044208,18.361381566675732,18.39618242376858,262600
2018-05-31,18.274377822875977,18.57452935386286,18.235227695329684,18.43967854578209,214600
2018-06-01,18.48752784729004,18.618027711979984,18.38095315138943,18.39617810794666,268000
2018-06-04,18.826831817626957,18.90513208491548,18.539731390701085,18.587581738421424,346000
2018-06-05,18.966028213500977,18.97907936175982,18.63542844027008,18.70937775635489,576200
2018-06-06,19.32490921020508,19.33578489340201,19.026934739605803,19.026934739605803,279400
2018-06-07,19.309688568115234,19.45323965331889,19.187888854170296,19.3705884250877,156200
2018-06-08,19.344486236572266,19.509785346914025,19.14003532819606,19.183534744728867,219000
2018-06-11,19.14872932434082,19.448879183487108,19.03997915893184,19.414079993442066,128600
2018-06-12,18.913833618164062,19.16178392873932,18.826833130731487,19.14873443641313,147800
2018-06-13,18.800737380981445,18.99648643714047,18.743752043611085,18.99648643714047,303400
2018-06-14,18.73983383178711,18.887732499490824,18.531032003437343,18.887732499490824,427600
2018-06-15,18.76593971252441,18.822490297627105,18.50493982026051,18.700690569156865,461800
2018-06-18,19.05303382873535,19.096534902365395,18.591934064030905,18.70068425901158,248800
2018-06-19,19.30098533630371,19.348835690563117,18.52233515314312,18.82248511250247,240000
2018-06-20,19.39668273925781,19.461933512927278,19.270532128508112,19.383633248282365,142800
2018-06-21,19.292280197143555,19.46628113924153,19.15308010722356,19.418430797194787,172400
2018-06-22,19.17917823791504,19.40102783364811,18.996477106668024,19.38362906923067,619800
2018-06-25,18.939929962158203,19.06608055732484,18.78767872886871,19.06608055732484,175200
2018-06-26,18.92252922058105,19.02257917595317,18.75722850068996,19.01387896339092,143400
2018-06-27,18.44838523864746,18.93123642819183,18.44403596045722,18.93123642819183,166800
2018-06-28,18.461429595947266,18.591931136894782,18.33092971439577,18.45708031896716,154600
2018-06-29,18.19975471496582,18.701306258757448,18.182309067734625,18.618440266263523,204400
2018-07-02,18.587905883789062,18.614074347129804,18.108162368498217,18.108162368498217,177000
2018-07-03,18.553022384643555,18.6838614171018,18.5094082646851,18.631526136860213,74200
2018-07-05,18.692577362060547,18.705660761379,18.500678632280888,18.635879858834016,140800
2018-07-06,18.87139320373535,18.936811871575028,18.657688229226203,18.657688229226203,125400
2018-07-09,19.229019165039062,19.272631607059804,18.871391816603328,18.910643679905203,135600
2018-07-10,18.94117546081543,19.28135721614743,18.77980740555644,19.28135721614743,127400
2018-07-11,18.87139320373535,19.604093596755085,18.775443827787388,18.84958698112213,112200
2018-07-12,18.683856964111328,19.20285239010869,18.43962294167883,18.932451565646115,131600
2018-07-13,18.60535049438477,18.70129985760593,18.43525965137119,18.61407331501468,147800
2018-07-16,18.72310447692871,18.788524794207184,18.34803154044207,18.705658837160083,124600
2018-07-17,18.81470489501953,18.936821132339198,18.64025336509272,18.7143948909771,141800
2018-07-18,18.9586238861084,18.9717072897836,18.731835461390105,18.7667250924268,153200
2018-07-19,18.936813354492188,19.11126647647547,18.679497578314667,18.88447808338051,693000
2018-07-20,18.099445343017575,19.146160919904425,18.07763911510505,18.36548564919265,509000
2018-07-23,18.35239791870117,18.426539408866997,17.885736100101795,17.97732489767649,294800
2018-07-24,18.099445343017575,18.48324127637056,18.034024995571446,18.361123405385012,239600
2018-07-25,17.942432403564453,18.182304165338323,17.79414776949747,18.029658952493502,157200
2018-07-26,18.28261947631836,18.295704543905597,17.99041236497045,17.99041236497045,225400
2018-07-27,18.321866989135746,18.37420391960593,18.156138367104536,18.33058981088077,239800
2018-07-30,18.35239791870117,18.574824052906795,18.33495227500045,18.36548131962263,169200
2018-07-31,18.426536560058597,18.461427842065717,18.03838019812281,18.37420130075581,276600
2018-08-01,18.583553314208984,18.65551537162916,18.39601673871269,18.48760390431542,189800
2018-08-02,18.801610946655277,18.83650056759616,18.478873218484985,18.478873218484985,135200
2018-08-03,18.435264587402344,18.910647624914848,18.339315198490787,18.80597541303785,141600
2018-08-06,18.3960075378418,18.48759465763669,18.32186439535933,18.3960075378418,104600
2018-08-07,18.37420654296875,18.618438931867196,18.369844299619352,18.474516511796093,83600
2018-08-08,18.544294357299805,18.61843584486294,18.26517072271937,18.369841253832984,96600
2018-08-09,18.500680923461918,18.570463498356933,18.3305900564257,18.54865561184816,173400
2018-08-10,18.4134578704834,18.5268512385916,18.204115116024028,18.382928822773177,98400
2018-08-13,18.430906295776367,18.60317834293642,18.35458365810007,18.413462309813728,302600
2018-08-14,18.662050247192383,18.792889245003945,18.47015149760785,18.47015149760785,114600
2018-08-15,18.43962860107422,18.68386269846578,18.35240368259243,18.60971952130585,88200
2018-08-16,18.884471893310547,18.96297560609976,18.48759275141296,18.48759275141296,210800
2018-08-17,18.98914909362793,19.006594737469417,18.749277313786056,18.82341880455013,177800
2018-08-20,18.81470489501953,19.09819091875041,18.740563369135156,18.99351866982716,227000
2018-08-21,19.115631103515625,19.21594107886799,18.8626742114639,18.8626742114639,291600
2018-08-22,19.106904983520508,19.150517430076917,18.892764110948036,19.11126556269287,152600
2018-08-23,18.9586238861084,19.12871478872,18.8670350692565,19.1112691413474,121800
2018-08-24,18.784168243408203,18.980427590996094,18.77108484147177,18.954259123414943,226800
2018-08-27,18.858306884765625,19.02839772402024,18.72746624191633,18.8713902835674,187200
2018-08-28,18.77544403076172,18.919368096239573,18.70130254033361,18.88883905150939,162600
2018-08-29,18.7667236328125,18.81906057085971,18.66205308413484,18.771085876170623,132400
2018-08-30,18.82341766357422,19.002231342840314,18.681674727443127,18.71438489173616,172600
2018-08-31,18.79725456237793,18.87139773350954,18.74055870271625,18.74055870271625,215200
2018-09-04,18.85395050048828,18.932454245105287,18.622801510065106,18.73619488356277,114800
2018-09-05,18.83214569091797,18.93681624914108,18.71439006513557,18.81470004331128,143800
2018-09-06,18.566102981567383,18.90846586886005,18.548657336221797,18.82778100691794,187000
2018-09-07,18.64024543762207,18.653328839282405,18.365482356797287,18.53557323321464,219200
2018-09-10,18.470155715942383,18.73183543503774,18.44834948861156,18.679500156702076,145800
2018-09-11,18.365476608276367,18.574819287857277,18.243360461114435,18.40472846467952,126800
2018-09-12,17.924985885620117,18.330587904179676,17.88573402370442,18.330587904179676,220600
2018-09-13,17.75054168701172,18.04711106140825,17.68948357999631,17.994774115073355,211000
2018-09-14,18.173583984375,18.212835853910278,17.74181508319526,17.746175662606607,231600
2018-09-17,17.959882736206055,18.23900643470405,17.87701840812336,18.169225510079556,174600
2018-09-18,17.8203182220459,18.02530038534909,17.802872577571534,17.96424062968882,165600
2018-09-19,17.78106689453125,17.972963998459896,17.754898427023956,17.77234407202882,313600
2018-09-20,17.846487045288086,18.0122173591389,17.750539317234175,17.842126465529986,366400
2018-09-21,17.75054168701172,17.986052954392843,17.628423809272263,17.815960374367382,1058600
2018-09-24,17.458330154418945,17.680757982180342,17.340574539199682,17.680757982180342,226000
2018-09-25,17.279523849487305,17.528992036447825,17.25335703291535,17.458337638801726,159200
2018-09-26,17.026561737060547,17.331853897067585,17.000393267217056,17.331853897067585,284400
2018-09-27,17.02219581604004,17.15303647328187,17.00911241579908,17.065809923023338,215800
2018-09-28,17.122791290283203,17.205889801235443,16.814449049110177,16.974087550193218,358600
2018-10-01,16.69417381286621,17.24525308129352,16.676680530568614,17.149032520810266,196600
2018-10-02,16.56734275817871,16.75103477049445,16.436133939608805,16.6635616686443,481200
2018-10-03,17.035322189331055,17.1709039142376,16.51048523878682,16.637321154947056,638000
2018-10-04,16.86911964416504,17.188394980322816,16.838504315246507,17.04406581090834,208000
2018-10-05,16.63294792175293,17.000333649881455,16.53672900209816,16.904114730226684,245600
2018-10-08,16.75977897644043,16.873494487174465,16.575648208061953,16.672305891662784,179000
2018-10-09,16.70729637145996,16.917230781149495,16.667933565367527,16.702921799443924,244200
2018-10-10,16.589208602905273,16.90411106397804,16.554218699048104,16.720417405548776,424200
2018-10-11,15.959406852722168,16.68324345575373,15.93753732654586,16.541099877660756,678800
2018-10-12,15.522040367126465,16.19557928044936,15.137159796363155,16.19557928044936,503200
2018-10-15,15.592023849487305,15.81070580155074,15.469560821812376,15.60076965936826,409400
2018-10-16,15.688233375549316,15.950652561864905,15.333969893217612,15.745091116179175,337400
2018-10-17,15.640132904052734,15.745100978006926,15.27712172130015,15.68387029670487,649800
2018-10-18,16.02937889099121,16.47111545582298,15.670740821370574,16.34427959333496,775200
2018-10-19,15.97689723968506,16.18245873589721,15.771337411883206,16.033754994290394,480400
2018-10-22,15.443316459655762,16.055624781822125,15.3383484130044,16.055624781822125,288600
2018-10-23,15.473932266235352,15.561405363055282,15.198392595196264,15.307733549118538,427400
2018-10-24,14.970965385437012,15.438944602727853,14.935977142673153,15.425824220242752,471000
2018-10-25,15.631385803222656,15.749472582605456,15.115296291418405,15.119669196117073,330800
2018-10-26,15.675118446350098,15.876305391205644,15.1852714641421,15.44768907322234,378200
2018-10-29,16.094985961914062,16.16496409646285,15.784458094129464,15.810700520239134,441200
2018-10-30,16.09061622619629,16.193396996514046,15.90867270686813,16.11685698906165,473600
2018-10-31,15.736351013183594,16.256813390430615,15.670747437186948,16.256813390430615,381800
2018-11-01,15.96815013885498,16.138723406670053,15.753842830827104,15.784458160545372,279000
2018-11-02,16.10373306274414,16.21307399970922,15.889425760602348,16.042502404989342,248400
2018-11-05,16.073122024536133,16.14310017613782,15.898175811326547,16.108111934542347,346800
2018-11-06,16.17808723449707,16.256811181313214,15.955030768551584,16.059998811657184,180200
2018-11-07,16.23931884765625,16.287429134043226,15.88942813085624,16.182461084797954,278400
2018-11-08,16.47549057006836,16.536722892476025,16.14746777930173,16.1955780555598,206800
2018-11-09,16.195581436157227,16.549846724760698,15.990021578888037,16.195581436157227,312800
2018-11-12,16.051250457763672,16.361778329500446,16.046875885817887,16.195579632177942,291800
2018-11-13,16.326786041259766,16.46674227738074,16.09498216960133,16.09498216960133,334600
2018-11-14,15.96815013885498,16.60670249626111,15.828193869168516,16.45362417925943,243000
2018-11-15,16.41425895690918,16.44487428211892,15.865368720355908,15.915664611024726,356400
2018-11-16,16.510480880737305,16.55859115819635,16.25680911537516,16.3049193928342,998000
2018-11-19,16.19120979309082,16.667936452378324,16.169341934454096,16.51048520073685,297400
2018-11-20,16.011884689331055,16.27867680270264,15.83693854890082,16.064367864096106,209200
2018-11-21,16.143096923828125,16.401141618698734,15.889426801032329,16.016261028225024,234800
2018-11-23,16.17808723449707,16.348658844684532,16.025008907818503,16.025008907818503,141000
2018-11-26,16.580461502075195,16.62419721447574,16.1562180844659,16.30054893852656,244600
2018-11-27,16.510480880737305,16.632942191789247,16.39676704453339,16.49736050267038,178200
2018-11-28,16.899736404418945,16.908483880338014,16.309295961370537,16.52797785411594,184600
2018-11-29,16.947847366333008,17.07905617355155,16.70729760836393,16.79477070264646,249400
2018-11-30,17.21900749206543,17.275865237216138,16.94346957687897,16.947842479547475,320000
2018-12-03,17.271495819091797,17.372089284862497,17.065934315589292,17.372089284862497,381200
2018-12-04,16.07748794555664,17.17527170320518,16.03375224545694,17.17527170320518,414000
2018-12-06,15.801958084106444,16.13435391211148,15.417077387144673,15.880683719130692,463200
2018-12-07,15.631385803222656,16.103737925986245,15.548285598250793,15.80633035415292,194600
2018-12-10,15.294610023498535,15.631380292538118,15.097796013227324,15.631380292538118,325200
2018-12-11,15.215888023376465,15.657187633337347,15.128414923825083,15.55703127637519,220600
2018-12-12,15.272747039794922,15.561408824024312,15.220263837394544,15.312109858697935,346000
2018-12-13,14.835381507873535,15.349285384251155,14.787272884162904,15.296800519167435,221600
2018-12-14,14.673558235168455,15.125355549131744,14.638569991400573,14.75665844238751,365600
2018-12-17,14.642938613891602,14.844125544849652,14.540157862438368,14.616696187432153,291600
2018-12-18,14.603578567504885,14.9053606893689,14.502985083020432,14.78289767783119,372600
2018-12-19,13.916914939880373,14.680114246547006,13.7813324056156,14.54671816406812,406000
2018-12-20,13.755090713500977,14.12335058907726,13.706980432508258,13.833815490300182,456200
2018-12-21,13.365837097167969,13.890673975251056,13.217133342851268,13.807574622143436,2412800
2018-12-24,13.164649963378906,13.540782247449018,13.147155011735771,13.265243432711308,158200
2018-12-26,13.846936225891112,13.873177817252325,13.077175927586104,13.22150593138047,328000
2018-12-27,13.741971969604492,13.899423219906184,13.387707490631016,13.637004747471808,326000
2018-12-28,14.000015258789062,14.214324266445356,13.737597632003537,13.77696044286242,299400
2018-12-31,14.00440788269043,14.140628744006785,13.736359651404005,14.079109807567008,216600
2019-01-02,14.131841659545898,14.19775577094107,13.837428256716496,13.837428256716496,257400
2019-01-03,14.04835033416748,14.303215592128543,13.98683139408013,14.057138993646443,313400
2019-01-04,14.50096035003662,14.597633955441944,14.18018173132408,14.202152548116414,241200
2019-01-07,14.588844299316406,14.667940575391505,14.399892270499867,14.45701773127983,148800
2019-01-08,14.689913749694824,14.703095905735635,14.443836220581488,14.703095905735635,162200
2019-01-09,14.817337989807127,14.86347718464012,14.667934164329576,14.786578526585137,241600
2019-01-10,14.755825996398926,14.883257399793058,14.562478792427752,14.733853504117974,172400
2019-01-11,14.663540840148926,14.804156025767249,14.610810564608364,14.733848432958084,227200
2019-01-14,14.645966529846191,14.826129857555488,14.571263762799932,14.650360021429906,253600
2019-01-15,14.667936325073242,14.683316058949837,14.478984351009192,14.650359007424196,224800
2019-01-16,14.922801971435549,14.949167950109716,14.720667830396488,14.720667830396488,196600
2019-01-17,15.085391998291016,15.12493845803698,14.852496674548847,14.852496674548847,233800
2019-01-18,15.269946098327637,15.340253696765725,14.944772407885624,15.072205453887586,208800
2019-01-22,14.97992992401123,15.234794388728464,14.92280446546925,15.168881945425278,186400
2019-01-23,14.97992992401123,15.278737693862949,14.558084252314346,14.979929924011232,557600
2019-01-24,15.050238609313965,15.094180241316586,14.703094017189498,14.909623375386603,399000
2019-01-25,15.063416481018066,15.287523098807336,14.984320224888364,15.124935418837762,266800
2019-01-28,15.138121604919434,15.182063231277247,14.89643930742026,14.993111220660571,179800
2019-01-29,15.09857177734375,15.252369128612887,15.07660096662893,15.133724739234378,161000
2019-01-30,14.966751098632812,15.24358643934196,14.909625627388326,15.094182521194424,196800
2019-01-31,14.830527305603027,15.05023882124159,14.536114679254954,14.900834923556737,306800
2019-02-01,14.940382957458496,15.01947923662866,14.837118277638236,14.887652663433665,121000
2019-02-04,15.067813873291016,15.07660253374355,14.821736409416832,14.953562963673669,499600
2019-02-05,14.966751098632812,15.133730666476598,14.883259638444857,15.076606871498177,246200
2019-02-06,14.935986518859863,15.015081106164116,14.90522537079119,14.96235082253945,186000
2019-02-07,14.97992992401123,15.1029678258564,14.874467667954164,14.940381787523044,211800
2019-02-08,14.887649536132812,15.02826474150528,14.795369445641436,14.944773310882866,135600
2019-02-11,14.940382957458496,15.015084067638194,14.8590890937931,14.935989464733854,593000
2019-02-12,15.067813873291016,15.177669614549307,14.949169471580191,15.02387057102835,747000
2019-02-13,15.129335403442385,15.160094882145463,14.975538009926964,15.085393769942511,260200
2019-02-14,14.94477367401123,15.076601898983371,14.821735785387114,15.076601898983371,362400
2019-02-15,15.485267639160156,15.485267639160158,15.028267305594532,15.028267305594532,514400
2019-02-19,15.753315925598145,15.75771109487781,15.37980699759158,15.397384322178366,179400
2019-02-20,15.959846496582031,16.030154123939685,15.652249998292522,15.766500940414998,294000
2019-02-21,15.841197967529297,15.955448880127742,15.775285526813851,15.955448880127742,217200
2019-02-22,15.78846836090088,15.929083585346127,15.757708885320088,15.845593819664792,225800
2019-02-25,15.674212455749512,15.955444491416072,15.63027084069248,15.863164417772042,241600
2019-02-26,15.392985343933104,15.71815906326128,15.379803191887882,15.630274138340244,161200
2019-02-27,15.406173706054688,15.57754843813774,15.349048236605,15.388596380644628,208600
2019-02-28,15.366619110107422,15.494050475161336,15.269945537207969,15.34464662443732,283200
2019-03-01,15.46768569946289,15.511627316923292,15.21721479215503,15.485263016953152,180000
2019-03-04,15.401771545410156,15.603905667075257,15.305099652068076,15.4676856476452,405000
2019-03-05,15.283133506774902,15.392989271892642,15.217221053463826,15.392989271892642,204200
2019-03-06,14.993112564086914,15.305104173738895,14.89204547339556,15.287526851114556,433000
2019-03-07,14.71627712249756,14.997507576491577,14.641574340255923,14.9447756091684,243800
2019-03-08,14.799763679504396,14.856889126913993,14.656072536061268,14.663541974532384,255200
2019-03-11,15.010690689086914,15.063420983512822,14.773401849771572,14.852498129543353,234000
2019-03-12,15.00629997253418,15.072212433694087,14.905231181476593,15.045848119736585,243400
2019-03-13,15.085391998291016,15.138122287551308,14.94038160749312,15.02826654043739,387400
2019-03-14,15.045839309692385,15.164482005562585,15.015078167643807,15.089780924735775,324000
2019-03-15,15.1337251663208,15.226005255951916,15.045841920981388,15.045841920981388,871400
2019-03-18,15.458905220031738,15.463298713596275,15.142520042868474,15.177674696449344,221600
2019-03-19,15.221606254577637,15.516020416370058,15.195241958121471,15.516020416370058,292200
2019-03-20,14.73824691772461,15.29631429462438,14.70748744371377,15.212822856938718,311000
2019-03-21,14.628388404846191,14.878859317949813,14.558080809523515,14.67233002332338,270800
2019-03-22,14.039563179016112,14.536111567414334,13.995620717668867,14.509745587726345,579800
2019-03-25,14.18896484375,14.281243243945688,13.894551487964891,14.043954492358017,260400
2019-03-26,14.584450721740724,14.602028046400916,14.263672089888916,14.263672089888916,249800
2019-03-27,14.659149169921877,14.733850263194926,14.377918763750833,14.53171611829267,178000
2019-03-28,14.852495193481444,14.8744660054602,14.623995061118285,14.698697833364657,230600
2019-03-29,14.901050567626951,15.013162271826706,14.70243008141805,14.945189763025263,333800
2019-04-01,15.298291206359863,15.329187793794706,15.00697932216153,15.00697932216153,331600
2019-04-02,14.971670150756836,15.293880352966136,14.954016158040446,15.293880352966136,306200
2019-04-03,14.94959831237793,15.218841429668863,14.865736392130604,15.090840327393234,237600
2019-04-04,15.157048225402832,15.187944810886226,14.954013039729784,14.954013039729784,222000
2019-04-05,15.293879508972168,15.31153350071432,15.104085206906468,15.174706225088736,288400
2019-04-08,15.165878295898438,15.254154989028436,15.108498192803255,15.254154989028436,158600
2019-04-09,14.918702125549316,15.157048663659385,14.892220299362204,15.095255490905888,256800
2019-04-10,15.32477569580078,15.382154113993712,14.92753142664596,14.971668930446343,397000
2019-04-11,15.271805763244627,15.413047769001023,15.154839885078008,15.276220523026872,271800
2019-04-12,15.607261657714844,15.633743489718054,15.307121880932783,15.408639499000534,293200
2019-04-15,15.563121795654297,15.73967519219542,15.492500773785444,15.691122923959712,476000
2019-04-16,15.223255157470703,15.63815333797723,14.887804131752643,15.63815333797723,1294800
2019-04-17,15.262983322143556,15.397603220957594,15.15263787308377,15.302706067416665,329000
2019-04-18,14.821600914001465,15.214430427038442,14.768633888348177,15.20560258942956,295000
2019-04-22,14.552355766296388,14.883392054456086,14.446423413240726,14.803943210598748,233200
2019-04-23,14.856907844543455,14.885597048685314,14.499388064047574,14.565595992051922,315000
2019-04-24,14.914288520812988,14.967253855048783,14.742149921743437,14.839252753886129,305000
2019-04-25,14.918702125549316,14.962841308757298,14.724494770647228,14.843668039702262,277600
2019-04-26,15.002570152282717,15.077604260238566,14.728912186972943,14.954017878316847,185000
2019-04-29,15.095255851745604,15.254153547617303,14.998151330104518,15.05994450433513,239400
2019-04-30,14.980491638183594,15.15704496040365,14.940767224870944,15.14821712591892,294600
2019-05-01,14.764220237731934,15.108497472411708,14.737736725934337,14.998152032195083,690600
2019-05-02,14.931943893432615,15.020218887472634,14.759803614084383,14.759803614084383,128600
2019-05-03,15.218839645385742,15.227667480756413,14.949596559661336,15.006976647701972,271800
2019-05-06,15.364497184753418,15.39097900847472,14.808355314280805,15.037873994378032,297200
2019-05-07,15.037877082824709,15.236499220214654,14.923118561075997,15.196774792736663,210600
2019-05-08,14.96284294128418,15.201187821661284,14.931946351536446,15.042291795989168,221400
2019-05-09,14.998154640197754,15.068775666867047,14.724498372321502,14.848084748058245,137800
2019-05-10,15.055529594421388,15.073185265976642,14.737734241376868,14.949597248827375,208600
2019-05-13,14.296356201171877,14.887807879221103,14.25663177190969,14.81718685872588,283200
2019-05-14,14.711252212524414,14.74214879544627,14.318421102719755,14.366973356950528,259600
2019-05-15,14.622976303100586,14.631804139215896,14.353733194665176,14.583251882450485,117800
2019-05-16,14.680355072021484,14.861321507476402,14.649458486729497,14.66711415939281,84800
2019-05-17,14.583250999450684,14.826010584841342,14.530283985965925,14.530283985965925,137400
2019-05-20,14.75980281829834,14.843666415347402,14.565595484648524,14.565595484648524,94000
2019-05-21,14.852497100830078,14.909875518124394,14.784081782151754,14.82160051190612,118200
2019-05-22,14.684772491455078,14.852498044656263,14.60532363381967,14.799531017074044,113400
2019-05-23,14.17276668548584,14.534699545529657,14.088903926590463,14.534699545529657,220000
2019-05-24,14.539113998413086,14.556769672218165,14.269872549705394,14.269872549705394,90800
2019-05-28,14.371390342712402,14.59208121704543,14.3537346686687,14.521460204608372,122800
2019-05-29,14.419939994812012,14.486147926355764,14.22573264401472,14.340492834192206,155200
2019-05-30,14.216907501220703,14.525875100735211,14.080079377718668,14.437598403197072,124600
2019-05-31,13.832902908325195,14.124214770619725,13.779936732513098,14.097732103648076,187000
2019-06-03,13.952077865600586,14.102147733099065,13.806421916777817,13.815248912260326,287000
2019-06-04,14.499391555786133,14.508219393895132,14.133045534821392,14.133045534821392,149600
2019-06-05,14.30077075958252,14.468494628547798,14.137458283962443,14.468494628547798,111400
2019-06-06,14.216907501220703,14.375805220041764,13.996216599244333,14.247804092798358,108200
2019-06-07,13.94766616821289,14.243392031631076,13.921183493809943,14.177184082820151,185200
2019-06-10,14.238974571228027,14.521460306700002,14.018284537212336,14.018284537212336,195200
2019-06-11,14.256629943847656,14.375803216353171,14.13745667134214,14.34490662908186,144600
2019-06-12,14.305183410644531,14.406701017912203,14.150700461267173,14.238975470204023,112200
2019-06-13,14.287525177001951,14.45525069467678,14.163938839629743,14.349318345688056,167000
2019-06-14,14.521461486816406,14.539115478681165,14.287527994425997,14.305183670028647,212200
2019-06-17,14.389043807983398,14.684770444342655,14.371389818321614,14.508217077823309,201400
2019-06-18,14.786287307739258,14.795115144001343,14.486147609778676,14.486147609778676,458400
2019-06-19,14.645045280456545,14.973874183138689,14.603113479187726,14.87014921183431,250200
2019-06-20,14.658286094665527,14.795115030067802,14.455250913413836,14.795115030067802,131000
2019-06-21,14.358145713806152,14.750975145140274,14.177179289807148,14.556767809350797,740000
2019-06-24,14.159528732299805,14.497185534657996,14.146286133563656,14.486150316334191,338000
2019-06-25,14.442014694213867,14.477324366727292,14.12421922290236,14.19042717400497,277800
2019-06-26,14.570011138916016,14.67594350203094,14.384631608137132,14.472908296776604,313400
2019-06-27,14.883392333984377,14.918701996507666,14.5567691160212,14.592080462282151,426200
2019-06-28,15.189308166503906,15.340048602794877,14.998667491536674,14.998667491536674,1391600
2019-07-01,15.357782363891602,15.442020706707428,15.109505205094552,15.251378350481808,302400
2019-07-02,14.91442584991455,15.30014329327137,14.78142000992196,15.291277703031412,239600
2019-07-03,15.10063648223877,15.127236637424216,14.941028786081542,14.972063427971989,99400
2019-07-05,15.24250602722168,15.273540661809037,15.122800283272992,15.140534843397408,129200
2019-07-08,14.95876407623291,15.23364307114119,14.905560380758104,15.10950449755575,170200
2019-07-09,14.96763038635254,14.989799439495624,14.73708779326841,14.816889957790575,154800
2019-07-10,14.701622009277344,15.065172238966785,14.688321927371678,14.985368365009425,183600
2019-07-11,14.759258270263672,14.82132757313764,14.61561096128273,14.683887194444097,140000
2019-07-12,14.941031455993652,15.02083531833295,14.716694082196424,14.81689117498728,221200
2019-07-15,14.57304573059082,15.136105522202442,14.457774432972831,15.131672726289231,274800
2019-07-16,14.369102478027344,14.769894179788162,13.965650422365025,13.965650422365025,482600
2019-07-17,14.510974884033203,14.537576730443552,14.284865108959195,14.37796903450372,265200
2019-07-18,14.657283782958984,14.91886270943345,14.49767607307473,14.502108868899834,337600
2019-07-19,14.630682945251465,14.737088656281037,14.59078101502305,14.639550228775713,379200
2019-07-22,14.391267776489258,14.648413860808,14.364667623808684,14.621812016866446,140800
2019-07-23,14.5464448928833,14.568612253936188,14.36910262193773,14.440039192063711,170000
2019-07-24,14.923295021057127,14.949896868928477,14.435606315577711,14.435606315577711,235800
2019-07-25,14.763686180114746,15.034132359911832,14.697184102446329,14.945461231759513,167600
2019-07-26,15.162704467773438,15.180439030552709,14.75481798015516,14.75481798015516,208000
2019-07-29,14.91442584991455,15.251375781907532,14.878958415171669,15.153837376657824,135800
2019-07-30,15.131670951843262,15.144971029284552,14.794720999067522,14.794720999067522,289000
2019-07-31,15.10063648223877,15.335613539769614,15.020832634160156,15.113936559831494,359000
2019-08-01,14.444470405578612,15.215905219465958,14.382399440931518,14.989795481950248,323400
2019-08-02,14.187328338623049,14.468857391187612,13.987818695608894,14.382403494425034,226400
2019-08-05,13.712937355041504,13.925747041048323,13.50012766903468,13.925747041048323,306400
2019-08-06,13.81490993499756,13.84594457826487,13.49126173288045,13.783875291730247,254800
2019-08-07,13.57993221282959,13.626485024017356,13.300619573856084,13.57993221282959,218000
2019-08-08,13.881412506103516,13.956782714514802,13.579931672458372,13.735105730438148,256600
2019-08-09,13.646432876586914,13.85924253830867,13.62426467497188,13.85924253830867,277400
2019-08-12,13.49569606781006,13.619834647259838,13.469094218815975,13.531164354171516,207200
2019-08-13,13.721803665161133,13.992248971535147,13.482392151131505,13.482392151131505,251800
2019-08-14,13.34495449066162,13.566631472746929,13.19864771631054,13.36712185061792,207000
2019-08-15,13.198649406433104,13.47352842586476,13.149880193527524,13.367123562314054,140000
2019-08-16,13.566631317138672,13.60209960004028,13.282884208295243,13.282884208295243,153600
2019-08-19,13.64200210571289,13.823777169038465,13.63313482320174,13.743973317699314,178400
2019-08-20,13.491260528564451,13.63313365405372,13.460225888067493,13.57993080917998,137600
2019-08-21,13.58436679840088,13.63756965247186,13.4823955775314,13.63756965247186,152800
2019-08-22,13.482394218444824,13.664169279281683,13.482394218444824,13.664169279281683,137000
2019-08-23,12.99027156829834,13.619834267901783,12.95036964154927,13.420325479787063,328600
2019-08-26,13.331655502319336,13.349390069362904,13.056776478189636,13.185348706732702,237000
2019-08-27,12.96810531616211,13.446927632472098,12.959238032652683,13.446927632472098,248200
2019-08-28,13.198649406433104,13.362689920628938,12.932636824740994,12.932636824740994,156000
2019-08-29,13.575496673583984,13.664166945444816,13.34495244461101,13.349386085048618,275400
2019-08-30,13.477961540222168,13.717373108067251,13.464661461317876,13.712939466555603,224400
2019-09-03,13.194211959838867,13.384854269168509,13.047905208944332,13.349385991546512,238400
2019-09-04,13.265149116516112,13.34938659679904,13.18534527684076,13.34938659679904,109000
2019-09-05,13.717371940612791,13.925748000141926,13.41589110852429,13.469093110874862,283200
2019-09-06,13.593232154846191,13.77944084925356,13.553330231356716,13.76170713083077,148000
2019-09-09,14.156293869018556,14.205063081390149,13.6774715654678,13.681905207104371,188800
2019-09-10,14.537578582763672,14.599647874368642,14.092007323368918,14.1651611418725,215200
2019-09-11,14.96763038635254,15.007532314244273,14.542010949681575,14.550878232686552,257600
2019-09-12,15.058518409729004,15.167139664243251,14.670583666631147,14.84349145295296,229800
2019-09-13,15.113938331604004,15.295713408811896,15.065169119698732,15.2203440386029,276200
2019-09-16,15.038567543029783,15.207042544143032,14.954330888103843,14.976498250846316,206800
2019-09-17,15.003101348876951,15.029703201137528,14.781424320490038,14.923297483356745,181200
2019-09-18,15.029699325561523,15.0740340433021,14.892258994548015,14.958762762419957,164200
2019-09-19,14.878963470458984,15.269113841493557,14.874528982571324,15.05187129032274,208200
2019-09-20,14.763686180114746,15.025265077970491,14.652847692739618,14.883391949431216,825600
2019-09-23,14.737088203430176,14.82575765342516,14.612947929166772,14.710486353674872,95200
2019-09-24,14.479941368103027,14.794722297760185,14.47107408527675,14.745953087846289,212600
2019-09-25,14.872313499450684,14.896698111935084,14.555316919677049,14.555316919677049,283600
2019-09-26,14.683884620666504,14.92329619658368,14.67945182463605,14.896694346616874,130600
2019-09-27,14.892261505126951,14.98536544283453,14.794723080141097,14.834625009338824,140800
2019-09-30,14.76311206817627,14.994688791051283,14.74084357276534,14.994688791051283,238800
2019-10-01,14.42464828491211,14.985780980060325,14.344486471319508,14.90116478857513,180000
2019-10-02,14.259875297546388,14.395704974477754,14.139632549172008,14.237607650019337,205600
2019-10-03,14.25096607208252,14.277687245052787,13.97930675951784,14.210885162050886,136200
2019-10-04,14.446918487548828,14.469186984572715,14.19307410030021,14.215340898476294,132400
2019-10-07,14.558252334594728,14.656228272785746,14.358294575596265,14.429104241980989,308000
2019-10-08,14.197525024414062,14.397930430331728,14.179711757961162,14.357849519032952,172800
2019-10-09,14.415740966796877,14.482543043196223,14.242057606775417,14.384567117503146,138800
2019-10-10,14.482545852661133,14.6473221878711,14.402384024970294,14.402384024970294,187800
2019-10-11,14.754204750061035,14.985783167707226,14.687402662699531,14.696309720937576,228800
2019-10-14,14.69631004333496,14.79161369984032,14.535986389228404,14.660681809601195,94600
2019-10-15,14.892261505126951,15.016958635004944,14.623274433299157,14.73193953616582,129600
2019-10-16,14.803194046020508,15.065946341595696,14.75197888127926,14.878901499549183,139400
2019-10-17,14.892261505126951,14.947929350957963,14.723032476971118,14.892261505126951,204800
2019-10-18,14.918977737426758,15.008046601001745,14.798735026427616,14.798735026427616,137400
2019-10-21,15.097121238708496,15.293071454439897,15.061493000113012,15.061493000113012,193200
2019-10-22,15.729506492614746,15.84974924431627,14.758659118593124,15.84974924431627,403400
2019-10-23,15.680516242980955,15.716144474845196,15.520192597287078,15.693877679353848,200800
2019-10-24,15.41776180267334,15.644887501629212,15.342054368919625,15.644887501629212,174600
2019-10-25,15.51128387451172,15.631524883859994,15.319786416887087,15.319786416887087,162800
2019-10-28,15.702781677246094,15.747316963215765,15.521083146801685,15.57808627422592,147400
2019-10-29,15.684969902038574,15.774037079919143,15.538006000610094,15.542460378812637,257600
2019-10-30,15.586995124816896,15.676064008156803,15.475659445353916,15.676064008156803,247600
2019-10-31,15.586995124816896,15.59590218303565,15.39549762023276,15.586995124816896,321400
2019-11-01,15.805211067199709,15.831930538381537,15.680513972577534,15.738408991550424,247600
2019-11-04,16.054601669311523,16.081322839025407,15.876465634427625,16.01897514187368,219000
2019-11-05,16.157033920288086,16.28173104159873,16.05505039296013,16.18820777590382,158200
2019-11-06,16.108041763305664,16.148122667092778,16.0100675420406,16.090229349614827,278800
2019-11-07,16.388608932495117,16.393063310282322,16.25055380034433,16.29508738513219,381600
2019-11-08,16.415334701538086,16.45986829880232,16.28618489108483,16.295091950307246,254400
2019-11-11,16.40642738342285,16.47322947711291,16.29063901305427,16.388613265259128,243600
2019-11-12,16.486583709716797,16.51330487803739,16.277272138323607,16.45095548528934,319800
2019-11-13,16.312902450561523,16.39751694613527,16.246100370633986,16.39751694613527,259200
2019-11-14,16.10359001159668,16.272820692755946,16.05460204872052,16.272820692755946,263800
2019-11-15,16.07686996459961,16.206019748688664,16.001162524935506,16.206019748688664,468800
2019-11-18,16.036792755126953,16.065741123080247,15.840842543575484,15.974445037762752,162800
2019-11-19,16.174850463867188,16.24165256383496,16.01898116240634,16.08132888299068,150800
2019-11-20,16.174850463867188,16.237198184451525,16.00116704256854,16.032340902860707,492200
2019-11-21,16.21493148803711,16.272826528457166,15.90764556368078,16.272826528457166,306800
2019-11-22,16.259462356567383,16.34407856269519,16.13476693555507,16.25500967675167,263800
2019-11-25,16.45541000366211,16.544478866646138,16.230511506868076,16.255005486659865,345000
2019-11-26,16.219383239746094,16.433149269232306,16.21493055943708,16.38416129159371,256400
2019-11-27,16.281734466552734,16.34408219089939,16.099143974316924,16.28618714735689,139800
2019-11-29,16.192663192749023,16.37079927928118,16.18820881374822,16.228289730516323,95200
2019-12-02,16.201566696166992,16.361890328053402,16.108043445001616,16.281728512110195,195400
2019-12-03,16.11250114440918,16.174848858806637,15.858655907877928,16.014525193871574,211400
2019-12-04,16.308452606201172,16.397521504582876,16.20602396765899,16.20602396765899,214800
2019-12-05,16.35743522644043,16.4331443598588,16.321808698068015,16.384156396855275,231800
2019-12-06,16.46877098083496,16.651361399244657,16.46877098083496,16.477678037689994,237400
2019-12-09,16.428695678710938,16.50796732256939,16.3663479583045,16.3663479583045,256800
2019-12-10,16.477680206298828,16.499947001943223,16.393065703311084,16.42423955698276,130400
2019-12-11,16.437597274780273,16.51775908832806,16.370795197207983,16.44204995382297,111400
2019-12-12,16.75824737548828,16.88294279603313,16.39306647345177,16.450959805077485,255200
2019-12-13,16.67808723449707,16.798329987399573,16.42424198909663,16.60683245857498,123800
2019-12-16,16.869586944580078,16.98982971303012,16.686996451492554,16.78497071927371,292400
2019-12-17,17.04771614074707,17.0566231976309,16.856218664863242,16.88293983551473,223400
2019-12-18,17.065532684326172,17.12788039254272,16.967556743501518,17.12788039254272,186400
2019-12-19,17.083345413208008,17.092252470636648,16.909662040468262,17.052171561631514,215000
2019-12-20,17.069978713989258,17.172407284368834,17.020990767536677,17.123419337916253,2234000
2019-12-23,16.96310043334961,17.159050574213374,16.847312099849947,17.110062614285614,192800
2019-12-24,16.940837860107422,16.95419759837867,16.78051420546166,16.931930801644025,106600
2019-12-26,16.85622215270996,16.874036270163668,16.77160764307646,16.851769472770407,160200
2019-12-27,16.80722999572754,16.980913332995502,16.704799705641516,16.89184447574735,218400
2019-12-30,16.887392044067383,16.983140779341834,16.82059166757075,16.92302027061013,200400
2019-12-31,16.85831069946289,16.943317489685537,16.800147260508577,16.849362346798863,211800
2020-01-02,16.813573837280273,16.9030539674734,16.656980195994134,16.9030539674734,217200
2020-01-03,16.67487144470215,16.755404900885353,16.442219427586615,16.589864666163663,372400
2020-01-06,16.549602508544922,16.598815894938248,16.334845428264966,16.495912385112934,166600
2020-01-07,16.263263702392578,16.446700728975976,16.191678562914284,16.428805724149665,160600
2020-01-08,16.47801971435547,16.52723310770858,16.290107669216898,16.290107669216898,230000
2020-01-09,16.401958465576172,16.612240531392573,16.361691723328864,16.594343822232855,171400
2020-01-10,16.308000564575195,16.54512594759537,16.263258799187724,16.500385888931735,166800
2020-01-13,16.486968994140625,16.504865707338585,16.196155084934087,16.316955338933546,196600
2020-01-14,16.513811111450195,16.54065617644753,16.310241582074056,16.43327762318239,269600
2020-01-15,16.49144172668457,16.55407850742055,16.375114813839808,16.424329914910725,334000
2020-01-16,16.61223793029785,16.750933137758892,16.42432592699174,16.6032895771191,309400
2020-01-17,16.53170394897461,16.777777680273864,16.491437214273,16.764356004281264,223400
2020-01-21,16.222993850708008,16.478017674698577,16.20062381891207,16.478017674698577,204200
2020-01-22,17.990251541137695,18.12000009961284,16.728562781850705,16.759881164003488,1382400
2020-01-23,17.36835289001465,17.918663716188235,17.319137809290226,17.49810142888385,997600
2020-01-24,17.037275314331055,17.605481233863156,16.934370106167375,17.48468273279491,487600
2020-01-27,16.73751449584961,16.967929085123945,16.616714266121246,16.68829939780574,353400
2020-01-28,16.844892501831055,16.934372633499,16.733040630522016,16.84041747121319,325400
2020-01-29,16.5272274017334,16.907524684937343,16.52275407905451,16.907524684937343,389000
2020-01-30,16.75541114807129,16.764359502841724,16.38853713610413,16.410907169668143,254600
2020-01-31,16.442224502563477,16.63460985096813,16.384061053651266,16.63460985096813,394600
2020-02-03,16.795682907104492,16.800156232463564,16.516053137234177,16.580927448651053,380400
2020-02-04,17.238609313964844,17.24308434444096,16.936609612341094,17.00148390045234,404800
2020-02-05,17.67259407043457,17.7173341322271,17.287823394812566,17.39072690231455,428800
2020-02-06,17.66364097595215,17.788914480727996,17.558499981562345,17.77101948484823,479000
2020-02-07,17.502580642700195,17.766551131755048,17.439943866776016,17.60548416125051,258600
2020-02-10,17.601011276245117,17.601011276245117,17.41757426786766,17.448892656610823,287800
2020-02-11,17.949987411499023,18.04394427831944,17.71778418822149,17.753128737003237,464800
2020-02-12,18.030521392822266,18.14684829525982,17.949987908588305,17.954462939225813,471600
2020-02-13,18.25422096252441,18.29896272504853,17.985777214274652,17.985777214274652,444600
2020-02-14,17.941038131713867,18.2542236892702,17.90077139278914,18.2542236892702,441200
2020-02-18,17.72180938720703,17.990253174814807,17.542845724319196,17.91866805100447,271000
2020-02-19,17.860504150390625,17.945512656126496,17.77997238153528,17.77997238153528,306000
2020-02-20,18.10658264160156,18.1334260001438,17.78892200948326,17.78892200948326,379400
2020-02-21,17.97235870361328,18.06184054619208,17.748654950528383,18.06184054619208,1642000
2020-02-24,17.305721282958984,17.636801858950264,17.18939438360329,17.502579957690987,468000
2020-02-25,16.71514129638672,17.48199791968394,16.679347883961608,17.31466730071661,396000
2020-02-26,16.58987045288086,16.91647771389292,16.471306035065442,16.85383923200541,452800
2020-02-27,16.11114501953125,16.91200493842521,16.106671695019124,16.26326365380874,587200
2020-02-28,15.457927703857422,16.0440321023364,15.167113873206423,15.58320295567888,934200
2020-03-02,16.035079956054688,16.035079956054688,15.28790877244784,15.45792404824783,324600
2020-03-03,15.601099967956545,16.540656797447443,15.377396204752651,15.994819069078186,435800
2020-03-04,15.927705764770508,15.95455082825994,15.301336310534069,15.815853893650704,429600
2020-03-05,15.068684577941896,15.54741046136543,14.934462670699396,15.431085263548372,652800
2020-03-06,14.809188842773438,14.880773980669844,14.120181677179968,14.40652308212776,469600
2020-03-09,13.4401216506958,14.100047027613194,13.032980042387488,13.663825399715142,430800
2020-03-10,13.932268142700195,14.044120008594351,13.140357580724704,13.90542393382696,596800
2020-03-11,12.728742599487305,13.766727771873482,12.576623994565674,13.440120530337868,564400
2020-03-12,11.51626682281494,12.317126509668016,11.102862464665687,11.941304210739256,837200
2020-03-13,12.912179946899414,12.934549979209876,11.63259430074195,11.95025319703305,699600
2020-03-16,11.220980644226074,12.42450712020056,11.18966225414977,11.632595599576335,841000
2020-03-17,13.03298282623291,13.046405361251471,9.735589339247268,11.21203405679871,1256600
2020-03-18,12.921127319335938,13.08666845821833,11.713127665979153,12.317127919338557,1009600
2020-03-19,13.896472930908203,14.14702167717406,12.0871580665415,12.648206789212704,906000
2020-03-20,12.035261154174805,14.294669461377108,11.905513427506504,13.833839445445854,993600
2020-03-23,11.35520076751709,12.124742131870253,11.100178656162656,12.124742131870253,618400
2020-03-24,12.2321195602417,12.34844559782849,11.614696811001188,12.03526004637467,666000
2020-03-25,11.695232391357422,12.364107014477456,11.605751398673602,12.308181074039268,548000
2020-03-26,12.777956008911133,12.903230396982735,11.643778237953688,11.84734858521882,490000
2020-03-27,12.37081527709961,12.791378500522171,11.968148760502748,12.500563841500105,554600
2020-03-30,12.648207664489746,12.697421899221869,11.977096550604909,12.536355812175607,484800
2020-03-31,13.19969654083252,13.258222279814984,12.402852435689525,12.542413284846186,999600
2020-04-01,12.326322555541992,12.86205414333108,12.168755199143163,12.65046307996859,555400
2020-04-02,12.85754680633545,13.051130460184222,12.200263650983867,12.200263650983867,883600
2020-04-03,12.191262245178224,12.790020661044146,11.849114456300908,12.587432872012338,380600
2020-04-06,13.132168769836426,13.235713260674023,12.573927898177466,12.817032392260415,798600
2020-04-07,13.114163398742676,13.92226243682912,12.83054128499777,13.5058329315766,659400
2020-04-08,13.730927467346191,13.94702054599558,13.123164932301911,13.474316829115343,670600
2020-04-09,14.81589412689209,14.865415773942187,13.724173308883383,13.956023095204344,528000
2020-04-13,13.55084991455078,15.0770093233068,13.514834401408674,14.959957832247994,459400
2020-04-14,13.289735794067385,14.280162727829955,13.089399470187038,13.996540699806904,443000
2020-04-15,12.573927879333496,12.911573629654256,12.317317246478128,12.78101686069834,493200
2020-04-16,12.042695999145508,12.821531833381508,11.705050316926474,12.564921252283424,594400
2020-04-17,13.280733108520508,13.400034334549042,12.353782950110622,12.641457107593776,613400
2020-04-20,13.037627220153809,13.523837914750278,12.618947219824951,12.91607540518222,368200
2020-04-21,13.640888214111328,13.79395435902923,12.19576478898813,12.393850539824983,680400
2020-04-22,13.757939338684082,14.097836559799784,13.63188546801026,13.956025096614136,466200
2020-04-23,13.766942977905272,14.136102201865684,13.703916044646933,13.78495116379484,311200
2020-04-24,14.298172950744627,14.45123824288401,13.69041039410988,13.843476544926858,399400
2020-04-27,15.108521461486816,15.284096965281629,14.509762212796836,14.532271584527326,457800
2020-04-28,15.554211616516112,15.862595308355496,15.36062794388042,15.567718612357917,523800
2020-04-29,16.391576766967773,16.720218447455682,15.851343185298589,16.06743627449522,648400
2020-04-30,15.99090576171875,16.270025817021807,15.405653368074768,15.99090576171875,529600
2020-05-01,14.986968994140623,15.58347679844423,14.716851377690215,15.459672676235083,397600
2020-05-04,15.140039443969728,15.207567579315173,14.419727312129838,14.8204000875215,412000
2020-05-05,14.72585678100586,15.531705079926716,14.581794726348576,15.392144213134593,348400
2020-05-06,14.572790145874023,14.865417150621957,14.343191790616412,14.779880845203454,448000
2020-05-07,14.482749938964844,15.040991631700384,14.343190803797194,14.878921407443132,386600
2020-05-08,15.185052871704102,15.212065146775675,14.82039488633487,14.860912440264784,296400
2020-05-11,14.536776542663574,14.878923506419618,14.329686687045326,14.878923506419618,321200
2020-05-12,13.94701862335205,14.662827599044345,13.892995790475716,14.5907965827576,486600
2020-05-13,13.388779640197754,13.938016428812622,13.228960854725228,13.811962562491786,427600
2020-05-14,13.577862739562988,13.618380303374678,12.5964388315512,13.046633221745402,374200
2020-05-15,13.744431495666504,13.820964556600966,13.357264145212469,13.456306576378124,325600
2020-05-18,14.743864059448242,14.95545594054203,14.284665644491218,14.419723597747977,527600
2020-05-19,14.046063423156738,14.725856105030935,14.037059330484588,14.649323893350266,307000
2020-05-20,14.698846817016602,14.82490069063049,14.257655683335152,14.31167938536797,489800
2020-05-21,14.712352752685549,14.883427101164765,14.608808249419395,14.608808249419395,264800
2020-05-22,14.622309684753418,14.820394545322417,14.487251747212971,14.820394545322417,303800
2020-05-26,15.78381633758545,15.936882502816308,15.338123124386511,15.338123124386511,374000
2020-05-27,17.008344650268555,17.107387972293463,16.211500320213286,16.450104530786437,625400
2020-05-28,16.031415939331055,17.273951191394268,15.81982411310416,17.215427181150126,501200
2020-05-29,15.702776908874512,15.923371143535576,15.53620378939833,15.81532547845604,450800
2020-06-01,15.644250869750977,16.125958600870028,15.513694119392207,15.842335730141803,382400
2020-06-02,15.594734191894531,15.927878813158411,15.482185588641997,15.828835492742453,282800
2020-06-03,16.37806510925293,16.684197295770147,15.549707731151262,16.0359165632139,375000
2020-06-04,16.630172729492188,16.742721276783335,16.094442262633965,16.18448144393779,283800
2020-06-05,17.400012969970703,17.75116402664633,17.084876569627212,17.33248312798452,592200
2020-06-08,17.436023712158203,17.78267350298247,17.138895565359526,17.764665320181376,491600
2020-06-09,17.098386764526367,17.35049630071916,16.94982347376248,16.94982347376248,423800
2020-06-10,16.324047088623047,17.035355017033254,16.27902833859807,17.035355017033254,382800
2020-06-11,14.97346019744873,15.918869165368468,14.923940271871638,15.47767900061451,407600
2020-06-12,15.4641752243042,15.77481042468544,15.108522993252937,15.707280585292525,514800
2020-06-15,15.801823616027832,16.035924922895227,14.83885776931598,14.847411916764951,325600
2020-06-16,16.270023345947266,16.567151544814706,15.819829001156892,16.567151544814706,370200
2020-06-17,15.68026638031006,16.31504019717233,15.617237743421494,16.31504019717233,265000
2020-06-18,15.963889122009276,16.107951157518116,15.491185460661224,15.491185460661224,263200
2020-06-19,15.842337608337402,16.585158928239515,15.64875391205637,16.585158928239515,889200
2020-06-22,15.995404243469238,16.044925895314236,15.495688254640765,15.64875439790935,281400
2020-06-23,15.85134220123291,16.418588027844745,15.83333401557902,16.26552188449688,213000
2020-06-24,15.25258445739746,15.729789350472329,15.11302359615297,15.590230206582923,453200
2020-06-25,15.711785316467283,15.756804069724357,15.167048784866743,15.171551690605666,379000
2020-06-26,14.860913276672363,15.401146787025224,14.842906809632758,15.396645599604067,1089400
2020-06-29,15.54970932006836,15.612736238317268,15.040989352644743,15.153537911619146,445800
2020-06-30,16.18092918395996,16.31215078624415,15.443376852708214,15.443376852708214,579600
2020-07-01,15.162837028503418,16.244282295595774,15.11758902366473,16.203558400800656,452600
2020-07-02,15.244281768798828,15.846090124158698,15.180933884255769,15.65604474442912,252200
2020-07-06,15.380034446716309,15.751073662071306,15.18998900225832,15.592702170672815,199600
2020-07-07,14.895865440368652,15.185458458096448,14.837043395950731,15.185458458096448,295600
2020-07-08,14.868719100952148,15.085912595460158,14.646999771043715,14.87776904565254,290600
2020-07-09,14.402660369873049,14.8777722111282,14.330262522966615,14.81442431084768,355800
2020-07-10,14.981844902038574,15.212612513414626,14.518045034868846,14.6379538141398,377400
2020-07-13,15.12663745880127,15.48410253006102,14.895868169314362,15.24428329529026,275000
2020-07-14,14.97731590270996,15.82799176955656,14.828448359604549,15.045189629070808,351800
2020-07-15,15.78726577758789,15.91848737716557,15.38455276090496,15.42075253710584,332600
2020-07-16,15.827995300292969,16.03613890928247,15.561027897075665,15.579127791622826,363400
2020-07-17,15.75559425354004,16.02256160262601,15.656046579816271,15.760120089309629,498200
2020-07-20,15.850616455078123,15.900390293081728,15.583649099868415,15.651522829164351,400600
2020-07-21,16.882287979125977,17.33929901892625,16.203557584148903,16.203557584148903,521400
2020-07-22,16.751062393188477,16.972779969823762,16.542918868889977,16.846084211746454,363600
2020-07-23,16.96373176574707,17.085901689075225,16.719388466890265,16.719388466890265,511800
2020-07-24,16.84156608581543,17.081383634826278,16.72844433988943,16.990885892865304,435400
2020-07-27,16.59269142150879,16.82572359160672,16.46373274249552,16.755586958388772,343000
2020-07-28,16.574596405029297,16.72844202726429,16.076859756104025,16.456948838913974,291600
2020-07-29,17.162824630737305,17.194498568960533,16.59269029051883,16.651514058404903,497800
2020-07-30,16.886810302734375,17.11757957923326,16.547445141142283,16.814412470638747,277800
2020-07-31,16.556493759155273,16.864184952429845,16.185454683635996,16.8234610672582,328600
2020-08-03,16.434326171875,16.787265446664033,16.384552330332802,16.692243599774795,238200
2020-08-04,16.334775924682617,16.452423481878725,16.113058316744592,16.3845497584117,290000
2020-08-05,16.665096282958984,16.71939423718894,16.35966619092597,16.547448701676426,284800
2020-08-06,16.64020538330078,16.717127322897287,16.48409686034261,16.615318467290045,188000
2020-08-07,17.230701446533203,17.244275500760356,16.438849396073415,16.55197111756767,342600
2020-08-10,17.565534591674805,17.74200413890448,17.16282168110455,17.27594336277484,412000
2020-08-11,17.751060485839844,18.00445376561136,17.511242986515352,17.565540930001927,392600
2020-08-12,17.5021915435791,18.03160033098745,17.266898173808606,17.855130735184666,265800
2020-08-13,17.153779983520508,17.42527145956766,17.099482033531217,17.393597511565517,247800
2020-08-14,17.42074203491211,17.50671390667535,17.013503218980585,17.018029053657703,260800
2020-08-17,17.29404640197754,17.429792099533213,17.01350333744893,17.34382022717133,190400
2020-08-18,16.84156608581543,17.35740097106186,16.79179224143185,17.35740097106186,184400
2020-08-19,17.113052368164062,17.262373855789612,16.893595971799424,16.93658277449775,275400
2020-08-20,16.760112762451172,16.92753240789118,16.719388878306276,16.85965869228292,200400
2020-08-21,16.617582321166992,16.827988819085014,16.477312473288784,16.796314871106016,254600
2020-08-24,17.063282012939453,17.104005906392082,16.56102123572394,16.84608848989233,282400
2020-08-25,17.239749908447266,17.334773467679096,17.024819325016825,17.27142385282437,138000
2020-08-26,16.932058334350586,17.30762327579141,16.88228622714199,17.30762327579141,141400
2020-08-27,17.022554397583008,17.356036976940327,16.95468240740232,16.963732351313137,301600
2020-08-28,16.782737731933594,17.144726875263306,16.615318076787425,17.144726875263306,206400
2020-08-31,16.583646774291992,16.764640511715925,16.583646774291992,16.678668615897106,403800
2020-09-01,16.723915100097656,16.728440935630164,16.33477609712636,16.488621709321976,347000
2020-09-02,16.809892654418945,16.90943862016091,16.389079608484302,16.728444856747664,175200
2020-09-03,16.923009872436523,17.253325085166967,16.574594770381015,16.800838208643,366400
2020-09-04,17.475038528442383,17.601735997459443,17.11757529291221,17.37096677874625,398200
2020-09-08,16.606266021728516,17.339294159563348,16.352872790554667,17.27142044864709,316800
2020-09-09,16.39812660217285,16.832513627450126,16.289528982803233,16.71034195294703,280000
2020-09-10,16.131160736083984,16.551973744927967,16.08591100464332,16.54744790873352,356600
2020-09-11,16.022565841674805,16.14926165913329,15.868720180717618,16.14926165913329,256800
2020-09-14,16.470521926879883,16.54291975338066,16.171880676801635,16.180928894776436,266000
2020-09-15,16.16283416748047,16.55197321490547,16.1221102735383,16.55197321490547,131000
2020-09-16,16.10853385925293,16.334777322029517,16.054235911494725,16.1402078059536,287600
2020-09-17,15.855143547058104,16.04971307861367,15.728446024074923,15.92301555563049,279200
2020-09-18,15.760117530822754,16.03160894550398,15.62437009738182,16.03160894550398,1209400
2020-09-21,14.936591148376465,15.737493133058152,14.818945319068067,15.438851861320952,456400
2020-09-22,14.755596160888672,15.176409061098216,14.628900397763326,14.950165640602776,350600
2020-09-23,14.561027526855469,15.07369488510578,14.533877693423085,14.7782210160133,439200
2020-09-24,14.637948989868164,14.941116078655392,14.447905340321237,14.592700995052333,297400
2020-09-25,14.981844902038574,15.108540710158689,14.705827554833249,14.705827554833249,329200
2020-09-28,15.380034446716309,15.479580416574318,15.153790938519313,15.153790938519313,260000
2020-09-29,15.266910552978516,15.375506455076938,15.04519118653473,15.30310861164441,194800
2020-09-30,15.478410720825195,15.696736619357464,15.310118166037824,15.405635421314438,376200
2020-10-01,15.833189010620115,15.833189010620115,15.37379360432355,15.519344177480956,415000
2020-10-02,16.206165313720703,16.32897395593582,15.56028301782269,15.56028301782269,239600
2020-10-05,16.89753532409668,16.93255832528441,16.306233935502956,16.306233935502956,330600
2020-10-06,17.01123809814453,17.584343193769527,16.983946718314964,17.111303020653967,372200
2020-10-07,17.2886962890625,17.579799196522806,17.156792263217817,17.238664684831676,385600
2020-10-08,17.5161190032959,17.62528280865147,17.270503477670555,17.44334371142546,197000
2020-10-09,17.315990447998047,17.73444975161238,17.288699058055766,17.7071583616701,159200
2020-10-12,17.684417724609375,17.734451075689044,17.22684228950472,17.30689461017204,169400
2020-10-13,17.19772720336914,17.66167031320258,17.10675765995283,17.4933760505975,176000
2020-10-14,16.820205688476562,17.302343096522193,16.80201143116921,17.111306864994727,192000
2020-10-15,17.05672264099121,17.19317607509923,16.374453735351562,16.451776711809604,402800
2020-10-16,17.106760025024414,17.14314680636171,16.792915143602933,17.01579046903123,213000
2020-10-19,16.820205688476562,17.356924133344382,16.779269477084952,17.2159212418622,203600
2020-10-20,17.74809455871582,18.139262471940075,16.861144340258523,17.343281818086112,785200
2020-10-21,17.429698944091797,17.96641737407467,17.338729395177783,17.848158175056334,264600
2020-10-22,17.561607360839844,17.807224659546716,17.479734927937553,17.511574014610655,275000
2020-10-23,17.757192611694336,17.966421406587507,17.470639075583993,17.597995431588494,242000
2020-10-26,17.416057586669922,17.50247772104004,17.138601188034045,17.447896674864186,145400
2020-10-27,16.911170959472656,17.312799631580653,16.883879580419432,17.31143584342274,177000
2020-10-28,16.41994285583496,16.833852720790688,16.169777857912287,16.54730093858295,267600
2020-10-29,16.638269424438477,16.711044723395727,16.033323342087602,16.338069364252334,220200
2020-10-30,16.783817291259766,16.84294601915975,16.56548969481469,16.56548969481469,251200
2020-11-02,17.143150329589844,17.229572206339615,16.699676038743522,16.997599704127445,293400
2020-11-03,17.670772552490234,17.795855940038653,17.30234827480289,17.306895972940833,398400
2020-11-04,16.351713180541992,17.26140513233738,16.260743638342515,17.21591949368779,276200
2020-11-05,16.683752059936523,16.902077940114445,16.23800317101912,16.31532616114261,277200
2020-11-06,16.447233200073242,17.097663194394308,16.365360771760102,16.892982123611457,187000
2020-11-09,17.579801559448242,18.193843068986503,17.011243963542412,17.657124559643393,908200
2020-11-10,18.252965927124023,18.33938602099925,17.409227015136484,17.807217166173967,540400
2020-11-11,17.5843448638916,18.26206611234865,17.388760960952304,18.26206611234865,182200
2020-11-12,16.952110290527344,17.452440186520896,16.774720631676896,17.315986736258996,261000
2020-11-13,17.334184646606445,17.44334673578894,16.961210994216025,16.961210994216025,205800
2020-11-16,18.13015937805176,18.13015937805176,17.37056575884746,17.902736408904293,408600
2020-11-17,18.15744972229004,18.19383823160106,17.611635963421705,17.784476177350186,276600
2020-11-18,17.679866790771484,18.289360612443133,17.666221963490067,18.18929565387921,390600
2020-11-19,17.711700439453125,17.716249870550104,17.354646442721776,17.538860229958676,286800
2020-11-20,17.561607360839844,17.57980162039593,17.325087191911013,17.452443538603426,206000
2020-11-23,17.725351333618164,17.858166298506028,17.42060357425765,17.81631915661533,267200
2020-11-24,18.58045959472656,18.79878721558285,17.752639960571152,18.06648483111462,464400
2020-11-25,18.03009986877441,18.321201107144496,17.88909868243279,18.321201107144496,212200
2020-11-27,17.711700439453125,18.12561017919965,17.502471721581163,18.12561017919965,101600
2020-11-30,17.184083938598633,17.775385216619913,17.111308636932943,17.570704138466397,279200
2020-12-01,17.579801559448242,17.693513078629408,17.079469833991062,17.466090040267076,230800
2020-12-02,17.66621971130371,17.738995006027007,17.33873001749894,17.579799591038515,331000
2020-12-03,17.688962936401367,17.793577321638168,17.402409433735333,17.629832462971866,172600
2020-12-04,18.03009986877441,18.05284182769078,17.657126190225213,17.898194077919143,149000
2020-12-07,17.98461151123047,18.048289674516692,17.789027589651447,17.811769542953694,152400
2020-12-08,18.19384384155273,18.291635821605087,17.761739703295827,17.802675921343326,283200
2020-12-09,18.42126846313477,18.57591621840213,18.171103435964103,18.398526503410217,431800
2020-12-10,18.56681632995605,18.59410771863239,18.18474556398758,18.212036952663915,204800
2020-12-11,18.42126846313477,18.65323922848566,18.30755692941171,18.30755692941171,239000
2020-12-14,18.67597770690918,18.789689208871387,18.625944368429835,18.67142827517479,249600
2020-12-15,18.88975524902344,19.044402970087603,18.648687406079265,18.853368468531823,358000
2020-12-16,18.903400421142575,19.05804813084523,18.757849839669472,19.00801479313264,290400
2020-12-17,18.87156105041504,18.94433634003528,18.525877123394068,18.876108746910155,258200
2020-12-18,18.26206588745117,19.03075493098131,18.18019347629416,18.980721598040954,1153000
2020-12-21,18.15744972229004,18.40761638605425,17.966415253706046,18.166546849617795,263000
2020-12-22,18.111968994140625,18.380328224479825,17.93912701482896,18.19384141933563,240800
2020-12-23,18.39852523803711,18.494042503371126,18.180199316516426,18.2620717539742,380400
2020-12-24,18.321199417114254,18.42126610923596,18.15290685453692,18.42126610923596,138400
2020-12-28,18.46674919128418,18.639591178501917,18.339392850755324,18.421265279695305,311600
2020-12-29,18.18702507019043,18.594112615887894,18.10287790093436,18.594112615887894,219400
2020-12-30,18.303585052490234,18.59797708832489,18.175586771348783,18.262443059234418,149800
2020-12-31,18.417869567871094,18.51386697812926,18.166447031747357,18.408726708252864,184000
2021-01-04,18.34015464782715,18.71043258518032,18.038447280146723,18.39043949974422,266400
2021-01-05,18.728723526000977,18.97100325045344,18.3584454853847,18.3584454853847,318000
2021-01-06,20.401824951171875,20.79952975715944,19.199565929685637,19.199565929685637,731000
2021-01-07,20.44297409057617,20.950391646446803,20.223550612544532,20.223550612544532,496800
2021-01-08,19.697837829589844,20.402279119946595,19.386987616361896,20.39267938010984,435600
2021-01-11,19.748123168945312,19.857833985850448,19.254419261406237,19.400701513161074,261600
2021-01-12,19.8944091796875,20.12754601752789,19.862410040058865,19.89897973799631,208800
2021-01-13,19.642986297607425,19.816695411639778,19.26356544279625,19.816695411639778,260000
2021-01-14,19.962984085083008,20.16412358825425,19.64299259153395,19.844130350882335,259600
2021-01-15,19.19499969482422,19.78241504831237,19.14014252426113,19.55156258437144,330200
2021-01-19,19.423561096191406,19.6909831957351,19.14928054419453,19.386989658396303,353000
2021-01-20,19.487564086914062,19.54241951306639,19.140142319030023,19.236141494574795,269200
2021-01-21,19.30013656616211,19.55155911660364,19.094426572592766,19.47384567733421,291600
2021-01-22,19.7618408203125,19.784697100080955,19.071571405899856,19.071571405899856,281400
2021-01-25,19.59726905822754,19.63384049390265,18.35844044779664,19.55155650745568,229000
2021-01-26,19.985837936401367,20.561824248185264,19.62013045939684,19.885268205842877,426800
2021-01-27,19.06700134277344,20.104692609287728,18.978774383560403,19.537849131644705,399200
2021-01-28,18.97557258605957,19.47384716689756,18.776721030250847,19.18128259536377,373200
2021-01-29,18.779008865356445,19.391564902045094,18.737866859806346,18.78129327290405,448400
2021-02-01,19.3229923248291,19.44184601579309,18.632721225399816,18.760719520078972,245800
2021-02-02,19.47842025756836,19.55613196210491,19.094428805933564,19.35956480568338,403000
2021-02-03,19.492128372192383,19.537842665791405,19.04870931530284,19.418987246255945,175600
2021-02-04,20.031553268432617,20.090981003234976,19.42813828930588,19.661275181495547,256800
2021-02-05,20.09097671508789,20.22811613674201,19.798412150539807,20.113832994726515,222000
2021-02-08,20.520681381225582,20.584679663863213,20.058978239466693,20.29211508962125,364200
2021-02-09,20.75838661193848,20.817814324798395,20.31039697428989,20.351538968758742,324800
2021-02-10,20.89095687866211,21.11038028284657,20.735531749387007,20.9092425982997,274800
2021-02-11,20.836101531982425,21.18352148712628,20.54810755012253,21.01895349749206,228400
2021-02-12,20.78124237060547,21.092092600225698,20.57553240338296,20.726386960620147,163400
2021-02-16,21.04181289672852,21.19723804957104,20.82833240624691,21.02352891814069,188400
2021-02-17,20.95952796936035,21.183523699494454,20.76753312395031,20.886386826753327,243800
2021-02-18,20.90009880065918,21.000666766508864,20.6303905514847,20.785815673785624,240200
2021-02-19,21.48065757751465,21.489798693221527,20.904669633940973,20.954954489439547,406600
2021-02-22,21.96979331970215,22.129789031706537,21.311521261575585,21.311521261575585,227600
2021-02-23,22.733203887939453,22.815487895080395,21.91493611905036,22.010935289929773,625000
2021-02-24,23.290904998779297,23.43261498070166,22.72863214190416,22.80634384246515,1115000
2021-02-25,23.085193634033203,23.537755623051492,22.89548320842429,23.514897600633248,567000
2021-02-26,22.65549087524414,23.31376115054222,22.522922010968788,22.948055442043287,514200
2021-03-01,23.41889953613281,23.54232552972206,23.03033757928765,23.181190408904136,394800
2021-03-02,23.22233772277832,23.46461920735561,22.966344560870787,23.46461920735561,223200
2021-03-03,23.825746536254883,24.13202623249813,23.31375860036032,23.496612306519467,380000
2021-03-04,23.784610748291016,24.3788845765263,23.633757883579964,23.95375108097836,564600
2021-03-05,24.90000915527344,25.069147700984917,24.07716921652098,24.214310368861184,632800
2021-03-08,25.53999900817871,25.786851041660903,25.04172438229319,25.24743441019502,638800
2021-03-09,25.48513984680176,25.63462203827641,24.749156156967757,25.47142642822572,517200
2021-03-10,26.03369903564453,26.14340987095394,25.160575936092048,25.503425348122956,761000
2021-03-11,26.227983474731445,26.33998047580858,25.745708432117294,25.942275593743087,578400
2021-03-12,27.07596015930176,27.10795929762477,26.445116765263958,26.527400762043765,343400
2021-03-15,27.112533569335938,27.203958689002565,26.49997585092868,27.162816687623632,403200
2021-03-16,27.5925235748291,27.647378997683703,26.746827232026977,26.861110380203822,695000
2021-03-17,28.150222778320312,28.41535874593913,27.50109366177916,27.72965993281915,695800
2021-03-18,28.090797424316406,29.17420115197873,27.880516855775134,28.273649410247877,890800
2021-03-19,28.3787899017334,28.817636736793855,27.37812536990813,27.821087625621782,1438400
2021-03-22,27.853084564208984,28.30107422424639,27.19938492154671,28.063365104749,471800
2021-03-23,27.245105743408203,27.779951860529845,27.10339573534919,27.505671219193232,718400
2021-03-24,27.51938247680664,28.314792212937054,27.455384192729763,27.58338076088352,561200
2021-03-25,28.310222625732425,28.406220055141837,26.82454164591268,27.51024055967564,610400
2021-03-26,29.288480758666992,29.32962449952217,28.451929144092645,28.73535082152974,322200
2021-03-29,28.43364906311035,29.247344561542697,28.365078473183395,28.840496812326524,626000
2021-03-30,28.515928268432617,28.89306296183692,28.383359413617637,28.607355124988548,316600
2021-03-31,28.12611961364746,29.011221692963424,28.029811665091763,28.50675915041881,473600
2021-04-01,28.26369857788086,28.34166023490812,27.649170592310977,28.00688031171852,293600
2021-04-05,28.222421646118164,28.903447202611293,27.983947938662013,28.48841040672966,335800
2021-04-06,28.300386428833008,28.55949820427061,27.983951036498965,28.24535456699912,246800
2021-04-07,27.731719970703125,28.4654839651164,27.69044563667792,28.016053299859347,233000
2021-04-08,27.7775821685791,27.92662848594557,27.254775054865423,27.66293142436359,282600
2021-04-09,28.02980613708496,28.130240974529364,27.768402648483367,28.02522087826347,190400
2021-04-12,28.098602294921875,28.341661292881614,27.905988150752147,28.04357043205826,175600
2021-04-13,27.41069602966309,28.41962277746483,27.41069602966309,28.16280451910927,232000
2021-04-14,27.76382064819336,28.02063715868395,27.034641949820923,27.36942186487564,227200
2021-04-15,27.791336059570312,27.860127196865957,27.20432488585765,27.83261039206144,165200
2021-04-16,28.83237075805664,28.85988756846081,28.181155323376093,28.31873587653365,494200
2021-04-19,27.97936248779297,28.94976675341941,27.97936248779297,28.76357478556918,537400
2021-04-20,28.21784019470215,29.323073282833025,27.8417858991178,29.13504613504085,538000
2021-04-21,28.49758529663086,28.593891490399034,27.364835519335312,27.68127265518977,461000
2021-04-22,28.14445686340332,28.694780642064064,28.09401026919002,28.60305972071543,402600
2021-04-23,29.190074920654297,29.735809985620303,27.800506961374587,28.227007793008895,479800
2021-04-26,29.3826904296875,30.00593236129837,29.231352368141916,29.501928174596284,403000
2021-04-27,29.208419799804688,29.488169614700947,28.93325874329272,29.26345341065215,337800
2021-04-28,29.520267486572266,29.703705832282797,29.02038854758323,29.19007286611385,368000
2021-04-29,29.82752799987793,30.446641110576337,29.72204781118739,29.900902632081117,313800
2021-04-30,29.002050399780277,29.93301204924311,28.79109171996237,29.231351867443387,943200
2021-05-03,29.933008193969727,29.951352728883588,29.1258679015024,29.39644366847285,588400
2021-05-04,30.281551361083984,30.359513020623226,29.442307146902124,29.77708883030993,307200
2021-05-05,30.46040153503418,30.861679042982328,30.093521341370337,30.341167308996088,278400
2021-05-06,30.671363830566406,30.69429537745765,29.63033668055264,30.497095970326583,322200
2021-05-07,30.630090713500977,30.703465364327137,30.070594568142617,30.331998103399567,210000
2021-05-10,30.299888610839844,31.051996966488677,30.299888610839844,30.813525036176905,520800
2021-05-11,30.428300857543945,30.730980442466283,29.9696979704706,29.9696979704706,333800
2021-05-12,29.556961059570312,30.72915018027542,29.488173410734237,30.313656686535182,357400
2021-05-13,30.799776077270508,30.937354864184844,29.465239801365385,29.47441032094786,297400
2021-05-14,31.107032775878903,31.120790301835463,30.62549837422643,30.882314855714608,390000
2021-05-17,31.07493782043457,31.248288985072804,30.50168411543249,30.90984047348493,186000
2021-05-18,30.96944808959961,31.36843380535741,30.70575286581525,31.070341270517343,1014600
2021-05-19,30.9144229888916,31.03365722301808,30.29072276860529,30.62091391564295,381400
2021-05-20,31.13455390930176,31.152898447114456,30.51727403241261,30.73556808431692,326400
2021-05-21,31.49684333801269,31.63900909943972,30.964862361678502,31.31798850948772,267600
2021-05-24,31.373029708862305,31.62067222459885,30.708053327383475,31.579399638263716,262200
2021-05-25,30.919008255004883,31.76742296349777,30.919008255004883,31.51060644603725,565000
2021-05-26,31.148311614990234,31.31799596657505,30.804359401488497,30.80894641068345,339800
2021-05-27,31.70321273803711,31.891241579924344,31.40970720341574,31.40970720341574,315800
2021-05-28,31.85455322265625,31.85455322265625,31.171235962669403,31.808693637887167,158600
2021-06-01,32.060935974121094,32.36361212116174,31.522076073699974,32.03800442560243,412600
2021-06-02,31.69864273071289,32.25813548892987,31.262967752379105,32.17100329235387,1039200
2021-06-03,31.84539031982422,31.90959445362524,31.34551127938722,31.6160888422883,457200
2021-06-04,32.08844757080078,32.230613359459774,31.6940487711055,31.895835179934533,267400
2021-06-07,32.4874267578125,32.528702836952064,32.08844448635005,32.097615004568645,299200
2021-06-08,32.817623138427734,32.93227386599224,32.07239340925845,32.285645581936954,268600
2021-06-09,32.019657135009766,32.780939694962896,31.99672558846168,32.780939694962896,251000
2021-06-10,31.863731384277344,32.36360687135772,31.76283818534232,32.36360687135772,306000
2021-06-11,32.16181945800781,32.37277636781915,31.95544955678392,32.01048316324607,166800
2021-06-14,31.666528701782227,32.28105485122048,31.437227273091157,32.207680213447645,335400
2021-06-15,32.221439361572266,32.40029420504696,31.51060349729733,31.84538513954056,178800
2021-06-16,32.537879943847656,32.725908844595665,31.799528868126597,32.14806811166982,282400
2021-06-17,30.97862434387207,32.652521970345575,30.87314414741944,32.652521970345575,327400
2021-06-18,29.749570846557617,30.70346220223477,29.61657558809045,30.37785456896512,1568400
2021-06-21,30.89608192443848,31.31799579766464,30.111871301747616,30.217348020622744,333000
2021-06-22,31.262958526611328,31.42576409390968,30.350339744828627,30.694291916234725,293800
2021-06-23,31.26755142211914,31.57481458003134,31.0038561072724,31.267551422119137,267600
2021-06-24,31.593156814575195,31.72156508022464,31.116209328689543,31.400544416101035,194400
2021-06-25,31.64360618591309,32.097622164551034,31.198760727539398,31.55188698781801,979000
2021-06-28,31.39136505126953,31.547291846474486,30.97862526736833,31.428054120595668,340000
2021-06-29,31.285888671875,31.661942889174785,31.18728723440605,31.629840827900253,277000
2021-06-30,31.26749992370605,31.74584632542767,31.01452523218419,31.16631004709731,303400
2021-07-01,31.25368309020996,31.56185306563861,31.147896277797248,31.382472375765555,217600
2021-07-02,30.70635986328125,31.244502218964573,30.687961384135956,31.23530473396747,214200
2021-07-06,29.873838424682617,30.60976338327841,29.59786831978433,30.605162887270858,356200
2021-07-07,29.90603828430176,30.33839372034329,29.60247218708692,29.60247218708692,304200
2021-07-08,29.76345443725586,30.067024043244743,29.10572380009728,29.239110126139305,279200
2021-07-09,30.93634033203125,30.97313378681193,30.37519891409432,30.37519891409432,193200
2021-07-12,31.09271240234375,31.198502763144536,30.375189376714054,30.60976556168935,121800
2021-07-13,30.559171676635746,31.22609979288632,30.35679194076908,30.982326116038188,171600
2021-07-14,30.591367721557617,31.06511708854286,30.45108240820417,30.720153548409847,451800
2021-07-15,30.97772979736328,31.299697921405333,30.200414224511995,30.21421220670002,217000
2021-07-16,30.605159759521484,31.212295331910507,30.516848492783097,31.212295331910507,270600
2021-07-19,30.14060401916504,30.53616236397972,29.89683042485704,30.273990299081564,591800
2021-07-20,31.43307113647461,32.2103899806093,30.218799947392625,30.45797659596486,596800
2021-07-21,31.681446075439453,32.155198888963184,31.45147041241148,31.93902120425287,231200
2021-07-22,31.322689056396484,31.561865745078517,31.00992196983965,31.561865745078517,213400
2021-07-23,31.71364021301269,31.741239676783565,31.318081820745704,31.548057466986982,156200
2021-07-26,31.980419158935547,32.08160902485078,31.78263992350593,31.95742369523245,141000
2021-07-27,32.27019119262695,32.31848412343141,31.690651458919177,31.690651458919177,323400
2021-07-28,32.58755111694336,32.91411614102994,31.920623090296846,32.467962788257374,198600
2021-07-29,32.8773193359375,33.35106859716056,32.507058411820964,33.01990311109983,212600
2021-07-30,32.6933479309082,33.25448922743465,32.50476616342108,32.960120597970096,218400
2021-08-02,32.52775573730469,33.41086137047091,32.23798417922056,32.90031515867016,312200
2021-08-03,32.96011734008789,32.9785123071042,32.210394350179314,32.564558875377365,377800
2021-08-04,32.697940826416016,32.99231292819096,32.550756530103754,32.57375550199491,220400
2021-08-05,32.96930694580078,33.08889525773508,32.685055294296504,32.932510002259505,196400
2021-08-06,34.211177825927734,34.26177275172312,33.05210204668355,33.59944523893362,297800
2021-08-09,33.76042556762695,34.113667121519846,33.70062965375259,34.0087996866477,246200
2021-08-10,33.806427001953125,34.146790046349395,33.47066094484624,33.760432565005075,353400
2021-08-11,34.142189025878906,34.160583991164664,33.51205443576094,33.709833649509626,187200
2021-08-12,33.88461685180664,34.0777955865276,33.8064259604887,34.03640164729475,180200
2021-08-13,33.594852447509766,33.82942865643387,33.392472697916354,33.82942865643387,124400
2021-08-16,33.55805587768555,33.696042710206044,33.12570041099551,33.36487711947758,205600
2021-08-17,33.12569808959961,33.447666173200794,32.74532019300956,33.30048186643047,214200
2021-08-18,32.56455612182617,33.291276568638985,32.546157647215054,32.9325150865978,235400
2021-08-19,32.42197036743164,32.51396274487532,31.97581698699334,32.178196708219055,255400
2021-08-20,32.79453659057617,32.93712040324322,32.109206470319975,32.426574062799006,587800
2021-08-23,33.04750061035156,33.23608233006706,32.63354373342117,32.85892239978604,226400
2021-08-24,33.25907897949219,33.41086375798746,32.87502004662089,33.11189469678013,223800
2021-08-25,33.6822395324707,34.07319748542935,33.18549122301365,33.24988413248212,183800
2021-08-26,33.04750061035156,33.682235658028155,32.98770820390883,33.60864176472943,292800
2021-08-27,34.05939483642578,34.14678319635139,33.20848213240611,33.20848213240611,377400
2021-08-30,33.37406539916992,34.21577712526116,33.33267146632115,34.21577712526116,161000
2021-08-31,33.769630432128906,33.81102788225757,33.116500296259936,33.35567347659553,218800
2021-09-01,33.58564758300781,33.94441260025168,33.190092632170575,33.70983641836351,120000
2021-09-02,33.48446273803711,33.751231878416945,33.41086883093189,33.69603995723867,213600
2021-09-03,33.64543914794922,33.84781533884672,33.12569191994536,33.46145792146511,164400
2021-09-07,33.792633056640625,34.42046579336398,33.66844420198703,33.66844420198703,223200
2021-09-08,33.6822395324707,33.86714017513026,33.2986402678584,33.613246126854385,238400
2021-09-09,33.608646392822266,34.139429963848684,33.23148641060426,33.70063526296306,213600
2021-09-10,33.24528884887695,33.857025093892126,33.23609136428954,33.857025093892126,256800
2021-09-13,33.47986602783203,33.68684277395909,33.09350499013688,33.56265742811306,257400
2021-09-14,32.65654373168945,33.57414787871194,32.61974678388026,33.4752565201185,329800
2021-09-15,33.5810432434082,33.7052285424234,32.68873665566668,32.68873665566668,304200
2021-09-16,33.544246673583984,33.78341979289655,33.148688295792255,33.76502482992229,219200
2021-09-17,34.114593505859375,34.12379449871677,33.36487400890914,33.73283301274122,1282200
2021-09-20,33.05210494995117,33.57415072515958,32.638148024877324,33.42466442794244,404800
2021-09-21,33.21308517456055,33.48445828447912,32.91871660359305,33.26828059754826,159800
2021-09-22,33.90761947631836,34.2709815217075,33.36947715342532,33.61784783387528,173800
2021-09-23,35.14028549194336,35.3426617092243,34.22038274874668,34.22038274874668,149200
2021-09-24,35.43925094604492,35.57723423786459,35.14028188337713,35.14028188337713,182000
2021-09-27,36.76391220092773,37.02608433473312,35.67842671485446,35.67842671485446,249000
2021-09-28,36.359153747558594,36.96168886208162,36.23496492433392,36.92029141795668,268800
2021-09-29,36.57073211669922,36.86831858507383,36.2671625471539,36.58453009546941,264600
2021-09-30,35.87446212768555,37.05490598193118,35.83757237774032,36.87507284844845,247000
2021-10-01,36.709075927734375,37.07335432704018,35.86847081272644,36.15113160008893,445800
2021-10-04,36.28945541381836,37.24672426446626,36.2018466650672,36.52923524345262,426800
2021-10-05,35.74534225463867,36.55228693542399,35.61623166859296,36.55228693542399,302000
2021-10-06,34.93839263916016,35.390283144494816,34.35278298716435,35.390283144494816,307600
2021-10-07,35.10440826416016,35.4594659985725,34.92457510652297,35.26580006234794,277200
2021-10-08,35.012168884277344,35.431778190920035,34.82772372529206,35.08594483707218,109000
2021-10-11,34.58796310424805,35.37185098651134,34.58796310424805,35.16896086818421,103000
2021-10-12,34.242122650146484,34.54184566834808,33.730288877617525,34.518788698486546,183000
2021-10-13,34.77701950073242,34.813909255522006,33.56890993437909,34.18679749610169,279400
2021-10-14,35.012168884277344,35.29344696018017,34.85078068941477,35.132058765317595,147800
2021-10-15,34.77701950073242,35.477910769731906,34.77241091988421,35.477910769731906,228800
2021-10-18,35.41794967651367,35.51478260506952,34.500339385723166,34.500339385723166,158800
2021-10-19,36.639892578125,37.29928168172449,35.89750332449204,35.989727667862,322600
2021-10-20,36.865840911865234,37.16556391074207,36.44161943056234,36.718285461064255,168000
2021-10-21,36.39090347290039,36.8197371287625,36.0727390635834,36.8197371287625,336400
2021-10-22,36.45545196533203,36.76439915673271,36.227204162714415,36.478508933555766,222600
2021-10-25,36.87507247924805,36.88890525583896,36.34940586079235,36.58457009883822,242800
2021-10-26,36.83356475830078,37.13513120109797,36.56612291152012,36.83356475830078,225800
2021-10-27,36.2341194152832,36.870451613144624,35.68539595433067,36.52461820861138,205600
2021-10-28,37.12867736816406,37.24856728164639,36.533846934424254,36.58456593682089,212800
2021-10-29,37.03184127807617,37.69123046919443,37.02262060151484,37.12867421296774,254000
2021-11-01,37.29928588867188,37.73734013559014,36.93961970396014,37.25778756797408,340400
2021-11-02,37.5990104675293,37.72350895287232,36.93086144292271,37.20245452458556,203000
2021-11-03,38.91779327392578,39.09301429626954,37.52984731688721,37.52984731688721,236600
2021-11-04,38.67801284790039,38.95007033209443,38.2501044513238,38.95007033209443,179800
2021-11-05,39.56795120239258,39.84922931765344,38.71950827753963,38.7333410507493,246600
2021-11-08,39.47572708129883,40.20428356565804,38.7384107794362,39.655560154045865,237600
2021-11-09,38.75638961791992,39.378888903427566,38.47049946755411,39.1391091597663,223400
2021-11-10,39.02383804321289,39.19675473636112,38.8486170606357,38.92700511720978,170200
2021-11-11,39.34662628173828,39.604847472220605,39.04690324678565,39.18984661751696,106400
2021-11-12,39.15296173095703,39.65095925567184,39.00771054733188,39.48495890810024,212200
2021-11-15,39.05611801147461,39.43884115942491,38.80712105434964,39.43884115942491,167200
2021-11-16,38.86245727539063,39.42685701960544,38.71490180970048,39.12067846084843,188400
2021-11-17,38.62728500366211,38.8255629671967,38.26761881818062,38.65034197165426,180800
2021-11-18,38.4751205444336,38.90395411108078,38.32756509773776,38.68723127918391,260400
2021-11-19,37.92639923095703,38.1569548493823,37.50217773737442,37.90795435932306,287200
2021-11-22,38.47051239013672,39.1944569243728,38.24917743840862,38.44745542004014,244200
2021-11-23,39.23134231567383,39.42500817819425,38.67339817765112,38.6872309509741,225800
2021-11-24,39.32356262207031,39.3973421028018,38.89472906481653,39.1760071786066,166800
2021-11-26,37.22550964355469,37.990952425104894,36.43239779708143,37.84800907533333,263600
2021-11-29,37.101016998291016,37.99096200132112,36.99035126470185,37.9402394738427,255400
2021-11-30,37.068729400634766,37.354619613536784,36.40934023832794,36.64450793736026,340800
2021-12-01,36.44161605834961,38.14772953823106,36.41856261010744,38.10622770259656,288000
2021-12-02,37.66818237304688,37.94484844320588,36.80129089708206,36.85662551831384,191400
2021-12-03,37.09180068969727,37.85724375437143,36.838188022425335,37.85724375437143,200800
2021-12-06,38.06011962890625,38.48434109704348,37.555202291960605,37.5575065815268,193600
2021-12-07,38.106231689453125,38.87628659769123,37.76962246230689,38.45667720859122,224600
2021-12-08,37.39151382446289,38.37829524819818,37.38229314633455,38.11084984847553,252800
2021-12-09,37.27622985839844,37.56442437493602,37.01524354975759,37.11945373004173,219200
2021-12-10,37.49756622314453,37.58517848526857,37.06181623826378,37.456067899822365,194400
2021-12-13,37.211673736572266,37.43300866824678,36.89350938966436,37.202453060168885,231000
2021-12-14,37.248573303222656,38.06013024276065,36.97190720415298,37.30852002865464,625400
2021-12-15,37.48834228515625,38.10530789394127,36.89350840995127,37.39611793357449,425000
2021-12-16,37.57134246826172,38.26393099041741,37.26700738483284,37.82495151978649,2176800
2021-12-17,37.76962661743164,37.99557015949591,36.88890238436499,37.50678981066316,1239400
2021-12-20,37.55290603637695,37.91257229361336,37.09179472853539,37.35001593516664,501800
2021-12-21,39.18061828613281,39.29589608336493,37.88028487407446,38.22150616884177,311600
2021-12-22,39.85383987426758,39.90917448296671,38.92746626494151,39.17600586919964,297000
2021-12-23,40.30112457275391,40.854456674054994,39.90456861022157,40.15817769081802,217200
2021-12-27,40.53167343139648,40.73686776580587,40.22733836391338,40.45328537510506,149000
2021-12-28,40.63311767578125,41.01122869547467,40.19045137355474,40.19045137355474,143600
2021-12-29,40.2319564819336,40.63773311464113,40.17662186556453,40.63773311464113,342800
2021-12-30,39.51534652709961,40.45850017096708,39.4459963201259,40.45850017096708,154600
2021-12-31,39.27030944824219,39.57082111201355,39.08537675163826,39.34890469792707,165400
2022-01-03,39.95456314086914,40.24583333761433,39.40439276524752,39.59857054487868,200200
2022-01-04,40.36603546142578,41.119635698990216,40.16723339920489,40.16723339920489,201400
2022-01-05,39.67715072631836,40.67578497446183,39.65865710757899,40.42612641242596,214200
2022-01-06,40.273563385009766,40.49547979210575,39.76037684356597,40.08863069423131,230600
2022-01-07,40.69428253173828,40.82835864672371,39.91756803867297,40.2227075129083,280400
2022-01-10,40.91619873046875,41.18897169556911,40.36140422639832,40.79137120160701,342000
2022-01-11,40.83761596679688,41.08265033975199,40.167235248308,40.84223672784615,218600
2022-01-12,40.62493896484375,41.140435934750585,40.26894288434276,40.96706218221125,231600
2022-01-13,40.91619873046875,41.30686808497472,40.59950385773081,40.82835491519359,195600
2022-01-14,40.92545318603516,41.05999139566146,40.3151776803329,40.38452789111007,202800
2022-01-18,39.60781097412109,41.06877549380668,39.48298342386094,40.64805349304853,337800
2022-01-19,38.67390823364258,39.98230308264195,38.59299906638817,39.5430874318724,245600
2022-01-20,37.9295539855957,39.21020654581796,37.84171015602123,38.59068603300305,241600
2022-01-21,38.28554153442383,39.16396913349524,37.927238649657006,38.10061237865936,312400
2022-01-24,39.14086151123047,39.47373616546339,37.85096032144659,37.85096032144659,488800
2022-01-25,39.23795700073242,39.95919083064194,38.341035474707375,39.55696237233923,488400
2022-01-26,38.86346054077149,39.9221967149772,38.15378579082789,39.74651257635328,346200
2022-01-27,38.42887115478516,39.52921529311716,38.00352487088467,38.87732829518026,297800
2022-01-28,38.83572006225586,39.6494218512037,37.77467355710645,38.60917934953613,290600
2022-01-31,39.23795700073242,39.30730369414776,38.49822601618048,38.53983755952843,468800
2022-02-01,38.91893768310547,39.11311542728393,38.2624299609986,39.07612818249818,277400
2022-02-02,38.97442626953125,39.06226658417273,38.36415071888692,38.835725837762695,345200
2022-02-03,38.687767028808594,39.48297503876498,38.64384512296955,38.88656903129769,2322000
2022-02-04,39.1732177734375,39.519965232024425,38.46122923519665,38.85420898280231,198400
2022-02-07,38.91431427001953,39.21482946788461,38.68314927586145,39.10849201856082,173600
2022-02-08,40.24583053588867,40.36141304342736,39.07382221634329,39.27955893867022,281000
2022-02-09,39.20096206665039,40.21346591975174,38.8912018057475,40.21346591975174,256200
2022-02-10,39.487606048583984,39.76962409672415,38.74787524443951,38.74787524443951,266400
2022-02-11,39.32578659057617,40.1302432876677,38.94390369566586,39.29804792077915,353800
2022-02-14,39.0992431640625,39.57544244129723,38.77561361466925,39.55694882028939,451200
2022-02-15,39.686405181884766,40.07013992529368,39.42287722513485,39.44599513586471,189400
2022-02-16,39.737266540527344,40.023912442465246,39.43675482870181,39.64017765292701,208200
2022-02-17,39.30267333984375,39.43674945988621,38.8588369738228,39.26106180665228,339600
2022-02-18,39.72801971435547,39.79274563652698,39.06226334082196,39.06226334082196,294600
2022-02-22,39.436744689941406,39.99153919853973,39.12605680219647,39.76037423207418,270800
2022-02-23,39.51534652709961,40.00310482884067,39.427502696446375,39.598566070008445,334000
2022-02-24,38.18846130371094,38.63692201515973,37.3886322950287,38.40113270276223,389600
2022-02-25,39.93144226074219,40.18572163730086,38.58606030500678,38.58606030500678,249600
2022-02-28,40.39839172363281,40.47236621232916,38.974418089205656,38.974418089205656,412200
2022-03-01,39.47835922241211,40.40301924125731,38.90044671063386,40.05164744645269,614800
2022-03-02,40.6064453125,40.893087659024346,39.91757106324434,39.91757106324434,282400
2022-03-03,41.138126373291016,41.32305555784175,40.68966569342948,40.76826094959336,559600
2022-03-04,40.46774291992188,40.64343057124638,39.96842569083832,40.218084305380096,629200
2022-03-07,39.99154281616211,40.329045249743054,39.73725991912867,40.14411255438217,573600
2022-03-08,39.37202835083008,40.574085763149775,38.928188403319794,40.315178539219055,406400
2022-03-09,40.282806396484375,40.78674786520541,39.64016806216212,40.45386974408648,226600
2022-03-10,40.57869720458984,40.60181511246487,39.66791018745249,39.66791018745249,274200
2022-03-11,40.666542053222656,41.3369225983293,40.46311574611476,40.65729700621666,313800
2022-03-14,41.37853240966797,41.42476470131419,40.85147652484597,41.10113513249287,369000
2022-03-15,41.54497146606445,42.13212897707958,40.77334333724054,41.59582804504581,471600
2022-03-16,42.60832977294922,42.7007943517868,41.65130339276261,42.00267514148106,439400
2022-03-17,42.41877365112305,42.58983700542885,41.66517708932808,42.21072658091944,253200
2022-03-18,42.44188690185547,42.64993394922546,41.65592394305236,42.64993394922546,857400
2022-03-21,42.32168960571289,42.94583441474192,41.87322893093485,42.64069844185357,295400
2022-03-22,43.62083435058594,43.86124792342598,42.65918711382167,42.78864247543442,459000
2022-03-23,41.70678329467773,43.29257512352687,41.679044627125634,43.23709426112517,297800
2022-03-24,42.1552619934082,42.19687001259584,41.452521737835646,42.025810119536864,189800
2022-03-25,43.20474243164063,43.26022330832848,42.11826750275021,42.11826750275021,345800
2022-03-28,43.79190826416016,43.88899716327616,42.950467611189374,43.53762529459531,491400
2022-03-29,44.046173095703125,44.56860820036492,43.47288494129581,44.13401691555903,434000
2022-03-30,44.069297790527344,44.466901893747625,43.73179532065964,44.39292739673076,461800
2022-03-31,44.16198348999024,45.07034162176955,44.05075690172712,44.06929171991307,451200
2022-04-01,44.24540328979492,44.491030287105616,43.85610493615146,44.491030287105616,456000
2022-04-04,43.03580474853516,44.22918257713999,42.90140433182721,44.13417837318519,396200
2022-04-05,42.52600860595703,43.578034483585256,42.36611840827695,43.04506833659472,420800
2022-04-06,41.65473175048828,42.51211393043465,41.57363041983789,42.36844255369326,480000
2022-04-07,39.17064666748047,41.742786009391786,38.975999240479,41.742786009391786,1055000
2022-04-08,38.72573471069336,39.91216463726816,38.697928947107,39.29114214247963,620400
2022-04-11,38.97599411010742,39.62018684502954,38.7257316501203,38.7257316501203,460400
2022-04-12,38.243751525878906,39.203089349533,38.10935463263851,38.813794481188665,435800
2022-04-13,38.14179611206055,38.35034643058373,37.64822254617116,38.007395682143205,357600
2022-04-14,38.51255035400391,38.53108870901883,37.82201342488889,38.13252291577212,417400
2022-04-18,38.892574310302734,39.05941595467057,38.01202197299013,38.43376155620587,631200
2022-04-19,40.45903396606445,40.92248221980709,39.207721559461575,39.28650691399873,618000
2022-04-20,40.8946647644043,41.23761894957418,40.75563243750711,40.8622235345454,314800
2022-04-21,39.58311462402344,41.18200958713634,39.39309915443337,41.18200958713634,533200
2022-04-22,39.059417724609375,39.80093421327341,39.0362474337374,39.42090679184375,337200
2022-04-25,39.30968475341797,39.42091135563699,38.243752246676685,38.711836020767066,369600
2022-04-26,38.36888122558594,39.15210990330304,38.30863422569599,38.7720824779159,385600
2022-04-27,37.9378662109375,38.99452743748442,37.83127157963585,38.266913976339126,346600
2022-04-28,37.970314025878906,38.58252874815422,37.48832743729494,38.13715567330526,290600
2022-04-29,37.22416305541992,38.07227419597918,36.98317152275907,37.76639665577898,353400
2022-05-02,37.59029006958008,37.82896564961787,36.83487065018014,37.30295086464139,437800
2022-05-03,37.6876106262207,38.03751277350875,37.13610609075247,37.48369226974584,228400
2022-05-04,38.66549301147461,38.864775928098005,37.682981312056704,37.8822642286801,227000
2022-05-05,37.75249862670898,38.38278860647412,37.321491560190616,38.24375270017918,266600
2022-05-06,37.10366439819336,37.72468686897233,36.60777493037429,37.63663057324717,376200
2022-05-09,36.570709228515625,37.08976909250203,36.385329190307566,36.74681832010671,415400
2022-05-10,36.959999084472656,37.19635868933983,36.144329149127856,36.681930833009325,411400
2022-05-11,36.89974594116211,37.76175985229985,36.82095706210076,37.17317867443735,253400
2022-05-12,36.89048004150391,37.089762930700005,36.25323869691319,37.04341881280477,313000
2022-05-13,37.21489715576172,37.42344746102691,36.87657836598367,37.15928209097049,271800
2022-05-16,36.77462005615234,37.39564258568295,36.40849549318836,36.95073266426373,229400
2022-05-17,37.835914611816406,37.94018976025197,37.27514265710363,37.31221936547213,267000
2022-05-18,36.77925491333008,37.65517185893619,36.35288335441879,37.26587701014667,517000
2022-05-19,36.44093322753906,36.9275552857149,36.23701840972078,36.24165034624593,368400
2022-05-20,36.34825134277344,36.858043780086255,35.7086939435079,36.63559056983304,343200
2022-05-23,36.61240768432617,37.14537381980814,36.33433947237054,37.01560888995079,366800
2022-05-24,36.57997512817383,36.7329139185648,36.01688359476344,36.48728688081384,327800
2022-05-25,36.88121032714844,37.16391402521855,36.45020333958495,36.45020333958495,246200
2022-05-26,37.42343521118164,37.66442667473368,37.16853733411154,37.16853733411154,206800
2022-05-27,38.26692199707031,38.290095823984494,37.58101702886756,37.7432267456077,198800
2022-05-31,38.63304138183594,38.86940094864921,37.77566293793297,37.919330745295404,319000
2022-06-01,38.10009002685547,38.80916546635636,37.58566205391748,38.80916546635636,172800
2022-06-02,38.96673202514648,38.97136396212458,37.98422040383816,38.02593258744928,163800
2022-06-03,38.0630111694336,38.78135751601476,37.835922471206686,38.69793667277198,239600
2022-06-06,37.82664489746094,38.39158556075243,37.82664489746094,38.35034011189093,266400
2022-06-07,37.80810546875,37.85444958215311,37.22415973954903,37.42807808151776,228800
2022-06-08,36.76071166992188,37.54394027190147,36.66848663640029,37.42344274794402,265000
2022-06-09,35.824554443359375,36.91365722413926,35.78747773134077,36.73291267283591,328600
2022-06-10,35.42135238647461,35.56965569549822,35.10852338133538,35.37500826537282,350800
2022-06-13,36.07944869995117,36.82560073035075,34.89765768094621,35.01815169065097,703200
2022-06-14,36.24165725708008,36.6379071269637,35.89870648986385,36.34361645334628,443000
2022-06-15,36.13043212890625,36.79316339593059,35.85699930575597,36.72828091125662,383800
2022-06-16,35.54185104370117,35.96358715552124,35.307807390684246,35.62063640562592,378200
2022-06-17,34.91618347167969,36.505810838082986,34.91618347167969,36.14895730252789,1528200
2022-06-21,35.54185104370117,35.91724303296726,34.9625406722017,35.45379473576768,316200
2022-06-22,35.47696685791016,35.6994200497974,34.971806399637934,35.254510130193175,303400
2022-06-23,35.03204727172852,35.53210897601147,34.58250549384431,35.28230972067704,281600
2022-06-24,36.056270599365234,36.135055943072885,35.048269371698794,35.25450367483298,942800
2022-06-27,36.27408981323242,36.64994846103955,35.94967748081187,36.46874074851399,264000
2022-06-28,36.255558013916016,36.89511532355922,36.167501715289006,36.68656502619261,198800
2022-06-29,36.03773498535156,36.264823625691086,35.722590050749446,36.264823625691086,276400
2022-06-30,36.683837890625,37.08358603694958,35.4520559767792,35.49389189951115,411400
2022-07-01,36.78144454956055,36.999911937877954,36.0842100147526,36.36310666573036,314000
2022-07-05,37.66460418701172,37.66460418701172,35.72629327919991,36.11674286653562,590600
2022-07-06,37.6413688659668,37.86913114763019,37.05336449639479,37.51121544441244,240600
2022-07-07,37.59024429321289,38.096899755416985,37.5484083713296,37.8737866597685,246800
2022-07-08,37.26952362060547,37.88681018044384,36.96273861211148,37.794772550103936,230400
2022-07-11,36.96274185180664,37.2695268871896,36.71638610623417,36.93020436741631,201400
2022-07-12,36.61411666870117,37.53446803349418,36.58157919120602,36.77680760249604,291600
2022-07-13,35.833213806152344,36.43283607638332,35.740250597598944,36.43283607638332,244000
2022-07-14,35.63798522949219,35.67517192756901,35.13597544441121,35.13597544441121,221200
2022-07-15,37.00922393798828,37.1347246398352,35.92153582126368,35.92153582126368,294000
2022-07-18,36.73032760620117,37.55306665395802,36.57228942085373,37.42756240435192,326800
2022-07-19,37.76222229003906,38.05970874810028,36.29802902364251,37.2927535790377,501800
2022-07-20,37.98069381713867,38.064362114219485,36.841878678395226,37.55305743042281,446400
2022-07-21,37.84125900268555,38.189876408106734,37.22304328595526,38.189876408106734,334800
2022-07-22,37.55770492553711,38.022527988742674,37.14865836027235,37.8830796512536,292600
2022-07-25,38.33860397338867,38.44086205814365,37.62044971746791,37.72038851013238,212800
2022-07-26,38.436222076416016,38.58031609810502,37.93886151676308,37.93886151676308,242200
2022-07-27,38.817378997802734,39.06838390333478,38.38044413858189,38.45016831450505,191400
2022-07-28,39.19853210449219,39.22177113124462,38.5524282918833,39.05908375870259,182400
2022-07-29,39.71913146972656,39.91900553951318,39.19388265671462,39.19388265671462,238400
2022-08-01,40.14212417602539,40.49074150950432,39.27755290529215,39.45418441091333,242400
2022-08-02,39.84929275512695,40.22114917108658,39.73308696020468,40.044517639479714,217400
2022-08-03,40.23508834838867,40.388480829928746,39.496021285853935,40.14677436661144,174200
2022-08-04,39.86322784423828,40.45820081192088,39.635930098543845,40.45820081192088,205800
2022-08-05,40.4303092956543,40.46284676637306,39.88646364747155,39.88646364747155,162400
2022-08-08,40.26763534545898,40.74640625373158,40.11424637397264,40.52328954180261,173000
2022-08-09,40.80217742919922,40.80217742919922,40.23509259252559,40.5186350108624,290400
2022-08-10,41.4854621887207,41.71787374159869,41.15078898516538,41.36460718825487,284600
2022-08-11,42.04790115356445,42.06649450487076,41.51800305345172,41.834082933020646,152000
2022-08-12,42.81950759887695,42.91247080545183,42.12227291060836,42.33609112278578,252600
2022-08-15,43.07980346679688,43.29362165938143,42.40581141509163,42.46158791539796,295400
2022-08-16,43.39590072631836,43.61436823040511,43.02404069217239,43.08911566619991,214400
2022-08-17,43.112342834472656,43.237843511993255,42.83344968173444,42.996137058638496,147200
2022-08-18,43.20996475219727,43.30990358545319,42.76373490053267,42.97290392445308,153600
2022-08-19,42.55456161499024,43.18672139478741,42.49878155924839,43.18672139478741,260600
2022-08-22,41.48081588745117,42.09438228842847,41.327426946946176,42.02930733274293,218400
2022-08-23,41.21587371826172,41.79969369196163,41.21122803945116,41.23446707246309,227800
2022-08-24,40.95557403564453,41.11826145273604,40.76034913513472,40.99740642304532,105400
2022-08-25,41.2530517578125,41.3134774865294,40.82541534000299,40.82541534000299,138400
2022-08-26,40.34664916992188,41.46687107100717,40.29086911755385,41.46687107100717,210400
2022-08-29,39.57039642333984,40.47215453617251,39.537394374425176,39.99338722350591,181800
2022-08-30,39.37052154541016,39.570395652723306,38.98472100495683,39.570395652723306,184600
2022-08-31,39.21248245239258,39.705193872084486,38.998664222218366,39.705193872084486,194400
2022-09-01,39.5239143371582,39.5518025930719,38.68723474287265,39.24502113906302,261000
2022-09-02,39.147403717041016,39.90506412564162,38.86386133025696,39.87252664910832,236400
2022-09-06,38.2921257019043,39.35192534882813,37.9876671388107,39.35192534882813,288000
2022-09-07,38.53849029541016,38.58961758092387,37.8877371554329,38.30607871301252,309200
2022-09-08,38.98472213745117,39.13113903048646,37.966758218736,38.22241239120952,249200
2022-09-09,39.39375686645508,39.519257540339645,38.92428455271746,39.02654619989979,189600
2022-09-12,39.84929275512695,39.87253178631976,39.11952050486785,39.47278356808157,322000
2022-09-13,38.598907470703125,39.26360459081402,38.34790259181665,39.26360459081402,363000
2022-09-14,38.22240447998047,38.84526572207756,38.15268030679917,38.76159742352375,366000
2022-09-15,38.43157577514648,38.80808136822678,38.0480981189587,38.29212742035876,401400
2022-09-16,38.66864013671875,38.6918791671204,37.89238275786219,38.51059841691875,1236200
2022-09-19,39.76096725463867,39.77026215599074,38.43157294321316,38.43157294321316,238800
2022-09-20,39.5936393737793,39.75632678063625,39.04979709386341,39.342634426205926,189800
2022-09-21,39.221771240234375,40.165365096237714,39.18923376563556,39.89111762777443,245000
2022-09-22,38.41299057006836,39.21248707490076,38.2363590233597,39.21248707490076,273600
2022-09-23,38.01322555541992,38.17359006282076,37.64136927163996,38.05506147080709,239600
2022-09-26,38.09225082397461,38.603559060257815,37.841249476023066,37.841249476023066,209000
2022-09-27,37.91097640991211,38.70582360085079,37.69715817840106,38.37115389912872,208400
2022-09-28,38.106204986572266,38.49665474662248,37.67856497553526,38.04112648024455,304800
2022-09-29,37.41825485229492,37.7296854390796,37.15330586041091,37.7296854390796,229000
2022-09-30,37.29240036010742,38.16877048823699,37.259769652051546,37.51149378125992,426800
2022-10-03,38.182762145996094,38.2620076515496,37.59074323631795,37.84246739202982,289000
2022-10-04,39.33415222167969,39.45815245055801,38.71416885968766,38.71416885968766,269600
2022-10-05,39.31085586547852,39.37145474109884,38.861014396916,38.868006438084464,204000
2022-10-06,39.15701675415039,39.35280098436591,38.975216603738815,39.22694070965025,148200
2022-10-07,38.42981719970703,39.02416194645133,38.20139870175113,38.99386429154387,218000
2022-10-10,38.55101776123047,39.110405905041205,38.48109735517453,38.74214302173127,222400
2022-10-11,39.08243179321289,39.32949691991168,38.4274846157331,38.70484739770759,362800
2022-10-12,38.97056198120117,39.53927171871714,38.79109128877636,39.10574737425667,182200
2022-10-13,40.648712158203125,40.71863611533769,38.421423757663696,38.471769291319,304400
2022-10-14,39.94482421875,41.52042688301599,39.87257076074166,40.79322620050561,279600
2022-10-17,40.48555755615234,40.937728436293646,39.954141186383,40.43428022604476,321400
2022-10-18,34.80778503417969,39.39008848953515,34.73320210061031,39.15701104285151,1312400
2022-10-19,33.246177673339844,34.7891497345037,33.01776269706186,34.7891497345037,649800
2022-10-20,32.416412353515625,33.670370179580566,32.14604165645306,33.00376852660474,585800
2022-10-21,32.75204849243164,33.06437146214333,31.954923937438465,32.756707481366966,442200
2022-10-24,33.29745101928711,33.67503542244808,32.831296030108504,32.99444956502495,308000
2022-10-25,33.51654052734375,33.786911243114616,33.106321908524535,33.16226178103986,379000
2022-10-26,34.06194305419922,34.684259503941,33.661049500911766,33.88014290288051,272600
2022-10-27,34.07126235961914,34.78914138350664,33.973370250427195,34.2390784200853,365200
2022-10-28,34.94763946533203,35.05485311924328,34.12720570364481,34.18780457079116,308000
2022-10-31,35.115455627441406,35.42311606601491,34.3882514375326,34.4814845677672,303400
2022-11-01,34.87771987915039,35.143428109147294,34.59336502081398,35.13876556294223,197000
2022-11-02,34.42554473876953,35.301918381824464,34.33930720509966,34.91500889287916,273600
2022-11-03,33.51188659667969,34.06661224982694,33.46060925614604,34.03864052813897,286800
2022-11-04,34.15983581542969,34.23908130719867,33.59578872548782,33.847512837412985,192400
2022-11-07,34.523441314697266,34.5700596641389,34.00600893292555,34.32299450413272,183600
2022-11-08,34.602684020996094,34.85906711344349,34.30434157657137,34.336975837780386,192400
2022-11-09,34.430206298828125,34.70057703443454,34.20179135980624,34.243743599910594,179400
2022-11-10,35.48371505737305,36.22489969952036,35.096805606406626,35.57694462210909,402000
2022-11-11,35.3718376159668,35.74942555764693,34.8777144890157,35.460408197771294,208400
2022-11-14,35.716796875,36.336780313303166,34.854407292017044,34.97560858611676,244800
2022-11-15,36.29482269287109,37.0080391580596,35.884607639793224,35.884607639793224,284600
2022-11-16,35.70280456542969,36.94231249385902,35.48837372330313,36.53722232120384,277000
2022-11-17,35.17605972290039,35.39049061959012,34.74719792952093,35.28327694948565,203000
2022-11-18,35.078163146972656,35.66551943268995,35.03154835907009,35.66551943268995,270600
2022-11-21,35.194705963134766,35.37650614650535,34.88704192575024,35.166737798456445,220400
2022-11-22,35.3159065246582,35.59559883497381,35.129443798954235,35.49770670418739,138800
2022-11-23,35.53034210205078,35.68417413778803,35.02689374317315,35.28328046940189,156600
2022-11-25,35.69815444946289,35.856645458761214,35.404474492910104,35.740106696695705,91000
2022-11-28,34.71456527709961,35.62822869922489,34.53742409147084,35.62822869922489,206600
2022-11-29,34.46749496459961,35.10612491109719,34.43486426336601,34.523431277297384,221800
2022-11-30,35.34386444091797,35.43243501015479,33.84284509111322,34.36493986040868,458600
2022-12-01,35.74477005004883,35.810031473760546,34.68193708505133,35.54898577891368,212000
2022-12-02,35.89859771728516,35.91258179831509,35.437101704414914,35.437101704414914,127600
2022-12-05,33.968719482421875,35.98250913888672,33.43730301449926,35.62823030811139,319000
2022-12-06,33.744956970214844,34.08525165284416,33.51187949228465,34.02931177780808,287600
2022-12-07,33.68901824951172,33.93608337202652,33.493234014897155,33.7263115008136,174600
2022-12-08,34.04330062866211,34.08991541948526,33.36178292658933,33.87082554696839,226000
2022-12-09,33.98736572265625,34.42088649626163,33.73097902769323,33.73097902769323,196600
2022-12-12,34.01533508300781,34.299689952335406,33.79624163715073,34.22044444618991,188800
2022-12-13,33.32542037963867,34.85907077599586,33.08768388726947,34.85907077599586,365000
2022-12-14,31.55402946472168,33.27647184967425,31.526057749527,32.92452258894115,402600
2022-12-15,29.871213912963867,31.232385689456507,29.68941196522881,31.232385689456507,437800
2022-12-16,30.085643768310547,30.323383811292416,29.61715750098525,29.65211948121672,1041600
2022-12-19,30.99464988708496,31.078557942698417,30.183541053808863,30.27677064605449,274600
2022-12-20,32.183345794677734,32.39777669566993,31.1950957863616,31.232389044746554,392400
2022-12-21,32.08545684814453,32.863935022788425,31.88501001000161,32.188011540656895,367600
2022-12-22,31.773128509521484,31.91297288444653,31.22306543259611,31.85703300058813,413600
2022-12-23,32.062137603759766,32.366070837070126,31.507412062870955,31.507412062870955,281600
2022-12-27,32.141387939453125,32.21131190534398,31.69854208294541,32.04815835591907,189400
2022-12-28,31.57733726501465,32.313862985002,31.563353184688854,32.2812322787484,219800
2022-12-29,32.46770095825195,32.61220789019323,31.628620419442505,31.83372978592501,288800
2022-12-30,32.25239562988281,32.58937889680772,32.13538650959591,32.303876357640874,344400
2023-01-03,31.962217330932617,32.78128131657117,31.77968335694288,32.55194440042634,339200
2023-01-04,31.3537712097168,32.60810945557451,31.08231269230057,32.39749441138614,544600
2023-01-05,31.48014068603516,31.578427937197414,30.656395323315152,31.23675967005996,243600
2023-01-06,32.16347122192383,32.458332953155804,31.746918991888894,31.746918991888894,277000
2023-01-09,31.97157859802246,32.327287409347115,31.896694599806438,32.1962377343422,256400
2023-01-10,32.41621017456055,32.58470360638535,31.798402114814703,31.999657960003475,249800
2023-01-11,32.64554214477539,32.79297476809632,32.29919617418425,32.29919617418425,273800
2023-01-12,33.572261810302734,33.572261810302734,32.5449217715538,32.734475994544,278400
2023-01-13,33.75479888916016,33.96541391841944,32.879569213215014,33.13699075638584,212600
2023-01-17,33.6705436706543,33.89988053346602,33.338238216545754,33.86711812449291,240800
2023-01-18,32.90296936035156,33.69863002994673,32.750855346187414,33.69863002994673,335000
2023-01-19,33.09486389160156,33.31624497891251,32.51918093703771,32.92168908328312,260400
2023-01-20,33.59097671508789,33.651823743033574,33.2212310369386,33.39908361445566,340800
2023-01-23,33.661190032958984,33.99817694245692,33.23527860128045,33.628427615137554,286200
2023-01-24,30.3381290435791,32.818724188173505,30.28196337204979,32.74851799147074,960800
2023-01-25,30.74531936645508,30.88105038233387,30.19303614394334,30.32876715982213,490200
2023-01-26,30.955934524536133,30.955934524536133,30.562785569644216,30.806162983981803,482800
2023-01-27,31.325681686401367,31.405247030841387,30.787439021313965,30.955932439442805,331400
2023-01-30,31.42865753173828,31.730539559190547,31.12209413858192,31.241442182768026,362600
2023-01-31,31.91073226928711,31.91073226928711,30.90913433332575,31.39589277607523,752800
2023-02-01,32.24772644042969,32.76724741631649,31.48950576920227,31.686080308500976,447400
2023-02-02,33.53950119018555,33.54886035010253,32.40685001511183,32.50981862837631,275600
2023-02-03,33.82032775878906,33.942014711137865,33.385053551662395,33.385053551662395,369200
2023-02-06,33.63310241699219,33.84137851196062,33.21420775927369,33.53013381798127,313800
2023-02-07,34.03093719482422,34.110502551493965,33.26335753684848,33.43653234621984,464200
2023-02-08,33.7781982421875,34.01689789160698,33.60502699743086,33.67991099144668,449400
2023-02-09,33.90925216674805,34.04498321695402,33.7828838487417,33.98882110710057,536400
2023-02-10,34.03093719482422,34.12922444203429,33.51141633754563,33.69395030676941,395000
2023-02-13,34.04966354370117,34.09646649076243,33.60268772196879,33.69395471853084,274000
2023-02-14,34.03093719482422,34.1858578931061,33.717353562653685,33.93264994761415,623800
2023-02-15,34.66278839111328,34.835963213307366,33.73607795117983,33.83904657135816,384200
2023-02-16,34.39600372314453,34.57853768488499,33.96541097087655,34.24623217579761,241200
2023-02-17,34.6815071105957,34.73767278123778,34.260273507868746,34.531735559718946,515600
2023-02-21,34.330474853515625,34.63469927755301,34.0332706909623,34.37727778702101,304200
2023-02-22,34.21347427368164,34.55046119236491,34.1526308020222,34.40537099103466,475800
2023-02-23,34.70490264892578,34.81254903017536,34.00752935499292,34.358556684070045,357400
2023-02-24,34.67682266235352,34.77043210510119,34.391323681769684,34.49897007738561,368000
2023-02-27,34.76107406616211,35.15890800256306,34.5247168866454,34.868724047139736,275000
2023-02-28,34.611305236816406,34.934251634371705,34.4381339796753,34.68151144117659,406000
2023-03-01,34.08242416381836,34.56450127767897,33.703315670556286,34.38664865990427,393800
2023-03-02,32.99657440185547,33.956050688683234,32.80467771615582,33.88584449706543,547800
2023-03-03,33.49269104003906,33.530134817310824,32.68298988883919,33.216551217038855,278400
2023-03-06,33.33356475830078,33.77819806708558,33.10656673842052,33.36164580955669,384000
2023-03-07,32.575340270996094,33.22591073201573,32.4115282072205,33.22591073201573,462400
2023-03-08,32.1213493347168,32.53322381218035,31.83116893923373,32.53322381218035,462800
2023-03-09,30.13686752319336,31.920085301969877,30.019858407613068,31.920085301969877,720200
2023-03-10,29.37865447998047,30.328769891283475,28.26472699022061,29.57522897412869,803200
2023-03-13,27.17887687683105,27.88093156134107,24.67488254957895,26.88401340941998,1824800
2023-03-14,26.34109306335449,29.84668715604221,25.8356145830036,29.16335430972641,932400
2023-03-15,26.95890617370605,27.17420435646428,24.791898103462938,25.068039755849185,1228600
2023-03-16,28.011987686157227,28.358335529656514,25.854340622407843,26.579796940687736,773800
2023-03-17,26.43470573425293,27.48310845547147,26.163245447193376,27.48310845547147,1393000
2023-03-20,27.01038932800293,27.77328941729957,26.70616663661753,26.97294733178804,717600
2023-03-21,27.64691734313965,28.498743674395808,27.347374253302448,28.12899439175779,484200
2023-03-22,25.68584442138672,27.77328684802052,25.582875816840197,27.628194885742925,741200
2023-03-23,24.997833251953125,25.933906396434303,24.79189780291769,25.933906396434303,520600
2023-03-24,25.65776252746582,25.793493550172315,24.35662154054643,24.590639806419283,590800
2023-03-27,25.53607749938965,26.210049559600343,25.53139613356282,26.210049559600343,418000
2023-03-28,25.770092010498047,25.990067965735523,25.320775584328203,25.57351573928293,402600
2023-03-29,25.74668884277344,26.102397606969294,25.36758039447603,26.064953827404395,278600
2023-03-30,25.264612197875977,25.952626482544684,25.03059392803413,25.952626482544684,277200
2023-03-31,25.70215606689453,25.763316777681453,25.12958427387992,25.321069094467664,550200
2023-04-03,25.274023056030277,26.06442449836656,24.982326046427875,25.64099451328384,439200
2023-04-04,24.71415328979492,25.504554699158373,24.215448877865278,25.504554699158373,569000
2023-04-05,24.1119441986084,24.676516909521247,23.983034329971428,24.455392164021315,480400
2023-04-06,24.34718132019043,24.511847529102823,23.98020988619877,23.999027599555134,430200
2023-04-10,24.57301139831543,24.7400305036998,24.161344058434665,24.243677167465385,417400
2023-04-11,24.74708747863769,25.00114546880426,24.49773526313746,24.60594474900977,288800
2023-04-12,24.16370010375977,24.89764310844227,24.088423852132653,24.89764310844227,203600
2023-04-13,24.49302864074707,24.692980969041862,23.79907411995963,24.267199938760683,300200
2023-04-14,23.75908660888672,25.01243792630105,23.55207739146553,24.86941252766629,350200
2023-04-17,24.40834617614746,24.584775043294897,23.363886708321928,23.712040462506188,540600
2023-04-18,23.646169662475582,24.304838080983554,22.187691900428444,24.304838080983554,1000600
2023-04-19,24.18251609802246,24.69063027391886,23.38270491911159,23.730856859225817,453400
2023-04-20,23.4768009185791,24.008438588836015,23.12159031281863,23.88140959482776,368400
2023-04-21,23.86259078979492,24.04137073343297,23.36388459108254,23.679105071745457,478200
2023-04-24,24.177812576293945,24.23897508839628,23.59300965496456,23.792021582529667,398400
2023-04-25,23.043960571289062,24.069600455882156,22.95927457753535,23.8202482491224,453400
2023-04-26,22.874591827392575,23.528554587101347,22.672286568597112,22.89341133861248,376000
2023-04-27,23.54737091064453,23.608533416465765,22.771085022549272,22.87929450532399,382400
2023-04-28,23.75908660888672,23.928458602561864,23.505028618374,23.523848127610613,411000
2023-05-01,23.65557861328125,24.196627781166736,23.60853163986816,23.759084108462435,476800
2023-05-02,22.29119873046875,23.45798136873813,21.98538799045538,23.45798136873813,695000
2023-05-03,21.75014877319336,22.874588375343965,21.623119783720306,22.361768437720336,631800
2023-05-04,20.983274459838867,21.411408477998968,20.094073175562308,21.27497150563436,1027400
2023-05-05,22.385290145874023,22.46056637264537,21.31260167097379,21.90069775347708,729000
2023-05-08,21.94304656982422,22.902820062056204,21.8630663428352,22.70992456756395,528800
2023-05-09,21.303197860717773,22.014559568710595,21.112655251148283,21.86777061635133,531200
2023-05-10,20.83272171020508,21.688989736406075,20.602188977234945,21.646646733144383,535800
2023-05-11,20.0282039642334,20.461043698975825,19.992917833427832,20.348128439343448,498800
2023-05-12,19.74591827392578,20.0799564795202,19.501270043219023,19.967041221222026,651600
2023-05-15,19.83530807495117,20.183461806485656,19.66593608635208,19.750622080651624,671200
2023-05-16,19.609479904174805,20.07242978001244,19.560080038571275,19.93881413625886,822600
2023-05-17,21.59489250183105,21.688986455086138,19.75062194345213,19.89176466806188,756800
2023-05-18,21.41611099243164,21.60430069571016,21.006796548205543,21.60430069571016,522200
2023-05-19,20.719804763793945,21.61135877596292,20.235212297624503,21.49138665434464,493000
2023-05-22,21.199689865112305,21.42551856286369,20.602183983785384,20.931518174362097,405600
2023-05-23,21.350244522094727,22.154759676936827,21.09618653802023,21.359654276474576,512800
2023-05-24,20.42340469360352,21.21380612734201,20.42340469360352,20.97856764812763,423000
2023-05-25,19.967044830322266,20.493980404655996,19.778855092112337,20.16935010007536,394000
2023-05-26,19.85412979125977,20.12230153811805,19.58266471975394,19.81178678940176,312800
2023-05-30,19.67534637451172,20.065843113790773,19.53420364509209,19.98115711719356,321000
2023-05-31,18.960224151611328,19.609482962436964,18.946110414874077,19.609482962436964,814600
2023-06-01,19.463632583618164,19.640061454957376,18.659117361045908,19.16252759702228,427800
2023-06-02,21.17616844177246,21.279673953452875,19.82119600843549,20.02820523706904,623000
2023-06-05,20.159936904907227,21.17616706101181,19.94351793525698,21.17616706101181,593200
2023-06-06,21.256147384643555,21.830129801233756,20.07054533112924,20.20698406863461,773200
2023-06-07,21.68898582458496,22.173578284451644,21.35024365431428,21.712511106941964,839800
2023-06-08,20.75273704528809,21.64193812908776,20.6210040831628,21.580775627503733,644000
2023-06-09,20.776264190673828,20.950340177668096,20.50809244499468,20.780968170980778,398200
2023-06-12,21.04914093017578,21.540788514098253,20.74333017448152,20.870359174782493,440000
2023-06-13,21.736032485961918,21.834832201259356,20.94563117412861,21.072660148679702,385600
2023-06-14,21.10089111328125,22.182989566046185,21.0350246254908,21.684283338204324,493600
2023-06-15,21.712512969970703,21.80190294852536,20.96445451289869,20.96445451289869,407400
2023-06-16,21.28907966613769,21.84424255018088,21.09148023015297,21.84424255018088,1386000
2023-06-20,21.11500358581543,21.21380330319797,20.86329851835404,21.01620207370596,330000
2023-06-21,20.47045135498047,21.006796586865512,20.432814132146355,20.92211059207983,343400
2023-06-22,19.609479904174805,20.390471588685877,19.463631399968776,20.390471588685877,409200
2023-06-23,19.16252326965332,19.595362936184536,19.120180278304904,19.1719330227004,3302800
2023-06-26,19.727094650268555,20.09877179601098,19.43069372944754,19.46833273927163,1002600
2023-06-27,20.16934585571289,20.413994079157654,19.72709817952068,19.783554909630364,804600
2023-06-28,19.31307983398437,20.009385554927363,19.17664107789174,20.009385554927363,421200
2023-06-29,19.71298599243164,19.854128726144005,19.478687941738237,19.534204239208123,353200
2023-06-30,19.38143348693848,19.954541789935966,19.26776039696296,19.954541789935966,366200
2023-07-03,19.964017868041992,19.98769961480189,19.357754671540096,19.357754671540096,261400
2023-07-05,19.65140914916992,20.016111932111446,19.09251139416719,19.72245437150356,501000
2023-07-06,19.44300842285156,19.5377372070338,18.599926037912333,19.220397857844773,508600
2023-07-07,19.53773307800293,19.779289710156757,19.20144768168649,19.20144768168649,484600
2023-07-10,19.495105743408203,20.07768521933472,19.360117838093533,19.61351625006321,365000
2023-07-11,19.533002853393555,19.907178774747692,19.348280899143614,19.75087780644561,384400
2023-07-12,20.063478469848636,20.314508189967903,19.7840295749456,19.98769581055973,529600
2023-07-13,20.390291213989254,20.85919766890269,19.892967390584868,20.12978843094897,431400
2023-07-14,20.366613388061523,20.48502393101537,19.897706842971637,20.48502393101537,345000
2023-07-17,20.97760581970215,21.186007661235536,20.31924369093893,20.39028891094304,525400
2023-07-18,22.15697860717773,22.21381696455703,21.029711621175554,21.029711621175554,463000
2023-07-19,22.995325088500977,23.019006833680216,21.95568075596073,22.308543637495006,656400
2023-07-20,22.943220138549805,23.189514220152866,22.521679005214175,22.95743062860452,763200
2023-07-21,27.528076171875,27.646486687522707,25.07461014311039,25.07461014311039,2245800
2023-07-24,26.964448928833008,28.489577297021963,26.66605385531745,27.57071032929503,1243400
2023-07-25,26.52395820617676,27.239156998529324,26.334500639126414,26.997600317001343,699600
2023-07-26,28.27169609069824,28.48483539549149,26.902870720850032,26.94549858180868,848200
2023-07-27,28.07276725769043,28.819700684375384,28.017824239719832,28.45641800604857,818800
2023-07-28,28.153284072875977,28.783228895087035,27.9969831288544,28.281167648966967,395000
2023-07-31,28.2669620513916,28.612720584441373,28.01593230432289,28.01593230432289,611000
2023-08-01,27.831209182739254,28.35695220626044,27.22968530179651,28.29064260091565,337800
2023-08-02,27.641754150390625,28.0869770885238,27.324412993460665,27.504397503259728,311400
2023-08-03,27.665433883666992,27.985141927036413,27.210737919461547,27.551758989215056,230000
2023-08-04,27.689117431640625,28.01356292878275,27.45703380858817,27.45703380858817,299000
2023-08-07,28.086977005004883,28.39484510189297,27.523343539669625,27.523343539669625,286000
2023-08-08,27.963829040527344,28.08271294329396,26.90523869492814,27.253365915352163,304800
2023-08-09,27.987510681152344,28.25748652318909,27.371776336275573,27.703326154840344,346400
2023-08-10,28.23380279541016,28.6269247560623,28.077500052167032,28.105919225520605,343000
2023-08-11,28.901641845703125,28.949005334108293,28.006458544516068,28.006458544516068,407600
2023-08-14,28.11539459228516,28.61271842260883,27.77437171123981,28.61271842260883,401800
2023-08-15,27.457033157348636,28.046717066850007,27.29599477082924,27.72227157740324,317200
2023-08-16,27.404932022094727,27.81226451461164,27.36703978706933,27.49492337007821,339600
2023-08-17,27.54228973388672,27.727009869808917,27.31493992850417,27.584917596545782,367800
2023-08-18,27.57544708251953,27.840685535277427,27.18706065657994,27.24863283636934,313400
2023-08-21,27.38598251342773,27.992243744352145,27.066274498894973,27.54702087874216,351600
2023-08-22,25.988739013671875,27.587280946942688,25.9603216467664,27.29599209535526,352400
2023-08-23,26.239770889282227,26.41264922965404,25.81349231187036,25.99821242648181,356200
2023-08-24,26.026636123657227,26.54764175832569,25.796919395174758,26.064526555566975,384400
2023-08-25,25.860862731933597,26.425918237810635,25.573362661105424,26.14978475558849,253800
2023-08-28,26.400814056396484,26.661316875764086,25.99821714755437,26.092945938270248,246000
2023-08-29,26.2208251953125,26.552375004547667,26.083468561846328,26.419753996772936,298200
2023-08-30,26.40554428100586,26.478958220561477,25.96505703007011,26.15925019825031,295400
2023-08-31,26.54290199279785,26.70394036860516,26.17345995018043,26.296607899986608,264000
2023-09-01,27.139692306518555,27.44282296520422,26.88866256856972,26.893398194636134,334400
2023-09-05,25.90348625183105,26.73709737422692,25.808759275614428,26.73709737422692,484600
2023-09-06,25.24039077758789,26.19714814386532,24.98935920776764,26.021899246284796,485200
2023-09-07,24.67675399780273,25.418005080021583,24.605708763110425,25.069877828945184,305200
2023-09-08,24.880420684814453,24.93725904170912,24.326260256101577,24.7951649562738,375400
2023-09-11,24.724119186401367,25.23707369242897,24.62939040042409,24.9846219927379,327400
2023-09-12,24.880420684814453,25.065140827718743,24.61991787285196,24.86147637265092,306600
2023-09-13,24.43519592285156,25.11250426794477,24.231529676044445,24.98462068459138,323000
2023-09-14,24.724119186401367,24.99409505201576,24.548872106764254,24.776220109028937,345200
2023-09-15,24.33099365234375,24.71938002151901,24.13916918410996,24.506242526504217,2021400
2023-09-18,23.719995498657227,24.26468278969841,23.639948789901656,24.26468278969841,287400
2023-09-19,23.876300811767575,24.037339215731237,23.618166706173668,23.814726826098745,291200
2023-09-20,23.397920608520508,24.255211658509783,23.378974490770155,24.018390607034075,332000
2023-09-21,23.421600341796875,23.58737434087933,22.891121737931936,23.20846105240437,352200
2023-09-22,23.431076049804688,23.53764480315283,23.22267236247316,23.37423769500448,207200
2023-09-25,23.762622833251957,23.800515067788627,23.33160860280385,23.33160860280385,247200
2023-09-26,23.762622833251957,24.004181311420265,23.435810440978507,23.435810440978507,330600
2023-09-27,24.23153114318848,24.392569538628173,23.882457126886838,24.0941744927367,269000
2023-09-28,24.908838272094727,25.216706361802952,24.113119394413108,24.18416643259231,564000
2023-09-29,24.84217071533203,25.423107645777648,24.827885976541527,25.18978176866162,581000
2023-10-02,25.075496673583984,25.11835270346205,24.408847723585662,24.82788425834096,602200
2023-10-03,24.85645866394043,24.994550534897414,24.58027492202646,24.994550534897414,403800
2023-10-04,25.05169105529785,25.127879359798165,24.480277863309297,24.79455484643213,414200
2023-10-05,25.73738670349121,25.88500234337328,24.989788371568427,25.051691938805757,361400
2023-10-06,25.542150497436523,25.88023594999047,24.980261128965772,25.49929446707953,499600
2023-10-09,25.289779663085938,25.58024814082744,25.175496298419336,25.36120517658916,408200
2023-10-10,25.43263435363769,26.11356816736225,25.394541106963903,25.57072623283444,462400
2023-10-11,25.19454574584961,25.823099758166112,25.01597922379441,25.55643976463354,335600
2023-10-12,25.12311744689941,25.189783805080168,24.504087224144044,25.189783805080168,354800
2023-10-13,24.423141479492188,25.544539139416283,24.34695316129584,25.137407643760238,354800
2023-10-16,25.17549514770508,25.30406324590128,24.527893682630467,24.89455044789984,618000
2023-10-17,23.96124267578125,24.485037002912687,22.73746710467963,23.35649725941833,1772800
2023-10-18,23.361263275146484,23.90886618066446,23.237456137222363,23.851725402800103,503400
2023-10-19,23.34221076965332,24.13742596509265,23.23269021188772,23.37554303434406,574200
2023-10-20,22.12796211242676,23.41840229944371,22.10891458240739,23.41840229944371,664000
2023-10-23,22.375572204589844,22.785083158186957,22.08986473370617,22.175576793324048,412800
2023-10-24,22.075578689575195,22.594611990336848,21.9279630808637,22.394616590906047,382800
2023-10-25,22.070823669433597,22.16129854578943,21.52798167718972,21.91368605842905,256000
2023-10-26,22.85651397705078,22.98270069066348,22.08129799604528,22.19462771710096,312000
2023-10-27,22.30414581298828,22.75175184129372,21.963678955437512,22.75175184129372,305800
2023-10-30,22.456525802612305,22.937464170752484,22.304149182024965,22.44224106207993,243800
2023-10-31,22.456525802612305,22.606521027620047,22.313672947870742,22.49462086599544,219200
2023-11-01,22.43271255493164,22.47080579379092,21.91367923310946,22.38985652591982,268200
2023-11-02,23.337448120117188,23.39459070262161,22.523185392387308,22.74222650923765,311800
2023-11-03,24.88502693176269,25.15168689547779,24.23742727669299,24.33742408190901,520400
2023-11-06,24.2279052734375,24.704082646960007,23.966008081294625,24.43266168936998,435200
2023-11-07,24.00410270690918,24.285047446101416,23.851726083937727,24.1898116026261,191000
2023-11-08,23.32316398620605,23.9636230373552,23.085075335693777,23.918385612486748,379600
2023-11-09,22.523191452026367,23.370310756839984,22.35176729133756,23.285076408813016,342200
2023-11-10,22.404142379760746,22.63270727372172,22.039391107501157,22.57556650434955,351600
2023-11-13,22.723180770874023,22.827938539061712,21.932726545235745,22.22795595526464,224200
2023-11-14,24.55170249938965,25.042164542261723,23.813626223472067,23.861245043854765,591800
2023-11-15,24.50408744812012,24.88026801288072,24.30171242566392,24.6326555582208,437000
2023-11-16,24.037433624267575,24.64217910729282,23.770773640867247,24.52313476377933,340200
2023-11-17,24.704082489013672,24.870743842091983,24.08028947975732,24.30885439961008,396000
2023-11-20,24.704082489013672,24.823126831633186,24.465993803774644,24.823126831633186,183200
2023-11-21,24.032676696777344,24.45647434041552,24.0231529297158,24.446950573353977,199200
2023-11-22,24.132667541503903,24.49456151773162,23.862198436743284,24.49456151773162,181600
2023-11-24,24.099336624145508,24.341234448366198,23.970768518201066,23.970768518201066,66600
2023-11-27,24.361234664916992,24.546943552304345,23.6755398923008,23.89458105093857,254800
2023-11-28,24.19457244873047,24.418374573961305,23.98029227225628,24.418374573961305,272600
2023-11-29,24.48980140686035,25.01359576850192,24.308853504132063,24.308853504132063,298400
2023-11-30,24.361234664916992,24.880268081281088,24.23742934548294,24.804079773212624,306800
2023-12-01,25.9469051361084,26.0516629200686,24.0731465712672,24.40408969102773,426200
2023-12-04,26.64212417602539,26.95544933551463,25.53739282455077,25.785005274567155,432800
2023-12-05,26.189754486083984,26.67545560543896,26.06594917321583,26.66593184037642,299600
2023-12-06,26.318323135375977,27.413530709660968,26.146898993640978,26.54688805219848,307600
2023-12-07,26.77545547485352,26.79926398199543,26.209280928232857,26.42308520961876,323800
2023-12-08,27.0325870513916,27.17543988608946,26.66593029190128,26.70878632395787,225200
2023-12-11,27.1040153503418,27.39924663110775,26.66593303664656,26.8659266625146,314200
2023-12-12,26.670692443847656,27.20877335532903,26.58498219242137,27.20877335532903,314400
2023-12-13,29.14205741882324,29.19919819855508,26.751170722617776,26.980211573848564,546000
2023-12-14,31.137243270874023,31.382474367823285,29.658712501566963,29.658712501566963,772000
2023-12-15,30.95629119873047,31.875313649082976,30.808673746690207,31.57056042924074,2377600
2023-12-18,30.87533569335937,31.432465918948385,30.57772486827867,31.09438045761006,378800
2023-12-19,32.02769088745117,32.237206459613226,31.10390562814636,31.10390562814636,553200
2023-12-20,31.546749114990234,33.25622404020034,31.50865405547292,32.01340451171525,746600
2023-12-21,31.761024475097656,31.92292664632195,31.41103386876071,31.85626211491915,263200
2023-12-22,32.199119567871094,32.61339161259088,31.93722052458632,31.999122283478385,280000
2023-12-26,32.96575927734375,33.17051568153638,32.141970869886485,32.35149006476588,253400
2023-12-27,33.065757751464844,33.25622579320169,32.913381138308345,32.97528288857832,322200
2023-12-28,33.08956527709961,33.11337559939143,32.58958120547741,32.73719503144037,228000
2023-12-29,31.865264892578125,33.27129761720698,31.807878184599545,33.080000076985144,436800
2024-01-02,31.50658416748047,32.090040037957415,31.17659964219052,31.59266788031637,365400
2024-01-03,29.88056182861328,31.434850251145093,29.761001321060725,31.434850251145093,544200
2024-01-04,30.04794692993164,30.664879572295025,29.866214451891185,30.07664028348904,362400
2024-01-05,30.425758361816406,30.966172382946443,29.75143715201113,29.75143715201113,301400
2024-01-08,30.97573471069336,31.013994948821452,30.330108699244548,30.507059564064143,251400
2024-01-09,30.39706039428711,30.947037567427472,30.134025850232646,30.30619325203253,259000
2024-01-10,30.033597946166992,30.44488636779988,29.73708840996478,30.15315844899755,273200
2024-01-11,29.603179931640625,29.72274042922504,28.876251887405573,29.72274042922504,453400
2024-01-12,29.46927070617676,30.110115041253454,29.368840326825165,30.10054998259877,267400
2024-01-16,28.871469497680664,29.51231386105361,28.586916743620165,29.51231386105361,259600
2024-01-17,28.74712562561035,28.85233944469408,28.15410476943165,28.15410476943165,432600
2024-01-18,29.717958450317383,29.74187018614145,28.67539071412128,29.03407222452778,338600
2024-01-19,30.464017868041992,30.4903213258058,29.49796874242616,29.732306316969204,309800
2024-01-22,31.688310623168945,31.970471604437424,30.99007785820176,31.018771205802956,430600
2024-01-23,31.4539794921875,32.128302565557654,31.083344805084167,32.128302565557654,312800
2024-01-24,31.65483856201172,32.0135200553766,31.40615068334184,31.80787585323286,237600
2024-01-25,31.47310256958008,32.46306329182743,31.262678585956643,32.233509191747935,259400
2024-01-26,31.812654495239254,32.03264901406449,31.45397301484991,31.540056716091225,207600
2024-01-29,32.60653305053711,32.64000983775619,31.707439587584474,31.774393162022644,414200
2024-01-30,33.33824920654297,33.878661350165395,32.62232014819568,32.90305088615782,365800
2024-01-31,32.10916519165039,33.84040241597112,31.980041466714123,32.640014063926465,711600
2024-02-01,31.34398078918457,32.49654209977694,30.13402730131466,32.49654209977694,445600
2024-02-02,30.860958099365234,31.05225564412501,30.220113696073145,30.387499503825097,500600
2024-02-05,29.101024627685547,30.377931701315088,29.06754783402751,30.30619467242019,454200
2024-02-06,28.86668968200684,29.407103695323205,28.546266568147185,28.952773394724435,391200
2024-02-07,28.608436584472656,28.943206352740788,27.761948016957657,28.943206352740788,389400
2024-02-08,28.89537811279297,28.91929167007736,28.166060224326262,28.51278491277047,389000
2024-02-09,29.923603057861328,30.270327792765706,28.527137234569512,28.881035307881096,533400
2024-02-12,30.904001235961918,31.277029434892384,29.976210531865124,29.99534065087401,434000
2024-02-13,28.79016876220703,29.937948467491807,28.28801502712316,29.39753632107267,672400
2024-02-14,30.04316520690918,30.21533263549755,28.88582033038521,28.957555542731285,376800
2024-02-15,31.92265510559082,32.094822526145954,30.339673349207285,30.339673349207285,466200
2024-02-16,31.49223518371582,31.83895990632655,31.176597358898807,31.305721094347376,342800
2024-02-20,30.33010673522949,30.99821232644676,30.272718206102088,30.90399932389733,378000
2024-02-21,29.97620964050293,30.13881199854625,29.636658247760515,30.13881199854625,291200
2024-02-22,29.72274398803711,30.165117517196755,29.49796964187387,29.813609320315475,340600
2024-02-23,30.12446594238281,30.37793363171439,29.325800812371387,29.646223917622223,198400
2024-02-26,29.67013168334961,30.29854122572808,29.273189980232218,29.84708069801302,280600
2024-02-27,29.86143493652344,30.06947089891168,29.746657858504847,29.947518657211763,206200
2024-02-28,29.627092361450195,30.01590297736458,29.368841242764702,29.368841242764702,216600
2024-02-29,30.220111846923828,30.739005812420647,29.92360231260313,30.44488617461048,296800
2024-03-01,29.81838798522949,29.95707860314274,29.115373485433523,29.95229698585366,254400
2024-03-04,29.38797187805176,30.38032441362695,29.144067431327542,29.92360241841016,314000
2024-03-05,30.803571701049805,30.97095568614325,28.871471587643622,29.124941110661908,327200
2024-03-06,30.82269096374512,31.42288692173695,30.114894949817707,30.82747440468549,452200
2024-03-07,31.0522518157959,31.59744737949275,30.760523916960267,31.33441283178956,282200
2024-03-08,31.300933837890625,32.00873352185194,30.918342471143724,32.00873352185194,248200
2024-03-11,31.23876953125,31.51615078680221,31.11442558070984,31.257899650463653,242600
2024-03-12,30.60749053955078,31.18855286638791,30.36836951971054,31.0713859018324,270400
2024-03-13,30.564451217651367,31.17660231976384,30.47501981746166,30.49749761843956,263200
2024-03-14,29.478836059570312,30.253587574862017,29.3186254302864,30.253587574862017,620000
2024-03-15,29.51231384277344,29.99533929194745,29.206239249892093,29.38797172354607,1381200
2024-03-18,29.29710578918457,29.90447338276703,29.239717256727147,29.61752889613135,325200
2024-03-19,29.04363822937012,29.521880258816715,29.00537981567564,29.273194184582657,348800
2024-03-20,30.49271011352539,30.739006284024924,28.847558236541463,29.024507271505065,369200
2024-03-21,31.08094596862793,31.20050646635936,30.60270580205061,30.640964212663494,318200
2024-03-22,30.56922721862793,31.26746008832029,30.356409678374767,31.26746008832029,244400
2024-03-25,30.449668884277344,31.1407284650948,30.401845411472447,30.74618025358304,135800
2024-03-26,30.48314666748047,30.741395967624094,30.291849132816267,30.736612525865816,271400
2024-03-27,31.65483856201172,31.76483217670672,30.61227087534992,30.61227087534992,292400
2024-03-28,31.880634307861328,32.28418487781199,31.270499566942824,31.55875416297552,345800
2024-04-01,31.51070785522461,31.755722784597538,30.878958813206445,31.755722784597538,400200
2024-04-02,30.107887268066406,31.09274864647476,29.67551084519295,30.99666255340754,583200
2024-04-03,30.237598419189453,30.42496353727826,29.853263239753502,29.89169767402445,258000
2024-04-04,30.055042266845703,31.217658320356215,29.953192475670495,30.75645241037597,376600
2024-04-05,30.203969955444336,30.316868818099955,29.56981643546636,29.95415162444472,530200
2024-04-08,30.991857528686523,31.126374378613917,29.944543055997084,30.38652803870401,215000
2024-04-09,31.48188591003418,31.765335290936765,31.08361704319216,31.19363497366391,198200
2024-04-10,28.69545555114746,30.32407730821422,28.246262673980905,30.32407730821422,716600
2024-04-11,29.026939392089844,29.12302363903044,28.26547507968024,28.950072361068283,363400
2024-04-12,28.6137809753418,28.99811614024924,28.32552822717025,28.7002566165278,260200
2024-04-15,28.62339401245117,28.85879853559478,27.98923860141259,28.82997270652101,347400
2024-04-16,28.40720558166504,28.853995863804663,27.91477486052197,28.20062504980887,247800
2024-04-17,28.277490615844727,28.83958052239984,28.15258052595146,28.7194756535474,279800
2024-04-18,28.3687686920166,28.6209896410944,28.21263200128534,28.287098263647668,310800
2024-04-19,28.93086051940918,29.079789379376557,28.31592236330374,28.31592236330374,379400
2024-04-22,29.44971466064453,29.661100411226517,28.743499249591352,29.13744308866059,285600
2024-04-23,30.08386611938477,32.18810387063851,29.990184471149767,31.078336089191687,829800
2024-04-24,30.285642623901367,30.348095833005548,29.55059961783543,29.9205228149388,377800
2024-04-25,29.435300827026367,29.906111682592783,29.171070487928,29.853265248242145,587600
2024-04-26,29.18548011779785,29.699528756799367,29.16626290092844,29.42088644281152,263800
2024-04-29,28.488874435424805,29.305587907576765,28.474462437657515,29.305587907576765,375200
2024-04-30,28.325529098510746,28.568141423337664,28.07090738754972,28.29670510566515,349400
2024-05-01,28.96929359436035,29.795615666924878,28.46485351878625,28.62819621144075,440000
2024-05-02,29.59384155273437,29.6466879928981,28.753107396887888,29.49775911533308,309200
2024-05-03,30.184755325317383,30.27122914142707,29.8436561184554,30.237599926091416,272800
2024-05-06,30.46820068359375,30.80449649826808,30.27122878211376,30.463397295454868,256200
2024-05-07,30.357704162597656,30.876556211803315,30.32407494795723,30.6267397123758,260400
2024-05-08,30.42976951599121,30.665175864306228,29.99739125690438,29.99739125690438,203200
2024-05-09,31.039899826049805,31.08794103623638,30.27122763448175,30.41054970973939,313200
2024-05-10,31.11676788330078,31.203243535691872,30.54507119861885,31.049509449808788,267400
2024-05-13,31.06392478942871,31.429040948779704,31.035097128725443,31.227265650405258,276200
2024-05-14,31.885446548461918,31.93108332641538,31.39061133782763,31.7461244404554,279800
2024-05-15,31.74131202697754,32.58685126161166,31.443450656798284,32.42831196787225,282200
2024-05-16,31.34256362915039,31.58277335213811,31.294522417614747,31.52032014367272,196600
2024-05-17,31.707683563232425,31.82538764748615,31.505908274777045,31.54914426574198,193000
2024-05-20,31.284914016723636,31.70287656721829,31.236869142373592,31.70287656721829,230000
2024-05-21,31.37139320373535,31.635621715968917,31.020685374024247,31.14079024285124,169000
2024-05-22,30.80449676513672,31.356976205978107,30.50183199543156,31.241676563098377,247200
2024-05-23,30.088668823242188,30.914988980411927,29.877283105293817,30.914988980411927,241400
2024-05-24,30.11749649047852,30.3480976205697,30.0194916058026,30.20397214334457,263800
2024-05-28,29.733158111572266,30.381725439093263,29.55059821575287,30.381725439093263,212400
2024-05-29,28.84919166564941,29.26955874355379,28.71467478716962,29.161465085154678,354200
2024-05-30,29.66109848022461,29.80041873180958,29.03174832333975,29.35843370510313,283000
2024-05-31,29.689922332763672,30.093474753438915,29.29357591078096,29.8340478045788,274000
2024-06-03,28.87801170349121,30.175144507349035,28.78673084055812,30.175144507349035,264000
2024-06-04,28.49367904663086,28.8395798142268,28.299107917662404,28.52730826247137,270200
2024-06-05,28.98370933532715,29.185484645796542,28.349553908832718,28.80595280068892,220400
2024-06-06,29.24793815612793,29.39206363212152,28.690651638339148,28.863602942593403,251000
2024-06-07,28.82516860961914,29.190286605639507,28.642608695281524,28.815560000164016,287000
2024-06-10,28.55133056640625,28.940471014821505,28.114148901835744,28.368770646237436,512000
2024-06-11,28.46004867553711,28.721876392903635,28.109340868599496,28.344747202582248,330800
2024-06-12,29.35843276977539,30.15112375963285,29.103811048704507,29.87728482079876,310800
2024-06-13,28.834775924682617,29.550119731181827,28.57054559082004,29.406474416687463,218400
2024-06-14,28.42641830444336,28.584957604444828,28.210231015575587,28.34955126486365,280800
2024-06-17,28.8828182220459,28.902035440815325,28.21023205900965,28.311119708566864,221200
2024-06-18,28.863603591918945,29.28637141999023,28.753105497428034,28.79634332446429,302000
2024-06-20,28.560937881469727,29.1566569984719,28.460050232524093,28.801147616666857,288400
2024-06-21,28.21984100341797,28.584959001097456,28.166994567502083,28.508091957762044,1320000
2024-06-24,29.07498359680176,29.348822520328568,28.215032392843344,28.508088533059144,315600
2024-06-25,28.53211212158203,29.11966493001906,28.498482905186563,28.805951073747888,207400
2024-06-26,28.344749450683597,28.623393630042624,28.229447968583848,28.392790665843137,354600
2024-06-27,29.175874710083008,29.18067993115485,28.109342881337984,28.493679930271057,365200
2024-06-28,30.357704162597656,30.4970262419107,29.45451692274803,29.627466384046752,1428000
2024-07-01,30.198410034179688,30.6835334113492,29.81706778592556,30.232199667174672,542000
2024-07-02,30.31908798217773,30.700428391062324,30.1453116736243,30.15979241887145,276400
2024-07-03,29.797758102416992,30.36735738826096,29.73500513936046,30.237025161019016,172400
2024-07-05,29.40676498413086,29.96671173557004,29.3778034910544,29.609504642651437,276400
2024-07-08,29.15092658996582,30.135657796010413,29.141272145820647,29.72052590475258,270600
2024-07-09,29.537097930908203,29.67708462210328,29.05438672656417,29.05438672656417,254000
2024-07-10,30.33357048034668,30.38184086155791,29.50813480841434,29.50813480841434,367000
2024-07-11,32.47679901123047,32.568515289666145,30.92246883349462,31.284502122738942,738800
2024-07-12,33.03193283081055,33.58222339194012,32.5540496977864,32.85815647647544,778200
2024-07-15,34.21456527709961,34.86622828137534,33.48084594329052,33.48084594329052,743600
2024-07-16,38.65068817138672,39.33613723646762,34.22422706097157,34.90484798255347,2419400
2024-07-17,38.06660461425781,39.56300856183374,37.91696532433845,38.00385348556772,1089400
2024-07-18,37.35701751708984,38.24037985070114,36.93705746927611,37.4680427077052,763000
2024-07-19,37.395633697509766,38.14142154672645,37.096351456160896,37.21702924468634,472800
2024-07-22,38.12452697753906,38.53965516454125,36.64598106552164,37.38115138936491,544600
2024-07-23,38.75688552856445,39.37958346410736,37.60320597069027,37.69009414036589,712400
2024-07-24,37.579063415527344,39.09477617726286,37.48735079858256,38.74722354961504,498600
2024-07-25,38.66999435424805,39.60210955944363,37.55493266571269,37.55493266571269,618600
2024-07-26,38.87755584716797,39.39405662217556,38.573449153290376,39.056160295644894,438600
2024-07-29,37.74801635742188,38.85825364908491,37.73353560990534,38.84377290156838,401600
2024-07-30,38.12452697753906,38.45518292578122,37.53079066238656,38.153488467080365,343800
2024-07-31,38.73274612426758,39.82126225039272,37.62009664752769,38.09074301944308,569000
2024-08-01,37.27495574951172,38.83893885092797,36.43986383605915,38.25003065619633,734400
2024-08-02,36.48331451416016,36.59916417457963,34.842095646574776,35.50341133694141,652800
2024-08-05,35.6916618347168,36.39641963673728,33.87183882734344,34.62004254575634,1207200
2024-08-06,36.00542449951172,36.517100845389415,35.06413918859468,35.39721107528562,466000
2024-08-07,35.459964752197266,36.78742056874865,34.84209499774043,36.56054571267279,521000
2024-08-08,35.918540954589844,36.309535834976906,35.312736061927744,36.07783284632165,336800
2024-08-09,35.426170349121094,35.93784298017021,35.02069475835622,35.93784298017021,280800
2024-08-12,34.7938232421875,36.1405878958279,34.6538365560248,35.701318947924854,287600
2024-08-13,35.459964752197266,35.575814410459365,34.557293471136404,35.31032545682563,273000
2024-08-14,35.653045654296875,35.68200714465719,35.054484862489765,35.68200714465719,289800
2024-08-15,36.39641952514648,37.28943436894436,36.3240121199102,36.956362514533616,427000
2024-08-16,37.110836029052734,37.36184791743892,36.17437879781136,36.348155125834346,360000
2024-08-19,38.003849029541016,38.24761682531032,37.15910454883549,37.15910454883549,372200
2024-08-20,37.19772338867188,37.81076866671659,37.00946631785037,37.81076866671659,280200
2024-08-21,37.73352813720703,37.805935543244615,36.97567181064016,37.381151074774415,294800
2024-08-22,37.47286987304688,37.94834070909603,37.43425577520498,37.64664620311531,184200
2024-08-23,39.40371322631836,40.35948300567471,37.59596217159883,37.96523593837889,508800
2024-08-26,38.853424072265625,40.03365282764898,38.83894332528332,39.852636124781625,351800
2024-08-27,38.6748161315918,39.08994798803475,38.22589464417295,38.616889471578745,227200
2024-08-28,38.9403076171875,39.26613911681071,38.53965647850258,38.61206388761816,286800
2024-08-29,38.66999435424805,39.33613448147275,38.62172397102206,39.30717298809599,372200
2024-08-30,39.12856674194336,39.15270377385719,38.34174885099232,38.73274372499706,264000
2024-09-03,38.105224609375,39.283037473346326,37.8783497483707,38.49621951624962,505200
2024-09-04,38.16313934326172,38.52517267732846,37.30874229529335,37.97488230417049,320000
2024-09-05,37.61285018920898,38.6796413395672,37.48734794760941,38.6796413395672,187200
2024-09-06,36.99015808105469,38.16797459235243,36.72466912964843,37.92661899136809,212000
2024-09-09,37.06256103515625,37.34253438245673,36.54123211593337,37.02877140239887,296000
2024-09-10,36.69570159912109,37.086700151932384,35.83647630398507,37.086700151932384,360800
2024-09-11,36.20816421508789,36.59433092351753,35.28135601271042,36.14540940890765,368600
2024-09-12,36.84534454345703,36.94430121732123,36.092312612864,36.56054303769074,294200
2024-09-13,37.82041931152344,37.92661635782954,37.28943776278688,37.51631260120556,379600
2024-09-16,38.73274612426758,38.74722687119527,37.33529880383179,37.91213854748167,318400
2024-09-17,39.34578323364258,40.10846398127687,38.747218811315406,39.14304177044481,584400
2024-09-18,40.08433151245117,41.69658487206483,38.83893594936672,39.59196411179288,747600
2024-09-19,41.63383483886719,41.73520373393093,40.46808702144367,41.03044592815897,1069800
2024-09-20,40.78909683227539,41.55178142022879,40.54774122971755,41.52281624362177,1354200
2024-09-23,40.16640090942383,41.04976334206251,40.08434088439254,40.82771661873375,462200
2024-09-24,38.70861053466797,40.36913448236003,38.7037823917066,40.11329814731761,416400
2024-09-25,38.19693374633789,38.9499656795844,38.05212260429378,38.9499656795844,407400
2024-09-26,38.09556198120117,38.90168869470359,38.090737521451125,38.90168869470359,328000
2024-09-27,38.1776237487793,39.08995122629374,37.93626816958774,38.55414154586498,324000
2024-09-30,38.83411407470703,39.09960670445991,37.9700642785167,38.18245469952486,279800
2024-10-01,37.472618103027344,38.68875924528735,37.198867963084105,38.68875924528735,275600
2024-10-02,37.71002960205078,38.18098106696316,37.317567583571616,37.317567583571616,188200
2024-10-03,37.77786636352539,37.96198185965698,37.254586073578274,37.3950967271703,193200
2024-10-04,38.66453170776367,38.83653350022792,38.13398399098657,38.47557001364832,204400
2024-10-07,37.908687591552734,38.800202640984125,37.58115590500482,38.800202640984125,409200
2024-10-08,37.58405685424805,38.76143560872625,37.57436812184044,38.16547690974752,246400
2024-10-09,38.083106994628906,38.44164921306178,37.255066063701925,37.36117634362022,329400
2024-10-10,37.9232177734375,38.45134425354675,37.47019467962184,37.67127006956328,399600
2024-10-11,39.7450065612793,39.93881447920153,37.92806426184318,38.083109856865256,350800
2024-10-14,40.44755935668945,40.752804328868265,39.42280124954483,39.71109001600298,230200
2024-10-15,41.19855499267578,42.20635307631444,40.394257229260106,40.49600554108255,370600
2024-10-16,42.45346450805664,42.55521283492178,41.48830261337245,41.61040060561062,429200
2024-10-17,42.429237365722656,43.0542659741234,42.05616016515936,42.53583190776322,328400
2024-10-18,41.51834487915039,42.40985614483338,41.28480612990896,42.40985614483338,353200
2024-10-21,40.122928619384766,41.57163989230691,40.04298271730752,41.532877570709736,498000
2024-10-22,40.9272346496582,41.49654106221156,40.05267954174934,40.457251614302905,536400
2024-10-23,40.78672790527344,40.98537837531333,40.256180071074695,40.5638500551066,372800
2024-10-24,41.188873291015625,41.3923699493903,40.38941790845372,40.90785198378656,373200
2024-10-25,40.06478500366211,41.56194349059546,39.924274373738,41.56194349059546,417800
2024-10-28,41.5716438293457,41.908383674882856,40.62198534316988,40.62198534316988,362000
2024-10-29,41.019290924072266,41.697613088585946,40.67043741284891,41.18887146520069,703000
2024-10-30,41.17918395996094,41.98833183279967,40.74311701879195,40.74311701879195,353000
2024-10-31,40.28282165527344,41.443244203739006,40.23921681457714,41.053207110115046,304400
2024-11-01,40.849708557128906,41.29546789553872,40.282823423719016,40.82548487676038,414200
2024-11-04,40.9272346496582,41.50865475111245,40.01149595674939,40.44756288112951,528000
2024-11-05,41.87203979492188,42.08522887299161,41.01444466132249,41.01444466132249,328800
2024-11-06,46.64454650878906,47.482764280230754,44.47875414113347,44.57565626307377,1582600
2024-11-07,45.39933395385742,46.98855605811457,44.99234061868177,46.431359633127904,592000
2024-11-08,46.504032135009766,47.23080902355709,45.41047334320599,45.447782909124506,506000
2024-11-11,47.84130096435547,48.51962682823221,47.48275871927235,47.628115581738285,548800
2024-11-12,46.80927658081055,48.340351286898105,46.72690942152973,47.64264799526634,464400
2024-11-13,46.46527099609375,47.64264973336222,46.34898772600928,47.44884181883576,466600
2024-11-14,45.88385009765625,46.99775865103577,45.70458081528051,46.92071825360108,350600
2024-11-15,45.82571029663086,46.19152003167068,45.069859752943096,46.15033644798371,375200
2024-11-18,45.36057662963867,46.2520879780101,45.28305197504342,45.84024841606506,245600
2024-11-19,45.37994766235352,45.50107713568257,44.570799971116045,44.570799971116045,334600
2024-11-20,44.92935562133789,45.14738724200189,44.4254564593764,44.97780668186556,277800
2024-11-21,45.18130111694336,46.29084772201056,44.97053698096524,45.36541661646388,396600
2024-11-22,46.82381820678711,47.075769631396405,45.13285145857411,45.52530984714068,521800
2024-11-25,47.9672737121582,49.115582504520496,47.34224515656189,47.48275579587378,619600
2024-11-26,47.114524841308594,47.986658637684094,47.09514367954706,47.390699927397726,533200
2024-11-27,47.03700637817383,47.817080621577325,46.9788628898146,47.59904531266435,287800
2024-11-29,46.40713119506836,47.72502068252574,46.34899140370211,47.666877194580685,252000
2024-12-02,46.169715881347656,46.92798765571143,45.97590796210641,46.76082837157308,584600
2024-12-03,45.68035125732422,46.46672441426629,45.57860293247661,46.33444974367512,325400
2024-12-04,46.30538177490234,46.348990313980536,45.29322525405281,45.6415908319734,463600
2024-12-05,45.8741569519043,46.90860374926804,45.69246273135597,46.28115023157492,289200
2024-12-06,46.106727600097656,46.184248546016,45.64158713827395,46.184248546016,227200
2024-12-09,45.76756286621094,46.77778229876946,45.68034949163,46.59124555871506,361000
2024-12-10,45.84992980957031,47.08593624596226,45.00202344271422,45.81117118505647,604200
2024-12-11,46.04859161376953,46.73660629331674,45.845094938959065,46.552490782285226,672000
2024-12-12,45.36057662963867,46.02678888167826,45.297586923635286,45.88869947689759,263400
2024-12-13,45.0601692199707,45.39206283185781,44.304322403056986,45.30242819427162,512600
2024-12-16,45.74334335327149,45.74334335327149,44.8179122555822,45.16676578567285,365000
2024-12-17,44.69678497314453,45.64159358337618,44.565966741181285,45.45747807631484,432800
2024-12-18,41.85750579833984,45.244285265642105,41.5328796559664,45.21521537127393,570200
2024-12-19,41.23248291015625,43.26746081938203,41.17434311335895,42.47769407814671,483400
2024-12-20,41.60071563720703,42.53583552195649,40.73342797650539,40.73342797650539,2277800
2024-12-23,41.6782341003418,41.89142318977813,41.1743386651666,41.1985623456888,348200
2024-12-24,42.03678131103516,42.12932146611697,41.33907423143294,41.56679827527971,155400
2024-12-26,42.429237365722656,42.48253463674293,41.47716135414692,41.74122275365188,192800
2024-12-27,41.94472122192383,42.43408541491305,41.193716877135785,41.959256169816186,289600
2024-12-30,41.49411392211914,41.915645838706176,41.29061728510953,41.7073029875073,470400
2024-12-31,41.058048248291016,41.7315278735446,40.878778980459096,41.54741239138309,345800
2025-01-02,40.66160202026367,41.64908038256836,40.28461320859295,41.430179702525294,659600
2025-01-03,41.01670837402344,41.126156865852494,40.17030200296128,40.9194216504533,317200
2025-01-06,41.36693954467773,42.12092080339291,40.72970307682007,41.00697427463791,624400
2025-01-07,40.84645080566406,41.73177326511679,40.13138195163489,41.57124684661019,561000
2025-01-08,40.76375198364258,41.00210700349716,40.180020632799945,40.651868935241545,246000
2025-01-10,39.60602569580078,40.25785857168278,38.939603894834136,39.72277420898136,467000
2025-01-13,40.1751594543457,40.18489035241474,39.1706613368551,39.18282310381628,281200
2025-01-14,41.90202331542969,41.90202331542969,40.40864974098844,40.40864974098844,307400
2025-01-15,42.78734970092773,43.59970527616996,42.3009087033575,43.5121457481573,396400
2025-01-16,42.42251586914063,42.76059218942783,42.18659170556791,42.665736350246526,512400
2025-01-17,43.30297470092773,43.44890848041953,42.57817867495222,43.00138366647828,552400
2025-01-21,43.760231018066406,44.38287489150929,43.46350171724593,43.75536556901601,381200
2025-01-22,43.3613510131836,43.692131045982464,42.92841881439174,43.29811501840232,368200
2025-01-23,42.51494598388672,43.375944958232814,42.320368833208086,42.92842010954728,461000
2025-01-24,42.972198486328125,43.222719029248665,42.18903184825565,42.18903184825565,352400
2025-01-27,43.62402725219727,44.17954202025814,43.093804653936346,43.44404275347564,522800
2025-01-28,44.78662109375,45.6768089820956,43.53646791763767,43.53646791763767,588000
2025-01-29,44.38774490356445,45.23463744791225,43.8769803270232,44.48989707662258,516400
2025-01-30,43.8477897644043,45.11740102269774,43.46350094376661,44.835264362799165,538400
2025-01-31,44.10559844970703,44.50691444568417,43.714499524400125,43.920752231446215,443200
2025-02-03,42.9478759765625,43.63375585098249,42.315501197345256,43.34189199567079,647000
2025-02-04,44.25153732299805,44.334231400353,42.67790042811017,42.855450349784086,297800
2025-02-05,45.41900253295898,45.41900253295898,44.37315352495588,44.48017115060048,267800
2025-02-06,45.52114868164063,45.67194420076412,45.02011505632687,45.56979203833367,313600
2025-02-07,44.17856979370117,45.44818105238289,43.79428097294596,45.28278918881412,548000
2025-02-10,44.061824798583984,44.60177458254241,43.57051837030872,44.246671034680055,387800
2025-02-11,44.82067108154297,44.96660485835398,43.5316017572127,43.5316017572127,255000
2025-02-12,43.307838439941406,44.20045716371322,43.307838439941406,43.62402580885582,312800
2025-02-13,43.3370246887207,43.67267014912783,42.7824822740264,43.67267014912783,361200
2025-02-14,43.059757232666016,44.06182825228524,42.9235543415771,43.56565633617514,238800
2025-02-18,44.052093505859375,44.20775446940039,42.4760257861003,43.05489173391695,429400
2025-02-19,43.85752487182617,44.18343946993024,43.44891247840051,43.44891247840051,390600
2025-02-20,43.21541595458984,43.66294448784952,42.62196106170791,43.37594237267483,400800
2025-02-21,42.2036247253418,43.93535360139818,41.95067331190066,43.93535360139818,469000
2025-02-24,42.64141845703125,42.9138242205874,41.77555038769171,42.46629940581653,466400
2025-02-25,42.95273971557617,43.37107925232585,42.68665421526264,43.1181278662097,410400
2025-02-26,43.22028350830078,43.57052163345028,42.821402023825065,42.83113292244057,518200
2025-02-27,43.59484100341797,43.87454307625711,42.99797549952459,43.1862286593681,417800
2025-02-28,44.46070861816406,44.65042031329474,43.67753830288086,43.67753830288086,692800
2025-03-03,44.41692733764648,45.448183612624696,43.91346282325585,44.47530159476802,765800
2025-03-04,42.54412078857422,43.95966559296416,42.46142672604101,43.9304766152322,666000
2025-03-05,42.54899597167969,43.08651121237519,41.67340066438104,42.51981069851986,623600
2025-03-06,41.82905960083008,42.1087653962276,41.40099286660242,42.06255290847712,451200
2025-03-07,41.53233337402344,42.03337074717046,40.56188590445218,41.77069214834839,414400
2025-03-10,40.18975830078125,41.30370867894702,39.70574815112776,40.88050365663062,593000
2025-03-11,39.4892807006836,40.63144396583515,39.31173077405929,40.40378844862214,765800
2025-03-12,39.68871688842773,40.43297468861877,39.40171849805184,39.824923477229085,435400
2025-03-13,39.30443572998047,40.12408765752431,39.13417840471875,39.82006202134331,470600
2025-03-14,40.5643196105957,40.56918506033561,39.59873381164049,39.69358966968958,355600
2025-03-17,40.437835693359375,40.89266051488617,40.14451333818087,40.33568353704721,361200
2025-03-18,40.22380828857422,40.58377359668159,39.896917643853406,40.34541854102607,428200
2025-03-19,40.44757080078125,40.87563755434636,39.85654304265546,40.12651795216963,582200
2025-03-20,39.888160705566406,40.734566978949104,39.81032836669204,39.81032836669204,419000
2025-03-21,39.78114318847656,40.00977104539313,39.21930444419235,39.87843361229754,988000
2025-03-24,41.06048583984375,41.30370633539193,40.21894129229695,40.21894129229695,427000
2025-03-25,40.81726837158203,41.24533513944509,40.488919193739285,41.13831751966669,281400
2025-03-26,40.7248420715332,41.50801239685118,40.471890667284335,41.06048755702673,270000
2025-03-27,40.32109451293945,40.96562735855196,40.10705928364156,40.79294288048235,277800
2025-03-28,39.85897445678711,40.36487351331547,39.374964353311626,40.36487351331547,244200
2025-03-31,40.180023193359375,40.28460993127425,39.17552511861918,39.2655155100517,479000
2025-04-01,39.527976989746094,39.98220941931269,39.12014522806274,39.70869439982748,592600
2025-04-02,40.15316009521485,40.15316009521485,38.95164278378151,38.98583216444316,429800
2025-04-03,36.128562927246094,37.96747079699324,36.065065705236776,37.89664754573096,537200
2025-04-04,34.55584716796875,35.03450223830506,33.07104424178574,34.76586872030563,879800
2025-04-07,34.3116340637207,36.27997347144277,32.84636855210274,33.35921297171418,924400
2025-04-08,33.44712829589844,35.74954726411999,32.83171575153939,35.39593033894548,829400
2025-04-09,36.07973098754883,36.51198173270772,32.62170266809509,32.74380815627046,993600
2025-04-10,33.710880279541016,35.28848476757372,32.88447343689185,35.04915906305089,548600
2025-04-11,33.574119567871094,33.9697438314332,32.65100249683166,33.22245521197735,402600
2025-04-14,33.69622039794922,34.15533810226892,32.72914727882985,34.15533810226892,399200
2025-04-15,33.87694549560547,34.378066874722904,33.662038653127325,33.662038653127325,493000
2025-04-16,33.85740280151367,34.29209795386634,33.4764343512597,33.56923569604162,561400
2025-04-17,34.05276870727539,34.623245015547376,33.55311192085112,33.92089273367948,622600
2025-04-21,33.94532012939453,33.95508692724205,33.26641402491569,33.627845167084395,743600
2025-04-22,33.9306640625,34.497231429827906,32.47028387996846,32.72426158400592,861600
2025-04-23,34.66818618774414,36.0274628592927,33.64738253538861,33.64738253538861,518400
2025-04-24,35.03938674926758,35.190800075161846,33.82907880751694,34.66818878097502,382600
2025-04-25,34.57538604736328,34.69749151988835,34.09673095546514,34.65841687435314,286800
2025-04-28,34.71702575683594,34.84401275399321,34.23104467789175,34.5900350333157,320800
2025-04-29,35.26405334472656,35.45453755334547,34.421526464087144,34.71213803851828,310400
2025-04-30,34.785404205322266,35.019844602866385,33.947758808057046,34.41420256178733,428800
2025-05-01,35.35197448730469,35.57664810592234,34.42397589234234,34.80494436418806,504800
2025-05-02,36.39231491088867,36.6316405860022,35.470174173383135,35.88924097639235,353400
2025-05-05,36.255558013916016,36.82701072268664,35.91854572221697,36.04553645517597,261200
2025-05-06,35.83551406860352,36.32393594031011,35.3910483766962,35.75247951837739,337400
2025-05-07,35.5668830871582,36.38254677679796,35.32023136583268,36.2409039767299,352800
2025-05-08,36.48023223876953,36.709791123805125,35.60107134424242,36.06018911431361,238000
2025-05-09,36.41672897338867,36.6023316461231,36.13832869064972,36.348350218074735,194200
2025-05-12,38.37042236328125,38.97606818792638,37.82339223310279,37.92107512024515,528000
2025-05-13,38.26785659790039,38.69767027137537,38.03341616360815,38.66348088610927,221800
2025-05-14,37.960147857666016,38.40460981609613,37.884443064981326,38.111557443035394,351800
2025-05-15,38.077369689941406,38.385074135859256,37.615811157883,37.9845683393978,206200
2025-05-16,37.7061653137207,38.01875499948122,37.56940779199585,38.01875499948122,371200
2025-05-19,37.3984603881836,37.457072350863605,37.07365941526239,37.20797616742724,249200
2025-05-20,37.31543350219727,37.4448650061901,37.13471605965854,37.325200300491886,245400
2025-05-21,35.942962646484375,37.08098646694105,35.91365852751807,36.82212347910392,250200
2025-05-22,35.88923645019531,36.2995089843624,35.605950904396494,35.605950904396494,315400
2025-05-23,35.65479278564453,35.88190714281678,34.902622737249594,35.26405383991428,434000
2025-05-27,36.61698913574219,36.753746666655815,35.81109228415749,36.11879672871314,326600
2025-05-28,36.20671463012695,36.67315844571271,36.11879853779856,36.543726938446376,358000
2025-05-29,36.573028564453125,36.573028564453125,35.96738648439237,36.29951350759275,372200
2025-05-30,36.35323715209961,36.59500730074471,36.060184797791,36.49487993072739,411800
2025-06-02,35.83063125610352,36.19694768492707,35.48873741308023,36.11879839145694,493000
2025-06-03,36.485111236572266,36.59500913551547,35.6523548022128,35.752478450887175,283200
2025-06-04,36.07973098754883,36.504655701526296,35.92099161710259,36.41673960098548,303000
2025-06-05,35.923431396484375,36.104145110390895,35.623049252018745,36.09926357448654,224600
2025-06-06,36.70001983642578,36.81724004447192,36.25067260027954,36.38254486853605,217600
2025-06-09,36.75374603271485,37.17622991050656,36.75374603271485,36.85631417913093,229000
2025-06-10,37.14936447143555,37.5059140591634,36.78304808637239,36.83189325213785,272400
2025-06-11,36.553489685058594,37.3935758683262,36.50953350694862,37.3935758683262,302200
2025-06-12,36.28486251831055,36.675597793017786,36.01867348359244,36.38254540539653,290000
2025-06-13,35.45454406738281,36.00646320135749,35.30801973264276,35.88435772589242,476800
2025-06-16,35.36174774169922,36.01379055752219,35.26894638449326,35.92831523100475,380000
2025-06-17,35.10776138305664,35.60350926476696,34.81080378867476,35.073572002468445,476800
2025-06-18,35.32266616821289,35.74759449665071,34.85866692588461,34.85866692588461,411800
2025-06-20,35.625492095947266,35.781786944001645,35.35197331707976,35.51315342717547,1315800
2025-06-23,37.22262954711914,37.29100830949034,35.43988901075439,35.43988901075439,954400
2025-06-24,37.58406066894531,38.15063181568937,37.535219228175706,37.62802057409211,563800
2025-06-25,37.42288589477539,37.70372698603823,37.26659104178018,37.59383280799464,404400
2025-06-26,38.38995742797852,38.47298824980218,37.55231572722915,37.69151401953787,515600
2025-06-27,38.6195182800293,38.92722272594617,38.26296866454441,38.51695013139034,2788400
2025-06-30,37.85757446289063,38.7465019828273,37.81849982487169,38.7465019828273,529200
2025-07-01,39.30712890625,39.61371765463984,37.45778722267944,37.45778722267944,667400
2025-07-02,40.24897384643555,40.30293376751367,39.02261880836669,39.43957877280239,509200
2025-07-03,40.66102981567383,41.02402988110784,40.22444769497296,40.35198967459959,343000
2025-07-07,39.90068435668945,40.97987899878047,39.72556349799344,40.13614616265755,399000
2025-07-08,40.185203552246094,40.71008339231489,39.890879072845244,39.94974546574094,428400
2025-07-09,40.20482635498047,40.86705738033208,39.78099879815855,40.479528708006,459000
2025-07-10,40.50405502319336,40.81309515291618,39.65051294405033,40.038041594518496,416000
2025-07-11,40.23916244506836,40.45009566936294,39.82710893297963,40.10181127437212,297800
2025-07-14,40.714988708496094,40.7395173071432,40.10181116770549,40.10181116770549,226400
2025-07-15,39.04714584350586,40.57763836377312,38.983376725280095,40.528584908019546,452600
2025-07-16,39.8418197631836,40.00369951295944,38.9024314330179,39.45429115426789,524800
2025-07-17,40.705177307128906,41.02648172227273,39.93992923279512,39.93992923279512,518200
2025-07-18,40.714988708496094,41.4409925635092,40.35934648334528,41.019126116042166,378000
2025-07-21,40.45009613037109,41.62249130543982,40.45009613037109,40.93573170159293,577000
2025-07-22,40.93082809448242,42.16699236075813,40.734610534388544,40.734610534388544,871200
2025-07-23,41.04855728149414,41.38703248031275,40.49669749691878,41.20553058162736,471600
2025-07-24,40.1263427734375,40.7812159869737,39.96936946093301,40.63160050610699,333600
2025-07-25,39.85163116455078,40.05275518163775,39.26788872753665,40.05275518163775,350600
2025-07-28,39.611270904541016,39.93993318287711,39.361093408811975,39.84182626898357,469600
2025-07-29,38.99809265136719,40.011063173823295,38.88526633408641,39.87125689431486,293600
2025-07-30,39.16978073120117,39.86144679670416,38.988282573545646,39.12563374448671,454400
2025-07-31,38.58112716674805,39.17958897636477,38.38981609548215,38.77243823801395,506000
2025-08-01,37.92380142211914,38.08568118288835,37.03101511770205,37.77173459732664,686000
2025-08-04,38.39963150024414,38.414347163100814,37.96550073327781,37.96795583877984,382200
2025-08-05,38.40943908691406,38.757723448650175,37.56325116513657,38.40943908691406,373400
2025-08-06,38.06605911254883,38.62037397739969,38.0562499190954,38.4045342960391,360000
2025-08-07,37.619667053222656,38.45849342134446,37.40137601364598,38.45849342134446,268400
2025-08-08,37.96795272827149,38.09549470014532,37.624571072078645,38.00719698770013,267800
2025-08-11,38.17888259887695,38.23284251522815,37.75701620333392,38.06114983090804,322800
2025-08-12,40.00860977172852,40.10672043061467,38.55660570306407,38.65471636195023,956600
2025-08-13,41.12214279174805,41.2693031678167,40.141058647801046,40.44519233719966,353800
2025-08-14,40.62178421020508,40.75177754844323,40.27349981883695,40.65121927686147,287400
2025-08-15,39.9154052734375,40.80328512665818,39.83201028621225,40.80328512665818,351600
2025-08-18,40.160675048828125,40.26368842013781,39.44448417505243,40.17539071008115,265600
2025-08-19,40.4991455078125,40.65366743231685,40.121429822126565,40.12633628993864,320200
2025-08-20,40.72970581054688,40.9161141847619,40.49915044825281,40.56782603584609,387800
2025-08-21,40.631595611572266,40.873921238899854,40.28723341374228,40.5138628344719,313600
2025-08-22,43.3344841003418,43.47183902187723,40.83026896158173,40.96026230902763,601800
2025-08-25,43.31486129760742,43.47183459225683,42.91261699615964,43.12845293721598,460600
2025-08-26,43.77596664428711,44.46272618671094,43.24863549597401,43.25599332650575,524400
2025-08-27,43.53070068359375,44.11444692358268,43.13238227356899,43.41787810735955,554000
2025-08-28,43.339385986328125,43.91822570985091,43.17750622425361,43.91822570985091,436400
2025-08-29,43.24127960205078,43.66804876215884,43.17750674453499,43.4423998831565,348800
2025-09-02,42.917518615722656,43.10392697131052,42.61828769573647,42.73602047059358,517800
2025-09-03,42.87337493896485,43.16769941373254,42.4073577565888,42.4073577565888,463400
2025-09-04,43.28542709350586,43.41296906749066,42.824320136472345,43.06468468000865,418600
2025-09-05,42.92242431640625,43.96237468715757,42.53489569347352,43.34919719692319,464600
2025-09-08,42.41717147827149,42.87092062702951,41.94134509302973,42.6967802958568,504600
2025-09-09,41.48513412475586,42.36320469744184,41.438532038944025,42.36320469744184,379600
2025-09-10,41.318359375,41.87267055568029,40.52613125319429,41.3232621009737,314600
2025-09-11,41.60287094116211,41.634757372697685,41.04120192877185,41.27911512744752,445600
2025-09-12,41.05836486816406,41.4581578051745,40.86705378306989,41.25948888931044,311800
2025-09-15,41.1368522644043,41.57834081124852,40.92591905549753,41.34287900541879,406400
2025-09-16,40.89158630371094,41.15157299595897,40.23425799907616,41.15157299595897,491400
2025-09-17,40.93572998046875,42.368115519995854,40.871960865325214,41.11723187477688,433600
2025-09-18,42.21604537963867,42.441694261530266,41.06327237197001,41.61758351166858,705600
2025-09-19,41.32325744628906,42.24057234279753,40.9578060478506,42.24057234279753,1829600
2025-09-22,40.710079193115234,41.16138067368668,40.48933679196863,41.06817649685044,343400
2025-09-23,40.88177108764648,41.440992446402845,40.74441991770372,40.8032863087672,426200
2025-09-24,40.64140701293945,41.07063129527218,40.45990885449212,40.798380315062445,237600
2025-09-25,40.180301666259766,40.57763953462914,39.93012416939736,40.57763953462914,340400
2025-09-26,40.51386260986328,40.67574237057492,40.136146910741296,40.29802667145294,302600
2025-09-29,40.0527572631836,40.84498158907805,39.64805784528309,40.65612186072448,435400
2025-09-30,39.50334548950195,40.14105156760261,39.13053253264904,40.01841607124005,443000
2025-10-01,39.58955383300781,39.61565809844619,38.48122369638783,39.41222071049482,570800
2025-10-02,39.850624084472656,40.0328804015311,39.07725614292617,39.32847491911573,482600
2025-10-03,39.95407104492188,40.498382196077216,39.65359012345679,39.91958981253273,426000
2025-10-06,40.56980895996094,40.90723270794832,40.08214475517399,40.23977377885121,596200
2025-10-07,40.38755035400391,41.136291062526894,40.14125476060049,41.136291062526894,360600
2025-10-08,39.93929290771485,40.67817966164467,39.890034542420665,40.67817966164467,204400
2025-10-09,39.47625732421875,40.05357275076295,39.25311207394216,39.840773749375,240600
2025-10-10,37.811302185058594,40.02057405398331,37.70785848234101,39.63881511608123,378000
2025-10-13,38.44181823730469,38.84081591227686,37.72755873239892,38.29896633632353,336200
2025-10-14,39.88018035888672,40.170811101152914,38.19551947268422,38.27433210501536,341400
2025-10-15,39.3580322265625,40.197404930467975,38.89992232314822,40.03287967265466,330400
2025-10-16,36.84089660644531,39.13144645719617,36.6093781392055,38.90485495428581,619200
2025-10-17,37.04778289794922,37.39259898537834,36.58474597737105,37.1265992921636,536200
2025-10-20,37.5847053527832,37.80636986173298,36.8113374160362,37.11181455285865,465400
2025-10-21,35.02815628051758,36.9394085515648,34.68826719116214,36.501002737437545,1042800
2025-10-22,34.90501022338867,35.64635857315219,34.506012582687205,35.16115597537882,1009800
2025-10-23,34.87052917480469,35.4271558407625,34.40010370819787,34.98875000263675,705000
2025-10-24,34.924713134765625,35.55522920271629,34.89515511033704,35.31878379814869,356000
2025-10-27,34.939491271972656,35.30893464348308,34.76708511690226,35.1266745605959,473800
2025-10-28,35.072486877441406,35.35326367061178,34.712897457889696,34.890230564962785,403800
2025-10-29,33.92475891113281,35.23504961122864,33.7390488029007,34.79664372302244,442800
2025-10-30,34.01834487915039,34.6340838395067,33.68289041380979,33.84101175791398,514800
2025-10-31,34.614376068115234,34.74983937665116,33.35827097720423,33.70308325513933,591000
2025-11-03,34.84589767456055,34.87052873587785,33.914900680985546,34.506012329050066,588000
2025-11-04,34.540496826171875,34.769549933758576,34.175976626702415,34.4764575639602,550200
2025-11-05,35.052791595458984,35.46755104075379,34.44197580158279,34.801569031173976,460800
2025-11-06,34.77693557739258,35.32863903640418,34.44837735977765,34.99367689310648,332200
2025-11-07,35.34834289550781,35.35326610125183,34.00356736744168,34.71782680841905,342200
2025-11-10,35.535526275634766,35.82615701668796,35.17593683043735,35.4123784846163,421200
2025-11-11,35.63404083251953,35.96900295399351,35.28922854196048,35.54537803623758,295800
2025-11-12,35.106971740722656,36.02565699719479,35.106971740722656,35.781823010182435,513000
2025-11-13,34.81141662597656,35.44439807505847,34.60452923924776,34.99367670943137,353200
2025-11-14,35.09712219238281,35.09712219238281,34.21784511669294,34.801568230818305,421600
2025-11-17,33.60457229614258,35.26952920072817,33.437089333739145,35.03308752908788,278600
2025-11-18,33.6390495300293,34.19814152835236,33.10212323112956,33.50604781714504,415000
2025-11-19,33.9444580078125,34.17104948621493,33.19571735397016,33.70308563802041,306000
2025-11-20,33.37797927856445,34.85082584871663,33.30408985021891,34.1365701437787,380200
2025-11-21,34.6981201171875,35.111894859094576,33.535604759202805,33.535604759202805,489200
2025-11-24,34.46167755126953,34.79663969475723,34.31390245624905,34.64393763578437,397600
2025-11-25,35.63404083251953,35.939448688566195,34.74245208252249,34.74245208252249,382000
2025-11-26,35.116825103759766,35.904970227345466,35.06263977418458,35.34341659190488,756400
2025-11-28,35.03800964355469,35.28923220024638,34.85082634615701,35.141453341445974,343800
2025-12-01,35.30400848388672,35.70793309561361,34.82127123869166,34.82127123869166,458400
2025-12-02,34.87545394897461,35.64389491889203,34.79417596051456,35.60448672603162,439000
2025-12-03,35.2990837097168,35.56507962425463,34.83111986103025,34.98382191533386,434800
2025-12-04,35.32371139526367,35.764582585077754,35.003526391780674,35.07741581691864,454400
2025-12-05,35.58478546142578,35.90497047709562,35.17593764202244,35.20056494589094,479800
2025-12-08,36.190673828125,36.44189637688362,35.589711999966774,35.81630348697895,600600
2025-12-09,35.895118713378906,36.880301020513166,35.77689413063877,36.2448579814309,376400
2025-12-10,37.33841323852539,37.76696516323791,35.717787792703085,35.95422945637087,1313600
2025-12-11,37.19063186645508,37.8014438408477,37.081276570902425,37.32855678730126,363800
2025-12-12,36.67340850830078,37.43692627104488,36.50100236263434,37.35810988549902,880800
2025-12-15,36.333526611328125,37.91474385346725,36.318749477186,37.04285535735731,654000
2025-12-16,36.826114654541016,36.90739264356838,36.31381941829628,36.6537085072885,810400
2025-12-17,36.56011581420898,37.53790954921482,36.55026188661639,36.60937417765525,698000
2025-12-18,35.964080810546875,37.34826073545823,35.909895483548645,36.96404024086876,579600
2025-12-19,35.786746978759766,37.00837089817884,35.5749326387885,36.72759409944225,2538400
2025-12-22,36.61922836303711,36.624155327373735,35.808917484689985,35.82615998078185,613600
2025-12-23,36.43696594238281,36.94187259471482,36.36307652235364,36.47144717064016,635600
2025-12-24,36.35322952270508,36.66356060407529,35.90004279416508,36.43696911889147,185600
2025-12-26,36.24978256225586,36.47145084467364,35.72763712228169,36.28426755215914,242200
2025-12-29,36.062599182128906,36.42958095750871,35.89019302389331,36.37293026695298,304800
2025-12-30,35.6734504699707,36.07245186025947,35.64635780617438,35.97885833838631,302400
2025-12-31,35.363121032714844,35.98871017364192,35.30893570261418,35.831081147396105,450400
2026-01-02,35.566158294677734,35.860810309311184,34.97091120213163,35.387881508986425,407400
2026-01-05,36.48229598999024,37.02851746449021,35.5166333374379,35.5166333374379,702600
2026-01-06,36.91313552856445,37.07903124167422,36.12079638454352,36.12079638454352,535600
2026-01-07,36.49715423583984,36.913134637769225,36.3040216922133,36.913134637769225,401800
2026-01-08,37.799564361572266,37.99765008225196,36.219835556319566,36.219835556319566,406600
2026-01-09,37.50738906860352,37.98923056012966,37.15578869032562,37.84413367822011,411000
2026-01-12,37.04684066772461,37.46282107344372,36.7670482140182,37.01712913094861,300200
2026-01-13,37.20035934448242,38.25516046712368,37.00227361555567,37.23007088146157,450000
2026-01-14,37.923370361328125,37.9976529845281,37.08646011107258,37.12607801386872,383000
2026-01-15,38.78008270263672,38.87219450822543,37.76489952682585,37.90355839742082,422800
2026-01-16,38.75532531738281,39.30005822754781,38.59190431088203,38.65628056578948,616200
2026-01-20,37.799564361572266,38.62161500186232,37.57176710515042,38.06202633575024,469600
2026-01-21,43.311279296875,43.56879187995165,40.711414002010585,40.711414002010585,1426400
2026-01-22,42.93491363525391,44.108568385213815,42.8482537320221,43.28156458269346,1013000
2026-01-23,40.60246658325195,43.4499380911987,39.7432727042526,42.64769636264144,1164800
2026-01-26,40.513328552246094,41.24129144435955,40.49351960124363,40.60246694267164,738000
2026-01-27,39.88440704345703,41.0184438898258,39.64918190971589,40.56284938979673,451600
2026-01-28,39.745750427246094,40.55294532267461,39.51299998217559,40.01811499504506,732000
2026-01-29,40.63217926025391,41.03330009848701,39.83488698754483,39.8794542903837,704000
2026-01-30,40.53313446044922,41.10758266188393,40.04287523899773,40.60246389466778,674600
2026-02-02,41.76126480102539,42.22181250843903,40.27314904252088,40.51828055358927,799200
2026-02-03,41.77116775512695,42.68730999587578,41.31111498405838,41.75631198671999,728800
2026-02-04,42.51398468017578,43.19490174452335,41.90982493493824,42.098008068932735,605600
2026-02-05,42.22676086425781,43.26670995582197,41.88506686787642,42.73683282415863,582200
2026-02-06,42.42980194091797,43.39051528196113,42.36047250168507,42.40999298996984,602400
2026-02-09,42.70711517333984,42.87548934947535,42.1698101871229,42.39513272984407,554600
2026-02-10,42.79625701904297,43.01910487801466,42.12772099846986,42.64274237574342,427400
2026-02-11,42.52389144897461,43.36228646075141,41.82564013009268,43.133000603832016,643400
2026-02-12,42.64274215698242,43.33356182645744,41.64736412629227,42.93986885591608,638200
2026-02-13,42.657596588134766,43.860962892542815,42.57341138540696,42.61797868867315,609000
2026-02-17,42.91015625,43.38308501016112,42.16733763209407,42.92005883584356,353800
2026-02-18,42.21685791015625,43.63811888557223,42.130194227224834,42.92005862488993,480400
2026-02-19,42.23666763305664,42.3505643735516,41.46413746910505,41.86030513705701,435600
2026-02-20,42.96957778930664,43.03891100042296,41.85782838217663,42.20695402690522,390200
2026-02-23,41.2016716003418,43.07852711493628,40.66189187910836,42.83092090633285,706400
2026-02-24,41.43937301635742,41.75630864423937,40.9491138073167,41.28585838421261,415200
2026-02-25,42.59817123413086,42.78882907608247,41.335381814377534,41.81573847224028,826200
2026-02-26,42.48427581787109,43.702497970815855,42.38523106264931,42.84577878446011,598400
2026-02-27,40.11715698242188,42.26637695278436,39.78536180797006,41.78107092381187,807400
2026-03-02,40.38952255249024,40.71141137145175,39.295103590557765,39.448622005300805,811800
2026-03-03,39.85964584350586,40.46380558852382,38.88902997278732,39.23568092686806,880800
2026-03-04,39.59223175048828,39.99830578666151,39.426336041984015,39.98345001846276,482400
2026-03-05,39.072261810302734,39.40405323442417,38.48543250667517,38.99797918954558,826200
2026-03-06,37.30435180664063,37.89860518824173,36.893324598978246,37.79461103537008,1602400
2026-03-09,37.49748229980469,37.68070846375196,35.60577114512016,36.62095426484428,1431200
2026-03-10,37.081504821777344,38.09421709679336,36.79923389219246,37.36872893347311,884800
2026-03-11,36.650672912597656,36.88094487846269,36.076224681679776,36.71009598602296,797600
2026-03-12,35.58100891113281,36.91808461018928,35.298738004360445,35.449777932082455,1161000
2026-03-13,36.21488571166992,36.59620142029819,35.08828039168849,35.97223266501544,886400
2026-03-16,36.51201248168945,37.160739526754206,36.341163596527615,36.75961868553656,648000
2026-03-17,36.36840438842773,37.22017042687563,36.19161242130024,37.04684304278098,535000
2026-03-18,35.63053131103516,36.606100361128846,35.45720772354485,36.22478846865016,729200
2026-03-19,35.80385971069336,36.13565112749546,35.179890999537506,35.422544029031634,513600
2026-03-20,35.808807373046875,36.30897295406955,35.33340392324967,35.93756365471198,1826200
2026-03-23,36.408016204833984,37.39596636319538,36.393160436435785,36.79923447806096,794000
2026-03-24,36.90322494506836,37.20035539600634,35.972227029551824,35.972227029551824,939400
2026-03-25,36.57638931274414,37.35139795205151,36.43773044090519,37.10131326418328,466000
2026-03-26,36.33868789672852,36.6729578087654,36.06632331856062,36.17031747875248,373000
2026-03-27,35.917755126953125,36.47239438064537,35.6453905711298,36.13564979414844,541400
2026-03-30,35.729576110839844,36.264406420007255,35.56120192691491,36.264406420007255,704000
2026-03-31,36.06632232666016,36.34364007954497,35.45720937294985,36.22479015376162,962200
2026-04-01,36.40980911254883,36.92255260794549,36.240555600587285,36.36998341632702,363600
2026-04-02,36.39985275268555,36.65871216910416,35.72283114299102,35.88213012186107,456600
2026-04-06,36.7781867980957,36.87028419408112,35.99165019754275,36.33513637823166,615400
2026-04-07,37.18141555786133,37.37804875975918,36.479501909644185,36.66867206629202,661200
2026-04-08,38.83414459228516,39.16767625562176,38.42594069736892,38.80925258242945,655800
2026-04-09,39.70033264160156,39.7799840348256,38.18699035223217,38.54043486419201,443000
2026-04-10,38.90383529663086,39.59081142981746,38.841609073762925,39.59081142981746,331000
2026-04-13,39.20750045776367,39.3170192201744,38.28157393663864,38.69973234076617,511200
2026-04-14,38.97352981567383,39.18509670252151,38.50309970517002,39.03326835913002,613400
2026-04-15,38.20690155029297,39.12784890624003,38.17205501675942,38.95361623857231,445800
2026-04-16,37.76385116577149,38.22432674306405,37.63441955627516,38.02271058677682,345600
2026-04-17,38.75947189331055,39.66548559051561,38.26813385666419,38.46576213210242,774800
2026-04-20,38.89885711669922,39.05317693794894,38.63999769415253,38.63999769415253,386200
2026-04-21,39.34688568115234,40.14437564654606,38.54541162715036,39.39666589982589,861200
2026-04-22,39.073089599609375,39.55048900892098,38.74453711109469,39.33195281891168,703400
2026-04-23,39.78495788574219,39.89447664826747,38.799296618989295,39.2771935662009,397200
2026-04-24,39.43151473999024,40.11849091305225,39.287149438798494,39.60077205096889,531400
2026-04-27,39.69037628173828,40.07368814944465,39.11042741984188,39.39168736894265,389000
2026-04-28,39.560943603515625,40.295212265320735,39.50618422418222,40.05875338073769,438400
2026-04-29,38.958595275878906,39.63810457661297,38.77938344742352,39.27719323802463,372400
2026-04-30,39.63561630249024,39.78495695864595,38.61510472781694,38.62505925236576,546800
2026-05-01,39.77998352050781,40.4296216729032,39.26226086520768,39.665485593725485,735200
2026-05-04,38.98846435546875,39.73269139228644,38.95361782052005,39.49125332943208,510200
2026-05-05,39.62565994262695,39.87705632628644,38.94366293662976,39.15274214439588,255400
2026-05-06,39.66050720214844,40.257881261239646,39.42156061690195,40.07866942331104,402000
2026-05-07,39.5211181640625,40.06373279967856,39.35684002500548,39.81482790946631,374200
2026-05-08,39.56592559814453,39.91937010952483,39.42156029665329,39.48129504348589,410000
2026-05-11,38.266639709472656,39.6903760047086,38.16210010991876,39.6903760047086,632000
2026-05-12,38.246726989746094,38.49811956584573,37.22621540338511,38.346287428323485,411200
2026-05-13,37.57966232299805,38.26664230667443,37.53984042378947,38.11231867953642,455000
2026-05-14,37.99782180786133,38.46576042321983,37.29541065151269,38.042622865486045,427200
2026-05-15,37.33573532104492,38.02769064515597,37.071896732454185,38.00279863574697,401800
2026-05-18,37.9131965637207,38.24672822148235,37.549793735034015,37.60953227889669,368600
2026-05-19,37.66926574707031,37.83354388863,37.41538548973692,37.75389249951478,348400
2026-05-20,38.43091583251953,38.76942665541268,37.70411396530519,37.70411396530519,392200
2026-05-21,38.61510467529297,38.744536282175,37.67922365150019,37.93310390601575,503400
2026-05-22,38.535457611083984,38.94366148637288,38.39507260710829,38.580258669085154,249400
2026-05-26,38.99344253540039,39.162696044322544,38.61510602406209,38.625060548945065,340400
2026-05-27,38.64995193481445,39.31701903083683,38.38611335281588,39.2572804885403,337400
2026-05-28,38.63999938964844,38.79929837927956,38.03764996641864,38.37615699614572,380400
2026-05-29,38.82418441772461,39.01584225010895,38.37117948425568,38.684798284349554,400200
2026-06-01,38.20690155029297,38.43091443758185,37.57966014870188,38.40602622676492,506800
2026-06-02,38.460784912109375,38.91628131947975,38.02768903346527,38.032668194733525,409800
2026-06-03,37.64935302734375,38.02271036961486,37.50250005090073,38.02271036961486,537200
2026-06-04,38.82916259765625,38.95610272348858,38.41100420809996,38.41100420809996,478200
2026-06-05,38.90383529663086,39.36181938542193,38.73457799547671,38.95361551532776,374400
2026-06-08,38.92872619628906,39.67046555866706,38.92872619628906,39.12287172121015,376800
2026-06-09,39.45640563964844,40.21058717952584,39.23238895183136,39.23238895183136,376600
2026-06-10,39.89447784423828,40.367395644243125,39.40662635762091,39.55098786020033,394400
2026-06-11,40.60136413574219,40.710882894195535,39.96914739101674,40.26285333597146,496000
2026-06-12,41.01454925537109,41.11908885796234,40.723330977155335,40.79053636381663,383600
2026-06-15,40.35246276855469,41.80109116688082,40.0239102625141,41.18380805390419,608800
2026-06-16,40.65612411499024,41.14895853530378,40.35245984315604,40.98965575848444,448800
2026-06-17,39.67046356201172,40.90502971998895,39.222433989363815,40.3922862416203,622600
2026-06-18,40.05377578735352,40.41717861006466,39.87954311810324,39.87954311810324,1971000
2026-06-22,40.78057861328125,40.96974877128109,40.16329551398885,40.16329551398885,742200
2026-06-23,41.28834533691406,41.392884937407416,40.61879055943268,40.790535545238654,635200
2026-06-24,42.20929336547852,42.29889928132948,41.32816789327944,41.32816789327944,777000
2026-06-25,43.389102935791016,43.44385851831096,42.3038774462647,42.368591351415375,654200
2026-06-26,44.06612014770508,44.12337100707698,43.34180980274312,43.52350930939108,3120400
2026-06-29,43.389102935791016,43.827174181861466,43.0057872722405,43.45879600225706,780800
2026-06-30,43.185001373291016,43.837131014407774,42.96596383973044,43.08544092966574,848200
2026-07-01,44.41999816894531,44.79999923706055,43.20249938964844,43.375,699800
2026-07-02,43.31999969482422,44.970001220703125,43.18399810791016,44.880001068115234,972200
2026-07-06,43.900001525878906,44.01499938964844,42.8650016784668,42.994998931884766,447400
2026-07-07,43.025001525878906,44.09000015258789,43.025001525878906,44.0,514800
2026-07-08,41.97999954223633,42.95500183105469,41.74250030517578,42.95500183105469,654000
2026-07-09,42.47499847412109,42.900001525878906,42.10499954223633,42.10499954223633,655200
2026-07-10,42.67499923706055,42.94499969482422,42.18000030517578,42.57500076293945,574000
2026-07-13,42.459999084472656,43.03749847412109,42.165000915527344,42.869998931884766,351200
2026-07-14,42.73500061035156,43.060001373291016,42.45500183105469,42.46500015258789,552600
2026-07-15,43.040000915527344,43.415000915527344,42.79499816894531,43.03499984741211,380200
2026-07-16,44.19499969482422,44.48500061035156,42.96500015258789,43.130001068115234,483200
2026-07-17,43.470001220703125,44.13999938964844,43.02999877929688,43.59000015258789,583000
2026-07-20,42.790000915527344,43.58250045776367,42.56499862670898,43.435001373291016,746400
2026-07-21,43.90499877929688,45.02999877929688,43.185001373291016,44.04999923706055,1134600
2026-07-22,43.30500030517578,43.83000183105469,42.68999862670898,43.83000183105469,563000
2026-07-23,43.5099983215332,43.584999084472656,42.13999938964844,42.775001525878906,719600
2026-07-24,43.80500030517578,44.307498931884766,43.60499954223633,43.67499923706055,550000
2026-07-27,44.09000015258789,44.37749862670898,43.82500076293945,44.29499816894531,634200
2026-07-28,44.95500183105469,45.06499862670898,44.290000915527344,44.290000915527344,406800
2026-07-29,44.81499862670898,45.04499816894531,44.400001525878906,44.415000915527344,578200
2026-07-30,44.61000061035156,45.18999862670898,44.584999084472656,45.11000061035156,471200
2026-07-31,44.75,44.900001525878906,44.12749862670898,44.6349983215332,501400
2026-08-03,45.0,45.43149948120117,44.102500915527344,44.13999938964844,494400
2026-08-04,45.43999862670898,45.900001525878906,44.647499084472656,45.01499938964844,482200
2026-08-05,45.22499847412109,45.56900024414063,45.0,45.43999862670898,421400
2026-08-06,44.58000183105469,45.6349983215332,44.53749847412109,45.5,341000
2026-08-07,44.459999084472656,44.65999984741211,43.86249923706055,44.33000183105469,283600
2026-08-10,44.22499847412109,44.459999084472656,43.76900100708008,44.20000076293945,374200
2026-08-11,44.63999938964844,44.97999954223633,43.86750030517578,44.43999862670898,378400
2026-08-12,45.22499847412109,45.39500045776367,44.46500015258789,44.75,373200
2026-08-13,45.76499938964844,45.994998931884766,45.220001220703125,45.685001373291016,446400
2026-08-14,45.665000915527344,46.040000915527344,44.932498931884766,45.52000045776367,349600
2026-08-17,45.26499938964844,45.97249984741211,45.14250183105469,45.595001220703125,339400
2026-08-18,45.0099983215332,45.68999862670898,44.83649826049805,45.61000061035156,530600
2026-08-19,43.88999938964844,45.244998931884766,43.69499969482422,45.185001373291016,479200
2026-08-20,43.63999938964844,43.959999084472656,43.41249847412109,43.665000915527344,444400
2026-08-21,43.34000015258789,44.63100051879883,43.0099983215332,43.9900016784668,453800
2026-08-24,43.93999862670898,44.29499816894531,43.380001068115234,43.43000030517578,530100
2026-08-25,43.130001068115234,44.03499984741211,42.90999984741211,44.02000045776367,388700
2026-08-26,43.310001373291016,43.40999984741211,42.93999862670898,43.27000045776367,510900
2026-08-27,43.18999862670898,43.33000183105469,42.29999923706055,42.7599983215332,418300
2026-08-28,43.20000076293945,43.58000183105469,42.970001220703125,43.45000076293945,511300
2026-08-31,43.040000915527344,43.15999984741211,42.60499954223633,43.0,456100
2026-09-01,41.529998779296875,43.119998931884766,41.16999816894531,42.959999084472656,559400
2026-09-02,42.29999923706055,42.70000076293945,41.650001525878906,41.79999923706055,640700
2026-09-03,42.5,43.07500076293945,42.314998626708984,42.63999938964844,358600
2026-09-04,43.130001068115234,43.380001068115234,42.290000915527344,42.290000915527344,380500
2026-09-08,42.70000076293945,43.099998474121094,42.66999816894531,43.04999923706055,592162
