Date,Close,High,Low,Open,Volume
2016-09-06,18.864742279052734,19.077939654058387,18.57401802575051,18.645084228168372,646100
2016-09-07,18.754911422729492,19.194226249363755,18.6709238767532,18.90350325669025,586900
2016-09-08,18.748449325561523,18.780751467103897,18.502948613747726,18.625698969654625,566800
2016-09-09,18.360816955566406,18.651541150359368,18.334974257252508,18.651541150359368,757500
2016-09-12,18.56755828857422,18.586940317190223,18.089479339611394,18.334978874174148,761600
2016-09-13,18.380205154418945,18.522336346153544,18.005494528711278,18.30267826567856,1409300
2016-09-14,18.315597534179688,18.502952209581537,18.218689858471976,18.464189385748043,1093800
2016-09-15,18.457725524902344,18.50940969184502,18.134699173448688,18.386659333263264,452900
2016-09-16,18.561092376708984,18.632158562673524,18.36727707421178,18.502947539510295,1285300
2016-09-19,18.528797149658203,18.722612524462924,18.34144121939862,18.47065229076717,662900
2016-09-20,16.790908813476562,17.93442233975017,16.603554179186087,17.61785667803699,5461900
2016-09-21,16.739225387573242,17.049330388373868,16.642317728854017,16.687541220773138,2524000
2016-09-22,16.965347290039062,17.191466024674465,16.668162350511633,16.739228555403663,2169400
2016-09-23,17.637237548828125,17.669540921952795,16.958882732430002,16.958882732430002,1662800
2016-09-26,17.863361358642578,18.14116428600804,17.598479784235522,17.63724261086269,1262000
2016-09-27,18.12177848815918,18.238068176106363,17.682463669161056,17.785832006836824,1340500
2016-09-28,18.425418853759766,18.490024354620264,18.225141677867477,18.225141677867477,628000
2016-09-29,18.3414363861084,18.50941024172421,18.31559491799323,18.39312055458651,854000
2016-09-30,18.657997131347656,18.716141959519497,18.354352875976055,18.399576357388053,1030900
2016-10-03,18.528797149658203,18.645086867440277,18.457730937180692,18.535257826451442,720900
2016-10-04,18.36727523803711,18.70322287887874,18.3026697329141,18.574011868632724,950500
2016-10-05,18.393117904663086,18.6192365712705,18.386657230503147,18.470644762334736,510300
2016-10-06,18.412500381469727,18.483566566734993,18.21222440656027,18.399579032831017,814300
2016-10-07,18.38665771484375,18.490027271878105,18.328514110367895,18.41896108649437,818600
2016-10-10,17.902122497558594,18.34789927461385,17.721228502186783,18.309136451641024,1560900
2016-10-11,17.772912979125977,17.8439791826579,17.5274122208782,17.818136478737948,819100
2016-10-12,17.495105743408203,17.75998723179317,17.46280360375058,17.69538172023028,642800
2016-10-13,16.965347290039062,17.372360026584406,16.758610583714574,17.34651855441783,2190900
2016-10-14,16.706924438476562,17.165621297552583,16.64877959264329,17.023490136764483,1807200
2016-10-17,16.926584243774414,17.02349191956266,16.506648928278764,16.571254456220245,1196600
2016-10-18,17.12040138244629,17.508033358309785,17.023493696542435,17.088099231227698,954000
2016-10-19,17.184999465942383,17.31420924704117,17.05578845259605,17.217301603155192,667000
2016-10-20,16.99118423461914,17.249606280911827,16.797368932147265,17.21730290900142,596100
2016-10-21,17.023488998413086,17.217304316731788,16.765068163238897,16.829672447846637,459100
2016-10-24,17.023488998413086,17.28190983358727,16.958883481557603,17.055791140716956,460700
2016-10-25,16.732763290405273,17.055789613510576,16.700461150993796,17.0234874740991,437600
2016-10-26,16.70046615600586,16.76507168643827,16.44204526652422,16.603558476481247,774600
2016-10-27,16.02210235595703,16.70045825624495,15.602168455158273,16.668154890185093,2063700
2016-10-28,16.151317596435547,16.280528630106126,15.9251989036359,15.989804420471192,973400
2016-10-31,16.21592140197754,16.312829050879778,16.086710381942815,16.151315891960177,929700
2016-11-01,16.170700073242188,16.40973889029347,16.05441038613712,16.15131804797542,1649600
2016-11-02,16.05440902709961,16.70046169432899,15.925198000754664,16.18361882119688,2588100
2016-11-03,16.47434425354004,16.603555289604166,16.18362003851964,16.248225556551702,2095500
2016-11-04,16.538949966430664,16.89427847142177,16.47434444763743,16.603555485223897,1269600
2016-11-07,16.926584243774414,16.99118853946794,16.474346780432,16.73276765994997,1758600
2016-11-08,16.926584243774414,17.21730727113915,16.700465512103207,16.829675335738216,1118300
2016-11-09,17.314207077026367,17.604931204494967,16.37743166053929,16.50664142544403,2127600
2016-11-10,17.831052780151367,18.057171446412323,17.333591960826784,17.443420956882242,1836300
2016-11-11,19.12316131591797,19.252371124335962,17.734148173875734,17.86335798229373,3198200
2016-11-14,20.027629852294922,20.09223535633247,19.22006413244432,19.252366268339347,4099200
2016-11-15,20.15684700012207,20.221451291590512,19.736911712089963,20.02763595268944,2102200
2016-11-16,20.47987174987793,20.70598921644383,19.930726690544084,20.15684538935776,2256100
2016-11-17,20.641382217407227,20.802895376440937,20.434644338756083,20.57677670734422,1046700
2016-11-18,20.802900314331055,20.99671565827753,20.641387116959688,20.802900314331055,1894900
2016-11-21,20.253755569458008,20.996716044586083,20.189150042871233,20.80290069707369,1311100
2016-11-22,20.51217269897461,20.738290152377743,20.15684421598594,20.286054013323774,981500
2016-11-23,20.641382217407227,20.738288634130317,20.337736689785377,20.544473336188908,758300
2016-11-25,20.899808883666992,20.93211349802963,20.544480306142525,20.60908583812371,495900
2016-11-28,20.544477462768555,20.835201700323374,20.111622060324635,20.73829279963986,1296300
2016-11-29,21.01877784729004,21.14872442545992,20.17412880697306,20.466507988224084,1006400
2016-11-30,21.148717880249023,21.506069000727763,21.06425225880072,21.116231865391693,1227100
2016-12-01,21.116239547729492,21.428109865165272,20.95380693582388,21.213700106282843,667700
2016-12-02,21.148717880249023,21.343636447917056,20.88882728286633,21.148717880249023,881700
2016-12-05,21.051267623901367,21.311158317434423,20.869341412050755,21.18121173140541,1408700
2016-12-06,21.441104888916016,21.473590915769982,20.693915117912347,21.11623966332638,1080000
2016-12-07,21.765972137451172,21.895918735469355,21.213702194030404,21.37613482192183,796500
2016-12-08,22.448192596435547,22.48067863197809,21.73348990039704,21.73348990039704,1158400
2016-12-09,22.025859832763672,22.57812963826094,21.700994658112435,22.41569705093532,1948000
2016-12-12,20.726398468017578,21.66850675699973,20.661425183438247,21.636020734341226,1805800
2016-12-13,20.498994827270508,20.953806629665916,20.336562217738212,20.6614274368028,2409800
2016-12-14,20.726398468017578,21.213697482731394,20.40153328438325,20.531479853541914,1005700
2016-12-15,21.051267623901367,21.18121173140541,20.62894183893831,20.856346505595354,933700
2016-12-16,21.603538513183594,21.76597113358347,21.14872668035892,21.14872668035892,1690300
2016-12-19,21.473587036132812,21.960884786477088,21.311154452684722,21.73348016105957,701700
2016-12-20,21.603538513183594,21.86343169723343,21.473591921158672,21.603538513183594,708500
2016-12-21,21.538564682006836,21.70099728902491,21.311157545066596,21.636022759102747,564300
2016-12-22,21.603538513183594,21.636024541558548,21.246187244008883,21.538566456433678,491400
2016-12-23,22.22077751159668,22.350724071721995,21.50607267016968,21.571047189494582,652200
2016-12-27,22.155811309814453,22.44819056022778,22.058353212026955,22.22078585353153,543600
2016-12-28,21.830944061279297,22.25326988257771,21.571053345386204,22.155809315039555,463900
2016-12-29,21.70099449157715,22.05834568524625,21.57104792700896,21.798452556109865,665900
2016-12-30,21.66850471496582,21.798451271878353,21.428105195718505,21.765965252281326,565600
2017-01-03,21.993371963500977,22.09083251010247,21.70099528074582,21.928399918116423,783300
2017-01-04,22.545652389526367,22.64311049273015,21.52557554246837,22.09084047233207,788300
2017-01-05,22.090831756591797,22.448182951067043,21.70099454053236,22.448182951067043,890500
2017-01-06,21.63602638244629,22.188298825910678,21.57105432016827,22.188298825910678,813700
2017-01-09,21.116239547729492,21.603537383446326,21.083753521053364,21.538565330094066,925900
2017-01-10,21.01877784729004,21.181210450371182,20.758887169475106,21.116238400548657,1048300
2017-01-11,21.830944061279297,21.895918599146462,20.791376240656547,20.953808867536676,1157600
2017-01-12,21.506072998046875,21.7334801013643,21.181207832042997,21.7334801013643,504800
2017-01-13,20.986297607421875,21.798460846706973,20.92132553968927,21.60354216498365,970400
2017-01-17,20.011693954467773,20.85634289984158,19.719316045344044,20.72639757554068,2182400
2017-01-18,20.369050979614258,20.401537008202318,19.881753115218043,20.109159033122122,978700
2017-01-19,20.466503143310547,20.661421725161034,20.239097304976895,20.434017126089504,933100
2017-01-20,20.95380401611328,20.986290038262798,20.096160143038055,20.531479531858032,1526800
2017-01-23,20.823854446411133,21.31115214396455,20.791368428945756,20.953800994796893,958700
2017-01-24,20.823854446411133,21.116233560648034,20.453508394552475,20.888828959866142,1078700
2017-01-25,21.63602638244629,22.058352222829335,20.986295845564868,20.986295845564868,1540500
2017-01-26,22.025859832763672,22.220778441849497,21.636020136067437,21.636020136067437,1301100
2017-01-27,21.89590835571289,22.05834090660316,21.79844783376912,21.960880384659387,451100
2017-01-30,21.86343002319336,21.928402074968492,20.531481894341507,21.830941518780893,604100
2017-01-31,21.92840003967285,21.98037965908836,21.57104883102756,21.765967446786384,682600
2017-02-01,22.123323440551758,22.285756068571267,21.830944214411605,21.99337684243111,842500
2017-02-02,21.66850471496582,22.025858366106394,21.636018695368794,21.993369867984946,867000
2017-02-03,21.96088981628418,21.993375844709323,21.603538546557424,21.79845719563337,459800
2017-02-06,21.96088981628418,22.175302065235293,21.655518174857725,21.863431731008752,1410100
2017-02-07,21.96088981628418,22.20128940086035,21.79845719563337,21.96088981628418,457100
2017-02-08,21.86343002319336,21.960888100856057,21.506076302855433,21.79845549289333,575900
2017-02-09,22.67559051513672,22.870509127085608,21.928399611053923,21.960885633291298,1043300
2017-02-10,23.292835235595703,23.487756350022387,22.578132744447622,22.902997963792192,1354900
2017-02-13,23.19537353515625,23.45526418293734,23.097912993160506,23.390292140623202,911800
2017-02-14,23.19537353515625,23.52023870377602,22.870508366536484,23.097912993160506,907000
2017-02-15,23.45526695251465,23.617699556004432,23.032943670556115,23.195376274045895,1042200
2017-02-16,23.58521270751953,23.747645305337883,22.64310314446815,23.390294085842463,1376800
2017-02-17,23.715160369873047,23.780132420572343,23.325323108627543,23.552727764599943,1064500
2017-02-21,23.975053787231445,24.137486394249205,23.377300504573142,23.747646650291646,1881300
2017-02-22,25.04711151123047,25.436951317519732,22.643108047285168,23.260352548349204,2298400
2017-02-23,25.859270095825195,26.054188725182012,25.112081603536595,25.112081603536595,1483200
2017-02-24,26.184133529663086,26.249108054061683,25.07959140013369,25.696835750034648,1327400
2017-02-27,26.073177337646484,26.432131714857732,25.94264779421222,26.268970407975896,1507400
2017-02-28,26.040550231933594,26.497399981201855,25.812122867655056,26.040550231933594,1642900
2017-03-01,27.28058433532715,27.835334563761865,26.105822806943735,26.464777372610158,2180200
2017-03-02,26.69319725036621,27.37194655883998,26.56266767539814,27.34584263556202,855400
2017-03-03,26.954252243041992,27.117413579246417,26.131920204015238,26.660561339945147,536400
2017-03-06,27.867958068847656,27.998487642050186,26.693196889313946,26.791092201982444,1292600
2017-03-07,27.60689926147461,28.031119757181425,27.37847437279836,27.998487985891185,988100
2017-03-08,27.15004539489746,27.998486336324095,27.01951831742667,27.83532499984119,891500
2017-03-09,27.998489379882812,28.096384698627556,26.530037191909475,26.530037191909475,2534000
2017-03-10,26.921621322631836,27.313207546012322,26.562666869592313,27.280575775671366,11841100
2017-03-13,26.921621322631836,27.215312234989447,26.85635778194992,27.019519123299204,2507600
2017-03-14,26.85635757446289,27.052150684640473,26.72582800446301,26.85635757446289,1490200
2017-03-15,26.399507522583008,27.01952116447786,26.236346168907765,26.888991583608732,2610700
2017-03-16,26.399507522583008,26.823725548351828,26.236346168907765,26.56266887625825,1956100
2017-03-17,26.040550231933594,26.399504673349117,25.681593300873665,26.334238645136217,2426700
2017-03-20,26.040550231933594,26.10581377050209,25.616329762305174,26.00791597300494,1878300
2017-03-21,25.55107307434082,26.268982149653443,25.48580702862917,26.171084325908506,1310100
2017-03-22,25.61632537841797,25.910016231003787,25.44011086686648,25.48579583397494,1141700
2017-03-23,25.91002082824707,26.23634350243244,25.648961693041006,25.648961693041006,741700
2017-03-24,25.8121280670166,26.20371684623888,25.68159847394251,25.942657660090696,1246300
2017-03-27,26.268983840942383,26.366881670990324,25.485808669494553,25.616338279676732,1229500
2017-03-28,26.00792121887207,26.43214177406691,25.994870500241536,26.13845081198163,906600
2017-03-29,26.073177337646484,26.138440864541632,25.74685472388281,25.910016030764645,1031700
2017-03-30,26.725831985473633,26.88899334986646,26.23634789229516,26.268979667244757,1187000
2017-03-31,26.43214225769043,26.88899459711037,26.366878704763995,26.725833225149316,1855900
2017-04-03,26.105815887451172,26.627931707271276,25.910022766224213,26.432138586044314,790500
2017-04-04,26.43214225769043,26.45172082563937,25.877394588880836,26.04055596084189,1703700
2017-04-05,26.33424186706543,26.693198842042857,26.138448737760744,26.59530103256816,1148900
2017-04-06,26.268983840942383,26.432145231258794,25.844763230261613,26.33424740121085,1599800
2017-04-07,26.00792121887207,26.25592719681574,25.45317356021258,26.13845081198163,821900
2017-04-10,25.877397537231445,26.203720318333254,25.84476326740507,26.13845426832575,1040500
2017-04-11,25.8121280670166,26.007921211805286,25.648966698085214,25.8121280670166,720200
2017-04-12,25.583698272705078,25.942652718044734,25.47274726835242,25.812123149836378,820500
2017-04-13,25.35527801513672,25.681600782330992,25.159484852749184,25.453175841153055,1179500
2017-04-17,25.42053985595703,25.714230795763065,25.322642046140114,25.42053985595703,744200
2017-04-18,25.583698272705078,25.64896181198704,24.924525073592868,25.35527090592934,542300
2017-04-19,26.366880416870117,26.88899634311955,25.714234886647045,25.714234886647045,2744200
2017-04-20,26.33424186706543,26.888991971347547,26.216765491553677,26.464771449816794,1702800
2017-04-21,26.040550231933594,26.43213644263336,26.00791597300494,26.268975106567723,989400
2017-04-24,25.746868133544922,26.530043312405258,25.551074961241156,26.530043312405258,1207900
2017-04-25,25.64896583557129,25.942656787700642,25.616334060811326,25.910025012940675,1083900
2017-04-26,26.33424186706543,26.497403223093457,25.570647915883736,25.648964669676666,1498000
2017-04-27,26.33424186706543,26.497403223093457,26.00791915500938,26.464771449816794,737900
2017-04-28,25.746868133544922,26.366881920544575,25.71423635310184,26.366881920544575,897800
2017-05-01,25.061582565307617,25.910021026761143,24.75483845253698,25.8121232278977,1998700
2017-05-02,25.028953552246094,25.179064205873274,24.572103700841524,25.159483148209528,1883300
2017-05-03,24.376300811767578,25.746857427267983,23.5604941916998,25.746857427267983,2962300
2017-05-04,23.984716415405273,24.741784915598274,23.31901786511833,24.408936885277008,2379800
2017-05-05,24.115249633789062,24.29798956127163,23.854190460547006,24.049983595656155,1097800
2017-05-08,23.5800838470459,26.85636472738995,22.87522547510118,26.758466901404805,14833700
2017-05-09,23.071014404296875,23.854189399543653,22.84258950510371,23.69102804593577,3907400
2017-05-10,22.287841796875,23.038382526255685,21.928884828861772,22.87522117339319,4821900
2017-05-11,22.809961318969727,22.87522487481711,22.222579357763014,22.222579357763014,3500700
2017-05-12,22.777324676513672,23.78892451397206,22.41836772707997,22.777324676513672,7574600
2017-05-15,22.320470809936523,22.712057012535052,22.157309477246407,22.54889567984494,3615600
2017-05-16,21.92888832092285,22.614168103788305,21.68741017733273,22.45100672494321,4293600
2017-05-17,21.21097755432129,21.79835946706813,21.080447963750338,21.700461651728702,4113000
2017-05-18,21.08045196533203,21.47204081137795,21.047820183906204,21.21098158068067,3169600
2017-05-19,21.60256004333496,21.667826071983225,21.11307603187289,21.11307603187289,1790300
2017-05-22,21.92888832092285,22.059417921927942,21.439404184387566,21.73309516423775,1509100
2017-05-23,22.189943313598633,22.287841118192937,21.537297922022205,21.994150194054622,2236800
2017-05-24,22.353107452392578,22.51626882065822,22.092048267309597,22.18994608412694,2481400
2017-05-25,21.76572036743164,22.385733917688086,21.70045683146541,22.35310214970497,1997700
2017-05-26,21.896257400512695,21.948470238817347,21.276243638693362,21.70046423616058,1069700
2017-05-30,21.489439010620117,22.73615555750439,21.22041101931245,21.883137655386236,2442100
2017-05-31,21.25977325439453,21.653471739334684,20.964498139152457,21.456622496864608,2952900
2017-06-01,22.047176361083984,22.047176361083984,21.108858790953825,21.226968869926473,1940100
2017-06-02,22.178407669067383,22.276833558624116,21.58785984095004,21.58785984095004,1744100
2017-06-05,22.21120834350586,22.296510586901622,21.850317702625606,22.07997720360289,1750100
2017-06-06,22.079980850219727,22.24402230526423,21.94874718556933,22.04717055675166,903200
2017-06-07,22.80176544189453,22.9001913299238,21.915942461928353,22.145599529897567,3202600
2017-06-08,22.37525749206543,22.749271876604762,22.276834103177105,22.736150760545847,1135500
2017-06-09,22.47368049621582,22.63772195969185,22.21121315342454,22.34244682482018,1946000
2017-06-12,22.703338623046875,23.031421565594222,22.24402450593995,22.5392971517732,1759100
2017-06-13,23.064224243164062,23.116716195032613,22.67052334031973,22.801756974601172,1498500
2017-06-14,22.86737632751465,23.064228063076218,22.60491151855555,22.998609983531097,1319700
2017-06-15,23.72039794921875,24.44217942773423,22.44087396178292,22.670531022290326,6428600
2017-06-16,23.031415939331055,23.72039195283234,22.900184796829475,23.556350521631767,2497400
2017-06-19,22.834569931030273,23.16265283953092,22.572105106074126,23.09703725906037,1427500
2017-06-20,21.686279296875,22.83456945256659,21.587855928231484,22.83456945256659,3078300
2017-06-21,21.719085693359375,22.01436078649874,21.259771663002283,21.653470118472285,1574400
2017-06-22,21.423816680908203,21.850322995045058,21.32539079906746,21.784707409200667,1043300
2017-06-23,21.915937423706055,22.047168573477467,21.062919931749477,21.456620890284913,1436300
2017-06-26,22.19809341430664,22.375256003131437,21.817515993988497,22.014365261740462,1080700
2017-06-27,21.620664596557617,22.34244600824265,21.587856805676296,22.17840455076205,1289200
2017-06-28,22.145597457885742,22.37525450436752,21.75189894875296,21.75189894875296,1258300
2017-06-29,21.981557846069336,22.37525638835131,21.653474893142928,22.178407117210323,1090400
2017-06-30,21.587862014770508,22.211217701151664,21.423820517707128,22.01436840529053,1228900
2017-07-03,21.522239685058594,21.94874849484579,21.423816308005165,21.719088942239566,396000
2017-07-05,21.325393676757812,21.751902551522765,21.226967781635288,21.52224296392837,954100
2017-07-06,21.325393676757812,21.555050761277716,20.96450289976604,21.1613521869366,958200
2017-07-07,21.555051803588867,21.719093301342433,21.259779110092133,21.391010305835298,652700
2017-07-10,21.555051803588867,21.738779983163596,21.19416100914594,21.522244004653075,832700
2017-07-11,21.719085693359375,21.83719573061512,21.32538723788937,21.587854543585195,740800
2017-07-12,21.587862014770508,21.981560606492774,21.259779020643748,21.817519109429398,879300
2017-07-13,21.719085693359375,21.91593742416811,21.42381310329374,21.587854543585195,705800
2017-07-14,22.112783432006836,22.408058482150487,21.738769202849337,21.751892816530543,1121900
2017-07-17,22.079980850219727,22.44087155070284,21.804389904146504,22.112788640613836,1261800
2017-07-18,21.850326538085938,22.165285906743307,21.71909284204339,22.014368032370477,554300
2017-07-19,22.145597457885742,22.421185913663876,21.883130116414502,21.981555995234736,1145200
2017-07-20,22.637714385986328,22.768948013476262,22.145590160204016,22.30963156879812,2109900
2017-07-21,22.637714385986328,22.80175579458043,22.506480758496394,22.703329948194668,1051200
2017-07-24,22.834569931030273,23.129845049295646,22.309637778044028,22.637720686544675,1258400
2017-07-25,23.097034454345703,23.261075888676178,22.703333510108372,22.86737494443885,1692400
2017-07-26,23.851627349853516,23.884437644405025,23.064230342098178,23.162653716530574,1852900
2017-07-27,23.88443946838379,24.245330208344072,23.62197211037218,23.88443946838379,2593700
2017-07-28,24.114091873168945,24.212517739186893,23.786008990540797,23.818816778188864,1537600
2017-07-31,23.654769897460938,24.179701888343125,23.097030126474834,24.04847076792746,1894300
2017-08-01,24.14690399169922,24.179711785231543,23.457930315223575,23.753205463162907,1532500
2017-08-02,22.90018653869629,24.389680644588765,22.42118332045122,24.212518088121318,2279400
2017-08-03,20.93168830871582,21.81751236951478,20.669222244803475,21.65347092312745,8112700
2017-08-04,20.603607177734375,20.898882307095004,20.341141091378827,20.8004576811538,4146000
2017-08-07,20.669221878051758,21.32538765195816,20.60360505035374,20.636414089971193,1699600
2017-08-08,20.83326530456543,21.128540431544153,20.570799220327125,20.669223845474363,1904800
2017-08-09,20.406755447387695,20.852948365769112,20.30833083340047,20.702029289349372,2005900
2017-08-10,20.144290924072266,20.505181619968933,20.111481882558138,20.27552333551789,1655500
2017-08-11,20.570802688598633,20.60361048533349,19.980253586610637,20.177102870094227,1062300
2017-08-14,19.783397674560547,21.325387481200913,19.71778084738794,20.73483853972119,2412300
2017-08-15,19.160045623779297,19.914636191678674,19.127236576413207,19.783402505288702,2933900
2017-08-16,19.553741455078125,19.586550497872302,18.864767826381602,19.258467579152622,3000100
2017-08-17,19.52093505859375,20.01305947183561,19.32408579391185,19.52093505859375,2261500
2017-08-18,19.48812484741211,19.783398707805052,19.38969897574418,19.45531580634382,1240500
2017-08-21,19.192846298217773,19.488121357266582,18.930380274361458,19.488121357266582,1109500
2017-08-22,19.652164459228516,19.750589070149598,19.25846476400735,19.25846476400735,811500
2017-08-23,19.258466720581055,19.573426008141702,19.212535314253913,19.520932793548262,1171200
2017-08-24,19.849018096923828,20.013059568799232,19.291276842240034,19.389701475057855,1042300
2017-08-25,19.750595092773438,20.14429490804698,19.68497824830498,19.881827530173144,1099000
2017-08-28,19.553741455078125,19.849016582540642,19.455316829769625,19.750591957232142,998200
2017-08-29,19.42251205444336,19.553744491386816,19.324087413851462,19.455319850794922,602200
2017-08-30,20.762676239013672,21.422856707545815,19.376297003257303,19.475323821698264,4257500
2017-08-31,19.970460891723633,20.7494741131033,19.89123867463654,20.729668244032922,2212100
2017-09-01,20.036479949951172,20.168515304471473,19.970461643093785,20.003470166925243,938400
2017-09-05,19.60736083984375,20.102496201868146,19.396102027656763,20.003468122107794,1521700
2017-09-06,19.54134178161621,19.739395415064617,19.462119572720272,19.640368598340412,1081400
2017-09-07,18.749120712280273,19.508327823425166,18.65009391677338,19.508327823425166,1446100
2017-09-08,18.815139770507812,18.94717634275041,18.551067885216693,18.7161129709229,1125100
2017-09-11,18.71611213684082,19.145229088714586,18.518057287303225,18.8481474440052,1387300
2017-09-12,18.94717788696289,19.178240018428102,18.68310472095549,18.848149820113026,944700
2017-09-13,18.78213119506836,19.112221365391573,18.716112909164906,18.88115799432651,1382000
2017-09-14,17.956911087036133,18.782136757227235,17.626820818959693,18.68310866944875,3916300
2017-09-15,18.419034957885742,18.452044737075678,17.85788130360007,17.85788130360007,2503300
2017-09-18,18.881162643432617,19.475324844476063,18.32000896387155,18.386027266030684,1923200
2017-09-19,18.914169311523438,19.046205902903495,18.65009738795758,18.84815101583341,1024500
2017-09-20,18.84814453125,19.211244403025844,18.68309947840475,19.013189584095247,1131300
2017-09-21,18.78213119506836,18.88115799432651,18.584076337357992,18.78213119506836,893800
2017-09-22,19.376298904418945,19.409307427406553,18.650100065941622,18.650100065941622,1669400
2017-09-25,19.54134178161621,19.937450307707312,19.310278369796876,19.475323484068646,1798000
2017-09-26,19.60736083984375,19.759202048657922,19.409305939517388,19.574351060192186,1442300
2017-09-27,19.80541229248047,20.003465911727595,19.33008285077085,19.640367190043133,1789200
2017-09-28,20.49860191345215,20.597629985624597,19.673376373310045,19.80541296341048,2142700
2017-09-29,21.158781051635742,21.2908176336617,20.498600659894294,20.564618950907274,3262000
2017-10-02,20.300552368164062,21.224806166265342,19.673380327908838,21.092769549623874,4016400
2017-10-03,20.828693389892578,20.828693389892578,20.023273667286343,20.43258611401056,1588900
2017-10-04,21.35683822631836,21.62091143439935,20.795685807132198,20.795685807132198,1958400
2017-10-05,21.29081916809082,21.620909387751144,21.224802131514164,21.29081916809082,870400
2017-10-06,21.29081916809082,21.508679921893123,20.696657024541093,21.191791094837317,1306900
2017-10-09,20.729665756225586,21.363439639278642,20.597630422518808,21.25781086863551,1235700
2017-10-10,20.564620971679688,20.927720978333827,20.366567338373276,20.82869290248633,1024400
2017-10-11,20.333560943603516,20.696661010678813,20.23453411047189,20.53161586906127,596700
2017-10-12,19.574350357055664,20.102495479759952,19.363092811651665,20.102495479759952,1493300
2017-10-13,20.168508529663086,20.828688858086675,19.244256321708868,19.574346485920664,3385900
2017-10-16,20.003467559814453,20.564621206173722,19.77240540472032,20.300549272355923,984200
2017-10-17,19.838422775268555,20.069486193417944,19.706387435750568,20.03647767333703,654500
2017-10-18,20.036479949951172,20.432588531901015,19.970461643093785,20.003470166925243,995200
2017-10-19,19.937448501586914,20.003465533959748,19.244258328924555,19.937448501586914,1235300
2017-10-20,20.300552368164062,20.617438737070188,20.168515751522595,20.300552368164062,1125000
2017-10-23,19.87143325805664,20.3005503302723,19.838423477612743,20.234532028578883,957600
2017-10-24,20.333560943603516,20.432589035929645,19.83842551875089,19.83842551875089,1214600
2017-10-25,20.465591430664062,20.663645037605743,20.03647444282767,20.36656462719322,1384500
2017-10-26,20.729665756225586,21.211598438878426,20.33355723671671,20.531612126068282,1644900
2017-10-27,20.465591430664062,20.79568161502961,19.937447639356833,20.762673100270707,998100
2017-10-30,20.696659088134766,20.861704214421017,20.300550533208888,20.531613961848517,1119900
2017-10-31,20.927719116210938,21.092764215678866,20.630637433490996,20.795682532958924,1632700
2017-11-01,20.49860191345215,20.6966567986028,19.541341042403854,20.13550317946732,3338800
2017-11-02,20.234533309936523,20.53161505677251,19.858230603407243,20.333560139150368,1579500
2017-11-03,19.80541229248047,20.505203174240403,19.772403775670682,20.267539082982694,1214100
2017-11-06,20.003467559814453,20.06948585806748,19.27727005661408,19.706387106467293,1820700
2017-11-07,19.838422775268555,20.30054961156733,19.772405735106723,19.937450853899954,1122400
2017-11-08,19.706388473510742,19.87143360099543,19.495130911801443,19.87143360099543,1331300
2017-11-09,20.828693389892578,20.86170316901229,19.409305626797174,19.640369043857895,1436100
2017-11-10,20.960731506347656,21.191793680951864,20.8286948986929,20.960731506347656,1319600
2017-11-13,20.564620971679688,20.861702680833595,20.366567338373276,20.729666085833127,1013600
2017-11-14,20.729665756225586,20.92772064557716,20.399575533167233,20.531612126068282,879800
2017-11-15,20.531612396240234,20.795684326322938,20.33355750428249,20.63063921262196,1014100
2017-11-16,21.488872528076172,21.73313858242813,20.531611658522266,20.564620176398723,1375100
2017-11-17,21.8189640045166,22.050028679781793,21.389848210547473,21.587901847640044,1544300
2017-11-20,21.719942092895508,21.917995763249973,21.22480665781481,21.752950618223075,936300
2017-11-21,21.521883010864258,21.88498429582127,21.4558659690841,21.818964735652397,981400
2017-11-22,21.917993545532227,21.951002067519912,21.488875204525943,21.554894766890108,838900
2017-11-24,21.88498306274414,22.083036695314288,21.805759595005224,21.951000100804666,274900
2017-11-27,21.917993545532227,22.51215449647693,21.818965461180376,22.116047195847127,980700
2017-11-28,22.281091690063477,22.446136813693577,21.403050423524757,22.017018484899825,1273400
2017-11-29,22.67719078063965,22.842235844598854,22.248075125378406,22.248075125378406,1909000
2017-11-30,22.597557067871094,22.69710679231358,21.602069950064834,21.967081386929532,2482100
2017-12-01,22.498008728027344,22.63073831164393,21.933897871038734,22.531191123931492,1518100
2017-12-04,22.962566375732422,23.115209947499604,22.49800778915203,22.663922293403434,1695900
2017-12-05,22.332096099853516,23.028936599215026,22.298911169496748,22.962569270156234,1078400
2017-12-06,22.663923263549805,22.763470451369187,22.1993621254291,22.398459032722393,895600
2017-12-07,23.493501663208008,23.526684067400343,22.43164700746707,22.564379155891583,2112200
2017-12-08,23.65941047668457,23.825324989054998,23.32758145194372,23.59304315274367,1376700
2017-12-11,23.891693115234375,24.077516584889963,23.65941377816489,23.79214338125894,2183800
2017-12-12,23.958057403564453,24.090789535470083,23.82532780331367,23.924875003501757,2238900
2017-12-13,24.157161712646484,24.316438277556745,23.798785644115366,24.090794367554413,1614900
2017-12-14,24.323070526123047,24.654899578148438,24.057606271840832,24.621714647622095,1759800
2017-12-15,24.78762435913086,24.92035646049139,24.38943058670353,24.38943058670353,1811400
2017-12-18,25.285371780395508,25.418103902438027,24.853995548325642,24.98672767036816,1457200
2017-12-19,25.119461059570312,25.384925343801495,25.0199138517249,25.252193201685905,958300
2017-12-20,25.484472274780273,25.584019471655065,25.11945829127508,25.285372817721164,1679600
2017-12-21,25.119461059570312,25.683572030647813,25.07300518957811,25.6172046937625,579500
2017-12-22,25.35173797607422,25.38492037219062,24.8208120432482,25.019908951601142,768900
2017-12-26,25.484472274780273,25.74993399810115,25.31855774833419,25.31855774833419,761800
2017-12-27,25.318561553955078,25.882670016000727,25.252194214408142,25.517658509285592,429500
2017-12-28,25.2521915435791,25.418106077415565,25.01991220887,25.31855887610661,546100
2017-12-29,25.119461059570312,25.35174294118636,24.953546514839584,25.35174294118636,640400
2018-01-02,24.654895782470703,25.351736178112894,24.55534606952709,25.351736178112894,1208400
2018-01-03,23.891693115234375,24.654900991299655,23.858510714460863,24.522168856550707,2077800
2018-01-04,23.460315704345703,24.48898791103783,23.02893940534566,23.958059340491552,1809400
2018-01-05,23.29439926147461,23.612957390515646,22.94929926304737,23.062119929522648,2282500
2018-01-08,23.02894401550293,23.427137991471916,22.94930572664024,23.327590763307448,2490700
2018-01-09,23.626224517822266,24.090785638516603,22.96256649730305,23.028933818347635,2630800
2018-01-10,25.71675682067871,26.2808653124702,23.593049944639997,23.626232350335624,4265600
2018-01-11,26.148134231567383,26.38041359013926,25.57074977170849,25.882669937495123,2284400
2018-01-12,25.915855407714844,26.11495238599871,25.650393613888173,26.015405162684495,1126900
2018-01-16,26.114948272705078,26.645876840044195,25.982218662525337,26.04858346761521,1480600
2018-01-17,25.982219696044922,26.47996334898329,25.84948754893033,26.314048798003835,1214300
2018-01-18,26.47995948791504,26.599418149734273,25.816301380765836,25.816301380765836,1087800
2018-01-19,26.413599014282227,26.61269599177486,25.915855304722932,26.47996636121672,780300
2018-01-22,26.446781158447266,26.579513319338492,26.13486349175659,26.380416343829353,962500
2018-01-23,26.214500427246094,26.54632954657832,25.816306496709526,26.446779798116545,1245000
2018-01-24,25.882675170898438,26.54633350861378,25.783125407578876,26.413601334739585,975700
2018-01-25,26.015396118164062,26.18131063099463,25.849481605333494,25.849481605333494,729700
2018-01-26,26.114948272705078,26.280862817084795,25.749936781400713,26.11494827270508,1453800
2018-01-29,25.78312110900879,26.14813515922149,25.418109590451316,26.14813515922149,1961800
2018-01-30,25.517654418945312,25.91584826577805,25.48447202031837,25.61720161482613,1000800
2018-01-31,24.621719360351562,25.783121264739,24.376166523715973,25.650391643847485,1726500
2018-02-01,24.68808937072754,25.119465748558362,24.090795885539613,24.555357203835165,1302700
2018-02-02,24.057607650756836,24.754448193620192,23.9580579167814,24.688083392073167,774000
2018-02-05,23.59304428100586,24.289884759954916,23.493497087815804,24.0244230464601,1025300
2018-02-06,23.725784301757812,24.223528028368115,23.128490817163243,23.29440539270001,1850400
2018-02-07,23.626224517822266,23.991238454431382,23.393945223302318,23.72577423356192,1418200
2018-02-08,22.99576187133789,24.422625744729896,22.796662349401508,23.758967422690194,1696000
2018-02-09,23.194854736328125,23.49350143446169,22.345370513675416,23.062122589195972,2143900
2018-02-12,23.59304428100586,23.825326128425324,23.161668047206287,23.161668047206287,854000
2018-02-13,24.190336227416992,24.422615530321163,23.593042974728363,23.593042974728363,1206100
2018-02-14,24.323070526123047,24.52216745100733,23.89169174582814,24.024423872969248,1367400
2018-02-15,24.72125816345215,24.82080786670488,24.024417835645398,24.389429194815207,1335300
2018-02-16,24.090787887573242,24.92036049066912,23.99124069419454,24.621713847223667,1443900
2018-02-20,24.323070526123047,24.55534984987892,23.65941242207227,23.99124147409766,705400
2018-02-21,24.289894104003906,24.654908214414935,24.289894104003906,24.42262627763922,804600
2018-02-22,23.626224517822266,24.488981969820795,23.327580433912168,24.28988253834148,2027600
2018-02-23,24.157161712646484,24.68808781510628,23.626233078531335,23.626233078531335,1020100
2018-02-26,24.323070526123047,24.52216745100733,23.924874144699725,24.289885595596704,1013400
2018-02-27,23.92487144470215,24.289882854406432,23.75895693741343,24.289882854406432,1258500
2018-02-28,22.431644439697266,23.161669906637854,21.46933963834437,21.50252457039316,4684000
2018-03-01,22.152912139892578,23.095305599115736,21.70162434679396,22.531197123570067,2899300
2018-03-02,23.22803497314453,23.36076710789348,21.86753628819133,22.066633224487305,1397800
2018-03-05,22.597557067871094,23.194850351216708,22.531192272679206,22.929386107139845,1316400
2018-03-06,22.464832305908203,22.73029663695823,22.21927944526299,22.564382062965834,1203200
2018-03-07,22.332096099853516,22.498010625018388,22.0334494482258,22.265728770794723,970100
2018-03-08,22.11858558654785,22.61900605189717,22.051861330672548,22.418835829541358,795200
2018-03-09,22.452199935913086,22.852535302669292,22.085222880238014,22.285393108886304,851200
2018-03-12,22.585643768310547,22.985981687551007,22.452200340500625,22.552282911358066,851700
2018-03-13,22.05185890197754,22.9192537706646,22.01849805034916,22.6857252639961,1104400
2018-03-14,22.01849937438965,22.218667041466468,21.885053414581776,22.051860228024122,606500
2018-03-15,21.718244552612305,22.185304095250473,21.51807690441587,21.985136447054042,954200
2018-03-16,21.484722137451172,21.885057547201317,21.484722137451172,21.71825070226035,1497500
2018-03-19,21.251190185546875,21.58480256959968,21.184467199682274,21.35127402802623,786900
2018-03-20,21.017658233642578,21.484717814555292,20.984297380420944,21.484717814555292,934300
2018-03-21,20.98430061340332,21.251191298200283,20.884215493048686,20.950938482406716,565300
2018-03-22,20.75076675415039,21.037674661786063,20.684043777759666,20.850850582419017,823300
2018-03-23,20.583965301513672,21.017662851866405,20.583965301513672,20.717410016357068,821100
2018-03-26,20.98430061340332,21.01766147176475,20.38379498181619,20.817493776325822,850800
2018-03-27,21.217823028564453,21.951774426524334,20.917571572273378,21.08437836109113,639500
2018-03-28,20.88421058654785,21.484716077053246,20.817488885500474,21.21782418232424,1345100
2018-03-29,20.88421058654785,21.21782418232424,20.75076591181822,21.017656533912355,902100
2018-04-02,20.01681900024414,20.98429909430997,19.916735159769935,20.850853125254314,1651400
2018-04-03,20.01681900024414,20.28370966572038,19.850012175242107,20.08354198477197,1952900
2018-04-04,19.983448028564453,20.116892657434615,19.503043801255455,19.816641288000923,1179500
2018-04-05,19.916738510131836,20.11690622475214,19.783292518628105,20.050183229000275,895500
2018-04-06,19.983448028564453,20.083531818375683,19.816641288000923,19.816641288000923,1126900
2018-04-09,19.78329086303711,20.216988390176738,19.74993000427067,20.0835436824758,933200
2018-04-10,19.54975700378418,20.016816566045886,19.382950199067132,19.91673273774264,1599500
2018-04-11,19.64984130859375,19.850008957090292,19.316227712676266,19.483034510635008,1041500
2018-04-12,19.683202743530273,19.98345549782453,19.50305109095372,19.716563595058563,1107200
2018-04-13,19.41631507873535,19.850012578013672,19.302886384527014,19.783289592131982,1068300
2018-04-16,19.85000228881836,20.103547976581925,19.416305014345856,19.483027965641885,1937200
2018-04-17,19.51639747619629,20.050178778457056,19.48303662204312,19.95009494336254,876800
2018-04-18,19.583120346069336,19.816650141722054,19.483036511542455,19.516397365506414,1419900
2018-04-19,20.417158126831055,20.784132677573275,19.649846892693084,19.71656861272968,1928000
2018-04-20,19.61648178100586,20.55059971864708,19.282868140945777,20.350432043665048,2764100
2018-04-23,19.382953643798828,19.816652431247892,19.31623192816219,19.783290300794423,1043000
2018-04-24,19.282873153686523,19.68320988035644,19.149428426553467,19.51640301696359,1074800
2018-04-25,19.916738510131836,20.283713077814156,19.416317950945785,19.549762669814225,2078800
2018-04-26,19.282873153686523,19.916739743633507,19.149428426553467,19.883377607373713,1659500
2018-04-27,18.81580924987793,19.449674383594186,18.749086269319637,19.349590549074254,1413300
2018-04-30,18.915891647338867,19.082698449744615,18.715722720871025,18.915891647338867,1664600
2018-05-01,18.749086380004883,19.08270001213082,18.382110621085342,18.915893196067852,1748000
2018-05-02,18.448835372924805,18.882532881791764,18.448835372924805,18.682365192356286,1267100
2018-05-03,18.04850196838379,18.41547782854877,17.681527380854167,18.348754829188287,2143400
2018-05-04,18.448835372924805,18.649004334995418,17.915054019340108,18.048498721418717,1916600
2018-05-07,18.84917449951172,18.94925835737145,18.44883779543751,18.682367645533738,2299300
2018-05-08,18.21530532836914,19.216146308447335,18.115221484888345,18.88253264842127,2246100
2018-05-09,19.916738510131836,20.25035221625587,18.749090538697722,18.749090538697722,2811400
2018-05-10,19.71656608581543,19.970113170946245,19.34959158210539,19.616482245952245,1422400
2018-05-11,19.88337516784668,19.983460291711065,19.649846605857025,19.816653448784045,1005500
2018-05-14,20.183622360229492,20.28370618352184,19.583118147840548,19.783285794425243,1008700
2018-05-15,20.383792877197266,20.417155004749244,20.08354136503973,20.21698605734251,1323700
2018-05-16,20.517234802246094,20.617318619925214,20.0168144412157,20.350428015235963,1248900
2018-05-17,20.150266647338867,20.71740888146721,20.11690451597914,20.38379520368104,1016000
2018-05-18,20.55060577392578,20.717412643105813,20.150270306002035,20.250354172982973,1169000
2018-05-21,20.684049606323242,20.71741046760191,20.383796764274113,20.517242754659346,2450900
2018-05-22,20.05017852783203,20.583961096055585,19.95009469398855,20.517238115948267,1308300
2018-05-23,19.34958839416504,20.050176430417068,19.34958839416504,20.050176430417068,1369600
2018-05-24,19.182785034179688,19.51639868694803,19.149424177956888,19.31623100434106,1034100
2018-05-25,19.249507904052734,19.402969877975284,19.182784919371382,19.216145775394516,901500
2018-05-29,18.882526397705078,19.216139947294458,18.715719622910388,19.14941825548434,724200
2018-05-30,18.682363510131836,19.249506942644985,18.615640528782933,18.849170327186584,1107400
2018-05-31,18.40031623840332,18.803243133144562,18.165275443065156,18.76966642561166,1725900
2018-06-01,18.601778030395508,18.668931437173303,18.165273201125075,18.467468655101662,1771800
2018-06-04,18.87039566040039,18.93755034861773,18.53462350018284,18.60177818840018,1570100
2018-06-05,18.769664764404297,18.971127553509827,18.70251007441273,18.803241468965492,646200
2018-06-06,19.105440139770508,19.23974826142408,18.487619193729795,18.83682133472459,1007500
2018-06-07,19.541942596435547,19.609097293641238,19.105438985902534,19.206170391276412,1387700
2018-06-08,19.978435516357422,20.01201220655847,19.37404612665815,19.5755088296017,1252700
2018-06-11,20.616411209106445,20.985760074062284,19.944866886736452,19.944866886736452,1621400
2018-06-12,20.851455688476562,20.918610392962286,20.414952030623535,20.717147560374567,1138800
2018-06-13,21.422266006469727,21.92592558505007,21.153648503864357,21.38868929897004,2790000
2018-06-14,22.16096305847168,22.228116467286863,21.455842018958883,21.489418723366477,2937100
2018-06-15,21.89234733581543,22.63104774391883,21.590154392499947,22.63104774391883,2057900
2018-06-18,21.925928115844727,22.093814234459956,21.489423182749576,21.69088601274008,731600
2018-06-19,22.09381103515625,22.29527383597385,21.85876896608697,21.925924940851836,1785500
2018-06-20,22.496732711791992,22.731772178115495,22.14752938915561,22.228113983075374,2182600
2018-06-21,21.69088363647461,22.597470114722412,21.65730692877771,22.46316072219623,2025700
2018-06-22,21.99307632446289,22.14753120956198,21.48941808802481,21.724457573667276,2468500
2018-06-25,22.09381103515625,22.29527383597385,21.82519225957379,22.09381103515625,1007300
2018-06-26,22.328845977783203,22.362422677432274,21.556569077164685,22.09380651850173,909400
2018-06-27,22.09381103515625,22.396003955513397,22.026655060391384,22.261697129460664,587100
2018-06-28,21.791614532470703,22.160963410294602,21.52299576946875,22.160963410294602,829900
2018-06-29,21.590152740478516,21.892345660670994,21.42226536539633,21.724459566458062,711300
2018-07-02,21.422266006469727,21.590153386576034,21.019339112127025,21.422266006469727,1599400
2018-07-03,21.65730857849121,22.026657514768885,21.489422465479652,21.623731868236657,388900
2018-07-05,21.8251895904541,21.993075664226826,21.657303516681377,21.724456921495193,1291200
2018-07-06,22.194538116455078,22.26169408202687,21.85876597381056,21.85876597381056,929700
2018-07-09,22.530311584472656,22.69819766567102,22.026653340877566,22.362425503274295,994500
2018-07-10,22.060232162475586,22.631046430389198,21.959502041129806,22.597469723273935,1010300
2018-07-11,22.16096305847168,22.79893068916929,21.892344299734262,22.02665367910297,1790300
2018-07-12,22.16096305847168,22.396002551063166,21.858767595326672,22.16096305847168,865200
2018-07-13,22.12738609313965,22.496734960744508,21.858767337569763,22.26169547092459,775600
2018-07-16,19.541942596435547,22.29527493491432,19.508364607398047,22.127388832334752,6120500
2018-07-17,18.836820602416992,19.743405832028735,18.80324389352629,19.34047892099359,4673800
2018-07-18,18.40031623840332,18.937552525014738,18.098122027999356,18.87039782907965,5440800
2018-07-19,17.66161346435547,18.33315772202479,17.44671950684033,18.29958102148893,5344800
2018-07-20,18.064538955688477,18.098116934640807,17.124377319795084,17.527304101140516,3794800
2018-07-23,17.930233001708984,18.06454109078575,17.715337753621817,17.896655018787985,1501000
2018-07-24,17.493730545043945,18.030966816287698,17.332560047931597,18.030966816287698,2454800
2018-07-25,18.165279388427734,18.232434098948325,17.76235368704334,17.863085112389438,2845300
2018-07-26,17.896656036376953,18.668931755303813,17.695193250872258,18.198851495503146,1747200
2018-07-27,17.29227066040039,17.99739186430194,17.12438453748388,17.896660446725928,1085700
2018-07-30,17.359424591064453,17.661618830306857,17.15796048403344,17.29226988872078,1499900
2018-07-31,17.32584571838379,17.527309815169716,17.144529696406604,17.32584571838379,843100
2018-08-01,17.057226181030273,17.35942164994259,16.99007149006429,17.225112268010626,1016600
2018-08-02,17.090810775756836,17.157964211821042,16.875915425394435,17.090810775756836,744600
2018-08-03,17.29227066040039,17.4601567833169,17.12438453748388,17.12438453748388,1067700
2018-08-06,17.39299964904785,17.493731052556743,17.191536842030064,17.325844953085493,1432500
2018-08-07,17.46015167236328,17.930233191274546,17.392996986680373,17.49372837477019,1628300
2018-08-08,18.198856353759766,18.63536002612575,17.762352681393782,17.896660813961283,3534300
2018-08-09,18.668935775756836,18.803245182263634,17.225115419721195,17.460156240673374,6000300
2018-08-10,18.736087799072266,19.004705292794416,18.467470305350112,18.534624998997963,2966900
2018-08-13,18.736087799072266,18.937551880015814,18.43389359896081,18.870397186367963,1101300
2018-08-14,18.87039566040039,19.19273662680065,18.769664268508954,18.90397236407449,1868600
2018-08-15,19.172588348388672,19.239743031395182,18.501044080061657,18.7696628120877,1262800
2018-08-16,19.441207885742188,19.562084783118227,19.206167125917656,19.30689851416557,1007800
2018-08-17,19.273319244384766,19.575513368874446,19.17258658868595,19.306895942371757,749800
2018-08-20,19.340478897094727,19.541942992798024,19.23974748967775,19.273325479396302,1162800
2018-08-21,19.776979446411133,20.146328285973016,19.239743256930417,19.239743256930417,2006000
2018-08-22,19.87771224975586,20.045598330782735,19.776980857313564,19.776980857313564,1049900
2018-08-23,19.67624855041504,19.8642814257796,19.54194045161393,19.743403240250178,714600
2018-08-24,19.642671585083008,19.830704457950546,19.52850899814007,19.642671585083008,1025200
2018-08-27,19.508365631103516,19.897861358292207,19.474788921173385,19.609098322632676,606100
2018-08-28,19.47478485107422,19.67624763028941,19.340475477684684,19.541939537768986,794500
2018-08-29,19.23974609375,19.629241780140216,19.139014693641528,19.50836358766235,1013800
2018-08-30,19.091073989868164,19.293810543200088,18.786967870902703,18.888337436536236,1127300
2018-08-31,19.564125061035156,19.597914052435154,18.95591290409601,19.158650719398192,771700
2018-09-04,18.98970603942871,19.462758434985687,18.98970603942871,19.462758434985687,763200
2018-09-05,19.42896842956543,19.699284254270225,18.922125774881113,19.02349404802447,1189000
2018-09-06,18.415285110473633,19.428970529398786,18.415285110473633,18.820759535837226,1618700
2018-09-07,18.38149642944336,18.88833914765631,18.28012685462662,18.347706141515218,1403600
2018-09-10,18.246335983276367,18.672083255740425,18.178756703322573,18.482862818630867,1377400
2018-09-11,18.415285110473633,18.516653394572614,18.14496925655379,18.14496925655379,1769600
2018-09-12,18.888338088989258,18.888338088989258,18.469347564937987,18.516652676418307,1832400
2018-09-13,18.854551315307617,19.15865750142865,18.82076231194655,18.854551315307617,1439500
2018-09-14,18.786970138549805,18.989708005320406,18.719392138593996,18.786970138549805,1173100
2018-09-17,18.9761905670166,19.124863961110993,18.68560054717824,18.854548113226812,754400
2018-09-18,19.023496627807617,19.293812489170044,18.955917340225085,18.955917340225085,1022700
2018-09-19,19.21272087097168,19.395184584456185,19.057289391618745,19.057289391618745,942800
2018-09-20,19.24650001525879,19.53033188340233,19.124857601916244,19.124857601916244,3278600
2018-09-21,19.15865135192871,19.361387884956923,19.124861070445714,19.22623062592726,1517400
2018-09-24,19.023496627807617,19.327602777445158,18.92212834091767,19.192444202280097,895100
2018-09-25,19.091073989868164,19.428969104733085,18.955915428335164,19.0572849939687,758700
2018-09-26,18.82076072692871,19.293813178984138,18.786970437445486,19.023497307957072,1060900
2018-09-27,18.854551315307617,19.260025800479706,18.672087603634996,18.82076231194655,827800
2018-09-28,19.15865135192871,19.192440344444265,18.618018448907748,18.75317699690485,1386400
2018-10-01,18.935640335083008,19.40193461108622,18.84102883747159,19.219472249982424,1232800
2018-10-02,19.34111785888672,19.685769758095827,18.901853157564755,18.942401501327407,1372400
2018-10-03,19.712797164916992,19.807407365950027,19.45599749541276,19.476270373367086,1493700
2018-10-04,19.42220687866211,19.800648965164953,19.374901778970166,19.699280710258318,755500
2018-10-05,19.280296325683594,19.719559731054318,19.226233157160546,19.428969716880076,901900
2018-10-08,19.868228912353516,19.97635522648863,19.219471027542834,19.314081230169222,908600
2018-10-09,19.74658203125,20.091235063153693,19.658729904200218,19.83443544726683,779200
2018-10-10,19.111351013183594,20.037183044273338,19.09783489721948,19.766867169829897,1145400
2018-10-11,18.88157844543457,19.30732570195565,18.793724998094223,19.17216843607686,1156700
2018-10-12,19.057287216186523,19.253265735397555,18.888339639053548,19.084318158264583,778200
2018-10-15,19.51006507873535,19.672254584010105,19.057285559813813,19.057285559813813,840000
2018-10-16,20.212879180908203,20.239911400126015,19.631699357396855,19.868226119684067,1333700
2018-10-17,20.023662567138672,20.36831571535122,19.989873573555425,20.185853345447207,1046300
2018-10-18,20.07772445678711,20.260188104085522,19.847956994852968,19.976356193499345,695200
2018-10-19,19.915536880493164,20.30749514789688,19.74658932921626,20.03042126692016,889500
2018-10-22,19.94257164001465,20.26019261272329,19.888508468298973,19.976360638974064,923100
2018-10-23,19.604673385620117,19.92905236447382,19.300567287340094,19.719557768418404,1155300
2018-10-24,17.97602081298828,19.706043482953238,17.95574664156687,19.604675203781376,2649400
2018-10-25,18.057113647460938,18.340945582508613,17.854377103412958,18.003050483116976,1353300
2018-10-26,17.820589065551758,18.17199900816511,17.59757833954224,17.8341038906375,1020300
2018-10-29,18.090900421142578,18.651806125758192,17.85437363966117,17.99628893516966,1163000
2018-10-30,18.935640335083008,19.023492487542804,18.144965807075167,18.144965807075167,1279200
2018-10-31,19.354629516601562,19.516818998202606,18.996461561428713,19.050524721962393,1200100
2018-11-01,20.057451248168945,20.273703883356635,19.408692053638497,19.408692053638497,2158700
2018-11-02,19.935810089111328,20.321010281208515,19.766862545983265,20.199367843921515,887000
2018-11-05,20.212879180908203,20.32100547984513,19.47626796379592,19.9898685282299,965100
2018-11-06,20.658903121948242,20.80081971301329,20.077723224289382,20.266944916053674,1441300
2018-11-07,21.21305274963379,21.679349610784854,20.44941043455019,20.922462774055116,2261700
2018-11-08,21.46985626220703,21.828024264935795,21.098170856340793,21.490129144494265,1509600
2018-11-09,21.21981430053711,21.686109949513277,21.125204074848597,21.42930892411924,1303200
2018-11-12,21.138715744018555,21.490125632229272,21.118441576077263,21.186020846914186,1147800
2018-11-13,21.206298828125,21.409036689414513,21.09141442675125,21.253605231369935,1536500
2018-11-14,20.868398666381836,21.47661081511321,20.834609675437818,21.436062479219533,1613700
2018-11-15,20.726484298706055,20.861642846553526,20.314251887841955,20.82785256510794,1314300
2018-11-16,20.59808349609375,20.787305202429266,20.516989399783828,20.516989399783828,1222300
2018-11-19,20.52375030517578,20.679181752153713,20.307496344070604,20.658907580777967,1393000
2018-11-20,19.6519832611084,20.435899961384848,19.618194259307852,20.435899961384848,1193400
2018-11-21,20.57105255126953,20.712967864233214,19.672251702263935,19.672251702263935,1686900
2018-11-23,20.66566276550293,20.902189576140483,20.388588906717274,20.51023134012901,835800
2018-11-26,20.780548095703125,21.10492707369849,20.733242989199734,20.827853202206516,1068000
2018-11-27,20.93598175048828,21.037350030750797,20.74676130438962,20.74676130438962,717300
2018-11-28,20.888675689697266,21.25360302881968,20.740002304666408,21.017076192977473,1301100
2018-11-29,21.24917221069336,21.35800269520853,20.820652340085093,20.820652340085093,1103100
2018-11-30,21.39201545715332,21.500845954003903,21.0179094890378,21.167552395228753,1220900
2018-12-03,21.555261611938477,21.766120541422175,21.113137547913215,21.596072724692316,1264400
2018-12-04,21.011112213134766,21.636888361436743,20.977103161622697,21.412425248315497,1024700
2018-12-06,20.98390007019043,21.031513249541234,19.793565396973037,20.711823832927394,1072400
2018-12-07,20.854663848876953,21.194759477589702,20.732229214962462,20.970296414533763,837200
2018-12-10,20.446548461914062,21.004305075249135,20.26969858252653,20.84105933212876,966100
2018-12-11,20.60979461669922,21.153948401998026,20.507766187381275,20.62339875323811,666300
2018-12-12,20.37173080444336,21.085931180315704,20.358126666508536,20.922685417183796,810300
2018-12-13,19.55550193786621,20.541779945851253,19.31063262887967,20.37853287495217,1607600
2018-12-14,19.297027587890625,19.739151669661926,19.222206130370488,19.44666920556896,1132500
2018-12-17,18.786884307861328,19.3582438072318,18.678052506108628,19.20180011934034,1351700
2018-12-18,18.70526123046875,19.18819644313983,18.616836930036715,19.052158958062698,1387000
2018-12-19,18.61683464050293,19.174591244657748,18.405974423918103,18.984137232137787,1430700
2018-12-20,18.106691360473633,18.678050807895975,17.868624167253255,18.610032721857436,4175000
2018-12-21,17.61014747619629,18.78687908606282,17.582940506341732,18.195112247727536,2594600
2018-12-24,17.154422760009766,17.787000826476078,17.100007512214916,17.42650029634587,828700
2018-12-26,18.106691360473633,18.13389833541668,17.140819748801515,17.242848175221155,2364300
2018-12-27,18.018264770507812,18.12709525894955,17.47411232829914,17.800603793624344,952100
2018-12-28,17.997859954833984,18.25633335782963,17.67817053256238,17.997859954833984,1718500
2018-12-31,17.916236877441406,18.20871931025356,17.446904571362328,18.0590764112175,1591400
2019-01-02,18.385570526123047,18.521608001935085,17.63055779999533,17.684973049792525,1863300
2019-01-03,18.337955474853516,18.780080825184825,17.746189813954015,18.33115470403284,757700
2019-01-04,19.011348724365234,19.140584146580483,18.542016330272375,18.54881839944613,1655400
2019-01-07,19.31063461303711,19.487484543547282,18.93652983907935,19.05216243605284,1724900
2019-01-08,20.3037052154541,20.392129490319437,19.541890589315177,19.541890589315177,2177200
2019-01-09,20.330913543701172,20.589386913394197,20.296904504333945,20.36492388043009,2361700
2019-01-10,20.521373748779297,20.643808403338976,20.045239269349896,20.344523836344436,1572300
2019-01-11,20.249290466308594,20.643801273999827,20.235686332197467,20.541772862889644,2601200
2019-01-14,20.181276321411133,20.344522080951286,19.902397986693117,20.174474252593377,863200
2019-01-15,20.405738830566406,20.528173471127715,20.167671618070745,20.330917373031845,2541600
2019-01-16,20.317312240600586,20.705021027055643,20.276499833444,20.39213239233075,976900
2019-01-17,20.453350067138672,20.53497358553244,20.249293217196968,20.249293217196968,1023800
2019-01-18,20.705020904541016,20.81385139492437,20.44654751685921,20.494160694231702,1041500
2019-01-22,20.106449127197266,20.718620875215226,19.984014518121356,20.6165924667725,1593000
2019-01-23,20.779836654663086,20.875064286600665,20.208476052483643,20.208476052483643,1589300
2019-01-24,20.89547348022461,20.997503199497206,20.691416636402963,20.77984092276254,1950800
2019-01-25,21.10633659362793,21.364808717861166,20.915882561787367,21.079128318781297,1196700
2019-01-28,21.0587215423584,21.289986682844102,20.922684063895108,20.997505520335164,721900
2019-01-29,21.187959671020508,21.344403365560957,20.956694515020708,21.05872295505309,510800
2019-01-30,20.949892044067383,21.24237451794709,20.378531234014456,21.167554355285336,1786500
2019-01-31,20.956689834594727,21.194757006408828,20.793444107529496,20.956689834594727,1125200
2019-02-01,21.187959671020508,21.187959671020508,20.7934487514965,21.031515976480055,995000
2019-02-04,21.41922378540039,21.56886540367999,21.221968983911918,21.221968983911918,1373100
2019-02-05,21.358003616333008,21.616477001225217,21.310390439474382,21.419220928683174,982600
2019-02-06,21.541656494140625,21.67769526027352,21.419221864093384,21.419221864093384,570600
2019-02-07,21.303590774536133,21.50764893783943,21.09953390859475,21.42602541304573,832600
2019-02-08,21.337600708007812,21.39881672872704,21.092731435683355,21.17435366155025,439400
2019-02-11,21.602872848510742,21.664090160812105,21.398814708385615,21.41241884386631,1131400
2019-02-12,21.84774398803711,21.942970355572392,21.684498230535787,21.684498230535787,934000
2019-02-13,22.174232482910156,22.262658067031033,21.49404256797747,21.89535418965837,941100
2019-02-14,22.47351837158203,22.602753768361726,21.779723020753174,22.072205450849367,1001300
2019-02-15,22.582353591918945,22.684380738727434,22.487127217008045,22.500731355527332,650300
2019-02-19,22.337480545043945,22.697981073863463,22.32387640880423,22.58234980791142,575900
2019-02-20,22.575546264648438,22.62315944375064,22.30347132616779,22.30347132616779,615700
2019-02-21,22.378292083740234,22.55514065853363,22.228649185644883,22.50072671041396,567700
2019-02-22,22.36469268798828,22.561946210791895,22.262662945894867,22.391898370452285,606700
2019-02-25,22.215045928955078,22.64356713926916,22.201441792705968,22.459915191991694,751100
2019-02-26,22.31707763671875,22.439512279117487,22.1062173982045,22.23545281197032,1123700
2019-02-27,23.69106674194336,23.949537595207957,22.09261546025333,22.09261546025333,2567900
2019-02-28,24.55491065979004,24.84059242214998,23.657058140472227,23.657058140472227,1906200
2019-03-01,24.983427047729492,25.37113589527504,24.62292647590882,24.765766031378448,1712700
2019-03-04,24.990234375,25.17388377844157,24.59572209863065,24.942618587572323,1124200
2019-03-05,25.894886016845703,25.962904117974723,25.065051690505662,25.119468247188266,1778900
2019-03-06,25.983304977416992,26.058126426353706,25.690822546877246,25.826861309060035,1016600
2019-03-07,25.05144691467285,25.96970413508976,25.017435273771266,25.96970413508976,1488800
2019-03-08,25.18138885498047,25.195067271829977,24.85995258124512,24.85995258124512,952300
2019-03-11,25.967872619628906,25.967872619628906,25.099312992190825,25.24293241016575,909200
2019-03-12,26.275632858276367,26.515001210146337,25.89264766950991,25.967877648415016,1051600
2019-03-13,26.43292808532715,26.501317538644905,26.241432920034683,26.446603888878368,1338400
2019-03-14,26.35770606994629,26.638107087333328,26.207246096605033,26.521841850962936,1238000
2019-03-15,26.88431739807129,27.274143197539967,26.302996346853867,26.391904763419653,1627700
2019-03-18,26.330350875854492,26.891152945538007,26.289315623600324,26.829601371602433,841600
2019-03-19,26.138856887817383,26.501325799389647,26.043110579771216,26.42609581195588,712900
2019-03-20,25.4822998046875,26.166204822202246,25.37971561739465,26.166204822202246,1039500
2019-03-21,26.398733139038086,26.432930477682465,25.44810556387494,25.489140804913802,1553400
2019-03-22,25.851612091064453,26.330346179747124,25.48914322525328,26.330346179747124,948700
2019-03-25,25.981555938720703,26.173048532183753,25.495981334182236,25.885807033098256,1111000
2019-03-26,26.173046112060547,26.432930756937644,25.97471302494669,26.186724525884674,946000
2019-03-27,26.234601974487305,26.337186181664624,26.0499472708988,26.179888310213183,568300
2019-03-28,26.186725616455078,26.391896614580194,26.04994408140807,26.24827717678169,531400
2019-03-29,26.316669464111328,26.39189944690525,26.008911629450314,26.39189944690525,774900
2019-04-01,26.86379051208496,26.9390204877601,26.302988559276812,26.44660799889799,1136300
2019-04-02,26.993736267089844,27.25361833761795,26.809081569257124,26.891149454219104,1005000
2019-04-03,28.32050323486328,28.559868918395473,27.32200265657146,27.47930047844837,2045100
2019-04-04,28.99757194519043,29.12751295106795,28.28631014599777,28.429929564424047,1620500
2019-04-05,29.284822463989258,29.688326664022014,28.792409851368543,28.997583512554826,1457300
2019-04-08,29.072803497314453,29.407918130904154,28.867632497249097,29.298493423609912,1020500
2019-04-09,29.223262786865234,29.230103298417408,28.847115527109036,28.963378134588456,939900
2019-04-10,29.859294891357422,30.0507874738005,29.236941389526635,29.236941389526635,820500
2019-04-11,30.160221099853516,30.242291609938174,29.74304108026844,29.838787399809,889000
2019-04-12,29.7498836517334,30.529535357597492,29.7498836517334,30.433789023037612,566700
2019-04-15,30.235443115234375,30.358546238974963,29.65412483781892,29.845617426352792,771500
2019-04-16,30.76204490661621,30.762044906616207,30.194405144245504,30.420092425294698,620100
2019-04-17,31.042451858520508,31.179233399359905,30.727856140813525,30.77572928877368,728300
2019-04-18,30.440608978271484,31.0150892557566,30.426933174734824,30.91250507588915,568700
2019-04-22,29.72934913635254,30.584230327447187,29.660957075730753,30.331183616482118,588500
2019-04-23,30.365385055541992,30.45429083303163,29.81142102963619,29.9276836350722,601700
2019-04-24,30.55003547668457,30.727852239868966,30.19440716809692,30.303831865098633,546500
2019-04-25,30.262800216674805,30.52268488122835,29.98239923427707,30.52268488122835,439200
2019-04-26,30.844120025634766,30.87831736892184,30.19441224543645,30.33803169523454,450200
2019-04-29,31.233949661254883,31.39125015524239,30.86464283093364,30.871480735115505,425700
2019-04-30,31.31601333618164,31.569057477994427,31.056128682787268,31.38440279865296,1148300
2019-05-01,31.042451858520508,31.507507532039916,30.891991902708085,31.309174428267337,525800
2019-05-02,29.90032958984375,31.083485012050144,29.585731284412983,31.062966086525726,931300
2019-05-03,30.74154281616211,31.521194416884004,29.879820703549367,30.796253881864413,1298600
2019-05-06,41.362579345703125,43.209123602247814,33.85330180405285,34.57140162357277,16069500
2019-05-07,41.65665054321289,45.52755246915177,41.0548134546566,41.95756778304586,7164400
2019-05-08,41.67033004760742,44.0503216399903,40.43930162288931,40.81544883476284,3257400
2019-05-09,41.841312408447266,42.16958652911481,40.9659147533338,41.25315363058385,1691300
2019-05-10,42.27217483520508,42.87400944003424,41.56091291070782,41.77976233226222,1295000
2019-05-13,39.66648864746094,41.87550140907165,39.31769825726575,41.649814123390165,1823200
2019-05-14,38.92103576660156,40.02212329968461,38.56540483232755,40.015282788297995,2912500
2019-05-15,39.194602966308594,39.304027680035965,38.230296861307714,38.56540890570799,2036100
2019-05-16,39.406612396240234,40.00161173073781,39.13988981610249,39.32454451209578,1205900
2019-05-17,38.92103576660156,39.639135537645515,38.83212738081039,39.324539845019125,1143300
2019-05-20,38.57225036621094,38.86632978075097,37.98409153713087,38.65431825130156,960400
2019-05-21,38.70219039916992,39.01678612461083,38.401273089038305,38.62012251620511,1212800
2019-05-22,37.40277862548828,38.41495812144927,37.348067560002285,38.41495812144927,873300
2019-05-23,37.3001823425293,37.40276653549077,35.94605064609008,37.01294086267754,1139300
2019-05-24,37.79944610595703,37.81996243003673,37.17025187563228,37.56007768649662,811900
2019-05-28,37.006103515625,38.36707313513818,36.97874668686826,37.471159168926505,989800
2019-05-29,37.2523078918457,37.28650262163449,36.37006977528546,36.68466546356735,798400
2019-05-30,38.089752197265625,38.6594840013925,37.26604107248059,37.26604107248059,903000
2019-05-31,36.847320556640625,38.08975163768485,36.661985359898864,37.74653889227539,1192100
2019-06-03,36.79926681518555,37.959324820660605,36.68943885382995,36.68943885382995,1324900
2019-06-04,37.437644958496094,37.62984324804809,36.79926907562089,37.32781699039419,1183100
2019-06-05,36.83359146118164,38.36431998020746,36.71003466426427,37.616116095988026,1205500
2019-06-06,36.373687744140625,37.355273782493576,35.92064702701409,36.758084341396206,1395500
2019-06-07,35.227359771728516,36.91596603248773,35.16558136616388,36.579618972140246,1142600
2019-06-10,34.932186126708984,35.61174838477007,34.56151580413022,35.254806883602164,1529100
2019-06-11,35.02828598022461,35.4332770554274,34.472283103398816,35.076335546900786,1197300
2019-06-12,35.227359771728516,35.673537436196,34.767455900251754,35.28227507378852,1025900
2019-06-13,35.55683898925781,35.783360652304026,34.63016564780872,35.33718304730684,1292900
2019-06-14,35.45388412475586,35.90005920419015,35.227362414523036,35.48133915933984,556000
2019-06-17,36.710025787353516,36.73061770902523,35.13811117662731,35.37836160965148,910200
2019-06-18,36.428592681884766,37.78771454450426,36.37368001616022,36.970869330378285,1104700
2019-06-19,36.277587890625,36.64825830197144,35.74904254150818,36.421739240707886,804500
2019-06-20,36.771812438964844,36.78554126266783,36.11284461225386,36.55215649672785,949000
2019-06-21,37.10129928588867,37.53374810195722,36.1059817460191,36.531567458946185,1961900
2019-06-24,36.744361877441406,37.478837066904305,36.40114907419684,37.16308191636072,1142000
2019-06-25,36.68944549560547,36.97774296441407,36.394282305060116,36.59334633933594,1587500
2019-06-26,36.977745056152344,37.35527859935547,36.60707723507434,36.716905222524446,1258500
2019-06-27,36.5178337097168,36.854180706909276,35.62548116684227,36.3736849966343,1605800
2019-06-28,36.8129997253418,37.19053322076598,36.41487168465436,36.62766452900511,8519400
2019-07-01,37.27290344238281,38.007378504425574,36.95714834661788,37.56120350871568,1420300
2019-07-02,37.520023345947266,38.30941383660411,37.01893297010208,37.231725849641485,1292500
2019-07-03,39.332183837890625,39.380233417333585,37.69849028131308,37.83577591622396,1260400
2019-07-05,39.33904266357422,39.476325655913335,38.8036290431318,39.08506336703535,1123500
2019-07-08,38.43296813964844,39.25667671433855,38.41237359232719,39.25667671433855,886300
2019-07-09,37.82204818725586,38.64575940209295,37.75340667706351,38.508473763202474,1160000
2019-07-10,39.37336730957031,39.67539358852389,37.69162430187352,37.9661955507444,1531900
2019-07-11,40.44418716430664,40.89723048523377,39.42141468722816,39.442006613268354,1792800
2019-07-12,40.533424377441406,40.83545326677349,39.826406965605706,40.38927565399042,749200
2019-07-15,40.63640594482422,40.7599627924095,40.162770489578456,40.75309706837338,582500
2019-07-16,40.176490783691406,40.75995413300053,40.080391615653795,40.574618900996875,725600
2019-07-17,38.7006721496582,40.16275664455935,38.67321449999198,40.16275664455935,888400
2019-07-18,38.52906799316406,38.611438328416405,37.91814965457315,38.54279681879041,681400
2019-07-19,38.364322662353516,39.270404157423705,38.07602519506101,38.57024979877754,660500
2019-07-22,38.19271469116211,38.85854826914173,37.883822690114584,38.3986418190253,983200
2019-07-23,37.27290344238281,38.54279216518506,36.86104919734207,38.3299993214276,1617600
2019-07-24,38.13780212402344,38.192714802978486,36.95714941367652,37.1630765421426,1066000
2019-07-25,38.63888931274414,39.00955968518121,38.22016936815841,38.22016936815841,1114400
2019-07-26,36.277587890625,39.36650274816753,35.632348840822566,38.817362852749966,2278800
2019-07-29,36.38055419921875,36.8747814338092,36.18149016100808,36.22953974009263,1274900
2019-07-30,34.95278549194336,35.69412629495192,32.907237799261004,35.6254847917869,2273000
2019-07-31,34.492881774902344,35.28227215645654,34.11534826922641,34.82236570450165,1588400
2019-08-01,34.451690673828125,35.611751302288845,34.33499961003311,34.62329702776562,1060900
2019-08-02,33.88883972167969,34.55467356023405,33.77214859700871,34.45170864675429,691900
2019-08-05,33.57994079589844,33.77214175421715,32.879788952721796,33.559348864777355,803200
2019-08-06,33.65544128417969,35.30286352458704,33.14748788269949,33.93687563324452,1062900
2019-08-07,32.11098861694336,32.934699857742395,30.27823352828341,32.28946073867784,1610100
2019-08-08,32.30318832397461,32.51597857520715,31.445156359957597,32.09039545423632,1058300
2019-08-09,31.040164947509766,32.14531052826715,30.779322499121538,32.14531052826715,858700
2019-08-12,31.19803810119629,31.232358850957805,30.03797738231728,30.73813167517478,1457900
2019-08-13,32.60520935058594,32.7836788180468,30.909737626433763,31.191171960298608,1834500
2019-08-14,29.790874481201172,31.54812248255832,28.932842412255358,31.05389779142966,2350400
2019-08-15,30.346866607666016,30.53906750216287,29.756540338828422,29.996790802323208,993500
2019-08-16,30.628307342529297,31.053893069335693,30.436109026233293,30.47729550194201,981600
2019-08-19,30.80677604675293,31.815819714274216,30.80677604675293,31.01270316552225,544900
2019-08-20,30.525346755981445,31.047029051055556,30.388061114591686,30.65576667512352,461500
2019-08-21,29.68790626525879,30.127218216465856,28.82987429227443,29.50943676702058,1386100
2019-08-22,30.470430374145508,30.614579114177943,29.74282095197852,29.81832556449142,713200
2019-08-23,29.584949493408203,30.436118596145153,29.097587827557984,30.257649048969895,1035700
2019-08-26,29.66044044494629,30.278224342754438,29.262315080751634,29.935011648084366,447600
2019-08-27,29.468246459960938,30.237042274660578,29.399604958445153,29.94187910483291,950000
2019-08-28,30.54593849182129,30.655766480534794,29.28977841606136,29.28977841606136,871600
2019-08-29,30.511457443237305,30.856219674234335,30.311494717980526,30.559723945150722,795600
2019-08-30,30.732114791870117,31.318209718019226,30.476991396639928,30.773487219607947,624100
2019-09-03,29.20136260986328,30.649365691960213,28.904866853400318,30.270127728908868,1613700
2019-09-04,29.615081787109375,30.20117663886396,29.380643320342024,29.380643320342024,1061700
2019-09-05,30.242538452148438,30.318386551601765,29.290994111389107,29.86330058520846,625400
2019-09-06,30.24944305419922,30.81485300808499,30.049482921967105,30.290815476554602,729200
2019-09-09,29.856409072875977,30.587305959167363,29.435798724648254,30.352867533777832,946400
2019-09-10,30.73900032043457,30.745894407383638,29.53922665612106,29.732292654618444,874700
2019-09-11,30.711435317993164,30.739016941357036,30.090861943947964,30.683853694629295,1062200
2019-09-12,30.52524757385254,30.725210294692396,30.22875185131814,30.69762868554338,813100
2019-09-13,30.380443572998047,30.842423621368948,30.19427168429844,30.842423621368948,791600
2019-09-16,30.6562557220459,30.73900054800905,29.78745609204859,30.201169700556456,525300
2019-09-17,30.6562557220459,30.980333047917476,30.283911896192635,30.51145622210084,777400
2019-09-18,31.318208694458008,31.531962285292245,30.60799913863482,30.676953182610944,916100
2019-09-19,30.42182159423828,31.463005109819107,30.36666099948678,31.463005109819107,997400
2019-09-20,30.16669464111328,30.683837977818083,30.008104333496387,30.456293647110996,724200
2019-09-23,30.359766006469727,30.442510848790214,29.725404663977628,29.95294640454023,490400
2019-09-24,29.44269561767578,30.442506632800576,29.373741591958165,30.22185901115847,776400
2019-09-25,29.166889190673828,29.5116514804698,28.642851667528063,29.33237624712001,510000
2019-09-26,29.339269638061523,29.532338304379984,28.698011583860048,29.291003129063775,815900
2019-09-27,28.82901954650879,29.387532693658336,28.5807903120747,29.36684780089788,755100
2019-09-30,29.470285415649414,29.663351480643737,28.766969939891418,28.86350297238858,632600
2019-10-01,29.13930320739746,30.339076953351196,29.091036704488754,29.61507677939347,543600
2019-10-02,28.504947662353516,28.884185674179307,28.31188161204097,28.884185674179307,659400
2019-10-03,28.553199768066406,28.663523545483752,27.84299061533766,28.64283865919498,776400
2019-10-04,28.691116333007812,28.897973167520245,28.48425949849538,28.629059019621348,625500
2019-10-07,28.270492553710938,28.773844910369586,28.105005586296947,28.553197374035005,1036400
2019-10-08,26.629436492919922,28.19465748465356,26.519112673826804,28.19465748465356,1088800
2019-10-09,27.491334915161133,27.636137026746294,26.677695977146588,26.891449471142487,1091600
2019-10-10,27.753360748291016,28.139495409967637,27.415492590533077,27.415492590533077,952800
2019-10-11,28.304977416992188,28.649739633107384,28.08432980910462,28.08432980910462,496000
2019-10-14,27.863683700561523,28.72558928722864,27.580978773347795,28.27050324268149,464700
2019-10-15,28.304977416992188,28.58078824201513,27.601662180477952,27.946424396593148,935700
2019-10-16,28.546310424804688,28.670425023807674,28.132594218019147,28.139490934811963,593300
2019-10-17,29.415115356445312,29.456487773773333,28.311877197637315,28.753172461160514,912000
2019-10-18,29.0358829498291,29.64266536823727,28.98071971618847,29.39443607750994,559000
2019-10-21,29.256534576416016,29.670248363304186,29.118629104010587,29.235849676170037,389200
2019-10-22,29.097936630249023,29.415117292997085,28.95313710555892,29.235842066760874,363600
2019-10-23,28.96002960205078,29.180677236211654,28.79454256126649,28.973820407976746,371600
2019-10-24,28.684221267700195,29.1944706105413,28.118811326629725,29.1944706105413,577200
2019-10-25,28.66352653503418,29.373735761836382,28.601469239369074,28.677317337440495,395900
2019-10-28,29.18067169189453,29.463376583844774,28.801433807131048,28.801433807131048,396700
2019-10-29,28.794544219970703,29.270317845677845,28.73938362341661,29.12551832060499,216300
2019-10-30,27.691301345825195,28.856596700009437,27.270691017474537,28.856596700009437,891300
2019-10-31,27.470661163330078,27.705099641027115,27.11210804271533,27.636148230662922,598200
2019-11-01,27.684406280517578,28.029168487595868,27.484443569133713,27.5740824794656,404900
2019-11-04,27.587871551513672,28.105014878972888,27.298272550693465,28.063645096185418,762400
2019-11-05,26.725969314575195,27.88437072192667,26.636333020553543,27.670619803522552,1520800
2019-11-06,26.160558700561523,26.822504222582815,25.126271945916848,25.615836342164027,2122100
2019-11-07,26.367420196533203,26.725970651206413,25.774428657121643,26.21572395240631,935500
2019-11-08,27.09141731262207,27.160368708140346,25.636520246373063,26.457053426479952,688900
2019-11-11,27.353437423706055,27.808526148289317,26.53290416249049,26.925932942514763,938000
2019-11-12,27.105215072631836,27.629252651882425,26.905252291863032,27.181060575032042,715200
2019-11-13,26.20193099975586,27.05004581910869,25.93991095326668,26.8569798008152,1138400
2019-11-14,25.960596084594727,26.677699499457574,25.774424171113118,26.077813976234825,813600
2019-11-15,26.050235748291016,26.401894729503482,25.84337891657462,26.174350373386318,590400
2019-11-18,26.42947006225586,26.5053155326136,25.49861059521054,25.981278174753296,768900
2019-11-19,25.981279373168945,26.291565876496367,25.46413607773219,25.69857447687659,1179400
2019-11-20,25.022842407226562,26.070919865313886,24.953888385448263,25.981280952165587,1454400
2019-11-21,23.974763870239258,25.215907272798564,23.78859196530633,25.153849971154255,1598000
2019-11-22,24.60223388671875,24.71255769933657,23.919603487796046,24.064405628997765,1335400
2019-11-25,24.712560653686523,25.415876029578133,24.48501628340064,24.48501628340064,1305100
2019-11-26,24.540178298950195,24.767720027665874,24.050616510516672,24.767720027665874,1104900
2019-11-27,24.339082717895508,24.713530795448836,23.715005233831885,24.588714769597726,1103300
2019-11-29,24.151866912841797,24.276680322381722,23.999313369237125,24.276680322381722,241300
2019-12-02,23.513916015625,24.117191801825953,23.402968714195026,24.10332305849817,973900
2019-12-03,23.652597427368164,23.8952937879794,22.82049146282802,23.368294842712743,1352300
2019-12-04,23.201873779296875,23.91609944672346,23.12559702057434,23.812085203885083,1174800
2019-12-05,22.792757034301758,23.278152465757888,22.487652619337016,23.278152465757888,1187500
2019-12-06,22.7303466796875,23.083992982176728,22.626335084102216,22.910637677675897,726300
2019-12-09,22.647140502929688,23.2712207572058,22.619403014919094,22.758087809779614,942500
2019-12-10,22.16867446899414,22.66793723841771,22.029991027674445,22.640202401788073,2842600
2019-12-11,22.002254486083984,22.51538734094214,21.988385744580576,22.272688332420483,609900
2019-12-12,21.46138572692871,21.99531902231722,21.44058261570737,21.9745172336918,1449800
2019-12-13,21.107742309570312,21.738755514035677,20.920518262725597,21.530728354453988,1142300
2019-12-16,21.093875885009766,21.5445994630569,20.948256725046015,21.093875885009766,1196200
2019-12-17,21.544597625732422,21.59313690071552,20.96905805182588,21.052269182222656,1416000
2019-12-18,21.835834503173828,21.967584907980182,21.516861370332816,21.57233501615717,779100
2019-12-19,22.550058364868164,22.550058364868164,21.69715058271072,21.773426017454256,1155200
2019-12-20,23.35442352294922,23.40296278971255,22.369764157482397,22.695672930200463,1971300
2019-12-23,23.27815055847168,23.451505866559906,23.0493229272951,23.409899640349582,869000
2019-12-24,22.82742691040039,23.181073238969493,22.598599267084108,23.17413754497045,449200
2019-12-26,23.333629608154297,23.38910194094559,22.737286820790757,22.882904670209516,495700
2019-12-27,23.347492218017578,23.423768978749006,23.146402065861803,23.368296654248425,730900
2019-12-30,22.81355857849121,23.354426268987936,22.6124657952889,23.354426268987936,763600
2019-12-31,23.11865997314453,23.181067979013992,22.633264665847786,22.765016370011992,725000
2020-01-02,22.217214584350586,23.326687381430148,21.870504004614247,23.208807054011857,1648900
2020-01-03,22.189483642578125,22.328168444382754,21.3435100548395,21.97452339011761,1426700
2020-01-06,22.02305793762207,22.52232073607238,21.655544217695866,22.21721635387297,909600
2020-01-07,21.92597770690918,22.63326628641265,21.877437114627302,21.905174595931232,953600
2020-01-08,22.10626792907715,22.25188707314182,21.634742610086246,21.905176462868617,1887100
2020-01-09,21.641681671142578,22.22415576403874,21.405919607443067,22.175616476730124,994800
2020-01-10,21.634742736816406,21.72488691407323,21.343505769577092,21.71101817215802,1067800
2020-01-13,22.0924015045166,22.140940780524893,21.502993175995723,21.71101902248729,1030500
2020-01-14,22.508453369140625,22.71647921721852,21.912111987439157,22.127072206799127,1119800
2020-01-15,23.57632064819336,23.604058130860828,22.41137282807904,22.425241569412773,1326900
2020-01-16,23.402969360351562,23.791286248674062,23.250415824726222,23.652601456759427,1002300
2020-01-17,23.201873779296875,23.5971236697754,23.090926488025573,23.47230763644617,565900
2020-01-21,22.654067993164062,23.174133862375637,22.556989454141924,23.174133862375637,1335000
2020-01-22,22.70954704284668,23.125598755020395,22.619401535305204,22.792756856242967,2060300
2020-01-23,22.723413467407227,22.84129380392493,22.11320205931416,22.64713671074659,1674200
2020-01-24,21.68328094482422,22.70954398936325,21.593135449403544,22.70954398936325,1660800
2020-01-27,21.28110122680664,21.68328554981541,21.017600377796203,21.364311046686392,1976100
2020-01-28,21.66248321533203,21.73182561613184,20.93439131342478,21.44752296318929,1616100
2020-01-29,21.28110122680664,21.80116723014192,21.107745892361546,21.63474626778618,1843200
2020-01-30,21.447519302368164,21.5099273201761,20.747163686764935,21.09387430898855,1716500
2020-01-31,20.747161865234375,21.50992543167748,20.462859285779498,21.4267143077072,1987800
2020-02-03,21.135478973388672,21.43365031673137,20.77489961294652,20.87197948543236,1211100
2020-02-04,21.294967651367188,21.62781088309132,20.80957353120463,21.350442625484693,1765600
2020-02-05,21.68328094482422,22.078530811802363,21.482188164728836,21.565399289532845,1324500
2020-02-06,21.544597625732422,22.106268457473494,21.502992721832058,21.835834598227063,1670800
2020-02-07,20.289505004882812,21.502992136830855,20.1508202321932,21.502992136830855,2717800
2020-02-10,20.289505004882812,20.33804427854537,19.727834188422317,20.213228247643926,1791400
2020-02-11,20.816509246826172,21.045338239448736,20.247903951375935,20.400456172258888,1404100
2020-02-12,20.8442440032959,21.419783632032335,20.67088867750063,20.97599442122723,879000
2020-02-13,20.684757232666016,20.927454951089018,20.476731372644107,20.726362140151164,981500
2020-02-14,20.650087356567383,20.899718132049372,20.46979765491049,20.795705198715527,585800
2020-02-18,20.892778396606445,21.121607320235004,20.5807396767107,20.587674046832273,922300
2020-02-19,21.204822540283203,21.281099303777225,20.8165069965426,20.9274542947542,1302600
2020-02-20,20.393512725830078,20.989855244783524,20.185486942406897,20.962117768276073,1211900
2020-02-21,20.07454490661621,20.539137178275737,19.94972887503663,20.178557825400517,1056300
2020-02-24,19.554481506347656,19.69316497504036,19.041348572136457,19.381126178534632,1753000
2020-02-25,19.055217742919922,19.672363623133432,18.70157270754262,19.672363623133432,2088200
2020-02-26,16.198320388793945,18.861058023187365,15.88628030562439,18.72237324786844,4956400
2020-02-27,16.25379180908203,16.974949103256478,15.255265002244634,15.851607602835779,2717000
2020-02-28,16.094303131103516,16.93334335167534,15.782264428983384,15.782264428983384,2546300
2020-03-02,16.323137283325195,16.35087344629481,15.414754469989406,16.122044480762032,2753600
2020-03-03,16.82240104675293,17.661440192390277,16.33700560338515,16.34393997515854,2167900
2020-03-04,17.099769592285156,17.300862409306795,16.53116432326648,17.00269103101744,2130900
2020-03-05,16.25379180908203,16.801593819140063,16.101238312598237,16.635172905099804,6966500
2020-03-06,15.309619903564453,16.37269116489168,15.064834898766538,15.82716743853155,3664900
2020-03-09,13.868877410888672,14.66618007575763,13.819920416937494,14.414401059154716,3500500
2020-03-10,14.596243858337402,14.896979901509022,13.65906282283819,14.351457528054201,3196300
2020-03-11,13.45623779296875,14.491332699971418,13.134519646459008,14.491332699971418,2469400
2020-03-12,11.49794864654541,13.064578908097678,11.183223251466178,12.239300168981337,5078600
2020-03-13,11.295129776000977,12.379183304953628,10.966417493377811,12.183353944722459,4120200
2020-03-16,9.175981521606445,10.679667931215885,9.16199409160904,10.232058832482945,3901700
2020-03-17,9.46972370147705,9.672546413435997,7.651312674474088,9.364815655183804,3887100
2020-03-18,8.88223648071289,9.721502799042076,7.399532496033885,8.714383350444864,4524200
2020-03-19,10.043218612670898,11.344080981620623,8.679411172048166,8.679411172048166,3692100
2020-03-20,9.539660453796387,10.854511061820329,9.329843746783931,10.385920660721784,3475000
2020-03-23,10.490828514099121,10.658681610247367,8.80530217288542,9.60260471308405,3848400
2020-03-24,11.351078033447266,12.043472671279078,10.847518660654506,11.365066127297133,4254500
2020-03-25,13.575135231018066,14.85501656189683,11.511937930485946,11.511937930485946,5784400
2020-03-26,12.6239652633667,14.07869367857669,12.26727820699323,13.903846506873672,3299300
2020-03-27,12.162367820739746,12.512062134932176,11.344083072170346,11.924575580370659,1969700
2020-03-30,11.358070373535156,12.127398077952263,10.420889570077966,11.756721650502588,2050700
2020-03-31,11.246170043945312,11.994515726287165,11.21120114315437,11.379054268111398,1776800
2020-04-01,9.057083129882812,10.784573329018356,8.854260442558406,10.707640815546688,1782900
2020-04-02,9.036100387573242,9.448739751039637,8.616466978321911,8.868247290668275,1913100
2020-04-03,8.567512512207031,9.224937668648115,8.3576957458572,8.917206900460378,2063000
2020-04-06,9.910337448120117,10.322976867675973,8.994138002412285,9.085058609008406,2352100
2020-04-07,10.13414192199707,11.93856468242346,10.01524579176061,10.60972644294292,2979300
2020-04-08,10.92445182800293,11.393042995110909,10.343959238361123,10.343959238361123,2062100
2020-04-09,10.805557250976562,12.029488366034021,10.693655145300012,11.553903749919522,2115900
2020-04-13,10.5887451171875,10.854512902198916,10.155124204902256,10.840524808098245,1677700
2020-04-14,11.414021492004395,11.490954663215454,10.749602469754583,10.875492628471639,1193900
2020-04-15,10.148131370544434,10.917458629311248,9.854388029218649,10.679667004085292,2060200
2020-04-16,9.994264602661133,10.434879568388038,9.805429998486202,10.260032391527634,1123700
2020-04-17,11.078317642211914,11.225188635895693,10.350953386258055,10.441874001625921,1740200
2020-04-20,10.623716354370117,11.225190526179421,10.357949177911696,10.623716354370117,1155300
2020-04-21,9.889359474182129,10.546784759209128,9.777456687783118,10.197090302558987,1594200
2020-04-22,9.728496551513672,10.204081073188673,9.693526983686564,10.106166416670575,978200
2020-04-23,10.183099746704102,10.281013737650627,9.756472213617542,9.833405397348713,2344100
2020-04-24,10.686659812927246,10.868501046297682,10.204081873432411,10.2880084426059,1164400
2020-04-27,11.204208374023438,11.274147517559832,10.581752130914657,10.700648274733066,2534600
2020-04-28,12.015499114990234,12.232309257162116,11.344085211455939,11.630834496451131,1366200
2020-04-29,13.099550247192383,13.232434475900911,12.316235637283187,12.62396570990132,1544400
2020-04-30,12.34421157836914,12.728876203959508,11.854640237588065,12.672925155470866,1550800
2020-05-01,11.791694641113281,12.008504778062889,11.476969172978237,12.008504778062889,1194100
2020-05-04,10.525799751281738,11.239175856955198,10.350952581549448,11.01537169313435,2023900
2020-05-05,10.756597518920898,11.092303750824925,10.190092418846612,10.791567084824816,2031700
2020-05-06,11.05034065246582,11.812673710282679,10.812548407995486,11.190218247157492,2641500
2020-05-07,11.232181549072266,11.651815013473824,11.071322476811371,11.421016808149668,1721800
2020-05-08,11.49794864654541,12.113410010949645,11.35107635084915,11.595862621024347,1235500
2020-05-11,11.518930435180664,11.637826557490612,11.029359186946381,11.176230161223275,1610100
2020-05-12,11.183225631713867,11.85463950612794,11.141262681431156,11.560896186192684,1409700
2020-05-13,10.322976112365723,11.204205926906713,9.67254448730133,11.099297234515285,2441600
2020-05-14,10.434879302978516,10.46984887085896,9.40677774243201,10.02923391633903,2366700
2020-05-15,10.896475791931152,11.344084128921187,10.357946844742761,10.385922365804637,2403500
2020-05-18,11.924576759338379,12.281265155157337,11.46997437273785,11.46997437273785,1599300
2020-05-19,11.966540336608887,12.3791797505594,11.784699125886798,11.910589297461936,1486700
2020-05-20,12.295251846313477,12.616971304137252,12.029484758526813,12.211324625235731,1394400
2020-05-21,12.113410949707031,12.791818779679783,12.078442051533942,12.190344126461374,757800
2020-05-22,12.582000732421875,12.616970962748852,11.9385631681623,12.20433158273576,799500
2020-05-26,12.826790809631348,13.204460071228349,12.57501041258116,12.97366181859177,1206700
2020-05-27,13.715015411376953,14.036733633528945,13.127528686250566,13.351332898874269,1415700
2020-05-28,13.001636505126953,13.729000085495176,12.952679507810974,13.694031182834657,1063800
2020-05-29,13.213735580444336,13.39755442352244,12.66934916230755,12.895587323484966,1276000
2020-06-01,13.652070045471191,13.920728841055983,13.121823913037977,13.291502513598328,1065400
2020-06-02,14.316645622253418,14.436834799935218,13.857099242347353,13.906588665777685,2144400
2020-06-03,14.472186088562012,15.002432299139084,13.970220323155587,14.634795951321557,1995400
2020-06-04,15.504396438598633,15.53974563979455,14.139896236061047,14.507533861835174,1171700
2020-06-05,17.512266159057617,17.87283376439893,16.402284244754366,16.402284244754366,2267900
2020-06-08,17.597103118896484,18.756575704114134,16.8123396750409,18.756575704114134,2395000
2020-06-09,16.260881423950195,17.53347160469117,16.15483246696939,17.109275776767944,2564900
2020-06-10,15.32764720916748,16.16190127419747,15.058988434758394,16.10534174513538,1937300
2020-06-11,13.524811744689941,14.359065936342482,13.447043223229375,14.23887675028261,2657900
2020-06-12,13.637931823730469,14.54995451378954,12.973356261816996,14.380275905138683,2017200
2020-06-15,13.949005126953125,14.245942955309552,12.839023662151957,12.93800248877564,1391500
2020-06-16,13.934867858886719,14.995360134850177,13.793469697849655,14.832751642839005,828200
2020-06-17,13.46118450164795,13.970220380434103,13.263225430099295,13.970220380434103,1090600
2020-06-18,13.850028991699219,14.139896767555252,13.10061484059477,13.227872778774831,1246500
2020-06-19,13.482391357421875,14.125756552720445,13.192523581451558,14.07626712977219,2180700
2020-06-22,13.779335021972656,13.963153918926231,13.15717989638734,13.447047793914,1084100
2020-06-23,13.793471336364746,14.33078764849854,13.673282143538952,14.005569277358111,2047400
2020-06-24,13.093546867370605,13.623793082694606,12.485530775616942,13.546023206264945,1586600
2020-06-25,12.987494468688965,13.284432324895628,12.506737811165273,12.846094975834172,1843100
2020-06-26,11.877511978149414,13.079403665152215,11.693694518711856,12.966284606197311,8658700
2020-06-29,12.527948379516602,12.824886273370701,11.792674429511866,12.068401992202933,2951500
2020-06-30,13.051124572753906,13.100615346077872,12.266361188844977,12.450180015734063,1721700
2020-07-01,12.881446838378906,13.418763134451517,12.725908442865432,13.008706138565286,1199500
2020-07-02,12.839028358459473,13.369274578159569,12.718839161388015,13.178385615430924,1105000
2020-07-06,13.135967254638672,13.461185661015312,12.881448619081821,13.19252680159731,1688300
2020-07-07,13.065261840820312,13.150101798858147,12.846093859576868,12.987493340144798,1077000
2020-07-08,13.072336196899414,13.390484457300936,12.577440551090833,12.938006781564791,1025100
2020-07-09,11.877511978149414,13.192522724107121,11.665414079730354,13.093543884642967,1840100
2020-07-10,12.527948379516602,12.655207669523456,11.856304074515293,11.962353033359113,929800
2020-07-13,12.478459358215332,13.029915849889552,12.443110153621198,12.803677704121375,1157300
2020-07-14,12.853169441223145,12.987498870110457,12.28050386320917,12.436042279272508,716300
2020-07-15,13.701560020446777,13.906589180516423,13.213734529875135,13.263223955137269,1349200
2020-07-16,14.083338737487793,14.415625861534302,13.319784284487854,13.574302884983094,1657600
2020-07-17,13.892447471618652,14.288364179800295,13.7086286628415,14.04091707999024,1901500
2020-07-20,12.78953742980957,13.828819413300991,12.633999042360902,13.63086171081827,1999900
2020-07-21,13.291501998901367,13.44704172142284,12.775396106955155,12.775396106955155,1085300
2020-07-22,13.899520874023438,14.217669146981168,13.143036478863808,13.234945230781666,1366000
2020-07-23,14.281296730041504,14.37320546862781,13.779329677573527,13.779329677573527,1369200
2020-07-24,14.479253768920898,14.917591156072227,14.231805309165418,14.705491898359409,1470700
2020-07-27,13.722771644592285,14.528745442742823,13.538952798815073,14.351996708166944,2490000
2020-07-28,13.96314811706543,14.196456360778235,13.609650696380228,13.652070009286472,1702300
2020-07-29,14.450974464416504,14.571163637473486,14.005566973711263,14.125756146768245,971300
2020-07-30,14.981223106384277,15.101412299724247,13.977290240981526,14.224738738856269,1209300
2020-07-31,14.56409740447998,15.051924336570618,14.288368434957816,15.023643889035645,1031500
2020-08-03,14.868102073669434,15.15796985219895,14.401485583915303,14.663072921375768,1237900
2020-08-04,15.179178237915039,15.461977243547855,14.960010222186645,14.960010222186645,994100
2020-08-05,13.65914249420166,14.981223670745802,13.199596037114487,14.493396767814064,3040100
2020-08-06,14.507537841796875,14.76205512689941,13.553094314325984,13.553094314325984,1772100
2020-08-07,14.422693252563477,14.542882419188402,14.04798688192764,14.401484272179125,1017700
2020-08-10,14.889314651489258,15.108484077242952,14.295438730485268,14.401489061617818,1019500
2020-08-11,15.461979866027832,15.99929483149782,15.26402079820648,15.26402079820648,1706900
2020-08-12,15.136762619018555,16.338654640698103,14.811545571085222,15.815478510227571,1457400
2020-08-13,14.86103343963623,15.327649975742132,14.592374616735386,14.988292740117073,980000
2020-08-14,15.150903701782227,15.398352231867134,14.68428709007286,14.73377652639264,619000
2020-08-17,14.952940940856934,15.334718810527182,14.592373402330256,15.129689654929676,600700
2020-08-18,14.557023048400879,14.931730778075044,14.373204238475,14.875171247981356,629400
2020-08-19,14.995359420776367,15.249877986402923,14.585302480870025,14.670142452240743,1200400
2020-08-20,14.634794235229492,14.952941115177975,14.514605054319437,14.769122288581086,557500
2020-08-21,14.450974464416504,14.754982452059787,14.387344822887183,14.599442728994516,548200
2020-08-24,15.009503364562988,15.016573476305087,14.274229273701835,14.472187008536872,552100
2020-08-25,15.044853210449219,15.256951158719264,14.684285619601445,15.157972295991359,452800
2020-08-26,15.094346046447754,15.228675496510187,14.86103771133204,14.988297048392642,484800
2020-08-27,15.235739707946777,15.504398527785101,15.087271424735416,15.193320391098641,546400
2020-08-28,15.334717750549316,15.490256122727248,15.221598689240714,15.306437310979376,394700
2020-08-31,14.849489212036133,15.420349791968526,14.770996920085176,15.420349791968526,764000
2020-09-01,14.385663032531738,14.913708044041153,14.28576302958104,14.721042586034411,671900
2020-09-02,14.699640274047852,14.842354408900531,14.23581695396393,14.357124717158419,681000
2020-09-03,14.571195602416992,15.441756256838355,14.43561602670821,14.785267470558653,711800
2020-09-04,14.92084789276123,15.006477461497303,14.43561684567374,14.813811952618007,653500
2020-09-08,15.027884483337402,15.027884483337404,14.499839309545075,14.83522032715509,854900
2020-09-09,14.820944786071777,15.320446190037659,14.521243399278031,15.270496185744625,797300
2020-09-10,14.335712432861328,15.113508780327365,14.171590617423462,14.9922010556482,873600
2020-09-11,14.22867488861084,14.364253053922683,14.000331282785371,14.364253053922683,510000
2020-09-14,15.063558578491211,15.113508577210968,14.242946790259591,14.342848148734493,1016500
2020-09-15,14.94225025177002,15.334715678171268,14.742448903927652,15.220543868271438,463700
2020-09-16,15.534521102905273,15.712914772820945,14.970796452674618,15.106376022900522,959500
2020-09-17,15.70577621459961,15.72718394135285,15.163459386169981,15.220545296476496,679300
2020-09-18,15.434621810913086,15.998346537428864,15.084970333886641,15.83422466554549,2512700
2020-09-21,14.407069206237793,15.084964149096075,14.300033305895466,15.084964149096075,1378000
2020-09-22,14.342849731445312,14.85662295344523,14.171591990778673,14.46415746788029,953600
2020-09-23,13.807673454284668,14.571198316871513,13.615007920444251,14.364260959553436,1604300
2020-09-24,14.150184631347656,14.528379669150429,13.657817763460194,13.886161423629575,1041600
2020-09-25,14.157320976257324,14.449886469976468,13.93611321879457,14.114506878917735,474200
2020-09-28,14.471297264099121,14.77099873102246,14.399939512729583,14.478433175339667,524700
2020-09-29,14.321441650390625,14.621143029427245,13.864754353205493,14.44988529298282,499500
2020-09-30,13.722037315368652,14.328575912885892,13.672087318108765,14.114504107190559,1176500
2020-10-01,13.21540355682373,13.829076863390219,12.887158492396146,13.707769111911546,1394400
2020-10-02,13.34384536743164,13.536509472200514,12.830070791953265,12.844342610391113,1111200
2020-10-05,13.336711883544922,13.743449255741709,13.115502740637105,13.536511933867123,840000
2020-10-06,13.21540355682373,13.771990942755297,13.201131736406072,13.529375439797949,848700
2020-10-07,13.329575538635254,13.536511492730307,13.215403696161628,13.350981908451734,578400
2020-10-08,13.807673454284668,13.871895298898142,13.415206474865002,13.472292407739644,6685800
2020-10-09,13.529376029968262,14.164458455900126,13.486561927883386,14.021742967569518,749200
2020-10-12,13.557921409606934,13.664957359054537,13.201134004090962,13.415205902986168,1089900
2020-10-13,13.48655891418457,13.643546188475105,13.136907543046819,13.586460278106399,1341800
2020-10-14,13.286760330200195,13.84334767559545,13.265352601132838,13.550782183519583,1416000
2020-10-15,13.05128288269043,13.279626585832617,12.880023744297961,13.151182912556179,1309900
2020-10-16,13.12977409362793,13.301031856814536,12.937108599654604,13.022738161765766,1274200
2020-10-19,12.730172157287598,13.201131328222408,12.665950328429608,13.108367220447349,976000
2020-10-20,13.55078411102295,13.565055932431255,12.73730934525078,12.958517132936304,1577900
2020-10-21,13.714900970458984,13.936110038475883,13.415199635404601,13.522236895880335,1708400
2020-10-22,13.622140884399414,14.335715571435378,13.579326784267254,13.700634535504795,1762200
2020-10-23,13.43661117553711,13.893298535395292,13.201131585480772,13.686362585847938,773200
2020-10-26,12.901430130004883,13.208267459458199,12.73017237052678,13.208267459458199,1452800
2020-10-27,12.337703704833984,12.858612760928246,12.187852352744954,12.830069127754967,896900
2020-10-28,12.26634693145752,12.423332842943799,11.93096602091416,12.002323748329905,1056200
2020-10-29,13.201130867004395,13.265352693618615,12.059411168461756,12.059411168461756,881300
2020-10-30,13.258218765258789,13.472290645274496,13.115503271224437,13.258218765258789,836000
2020-11-02,13.636409759521484,13.74344566725153,13.208264767565888,13.5507802167162,771500
2020-11-03,14.021739959716797,14.200133601344328,13.636410401539779,13.850482227078626,1545600
2020-11-04,12.915702819824219,14.25722270657732,12.75871550895603,14.064557203804059,2344500
2020-11-05,13.450882911682129,13.864756169224547,12.915701904806465,12.922837814889089,1415900
2020-11-06,13.757719039916992,14.185862719240331,13.479424015114146,13.507967652954669,1013400
2020-11-09,14.635411262512207,17.040156253831466,14.614003540312552,14.628275355112322,1608400
2020-11-10,15.277633666992188,15.463163245623686,14.735316751231426,15.32044776635771,1689700
2020-11-11,15.51310920715332,15.769996458387105,15.270493772329264,15.484566935369193,767700
2020-11-12,15.348984718322754,15.49883468132297,14.735310330336914,15.334712904407947,887500
2020-11-13,16.80467987060547,16.911717140421196,15.45602442569574,15.834219421823923,1268600
2020-11-16,17.74660301208496,17.84650303243822,16.81181919493257,17.018756506847982,1524700
2020-11-17,17.810827255249023,18.30319427323401,17.304189774929796,17.60389126052466,802700
2020-11-18,17.553937911987305,18.189018960171495,17.53253018099032,18.03203301596746,833700
2020-11-19,18.59575653076172,20.97196025669121,18.424498763969186,19.416367173697683,3620100
2020-11-20,19.095258712768555,19.352146034615373,18.41736221835532,18.602891799574053,2347200
2020-11-23,19.766019821166992,20.001499418759078,19.166616961653364,19.35928109711181,2227400
2020-11-24,20.12993621826172,20.650846643511333,19.708928510675875,20.165615760284496,2741800
2020-11-25,20.2012996673584,20.66512295684293,19.858784133065427,20.03717781063915,1674300
2020-11-27,20.00863265991211,20.401098149864445,19.744609456118965,20.372554512249813,546000
2020-11-30,19.591787338256836,20.20987057110023,19.55585146959546,19.929576278794407,657500
2020-12-01,20.2242374420166,20.396725447077074,19.63490308202345,20.05174943695613,1404500
2020-12-02,20.64108657836914,20.813574606672656,19.412108862651728,20.04456496643128,851700
2020-12-03,20.461416244506836,21.079499521055393,20.3104896978966,20.784832231262087,613100
2020-12-04,20.77764320373535,20.892635239699633,20.152374179531236,20.691399862168744,950400
2020-12-07,20.756080627441406,20.84232533543547,19.987070911981302,20.66265011702654,728300
2020-12-08,20.89982032775879,21.23042342627594,20.288924340900074,20.583591575006093,916200
2020-12-09,20.95012855529785,21.553837351643743,20.648274157124906,21.30229179136412,487100
2020-12-10,20.9788818359375,21.022003510593038,20.633904326253234,20.72733622062244,658000
2020-12-11,20.56922149658203,20.842327250499714,20.403919238639304,20.792018404052765,400900
2020-12-14,20.260177612304688,21.553838611026578,20.231428919935574,21.5466514379343,727700
2020-12-15,20.72014808654785,20.8854489740812,20.238618400958302,20.454228135061516,574300
2020-12-16,20.339237213134766,20.842328448139323,20.332051409640798,20.827954099524717,487600
2020-12-17,20.799203872680664,20.950130399647477,20.281738361221546,20.777642352765486,993500
2020-12-18,20.583593368530273,21.06512302709247,20.231430091494218,20.73452127058183,1289500
2020-12-21,19.979881286621094,20.482972384747086,19.76427159931736,20.303297188389653,1386300
2020-12-22,20.25299072265625,20.310486737386043,19.670843402165463,20.07331550527401,733900
2020-12-23,22.639081954956055,22.775635531527985,20.303303658016144,20.31767800730022,3174800
2020-12-24,22.459400177001953,23.048734618316402,22.10004977416992,22.710945733146975,523300
2020-12-28,23.170915603637695,23.343402264833227,22.459400586734485,22.631888618743044,927500
2020-12-29,22.67501449584961,23.35778094883312,22.315664019713715,23.21404021005345,471600
2020-12-30,23.221227645874023,23.26434794630997,22.502525357113164,22.883437337118174,492200
2020-12-31,22.890623092651367,23.515893455686232,22.739695196409937,23.14935447493034,496000
2021-01-04,22.804378509521484,23.26434663236934,22.524085606012715,23.192477641284214,801000
2021-01-05,22.732507705688477,23.113419656774887,22.43784046136595,22.66063871600053,751100
2021-01-06,24.076478958129883,24.342397510310605,22.955305993459568,23.350592291379417,1654200
2021-01-07,23.343402862548828,24.845487721916054,23.142167505459323,23.954300219125866,1272800
2021-01-08,23.350589752197266,23.638068421729336,22.933741980180766,23.479953371429847,895500
2021-01-11,23.65244483947754,23.81774570581217,22.90499666907007,23.005612978493183,664500
2021-01-12,23.760250091552734,24.0764774653057,23.415274027015123,23.875242113065273,808700
2021-01-13,23.134979248046875,24.191470369091924,23.09185895192334,23.70275357443341,832500
2021-01-14,24.29928207397461,24.486143129788882,22.83313135927145,23.350596962490627,1533900
2021-01-15,23.860862731933594,24.26333335147464,23.451203570400473,23.860862731933594,472900
2021-01-19,23.199661254882812,24.227403631866252,23.084669235020204,23.932736409616695,566300
2021-01-20,22.67501449584961,23.537456186901068,22.667828692642576,23.285911950256565,594600
2021-01-21,22.416282653808594,22.869063641868713,22.36597380744783,22.746884427501183,511300
2021-01-22,22.97686767578125,23.1062354301557,21.884443330758607,22.04974421161433,654600
2021-01-25,23.357778549194336,23.81774667273365,22.96249361437938,23.041551149667626,1306800
2021-01-26,23.28590965270996,23.724314887373392,22.926557841216887,23.659631698385954,1108100
2021-01-27,25.07547378540039,26.620681806147523,22.811566240537775,22.955306967848774,4434400
2021-01-28,23.623699188232422,25.37014269605684,23.170919568890177,24.493329411406886,1276700
2021-01-29,22.646263122558594,24.371144825525356,22.63907594982299,23.932736884344806,905100
2021-02-01,23.314651489257812,23.42245769908435,22.100048201124395,22.653448111090736,538700
2021-02-02,23.048736572265625,23.695568448848647,22.969679038280344,23.444021500565814,455600
2021-02-03,22.6031436920166,23.15654371006239,22.495337461135424,22.969679942085197,569500
2021-02-04,23.005611419677734,23.012799962993903,22.3659695166506,22.653449562712847,450700
2021-02-05,23.24997329711914,23.753064481476528,23.063112267194253,23.278721991454166,343100
2021-02-08,23.472766876220703,23.78899422584868,23.2140341621497,23.566198743329863,422400
2021-02-09,23.321842193603516,23.638069567910044,22.639075865216228,23.559012038926898,417600
2021-02-10,23.178104400634766,23.652446892657117,22.768445100325753,23.47995746754608,328300
2021-02-11,23.221227645874023,23.42246302557891,22.70376210763126,23.249973598955847,351700
2021-02-12,23.21403694152832,23.580575910889298,22.99842723452984,23.005613036725112,223500
2021-02-16,23.40808868408203,23.753064795788053,23.070298375241656,23.372154186500943,360900
2021-02-17,23.71712875366211,24.054919040504362,23.005613684736698,23.084671219242438,478100
2021-02-18,23.587764739990234,24.076481600768798,23.005615988926394,23.731505476976842,490000
2021-02-19,23.753063201904297,24.148348132024623,23.602136677215373,23.630885370001714,444100
2021-02-22,25.010786056518555,25.506691338668922,23.79618275148702,24.018978233843654,846700
2021-02-23,26.074466705322266,26.297264962170427,24.435829597845938,24.673002201099745,898000
2021-02-24,25.097034454345703,25.894792902887435,23.824936256625335,24.888613274138844,1180900
2021-02-25,22.394723892211914,25.212033343767942,21.10106259190511,25.13297579213568,2734500
2021-02-26,22.229421615600586,22.581584932647523,21.64008702908068,22.387535338311455,1259900
2021-03-01,23.4655818939209,23.66681723783293,22.279724493579973,22.459399691108846,519900
2021-03-02,24.838300704956055,25.01078736213141,23.465582282754077,23.58776010311779,741400
2021-03-03,25.69355583190918,26.3763221995439,24.543635548670025,24.730496566586556,766100
2021-03-04,25.628875732421875,26.534437721872585,25.097035823830694,25.80855096967711,791900
2021-03-05,26.167896270751953,26.29007683357602,25.327017642621257,26.067278596441543,672800
2021-03-08,27.0015926361084,27.238765249461814,25.650434174329398,26.54162449804568,924800
2021-03-09,26.914880752563477,27.442339829844464,26.206784891708242,27.31950814003729,525900
2021-03-10,27.290607452392578,27.608527220874826,26.95823640948403,27.001587476464156,620000
2021-03-11,27.818073272705078,28.09264204040731,27.297838293121792,27.471250871749366,541500
2021-03-12,27.745813369750977,28.61286779806291,27.69523528664274,28.00592804446527,771700
2021-03-15,27.38454246520996,27.955352710172672,27.138876284685843,27.745816097963132,457200
2021-03-16,27.211132049560547,27.73859126412229,26.97991712691154,27.398993140600627,357800
2021-03-17,27.420665740966797,27.43511701516913,26.242913078314555,27.102743221112927,345700
2021-03-18,25.932220458984375,27.38454198047183,25.831064284611923,27.38454198047183,484400
2021-03-19,24.768917083740234,25.751581714754696,24.689436450893652,25.657649807181567,1449200
2021-03-22,24.436552047729492,24.862855110029304,23.916317054740023,24.747247640064924,1061000
2021-03-23,22.904752731323242,24.407649863805577,22.456772744759448,24.06082744861735,1368900
2021-03-24,21.04057502746582,23.186539710954552,20.989995565923486,22.940873553203726,1055700
2021-03-25,21.19953727722168,21.409075271504875,20.498666912688833,20.809361085029465,1145500
2021-03-26,21.055028915405273,21.372950128906325,19.88450300366225,21.279019581677435,1791300
2021-03-29,20.802135467529297,21.618613233175477,20.397508025405134,20.78768419213569,1425700
2021-03-30,21.531909942626953,21.842605515895038,20.664853971105202,20.809362610617328,764500
2021-03-31,21.14173698425293,21.842607462634,20.8816194805384,21.524687600482675,789200
2021-04-01,21.625839233398438,22.21110211515589,21.14895816261096,21.14895816261096,931000
2021-04-05,21.49578094482422,21.857054574148997,21.185085403100988,21.806476486547453,827500
2021-04-06,21.61861228942871,21.820926001658915,21.37294613105968,21.445201126723997,602300
2021-04-07,21.654739379882812,22.182199890389235,21.32236832491247,21.690867567259655,816300
2021-04-08,21.77034568786621,22.052140022112265,21.423523376031916,21.618611443244717,910200
2021-04-09,21.560810089111328,21.936534990544384,21.394624552067693,21.770348075351237,456400
2021-04-12,21.64751625061035,21.770349345624876,21.387400162105745,21.6330663521348,503500
2021-04-13,21.329593658447266,21.8209259745755,21.10560303435095,21.676415983426224,619900
2021-04-14,21.279020309448242,21.987116391698237,21.076706552455505,21.34404968211913,494200
2021-04-15,21.90762710571289,21.90762710571289,21.315138724386358,21.387393707556487,363500
2021-04-16,21.734222412109375,22.153299784875564,21.676418684077817,22.05936924363038,312700
2021-04-19,22.442319869995117,22.745789806237276,21.70532263467816,21.748675088955704,813500
2021-04-20,21.965435028076172,22.7385603264856,21.524682164715795,22.4423160790231,691600
2021-04-21,22.87584686279297,22.955327504907434,21.784800300406246,22.03046648680588,451200
2021-04-22,23.38163185119629,23.490012296042426,22.79636752634966,22.99868127325154,619700
2021-04-23,23.569488525390625,23.79347914617192,23.193763656482712,23.52613745809661,359400
2021-04-26,23.90909194946289,24.13308262049028,23.5911721073622,23.71400383398085,377600
2021-04-27,24.04637336730957,24.32816637453598,23.73567780644476,23.793482913721572,527300
2021-04-28,24.37874412536621,24.487124553296706,23.699547982620086,23.966889679073947,671800
2021-04-29,24.010242462158203,24.573828380578142,23.627293338749656,24.53047731380661,433700
2021-04-30,23.461109161376953,24.328163622036428,23.461109161376953,23.872960857079875,483000
2021-05-03,23.121511459350586,23.865734227432768,22.572375396813072,23.511687626738876,967200
2021-05-04,22.68075942993164,23.504462915424913,22.088270861197913,23.143189263450726,699500
2021-05-05,23.562267303466797,24.03192138291633,22.680758737544295,23.323825377419244,571400
2021-05-06,23.815156936645508,25.34695910649919,23.323824581228145,23.67064693394057,908400
2021-05-07,24.18366050720215,24.248689878471954,23.72845490831351,23.981345376418652,420500
2021-05-10,24.06805419921875,24.805052856936264,24.06082718189728,24.25591530508423,410200
2021-05-11,23.95244598388672,24.277590089453966,23.26602544356805,23.59117230543473,417600
2021-05-12,23.59117317199707,24.349847373354354,23.526143797235047,23.851287914745647,424900
2021-05-13,23.988567352294922,24.3137141403157,23.51168631529738,23.677871838886045,455200
2021-05-14,24.169208526611328,24.393196432904407,23.85851295694741,24.00302297293284,600800
2021-05-17,23.67787742614746,24.4437786235149,23.410535673489736,24.24146348750684,343400
2021-05-18,23.439430236816406,23.916311279807225,23.439430236816406,23.620067037287154,287700
2021-05-19,22.810819625854492,23.482788882060483,22.312261568322675,23.085388390700878,589900
2021-05-20,23.092607498168945,23.186539404499516,22.61572646369658,22.767462090019272,229300
2021-05-21,23.53336524963379,23.728453350636457,23.013131691776266,23.287699058330336,217800
2021-05-24,23.627296447753906,23.8729626315474,23.266022810192833,23.56949134272056,301400
2021-05-25,23.222667694091797,23.97411748007472,23.085384711696417,23.62729513799775,387900
2021-05-26,23.757352828979492,23.966889423261488,23.32382285298822,23.32382285298822,386100
2021-05-27,24.833948135375977,24.971233876490746,23.67787364140377,23.981342162459345,568700
2021-05-28,24.485095977783203,24.97930415278595,24.2525277510092,24.892091760853685,515900
2021-06-01,24.87755584716797,25.168267516232593,24.506901102920917,24.579577633971102,367300
2021-06-02,25.16099739074707,25.226407375562093,24.76854025428878,25.117392582491625,473100
2021-06-03,24.50690269470215,25.10285915980466,24.041766211932593,25.051985030278747,582300
2021-06-04,24.2961368560791,24.59411508858764,24.049032753089183,24.59411508858764,397200
2021-06-07,24.310672760009766,24.521438595486206,24.056299339542022,24.368813434232706,228500
2021-06-08,24.434219360351562,24.572308636967207,23.954547094979425,24.26706113767675,275400
2021-06-09,24.005428314208984,24.550510721143304,23.98362590511001,24.550510721143304,273700
2021-06-10,23.394929885864258,24.23799034736121,23.293181639681627,24.07810143440212,837500
2021-06-11,23.365863800048828,23.765590290044265,23.118758311801248,23.59116272349114,318100
2021-06-14,23.409467697143555,23.97635518695402,23.14782912997504,23.540287673835817,390300
2021-06-15,23.47488021850586,23.64930779706085,23.30045541238318,23.554826076492215,359000
2021-06-16,23.525754928588867,23.562093199720046,22.89346013912273,23.394934934570717,364900
2021-06-17,23.256839752197266,23.758314361278735,22.798971329510778,23.54755135807227,368700
2021-06-18,23.140560150146484,23.198702205349225,22.726297833549953,22.784439888752694,845800
2021-06-21,23.83099937438965,23.903675907103352,22.980670911208865,23.307719467068548,364000
2021-06-22,23.95454978942871,24.049031498935562,23.13329305670786,23.90367566256317,486700
2021-06-23,24.36154556274414,24.710397906377633,23.60569743198891,23.74378395162551,384500
2021-06-24,24.797609329223633,24.83394759376643,24.33974220560706,24.33974220560706,276500
2021-06-25,25.313623428344727,25.938648805614907,24.877555923411354,24.884825239997816,883200
2021-06-28,24.695858001708984,25.39356257473109,24.448753952209714,25.3862960317009,344700
2021-06-29,23.976354598999023,25.08105228463861,23.918211156369605,24.863019919642163,257000
2021-06-30,24.143512725830078,24.347009229224486,23.772855211868066,23.85280105889642,351600
2021-07-01,23.63477325439453,24.39788806177113,23.56936325533754,24.22346324590746,337800
2021-07-02,23.416736602783203,23.62023310854009,22.907992565959024,23.62023310854009,530400
2021-07-06,22.893457412719727,23.591162116104638,22.123074789511552,23.416737326474433,519500
2021-07-07,22.14487648010254,22.95159873028324,21.89777239241144,22.726298433699938,793300
2021-07-08,21.650671005249023,21.926845444966485,21.025642817709425,21.80329339362066,628000
2021-07-09,21.99225425720215,22.11580630192526,21.6942760410257,21.941380130471924,279900
2021-07-12,21.919574737548828,21.94864645710811,21.35268868208578,21.890504404205434,546100
2021-07-13,21.083786010742188,22.05766661221138,21.04017980975262,21.74515250165119,522800
2021-07-14,20.785804748535156,21.200067063406216,20.44421896270286,21.0983188137792,379200
2021-07-15,20.335201263427734,20.880283507784046,20.051758939951515,20.567769465891892,347800
2021-07-16,19.717445373535156,20.502363919713783,19.652036765385056,20.495097374754096,716800
2021-07-19,19.383127212524414,19.6374992372358,18.91072281589813,19.288646887685562,625200
2021-07-20,20.189847946166992,20.32793445762914,19.034273413349794,19.332251612507346,868700
2021-07-21,21.032913208007812,21.59979801535246,20.291600813247342,20.291600813247342,430200
2021-07-22,20.68405532836914,21.236405549362,20.298864730069873,21.076515243107206,470500
2021-07-23,20.73493194580078,21.18553255392195,20.349739940741827,20.894822260583126,358700
2021-07-26,21.003835678100586,21.163727358018367,20.734929212046605,20.814873665789655,289000
2021-07-27,20.7131290435791,20.8512169586768,20.495096660764702,20.771271104744017,300100
2021-07-28,21.04744529724121,21.301817331629408,20.29159851112847,21.06198115891278,306300
2021-07-29,21.0111083984375,21.44717457348775,20.72766600845211,21.1346604582648,225000
2021-07-30,20.560503005981445,21.03290734243176,20.458753377328385,20.82214154170799,356400
2021-08-02,20.567773818969727,21.45444201129351,20.50236382490597,20.71312966938166,420300
2021-08-03,20.545969009399414,20.909357206723566,19.85553087999714,20.51689728822982,555500
2021-08-04,21.3890323638916,21.62886855060714,20.117173503930005,20.473293818373314,614300
2021-08-05,22.050392150878906,22.10853419705185,20.938423958328656,21.468971689149463,550500
2021-08-06,22.530071258544922,22.73356917540185,22.13761128736716,22.36291299802824,340600
2021-08-09,21.861434936523438,22.391981397187294,21.35995881219742,22.20301935923523,646700
2021-08-10,21.53438377380371,21.905039898155255,21.30181555135944,21.796023717161496,379500
2021-08-11,22.2684268951416,22.30476654432989,21.316350265862425,21.607060528289363,325600
2021-08-12,22.210289001464844,22.421054847574556,21.781490764263,22.23936072625907,271200
2021-08-13,21.912307739257812,22.312035582897018,21.861433614082046,22.312035582897018,160000
2021-08-16,21.24367332458496,21.897771791493298,21.20006712978199,21.897771791493298,480600
2021-08-17,21.57799530029297,21.59252977719112,20.83668291605526,20.952967048537698,284300
2021-08-18,21.105592727661133,21.81056551720483,21.07652099883063,21.628871370663187,309500
2021-08-19,20.40061378479004,20.974767819080093,20.02995764611216,20.92389369173105,571800
2021-08-20,20.73493194580078,20.82941227130489,20.21165203157488,20.21165203157488,329900
2021-08-23,21.236406326293945,21.396298024614314,20.909357771596465,21.054712222723346,268500
2021-08-24,21.766948699951172,21.80328695706001,21.25820478313351,21.25820478313351,193900
2021-08-25,22.021324157714844,22.326570298283105,21.46170738851967,21.839630059429357,261900
2021-08-26,22.028593063354492,22.08673512193157,21.54892073353958,21.883238610019802,402900
2021-08-27,21.78148651123047,22.537334573700466,21.716076529431493,21.970448526847967,582900
2021-08-30,21.890504837036133,22.144875457129984,21.098318484188653,21.766952798898014,261800
2021-08-31,21.956350326538086,22.161208477846706,21.766125199354796,22.00024800343208,501800
2021-09-01,21.656383514404297,22.139262218147586,21.612485831013686,22.007567772493562,254500
2021-09-02,21.517372131347656,21.97098616904738,21.378361175289037,21.656383087406272,246300
2021-09-03,20.961326599121094,21.524685457465296,20.76378496378243,21.524685457465296,299300
2021-09-07,20.71257781982422,21.136925887004725,20.63941407124501,20.85158880257648,297200
2021-09-08,20.244333267211914,20.71989556807223,20.119955305865446,20.602834121567614,252300
2021-09-09,19.878511428833008,20.368706649169013,19.86387840243917,20.134583808796393,314300
2021-09-10,19.68828582763672,20.09068427600652,19.51269370132178,19.907775636659853,287000
2021-09-13,20.1857967376709,20.507716320702166,19.622437816236708,19.76876528001877,264700
2021-09-14,20.032155990600586,20.200433019723082,19.73218589742211,20.200433019723082,244800
2021-09-15,20.57356071472168,20.66135606454928,19.878507450423854,20.046783033828362,271000
2021-09-16,21.027175903320312,21.173503365276396,20.412602795876122,20.632093988810247,320600
2021-09-17,21.42957878112793,21.597854409530655,20.924750500437458,21.13692381549257,897600
2021-09-20,20.81500244140625,21.37835995553492,20.471133327379953,20.968645019218954,485700
2021-09-21,20.89548110961914,21.341778605025507,20.478449664296768,21.06375810663795,416300
2021-09-22,21.136919021606445,21.407624384778067,21.01985762009493,21.078388320850685,383100
2021-09-23,21.517372131347656,21.575902839875152,21.071074606649137,21.188136023704132,363100
2021-09-24,23.675695419311523,23.763490787307827,21.371045379434243,21.41494445891461,839600
2021-09-27,24.034196853637695,24.59755586243224,23.748859790045643,23.873239130385443,517500
2021-09-28,23.573265075683594,24.143939106920445,23.412304588528915,24.04882583805957,420100
2021-09-29,23.631797790527344,23.997615102427037,23.470840071147403,23.77081015526657,220700
2021-09-30,23.178180694580078,23.741539582617712,22.90747532127562,23.653744225938777,286800
2021-10-01,23.697643280029297,24.107359644050536,23.00990778885216,23.302561337808623,445900
2021-10-04,23.251346588134766,23.69032759886923,23.03917189801161,23.66106154692859,266800
2021-10-05,22.848947525024414,23.309878090412553,22.695304933549842,23.28061203747518,253500
2021-10-06,22.67335319519043,22.69530273276499,21.897821008822888,22.453863401373113,244900
2021-10-07,22.49776268005371,23.36840819564283,22.40996591899744,22.863579959404177,328300
2021-10-08,21.363731384277344,22.468498428423736,21.32714881612139,22.424600742118876,245300
2021-10-11,21.297880172729492,21.87587068664182,21.12228806487706,21.290563660467054,234400
2021-10-12,20.851585388183594,21.34178060926895,20.749156994234543,21.305199438710638,405000
2021-10-13,20.193115234375,20.954014492546317,19.907776791513786,20.82232004129995,488400
2021-10-14,20.405284881591797,20.81500118873259,20.06873369588543,20.354070692069698,475800
2021-10-15,19.893146514892578,20.654045824884413,19.73950251281391,20.646729310929967,676500
2021-10-18,19.307836532592773,19.717552910902793,19.04444902708747,19.54195937992293,683700
2021-10-19,20.427236557006836,20.51503331643956,19.095661908071897,19.41758149868235,881800
2021-10-20,21.100339889526367,21.107656402260883,20.237010923603336,20.434552580988868,542500
2021-10-21,20.741836547851562,22.519708451307686,20.588192590580544,21.041806555090947,434100
2021-10-22,20.829633712768555,21.027175362685597,20.45649995030816,20.632093458333575,363100
2021-10-25,20.376020431518555,21.180818634049945,20.178478788123375,20.90279675175702,417900
2021-10-26,20.368701934814453,20.58819169799213,20.105313102615735,20.427232631360624,387900
2021-10-27,19.52001190185547,20.22238046783488,19.322470219367897,20.22238046783488,439400
2021-10-28,19.483427047729492,20.193113439594697,19.402948197829268,19.63707102568834,477300
2021-10-29,19.117605209350586,19.77607724961763,19.022493356579677,19.4175765807399,383800
2021-11-01,19.454164505004883,20.500402226684223,19.1395613975928,19.263939337837524,455600
2021-11-02,20.412601470947266,20.705254980381955,19.059077419894564,19.461477216414018,596400
2021-11-03,19.91509437561035,21.466160424645576,19.402950965486493,19.79803294498305,475600
2021-11-04,19.60780143737793,20.076048404110278,19.154188889099505,19.783394922078735,428900
2021-11-05,20.046783447265625,20.456498344368732,19.805344137037476,19.915089024326278,334600
2021-11-08,19.388315200805664,20.302858370654988,19.30051844248799,20.01752134821628,473400
2021-11-09,19.329784393310547,19.724866314981767,19.08102854076558,19.351733931646443,579800
2021-11-10,19.329784393310547,20.046785899830926,19.212722979816693,19.212722979816693,439500
2021-11-11,19.35904884338379,19.585856550666687,18.97128343860859,19.36636535608473,387500
2021-11-12,19.161508560180664,19.541957451814024,18.846905491815264,19.249303921526014,497300
2021-11-15,19.659015655517578,19.717546347868026,19.249299413582637,19.402943353178685,359700
2021-11-16,19.337100982666016,19.498060077986946,18.905436495392202,19.498060077986946,522100
2021-11-17,19.117605209350586,19.673647490308422,18.90543197063927,19.22735147971629,441900
2021-11-18,18.290864944458008,19.23467424542352,18.166487007016404,19.13956096624228,627700
2021-11-19,17.786035537719727,18.166485839019504,17.134881234116687,18.07137396143564,1090500
2021-11-22,17.866512298583984,18.290860199390572,17.617756488233724,17.888461833196732,726000
2021-11-23,18.0421085357666,18.34939511356116,17.742138471191225,17.990894338714543,511500
2021-11-24,18.027475357055664,18.2835477356352,17.925046963816726,17.94699650328887,4964500
2021-11-26,17.369001388549805,17.581176045375337,17.120245568021502,17.493379298813956,1521000
2021-11-29,17.112930297851562,17.99820875760787,16.89344050874546,17.551911271545812,661600
2021-11-30,17.21624183654785,17.393348313778823,16.559471807543346,17.01699652184407,1825900
2021-12-01,16.8177547454834,18.123915356493292,16.802995518631516,17.585216244055736,989800
2021-12-02,18.382198333740234,18.6183403607586,16.86203297917136,16.869412593455372,1256800
2021-12-03,18.559303283691406,19.275110325983213,18.404335619391563,18.50026778193184,1056000
2021-12-06,18.64047622680664,19.105380592316134,18.551922277057685,18.669993271711437,560900
2021-12-07,18.492889404296875,19.341525326630652,18.448613126897218,18.795446546976592,558500
2021-12-08,18.780689239501953,19.06848716174205,18.34530184520578,18.470752474198193,534000
2021-12-09,18.699512481689453,19.075864320214063,18.507646755724906,18.566682255443432,575300
2021-12-10,18.765932083129883,19.134904396498484,18.544547850598118,18.810208366629166,662700
2021-12-13,19.127519607543945,19.25297021645696,18.411714019932813,18.603578332371733,720800
2021-12-14,19.09062385559082,19.747393976514683,19.009449514346798,19.186556016365007,762800
2021-12-15,18.99468994140625,19.186555666978112,18.441231604858803,19.14965900754855,943900
2021-12-16,19.496490478515625,19.73263245373334,18.832340821336494,19.157035333502257,669900
2021-12-17,19.548147201538086,20.064708850211584,19.437455821827267,19.62194192385105,751700
2021-12-20,19.48172950744629,19.53338538395668,18.640473444238015,18.640473444238015,810900
2021-12-21,19.931880950927734,20.249197308535965,19.496493586886313,19.496493586886313,518000
2021-12-22,19.754772186279297,20.24181538409979,19.73263334728118,19.894980610715592,524200
2021-12-23,19.62194061279297,20.07208712205957,19.57766434537045,19.725252372617895,828100
2021-12-27,18.780689239501953,19.56291006335715,18.24198865175951,19.56291006335715,4260400
2021-12-28,19.164419174194336,19.378423766147026,18.603581155562374,18.62571999844222,2402600
2021-12-29,18.633098602294922,19.282489142195946,18.330541470264993,19.090624811045082,2244800
2021-12-30,19.5260066986084,20.079464957514766,18.765924923854623,18.765924923854623,1343800
2021-12-31,19.503868103027344,19.813804765786077,19.334141251580597,19.481729267288486,816200
2022-01-03,19.865461349487305,20.227053901003583,19.48172996144334,19.909737615025577,642200
2022-01-04,19.77690887451172,20.396782267990545,19.754771443862822,19.96139497001096,620900
2022-01-05,19.171794891357422,20.219675980198886,19.061103514493883,19.754771634365135,598600
2022-01-06,19.791669845581055,20.145882842377052,19.186555624175224,19.34890289582739,569200
2022-01-07,21.28969955444336,21.29707916850072,19.769534246563634,19.769534246563634,1496000
2022-01-10,21.5479793548584,22.13095476149602,21.27493927825674,21.319215552902246,1684900
2022-01-11,21.2380428314209,21.84315708524056,20.78051663041334,20.78051663041334,612100
2022-01-12,21.55535888671875,21.629153620678007,20.987142672522694,21.40039121217005,696700
2022-01-13,22.21950340270996,22.54419788245656,21.658665563806206,21.784116151554638,1248700
2022-01-14,22.322816848754883,22.536821388367713,21.673426432462293,22.145710371584176,645300
2022-01-18,21.93170928955078,22.74344849352676,21.828397513459844,22.477788032130196,1016300
2022-01-19,21.62177276611328,22.36709686206013,21.0240381296179,22.06453973695028,651200
2022-01-20,20.374645233154297,21.887430682629656,20.345126781692713,21.643909088140518,638200
2022-01-21,19.85808563232422,20.389405145549084,19.66621990066923,20.153263139671367,873300
2022-01-24,20.27871322631836,20.32299090690142,19.20131500077607,19.548148386905982,1153700
2022-01-25,20.234437942504883,20.455820726174114,19.444837564562576,20.03519259269213,625700
2022-01-26,19.799047470092773,20.45581751161758,19.636700214748775,20.374644587704175,891300
2022-01-27,19.40793800354004,21.11997026853096,19.371041344937556,19.909740442630714,483900
2022-01-28,20.101606369018555,20.123745208916333,18.97255086954365,18.97255086954365,669900
2022-01-31,20.27871322631836,20.35250795310612,19.577666840628023,19.806429226904463,1102500
2022-02-01,20.31561279296875,20.861691559476544,20.079469368314683,20.145884486574037,556100
2022-02-02,20.374645233154297,20.492716223966166,19.63670083682149,20.256574242342428,624200
2022-02-03,19.961393356323242,20.691959474056095,19.887600050102794,20.337745129619314,648500
2022-02-04,19.57028579711914,20.322989421820008,19.164415533203698,19.821187005352762,619800
2022-02-07,19.614561080932617,19.9318773817189,19.275107350102658,19.570284813328094,461200
2022-02-08,20.263954162597656,20.404164003871458,19.673599158577474,19.740014272469416,499300
2022-02-09,21.348731994628906,21.35611160762687,20.37464559917344,20.404162643648046,672100
2022-02-10,21.40038299560547,21.865287248271514,21.15686145230098,21.15686145230098,1471900
2022-02-11,21.59225082397461,22.138329448126342,21.36348848044875,21.36348848044875,589500
2022-02-14,21.060935974121094,21.872673769913916,20.957622790597508,21.673429831547292,611700
2022-02-15,21.702945709228516,21.761981207696486,20.92810461589673,21.297076833200876,503800
2022-02-16,20.83955192565918,21.584876018623127,20.83955192565918,21.540599743971846,459900
2022-02-17,20.662446975708008,20.98714296514546,20.492720070497462,20.529616734232796,471000
2022-02-18,20.463197708129883,20.765754797073146,19.99091374636815,20.52961281619228,639000
2022-02-22,19.83594512939453,20.62554683072359,19.776909632871703,19.924499077937405,592600
2022-02-23,19.024208068847656,20.04257077133039,18.515026013847635,19.85070504904752,1305000
2022-02-24,19.430076599121094,19.496491709785065,18.64047629180197,18.79544394500638,1714700
2022-02-25,20.212295532226562,20.271331024615566,19.22344997907291,19.437454518681268,1737500
2022-02-28,22.138328552246094,22.138328552246094,19.91711608526869,19.91711608526869,1651600
2022-03-01,22.116191864013672,22.90579350801211,21.92432616236596,21.9981208795408,1622000
2022-03-02,22.04239845275879,22.522062000908633,21.909568243959754,22.11619176207634,1533500
2022-03-03,21.651288986206055,22.374474166334174,21.429906227396955,22.15309140752508,886400
2022-03-04,21.06330108642578,21.666173993351666,20.907001649557643,21.502430103741144,595200
2022-03-07,20.244586944580078,21.294030463040272,20.237143911587967,20.959101076462172,675900
2022-03-08,20.564632415771484,21.368461663497747,20.28180421103657,20.363676168550146,1980900
2022-03-09,20.85490608215332,21.934120552479914,20.76559108603958,20.966548762585216,1076100
2022-03-10,19.381214141845703,20.668828981113396,19.351442011183334,20.519971167028196,1413900
2022-03-11,18.689029693603516,19.60450151396249,18.599714711796395,19.51518653215537,1172800
2022-03-14,18.495515823364258,18.897429708557514,18.04894373567234,18.897429708557514,976700
2022-03-15,19.232358932495117,19.477973365271165,18.62204436739182,18.644372048799223,567300
2022-03-16,20.46787452697754,20.47531756079552,19.157930386897352,19.157930386897352,774300
2022-03-17,20.40833282470703,20.609290490262552,20.065960347877592,20.37111907313614,724900
2022-03-18,20.54230308532715,20.69115950023588,19.97664530160152,20.311574719469828,795100
2022-03-21,20.564632415771484,20.609290621477236,20.09573261277018,20.46787580930296,506100
2022-03-22,20.750699996948242,21.055858665074563,20.5646284347031,20.83257193861238,525300
2022-03-23,20.311574935913086,20.973989325407505,20.29668886837953,20.62417383643658,643300
2022-03-24,20.713485717773438,20.720928750424758,19.738471154263696,20.31901350493342,363200
2022-03-25,20.84001922607422,21.21960546090278,20.609290839277364,20.691161378042516,415700
2022-03-28,20.45298957824707,20.944218480198717,20.12550459002172,20.914447762911696,421400
2022-03-29,20.74325942993164,20.914444935123928,20.557187858301734,20.683716583794606,410400
2022-03-30,20.31901741027832,20.743261835264015,20.23714687460481,20.683718982222555,320000
2022-03-31,20.85490608215332,20.95910572794126,20.118062687766365,20.281805191092232,531500
2022-04-01,20.34878921508789,20.981432905605008,20.17760369283431,20.884674883730497,1047300
2022-04-04,20.862346649169922,20.877231297083547,20.296688859659575,20.319016541336783,411600
2022-04-05,20.289247512817383,21.13773355782233,20.259475375287696,20.8325762462113,390800
2022-04-06,19.664045333862305,20.19993099235086,19.455644645754425,19.984088690036938,420700
2022-04-07,18.577383041381836,19.664041641571224,18.473183426700093,19.54495596204544,791500
2022-04-08,18.09360122680664,18.636931354900046,18.011730691581445,18.458301377140227,981700
2022-04-11,18.227569580078125,18.636927857846015,17.818212721923558,17.967069115973707,722400
2022-04-12,18.019168853759766,18.770898112528315,17.989398142912556,18.376427321219527,804000
2022-04-13,17.78099822998047,18.27222704615646,17.66191254239922,18.019169605142963,571200
2022-04-14,17.021825790405273,17.78099662532041,16.96972456462869,17.773553593066612,747400
2022-04-18,17.58749008178711,18.041505319428538,17.036718219861946,17.133476263759576,986600
2022-04-19,18.09360122680664,18.249902102443087,17.52794341620345,17.5726016204502,704200
2022-04-20,17.706571578979492,18.0935993721512,17.40885592630572,18.026613492260946,563300
2022-04-21,17.260000228881836,18.026614233064503,17.13347149717982,17.862871753055686,515400
2022-04-22,17.36419677734375,17.44606871262102,16.85808194038106,17.252554132628624,792500
2022-04-25,17.193012237548828,17.45351270258704,16.850639832740892,17.118583330450292,886900
2022-04-26,17.20046043395996,17.341873838326155,16.93251685581138,17.237674188874482,806700
2022-04-27,16.902742385864258,17.580044272764024,16.895300771598304,17.118586109529353,768400
2022-04-28,17.066484451293945,17.22278388706541,16.619912403982973,17.05159838514045,507800
2022-04-29,16.55293083190918,17.23767443734849,16.50827404144529,16.947403169912555,646700
2022-05-02,17.66191291809082,17.706571116593757,16.426397818444354,16.59014170706164,884700
2022-05-03,17.386526107788086,17.810769015174866,16.97716784551364,17.468396624552362,735500
2022-05-04,17.974515914916992,18.294559287624573,16.939958293980627,16.939958293980627,889800
2022-05-05,17.62470245361328,19.232360989080767,17.364201925633694,18.927203673897548,1373000
2022-05-06,17.847986221313477,18.00428709204064,17.431186265396946,17.661914634970476,1277600
2022-05-09,16.917627334594727,17.840542180403645,16.79109860623952,17.609813823854783,1081900
2022-05-10,16.872968673706055,17.3493114004986,16.23288206986859,17.111140037102327,1081300
2022-05-11,16.820871353149414,17.52050090130815,16.605027635890867,17.029270617135854,941300
2022-05-12,17.885204315185547,17.89264735021008,16.753888544504484,17.029273742343328,881400
2022-05-13,18.495515823364258,18.562501707498722,17.885201252017833,18.10104355230725,985200
2022-05-16,18.316884994506836,18.674142052390067,18.197799308545758,18.47318442497574,743600
2022-05-17,19.031400680541992,19.180258510082183,18.42108613473147,18.532728797079876,1240400
2022-05-18,18.88254737854004,19.083503635997662,18.62948987843845,18.971860955273716,860300
2022-05-19,19.195148468017578,19.425876872923823,18.465746658949392,18.711361133749914,954600
2022-05-20,18.756013870239258,19.574727600922916,18.331769519733708,19.343999263345523,768000
2022-05-23,18.622047424316406,19.009076721197836,18.421089740980232,18.919761722066063,632300
2022-05-24,16.270099639892578,18.33177169658361,16.24032750525647,18.324330082538097,1108900
2022-05-25,17.319541931152344,17.431184588293984,16.24032626635187,16.27754143180802,997500
2022-05-26,17.7884464263916,17.82566160182162,17.401417119602137,17.401417119602137,824200
2022-05-27,18.108484268188477,18.12337033378263,17.81821308716925,17.855426831541283,511500
2022-05-31,18.221284866333008,18.35664751175599,17.92047978447736,18.198725381663692,625100
2022-06-01,17.980642318725586,18.48449141124928,17.702398132402408,18.236327018475038,625200
2022-06-02,18.198728561401367,18.236328665321015,17.807681169488145,17.91296260794477,476800
2022-06-03,17.44671630859375,17.943045175957774,17.3790349690121,17.943045175957774,547500
2022-06-06,17.544477462768555,17.77008097201282,17.221111380993545,17.567038387433833,623700
2022-06-07,17.71744155883789,17.7249618676157,17.168471927227877,17.35647534361642,483600
2022-06-08,17.18351173400879,17.634720198922242,16.987988018067885,17.49935751601299,584000
2022-06-09,16.920305252075195,17.288791727664808,16.890224020915856,17.198550902890887,481500
2022-06-10,16.318696975708008,16.75486484059848,16.273575123429797,16.70222267960723,627000
2022-06-13,14.769547462463379,15.897567924896379,14.671786320167483,15.799806782600482,822300
2022-06-14,15.378678321838379,15.438839351009422,14.536422479091717,14.829707317006537,723700
2022-06-15,15.754683494567871,16.160770041174874,15.498998788264528,15.649400628568188,914600
2022-06-16,14.558981895446777,15.431317445279554,14.40857862091619,15.29595478507241,958000
2022-06-17,14.46121883392334,14.867306800426315,14.205534136721885,14.596581489424333,1106600
2022-06-21,14.769547462463379,15.265876351185725,14.461221984146535,14.71690673704619,834200
2022-06-22,14.694344520568848,14.942508918905435,14.37849879229029,14.566502167828672,801300
2022-06-23,14.965068817138672,14.987629739189813,14.416099289728539,14.716904411983956,658400
2022-06-24,15.784762382507324,15.784762382507322,14.99514882178589,14.99514882178589,2224900
2022-06-27,15.972766876220703,16.190851483919595,15.784763497591431,15.95020595441849,510600
2022-06-28,15.83740234375,16.506695267987556,15.799802246205413,16.108127635996734,838200
2022-06-29,15.077872276306152,15.912607840712907,14.995151754732673,15.8524468094085,608500
2022-06-30,15.341075897216797,15.476438563631532,14.784586050896658,14.950028512985783,617000
2022-07-01,15.544116973876953,15.559157586061863,15.115469567069086,15.160589969272092,458300
2022-07-05,15.664445877075195,15.679486495860758,14.927472768810864,15.310999941728593,681300
2022-07-06,15.213232040405273,15.912604791786109,15.070350514904131,15.671960712676972,594100
2022-07-07,15.604278564453125,15.717080291301707,15.228271852056663,15.30347348140631,1268500
2022-07-08,15.822368621826172,15.912609460794243,15.453880653924347,15.566683854162847,851600
2022-07-11,15.634364128112793,15.852447335952927,15.574201660457941,15.709564343977005,984800
2022-07-12,16.303651809692383,16.49165517201014,15.634360298833743,15.634360298833743,571000
2022-07-13,15.747164726257324,16.175812236256892,15.694524005289248,16.175812236256892,698000
2022-07-14,15.529080390930176,15.724604097010207,15.303476887027422,15.574200804840308,543000
2022-07-15,15.882529258728027,16.10061247602811,15.739646260554169,15.875008949944956,1185300
2022-07-18,16.1231746673584,16.356298520514894,15.99533227672051,16.1231746673584,844900
2022-07-19,16.62701988220215,16.837582756098307,16.40141495886083,16.40141495886083,1838900
2022-07-20,16.980464935302734,17.115827596095848,16.67213951209706,16.762381764076448,1754800
2022-07-21,17.26622772216797,17.273748028615383,16.82254111658488,16.980463248925197,569900
2022-07-22,17.04062843322754,17.34143359292332,16.875185953982896,17.22863183733142,365900
2022-07-25,16.972944259643555,17.27374936912479,16.935344158840365,17.168467939394333,506400
2022-07-26,16.792461395263672,16.927824054740938,16.55181730479383,16.852622417881133,473300
2022-07-27,16.86766242980957,16.99550477760064,16.73229977516586,16.98046416389537,334500
2022-07-28,17.251188278198242,17.281268069173297,16.536774954555582,16.815020551421647,511600
2022-07-29,16.423978805541992,17.206072283049952,16.032931349611886,17.206072283049952,944400
2022-08-01,16.536775588989258,16.694699159310296,16.183329783949713,16.40893324514911,558800
2022-08-02,16.536775588989258,16.611977220839666,16.07804692561841,16.32621130667848,516100
2022-08-03,17.521913528442383,17.777598226655865,16.566857497958715,17.10078638082389,1222400
2022-08-04,17.469274520874023,17.72495924406559,17.085747436086674,17.38655400526642,1249000
2022-08-05,17.28127098083496,17.559516624581672,16.980465848643927,17.296311596032517,666800
2022-08-08,17.484315872192383,17.7024005005926,17.341432889252655,17.469275256229867,909600
2022-08-09,17.379030227661133,17.53695235403255,17.25118789159067,17.499352257568425,336600
2022-08-10,18.108484268188477,18.26640784247205,17.76255876108938,17.860319880901603,742300
2022-08-11,18.898101806640625,19.06354572248937,18.461933960556763,18.461933960556763,585900
2022-08-12,19.04098129272461,19.08610170040044,18.672494855609543,19.063542213738472,403900
2022-08-15,19.101144790649414,19.168826128113203,18.680017584259687,18.71009738182577,446300
2022-08-16,19.341785430908203,19.394427577299865,18.965778705650138,19.213943086946387,562700
2022-08-17,19.04098129272461,19.259065892802937,18.88305914868325,19.16882364309938,669000
2022-08-18,19.071060180664062,19.341784027852277,18.86801621950911,19.341784027852277,482300
2022-08-19,18.619857788085938,18.94322388086437,18.46945448723712,18.777779963060233,462300
2022-08-22,17.980642318725586,18.273927118999175,17.867840582801275,18.243847325450243,437700
2022-08-23,17.679838180541992,18.1160059685479,17.43167377416539,18.04832463641319,313300
2022-08-24,17.739999771118164,17.815201413038885,17.4091134072782,17.53695576823782,308100
2022-08-25,17.815196990966797,18.153602144083397,17.717434450430783,17.86031739117868,379600
2022-08-26,17.484315872192383,17.93552431060325,17.446715766638178,17.84528204918024,275200
2022-08-29,17.31135368347168,17.491836778135458,17.16095038740913,17.439196054819206,424400
2022-08-30,16.995506286621094,17.4241537748176,16.74734187585722,17.333911518925284,490000
2022-08-31,16.79779815673828,17.436555645073913,16.79779815673828,17.162802021388234,597700
2022-09-01,17.398530960083008,17.40613538745147,16.721752878648214,16.79779570193662,515600
2022-09-02,17.155195236206055,17.710306835798477,17.06394500777732,17.710306835798477,433500
2022-09-06,16.63050079345703,17.238840411022714,16.501228443424818,17.094359207952344,406700
2022-09-07,16.63050079345703,16.79779382568858,16.44039448166825,16.676125902175443,307000
2022-09-08,16.425186157226562,16.61529247513336,16.257891669215073,16.45560241388568,419000
2022-09-09,16.965089797973633,17.010716364995194,16.486022447417696,16.546856419716804,434400
2022-09-12,17.292070388793945,17.390926485675802,16.94987988905453,17.08675521871264,471400
2022-09-13,16.455602645874023,17.01071420428878,16.432790815657118,16.889044824748744,584700
2022-09-14,16.257892608642578,16.630502289618924,15.634344081941242,16.554459467983015,800900
2022-09-15,16.425186157226562,16.813003219803964,16.174245875605433,16.174245875605433,1487100
2022-09-16,16.53925323486328,16.577273926509,15.976538586207457,16.219874493691446,1184600
2022-09-19,16.478418350219727,16.622899581227735,15.8776815926155,16.39477109273146,714900
2022-09-20,16.676130294799805,16.676130294799805,16.235083593290486,16.311126428115493,757500
2022-09-21,16.59248161315918,17.36051142348881,16.569669779939094,16.957485448643663,959900
2022-09-22,15.908096313476562,16.65331271157422,15.892887460357166,16.5772698963733,712400
2022-09-23,15.34538459777832,15.6799721753915,14.90433792972308,15.672367747446163,912100
2022-09-26,14.866313934326172,15.467050613454576,14.813084395749458,15.124858650609772,880100
2022-09-27,14.53172779083252,15.193296982495244,14.379642152309795,14.99558623257416,557900
2022-09-28,14.250370025634766,14.615373823529415,14.242765598545773,14.569748711391625,966600
2022-09-29,13.573594093322754,14.197142708243065,13.261819785862599,14.197142708243065,1038700
2022-09-30,13.75609302520752,13.961408192842514,13.512757174853187,13.695259062618936,790000
2022-10-03,14.06786823272705,14.432872033372995,13.862553050965142,14.250370133050023,1530200
2022-10-04,14.235161781311035,14.334017887306905,13.915783081871545,14.1895366672186,1160100
2022-10-05,14.592560768127441,14.638185876436612,13.877760636102241,14.197139295058518,977300
2022-10-06,14.486101150512695,14.87391822128686,14.24276529051231,14.65339564206006,671600
2022-10-07,14.121101379394531,14.440480149139653,13.961412719720244,14.379646166826133,709200
2022-10-10,14.33401870727539,14.622979713585606,14.16672419537278,14.273184734873434,590000
2022-10-11,13.76369857788086,14.257974745650849,13.619217361013995,14.2123496325757,531900
2022-10-12,13.596403121948242,13.801718291924349,13.444318938940679,13.71046807219903,691600
2022-10-13,14.083078384399414,14.189537473462801,13.223796892856539,13.413903237839047,518600
2022-10-14,14.105890274047852,14.3948527318007,14.075474012934892,14.295996619791874,308100
2022-10-17,14.486101150512695,14.622977934361945,14.128701787436645,14.128701787436645,435400
2022-10-18,14.972776412963867,15.117256193528789,14.805481898041466,14.858712893950807,453600
2022-10-19,14.516518592834473,15.147671512070923,14.425266921804432,14.919544510089983,580500
2022-10-20,14.592560768127441,14.828292186520203,14.432870713451281,14.653394729338348,422500
2022-10-21,14.448080062866211,14.737041025949255,14.372037246140328,14.630581952770674,461400
2022-10-24,14.562148094177246,14.767463328107889,14.493709682867033,14.683816058640618,367700
2022-10-25,14.759857177734375,14.95756795952945,14.516521277185474,14.516521277185474,384300
2022-10-26,14.022239685058594,14.828289909950184,14.014635259775224,14.752247107512302,600900
2022-10-27,13.581197738647461,14.455686634777535,13.550780027284736,14.166724178416866,524200
2022-10-28,13.75609302520752,13.86255209713852,13.330255287087438,13.619216246784188,559500
2022-10-31,13.543174743652344,13.710469244783402,13.064107423132075,13.66484268062245,820100
2022-11-01,14.04505729675293,14.219956249533144,13.702866720401552,13.81693024585201,635900
2022-11-02,13.6420316696167,14.143912302409621,13.109733325553272,13.307444097622652,735700
2022-11-03,13.277026176452637,13.315048314939668,12.204826527855106,12.85879280586925,1446900
2022-11-04,12.706706047058105,13.984220781135678,12.52420414938933,13.451923942200791,1677600
2022-11-07,13.398694038391113,13.398694038391113,12.78274851884055,12.858791336730313,763400
2022-11-08,13.657238960266113,14.128703328229063,13.26942329759521,13.550779872505183,920900
2022-11-09,13.29223346710205,13.619216567617075,13.0260843306087,13.619216567617075,501900
2022-11-10,14.09068489074707,14.372041510601845,13.801722391527196,13.832140107401507,657900
2022-11-11,14.699023246765137,14.94996357625977,14.166724874917671,14.18193373134677,479200
2022-11-14,15.026004791259766,15.794034553535264,14.235161746795251,14.645792123820184,1041600
2022-11-15,15.368196487426758,15.702784066263682,14.896733556262136,14.896733556262136,846000
2022-11-16,14.615376472473145,15.375801914440672,14.440478968915757,15.337781222500865,760900
2022-11-17,14.432870864868164,14.455684144460108,14.189535017471668,14.303598514639269,482800
2022-11-18,14.257977485656738,14.797878870256632,14.151518384557372,14.775067034533324,474600
2022-11-21,14.007036209106445,14.334019369778387,13.908181543282927,14.204746991149861,297500
2022-11-22,14.19714069366455,14.303599773672255,13.953804824849119,14.067868332056829,293700
2022-11-23,14.295994758605957,14.448080395559774,14.083076607345966,14.181931256088658,279700
2022-11-25,14.19714069366455,14.364433740876112,14.18193183926454,14.280787942468423,148500
2022-11-28,13.702865600585938,14.212350659665544,13.611613917444924,14.045056148973067,479600
2022-11-29,14.03744888305664,14.1210961214909,13.771301216031281,13.801717470664462,511400
2022-11-30,14.307252883911133,14.32267053559501,13.667435042112153,14.037449860676052,920400
2022-12-01,14.176207542419434,14.376632628228853,13.929530966133493,14.338089964549814,520500
2022-12-02,14.060577392578125,14.314962783205212,13.944947936894597,14.022034730786382,416200
2022-12-05,13.428467750549316,14.068285612755453,13.305129473760775,14.068285612755453,569900
2022-12-06,13.374507904052734,13.682853606763205,13.282003458085448,13.39763291281334,354000
2022-12-07,13.189498901367188,13.312837167666501,12.850317933890024,13.282001865937616,446800
2022-12-08,12.71927261352539,12.927406518257074,12.171958429234191,12.565099024025997,1104000
2022-12-09,13.2974214553833,13.374508250635595,12.58051675906113,12.68073003398161,572900
2022-12-12,13.474720001220703,13.544097969638763,13.174083118281326,13.305130228592292,418600
2022-12-13,12.70385456085205,14.10682859398752,12.449469175396809,13.875569687322127,1149200
2022-12-14,12.426342964172363,12.796357767146656,12.31071278687735,12.534263580796168,672700
2022-12-15,12.27988052368164,12.395509987514803,12.071746606596907,12.303006269417432,715400
2022-12-16,12.24133586883545,12.395508716522722,12.117997590685633,12.256752786027114,948900
2022-12-19,11.347132682800293,12.195083717567384,11.177542181785224,12.195083717567384,855600
2022-12-20,11.694023132324219,11.786526852202048,11.154417732126431,11.3471339989938,746000
2022-12-21,11.655477523803711,11.971532023965375,11.632351782003951,11.87902832161226,548700
2022-12-22,11.686312675476074,11.709438418431935,11.208376488514988,11.61693471145438,433900
2022-12-23,11.809651374816895,11.85590359754085,11.539849070248597,11.670896176953308,393000
2022-12-27,11.709440231323242,11.77111011401031,11.493598214958295,11.755692459549987,324100
2022-12-28,11.200669288635254,11.740274691923398,11.077330994758446,11.67089745298336,521500
2022-12-29,11.67089557647705,11.701730144988513,11.331714587696863,11.347132239529646,831400
2022-12-30,11.956116676330566,12.025494645985566,11.401093654244757,11.539849593554752,553100
2023-01-03,11.809651374816895,12.27217066143989,11.778816804718971,11.825069027442927,708200
2023-01-04,12.634476661682129,12.711563454414808,11.871320501275989,11.940698467704571,685400
2023-01-05,12.680729866027832,12.726981354443286,12.233627488702144,12.634476907304071,472300
2023-01-06,13.251169204711914,13.397632489933777,12.703854313156388,12.757814625638995,566000
2023-01-09,13.49013614654541,13.528678804555135,13.22033312955287,13.42075818588138,663400
2023-01-10,13.883278846740723,13.96036564091512,13.405341899106105,13.490137519728773,596000
2023-01-11,13.890987396240234,14.168497791303627,13.682853497211482,13.960365362583152,511200
2023-01-12,13.952655792236328,14.17620586162472,13.759939556073693,14.05286758810529,342200
2023-01-13,13.952655792236328,14.006616103112552,13.798482215182942,13.91411166281888,277300
2023-01-17,14.075994491577148,14.137663630202454,13.783064980375768,13.991198874601762,421100
2023-01-18,13.921821594238281,14.384340891819035,13.813900963915822,14.176206987361448,438700
2023-01-19,14.19162368774414,14.199332513722336,13.821608862640002,13.906404478091947,545100
2023-01-20,14.446008682250977,14.67726904456429,14.23016597148685,14.353505713572192,354800
2023-01-23,14.839153289794922,14.91624009445296,14.453720736813235,14.592476691136003,359500
2023-01-24,14.808314323425293,14.962487894673727,14.561637785674314,14.831440800205002,338700
2023-01-25,14.962488174438477,15.132077929736184,14.7543542904539,14.846858728994214,288700
2023-01-26,15.717937469482422,15.725646296208774,15.047285717681806,15.078119554278851,351300
2023-01-27,15.779605865478516,15.895236790587795,15.509804294378965,15.75648085670329,323800
2023-01-30,15.610015869140625,15.756480627253445,15.448134928838247,15.586889390393885,367600
2023-01-31,15.902942657470703,15.987738269194939,15.617723460357066,15.617723460357066,334600
2023-02-01,16.488805770874023,16.589019067897098,15.756484730230595,15.848987728688734,386000
2023-02-02,16.835695266723633,17.27508817410184,16.70464813028552,16.73548197222522,511600
2023-02-03,16.48109245300293,17.09007648657837,16.427132140216905,16.712352826767933,434600
2023-02-06,16.103368759155273,16.52734537500751,16.010865786091394,16.33462913243147,371700
2023-02-07,15.733353614807129,16.11107726634131,15.263125521732144,16.080243432699856,429000
2023-02-08,15.540637969970703,15.864401322274603,15.448134995202887,15.671685076148668,314300
2023-02-09,15.14749526977539,15.787313089740914,15.008739349971856,15.725643955418025,386600
2023-02-10,14.977907180786133,15.170623430728705,14.76977327797416,15.070410157385917,250500
2023-02-13,14.831440925598145,14.970196846833225,14.677268823354398,14.970196846833225,349700
2023-02-14,14.607892036437988,14.89311125717493,14.461427277776485,14.823733290983075,460200
2023-02-15,15.517512321472168,15.5252211481667,14.214751486571615,14.55393103928092,1231200
2023-02-16,15.001031875610352,15.463551159847494,14.993324519645375,15.27083491394104,590300
2023-02-17,14.954781532287598,15.132080139210508,14.715813780769395,15.085828648341137,593900
2023-02-21,14.623311042785645,14.931658272213234,14.584768374261474,14.816027326023608,664200
2023-02-22,13.752230644226074,14.453717621848464,12.927405393855231,14.183914598845654,1027400
2023-02-23,13.821610450744629,14.191625318363519,13.544098564876268,13.752232479277538,641800
2023-02-24,13.120123863220215,13.721397677691089,12.98907674231864,13.582643199949807,552100
2023-02-27,12.873444557189941,13.228041709272619,12.688435685320224,13.181790226459254,527100
2023-02-28,12.541974067687988,12.89657126659976,12.434051966460137,12.888862440061464,1058000
2023-03-01,12.310714721679688,12.549683204190064,12.040911667408698,12.518847897275272,743100
2023-03-02,11.989633560180664,12.365532871920337,11.879995887500487,12.146258273405527,666100
2023-03-03,12.279388427734375,12.467338067706926,12.130594402621995,12.177582186037872,768500
2023-03-06,12.208907127380371,12.600469250789128,12.114932307383727,12.428181707372541,891200
2023-03-07,12.16975212097168,12.334208260992064,12.044452347021972,12.161920698388434,725500
2023-03-08,12.083606719970703,12.37336258614722,11.973969062426033,12.216737894544432,681000
2023-03-09,11.872162818908691,12.255893499812089,11.856500723180716,12.107100229591842,895800
2023-03-10,11.46493911743164,11.895656851014826,11.394457816490256,11.825176296918912,744700
2023-03-13,11.237833023071289,11.56674526011648,11.081207579262747,11.316144998130094,973100
2023-03-14,11.42578411102295,11.856502642526415,11.33963995661492,11.488433997767574,1045400
2023-03-15,10.814946174621582,11.23783323792989,10.188446627945632,11.183014032810613,1670300
2023-03-16,11.112533569335938,11.112533569335938,10.540853184657452,10.673984376374873,889600
2023-03-17,9.906521797180176,10.901089986639645,9.89869112201919,10.814946585104737,1754000
2023-03-20,10.384227752685547,10.673983636078702,9.945677843294659,9.945677843294659,1069800
2023-03-21,11.096869468688965,11.269156993964257,10.619163997295425,10.619163997295425,872000
2023-03-22,10.666152000427246,11.128195418977494,10.666152000427246,11.026389178716807,805600
2023-03-23,11.183012962341309,11.41795036321161,10.81494513938476,10.830607234458562,996800
2023-03-24,11.457107543945312,11.472769640143873,11.026389069225699,11.104701790754888,755800
2023-03-27,12.005294799804688,12.224569382643244,11.519757850096568,11.551082790502075,885600
2023-03-28,12.122763633728027,12.295051186403368,12.00529528913083,12.00529528913083,692300
2023-03-29,12.396857261657715,12.561314136765873,12.20890761417055,12.20890761417055,713700
2023-03-30,12.827573776245117,12.984199214178966,12.553481500397197,12.553481500397197,760500
2023-03-31,13.438410758972168,13.446242179985736,12.88239331022629,12.88239331022629,903100
2023-04-03,12.827573776245117,13.626360821064168,12.373362545511446,13.626360821064168,1267400
2023-04-04,13.015525817871094,13.258293919481217,12.788419066207025,12.905887406102828,861800
2023-04-05,13.305279731750488,13.587204916497752,12.811912152133623,12.960704671913927,795900
2023-04-06,13.696843147277832,14.025755396684632,13.289618173023511,13.313112438585064,753600
2023-04-10,14.425149917602539,14.534786843535597,13.555881451444467,13.555881451444467,922500
2023-04-11,15.028153419494629,15.513689574209728,14.44864170603647,14.464303054417954,1643300
2023-04-12,15.161286354064941,15.592004105340921,15.153454932117432,15.184779126216464,1061800
2023-04-13,15.999228477478027,16.226333730575735,15.270922694591569,15.270922694591569,867300
2023-04-14,16.061878204345703,16.273322105824104,15.89742133863219,16.22633357636828,952400
2023-04-17,16.093202590942383,16.50042755565584,15.944410060278237,16.061878397951862,870100
2023-04-18,16.061878204345703,16.578740078832283,16.03838393961779,16.171515119027422,1042900
2023-04-19,16.335973739624023,16.539586241399416,15.537186577356964,15.920917313655979,1138700
2023-04-20,15.631159782409668,16.257660097437157,15.607667010166434,15.975734880990236,872800
2023-04-21,15.208271026611328,15.772119875913642,15.192608185152459,15.599833100938406,1258500
2023-04-24,15.216104507446289,15.717303552461145,15.106467589772032,15.20827308565656,1025200
2023-04-25,14.675748825073242,15.1534551137605,14.628761786515962,14.996829660314868,1011200
2023-04-26,14.425149917602539,14.91851757799239,14.41731849522288,14.683580881366955,974100
2023-04-27,15.161286354064941,15.278754695895572,14.40165485575759,14.573943151220785,1174800
2023-04-28,15.576339721679688,15.873927751503587,15.012490840416152,15.208271888677348,948600
2023-05-01,15.756460189819336,16.108865197663818,15.545016288898088,15.552847710453424,845900
2023-05-02,14.605267524719238,15.638991335431827,14.378162260215907,15.638991335431827,1034400
2023-05-03,13.289618492126465,14.675748826030329,13.25829429764991,14.644424631553774,1335500
2023-05-04,12.255895614624023,13.07817706732627,11.966139698626064,12.788420404482741,987900
2023-05-05,13.117329597473145,13.273955025964064,12.326374021606497,12.529986481168377,1112300
2023-05-08,12.772756576538086,13.360099785984971,12.592638350793555,13.23480002079825,772000
2023-05-09,12.514325141906738,12.898055844715909,12.451675261727505,12.78058750609122,865500
2023-05-10,12.396857261657715,12.835406439127766,12.013126544660043,12.835406439127766,771400
2023-05-11,12.06794548034668,12.342039287192922,11.85650230530874,12.255895135234969,889200
2023-05-12,12.404688835144043,12.412520257263008,12.036620210853377,12.154089302101301,622500
2023-05-15,12.87456226348877,13.046849049723328,12.334206147370523,12.43601238297027,674800
2023-05-16,12.584806442260742,12.960705723289573,12.302881981489119,12.960705723289573,687100
2023-05-17,13.501062393188477,13.696843462974314,12.78058799662895,12.835406457178422,839200
2023-05-18,13.626359939575195,13.657685622611858,13.25829212603909,13.501060194810105,687700
2023-05-19,13.086005210876465,13.743829685811143,12.913718417418691,13.743829685811143,955400
2023-05-22,12.87456226348877,13.493229604637627,12.84323657852383,13.219135835957884,517500
2023-05-23,12.937212944030762,13.407087791880755,12.819744605491005,12.898055835390199,467700
2023-05-24,12.475171089172363,12.858901840035456,12.31854562226487,12.858901840035456,553900
2023-05-25,11.879995346069336,12.631793935285438,11.848670404851998,12.412520093609585,570400
2023-05-26,12.580692291259766,12.668279115063234,11.879995422752978,11.943695069039078,715500
2023-05-30,12.516992568969727,12.946965558469923,12.477180100442737,12.724016038462652,471000
2023-05-31,12.246269226074219,12.516993112583695,12.11090728281948,12.4532934639179,1102700
2023-06-01,12.023320198059082,12.907152614514658,11.999432260801596,12.357743726066957,569900
2023-06-02,11.816296577453613,12.572730497896911,11.78444675215157,12.341819074617174,818400
2023-06-05,11.219111442565918,12.309968875208805,11.10763667771668,11.824258864273709,922800
2023-06-06,11.800372123718262,12.063133390973219,11.147450278946526,11.195225399974603,728200
2023-06-07,12.389595031738281,12.493106401463791,11.87999703301678,11.911846860476887,913400
2023-06-08,12.851414680480957,12.978813965838146,11.927769102281689,12.389592650740962,1570700
2023-06-09,12.222381591796875,13.130101931108335,11.91980789223983,13.066402284818396,920600
2023-06-12,12.142757415771484,12.357744305002404,11.895920701398175,12.341819012751344,729000
2023-06-13,12.04720687866211,12.477179859872061,11.887957766984288,12.182568813428174,837800
2023-06-14,11.513721466064453,12.325892292802132,11.394284825454678,12.190531121145554,928100
2023-06-15,11.227073669433594,11.537609255260348,11.051899262454604,11.505759432115047,1051700
2023-06-16,11.107637405395508,11.274849183943816,10.916538446871657,11.17133705823679,1447400
2023-06-20,10.438788414001465,11.147447873622655,10.303426486215848,11.059861056556512,1369900
2023-06-21,10.231765747070312,10.590076447299301,10.088441163234844,10.470639040983185,1143100
2023-06-22,10.008818626403809,10.176030427866014,9.769945275194827,10.136217949544562,1116700
2023-06-23,9.913267135620117,10.191953668329642,9.833642954388619,9.873454665324513,2071600
2023-06-26,10.56618881225586,10.629888455789006,9.905303681720078,9.905303681720078,859500
2023-06-27,11.123560905456543,11.195223193192827,10.438788608740618,10.613963005500464,615500
2023-06-28,11.123560905456543,11.15541072674382,10.89264951128387,11.147448081582091,701500
2023-06-29,11.187262535095215,11.45002379722641,11.131524768422695,11.147450061574778,403400
2023-06-30,11.004125595092773,11.338549161774763,11.004125595092773,11.266886860434369,647200
2023-07-03,10.996162414550781,11.147448886752732,10.876725006576901,11.067823948103479,352600
2023-07-05,10.741363525390625,10.900612650133017,10.49452757187985,10.813025821364633,673800
2023-07-06,10.693588256835938,10.693588256835938,10.247689986176297,10.5502636770954,588900
2023-07-07,10.996162414550781,11.195224001814223,10.621926417874796,10.669700773576595,409300
2023-07-10,10.972275733947754,11.219112464541835,10.916538726125772,11.020050854480724,363500
2023-07-11,10.84487533569336,11.179298867753658,10.797100979318861,10.972274631838292,393600
2023-07-12,10.789135932922363,11.282808475323298,10.765248760049932,11.18725902447404,414300
2023-07-13,11.187262535095215,11.45798644380245,10.876726152867542,10.908575979811935,426200
2023-07-14,10.98023796081543,11.187262209610672,10.749326532346814,11.187262209610672,384000
2023-07-17,11.107637405395508,11.131524585371048,10.78117649474399,10.98023809971294,481300
2023-07-18,11.665009498596191,11.665009498596191,11.099674522169826,11.099674522169826,534900
2023-07-19,11.489835739135742,12.150720187173984,11.465947800512863,11.728709050486636,452400
2023-07-20,11.075787544250488,11.450023573039559,10.828951580104325,11.418173746718772,681100
2023-07-21,10.964313507080078,11.290774415971828,10.892651208179984,11.147449818171644,483300
2023-07-24,11.075787544250488,11.235036675854426,10.908575766226415,10.972275418867989,384300
2023-07-25,11.012086868286133,11.227073745493131,10.95634986724418,11.091711806368656,772600
2023-07-26,11.147448539733887,11.266885184630025,11.02004924934876,11.067823603563347,528700
2023-07-27,10.59007740020752,11.282811685479233,10.53433963516744,11.16337502777574,421500
2023-07-28,10.757287979125977,11.028011849767793,10.629888689261515,10.629888689261515,382700
2023-07-31,11.075787544250488,11.09967472415114,10.789139107363402,10.789139107363402,421500
2023-08-01,10.868762016296387,11.075786242733951,10.653775903734047,11.075786242733951,508900
2023-08-02,10.741363525390625,10.940425121158546,10.44675245477727,10.868762825184538,725300
2023-08-03,10.335277557373047,10.558227088559068,9.475331535254723,10.422865144396026,1136300
2023-08-04,11.3066987991333,11.457986041324828,10.191954135876681,10.239728494935246,859100
2023-08-07,10.725438117980957,11.338547388082558,10.725438117980957,11.242997921028788,489200
2023-08-08,11.012086868286133,11.075786515008277,10.40693946506609,10.510451580829493,688400
2023-08-09,10.92449951171875,11.147448264385762,10.709512644984391,11.099673151991578,518400
2023-08-10,11.203186988830566,11.21911228186885,10.757289414795393,11.043937855246575,567400
2023-08-11,11.266884803771973,11.394284849210225,10.972273764875283,11.035973407914586,457000
2023-08-14,11.45798397064209,11.45798397064209,10.908573625239617,11.155410300299785,496300
2023-08-15,11.473909378051758,11.537609023060371,11.067823571602096,11.235035329589623,581500
2023-08-16,10.908576011657715,11.489836304289518,10.900613365058428,11.330586409742871,523200
2023-08-17,10.892651557922363,11.139487529437279,10.75728960217814,10.868763617948833,509300
2023-08-18,10.836912155151367,11.099673380325584,10.693588333739765,10.693588333739765,417900
2023-08-21,10.605999946594238,10.996161191342583,10.414901026325422,10.789136981371561,403600
2023-08-22,10.669700622558594,10.765250851329165,10.550263975634902,10.590076444396027,460800
2023-08-23,10.072516441345215,10.582114399841755,9.969005079790344,10.56618986704859,1155800
2023-08-24,10.351202964782715,10.414902614586445,9.83364312028747,10.056591894600528,518300
2023-08-25,9.841604232788086,10.510451262471097,9.809754410391736,10.383051972885697,634200
2023-08-28,10.136216163635254,10.183991281075427,9.849567737073409,9.849567737073409,366200
2023-08-29,10.295464515686035,10.311389046221496,9.857528915246439,10.136214654173733,501100
2023-08-30,10.343239784240723,10.406939430752837,10.080478552538326,10.351202429894657,392900
2023-08-31,10.245814323425293,10.56244436621392,10.22145840452177,10.359476568742911,515700
2023-09-01,9.174144744873047,10.294527097450603,8.573360240729647,10.294527097450603,1678100
2023-09-05,8.613953590393066,9.247213715996436,8.581478771715515,9.092957746582504,914600
2023-09-06,8.321681022644043,8.573361472296334,8.216137658226039,8.573361472296334,789300
2023-09-07,8.297324180603027,8.394748635212013,7.964457100457142,8.224255646081103,799500
2023-09-08,8.321681022644043,8.435343286077469,8.118713192823456,8.264850278057743,478600
2023-09-11,8.97929573059082,9.092957202024934,8.32167972392768,8.419104174125792,1197200
2023-09-12,9.588197708129883,9.661265454285362,8.857513278229778,8.93870069519443,944800
2023-09-13,9.677505493164062,9.709980312633979,9.287806885264306,9.59631805735889,1087300
2023-09-14,11.057686805725098,11.09828052481601,9.87235469898307,9.87235469898307,1402900
2023-09-15,9.969779968261719,11.220061817176001,9.929186245880823,11.017093979532378,1591300
2023-09-18,9.766812324523926,10.042848713081291,9.596319306547958,9.89671161931307,505200
2023-09-19,9.385231971740723,9.86423535789533,9.312163435506411,9.70186126307506,514900
2023-09-20,9.174144744873047,9.531367733367288,9.109195110601368,9.368993647688088,446900
2023-09-21,9.612554550170898,9.693741200701401,9.101075632212137,9.166025262340805,665700
2023-09-22,9.393350601196289,9.880473686127562,9.092958316050964,9.612556221693602,584400
2023-09-25,8.930584907531738,9.352758383896633,8.833160437815422,9.312164661282955,1039800
2023-09-26,8.589597702026367,9.198501135199848,8.475935449100113,8.800684411349089,476200
2023-09-27,8.703261375427246,9.13355298830548,8.54088725493177,8.573362079030865,562400
2023-09-28,9.141669273376465,9.214737800267038,8.760089618648282,8.80880222799555,519000
2023-09-29,9.109195709228516,9.474537619580994,8.84127825668598,9.198501268655772,671800
2023-10-02,8.630192756652832,9.109196988870178,8.565243108988874,9.036128441683006,540600
2023-10-03,8.070000648498535,8.646429321552775,8.04564472548521,8.524648932225318,770000
2023-10-04,8.21613597869873,8.240491896505377,7.769606689519965,8.06999892333751,587900
2023-10-05,7.988813400268555,8.565242031466084,7.980694501766713,8.183662318748086,987900
2023-10-06,8.005050659179688,8.30544294426312,7.761489891025033,7.948219916511707,638000
2023-10-09,8.118712425231934,8.305442439367107,7.623471246026656,7.964457229827257,466800
2023-10-10,8.646429061889648,8.873753584056615,8.21613748835922,8.21613748835922,1047100
2023-10-11,8.240492820739746,8.865634050556526,8.134950240319975,8.711378080538546,360900
2023-10-12,8.240492820739746,8.35415507368664,7.956338349763645,8.35415507368664,1050300
2023-10-13,7.899506568908691,8.394748506751881,7.8670317512026395,8.208017724246542,553600
2023-10-16,8.67890453338623,8.833160526006141,8.102475834447292,8.102475834447292,701100
2023-10-17,8.760090827941895,8.979296438874025,8.605835629859138,8.605835629859138,355700
2023-10-18,8.6058349609375,8.816920882812632,8.540885327397351,8.670784594477649,295300
2023-10-19,8.508410453796387,8.719497167731072,8.459698611664242,8.695141246664999,306000
2023-10-20,8.378510475158691,8.597716069205863,8.321679739336405,8.459697904271133,372000
2023-10-23,8.183661460876465,8.508409624299858,8.151186644534125,8.256729991211902,341300
2023-10-24,8.39474868774414,8.484054244796043,8.118712344160949,8.289205334358758,323800
2023-10-25,8.15930461883545,8.264847953569392,8.045642387369524,8.240491263373446,349600
2023-10-26,8.134949684143066,8.297323767065336,7.867031479495445,8.118711888720489,393300
2023-10-27,8.15930461883545,8.35415349483937,8.045642387369524,8.134948702900111,297400
2023-10-30,8.662663459777832,8.727613076546172,8.216134263800113,8.264846863506621,464000
2023-10-31,8.825041770935059,8.849397695440576,8.622073926780358,8.662667650463474,412700
2023-11-01,8.613953590393066,8.816921400692948,8.37039283744181,8.735734741129445,704700
2023-11-02,11.569165229797363,11.780251939110984,8.613953622188937,9.474537481711753,1954900
2023-11-03,12.072525024414062,12.632716603323175,11.772132764036153,11.869557218137578,1306200
2023-11-06,11.715301513671875,12.040049679807053,11.301247021153998,11.958862251142907,597500
2023-11-07,11.171348571777344,12.015694639745353,11.163229673464969,11.715302370534316,624800
2023-11-08,10.968379020690918,11.220058634389137,10.773530137648303,10.935904206850482,532800
2023-11-09,10.887191772460938,11.341839947733078,10.765411412183735,11.341839947733078,296600
2023-11-10,11.033329010009766,11.14699047504644,10.69234306637842,10.797886408384375,362400
2023-11-13,10.562445640563965,10.879074947292947,10.294528177519075,10.72481974327893,399400
2023-11-14,10.887191772460938,11.504214019522896,10.789767329387045,11.366195864936389,365900
2023-11-15,11.341842651367188,11.358079675286378,10.822244723518939,10.822244723518939,333100
2023-11-16,10.77353286743164,11.163230732257993,10.66798950214263,11.08204328995542,260300
2023-11-17,11.723421096801758,11.739658894260621,10.846600164803936,10.96838132296301,610300
2023-11-20,11.723421096801758,11.820846333033337,11.44738550834828,11.666590354217336,289600
2023-11-21,11.317484855651855,11.642233819385543,11.203823376466708,11.617877898740263,554900
2023-11-22,11.27689266204834,11.634115694207159,11.106399657680065,11.39867304762819,327300
2023-11-24,11.268774032592773,11.431148142001149,11.187586590758173,11.358079599202172,137200
2023-11-27,10.952143669128418,11.293129677628173,10.952143669128418,11.130755572214197,365300
2023-11-28,10.692343711853027,10.887192613044801,10.375713666720863,10.854717796179505,727500
2023-11-29,10.749174118041992,11.05768525592824,10.489375591089651,10.919667094919637,293400
2023-11-30,10.434725761413574,10.931223747760852,10.211302219970554,10.906399085192026,587300
2023-12-01,11.237398147583008,11.287048265995594,10.335427178188953,10.418177112489307,387900
2023-12-04,11.162921905517578,11.427721187171535,11.129822093956053,11.179472205879218,250000
2023-12-05,10.823649406433105,11.237397474841593,10.740899477086682,11.071898405310561,310000
2023-12-06,10.608501434326172,11.129824154822833,10.46782701185111,10.840200947321513,488000
2023-12-07,10.600227355957031,10.807101419359174,10.48437759635354,10.64160153730792,276800
2023-12-08,11.047074317932129,11.22084854728708,10.575400958733349,10.575400958733349,308700
2023-12-11,10.773999214172363,11.138097137875516,10.67469899127339,11.022247403934546,299200
2023-12-12,10.178202629089355,10.77400006788434,10.161652327574195,10.77400006788434,361500
2023-12-13,10.6995267868042,10.790551090391133,9.91340471637499,10.120278779295955,639600
2023-12-14,11.179472923278809,11.75044490664548,10.898124112370493,11.162922621855115,714800
2023-12-15,10.765726089477539,11.419448076440053,10.757450937818824,11.212574019943537,649100
2023-12-18,10.98914909362793,11.58494656658927,10.54230118619739,10.840200317258988,1355400
2023-12-19,11.104998588562012,11.295322327562294,10.898124547477268,10.947773875406977,458800
2023-12-20,10.50092601776123,11.21257322683533,10.49265165584969,11.1215481433518,331200
2023-12-21,10.881573677062988,10.898123978283051,10.401625989946345,10.674699646782994,268800
2023-12-22,10.798824310302734,11.121547285657849,10.658149909551403,10.964323373197894,300800
2023-12-26,10.757450103759766,10.906399665420535,10.567126365337081,10.840200035607268,236700
2023-12-27,10.740899085998535,10.798824350096632,10.633325286591605,10.732624724694622,285000
2023-12-28,11.038798332214355,11.129822621028728,10.59195046039161,10.61677512294793,331900
2023-12-29,10.782275199890137,11.005699551337948,10.633326421420131,10.947774281057848,310400
2024-01-02,11.171198844909668,11.543571981907613,10.60850116907871,10.740900436530257,366600
2024-01-03,10.84847354888916,11.17119731085659,10.773999563046006,11.047073211956226,541200
2024-01-04,11.270499229431152,11.361523536056373,10.757451630961647,10.964325700787832,377300
2024-01-05,11.394622802734375,11.758720775512755,11.212573421764258,11.270497901961264,365100
2024-01-08,11.527022361755371,11.568396540581016,11.138098925331677,11.386347944094926,221100
2024-01-09,11.154647827148438,11.361521866576222,10.865024645446638,11.34497235378615,334900
2024-01-10,11.477372169494629,11.659421553987183,11.080174373323823,11.154648368234445,278300
2024-01-11,11.758720397949219,12.255218406775784,11.394622436861747,11.5021962425844,644600
2024-01-12,11.8331937789917,12.155916736323443,11.808369118234273,11.8331937789917,333400
2024-01-16,11.270499229431152,11.651147549477813,11.245674562017356,11.609772577680184,415000
2024-01-17,13.281311988830566,13.347511614770072,11.584945587678503,11.91594371737603,1515900
2024-01-18,12.362792015075684,13.686786947190784,12.097993502149754,13.496461634992091,692500
2024-01-19,12.735166549682617,12.793091030002733,12.213843859315999,12.520017352548104,569500
2024-01-22,13.364062309265137,13.521287017371398,12.735165844325534,12.801365472213913,410200
2024-01-23,13.30613899230957,13.802637033923672,13.22338905565326,13.521288196286473,346900
2024-01-24,13.082715034484863,13.802636620867709,13.008240251555284,13.612312877080434,287900
2024-01-25,14.50600814819336,14.555657475504026,13.322688395410834,13.330963546349887,553800
2024-01-26,13.959858894348145,14.514281304483069,13.711609135263638,14.43980653459006,397500
2024-01-29,13.612313270568848,14.001235920636274,13.488187576548993,14.001235920636274,332600
2024-01-30,13.446813583374023,13.53783867269432,13.281313707941445,13.421988128562003,279400
2024-01-31,12.991690635681152,13.579212989756838,12.983415483993433,13.479914326151821,313200
2024-02-01,13.124090194702148,13.421988559555192,12.958591103117126,13.182015468628347,259200
2024-02-02,12.966864585876465,13.405438108575465,12.644140806955622,12.999964399932821,253500
2024-02-05,12.321417808532715,12.892389797893845,12.31314265773399,12.892389797893845,309400
2024-02-06,12.296592712402344,12.693791281469077,12.19729326742612,12.321418165517779,206100
2024-02-07,10.84847354888916,12.15591731917499,10.42645113913086,12.15591731917499,1153800
2024-02-08,11.609770774841309,11.76699548542505,10.889849218339604,11.138098221413737,589200
2024-02-09,12.031793594360352,12.048343895614586,11.344971875545616,11.560121056879865,464200
2024-02-12,13.198562622070312,13.50473608402068,12.03179324867082,12.139367836247182,874000
2024-02-13,12.122819900512695,12.93376664615703,12.064895414810218,12.577943001614543,396500
2024-02-14,12.644140243530273,13.074438596250552,12.131092753937327,12.37106659244309,490200
2024-02-15,13.107540130615234,13.26476485290109,12.685516872894528,12.726891841346694,431900
2024-02-16,13.264763832092285,13.570936523255462,12.710340560158704,13.008239678759542,529900
2024-02-20,13.165464401245117,13.182014704024601,12.66896715528865,12.950315200083045,231400
2024-02-21,12.751716613769531,13.024790303018909,12.437267955720754,13.024790303018909,347100
2024-02-22,12.230393409729004,12.908940818968633,12.172468929233153,12.627591989425598,553500
2024-02-23,12.07317066192627,12.197294786312835,11.444273309600614,12.197294786312835,472900
2024-02-26,11.601496696472168,12.197293371408708,11.568396092036071,11.932494849214692,362300
2024-02-27,11.915945053100586,12.040069957522352,11.609771551519236,11.733896455941002,359400
2024-02-28,12.238668441772461,12.917215055240527,12.122818692747389,12.222118928575652,664800
2024-02-29,12.288318634033203,13.364063040675367,12.213843851292346,12.453817712811855,866000
2024-03-01,12.015242576599121,12.61931429176811,11.9573173186299,12.61931429176811,435300
2024-03-04,11.386346817016602,12.048343871803482,11.378071666405837,11.99041860668994,511500
2024-03-05,11.179472923278809,11.510471060134588,11.154647471143269,11.212572736964386,442000
2024-03-06,11.12982177734375,11.725619157664187,11.121546627398335,11.361520451683244,551700
2024-03-07,11.013975143432617,11.353248470693579,11.00569999175262,11.129824110305005,353400
2024-03-08,10.56700611114502,11.35974287088564,10.499539255541778,11.165775057825053,619100
2024-03-11,11.326007843017578,11.536841938059494,10.406771059951904,10.533271195269755,521200
2024-03-12,11.013973236083984,11.368173768019886,10.89590585592653,11.342873902367657,441600
2024-03-13,11.224808692932129,11.342875283194207,10.853740198275617,10.853740198275617,485300
2024-03-14,11.064574241638184,11.216375061570133,10.904340668363153,11.216375061570133,403900
2024-03-15,10.760972023010254,11.444074016373074,10.62603833564319,11.022405841216887,950800
2024-03-18,9.757402420043945,10.80314022402668,9.597168849228149,10.794706666544714,922000
2024-03-19,9.808002471923828,10.077869863752456,9.571868504073779,9.681501528802958,539500
2024-03-20,10.238104820251465,10.36460496638658,9.723669069627151,9.791135921468321,711100
2024-03-21,10.153769493103027,10.440503977150813,10.136903184536326,10.33087015652853,376100
2024-03-22,9.73210334777832,10.179071475388461,9.647769374598274,10.136905293066812,417600
2024-03-25,10.432071685791016,10.448938800671336,9.985103596950514,10.018837022442849,409600
2024-03-26,10.533272743225098,10.685073571329559,10.221238333219102,10.432072459244912,473800
2024-03-27,11.123607635498047,11.140474750871144,10.6513396648079,10.6513396648079,463200
2024-03-28,11.3597412109375,11.519974768513894,11.123606446563112,11.191074096575967,439300
2024-04-01,10.718806266784668,11.292275307749069,10.693506398585741,11.292275307749069,313500
2024-04-02,10.558572769165039,10.718806341228841,10.170637968924542,10.575439079992028,592700
2024-04-03,11.039274215698242,11.266974638081788,10.499538600287716,10.52483846849293,386600
2024-04-04,11.115175247192383,11.553709805809698,11.07300826164286,11.241675399572596,587100
2024-04-05,10.558572769165039,11.04770784717241,10.550139211617388,10.971807437780178,351500
2024-04-08,10.516407012939453,10.727241150624783,10.356172617908292,10.474240024548706,245700
2024-04-09,10.592306137084961,10.62603956282253,10.254971075440952,10.62603956282253,538600
2024-04-10,10.111602783203125,10.406770831489201,9.86703527049429,10.406770831489201,361700
2024-04-11,10.389904022216797,10.507971405839534,10.103169522181759,10.179069925634357,308400
2024-04-12,10.044136047363281,10.305570676184573,9.95980289284575,10.22967027413103,231200
2024-04-15,9.951370239257812,10.179070661815336,9.833302847096087,9.909203256038031,321000
2024-04-16,10.1369047164917,10.187504454106975,9.808003204919101,10.035703632724493,348500
2024-04-17,9.934502601623535,10.322437379153907,9.867035753728537,10.288703955206408,276700
2024-04-18,10.204371452331543,10.280271057883029,9.824869403232515,9.942936796759804,235200
2024-04-19,10.415205955505371,10.491105563890956,10.18750471754357,10.18750471754357,345400
2024-04-22,10.406770706176758,10.61760479405143,10.297136883969742,10.507970971844415,286600
2024-04-23,10.474239349365234,10.617606618091086,10.153771384229115,10.280271536978582,201900
2024-04-24,10.744104385375977,10.752537941491704,10.406770183428605,10.474237023818079,268700
2024-04-25,10.28027057647705,10.583872201539172,10.153770435546688,10.567005087138707,260700
2024-04-26,10.221237182617188,10.373037993633472,10.044136504520948,10.280270473893177,217900
2024-04-29,10.56700611114502,10.685073510584871,10.347739232568667,10.381472660370287,314400
2024-04-30,10.373037338256836,10.50797102651575,10.195936671349955,10.432070625803055,226500
2024-05-01,10.786273956298828,11.089874811081922,10.339305830134405,10.339305830134405,247500
2024-05-02,11.216375350952148,11.342875501313593,10.946507130302946,11.013974788666504,295700
2024-05-03,11.140475273132324,11.38504282762918,11.064574858931858,11.376609269547268,148500
2024-05-06,11.418776512145996,11.486243369779809,11.216375939244559,11.317576225695277,188000
2024-05-07,11.241674423217773,11.579008669779304,11.182641131136577,11.418775103729649,247300
2024-05-08,11.199507713317871,11.334441415219436,10.887473326603425,11.07300756885223,287000
2024-05-09,13.712651252746582,13.788551664047903,12.295845719837462,12.371746131138785,1879900
2024-05-10,12.650047302246094,13.788551881155582,12.49824647725327,13.6789172370889,624000
2024-05-13,12.6837797164917,13.223515314482002,12.33801191319646,12.962080670571687,636600
2024-05-14,13.11388111114502,13.940351196971301,12.641612375777392,12.641612375777392,626300
2024-05-15,12.152477264404297,13.350015003845261,11.933209609741978,13.350015003845261,493300
2024-05-16,12.3380126953125,12.430779417796954,11.933210770091998,12.051278165837214,372700
2024-05-17,12.270545959472656,12.338012813611568,12.034411969986465,12.312712944376562,293600
2024-05-20,11.562141418457031,12.371744348573408,11.444074039636732,12.31271106129737,516200
2024-05-21,11.418776512145996,11.629610643318758,11.182642510427652,11.469377057505548,259700
2024-05-22,11.334441184997559,11.570575962797301,11.174207618311144,11.250108025156182,296800
2024-05-23,10.583871841430664,11.43564178723455,10.516404994660878,11.385041250023082,638300
2024-05-24,10.389904022216797,10.727239059309651,10.34773784631491,10.69350563602719,353500
2024-05-28,10.423637390136719,10.634471485599367,10.15377000531037,10.491104236343308,295000
2024-05-29,10.263405799865723,10.305572787899042,10.018838234394549,10.212805253372059,238800
2024-05-30,10.685072898864746,10.803140291545242,10.288704541686513,10.314004410022221,221200
2024-05-31,11.97537612915039,12.09344350887009,10.752538570250103,10.836872527802491,852600
2024-06-03,11.726426124572754,12.189989062396744,11.451722403990141,12.044052506166816,350800
2024-06-04,11.357293128967285,11.674920350020635,11.21994125969109,11.597659718882346,291900
2024-06-05,10.782133102416992,11.322955919205066,10.696287769035072,11.271449374121334,292700
2024-06-06,10.885146141052246,11.048251279020313,10.66194894704819,10.799300814533238,264200
2024-06-07,10.704874038696289,10.945239861321838,10.473092095724517,10.610443994367689,240000
2024-06-10,10.481674194335938,10.64477932884997,10.28423027499612,10.533181552892927,240700
2024-06-11,10.335737228393555,10.65336360744595,10.26706129879745,10.455920514527566,290000
2024-06-12,10.481674194335938,11.056835741260809,10.395828869634853,10.722039957344608,310000
2024-06-13,10.043866157531738,10.584689826918764,10.035281459918812,10.584689826918764,464500
2024-06-14,9.803500175476074,10.206971950389233,9.571718256265811,9.958021454949584,498400
2024-06-17,10.052450180053711,10.103957543590374,9.61464045537826,9.743408454879035,388000
2024-06-18,9.700486183166504,10.078203862641136,9.69190148578072,10.018112618304258,313800
2024-06-20,10.10395622253418,10.232723386517339,9.554547964263932,9.554547964263932,374700
2024-06-21,10.198387145996094,10.558936248532456,10.112541809703893,10.189802448630513,1012600
2024-06-24,10.095372200012207,10.498843110702394,9.812083765407728,10.318569396573832,379800
2024-06-25,10.16404914855957,10.206971816593104,9.846422715002308,10.078203812492506,221100
2024-06-26,10.430168151855469,10.533182881967823,9.940851867889851,9.940851867889851,425500
2024-06-27,10.558935165405273,10.584688436178464,10.275646730855035,10.421583296372638,251300
2024-06-28,11.443138122558594,11.614827954141882,10.576103449710873,10.644779382344186,1669800
2024-07-01,11.48606014251709,11.958207766967277,11.288616233231384,11.391630945099712,360700
2024-07-02,11.451722145080566,11.477475413632519,10.996743913481705,11.37446152074306,239800
2024-07-03,11.460308074951172,11.85519511622579,11.460308074951172,11.486061346276419,168000
2024-07-05,11.48606014251709,11.79510182207713,11.202771731583308,11.357292162022503,456300
2024-07-08,11.434555053710938,11.67492167081897,11.194189255284716,11.563323059736343,348300
2024-07-09,11.48606014251709,11.52039810691265,11.134095802792187,11.425968909495271,359300
2024-07-10,12.044053077697754,12.155651674150587,11.511814184471579,11.511814184471579,370300
2024-07-11,12.438939094543457,12.919671408039784,12.284418666265267,12.31017193453136,418700
2024-07-12,12.833827018737793,13.091362176102376,12.59346125391564,12.74798251207073,308100
2024-07-15,13.048439979553223,13.245883907435918,12.662137639047442,12.962595469819563,322000
2024-07-16,13.3317289352417,13.477665508009926,12.971179851776876,13.108532546315374,229400
2024-07-17,13.36606502532959,13.649353434132525,13.151452544801206,13.185790508938481,356700
2024-07-18,12.524786949157715,13.580680167317757,12.38743506569122,13.28880700561055,557100
2024-07-19,11.932456016540527,12.550540315389386,11.683505521247236,12.550540315389386,468200
2024-07-22,12.799489974975586,12.902503881610755,11.795103361930499,11.88094869346735,339400
2024-07-23,13.00551700592041,13.142869691853498,12.541954044606143,12.679306730539231,265800
2024-07-24,12.593461036682129,13.16862257802504,12.52478510506044,12.95401008703684,344400
2024-07-25,12.971179962158203,13.211546565634714,12.559124331081497,12.567709028066036,307300
2024-07-26,13.202961921691895,13.417574435076974,13.039855953057444,13.297391132855893,204500
2024-07-29,13.391819953918457,13.460495886508259,13.06560886477605,13.228714000006406,227100
2024-07-30,13.36606502532959,13.554924237425427,13.11711458066393,13.486248309150875,169500
2024-07-31,13.202961921691895,13.657940220837368,13.099948013508868,13.451912404471315,201100
2024-08-01,12.559123992919922,13.374651354812023,12.43894069441767,13.22871478473134,278800
2024-08-02,11.623414039611816,12.387434904824676,11.554738098770413,12.104146444183437,324500
2024-08-05,10.790716171264648,10.867976801775747,10.361491173920067,10.74779432647556,477200
2024-08-06,11.211357116699219,11.237110386908954,10.567519630683947,11.013913195273386,337800
2024-08-07,11.168435096740723,11.503230084782889,10.970991163950186,11.503230084782889,500400
2024-08-08,11.477477073669434,12.687891513540102,11.314371924340934,12.335927123924575,702200
2024-08-09,11.52039909362793,11.769349561488612,10.885146288560223,11.54615236445994,516400
2024-08-12,10.756379127502441,11.305787465987606,10.473090670433377,11.305787465987606,497900
2024-08-13,10.988161087036133,11.305787515483454,10.859393085007143,10.962407814103049,350600
2024-08-14,10.790716171264648,11.159849930959137,10.696286966574256,11.116927267488336,335000
2024-08-15,11.065421104431152,11.262864216990087,10.919484534852053,11.168435009072562,342800
2024-08-16,11.142681121826172,11.288617694063,10.9967453682711,11.074005184147872,268000
2024-08-19,11.365877151489258,11.61482760446043,11.12551139450922,11.142679967809816,338500
2024-08-20,10.962406158447266,11.417384398731235,10.936652070722044,11.22852518215459,387200
2024-08-21,11.280033111572266,11.348709044962643,10.988159985322316,11.125511852103068,327400
2024-08-22,11.305787086486816,11.640582896640264,11.14268112050882,11.340125055321908,370200
2024-08-23,12.026884078979492,12.172820636981113,11.348708646546761,11.35729252390793,303000
2024-08-26,12.32734203338623,12.421772059855934,12.104145649643613,12.155652192552779,271300
2024-08-27,12.164236068725586,12.310172628260297,12.001130116924825,12.198574034576007,234700
2024-08-28,12.026884078979492,12.181404514342281,11.760764232423101,12.086975313916039,395000
2024-08-29,12.08697509765625,12.30158758279742,11.95820793404421,12.21574226126829,548600
2024-08-30,12.165633201599121,12.27924912830788,11.920922423639118,12.08697595745608,413100
2024-09-03,11.859745025634766,12.174374026656105,11.789827655070201,12.11319570230151,374700
2024-09-04,11.955880165100098,12.200590923797742,11.877222927148543,11.877222927148543,349000
2024-09-05,11.562594413757324,12.349165989616363,11.51889668744352,12.086975464330017,557700
2024-09-06,11.527636528015137,11.772348146356999,11.22174825530895,11.448980115134638,388800
2024-09-09,11.457719802856445,11.571335739134877,11.317885060815547,11.475199562351962,243200
2024-09-10,11.405281066894531,11.475198431021887,11.081913049435329,11.405281066894531,224700
2024-09-11,11.073173522949219,11.448979992204213,10.679888128846486,11.405281429863743,418700
2024-09-12,11.361583709716797,11.361583709716797,10.784764977811182,11.186790280878855,346900
2024-09-13,12.06075668334961,12.156892848284373,11.370322104503602,11.44897934557782,533100
2024-09-16,12.235549926757812,12.550178053392822,11.982099283042771,12.025797842334475,577300
2024-09-17,12.209332466125488,12.62883668106691,11.97336072011035,12.261770076252773,447800
2024-09-18,12.29672908782959,12.838589129945294,12.261770402321506,12.261770402321506,427200
2024-09-19,12.287989616394043,12.724973586865682,12.183112730017763,12.724973586865682,341400
2024-09-20,12.821109771728516,13.441627043689802,12.244291063549447,12.331687357633099,1415800
2024-09-23,12.567658424377441,13.118258297993645,12.392865012153425,13.118258297993645,388000
2024-09-24,12.908506393432617,13.100778732970326,12.681274537454511,12.681274537454511,381600
2024-09-25,12.908506393432617,13.135737415929977,12.829849148403214,12.925985318172069,321600
2024-09-26,13.004643440246582,13.275573043085435,12.873547745196117,13.16195794091482,390500
2024-09-27,13.336750030517578,13.467844878945233,12.917245015283786,13.188175424443184,383600
2024-09-30,13.371709823608398,13.51154456248062,13.135738076650933,13.249354010354809,365200
2024-10-01,13.284313201904297,13.511545077981543,13.109519771645191,13.258094395735636,325900
2024-10-02,13.86113166809082,13.887351307228798,13.205655692295869,13.205655692295869,456400
2024-10-03,13.992225646972656,14.06214300913586,13.441625794826896,13.63389895751606,334700
2024-10-04,14.55156421661377,14.569043973501323,13.922307971314195,14.201977413669562,442900
2024-10-07,14.42920970916748,14.735098796538944,14.210717742039495,14.595264070933947,386200
2024-10-08,14.210718154907227,14.481647735268119,13.843651572789275,14.315593368677233,339800
2024-10-09,14.507868766784668,14.656443389708716,14.132062269567271,14.175760001678379,271300
2024-10-10,14.56030559539795,14.743839727706455,14.333073733329174,14.516607865637681,291200
2024-10-11,15.451752662658691,15.477970632674298,14.595264524945172,14.612742615968418,441400
2024-10-14,15.17208480834961,15.399316685313561,14.638963802127968,15.355617285727234,452500
2024-10-15,15.21578311920166,15.250742640199245,15.02351075460007,15.02351075460007,235400
2024-10-16,15.320656776428223,15.609066095841401,15.049725546857239,15.381834258279298,370000
2024-10-17,15.364356994628906,15.390576634088859,15.10216726787589,15.233262131252397,229900
2024-10-18,15.02350902557373,15.713942816198264,14.761317649152062,15.434273348251034,561700
2024-10-21,14.665183067321777,15.145864781762915,14.647703307933693,14.997290160887392,301900
2024-10-22,14.586525917053223,14.883675160841749,14.577786037299253,14.63896352861543,192100
2024-10-23,14.201979637145996,14.586526014070282,13.957268836772878,14.542826615009778,381800
2024-10-24,14.254415512084961,14.446689510598366,14.044663423038775,14.306854784567577,207100
2024-10-25,14.3330717086792,14.848712848427699,14.3330717086792,14.507865936952395,242100
2024-10-28,14.708879470825195,14.752577198388515,14.41173025590255,14.542825105553963,221600
2024-10-29,14.909892082214355,14.97106956921842,14.464168247948528,14.586524888918158,184200
2024-10-30,15.16334342956543,15.68772450403576,14.85745433054428,14.87493408865097,275800
2024-10-31,15.093426704406738,15.469233184835957,15.093426704406738,15.119644675717533,283500
2024-11-01,15.110904693603516,15.486709463060352,14.909890824312868,15.33813486417319,227000
2024-11-04,14.805018424987793,15.128385652324454,14.77879878481387,15.093427799054233,318000
2024-11-05,14.630221366882324,14.997287924487027,14.516606281725291,14.700138727046966,199600
2024-11-06,15.21578311920166,15.617809275865342,14.507869488617654,14.839976603286166,520700
2024-11-07,14.796277046203613,15.90621669671454,14.079623623656875,14.682660283919956,827700
2024-11-08,13.904829978942871,14.691400802123141,13.537763372530536,14.673922709978994,631100
2024-11-11,14.298114776611328,14.551564590141227,13.808692406445658,13.983485812404574,429700
2024-11-12,13.616419792175293,14.149540743696726,13.563982185013645,14.088363257514557,375700
2024-11-13,14.00096607208252,14.236937803704032,13.319270514163083,13.782474098424407,382100
2024-11-14,14.306855201721191,14.516607296883246,13.8436516163874,14.009705983501245,321200
2024-11-15,14.140800476074219,14.612742261482618,14.07088311279292,14.516606928821728,248900
2024-11-18,13.922309875488281,14.464169077422314,13.791214181343546,14.140801865582041,293500
2024-11-19,14.298114776611328,14.341812502990528,13.686336605534065,13.686336605534065,242200
2024-11-20,14.420469284057617,14.647701121296313,14.210717203597596,14.298114320529612,290800
2024-11-21,15.00602912902832,15.049726857882478,14.42047056079049,14.42047056079049,245800
2024-11-22,15.110904693603516,15.320656774333386,14.971068306155576,15.014767698158483,244800
2024-11-25,15.775120735168457,15.967394749859297,15.224521663466422,15.224521663466422,452200
2024-11-26,15.827558517456055,15.845036607808929,15.521669432301767,15.731421519188917,211700
2024-11-27,15.775120735168457,16.124709246620323,15.661505635819694,15.810080253098269,229500
2024-11-29,16.011091232299805,16.089748474549253,15.766381293711683,15.914954232447938,130400
2024-12-02,15.833882331848145,16.02881479279658,15.541482795413389,15.91362612358108,180600
2024-12-03,15.656667709350586,15.851600144585698,15.488315971178823,15.718691589197032,209200
2024-12-04,15.594647407531738,15.798440685220845,15.098454564889979,15.594647407531738,336600
2024-12-05,15.630084991455078,15.700969665497036,15.444013355853917,15.665528173488026,169300
2024-12-06,16.01995086669922,16.037672456966785,15.656666716333481,15.718690592246089,178400
2024-12-09,15.630084991455078,16.347794217406825,15.506037234387637,16.00222995268134,274200
2024-12-10,16.21488380432129,16.24146619056651,15.364267724761318,15.630084827117829,212700
2024-12-11,15.798437118530273,16.312351440607166,15.718691646999034,16.312351440607166,276000
2024-12-12,15.381991386413574,16.268050766920823,15.373130589805603,15.887044962898841,225800
2024-12-13,15.257941246032715,15.381990703008771,15.027565614533266,15.337686721937295,286200
2024-12-16,15.34654712677002,15.612365936347494,15.240220954958252,15.240220954958252,144500
2024-12-17,15.125036239624023,15.33769032870197,14.841497454186758,15.178199339387392,235700
2024-12-18,14.336441040039062,15.266802713109563,14.132646943215226,15.151615737310262,268500
2024-12-19,14.292136192321777,15.000984667510778,14.274416290210688,14.504791917895309,254000
2024-12-20,14.247834205627441,14.735166169560323,14.088343253060584,14.114925641829753,650500
2024-12-23,14.061760902404785,14.3009964725151,13.928852346233718,14.168087916344035,205100
2024-12-24,14.09720516204834,14.168089847670503,13.893411902137649,14.168089847670503,100700
2024-12-26,14.238973617553711,14.327579891389009,13.866828619464746,13.982016437445813,159100
2024-12-27,14.017457962036133,14.460487615400229,13.875688608161543,14.238972788718181,188600
2024-12-30,13.849108695983887,14.052901954917678,13.6896177315925,13.87569024171175,181000
2024-12-31,14.30099868774414,14.34530267334652,13.822527473408172,14.061763080576156,236200
2025-01-02,15.054147720336914,15.06300851638473,14.309857752560687,14.460487905325495,221300
2025-01-03,15.187057495117188,15.240222275654284,14.593397632646342,15.000985833309874,274300
2025-01-06,14.885797500610352,15.35540959911482,14.832634408900631,15.195918633961446,180700
2025-01-07,14.876935958862305,15.089589980921625,14.593395572759276,14.850353572345913,229400
2025-01-08,14.664280891418457,14.788330343924207,14.238972828603345,14.655421785547485,267700
2025-01-10,13.866828918457031,14.513651858360321,13.804805032442216,14.3718824931767,336500
2025-01-13,13.778223037719727,14.114925691539987,13.636453677166363,13.725059105006194,172900
2025-01-14,13.795943260192871,14.114925154309153,13.671895496936106,13.849107190882922,201700
2025-01-15,13.8579683303833,14.256694862901389,13.72505892286925,14.203531775905393,180000
2025-01-16,13.157981872558594,13.893411075912487,13.149121076129738,13.716198527383598,239600
2025-01-17,13.069375038146973,13.44152002208839,12.954187224544912,13.32633220848633,203800
2025-01-21,12.847860336303711,13.211144527852444,12.75039411381884,13.087096761964796,204000
2025-01-22,12.89216423034668,12.998491255224359,12.520019220768765,12.803557953775908,293200
2025-01-23,13.273168563842773,13.326332496273364,12.750394260837489,12.776975804546765,185900
2025-01-24,13.308612823486328,13.423799803865318,13.184564201139274,13.299752026530372,130100
2025-01-27,13.157981872558594,13.512405279592256,13.131399483272027,13.397217461053302,208900
2025-01-28,12.847860336303711,13.23772607125522,12.830138744027174,13.23772607125522,203200
2025-01-29,12.971907615661621,13.104816164044726,12.759252755231934,12.936465279758664,181200
2025-01-30,13.042794227600098,13.379496891269124,12.847860928631277,13.06937577222837,141500
2025-01-31,12.980769157409668,13.237726335463808,12.82127904879775,13.193424043912303,191400
2025-02-03,12.883302688598633,13.157981454072683,12.635206311565703,12.635206311565703,135200
2025-02-04,13.220004081726074,13.39721576277898,12.759252865976567,12.89216226052521,217100
2025-02-05,12.76811408996582,13.220004525581711,12.493436186364617,13.21114372997858,361200
2025-02-06,13.113677978515625,13.131398725338453,12.785836134679235,12.91874469339247,232300
2025-02-07,12.971907615661621,13.157980090405134,12.776974345689384,13.140258499947684,194200
2025-02-10,13.033931732177734,13.122537996072234,12.927604722511509,13.069374068733142,111900
2025-02-11,13.087096214294434,13.140259298875215,12.865581390179866,12.865581390179866,120700
2025-02-12,12.741533279418945,12.865581889946116,12.466854515041648,12.785836414965221,170000
2025-02-13,12.936467170715332,13.078236535049955,12.66178839355795,12.723812279201331,153700
2025-02-14,13.299751281738281,13.299751281738281,12.86558239535541,13.078236440316973,125800
2025-02-18,13.21114444732666,13.432659279361008,12.963048072051556,13.344053853554485,156300
2025-02-19,13.21114444732666,13.27316832989243,13.025071954617326,13.06051429394234,129000
2025-02-20,13.122538566589355,13.282028665516725,13.016210707288451,13.16684085545074,191100
2025-02-21,12.847860336303711,13.290890003072805,12.812417996762665,13.24658686739349,183800
2025-02-24,13.406076431274414,13.538984979553902,12.617483401783469,12.980767555758552,269800
2025-02-25,12.963048934936523,13.441520970179713,12.856721909883824,13.40607862849548,244800
2025-02-26,12.803556442260742,13.23772528717544,12.697229429935426,12.865581166542826,210500
2025-02-27,12.289643287658691,12.750394562933641,11.3149784934427,12.741533766483263,511700
2025-02-28,12.865580558776855,12.998489106651947,12.192175334182663,12.289641546290268,318100
2025-03-03,12.325085639953613,12.821279256481214,11.988382979633467,12.821279256481214,512600
2025-03-04,12.01496410369873,12.271921258854675,11.979521766608668,12.147872656533472,520100
2025-03-05,12.697229385375977,12.8301379390632,12.201036662932504,12.316223625455041,401700
2025-03-06,12.954187393188477,12.998490528998646,12.404830706173659,12.537739268592135,500800
2025-03-07,12.759255409240723,13.335194543727827,12.661789176486959,12.989631063035564,404100
2025-03-10,12.44365406036377,12.92156226601775,12.29036260308846,12.61497935146713,703100
2025-03-11,12.921562194824219,13.011733943292244,12.36249959017044,12.443653991803355,437600
2025-03-12,12.912546157836914,13.174043222990596,12.569894682818017,13.029769098759822,515900
2025-03-13,12.975666999816895,13.507677628907228,12.894512588277559,13.020752019612853,482200
2025-03-14,13.390454292297363,13.480625183391833,12.975665785426466,13.047802842278662,349000
2025-03-17,14.02165412902832,14.04870531066984,13.408488278876783,13.507676518190065,316200
2025-03-18,14.418408393859863,14.436443088808492,13.796226037139125,13.994603381866114,426300
2025-03-19,14.797128677368164,14.806146025018595,14.22904867451496,14.373322797155469,308800
2025-03-20,15.112728118896484,15.28405427488959,14.535631660666793,14.616784345207622,409800
2025-03-21,15.293069839477539,15.491448036093333,14.815162481920806,14.977471290103509,1388900
2025-03-24,14.90533447265625,15.121745647083317,14.571699503820899,14.743025661865168,553100
2025-03-25,15.049609184265137,15.338157428248792,14.688923879285566,15.293070690199347,465000
2025-03-26,15.121745109558105,15.284053914579676,14.896316595891047,15.05862540091262,365800
2025-03-27,14.12985897064209,15.193881805120068,14.09379044370766,15.130762097970193,330900
2025-03-28,14.093791961669922,14.265117268075565,13.733105793536643,14.102809309360117,623600
2025-03-31,14.364306449890137,14.481528530725457,13.778191746005476,13.805243789221267,318700
2025-04-01,14.346270561218262,14.580716423273012,14.14789322717643,14.265116158203806,407800
2025-04-02,14.517596244812012,14.544646565020109,14.039687189166994,14.156910116403989,214200
2025-04-03,13.291265487670898,13.913448691687243,13.282248140379863,13.886396649814136,579800
2025-04-04,12.425620079040527,13.0027174136331,12.299380655181412,12.786306235638978,568900
2025-04-07,11.983779907226562,12.858442792357486,11.71326551533703,11.956728726020074,578900
2025-04-08,12.05591869354248,12.795324058849037,11.866558678044257,12.795324058849037,853500
2025-04-09,12.750237464904785,12.894511580839744,11.451768701607016,11.821471338675742,706700
2025-04-10,11.893608093261719,12.587928333414986,11.7222827999445,12.587928333414986,383200
2025-04-11,12.335448265075684,12.470705026251428,11.722282446537076,12.272327697911024,723100
2025-04-14,12.984682083129883,13.110922360750148,12.49775652651105,12.623996804131316,624200
2025-04-15,12.966649055480957,13.201094931379796,12.741220527103211,12.876477300153223,330400
2025-04-16,12.614978790283203,12.957630217188425,12.47070468631079,12.876475818718571,261200
2025-04-17,12.750237464904785,12.858443051856005,12.524808943771019,12.623997183490912,256200
2025-04-21,12.506773948669434,12.73220246438433,12.254294251852382,12.696133936267609,289300
2025-04-22,12.858443260192871,12.966648848897275,12.506774451947376,12.660065917597342,466600
2025-04-23,12.912546157836914,13.453574983643932,12.858443791221179,13.264214980605637,280000
2025-04-24,13.13797378540039,13.165025826783253,12.678100261131904,12.768271152583456,289500
2025-04-25,13.3273344039917,13.3273344039917,12.98468293645401,13.101905874817556,233800
2025-04-28,13.408488273620605,13.633916793741884,13.309300034346204,13.345368563167947,218400
2025-04-29,13.056819915771484,13.390454893622367,12.858443430490233,13.300283138537006,332200
2025-04-30,12.984682083129883,13.047802651910784,12.515791220431748,12.768270915730742,305200
2025-05-01,13.16502571105957,13.300282477018735,12.813356915647576,12.984682209858622,431200
2025-05-02,13.82327651977539,13.94951679819974,13.318317125961077,13.318317125961077,389000
2025-05-05,13.805242538452148,13.931481955588646,13.21011054074846,13.606865205884253,317800
2025-05-06,14.0126371383667,14.102808892721482,13.372420090284178,13.606865963653345,286500
2025-05-07,14.147893905639648,14.400374473779353,14.03067182893242,14.256100354808996,525300
2025-05-08,13.47160816192627,14.238065484434054,12.623997293454341,12.723185534038231,626200
2025-05-09,13.742122650146484,13.850328238737214,13.255197071517406,13.507676778229111,427400
2025-05-12,14.337254524230957,14.373323055539474,13.949518027649793,14.211015094621953,385100
2025-05-13,14.373322486877441,14.580717178652328,14.337253956995928,14.418408364214729,367000
2025-05-14,14.24708366394043,14.283152195345174,13.99460394410721,14.238066316103838,334200
2025-05-15,13.850327491760254,14.355287737891686,13.814258964175261,14.256099502018337,335600
2025-05-16,13.480626106262207,14.057723460528834,13.40848904447158,13.904431989238349,389600
2025-05-19,13.282248497009277,13.435539965306493,13.210111436627246,13.354386417332902,264600
2025-05-20,13.264214515686035,13.444557164653373,13.165026273739395,13.246179820818512,253100
2025-05-21,12.768272399902344,13.165027112860686,12.768272399902344,13.074855352658798,351800
2025-05-22,12.651049613952637,12.930581386123702,12.642033125772912,12.768272559705558,379000
2025-05-23,12.741220474243164,12.813357534229437,12.416603704304933,12.596946354270617,340300
2025-05-27,12.948613166809082,13.056818747262797,12.822373752917171,12.894510806552981,276500
2025-05-28,12.966649055480957,13.074854645909285,12.822374934909854,12.948614360438775,380100
2025-05-29,13.020751953125,13.065837832632367,12.750238395964049,13.029769301014799,413700
2025-05-30,12.87393569946289,13.121688272394618,12.772999952208535,12.98404766240185,529400
2025-06-02,12.745471000671387,12.892286937669057,12.552774864588942,12.791350324664151,279100
2025-06-03,12.44266414642334,12.763823821698757,12.378431511294577,12.690415845916256,637800
2025-06-04,11.736111640930176,12.617008252079014,11.690231435904192,12.525247842027044,761100
2025-06-05,11.77281379699707,12.011390125914014,11.653525632538598,11.745286028304188,541200
2025-06-06,12.084797859191895,12.12150184177116,11.84622153488068,11.901277946295565,373600
2025-06-09,12.28667163848877,12.56195110249552,12.158207246884766,12.158207246884766,461400
2025-06-10,12.44266414642334,12.552776110097092,12.213264003329998,12.268319547620825,744000
2025-06-11,12.305022239685059,12.791350246802539,12.249966701192063,12.470190605348055,515000
2025-06-12,12.075623512268066,12.332551430056805,11.993039319920088,12.332551430056805,396000
2025-06-13,11.928807258605957,12.21326381673631,11.837046852733693,11.9379834742116,444700
2025-06-16,12.167383193969727,12.295846707647815,12.011391034424573,12.130679207905693,361700
2025-06-17,11.882925987243652,12.213262718608663,11.736110051122317,12.048094352926158,441600
2025-06-18,11.993038177490234,12.240790730933819,11.809518253694261,11.83704602349065,398700
2025-06-20,12.405959129333496,12.699591008103795,12.12150259045575,12.12150259045575,1574400
2025-06-23,12.433485984802246,12.66288609199383,12.075621502550268,12.405958216965006,365800
2025-06-24,12.56195068359375,12.681238855728424,12.341726769695299,12.461014941829971,376900
2025-06-25,12.38760757446289,12.617007714730722,12.213263852899859,12.580303727291552,296700
2025-06-26,12.58948040008545,13.011576708509502,12.249968285171425,12.249968285171425,568300
2025-06-27,12.37843132019043,12.910639573943126,12.27749557382081,12.690415649995545,1841300
2025-06-30,12.681239128112793,12.699591558877884,12.332550819404636,12.396783451990391,389200
2025-07-01,12.892288208007812,13.011576387345455,12.58030387360045,12.58030387360045,359800
2025-07-02,13.35108757019043,13.452023311065814,12.919815086282814,12.984046841831509,507800
2025-07-03,13.580488204956055,13.745655707554851,13.213447462875472,13.369439625118607,201900
2025-07-07,13.048279762268066,13.562135568254186,13.020751116342625,13.351087866711472,366100
2025-07-08,13.745655059814453,13.81906390484496,13.094159545383466,13.094159545383466,513000
2025-07-09,14.186104774475098,14.406328700123963,13.699776719894166,13.819064898393657,492700
2025-07-10,14.14022445678711,14.479736558188563,14.066816482164747,14.241161078211924,373700
2025-07-11,13.84659194946289,14.10351984934404,13.72730377717363,14.030111877949427,383000
2025-07-14,14.250336647033691,14.342097054327837,13.690600612797287,13.754832372847929,331500
2025-07-15,13.800711631774902,14.360447627694889,13.79153541665522,14.277864316893872,355000
2025-07-16,13.883295059204102,14.121871388729828,13.699775142296618,13.947526811348725,289400
2025-07-17,13.819064140319824,14.039288053887843,13.727303738787127,13.782360154725154,324400
2025-07-18,13.497903823852539,14.002584290092356,13.497903823852539,13.984231859458298,348400
2025-07-21,13.240975379943848,13.672246981129135,13.121687210969611,13.54378347230459,355400
2025-07-22,13.332735061645508,13.488727217140422,13.140038921039558,13.488727217140422,361300
2025-07-23,14.342096328735352,14.3971518702528,13.378615601259455,13.378615601259455,489600
2025-07-24,13.754831314086914,14.351272165404364,13.745655099045408,14.277864195256376,448400
2025-07-25,13.681424140930176,13.764008330930492,13.452024002081334,13.764008330930492,361400
2025-07-28,13.562135696411133,13.718127857761141,13.461199952340213,13.672247655877245,267700
2025-07-29,13.121686935424805,13.60801494095956,13.066630522018981,13.571310957053013,364900
2025-07-30,13.130863189697266,13.507079244644759,12.910638410503118,13.305206895005126,480200
2025-07-31,13.268505096435547,13.277681312724214,12.873936546944392,13.121689136185486,432700
2025-08-01,12.938167572021484,13.250151011091317,12.8097031852807,13.075807298814292,389700
2025-08-04,13.084983825683594,13.231799771118082,12.901463893890485,12.984047206878337,249500
2025-08-05,13.011575698852539,13.185919413217986,12.873935095318926,13.094159885954296,278600
2025-08-06,12.96569538116455,13.16756773947792,12.745471467600169,13.084983553118267,398900
2025-08-07,11.34154224395752,12.47019135172048,11.084614340397746,12.442663580826375,1727600
2025-08-08,10.946974754333496,11.35071860807704,10.910270767629537,11.304838405924075,876400
2025-08-11,11.525062561035156,11.855398423020983,11.194725823957306,11.194725823957306,1021100
2025-08-12,13.736479759216309,14.15857602511696,12.846407027299101,13.672247129017231,2410800
2025-08-13,13.53460693359375,14.094342905305863,13.424494982195892,13.846591233433683,1155500
2025-08-14,13.45202350616455,13.580487894217136,13.066631217098845,13.323559993204016,524900
2025-08-15,13.020750045776367,13.52543047005123,12.974870723190275,13.52543047005123,670900
2025-08-18,12.626182556152344,13.11251055556329,12.497718176551041,13.057454142850734,545600
2025-08-19,12.488543510437012,12.745472301497568,12.286672014007848,12.61700790596729,573400
2025-08-20,12.607831001281738,12.763823160511931,12.314199113362344,12.461015057322042,400900
2025-08-21,12.78217601776123,12.883111763830055,12.415135270516986,12.525247232162634,395000
2025-08-22,13.176742553710938,13.222622752645579,12.708766974835218,12.800526497612493,389200
2025-08-25,13.195096015930176,13.27768020545692,12.9840474343516,13.176743584883308,346500
2025-08-26,12.974871635437012,13.24097575056891,12.919815219333977,13.158391563960382,638100
2025-08-27,13.35108757019043,13.369439125307755,12.974871501818866,12.974871501818866,382600
2025-08-28,13.424495697021484,13.479551238106003,13.277679754006707,13.38779171126779,401000
2025-08-29,13.508515357971191,13.667219476775232,13.359146985051089,13.377817586513236,518600
2025-09-02,13.275127410888672,13.629877751298439,13.181771730141875,13.387153693601373,404800
2025-09-03,13.13509464263916,13.377818714248562,13.032404100176324,13.153766135981025,457400
2025-09-04,13.069746017456055,13.219114400920912,12.93904823677141,13.116423859865272,378500
2025-09-05,12.920377731323242,13.415160727854337,12.89237138178905,13.041739766379132,314900
2025-09-08,13.00439739227295,13.08841732938546,12.714995485586053,12.873699613397289,387500
2025-09-09,12.6216402053833,12.976389652362016,12.584297221168965,12.892370608797002,386400
2025-09-10,12.509612083435059,12.602967756270443,12.31356588272529,12.602967756270443,514700
2025-09-11,13.013731956481934,13.069745543402478,12.462936285009667,12.462936285009667,433700
2025-09-12,13.023067474365234,13.172435849793608,12.93904754061034,12.93904754061034,435400
2025-09-15,13.023067474365234,13.144429501977223,12.892370591018281,13.069745314263038,419900
2025-09-16,13.013731956481934,13.200443319346576,12.957719259867147,13.200443319346576,361200
2025-09-17,13.312469482421875,13.685890424160682,12.995061236791013,13.069745425138773,661000
2025-09-18,13.415160179138184,13.555193701692986,13.247120308194724,13.461838019989784,345600
2025-09-19,13.191106796264648,13.405823604485384,13.013731190050756,13.312468818856864,1272900
2025-09-22,13.284461975097656,13.359147052239056,13.107087253939387,13.30313346695944,412100
2025-09-23,13.741904258728027,14.423397712284313,13.349811817668932,13.443166609636574,775900
2025-09-24,13.583199501037598,13.863265644520938,13.461837475851292,13.723232127626403,729200
2025-09-25,13.639211654663086,13.835257858296282,13.499179033627527,13.536521125257389,315800
2025-09-26,13.807251930236816,13.89127186152457,13.583199373673288,13.629877212200453,384100
2025-09-29,13.919279098510742,14.031305383955415,13.676555034894397,13.900608496089518,334100
2025-09-30,14.096653938293457,14.423397030186836,13.853929888105878,13.853929888105878,521600
2025-10-01,13.73256778717041,14.133995953317052,13.4805079925279,13.93794974314145,409200
2025-10-02,13.639211654663086,13.909942041556006,13.611205308517112,13.685889491776836,301900
2025-10-03,13.545857429504395,13.8912720139053,13.53652168363541,13.64854796314605,349700
2025-10-06,13.163100242614746,13.573863251593481,13.088416059164066,13.517849668852625,559500
2025-10-07,13.181772232055664,13.237785820697685,12.920377562439736,13.107088040736828,320900
2025-10-08,12.920377731323242,13.377818631706816,12.827022045801542,13.181772404355884,351200
2025-10-09,12.743001937866211,12.995061751247928,12.649647143888595,12.96705540208522,351200
2025-10-10,12.341574668884277,12.967055440648158,12.136192697033474,12.743001975762832,469100
2025-10-13,12.322901725769043,12.490941582082728,12.25755328844958,12.416257399344575,301500
2025-10-14,12.248217582702637,12.462935276499556,12.070842870701433,12.229546982110469,335100
2025-10-15,12.13619327545166,12.528285744806103,12.117521781527243,12.276225918661462,388500
2025-10-16,11.902803421020508,12.192205307697483,11.81878348971733,12.145527469161749,466700
2025-10-17,11.884132385253906,12.042836508178455,11.85612603718068,11.921475369759214,343400
2025-10-20,11.968152046203613,12.14552765732625,11.930809952857649,11.930809952857649,257200
2025-10-21,12.350909233093262,12.36958072568635,11.968152537992644,12.042836727753459,375400
2025-10-22,12.388251304626465,12.462935488879204,12.210875699296933,12.388251304626465,276300
2025-10-23,12.546955108642578,12.668317136241843,12.406922479269594,12.406922479269594,502300
2025-10-24,12.574962615966797,12.714995248337601,12.453600585769411,12.640311059032404,224800
2025-10-27,12.45359992980957,12.640310393238092,12.416257837123867,12.584296809056678,274900
2025-10-28,12.304232597351074,12.434929487626949,12.229548405677491,12.388252535560303,327500
2025-10-29,12.294896125793457,12.509612941616851,12.052172072014693,12.192205590874321,917700
2025-10-30,12.6123046875,12.630975289639192,12.229547995436048,12.229547995436048,363400
2025-10-31,12.752337455749512,12.817685899392945,12.509613393208513,12.509613393208513,373100
2025-11-03,12.752337455749512,12.77100894839379,12.45360069588722,12.696324758428217,319800
2025-11-04,12.472270965576172,12.780343463543963,12.32290258962885,12.677652927656615,679800
2025-11-05,12.72433090209961,13.06974549770219,12.30423211773462,12.509613191678365,586500
2025-11-06,15.00220012664795,15.142232755076487,13.181771505548284,13.975292107458626,1637600
2025-11-07,15.319608688354492,15.77704956713045,14.908845650134515,14.983528948596026,1372800
2025-11-10,15.356951713562012,15.618345484631362,15.086220415684163,15.310272982577114,566100
2025-11-11,15.4036283493042,15.581003962200736,14.964858970677486,15.581003962200736,449500
2025-11-12,15.552997589111328,15.618346034178012,15.104892439558412,15.27293231579365,431000
2025-11-13,15.25425910949707,15.6370157709949,15.244923364020124,15.599672789087121,353900
2025-11-14,15.011536598205566,15.328944854311594,14.82482612117431,15.25426066349909,394300
2025-11-17,15.749042510986328,16.691929630758047,14.862166301341588,15.030206154167862,957800
2025-11-18,15.506319999694824,15.89841243458922,15.496984253553112,15.655688376739212,397400
2025-11-19,14.722135543823242,15.571668879877398,14.703464051014862,15.506320435659626,493400
2025-11-20,14.470074653625488,14.992863948991726,14.358048376047009,14.796818630958672,345600
2025-11-21,14.610108375549316,14.890174535687246,14.376720057152006,14.376720057152006,351500
2025-11-24,14.815489768981934,14.87150335495396,13.55519343282164,14.479410924067004,901500
2025-11-25,14.65678596496582,15.142233195915997,14.610108124028786,14.80615434371972,422100
2025-11-26,14.750142097473145,14.964859816221065,14.647450666213178,14.67545790581451,581100
2025-11-28,14.712799072265625,14.815489606733045,14.591437045910093,14.759476911680174,199000
2025-12-01,14.504106521606445,14.769714498268817,14.409246077613194,14.579994514938551,317100
2025-12-02,14.229012489318848,14.589480914273675,14.210040038431423,14.589480914273675,340900
2025-12-03,14.380788803100586,14.551537246324907,14.096208365945474,14.437705252394116,324900
2025-12-04,13.897002220153809,14.342844877112697,13.85905822198643,14.342844877112697,370300
2025-12-05,13.593449592590332,13.88751624298649,13.517561599840915,13.80214202497934,406000
2025-12-08,13.906488418579102,13.944432416672043,13.555506210055324,13.602936433835568,300700
2025-12-09,14.34284496307373,14.428219185626071,13.925460980731073,13.925460980731073,326400
2025-12-10,15.680373191833496,15.708830060262695,14.314387418541603,14.314387418541603,620400
2025-12-11,16.1262149810791,16.325420297669446,15.262988323895756,15.661400766389038,652800
2025-12-12,15.604484558105469,16.135700522455597,15.519110337670849,15.974438307113815,396700
2025-12-15,15.319903373718262,15.794203798968441,15.244015378050735,15.262987829295751,399200
2025-12-16,15.471677780151367,15.585510666648007,15.18709827787829,15.272472490422684,438700
2025-12-17,14.968920707702637,15.557053108384949,14.959435387027813,15.357847804370063,324300
2025-12-18,15.244014739990234,15.272473415666578,15.006864537291413,15.111211205458883,322300
2025-12-19,15.092239379882812,15.281960273622005,14.883546939563463,15.215558503607047,1177400
2025-12-22,14.23849868774414,15.27247373808428,14.22901246231843,15.073267527425571,527500
2025-12-23,14.55153751373291,14.674855735588173,14.115181076651325,14.2764432971808,316200
2025-12-24,14.428218841552734,14.712799275055318,14.342844621036333,14.485135290115755,149700
2025-12-26,14.475648880004883,14.551536874017113,14.314386666564829,14.428218657583177,216200
2025-12-29,14.399762153625488,14.589482155357404,14.361818153279104,14.513594154664638,260500
2025-12-30,14.617938995361328,14.779201212692822,14.3618172355536,14.475649229318844,331700
2025-12-31,14.513593673706055,14.655883444125642,14.342845225477513,14.655883444125642,356000
2026-01-02,14.437705039978027,14.703313021908755,14.229012601847183,14.513593034815377,317400
2026-01-05,14.466163635253906,14.561024086527931,14.210040959607825,14.437705861734223,269900
2026-01-06,14.314387321472168,14.561023765624075,14.26695709688045,14.456677090591036,358800
2026-01-07,13.878030776977539,14.323873437263993,13.754712555849103,14.247985440362847,475000
2026-01-08,14.36181640625,14.523078614269627,13.849572011557132,13.868543557094384,310000
2026-01-09,14.115180969238281,14.475649406228367,13.953918749935971,14.361817411071963,421200
2026-01-12,14.276442527770996,14.314386524400268,14.058263868660507,14.058263868660507,281900
2026-01-13,14.229012489318848,14.456676472030448,14.12466672340676,14.35233070611836,320500
2026-01-14,14.26695728302002,14.276443508993387,14.039293287597006,14.22901328378285,248200
2026-01-15,14.323872566223145,14.598966764425278,14.238498348736925,14.266956119680255,258700
2026-01-16,14.466163635253906,14.551537860469267,14.295415184823186,14.295415184823186,282900
2026-01-20,14.428218841552734,14.627425054538916,14.247985079639646,14.304900623546407,348800
2026-01-21,14.466163635253906,14.551537860469267,14.30490141088185,14.428219635675559,306300
2026-01-22,14.64639663696289,14.902519299141753,14.513593097749787,14.532564644213261,287600
2026-01-23,14.276442527770996,14.674854944706466,14.00134832604472,14.617938497434439,603900
2026-01-26,14.456676483154297,14.532564477449892,14.06775028622532,14.162610731422937,281600
2026-01-27,14.039292335510254,14.399760756146032,14.029806110180203,14.371302080155878,323800
2026-01-28,13.489104270935059,14.096208232832973,13.45116027331644,14.048778914301895,334500
2026-01-29,13.555505752563477,13.631393746188175,13.327841771689377,13.564991977930625,308700
2026-01-30,13.764198303222656,13.792656074907407,13.337328109326386,13.564992092116896,301000
2026-02-02,13.735739707946777,13.953918371234177,13.65036639238867,13.669337938738385,303000
2026-02-03,12.986345291137695,13.697795931524098,12.825083978267214,13.640880386900697,350200
2026-02-04,13.043261528015137,13.2709255121139,12.787138867411837,12.929429535965756,475000
2026-02-05,12.995831489562988,13.062234164359515,12.692279506457508,13.062234164359515,449900
2026-02-06,12.986345291137695,13.13812218766473,12.844055524922924,12.995831516793686,268000
2026-02-09,13.868544578552246,14.210040565280906,13.05274815792786,13.081205930657845,626300
2026-02-10,14.456676483154297,14.494620480302094,13.944432069330917,13.991862291929726,322700
2026-02-11,14.304900169372559,14.466162379748814,14.096207737475718,14.466162379748814,355500
2026-02-12,13.859057426452637,14.513592488088795,13.63139345051668,14.418732045787369,409000
2026-02-13,14.191068649291992,14.333358413897793,13.840086445895587,13.972889984952666,318300
2026-02-17,14.1815824508667,14.35233089244524,13.89700201645455,14.191068676433565,296300
2026-02-18,14.26695728302002,14.532565277680202,14.115181286071344,14.115181286071344,316700
2026-02-19,13.802142143249512,14.247984782964915,13.70728169917177,14.14363811354815,307500
2026-02-20,13.849573135375977,13.915974907128836,13.508076241432605,13.792656684833318,241500
2026-02-23,13.394244194030762,13.849573082670371,13.26143974637415,13.83060063100959,275700
2026-02-24,13.33732795715332,13.508075489969924,13.299383960454493,13.394243499873442,236200
2026-02-25,13.14760684967041,13.375271730721638,12.71125044258521,13.214009521277788,570900
2026-02-26,15.45270824432373,16.249531269487196,13.441673707476705,13.441673707476705,1367300
2026-02-27,15.500137329101562,15.538080420534135,14.731770277483129,15.244014677010009,762500
2026-03-02,15.006864547729492,15.262987201057356,14.523078821426132,15.054294769233492,695800
2026-03-03,14.504106521606445,14.845602491600923,14.266956316279554,14.579994514938551,507600
2026-03-04,14.523078918457031,14.6938264504935,14.143638048546155,14.579994460917108,490700
2026-03-05,14.712799072265625,14.83611728857223,14.361816874157398,14.504106636619348,427900
2026-03-06,14.798173904418945,15.139669891263217,14.314387244564015,14.504107237255278,492000
2026-03-09,14.077237129211426,14.418733118522217,13.460646017691023,14.399761571444207,832900
2026-03-10,13.797428131103516,14.173721031668299,13.681645629379158,14.14477563627659,474000
2026-03-11,13.48867416381836,13.884265536768766,13.363243807697616,13.836022596637491,627700
2026-03-12,13.36324405670166,13.488674415159611,13.170272292580826,13.37289190878165,687800
2026-03-13,13.594809532165527,13.903562893015375,13.488674874255196,13.527269964519023,457000
2026-03-16,13.565863609313965,13.720240283760955,13.382540618289992,13.633403174345133,293300
2026-03-17,13.575511932373047,13.845672042186484,13.48867481994427,13.48867481994427,249100
2026-03-18,12.745736122131348,13.536917022984987,12.65889901444594,13.343946183771605,505000
2026-03-19,12.784331321716309,12.967653403724398,12.456280408499879,12.649251263286715,434300
2026-03-20,12.774681091308594,13.450079466076373,12.66854736332541,13.02554363398613,1505900
2026-03-23,12.919410705566406,13.343946563930553,12.79397942646488,12.996599043450797,432100
2026-03-24,12.79397964477539,13.083436376859794,12.736087930295476,12.755385475174643,362000
2026-03-25,12.774681091308594,13.02554363398613,12.56241363534223,12.79397863466418,311300
2026-03-26,12.697493553161621,12.948356111545074,12.591359818533654,12.591359818533654,302500
2026-03-27,12.678196907043457,12.803628186020378,12.330848466751196,12.601008569235749,445600
2026-03-30,12.716790199279785,12.803627303366492,12.36944178293296,12.765032216965729,407500
2026-03-31,12.485225677490234,12.880817075906972,12.02209563079397,12.880817075906972,617900
2026-04-01,12.601009368896484,12.639603540249528,12.108932994026967,12.157175938257677,582500
2026-04-02,12.552765846252441,12.832573805708263,12.301903283938234,12.379091623087593,410600
2026-04-06,12.813276290893555,12.832573835804947,12.408037049330208,12.408037049330208,299200
2026-04-07,13.044841766357422,13.160624271246343,12.803627984466116,12.909761717241572,359300
2026-04-08,13.208867073059082,13.594809699015691,13.141327504583659,13.324650504956391,358600
2026-04-09,13.334298133850098,13.411486473715351,12.813276379680838,13.122030659299446,359800
2026-04-10,13.864968299865723,13.97110203438014,13.372891955907157,13.39218950045027,434900
2026-04-13,14.000048637390137,14.096533601605385,13.749186074146829,13.85531981083088,289400
2026-04-14,15.01314640045166,15.03244302479181,13.845671642909199,13.864968267249349,451900
2026-04-15,15.6692476272583,15.678896399726723,14.974552572368488,15.013146742084588,621200
2026-04-16,15.862218856811523,16.11308141151771,15.55346550957779,15.669247094632883,628400
2026-04-17,16.199918746948242,16.508672098498476,15.987649437521101,16.06483777540866,698300
2026-04-20,16.286754608154297,16.643751834043485,15.823624564013084,15.823624564013084,539300
2026-04-21,15.881513595581055,16.59550796806007,15.746434474454484,16.142024906595154,487500
2026-04-22,16.006946563720703,16.035892879790186,15.640300588100956,15.900811911781025,577300
2026-04-23,15.206116676330566,16.09378344658361,15.080685402255948,16.064837130918868,375600
2026-04-24,15.186820030212402,15.331548856618106,14.829823730663804,15.16752340545286,392900
2026-04-27,15.186820030212402,15.785031040437174,15.032443351505721,15.09033506609952,589100
2026-04-28,15.157875061035156,15.379791312903272,14.83947292217192,15.331549289563325,231700
2026-04-29,14.714040756225586,15.022794103873016,14.704391984072215,15.013146251877203,290200
2026-04-30,15.003498077392578,15.302602664801555,14.521070492397046,14.607907604921456,496900
2026-05-01,14.636852264404297,15.167522765175123,14.086885139688512,14.675446432451764,672600
2026-05-04,14.231613159179688,14.59825821878424,13.893913495814097,14.424584001035358,675800
2026-05-05,14.26055908203125,14.463178703501411,14.000048665945378,14.279856627008213,413600
2026-05-06,14.308801651000977,14.68509548681598,14.308801651000977,14.472827098395395,339000
2026-05-07,13.681646347045898,14.434233107809709,13.6044580085141,14.183370547502578,521900
2026-05-08,13.778131484985352,13.990399878720407,13.546566466451248,13.681646520674937,324900
2026-05-11,13.76848316192627,14.405287401201791,13.729888073332546,13.971101856097974,494000
2026-05-12,13.450080871582031,13.845672270292404,13.430784246367502,13.826374724920266,483800
2026-05-13,13.546566009521484,13.623754346429267,13.286055602497111,13.411485959854089,359400
2026-05-14,13.633403778076172,14.000048856202781,13.556215437434528,13.643052550695778,423400
2026-05-15,13.517621040344238,13.845671942646694,13.35359558919301,13.594809379690982,377800
2026-05-18,13.76848316192627,14.154424846287933,13.575511399587882,13.575511399587882,366500
2026-05-19,13.073786735534668,13.884265163443464,13.02554379670057,13.67199678466794,649800
2026-05-20,13.015894889831543,13.266757433039547,12.909761161623932,13.073786599863203,388000
2026-05-21,13.141326904296875,13.228164014174393,12.793979384944372,13.064138566662985,434300
2026-05-22,13.372891426086426,13.536916867574089,13.247460151998359,13.247460151998359,449900
2026-05-26,13.480976104736328,13.608711411025103,13.215679483122765,13.471150095700317,443400
2026-05-27,13.883832931518555,14.04104532589553,13.48097593666261,13.48097593666261,399300
2026-05-28,14.050870895385742,14.060696903991955,13.687317010493732,13.76592320522391,288700
2026-05-29,13.589058876037598,13.991915860591837,13.539929769786157,13.991915860591837,470200
2026-06-01,13.893658638000488,14.060697037654945,13.549755829991954,13.589058927730663,355800
2026-06-02,13.746271133422852,13.972264645169474,13.677490947572023,13.874006433617073,301400
2026-06-03,13.294285774230957,13.70696878603057,13.156725395004289,13.687317704880963,483400
2026-06-04,13.628362655639648,13.923136370840078,13.441673167013269,13.45149823910743,386100
2026-06-05,13.608711242675781,13.923136031460158,13.500627018736312,13.726620538469923,348500
2026-06-08,13.677491188049316,13.775749401329291,13.471149689809184,13.579232974769342,364700
2026-06-09,13.83470344543457,14.10982512806578,13.687317064004219,13.903483631827433,443600
2026-06-10,13.95261287689209,14.070522170622136,13.687317200264431,13.87400668107206,515200
2026-06-11,14.198257446289062,14.3161667397965,13.824877548318957,14.001741957109997,368900
2026-06-12,13.80522632598877,14.23756039773755,13.736445202688463,14.198257300305842,277900
2026-06-15,13.196027755737305,13.883832424551322,13.166549730073172,13.864180407441898,857000
2026-06-16,13.520278930664062,13.530104939501555,13.058466822959435,13.186202126667514,531300
2026-06-17,13.42202091217041,13.66766551433183,13.284460534678281,13.520279127858895,469700
2026-06-18,13.431846618652344,13.736445393719146,13.30411131595796,13.579233001805987,811200
2026-06-22,13.372891426086426,13.579232923548233,13.274634150236848,13.402369452195087,348700
2026-06-23,13.7266206741333,13.746271755096648,13.35324076523176,13.35324076523176,339300
2026-06-24,13.785574913024902,14.100000643320971,13.697142705662252,13.765923831977535,491900
2026-06-25,12.714564323425293,13.815052976787484,12.665436152146814,13.795400958628251,629800
2026-06-26,13.559581756591797,13.62836194295315,12.626132488154411,12.626132488154411,1730900
2026-06-29,13.7266206741333,13.874007061067685,13.471150062191226,13.70696865611016,735800
2026-06-30,14.001742362976074,14.129477668910049,13.500627148248896,13.70696865213304,493700
2026-07-01,14.827108383178711,15.013797869104167,14.041045466369846,14.10982565533294,631000
2026-07-02,15.151358604431152,15.210312782126973,14.640417400081994,14.827107815924863,607500
2026-07-06,14.876236915588379,15.249616810052315,14.817281800858385,15.10222949175721,842500
2026-07-07,14.52250862121582,15.26926843687677,14.44390242346833,14.945017636903424,484400
2026-07-08,14.090174674987793,14.640418064741459,13.972265377183437,14.522508766937102,614300
2026-07-09,14.286689758300781,14.473379240162211,13.716794366858807,13.972264973245837,731100
2026-07-10,13.991915702819824,14.473378877123514,13.982089694268382,14.355469585685452,622800
2026-07-13,14.001742362976074,14.384948280777998,13.991916353967355,14.149128749867694,510300
2026-07-14,13.569408416748047,13.97226541973818,13.559582407636139,13.893659220962535,417000
2026-07-15,14.109825134277344,14.709198543026753,13.687317070029783,13.706968150267926,675100
2026-07-16,14.090174674987793,14.443902568400864,13.962439368101457,14.276864162246408,317100
2026-07-17,13.579233169555664,14.168780583572694,13.53010499927073,13.923135983908894,363000
2026-07-20,13.854355812072754,13.864180883905366,13.431846800297523,13.65783938246395,597900
2026-07-21,13.579233169555664,13.883832885445079,13.50062697262803,13.726620491589813,690000
2026-07-22,13.598885536193848,13.677491735138107,13.245156703884883,13.677491735138107,497600
2026-07-23,13.137073516845703,13.461324324279321,12.901254918177584,13.402370143142198,450800
2026-07-24,13.254981994628906,13.530104613082614,13.215678897286914,13.27463401182978,354400
2026-07-27,13.254981994628906,13.687317002450586,13.245155986028468,13.333588189312891,391300
2026-07-28,13.874007225036621,14.001742532517289,13.323763832722767,13.372892004241649,475400
2026-07-29,13.95261287689209,14.149128366442165,13.864180672329613,13.95261287689209,452500
2026-07-30,13.530104637145996,13.785574301793428,13.304111124232788,13.785574301793428,379000
2026-07-31,13.500626564025879,13.53992966130017,13.215678874522325,13.412194360893784,336900
2026-08-03,13.677491188049316,14.011567988729507,13.579232974769342,13.7069682772094,374800
2026-08-04,13.746271133422852,13.913309530826082,13.667664939004831,13.677490947572023,468700
2026-08-05,13.667665481567383,13.805226795789538,13.500627077533261,13.579233275071697,488400
2026-08-06,14.502857208251953,16.016026948775558,13.96243890831651,14.257212611650367,1475400
2026-08-07,13.95261287689209,14.728849763409713,13.903483770239628,14.47337915846473,1245400
2026-08-10,13.520278930664062,14.591289530396606,13.431846725246178,13.95261301185621,817900
2026-08-11,13.431846618652344,13.520278823368438,13.009337612590901,13.372891503155023,549900
2026-08-12,13.638188362121582,13.746271649237132,13.284460473967227,13.431846859766596,344500
2026-08-13,14.031219482421875,14.060697509509968,13.648014500874638,13.648014500874638,427100
2026-08-14,14.581463813781738,14.640417993868624,14.041045498666362,14.090174606778632,405400
2026-08-17,14.001742362976074,14.473379550677093,13.903484147008465,14.434076451702008,575500
2026-08-18,14.109825134277344,14.493031038048617,13.982089833020252,14.158954240462341,354600
2026-08-19,14.325992584228516,14.512682999602468,14.021393813759076,14.227734372235934,283800
2026-08-20,14.100000381469727,14.31616695427533,13.874006862733237,14.267038784039372,283300
2026-08-21,14.158954620361328,14.286689925045685,14.001742225998976,14.178606638186515,495300
2026-08-24,14.25721263885498,14.443902120322113,14.129477335931247,14.158954425202948,228300
2026-08-25,14.443902015686035,14.493031122156145,13.972264842516422,14.168780331337093,286900
2026-08-26,14.080348014831543,14.44390190051589,13.923135625028557,14.44390190051589,436000
2026-08-27,13.775749206542969,14.060696896554068,13.657838977450318,13.874006481373836,482600
2026-08-28,14.100000381469727,14.178606578318997,13.785574657012862,13.834703764308601,321000
2026-08-31,14.100000381469727,14.220000267028809,13.859999656677246,14.15999984741211,436100
2026-09-01,13.859999656677246,14.170000076293945,13.779999732971191,14.039999961853027,343900
2026-09-02,13.75,14.319999694824219,13.65999984741211,13.9399995803833,527600
2026-09-03,13.930000305175781,13.989999771118164,13.619999885559082,13.90999984741211,427600
2026-09-04,13.8100004196167,13.899999618530273,13.699999809265137,13.729999542236328,376700
