Date,Close,High,Low,Open,Volume
2018-03-28,11.239999771118164,11.260000228881836,9.619999885559082,9.800000190734863,23929600.0
2018-03-29,11.0,11.800000190734863,10.649999618530272,11.5,5863900.0
2018-04-02,11.0,11.5,10.90999984741211,11.050000190734863,2771000.0
2018-04-03,10.90999984741211,11.5,10.791000366210938,11.5,2509600.0
2018-04-04,10.970000267028809,11.079999923706056,10.550000190734863,10.75,1498200.0
2018-04-05,10.979999542236328,11.048999786376951,10.75,11.0,893300.0
2018-04-06,10.9399995803833,11.029999732971191,10.850000381469728,10.949999809265137,684700.0
2018-04-09,11.100000381469728,11.6899995803833,10.960000038146973,11.0,2648400.0
2018-04-10,11.5,11.59000015258789,11.25,11.449999809265137,2198200.0
2018-04-11,11.479999542236328,11.59000015258789,11.029999732971191,11.579999923706056,1497800.0
2018-04-12,11.619999885559082,11.760000228881836,11.350000381469728,11.529999732971191,2075200.0
2018-04-13,11.399999618530272,11.6899995803833,11.31999969482422,11.600000381469728,803800.0
2018-04-16,11.329999923706056,11.5,11.329999923706056,11.40999984741211,562000.0
2018-04-17,11.31999969482422,11.399999618530272,11.15999984741211,11.350000381469728,635100.0
2018-04-18,11.350000381469728,11.5,11.289999961853027,11.4399995803833,582400.0
2018-04-19,11.350000381469728,11.489999771118164,11.279999732971191,11.399999618530272,433000.0
2018-04-20,11.1899995803833,11.3100004196167,11.0600004196167,11.25,625700.0
2018-04-23,11.1899995803833,11.460000038146973,11.050999641418455,11.289999961853027,867800.0
2018-04-24,11.289999961853027,11.520000457763672,11.210000038146973,11.25,1223300.0
2018-04-25,10.899999618530272,11.289999961853027,10.81999969482422,11.1899995803833,1530200.0
2018-04-26,11.0,11.1899995803833,10.850000381469728,11.0600004196167,343100.0
2018-04-27,10.609999656677246,11.100000381469728,10.609999656677246,11.0,495000.0
2018-04-30,10.920000076293944,11.079999923706056,10.100000381469728,10.699999809265137,1090900.0
2018-05-01,10.579999923706056,11.039999961853027,10.40999984741211,10.84000015258789,581000.0
2018-05-02,10.260000228881836,10.63599967956543,10.210000038146973,10.520000457763672,558700.0
2018-05-03,10.079999923706056,10.458999633789062,10.0,10.1899995803833,844000.0
2018-05-04,9.989999771118164,10.279999732971191,9.859999656677246,10.18000030517578,954500.0
2018-05-07,10.0,10.140000343322754,9.859999656677246,10.010000228881836,877800.0
2018-05-08,10.270000457763672,10.489999771118164,9.949999809265137,10.050000190734863,733800.0
2018-05-09,10.649999618530272,10.729999542236328,10.279999732971191,10.40999984741211,1043500.0
2018-05-10,11.0,11.678999900817873,10.510000228881836,10.729999542236328,1653000.0
2018-05-11,11.460000038146973,12.1899995803833,11.0600004196167,11.0600004196167,3152500.0
2018-05-14,12.06999969482422,12.199999809265137,11.5,11.550000190734863,1946800.0
2018-05-15,12.15999984741211,12.420000076293944,11.520000457763672,12.06999969482422,1529300.0
2018-05-16,14.109999656677246,14.350000381469728,12.15999984741211,12.239999771118164,3113400.0
2018-05-17,13.550000190734863,14.869999885559082,13.029999732971191,13.829999923706056,4410200.0
2018-05-18,12.84000015258789,13.5,12.800000190734863,13.5,2469000.0
2018-05-21,12.75,13.18000030517578,12.670000076293944,12.9399995803833,3480100.0
2018-05-22,13.140000343322754,13.260000228881836,12.609999656677246,13.0,2364300.0
2018-05-23,12.4399995803833,13.380000114440918,12.300000190734863,13.06999969482422,6222900.0
2018-05-24,13.850000381469728,15.489999771118164,13.449999809265137,14.350000381469728,16603700.0
2018-05-25,14.239999771118164,14.4399995803833,13.850000381469728,13.859999656677246,3624500.0
2018-05-29,15.029999732971191,15.189000129699709,14.220000267028809,14.300000190734863,4145300.0
2018-05-30,16.670000076293945,16.884000778198242,15.1899995803833,15.199999809265137,6639700.0
2018-05-31,16.229999542236328,17.709999084472656,15.0,17.1299991607666,10142000.0
2018-06-01,16.90999984741211,17.200000762939453,15.869999885559082,16.510000228881836,4287600.0
2018-06-04,16.43000030517578,18.155000686645508,16.25,17.399999618530273,5657600.0
2018-06-05,16.709999084472656,16.739999771118164,15.600000381469728,16.479999542236328,4193100.0
2018-06-06,16.56999969482422,16.959999084472656,16.141000747680664,16.940000534057617,2725700.0
2018-06-07,16.219999313354492,16.790000915527344,16.049999237060547,16.559999465942383,1983600.0
2018-06-08,18.950000762939453,19.350000381469727,15.850000381469728,16.100000381469727,10538300.0
2018-06-11,18.420000076293945,19.350000381469727,17.360000610351562,19.01000022888184,11994900.0
2018-06-12,18.65999984741211,19.100000381469727,17.600000381469727,18.6200008392334,7313900.0
2018-06-13,20.06999969482422,20.239999771118164,18.5,18.780000686645508,10175900.0
2018-06-14,20.5,22.700000762939453,19.600000381469727,20.690000534057617,19542000.0
2018-06-15,19.64999961853028,21.350000381469727,18.81999969482422,20.575000762939453,14056800.0
2018-06-18,21.280000686645508,21.65999984741211,18.950000762939453,19.350000381469727,10162500.0
2018-06-19,19.18000030517578,21.25,19.07999992370605,20.799999237060547,10723700.0
2018-06-20,18.540000915527344,20.290000915527344,18.5,20.040000915527344,8227700.0
2018-06-21,16.440000534057617,18.540000915527344,16.0,18.5,13195500.0
2018-06-22,16.649999618530273,16.8799991607666,15.380000114440918,16.520000457763672,8722300.0
2018-06-25,15.359999656677246,16.190000534057617,14.800000190734863,15.670000076293944,8813300.0
2018-06-26,15.850000381469728,16.530000686645508,15.510000228881836,15.949999809265137,7155400.0
2018-06-27,13.899999618530272,16.299999237060547,13.890000343322754,16.209999084472656,9576000.0
2018-06-28,14.5,14.899999618530272,13.3100004196167,13.5,7180500.0
2018-06-29,13.989999771118164,14.899999618530272,13.81999969482422,14.899999618530272,6025800.0
2018-07-02,13.359999656677246,13.640000343322754,12.970000267028809,13.239999771118164,7243900.0
2018-07-03,13.800000190734863,14.09000015258789,13.119999885559082,13.539999961853027,3656400.0
2018-07-05,12.899999618530272,14.100000381469728,12.880000114440918,14.0,6617300.0
2018-07-06,13.300000190734863,13.369999885559082,12.5,12.510000228881836,6019300.0
2018-07-09,13.850000381469728,14.079999923706056,13.28499984741211,13.65999984741211,9256500.0
2018-07-10,13.260000228881836,13.970000267028809,13.130000114440918,13.470000267028809,6777500.0
2018-07-11,12.779999732971191,13.529999732971191,12.760000228881836,12.960000038146973,7441200.0
2018-07-12,14.260000228881836,14.399999618530272,12.949999809265137,13.199999809265137,11804400.0
2018-07-13,13.800000190734863,14.6899995803833,13.5,14.5,9513200.0
2018-07-16,13.800000190734863,14.25,13.279999732971191,13.720000267028809,8538200.0
2018-07-17,13.6899995803833,14.149999618530272,13.100000381469728,13.420000076293944,6857100.0
2018-07-18,14.43000030517578,14.989999771118164,13.899999618530272,13.949999809265137,10267600.0
2018-07-19,13.920000076293944,15.079999923706056,13.800000190734863,14.43000030517578,10799300.0
2018-07-20,14.40999984741211,14.710000038146973,13.81999969482422,13.960000038146973,6371200.0
2018-07-23,14.18000030517578,14.699999809265137,13.63599967956543,14.40999984741211,4917200.0
2018-07-24,13.920000076293944,14.770000457763672,13.649999618530272,14.399999618530272,6209200.0
2018-07-25,13.359999656677246,13.949999809265137,13.130000114440918,13.770000457763672,9249400.0
2018-07-26,12.770000457763672,13.149999618530272,12.65999984741211,12.800000190734863,6985700.0
2018-07-27,12.130000114440918,13.100000381469728,12.0,13.100000381469728,6568300.0
2018-07-30,11.59000015258789,12.0,11.050000190734863,11.300000190734863,6687400.0
2018-07-31,11.710000038146973,12.25,11.350000381469728,11.5,3235500.0
2018-08-01,11.329999923706056,11.729999542236328,11.15999984741211,11.65999984741211,3789400.0
2018-08-02,11.510000228881836,11.520000457763672,10.699999809265137,11.0,6487900.0
2018-08-03,11.0600004196167,11.600000381469728,11.0,11.510000228881836,2901600.0
2018-08-06,11.270000457763672,11.739999771118164,11.11299991607666,11.119999885559082,3413000.0
2018-08-07,11.399999618530272,11.670000076293944,11.300000190734863,11.380000114440918,2804300.0
2018-08-08,11.390000343322754,11.678999900817873,11.239999771118164,11.489999771118164,1809400.0
2018-08-09,11.25,11.57900047302246,11.220000267028809,11.399999618530272,1839500.0
2018-08-10,11.140000343322754,11.369999885559082,11.020000457763672,11.25,2683600.0
2018-08-13,10.8100004196167,11.270000457763672,10.699999809265137,11.1899995803833,2273700.0
2018-08-14,10.65999984741211,10.6899995803833,10.260000228881836,10.56999969482422,5840400.0
2018-08-15,10.265000343322754,10.300000190734863,9.09000015258789,9.899999618530272,10742700.0
2018-08-16,10.5600004196167,10.9399995803833,10.5,10.510000228881836,5202100.0
2018-08-17,10.699999809265137,10.869999885559082,9.9399995803833,10.550000190734863,2922700.0
2018-08-20,11.300000190734863,11.4399995803833,10.5,11.25,5316300.0
2018-08-21,11.850000381469728,12.43000030517578,11.5,11.550000190734863,5490500.0
2018-08-22,11.010000228881836,11.81999969482422,10.960000038146973,11.75,4486300.0
2018-08-23,10.529999732971191,11.350000381469728,10.43299961090088,11.210000038146973,4609900.0
2018-08-24,10.90999984741211,10.989999771118164,10.40999984741211,10.579999923706056,3993900.0
2018-08-27,11.529999732971191,11.770000457763672,10.960000038146973,11.449999809265137,9487100.0
2018-08-28,13.079999923706056,13.75,12.640000343322754,12.850000381469728,19444300.0
2018-08-29,13.760000228881836,14.229999542236328,12.18000030517578,13.0,9428200.0
2018-08-30,13.140000343322754,13.699999809265137,12.25,13.399999618530272,8767700.0
2018-08-31,12.829999923706056,13.399999618530272,12.699999809265137,12.699999809265137,3801300.0
2018-09-04,12.5,12.859999656677246,12.039999961853027,12.75,3758800.0
2018-09-05,11.390000343322754,12.3100004196167,11.350000381469728,12.25,5320200.0
2018-09-06,11.399999618530272,11.65999984741211,11.109999656677246,11.59000015258789,2416400.0
2018-09-07,11.710000038146973,11.880000114440918,11.0,11.260000228881836,2973200.0
2018-09-10,11.3100004196167,11.9399995803833,11.3100004196167,11.729999542236328,2528300.0
2018-09-11,11.84000015258789,11.989999771118164,11.109999656677246,11.109999656677246,3510300.0
2018-09-12,13.029999732971191,13.68000030517578,11.890000343322754,12.0,9417300.0
2018-09-13,13.350000381469728,14.119999885559082,13.16100025177002,13.460000038146973,6425300.0
2018-09-14,13.520000457763672,13.65999984741211,12.90999984741211,13.289999961853027,3904800.0
2018-09-17,13.229999542236328,13.5,12.774999618530272,13.289999961853027,3328900.0
2018-09-18,13.760000228881836,14.06999969482422,13.130000114440918,13.399999618530272,3956200.0
2018-09-19,13.220000267028809,14.0,13.199999809265137,13.6899995803833,2756300.0
2018-09-20,13.4399995803833,13.6899995803833,12.970000267028809,13.489999771118164,2206200.0
2018-09-21,12.43000030517578,13.670000076293944,12.359999656677246,13.449999809265137,5074600.0
2018-09-24,12.0,12.230999946594238,11.279999732971191,11.699999809265137,5842200.0
2018-09-25,12.550000190734863,12.659000396728516,11.699999809265137,12.0,3393300.0
2018-09-26,12.869999885559082,13.420000076293944,12.449999809265137,12.489999771118164,4916700.0
2018-09-27,13.020000457763672,13.100000381469728,12.729999542236328,12.869999885559082,2278900.0
2018-09-28,13.479999542236328,13.6899995803833,12.890000343322754,12.899999618530272,4170800.0
2018-10-01,13.949999809265137,14.085000038146973,13.56999969482422,13.699999809265137,3226400.0
2018-10-02,13.3100004196167,13.699999809265137,12.84000015258789,13.399999618530272,4114300.0
2018-10-03,14.369999885559082,15.5,14.029999732971191,15.149999618530272,18033500.0
2018-10-04,13.550000190734863,14.4399995803833,12.885000228881836,14.140000343322754,6889500.0
2018-10-05,13.350000381469728,13.880000114440918,12.899999618530272,13.369999885559082,4572100.0
2018-10-08,13.630000114440918,13.739999771118164,12.649999618530272,12.720000267028809,3539400.0
2018-10-09,13.170000076293944,13.53499984741211,13.0,13.3100004196167,2463100.0
2018-10-10,12.420000076293944,13.260000228881836,12.100000381469728,13.260000228881836,3842200.0
2018-10-11,12.6899995803833,12.899999618530272,12.020000457763672,12.029999732971191,3187200.0
2018-10-12,13.710000038146973,13.850000381469728,13.279999732971191,13.369999885559082,4143800.0
2018-10-15,13.949999809265137,14.18000030517578,13.260000228881836,13.279999732971191,3159600.0
2018-10-16,13.460000038146973,14.289999961853027,13.258000373840332,14.0,4059800.0
2018-10-17,13.25,13.720000267028809,12.90999984741211,13.670000076293944,2130200.0
2018-10-18,12.609999656677246,13.100000381469728,12.489999771118164,12.90999984741211,3147800.0
2018-10-19,12.489999771118164,13.06999969482422,12.369999885559082,12.9399995803833,1924100.0
2018-10-22,13.050000190734863,13.06999969482422,12.75,13.0,3448800.0
2018-10-23,12.970000267028809,13.170000076293944,12.56999969482422,12.670000076293944,1836300.0
2018-10-24,11.989999771118164,12.9399995803833,11.869999885559082,12.890000343322754,3620900.0
2018-10-25,12.56999969482422,12.630000114440918,12.210000038146973,12.239999771118164,2778000.0
2018-10-26,13.170000076293944,13.260000228881836,12.149999618530272,12.25,2576700.0
2018-10-29,12.470000267028809,13.550000190734863,12.258000373840332,13.449999809265137,2044300.0
2018-10-30,13.100000381469728,13.399999618530272,12.3100004196167,12.579999923706056,2481200.0
2018-10-31,13.5,14.5,13.279999732971191,13.630000114440918,8966500.0
2018-11-01,14.1899995803833,15.15999984741211,13.029999732971191,13.850000381469728,12344900.0
2018-11-02,14.43000030517578,15.18000030517578,14.15999984741211,14.960000038146973,5443900.0
2018-11-05,14.359999656677246,14.779999732971191,14.25,14.399999618530272,1709300.0
2018-11-06,14.90999984741211,15.479999542236328,14.350000381469728,14.359999656677246,4477600.0
2018-11-07,15.149999618530272,15.4399995803833,14.8100004196167,15.390000343322754,2010600.0
2018-11-08,14.489999771118164,15.079999923706056,14.350000381469728,15.0600004196167,2149400.0
2018-11-09,13.399999618530272,14.0600004196167,13.31999969482422,14.0600004196167,2689400.0
2018-11-12,12.899999618530272,13.710000038146973,12.779999732971191,13.510000228881836,3235700.0
2018-11-13,13.770000457763672,13.93000030517578,13.100000381469728,13.329999923706056,2395300.0
2018-11-14,13.5600004196167,14.140000343322754,13.539999961853027,13.869999885559082,1710900.0
2018-11-15,14.470000267028809,14.789999961853027,13.791999816894531,13.859999656677246,3435800.0
2018-11-16,14.5,14.9399995803833,13.960000038146973,14.199999809265137,3597400.0
2018-11-19,13.024999618530272,14.420000076293944,13.020000457763672,14.399999618530272,5016800.0
2018-11-20,13.600000381469728,13.899999618530272,12.850000381469728,13.050000190734863,5870700.0
2018-11-21,15.140000343322754,16.1299991607666,13.75,13.789999961853027,19460700.0
2018-11-23,14.979999542236328,15.0600004196167,14.199999809265137,14.529999732971191,2797700.0
2018-11-26,14.9399995803833,15.359999656677246,14.640000343322754,15.149999618530272,2888400.0
2018-11-27,14.970000267028809,15.1899995803833,14.5,14.699999809265137,3099600.0
2018-11-28,16.139999389648438,16.170000076293945,15.029999732971191,15.199999809265137,5337900.0
2018-11-29,14.93000030517578,15.949999809265137,14.640000343322754,15.93000030517578,6587000.0
2018-11-30,15.609999656677246,15.739999771118164,14.899999618530272,15.149999618530272,5782600.0
2018-12-03,15.420000076293944,16.739999771118164,15.31999969482422,16.290000915527344,5354700.0
2018-12-04,14.329999923706056,15.699999809265137,14.109999656677246,15.520000457763672,4901300.0
2018-12-06,14.68000030517578,14.729999542236328,13.899999618530272,14.029999732971191,4840400.0
2018-12-07,14.6899995803833,15.399999618530272,14.520000457763672,14.65999984741211,3614300.0
2018-12-10,14.710000038146973,15.08899974822998,14.59000015258789,14.59000015258789,3151300.0
2018-12-11,15.050000190734863,15.329999923706056,14.8100004196167,15.020000457763672,2029900.0
2018-12-12,15.289999961853027,15.640000343322754,15.170000076293944,15.300000190734863,3441400.0
2018-12-13,14.949999809265137,15.56999969482422,14.90999984741211,15.4399995803833,2628500.0
2018-12-14,15.220000267028809,15.43000030517578,14.300000190734863,14.800000190734863,4102300.0
2018-12-17,14.279999732971191,14.940999984741213,14.220000267028809,14.93000030517578,3110000.0
2018-12-18,14.720000267028809,14.800000190734863,14.300000190734863,14.479999542236328,3046800.0
2018-12-19,14.550000190734863,15.170000076293944,14.5,14.800000190734863,3241400.0
2018-12-20,14.630000114440918,15.229999542236328,14.050000190734863,15.18000030517578,7514500.0
2018-12-21,13.300000190734863,15.5,13.15999984741211,15.18000030517578,13876800.0
2018-12-24,13.710000038146973,13.829999923706056,12.65999984741211,13.039999961853027,4584300.0
2018-12-26,13.850000381469728,13.960000038146973,13.270000457763672,13.779999732971191,3562200.0
2018-12-27,14.079999923706056,14.199999809265137,13.329999923706056,13.40999984741211,2181400.0
2018-12-28,14.369999885559082,14.420000076293944,13.8100004196167,14.039999961853027,2762100.0
2018-12-31,14.59000015258789,15.0,14.399999618530272,14.56999969482422,2914100.0
2019-01-02,14.279999732971191,14.630000114440918,13.979999542236328,14.0,1902100.0
2019-01-03,12.949999809265137,14.199999809265137,12.850000381469728,14.1899995803833,5039100.0
2019-01-04,13.699999809265137,13.890000343322754,13.399999618530272,13.449999809265137,2971900.0
2019-01-07,14.270000457763672,14.369999885559082,13.739999771118164,13.9399995803833,2358000.0
2019-01-08,14.779999732971191,15.100000381469728,14.399999618530272,14.515000343322754,4795200.0
2019-01-09,15.75,16.3700008392334,14.010000228881836,14.039999961853027,7953100.0
2019-01-10,16.260000228881836,16.600000381469727,15.300000190734863,15.399999618530272,5974600.0
2019-01-11,15.359999656677246,16.09000015258789,15.289999961853027,16.020000457763672,4050200.0
2019-01-14,15.0600004196167,15.369999885559082,14.710000038146973,15.199999809265137,2387300.0
2019-01-15,15.510000228881836,15.800000190734863,15.229999542236328,15.329999923706056,3143300.0
2019-01-16,16.030000686645508,16.149999618530273,15.5600004196167,15.770000457763672,4317900.0
2019-01-17,16.530000686645508,16.81999969482422,15.75,15.899999618530272,3893900.0
2019-01-18,16.709999084472656,17.09000015258789,16.600000381469727,16.860000610351562,3635100.0
2019-01-22,15.93000030517578,16.190000534057617,15.75,16.15999984741211,4492900.0
2019-01-23,15.949999809265137,16.3700008392334,15.84000015258789,16.190000534057617,3083100.0
2019-01-24,16.889999389648438,17.18000030517578,16.0,16.09000015258789,4376000.0
2019-01-25,17.440000534057617,17.5,16.969999313354492,17.219999313354492,3764300.0
2019-01-28,17.979999542236328,18.15999984741211,16.799999237060547,17.139999389648438,4097100.0
2019-01-29,17.84000015258789,18.3799991607666,17.670000076293945,17.989999771118164,6344300.0
2019-01-30,17.760000228881836,18.299999237060547,17.68000030517578,18.190000534057617,2807300.0
2019-01-31,18.40999984741211,18.459999084472656,17.959999084472656,18.280000686645508,5100000.0
2019-02-01,17.829999923706055,18.61000061035156,17.75,18.299999237060547,3082300.0
2019-02-04,17.700000762939453,18.049999237060547,17.469999313354492,17.889999389648438,2415500.0
2019-02-05,18.209999084472656,18.434999465942383,17.65999984741211,17.760000228881836,2056400.0
2019-02-06,18.209999084472656,18.479999542236328,18.06999969482422,18.190000534057617,2865400.0
2019-02-07,17.18000030517578,18.065000534057617,16.989999771118164,17.989999771118164,4054700.0
2019-02-08,17.459999084472656,17.649999618530273,16.43000030517578,16.989999771118164,1702700.0
2019-02-11,17.290000915527344,17.950000762939453,17.149999618530273,17.825000762939453,2375000.0
2019-02-12,17.860000610351562,18.209999084472656,17.510000228881836,17.510000228881836,3905300.0
2019-02-13,18.200000762939453,18.5,17.964000701904297,18.11000061035156,2499700.0
2019-02-14,18.920000076293945,19.200000762939453,18.3799991607666,18.81999969482422,6906900.0
2019-02-15,17.739999771118164,18.51000022888184,17.719999313354492,18.5,6522000.0
2019-02-19,17.799999237060547,18.21999931335449,17.770000457763672,17.809999465942383,3313400.0
2019-02-20,18.309999465942383,18.75,18.020000457763672,18.030000686645508,5234800.0
2019-02-21,18.13999938964844,18.68000030517578,17.93000030517578,18.459999084472656,3018500.0
2019-02-22,19.479999542236328,19.549999237060547,18.424999237060547,18.450000762939453,7639100.0
2019-02-25,20.26000022888184,21.0,19.559999465942383,20.5,8690200.0
2019-02-26,19.729999542236328,19.979999542236328,19.049999237060547,19.670000076293945,4507000.0
2019-02-27,19.86000061035156,20.049999237060547,19.43000030517578,19.989999771118164,5961000.0
2019-02-28,18.979999542236328,21.5,18.540000915527344,20.89999961853028,17474500.0
2019-03-01,17.979999542236328,19.200000762939453,17.920000076293945,19.11000061035156,9815700.0
2019-03-04,18.81999969482422,19.0,17.56999969482422,17.6299991607666,10394200.0
2019-03-05,19.13999938964844,19.31999969482422,18.268999099731445,18.65999984741211,4526000.0
2019-03-06,18.65999984741211,19.1299991607666,18.51499938964844,19.0,4299400.0
2019-03-07,17.799999237060547,18.600000381469727,17.670000076293945,18.39999961853028,3948000.0
2019-03-08,17.940000534057617,18.200000762939453,17.149999618530273,17.209999084472656,3441200.0
2019-03-11,18.600000381469727,18.6200008392334,17.969999313354492,18.1200008392334,4642200.0
2019-03-12,18.89999961853028,19.26000022888184,18.6299991607666,18.709999084472656,3295500.0
2019-03-13,18.200000762939453,19.100000381469727,18.174999237060547,18.89999961853028,3825900.0
2019-03-14,18.5,18.600000381469727,18.18000030517578,18.299999237060547,1640100.0
2019-03-15,18.709999084472656,18.82999992370605,18.5,18.59000015258789,2184100.0
2019-03-18,18.5,18.950000762939453,18.3700008392334,18.90999984741211,2295800.0
2019-03-19,18.64999961853028,19.0,18.450000762939453,18.56999969482422,3482500.0
2019-03-20,17.75,18.64999961853028,17.719999313354492,18.6200008392334,5205700.0
2019-03-21,17.709999084472656,18.05699920654297,17.549999237060547,17.770000457763672,4727100.0
2019-03-22,17.209999084472656,17.690000534057617,17.200000762939453,17.600000381469727,4250900.0
2019-03-25,17.59000015258789,17.809999465942383,17.049999237060547,17.110000610351562,1901400.0
2019-03-26,17.700000762939453,17.899999618530273,17.610000610351562,17.649999618530273,2688100.0
2019-03-27,17.709999084472656,17.979999542236328,17.5,17.709999084472656,5441800.0
2019-03-28,18.100000381469727,18.200000762939453,17.670000076293945,17.75,3779300.0
2019-03-29,18.950000762939453,18.96999931335449,17.829999923706055,18.40999984741211,6273500.0
2019-04-01,18.799999237060547,19.299999237060547,18.15999984741211,19.239999771118164,5938400.0
2019-04-02,18.049999237060547,18.59000015258789,17.989999771118164,18.38999938964844,9102700.0
2019-04-03,18.07999992370605,18.600000381469727,17.979999542236328,18.270000457763672,21655200.0
2019-04-04,17.229999542236328,18.190000534057617,16.92099952697754,18.030000686645508,11660000.0
2019-04-05,18.020000457763672,18.25,17.239999771118164,17.389999389648438,7908800.0
2019-04-08,17.90999984741211,18.13500022888184,17.690000534057617,17.940000534057617,5201500.0
2019-04-09,17.84000015258789,17.959999084472656,17.770000457763672,17.920000076293945,2435300.0
2019-04-10,17.6299991607666,17.989999771118164,17.420000076293945,17.989999771118164,2902900.0
2019-04-11,17.469999313354492,17.770000457763672,17.3799991607666,17.5,3652900.0
2019-04-12,18.31999969482422,18.520000457763672,17.68000030517578,17.81999969482422,7307200.0
2019-04-15,17.18000030517578,18.14999961853028,16.8799991607666,18.07999992370605,8859100.0
2019-04-16,17.100000381469727,17.549999237060547,17.0,17.489999771118164,4515100.0
2019-04-17,16.93000030517578,17.299999237060547,16.709999084472656,17.260000228881836,5296400.0
2019-04-18,17.450000762939453,17.540000915527344,16.959999084472656,17.0,3426600.0
2019-04-22,17.719999313354492,17.75,17.0,17.0,2792600.0
2019-04-23,17.729999542236328,17.989999771118164,17.611000061035156,17.6200008392334,4245600.0
2019-04-24,17.770000457763672,17.889999389648438,17.190000534057617,17.65999984741211,2285000.0
2019-04-25,17.489999771118164,17.649999618530273,17.030000686645508,17.540000915527344,2990600.0
2019-04-26,17.780000686645508,17.809999465942383,17.2810001373291,17.469999313354492,2251800.0
2019-04-29,17.68000030517578,17.850000381469727,17.413000106811523,17.719999313354492,2642800.0
2019-04-30,17.799999237060547,17.899999618530273,17.450000762939453,17.559999465942383,3617400.0
2019-05-01,17.829999923706055,18.07999992370605,17.80500030517578,17.899999618530273,2544300.0
2019-05-02,17.719999313354492,18.14999961853028,17.514999389648438,17.799999237060547,2462900.0
2019-05-03,18.190000534057617,18.309999465942383,17.75,17.899999618530273,3247500.0
2019-05-06,17.399999618530273,17.56999969482422,17.030000686645508,17.350000381469727,4826500.0
2019-05-07,17.09000015258789,17.600000381469727,16.969999313354492,17.270000457763672,3042500.0
2019-05-08,17.139999389648438,17.389999389648438,16.799999237060547,17.079999923706055,3634400.0
2019-05-09,17.139999389648438,17.170000076293945,16.190000534057617,16.709999084472656,6096600.0
2019-05-10,17.100000381469727,17.5,16.579999923706055,17.170000076293945,3930900.0
2019-05-13,16.209999084472656,16.649999618530273,16.030000686645508,16.510000228881836,4672900.0
2019-05-14,15.390000343322754,16.700000762939453,14.81999969482422,16.690000534057617,16739100.0
2019-05-15,15.529999732971191,15.6899995803833,15.1899995803833,15.460000038146973,4802100.0
2019-05-16,15.8100004196167,15.96500015258789,15.50100040435791,15.630000114440918,3529900.0
2019-05-17,15.350000381469728,15.699999809265137,15.25,15.529999732971191,4076700.0
2019-05-20,14.579999923706056,15.100000381469728,14.43000030517578,15.0,4531100.0
2019-05-21,14.770000457763672,15.03499984741211,14.640000343322754,14.869999885559082,5223500.0
2019-05-22,14.6899995803833,14.994999885559082,14.449999809265137,14.729999542236328,2483000.0
2019-05-23,14.31999969482422,14.472999572753906,13.829999923706056,14.199999809265137,4847400.0
2019-05-24,14.050000190734863,14.574000358581545,13.989999771118164,14.489999771118164,2452900.0
2019-05-28,14.010000228881836,14.630000114440918,13.979999542236328,14.369999885559082,3617400.0
2019-05-29,13.779999732971191,14.020000457763672,13.654999732971191,13.880000114440918,3338000.0
2019-05-30,13.890000343322754,14.050000190734863,13.81999969482422,13.93000030517578,1532700.0
2019-05-31,13.5,13.720000267028809,13.300000190734863,13.630000114440918,2886300.0
2019-06-03,13.479999542236328,13.795000076293944,13.229999542236328,13.510000228881836,5497300.0
2019-06-04,14.109999656677246,14.274999618530272,13.270000457763672,13.449999809265137,5363800.0
2019-06-05,13.989999771118164,14.449999809265137,13.479999542236328,14.420000076293944,6164700.0
2019-06-06,14.170000076293944,14.34000015258789,13.729999542236328,13.899999618530272,2654300.0
2019-06-07,14.800000190734863,15.100000381469728,14.100000381469728,14.149999618530272,5002000.0
2019-06-10,15.0600004196167,15.3100004196167,14.880000114440918,14.90999984741211,3584400.0
2019-06-11,14.920000076293944,15.628999710083008,14.545000076293944,15.510000228881836,5314200.0
2019-06-12,14.6899995803833,14.779999732971191,14.40999984741211,14.5600004196167,1471300.0
2019-06-13,14.479999542236328,14.800000190734863,14.25,14.619999885559082,3091900.0
2019-06-14,14.270000457763672,14.449999809265137,14.010000228881836,14.329999923706056,2575900.0
2019-06-17,14.359999656677246,14.579999923706056,14.1899995803833,14.199999809265137,1461100.0
2019-06-18,15.15999984741211,15.5,14.5,14.59000015258789,4473100.0
2019-06-19,15.1899995803833,15.34000015258789,14.949999809265137,15.229999542236328,955000.0
2019-06-20,15.579999923706056,15.93000030517578,15.479999542236328,15.56999969482422,3130600.0
2019-06-21,15.4399995803833,15.56999969482422,15.100000381469728,15.34000015258789,2675600.0
2019-06-24,16.06999969482422,16.239999771118164,15.279999732971191,15.4399995803833,3683600.0
2019-06-25,15.640000343322754,16.139999389648438,15.470000267028809,15.880000114440918,2839100.0
2019-06-26,15.970000267028809,16.229999542236328,15.899999618530272,15.899999618530272,1905400.0
2019-06-27,16.100000381469727,16.25,15.9399995803833,16.06999969482422,2739800.0
2019-06-28,16.270000457763672,16.280000686645508,15.81999969482422,15.890000343322754,1853900.0
2019-07-01,16.479999542236328,16.81999969482422,16.260000228881836,16.549999237060547,4575000.0
2019-07-02,16.610000610351562,16.700000762939453,16.25,16.420000076293945,2952500.0
2019-07-03,16.6299991607666,16.65999984741211,16.299999237060547,16.600000381469727,1189600.0
2019-07-05,16.739999771118164,16.799999237060547,16.399999618530273,16.520000457763672,956300.0
2019-07-08,16.559999465942383,16.610000610351562,16.399999618530273,16.5,1076200.0
2019-07-09,16.600000381469727,16.65999984741211,16.183000564575195,16.299999237060547,1391200.0
2019-07-10,16.59000015258789,16.829999923706055,16.479999542236328,16.700000762939453,2012500.0
2019-07-11,16.469999313354492,16.700000762939453,16.329999923706055,16.649999618530273,1145800.0
2019-07-12,16.399999618530273,16.75,16.325000762939453,16.600000381469727,1399700.0
2019-07-15,16.450000762939453,16.65999984741211,16.405000686645508,16.579999923706055,1491300.0
2019-07-16,16.06999969482422,16.549999237060547,16.05500030517578,16.5,1327600.0
2019-07-17,15.579999923706056,16.100000381469727,15.359999656677246,16.100000381469727,2816900.0
2019-07-18,15.529999732971191,15.625,15.0600004196167,15.5,1997900.0
2019-07-19,15.539999961853027,15.800000190734863,15.425000190734863,15.65999984741211,2031700.0
2019-07-22,15.5600004196167,16.239999771118164,15.40999984741211,15.779999732971191,2589000.0
2019-07-23,15.710000038146973,16.18000030517578,15.699999809265137,15.779999732971191,4330800.0
2019-07-24,15.800000190734863,15.949999809265137,15.720000267028809,15.84000015258789,1909900.0
2019-07-25,15.699999809265137,15.989999771118164,15.5,15.869999885559082,2056100.0
2019-07-26,15.960000038146973,16.200000762939453,15.75,15.760000228881836,1748500.0
2019-07-29,16.1299991607666,16.149999618530273,15.770000457763672,16.0,1537100.0
2019-07-30,15.489999771118164,16.030000686645508,15.369999885559082,15.899999618530272,2580400.0
2019-07-31,15.149999618530272,15.5,14.899999618530272,15.5,3207400.0
2019-08-01,14.75,15.489999771118164,14.600000381469728,15.25,2556100.0
2019-08-02,14.720000267028809,14.789999961853027,14.210000038146973,14.699999809265137,2139600.0
2019-08-05,13.8100004196167,14.295000076293944,13.609999656677246,14.199999809265137,7192500.0
2019-08-06,13.949999809265137,14.539999961853027,13.880000114440918,14.260000228881836,4844600.0
2019-08-07,14.039999961853027,14.390000343322754,13.670000076293944,14.15999984741211,4303800.0
2019-08-08,14.1899995803833,14.359999656677246,13.9399995803833,14.1899995803833,2475100.0
2019-08-09,13.90999984741211,14.11299991607666,13.859999656677246,14.09000015258789,2122600.0
2019-08-12,13.84000015258789,14.010000228881836,13.699999809265137,13.75,1691300.0
2019-08-13,14.010000228881836,14.06999969482422,13.729999542236328,13.880000114440918,4253700.0
2019-08-14,13.8100004196167,13.960000038146973,13.550000190734863,13.699999809265137,2014400.0
2019-08-15,14.010000228881836,14.130000114440918,13.899999618530272,13.920000076293944,1028400.0
2019-08-16,14.520000457763672,14.779999732971191,14.279999732971191,14.289999961853027,2501800.0
2019-08-19,14.5,15.01099967956543,14.399999618530272,14.850000381469728,3142200.0
2019-08-20,14.3100004196167,14.579999923706056,14.210000038146973,14.420000076293944,1697500.0
2019-08-21,14.40999984741211,14.539999961853027,14.31999969482422,14.5,1427500.0
2019-08-22,14.699999809265137,14.739999771118164,14.350000381469728,14.5600004196167,2945000.0
2019-08-23,14.699999809265137,15.34000015258789,14.579999923706056,14.579999923706056,4211200.0
2019-08-26,14.5,15.149999618530272,14.0,15.119999885559082,7836000.0
2019-08-27,13.920000076293944,14.899999618530272,13.850000381469728,14.3100004196167,6020000.0
2019-08-28,13.529999732971191,13.859999656677246,13.359999656677246,13.8100004196167,4262600.0
2019-08-29,13.699999809265137,14.020000457763672,13.579999923706056,13.75,2736800.0
2019-08-30,14.050000190734863,14.248000144958496,13.75,13.75,2268700.0
2019-09-03,14.15999984741211,14.4399995803833,13.8100004196167,13.8100004196167,2755300.0
2019-09-04,13.770000457763672,14.31999969482422,13.699999809265137,14.31999969482422,4553800.0
2019-09-05,14.59000015258789,14.649999618530272,14.0,14.0,7928200.0
2019-09-06,14.460000038146973,14.890000343322754,14.359999656677246,14.699999809265137,3314000.0
2019-09-09,14.34000015258789,14.515000343322754,14.239999771118164,14.479999542236328,1597700.0
2019-09-10,14.869999885559082,14.899999618530272,14.15999984741211,14.270000457763672,3981500.0
2019-09-11,15.210000038146973,15.279999732971191,14.800000190734863,14.979999542236328,4430400.0
2019-09-12,15.140000343322754,15.359999656677246,14.90999984741211,15.300000190734863,3548100.0
2019-09-13,15.0600004196167,15.279999732971191,14.9399995803833,15.199999809265137,1693400.0
2019-09-16,15.0,15.19499969482422,14.869999885559082,14.899999618530272,2288000.0
2019-09-17,15.239999771118164,15.30500030517578,14.829999923706056,14.90999984741211,1678200.0
2019-09-18,15.210000038146973,15.350000381469728,14.960000038146973,15.239999771118164,1889900.0
2019-09-19,15.100000381469728,15.43000030517578,15.100000381469728,15.239999771118164,1769200.0
2019-09-20,15.260000228881836,15.479999542236328,15.029999732971191,15.09000015258789,2801000.0
2019-09-23,15.100000381469728,15.329999923706056,14.970000267028809,15.239999771118164,1560500.0
2019-09-24,14.600000381469728,15.1899995803833,14.449999809265137,15.100000381469728,3471200.0
2019-09-25,14.890000343322754,14.94499969482422,14.40999984741211,14.520000457763672,2742000.0
2019-09-26,15.020000457763672,15.130000114440918,14.8100004196167,14.9399995803833,1813000.0
2019-09-27,14.329999923706056,15.289999961853027,14.050000190734863,15.050000190734863,3475300.0
2019-09-30,14.119999885559082,14.550000190734863,14.06999969482422,14.470000267028809,1441300.0
2019-10-01,13.800000190734863,14.199999809265137,13.739999771118164,14.140000343322754,2090100.0
2019-10-02,13.800000190734863,13.928999900817873,13.609999656677246,13.6899995803833,1844000.0
2019-10-03,14.220000267028809,14.229999542236328,13.638999938964844,13.850000381469728,1568000.0
2019-10-04,13.920000076293944,14.25,13.850000381469728,14.170000076293944,1346300.0
2019-10-07,13.640000343322754,13.949999809265137,13.56999969482422,13.880000114440918,2375600.0
2019-10-08,13.4399995803833,13.600000381469728,13.229999542236328,13.56999969482422,2636400.0
2019-10-09,13.789999961853027,13.81999969482422,13.524999618530272,13.779999732971191,1363700.0
2019-10-10,14.010000228881836,14.076000213623049,13.789999961853027,13.8100004196167,1448300.0
2019-10-11,14.369999885559082,14.800000190734863,14.31999969482422,14.5600004196167,2744400.0
2019-10-14,14.350000381469728,14.43000030517578,14.149999618530272,14.260000228881836,989500.0
2019-10-15,14.510000228881836,14.630000114440918,14.359999656677246,14.4399995803833,939100.0
2019-10-16,14.5600004196167,14.5600004196167,14.100000381469728,14.449999809265137,1357800.0
2019-10-17,14.350000381469728,14.6899995803833,14.300000190734863,14.630000114440918,2952600.0
2019-10-18,14.40999984741211,14.550000190734863,14.25,14.300000190734863,1341100.0
2019-10-21,14.859999656677246,14.890000343322754,14.470000267028809,14.5,1401400.0
2019-10-22,14.5600004196167,14.899999618530272,14.5600004196167,14.859999656677246,702900.0
2019-10-23,14.420000076293944,14.699999809265137,14.34000015258789,14.550000190734863,1148600.0
2019-10-24,15.260000228881836,15.510000228881836,14.5,14.5,4087400.0
2019-10-25,15.520000457763672,15.609999656677246,15.100000381469728,15.100000381469728,1752900.0
2019-10-28,15.720000267028809,15.90999984741211,15.5,15.5600004196167,2350000.0
2019-10-29,15.56999969482422,15.699999809265137,15.43000030517578,15.600000381469728,1465300.0
2019-10-30,15.710000038146973,15.75,15.43000030517578,15.510000228881836,2551300.0
2019-10-31,15.789999961853027,15.869999885559082,15.630000114440918,15.6899995803833,2226700.0
2019-11-01,16.459999084472656,16.5,15.899999618530272,15.979999542236328,4874600.0
2019-11-04,16.780000686645508,16.780000686645508,16.299999237060547,16.719999313354492,3662000.0
2019-11-05,16.420000076293945,16.780000686645508,16.3799991607666,16.780000686645508,1969800.0
2019-11-06,16.440000534057617,16.5,16.28499984741211,16.420000076293945,1438800.0
2019-11-07,16.950000762939453,16.959999084472656,16.600000381469727,16.610000610351562,3431000.0
2019-11-08,16.579999923706055,16.93000030517578,16.40999984741211,16.90999984741211,2977500.0
2019-11-11,16.770000457763672,16.895000457763672,16.299999237060547,16.350000381469727,2018500.0
2019-11-12,16.68000030517578,16.8799991607666,16.475000381469727,16.790000915527344,3216000.0
2019-11-13,16.770000457763672,17.0049991607666,16.579999923706055,16.579999923706055,1926800.0
2019-11-14,16.329999923706055,16.809999465942383,16.200000762939453,16.799999237060547,1653900.0
2019-11-15,16.709999084472656,16.719999313354492,16.26099967956543,16.40999984741211,2565600.0
2019-11-18,16.3799991607666,17.010000228881836,16.270000457763672,17.010000228881836,3939200.0
2019-11-19,15.729999542236328,16.649999618530273,15.18000030517578,16.600000381469727,9075000.0
2019-11-20,16.290000915527344,16.6299991607666,15.420000076293944,15.5,4344600.0
2019-11-21,16.920000076293945,17.084999084472656,16.299999237060547,16.34000015258789,3826400.0
2019-11-22,16.59000015258789,16.979999542236328,16.559999465942383,16.93000030517578,2824300.0
2019-11-25,16.809999465942383,16.940000534057617,16.360000610351562,16.5,2032900.0
2019-11-26,16.799999237060547,16.989999771118164,16.625,16.84000015258789,1137900.0
2019-11-27,17.0,17.299999237060547,16.809999465942383,16.889999389648438,2373000.0
2019-11-29,17.280000686645508,17.299999237060547,16.440000534057617,16.850000381469727,1324900.0
2019-12-02,17.40999984741211,17.5,17.049999237060547,17.200000762939453,3100100.0
2019-12-03,16.68000030517578,17.100000381469727,16.469999313354492,16.899999618530273,3037700.0
2019-12-04,16.420000076293945,16.88599967956543,16.350000381469727,16.799999237060547,1805500.0
2019-12-05,16.950000762939453,17.19499969482422,16.450000762939453,16.540000915527344,2859100.0
2019-12-06,17.170000076293945,17.239999771118164,17.020000457763672,17.059999465942383,1687200.0
2019-12-09,16.989999771118164,17.389999389648438,16.93000030517578,17.079999923706055,2929800.0
2019-12-10,16.959999084472656,17.190000534057617,16.899999618530273,17.110000610351562,2079200.0
2019-12-11,17.540000915527344,17.610000610351562,16.989999771118164,17.100000381469727,1549000.0
2019-12-12,17.739999771118164,17.829999923706055,17.399999618530273,17.479999542236328,1748000.0
2019-12-13,17.899999618530273,18.040000915527344,17.670000076293945,17.75,3535100.0
2019-12-16,17.959999084472656,18.07999992370605,17.780000686645508,18.049999237060547,1983500.0
2019-12-17,17.850000381469727,18.059999465942383,17.6299991607666,18.059999465942383,3074800.0
2019-12-18,17.690000534057617,17.860000610351562,17.469999313354492,17.860000610351562,2692300.0
2019-12-19,18.040000915527344,18.09000015258789,17.610000610351562,17.790000915527344,2265700.0
2019-12-20,17.940000534057617,18.5,17.90999984741211,18.09000015258789,1994900.0
2019-12-23,18.420000076293945,18.5,17.959999084472656,18.0,1852600.0
2019-12-24,18.440000534057617,18.56999969482422,18.334999084472656,18.440000534057617,982900.0
2019-12-26,18.34000015258789,18.4689998626709,18.239999771118164,18.450000762939453,1377500.0
2019-12-27,18.239999771118164,18.39999961853028,18.100000381469727,18.309999465942383,1753400.0
2019-12-30,18.450000762939453,18.59000015258789,18.1299991607666,18.200000762939453,3092200.0
2019-12-31,18.6200008392334,19.170000076293945,18.475000381469727,18.549999237060547,2975200.0
2020-01-02,20.950000762939453,21.88999938964844,19.299999237060547,19.46999931335449,12629400.0
2020-01-03,22.07999992370605,22.59000015258789,20.530000686645508,20.549999237060547,11520900.0
2020-01-06,23.209999084472656,23.450000762939453,21.40999984741211,21.459999084472656,10695200.0
2020-01-07,23.1299991607666,23.20499992370605,22.420000076293945,23.170000076293945,7407000.0
2020-01-08,23.84000015258789,23.90999984741211,22.190000534057617,22.920000076293945,7880800.0
2020-01-09,23.15999984741211,24.46999931335449,22.8700008392334,24.290000915527344,8422200.0
2020-01-10,21.549999237060547,22.59000015258789,20.82999992370605,22.56999969482422,11025500.0
2020-01-13,21.989999771118164,22.83300018310547,21.850000381469727,22.350000381469727,7101800.0
2020-01-14,22.8700008392334,23.01499938964844,21.979999542236328,22.0,5563700.0
2020-01-15,23.030000686645508,23.270000457763672,22.76000022888184,22.93000030517578,4048400.0
2020-01-16,22.96999931335449,23.600000381469727,22.76000022888184,23.57999992370605,3051900.0
2020-01-17,22.799999237060547,23.15999984741211,22.40999984741211,23.11000061035156,6592500.0
2020-01-21,22.61000061035156,23.25,22.13999938964844,22.51000022888184,6813700.0
2020-01-22,22.540000915527344,23.059999465942383,22.530000686645508,22.799999237060547,4416400.0
2020-01-23,22.51000022888184,22.65999984741211,21.75,22.0,3872300.0
2020-01-24,21.81999969482422,23.08300018310547,21.59000015258789,22.8700008392334,4052900.0
2020-01-27,22.299999237060547,22.46999931335449,20.61000061035156,20.850000381469727,4487900.0
2020-01-28,22.40999984741211,22.780000686645508,21.989999771118164,22.61000061035156,3137800.0
2020-01-29,22.3799991607666,22.61000061035156,22.040000915527344,22.59000015258789,2122200.0
2020-01-30,21.26000022888184,22.239999771118164,20.780000686645508,22.07999992370605,4479900.0
2020-01-31,21.549999237060547,21.700000762939453,21.1299991607666,21.280000686645508,4058000.0
2020-02-03,23.040000915527344,23.299999237060547,21.51000022888184,21.549999237060547,6803200.0
2020-02-04,23.57999992370605,23.979999542236328,23.257999420166016,23.780000686645508,4123200.0
2020-02-05,23.26000022888184,24.170000076293945,22.757999420166016,24.100000381469727,5373400.0
2020-02-06,26.34000015258789,26.71999931335449,23.15999984741211,23.65999984741211,11637500.0
2020-02-07,24.989999771118164,26.21999931335449,24.520000457763672,26.020000457763672,7705200.0
2020-02-10,25.459999084472656,26.170000076293945,24.82999992370605,25.88999938964844,8481200.0
2020-02-11,26.549999237060547,27.549999237060547,25.76000022888184,25.76000022888184,9339300.0
2020-02-12,27.530000686645508,28.15999984741211,27.059999465942383,27.549999237060547,7957300.0
2020-02-13,27.76000022888184,28.540000915527344,27.36000061035156,27.440000534057617,6367200.0
2020-02-14,28.690000534057617,28.950000762939453,27.82999992370605,28.280000686645508,5147000.0
2020-02-18,27.1299991607666,29.0049991607666,26.645999908447266,29.0,11429100.0
2020-02-19,27.71999931335449,27.950000762939453,27.3700008392334,27.3700008392334,3682500.0
2020-02-20,27.940000534057617,28.413000106811523,27.0,27.979999542236328,4955200.0
2020-02-21,26.8799991607666,27.989999771118164,26.71999931335449,27.989999771118164,5892300.0
2020-02-24,26.920000076293945,27.14200019836425,25.280000686645508,25.70499992370605,6715300.0
2020-02-25,26.71999931335449,27.979999542236328,26.58099937438965,27.600000381469727,8947200.0
2020-02-26,27.56999969482422,29.280000686645508,27.06999969482422,27.600000381469727,11267300.0
2020-02-27,26.6299991607666,27.290000915527344,25.7549991607666,27.0,5991100.0
2020-02-28,25.68000030517578,26.14999961853028,24.559999465942383,25.5,8608400.0
2020-03-02,27.229999542236328,27.25,25.86000061035156,26.479999542236328,6444500.0
2020-03-03,26.239999771118164,27.56999969482422,25.850000381469727,27.420000076293945,5497100.0
2020-03-04,27.549999237060547,27.56999969482422,26.71999931335449,26.770000457763672,4342800.0
2020-03-05,28.11000061035156,28.270000457763672,27.06999969482422,27.11000061035156,5839200.0
2020-03-06,26.68000030517578,27.8700008392334,25.93000030517578,27.25,6600700.0
2020-03-09,25.1200008392334,25.979999542236328,23.700000762939453,24.76000022888184,6248200.0
2020-03-10,26.0,26.600000381469727,25.114999771118164,26.209999084472656,4025300.0
2020-03-11,25.670000076293945,26.709999084472656,25.15999984741211,25.450000762939453,4800500.0
2020-03-12,23.799999237060547,24.25,22.84000015258789,23.979999542236328,8105200.0
2020-03-13,23.3700008392334,25.39999961853028,22.229999542236328,25.0,6556800.0
2020-03-16,22.15999984741211,23.15999984741211,20.0,21.11000061035156,4817700.0
2020-03-17,24.350000381469727,24.76000022888184,21.295000076293945,23.049999237060547,7198800.0
2020-03-18,21.01000022888184,23.89999961853028,19.25,22.040000915527344,13855400.0
2020-03-19,20.84000015258789,21.950000762939453,20.0,21.299999237060547,7021900.0
2020-03-20,20.190000534057617,21.93000030517578,20.0,21.799999237060547,5957000.0
2020-03-23,20.26000022888184,20.559999465942383,19.450000762939453,20.0,5392500.0
2020-03-24,22.200000762939453,22.815000534057617,21.1299991607666,21.350000381469727,7557700.0
2020-03-25,22.8700008392334,23.979999542236328,22.5,22.6200008392334,6298100.0
2020-03-26,23.040000915527344,23.84000015258789,22.65999984741211,23.06999969482422,3560800.0
2020-03-27,22.11000061035156,22.799999237060547,22.049999237060547,22.170000076293945,3315400.0
2020-03-30,22.959999084472656,23.25,22.14999961853028,22.39999961853028,3996300.0
2020-03-31,23.420000076293945,24.75,22.51000022888184,22.90999984741211,5230200.0
2020-04-01,24.059999465942383,24.850000381469727,23.11000061035156,23.11000061035156,3789900.0
2020-04-02,24.420000076293945,24.57999992370605,23.239999771118164,23.979999542236328,4885000.0
2020-04-03,24.11000061035156,24.700000762939453,23.61000061035156,24.309999465942383,3329300.0
2020-04-06,25.559999465942383,25.584999084472656,24.71999931335449,24.90999984741211,3811900.0
2020-04-07,26.489999771118164,26.89999961853028,25.540000915527344,26.11000061035156,5859400.0
2020-04-08,26.200000762939453,26.5,24.39999961853028,25.84000015258789,5526400.0
2020-04-09,26.82999992370605,29.739999771118164,26.299999237060547,27.850000381469727,10328500.0
2020-04-13,26.209999084472656,27.1200008392334,25.809999465942383,27.030000686645508,5070400.0
2020-04-14,27.479999542236328,27.8700008392334,26.790000915527344,27.0,6749700.0
2020-04-15,28.100000381469727,28.450000762939453,26.81999969482422,27.0,3114800.0
2020-04-16,28.780000686645508,29.420000076293945,28.045000076293945,28.3799991607666,4294300.0
2020-04-17,29.0,29.700000762939453,28.3700008392334,29.299999237060547,4889200.0
2020-04-20,29.68000030517578,30.299999237060547,28.440000534057617,28.690000534057617,4052100.0
2020-04-21,28.56999969482422,29.940000534057617,27.920000076293945,29.21999931335449,4705500.0
2020-04-22,30.200000762939453,30.5,29.200000762939453,29.229999542236328,3681100.0
2020-04-23,28.01000022888184,30.01000022888184,27.5,29.959999084472656,9417400.0
2020-04-24,27.739999771118164,27.989999771118164,27.31999969482422,27.989999771118164,6468100.0
2020-04-27,27.709999084472656,28.340999603271484,27.59000015258789,28.32999992370605,5371900.0
2020-04-28,26.959999084472656,28.100000381469727,26.61000061035156,28.07999992370605,4211400.0
2020-04-29,27.76000022888184,27.959999084472656,27.209999084472656,27.549999237060547,2745700.0
2020-04-30,27.38999938964844,28.30500030517578,27.09000015258789,27.540000915527344,3365700.0
2020-05-01,25.13999938964844,26.850000381469727,25.0,26.57999992370605,7351500.0
2020-05-04,26.530000686645508,27.100000381469727,26.045000076293945,26.36000061035156,5052200.0
2020-05-05,27.51000022888184,28.01000022888184,27.26000022888184,27.280000686645508,3633700.0
2020-05-06,27.979999542236328,28.56999969482422,27.90999984741211,28.030000686645508,2815400.0
2020-05-07,28.64999961853028,28.76000022888184,27.88999938964844,28.5,3880800.0
2020-05-08,29.0,29.84000015258789,28.6200008392334,28.81999969482422,3280300.0
2020-05-11,28.68000030517578,29.190000534057617,28.07999992370605,28.76000022888184,3598300.0
2020-05-12,29.239999771118164,30.1299991607666,28.6299991607666,28.8799991607666,3650300.0
2020-05-13,30.68000030517578,31.170000076293945,29.81999969482422,29.940000534057617,6841500.0
2020-05-14,31.030000686645508,31.1200008392334,28.64999961853028,30.21999931335449,5343700.0
2020-05-15,30.8799991607666,31.6200008392334,30.100000381469727,30.239999771118164,5019200.0
2020-05-18,33.65999984741211,34.099998474121094,31.86000061035156,32.0,9193100.0
2020-05-19,35.220001220703125,36.2599983215332,31.36000061035156,33.04999923706055,15117100.0
2020-05-20,32.70000076293945,36.470001220703125,32.150001525878906,35.900001525878906,11201800.0
2020-05-21,33.93000030517578,34.02000045776367,31.5,31.93000030517578,7564300.0
2020-05-22,33.040000915527344,33.38999938964844,31.549999237060547,32.400001525878906,5388200.0
2020-05-26,33.130001068115234,34.70000076293945,33.060001373291016,33.90999984741211,3563200.0
2020-05-27,32.29999923706055,34.189998626708984,30.8799991607666,34.08000183105469,6215900.0
2020-05-28,30.739999771118164,33.02000045776367,30.540000915527344,31.34000015258789,8328100.0
2020-05-29,32.43000030517578,32.77000045776367,30.440000534057617,30.86000061035156,19147900.0
2020-06-01,33.060001373291016,33.32500076293945,32.31999969482422,32.439998626708984,4416500.0
2020-06-02,34.189998626708984,34.20000076293945,32.40999984741211,33.38999938964844,5899000.0
2020-06-03,34.150001525878906,34.540000915527344,33.310001373291016,34.540000915527344,4703300.0
2020-06-04,33.560001373291016,34.5,33.28099822998047,34.20000076293945,4179300.0
2020-06-05,34.5,34.540000915527344,33.11000061035156,33.900001525878906,5915000.0
2020-06-08,34.959999084472656,35.70000076293945,33.84000015258789,34.68000030517578,5138300.0
2020-06-09,33.869998931884766,35.0880012512207,33.790000915527344,34.709999084472656,3618300.0
2020-06-10,35.47999954223633,35.790000915527344,33.939998626708984,34.119998931884766,4690900.0
2020-06-11,33.900001525878906,35.13199996948242,33.584999084472656,34.11000061035156,4038800.0
2020-06-12,35.869998931884766,36.0099983215332,34.290000915527344,34.97999954223633,5585500.0
2020-06-15,38.209999084472656,38.53499984741211,35.02000045776367,35.060001373291016,7566700.0
2020-06-16,39.34000015258789,40.0,38.33000183105469,39.75,6391300.0
2020-06-17,41.11000061035156,42.0,39.08000183105469,39.59999847412109,6371900.0
2020-06-18,42.61000061035156,42.79999923706055,40.70000076293945,41.27999877929688,7089000.0
2020-06-19,44.720001220703125,45.95000076293945,43.650001525878906,44.18999862670898,15148400.0
2020-06-22,42.88999938964844,45.025001525878906,41.540000915527344,45.0,8230800.0
2020-06-23,44.63999938964844,45.34000015258789,43.27000045776367,43.7400016784668,5023900.0
2020-06-24,44.02999877929688,44.959999084472656,42.54999923706055,44.77000045776367,5074500.0
2020-06-25,44.56999969482422,44.61000061035156,43.45000076293945,43.45000076293945,2616300.0
2020-06-26,44.52000045776367,45.43999862670898,43.63999938964844,44.86000061035156,3748200.0
2020-06-29,45.5,46.16999816894531,43.59000015258789,44.02999877929688,5393800.0
2020-06-30,46.31999969482422,47.91999816894531,45.29999923706055,45.29999923706055,5950800.0
2020-07-01,47.150001525878906,47.43999862670898,46.02999877929688,46.77000045776367,3578400.0
2020-07-02,48.18000030517578,49.18999862670898,47.810001373291016,48.41999816894531,4361900.0
2020-07-06,44.13999938964844,51.25,43.400001525878906,51.16999816894531,22247800.0
2020-07-07,46.22999954223633,46.560001373291016,43.5,45.09000015258789,9304900.0
2020-07-08,46.66999816894531,48.34999847412109,45.09999847412109,47.75,7152600.0
2020-07-09,48.22999954223633,49.5,46.709999084472656,49.290000915527344,7391500.0
2020-07-10,47.54999923706055,48.209999084472656,46.130001068115234,47.790000915527344,4514700.0
2020-07-13,45.310001373291016,49.369998931884766,45.0,48.19100189208984,6852100.0
2020-07-14,43.97999954223633,44.130001068115234,41.29999923706055,43.95000076293945,9998200.0
2020-07-15,43.220001220703125,44.66999816894531,42.65999984741211,44.650001525878906,4293600.0
2020-07-16,42.540000915527344,42.78499984741211,40.380001068115234,40.82400131225586,9050300.0
2020-07-17,41.900001525878906,42.58000183105469,41.52999877929688,42.25400161743164,3440300.0
2020-07-20,42.380001068115234,42.58000183105469,40.810001373291016,42.150001525878906,5145900.0
2020-07-21,44.15999984741211,45.36000061035156,43.5,44.0,7570800.0
2020-07-22,42.310001373291016,45.0,41.77999877929688,43.26399993896485,4857800.0
2020-07-23,41.0,43.4900016784668,40.6150016784668,43.220001220703125,6635300.0
2020-07-24,40.09999847412109,40.31999969482422,38.540000915527344,39.0099983215332,5854700.0
2020-07-27,41.31999969482422,41.40999984741211,39.65999984741211,40.08000183105469,3403800.0
2020-07-28,40.86000061035156,42.630001068115234,40.7599983215332,41.540000915527344,2815600.0
2020-07-29,41.77000045776367,42.31499862670898,41.09999847412109,41.34999847412109,3115200.0
2020-07-30,41.29999923706055,42.119998931884766,40.77000045776367,41.380001068115234,1982600.0
2020-07-31,43.58000183105469,43.650001525878906,41.45000076293945,41.79999923706055,5780200.0
2020-08-03,46.02999877929688,47.619998931884766,44.40999984741211,44.78499984741211,8228900.0
2020-08-04,45.18999862670898,46.59000015258789,44.56499862670898,46.0,4517200.0
2020-08-05,45.52000045776367,46.22999954223633,44.93999862670898,45.95000076293945,3714900.0
2020-08-06,44.43999862670898,46.45000076293945,43.43999862670898,46.209999084472656,4354700.0
2020-08-07,41.61000061035156,43.20000076293945,40.77000045776367,42.709999084472656,7229900.0
2020-08-10,41.0,42.06499862670898,40.2400016784668,42.0,5301600.0
2020-08-11,40.34000015258789,41.43000030517578,40.119998931884766,41.290000915527344,3668100.0
2020-08-12,40.93999862670898,41.41999816894531,40.28400039672852,40.72999954223633,2639700.0
2020-08-13,41.75,42.18999862670898,41.119998931884766,41.59999847412109,3805700.0
2020-08-14,41.58000183105469,42.41999816894531,40.900001525878906,41.93999862670898,2892700.0
2020-08-17,43.4900016784668,43.59999847412109,41.95500183105469,42.11199951171875,2866000.0
2020-08-18,45.310001373291016,45.43999862670898,43.810001373291016,43.810001373291016,4733500.0
2020-08-19,45.27000045776367,45.79999923706055,44.380001068115234,44.97999954223633,3066000.0
2020-08-20,45.06999969482422,45.66999816894531,44.68999862670898,45.0,2200000.0
2020-08-21,44.9900016784668,45.619998931884766,44.54999923706055,44.56999969482422,2832100.0
2020-08-24,46.119998931884766,48.34000015258789,45.6349983215332,46.31999969482422,5653000.0
2020-08-25,47.0,47.29999923706055,45.04999923706055,45.90999984741211,5175600.0
2020-08-26,48.720001220703125,49.97999954223633,47.23500061035156,47.290000915527344,7254100.0
2020-08-27,45.13999938964844,46.380001068115234,43.79999923706055,45.78400039672852,12618400.0
2020-08-28,47.38999938964844,48.86000061035156,45.5099983215332,45.709999084472656,7694100.0
2020-08-31,47.25,49.88999938964844,46.71500015258789,47.11000061035156,7712100.0
2020-09-01,52.25,52.650001525878906,47.7599983215332,48.380001068115234,10167200.0
2020-09-02,50.880001068115234,54.0,49.59999847412109,52.99700164794922,5507200.0
2020-09-03,47.27000045776367,49.25,46.5099983215332,49.0,5698000.0
2020-09-04,47.02000045776367,48.0,43.93999862670898,46.970001220703125,6282200.0
2020-09-08,44.38999938964844,45.59000015258789,42.91999816894531,44.5,6337100.0
2020-09-09,45.09999847412109,45.54999923706055,44.11000061035156,45.20000076293945,2912000.0
2020-09-10,42.970001220703125,45.7400016784668,42.709999084472656,44.91999816894531,4391000.0
2020-09-11,43.02000045776367,44.43999862670898,42.38399887084961,43.77000045776367,2846700.0
2020-09-14,43.95000076293945,44.63999938964844,43.209999084472656,43.650001525878906,3478300.0
2020-09-15,45.38999938964844,46.38999938964844,44.900001525878906,45.0,5054500.0
2020-09-16,44.150001525878906,45.650001525878906,43.7400016784668,45.52000045776367,3187400.0
2020-09-17,44.220001220703125,44.22999954223633,42.540000915527344,42.77099990844727,3493400.0
2020-09-18,43.08000183105469,44.54999923706055,41.63999938964844,44.470001220703125,5182500.0
2020-09-21,43.09000015258789,43.130001068115234,41.400001525878906,41.66999816894531,3246900.0
2020-09-22,43.310001373291016,43.54999923706055,42.400001525878906,43.34000015258789,2941000.0
2020-09-23,41.84999847412109,43.150001525878906,41.220001220703125,43.02000045776367,2661000.0
2020-09-24,41.88999938964844,42.2599983215332,40.400001525878906,41.43000030517578,3312600.0
2020-09-25,42.20000076293945,42.45000076293945,41.220001220703125,41.65999984741211,2577500.0
2020-09-28,41.810001373291016,43.0099983215332,40.88999938964844,42.619998931884766,2823900.0
2020-09-29,40.65999984741211,41.95500183105469,40.40999984741211,41.81999969482422,2846400.0
2020-09-30,41.59999847412109,42.369998931884766,40.61000061035156,40.77999877929688,2877000.0
2020-10-01,42.5099983215332,43.02000045776367,41.630001068115234,42.34999847412109,3063400.0
2020-10-02,41.79999923706055,42.25,41.09999847412109,41.20000076293945,1936100.0
2020-10-05,45.09999847412109,45.54999923706055,42.400001525878906,42.5,7036100.0
2020-10-06,48.16999816894531,48.45000076293945,45.790000915527344,46.25,8172000.0
2020-10-07,47.66999816894531,48.70000076293945,47.470001220703125,48.130001068115234,3126300.0
2020-10-08,46.59999847412109,48.40999984741211,46.0,48.40999984741211,2574000.0
2020-10-09,48.41999816894531,48.560001373291016,46.84000015258789,47.2599983215332,2132100.0
2020-10-12,47.880001068115234,49.56999969482422,47.46500015258789,49.43000030517578,3170400.0
2020-10-13,47.65999984741211,48.93000030517578,46.810001373291016,48.56999969482422,2064300.0
2020-10-14,43.68999862670898,46.79999923706055,43.59999847412109,46.709999084472656,8144300.0
2020-10-15,43.7599983215332,44.18999862670898,43.060001373291016,44.16999816894531,3621200.0
2020-10-16,43.81999969482422,44.77999877929688,43.25,44.77999877929688,3446700.0
2020-10-19,44.0,45.13999938964844,43.790000915527344,44.0,4005100.0
2020-10-20,45.2400016784668,45.4900016784668,44.06600189208984,44.25,3073100.0
2020-10-21,45.15999984741211,45.93000030517578,44.650001525878906,45.375,3502800.0
2020-10-22,45.29999923706055,46.06999969482422,44.11000061035156,45.97999954223633,3560300.0
2020-10-23,44.43999862670898,45.470001220703125,43.93000030517578,45.400001525878906,4761900.0
2020-10-26,45.0,45.0,43.72999954223633,43.77999877929688,2775300.0
2020-10-27,45.81999969482422,45.97999954223633,44.66999816894531,45.0,2791900.0
2020-10-28,44.369998931884766,45.400001525878906,43.61000061035156,45.20000076293945,4176600.0
2020-10-29,46.40999984741211,47.369998931884766,44.84999847412109,45.02999877929688,3515900.0
2020-10-30,44.66999816894531,46.68999862670898,44.31999969482422,45.400001525878906,2884100.0
2020-11-02,44.459999084472656,45.310001373291016,43.209999084472656,45.150001525878906,2468300.0
2020-11-03,44.619998931884766,45.130001068115234,42.91999816894531,43.970001220703125,1980100.0
2020-11-04,48.15999984741211,48.27999877929688,45.58000183105469,45.58000183105469,6741200.0
2020-11-05,46.060001373291016,49.18000030517578,44.59999847412109,49.0,8589400.0
2020-11-06,48.869998931884766,48.93999862670898,45.09999847412109,46.04999923706055,7054700.0
2020-11-09,46.040000915527344,49.790000915527344,46.0099983215332,49.77999877929688,5775800.0
2020-11-10,43.70000076293945,45.810001373291016,42.70000076293945,45.47999954223633,8128400.0
2020-11-11,44.20000076293945,45.65999984741211,43.63999938964844,44.41999816894531,5303500.0
2020-11-12,45.900001525878906,46.54999923706055,43.880001068115234,45.540000915527344,5024900.0
2020-11-13,48.900001525878906,49.060001373291016,46.220001220703125,46.34999847412109,6010400.0
2020-11-16,50.04999923706055,51.0,49.16999816894531,49.38999938964844,6925800.0
2020-11-17,50.04999923706055,51.09999847412109,49.060001373291016,50.0,3893700.0
2020-11-18,47.84999847412109,49.84999847412109,47.150001525878906,49.650001525878906,7235200.0
2020-11-19,58.459999084472656,59.380001068115234,49.400001525878906,49.93999862670898,24293000.0
2020-11-20,60.0,61.75,57.77999877929688,59.34799957275391,9657200.0
2020-11-23,63.31999969482422,63.33000183105469,60.31999969482422,61.16999816894531,6675200.0
2020-11-24,62.84000015258789,64.45999908447266,61.7400016784668,64.0,4211900.0
2020-11-25,62.0099983215332,62.470001220703125,60.400001525878906,60.720001220703125,3245100.0
2020-11-27,64.86000061035156,65.48999786376953,62.29999923706055,63.0099983215332,2870400.0
2020-11-30,62.86000061035156,65.04000091552734,61.7599983215332,63.45000076293945,4807600.0
2020-12-01,60.81999969482422,63.66600036621094,60.34000015258789,63.5,3583400.0
2020-12-02,61.790000915527344,62.18999862670898,58.560001373291016,59.06999969482422,2865600.0
2020-12-03,62.33000183105469,64.5999984741211,61.84999847412109,61.9900016784668,2886100.0
2020-12-04,67.79000091552734,68.37000274658203,62.650001525878906,62.65999984741211,5659300.0
2020-12-07,72.55000305175781,74.0,67.68299865722656,68.55999755859375,8277200.0
2020-12-08,75.30000305175781,75.94000244140625,72.72000122070312,72.80000305175781,4010400.0
2020-12-09,73.05999755859375,77.93000030517578,71.88999938964844,77.27999877929688,6385900.0
2020-12-10,75.70999908447266,75.97000122070312,71.9229965209961,72.66999816894531,4289000.0
2020-12-11,75.91000366210938,81.9800033569336,75.19000244140625,76.48999786376953,9424500.0
2020-12-14,78.19999694824219,80.87000274658203,77.04000091552734,78.40599822998047,5022600.0
2020-12-15,76.66000366210938,80.80000305175781,76.0,80.6500015258789,3899900.0
2020-12-16,78.83000183105469,81.80999755859375,77.97000122070312,77.97000122070312,3695300.0
2020-12-17,82.19000244140625,82.83999633789062,78.5999984741211,79.41000366210938,3776100.0
2020-12-18,84.68000030517578,86.5999984741211,83.1500015258789,84.19000244140625,6035900.0
2020-12-21,87.61000061035156,88.87000274658203,83.37999725341797,83.80000305175781,7351700.0
2020-12-22,85.87999725341797,90.19000244140624,84.83000183105469,89.62000274658203,3543500.0
2020-12-23,82.77999877929688,87.26000213623047,81.08000183105469,87.0,4371600.0
2020-12-24,82.01000213623047,83.2300033569336,78.5999984741211,81.70999908447266,3531700.0
2020-12-28,81.37999725341797,83.72000122070312,78.87999725341797,82.03399658203125,3433100.0
2020-12-29,82.44999694824219,84.54000091552734,81.12999725341797,82.30000305175781,3004800.0
2020-12-30,94.3499984741211,95.70999908447266,86.77999877929688,87.06999969482422,9775600.0
2020-12-31,85.72000122070312,94.5,85.08999633789062,94.5,11629200.0
2021-01-04,94.73999786376952,96.18000030517578,90.4499969482422,90.54000091552734,7914500.0
2021-01-05,102.45999908447266,103.6500015258789,96.1999969482422,97.1500015258789,9699100.0
2021-01-06,105.5999984741211,108.0500030517578,98.5999984741211,100.33999633789062,8360700.0
2021-01-07,111.4000015258789,112.5500030517578,105.5,105.5999984741211,7374200.0
2021-01-08,118.47000122070312,120.8000030517578,113.9800033569336,114.73999786376952,9468800.0
2021-01-11,112.47000122070312,116.83000183105467,111.1999969482422,114.38999938964844,7728500.0
2021-01-12,115.44000244140624,119.98999786376952,113.5999984741211,118.26000213623048,3328400.0
2021-01-13,119.30999755859376,120.93000030517578,113.23400115966795,115.23999786376952,3608600.0
2021-01-14,123.22000122070312,129.39999389648438,121.30999755859376,121.84500122070312,8002000.0
2021-01-15,122.62999725341795,126.70999908447266,120.0,125.47000122070312,4520300.0
2021-01-19,127.87999725341795,134.27999877929688,126.37000274658205,127.69000244140624,7757100.0
2021-01-20,127.8000030517578,137.3470001220703,127.33000183105467,134.3000030517578,6129800.0
2021-01-21,123.87999725341795,130.5,121.76499938964844,129.14999389648438,5942300.0
2021-01-22,133.75,134.07000732421875,122.8000030517578,123.47000122070312,6806500.0
2021-01-25,134.27000427246094,144.4600067138672,129.42999267578125,142.5500030517578,8581200.0
2021-01-26,126.0,134.8699951171875,124.66000366210938,134.8699951171875,5582600.0
2021-01-27,120.43000030517578,125.06999969482422,116.33999633789062,122.16999816894533,7901400.0
2021-01-28,119.0,124.8000030517578,116.88899993896484,119.11000061035156,8159400.0
2021-01-29,113.88999938964844,119.875,113.33000183105467,118.37999725341795,9860000.0
2021-02-01,121.63999938964844,122.3290023803711,116.80999755859376,120.9800033569336,8453000.0
2021-02-02,129.97999572753906,131.99000549316406,121.62000274658205,127.98999786376952,6234400.0
2021-02-03,135.19000244140625,136.5,129.35000610351562,133.27000427246094,6209200.0
2021-02-04,142.57000732421875,150.35000610351562,140.17999267578125,150.35000610351562,9308400.0
2021-02-05,138.97999572753906,144.0399932861328,134.22000122070312,143.3000030517578,6692300.0
2021-02-08,144.0399932861328,146.22000122070312,140.3800048828125,141.0,4493300.0
2021-02-09,140.1199951171875,146.97999572753906,138.3800048828125,143.6739959716797,5741000.0
2021-02-10,156.3699951171875,157.61700439453125,133.70399475097656,135.5,12312100.0
2021-02-11,148.52000427246094,157.66000366210938,148.38999938964844,156.4499969482422,4830900.0
2021-02-12,153.1199951171875,155.0399932861328,144.6999969482422,144.97999572753906,2660300.0
2021-02-16,148.83999633789062,157.39999389648438,145.3699951171875,156.38999938964844,5417000.0
2021-02-17,146.83999633789062,153.57000732421875,143.8000030517578,149.2899932861328,4580900.0
2021-02-18,143.47000122070312,144.39999389648438,139.2100067138672,140.0,3901200.0
2021-02-19,143.60000610351562,151.7899932861328,141.97000122070312,146.88800048828125,4785400.0
2021-02-22,129.11000061035156,139.92999267578125,128.1999969482422,135.8800048828125,7583300.0
2021-02-23,129.25999450683594,129.97000122070312,114.9800033569336,125.3000030517578,9044200.0
2021-02-24,127.13999938964844,128.64999389648438,118.83000183105467,126.6999969482422,6652100.0
2021-02-25,131.83999633789062,147.7100067138672,130.39999389648438,140.69000244140625,18432300.0
2021-02-26,125.97000122070312,136.08999633789062,121.08999633789062,132.0399932861328,9150000.0
2021-03-01,144.6699981689453,145.49000549316406,130.53199768066406,132.9499969482422,8027200.0
2021-03-02,137.94000244140625,144.4499969482422,137.0,139.9199981689453,4718800.0
2021-03-03,138.77999877929688,145.9149932861328,137.0,140.5500030517578,5678900.0
2021-03-04,126.66000366210938,136.38999938964844,122.0,134.6580047607422,11326600.0
2021-03-05,118.83999633789062,128.38999938964844,110.0,128.38999938964844,12049900.0
2021-03-08,98.58999633789062,114.0,97.41000366210938,111.0,16406100.0
2021-03-09,107.4000015258789,110.79000091552734,104.01000213623048,104.1500015258789,11670400.0
2021-03-10,103.0999984741211,112.66000366210938,101.80999755859376,110.62000274658205,9293300.0
2021-03-11,110.44000244140624,114.47200012207033,108.11000061035156,112.8499984741211,9068500.0
2021-03-12,109.98999786376952,110.87999725341795,105.52999877929688,106.18000030517578,4187500.0
2021-03-15,111.6500015258789,112.8000030517578,107.1999969482422,107.71299743652344,3421100.0
2021-03-16,113.30999755859376,119.83000183105467,111.77999877929688,116.3000030517578,7709700.0
2021-03-17,111.3499984741211,112.25299835205078,103.7300033569336,111.48999786376952,7730900.0
2021-03-18,108.81999969482422,113.68000030517578,108.37999725341795,110.5,3617000.0
2021-03-19,108.86000061035156,111.1999969482422,107.12000274658205,108.9499969482422,3868300.0
2021-03-22,106.87999725341795,110.25,104.30999755859376,109.3499984741211,5604700.0
2021-03-23,105.98999786376952,107.5,104.9499969482422,105.62999725341795,5330700.0
2021-03-24,95.6999969482422,106.0,94.58999633789062,104.7300033569336,14206700.0
2021-03-25,95.6500015258789,96.88800048828124,90.0,90.8499984741211,6910300.0
2021-03-26,97.08000183105467,101.73999786376952,91.26000213623048,95.48999786376952,9639800.0
2021-03-29,101.54000091552734,104.0500030517578,98.0999984741211,99.33000183105467,15293000.0
2021-03-30,105.0500030517578,107.26000213623048,100.04000091552734,101.52999877929688,5813800.0
2021-03-31,107.05999755859376,108.37999725341795,104.1999969482422,107.5999984741211,4572900.0
2021-04-01,111.9800033569336,117.87999725341795,110.8499984741211,113.08999633789062,5500900.0
2021-04-05,110.41999816894533,113.3000030517578,107.7699966430664,112.62000274658205,2872900.0
2021-04-06,114.1500015258789,115.27999877929688,109.77999877929688,110.0,3521000.0
2021-04-07,106.75,110.5199966430664,106.19499969482422,109.26000213623048,7207900.0
2021-04-08,109.1500015258789,110.86399841308594,108.1500015258789,110.11000061035156,2630600.0
2021-04-09,105.8000030517578,108.18000030517578,104.19000244140624,108.0,3723900.0
2021-04-12,103.0,104.06999969482422,101.25,103.89700317382812,2710900.0
2021-04-13,104.43000030517578,105.29000091552734,101.58000183105467,103.79000091552734,2396400.0
2021-04-14,103.04000091552734,106.08999633789062,102.51000213623048,105.5999984741211,2424300.0
2021-04-15,103.0,104.1500015258789,101.41000366210938,103.91999816894533,2703500.0
2021-04-16,103.4800033569336,103.98999786376952,102.12000274658205,103.6500015258789,2577800.0
2021-04-19,105.72000122070312,107.95500183105467,103.6500015258789,104.36000061035156,3275700.0
2021-04-20,100.63999938964844,105.37000274658205,98.37999725341795,105.27999877929688,4782000.0
2021-04-21,104.16000366210938,105.1999969482422,98.76000213623048,99.93000030517578,3185200.0
2021-04-22,108.1500015258789,111.38999938964844,104.51000213623048,104.69000244140624,4838900.0
2021-04-23,116.66000366210938,117.8499984741211,110.33999633789062,110.33999633789062,6108400.0
2021-04-26,118.45999908447266,118.69000244140624,114.20999908447266,115.21800231933594,3294900.0
2021-04-27,120.16000366210938,122.7300033569336,117.83999633789062,119.72000122070312,4438300.0
2021-04-28,120.63999938964844,122.41000366210938,119.6269989013672,121.45099639892578,2626300.0
2021-04-29,114.62000274658205,120.63999938964844,112.79000091552734,119.87000274658205,4084600.0
2021-04-30,110.86000061035156,114.58999633789062,110.26000213623048,112.2300033569336,4328500.0
2021-05-03,106.12999725341795,110.25,105.41500091552734,110.12999725341795,3755100.0
2021-05-04,106.33999633789062,108.58000183105467,103.7699966430664,106.76699829101562,4032000.0
2021-05-05,105.06999969482422,108.8499984741211,104.5199966430664,106.61000061035156,2381100.0
2021-05-06,104.11000061035156,106.54000091552734,101.0,106.0,3157200.0
2021-05-07,101.66999816894533,105.94000244140624,100.5999984741211,104.7699966430664,2969100.0
2021-05-10,94.63999938964844,99.30999755859376,93.41000366210938,99.19000244140624,6189000.0
2021-05-11,97.8499984741211,98.30999755859376,90.87000274658205,92.12999725341795,3808300.0
2021-05-12,93.9000015258789,98.63999938964844,92.87999725341795,98.63999938964844,5540000.0
2021-05-13,87.48999786376953,99.66999816894533,84.4000015258789,96.47000122070312,9325200.0
2021-05-14,96.87000274658205,98.0,89.33999633789062,91.0,7448600.0
2021-05-17,98.23999786376952,99.9000015258789,94.72000122070312,96.9000015258789,4564300.0
2021-05-18,101.05999755859376,104.40499877929688,99.48999786376952,99.9000015258789,3787500.0
2021-05-19,102.45999908447266,102.9499969482422,97.0199966430664,97.63999938964844,2870400.0
2021-05-20,102.8000030517578,107.05999755859376,101.5999984741211,104.0199966430664,5084800.0
2021-05-21,102.43000030517578,103.98899841308594,101.58999633789062,103.54000091552734,3185700.0
2021-05-24,101.18000030517578,103.8000030517578,100.6999969482422,102.08999633789062,5127700.0
2021-05-25,102.47000122070312,104.87999725341795,101.54000091552734,104.18499755859376,4075400.0
2021-05-26,103.5999984741211,105.19000244140624,102.61000061035156,103.2300033569336,5069600.0
2021-05-27,104.0,104.79000091552734,99.91999816894533,104.79000091552734,8593200.0
2021-05-28,107.18000030517578,108.25,102.48999786376952,102.94000244140624,3643500.0
2021-06-01,113.52999877929688,114.98999786376952,110.41999816894533,111.04000091552734,5227300.0
2021-06-02,111.93000030517578,115.9000015258789,110.18499755859376,114.25,4687800.0
2021-06-03,105.23999786376952,109.58999633789062,105.11000061035156,109.58999633789062,3504200.0
2021-06-04,108.93000030517578,109.25,105.62999725341795,106.78099822998048,2446300.0
2021-06-07,104.62999725341795,107.25,103.51000213623048,106.20999908447266,2439200.0
2021-06-08,107.75,108.95999908447266,105.1500015258789,105.1500015258789,2754200.0
2021-06-09,107.04000091552734,111.05999755859376,107.01000213623048,108.6500015258789,1922000.0
2021-06-10,112.20999908447266,112.5,106.30999755859376,107.5,3523800.0
2021-06-11,111.41000366210938,112.11799621582033,109.91000366210938,110.62000274658205,2712200.0
2021-06-14,115.4499969482422,116.79000091552734,111.5,111.51000213623048,3611500.0
2021-06-15,111.11000061035156,114.0500030517578,110.6520004272461,113.6999969482422,1971200.0
2021-06-16,111.4499969482422,112.12000274658205,108.5,108.77999877929688,2765600.0
2021-06-17,114.38999938964844,114.98999786376952,110.4000015258789,110.55999755859376,2539300.0
2021-06-18,118.37999725341795,119.19000244140624,114.55999755859376,114.97000122070312,10606000.0
2021-06-21,113.58000183105467,117.75,111.83000183105467,117.11000061035156,3092100.0
2021-06-22,110.12999725341795,111.2699966430664,108.5999984741211,111.2699966430664,4685200.0
2021-06-23,114.36000061035156,116.98999786376952,110.1999969482422,110.5,2868100.0
2021-06-24,121.58999633789062,121.98999786376952,115.41999816894533,115.41999816894533,4589300.0
2021-06-25,124.4499969482422,128.6999969482422,121.26000213623048,122.49500274658205,7137000.0
2021-06-28,126.8499984741211,129.24000549316406,123.54000091552734,127.5,2693800.0
2021-06-29,125.55999755859376,126.95999908447266,121.83000183105467,124.33999633789062,2772200.0
2021-06-30,121.83999633789062,124.11000061035156,121.6999969482422,123.5999984741211,1667600.0
2021-07-01,121.11000061035156,124.38999938964844,118.6999969482422,122.56999969482422,2752500.0
2021-07-02,119.58000183105467,122.4250030517578,117.27999877929688,119.0260009765625,2159000.0
2021-07-06,108.66000366210938,113.48999786376952,107.73999786376952,113.1989974975586,5952800.0
2021-07-07,103.9800033569336,111.23999786376952,103.04000091552734,110.5,4712500.0
2021-07-08,100.1999969482422,101.38999938964844,97.9800033569336,100.87999725341795,5982900.0
2021-07-09,106.73999786376952,107.0999984741211,102.3000030517578,105.05999755859376,8201000.0
2021-07-12,106.9800033569336,108.33999633789062,104.45999908447266,107.33999633789062,2363800.0
2021-07-13,110.37999725341795,112.68000030517578,108.22000122070312,110.48999786376952,4022500.0
2021-07-14,108.58999633789062,111.62999725341795,107.91000366210938,111.06999969482422,2190800.0
2021-07-15,110.12000274658205,114.27999877929688,108.4800033569336,109.08000183105467,3376800.0
2021-07-16,109.01000213623048,111.5,108.16999816894533,110.93000030517578,1579600.0
2021-07-19,108.4800033569336,108.91999816894533,104.43000030517578,106.08000183105467,2288500.0
2021-07-20,111.91999816894533,112.5,106.98999786376952,108.33000183105467,1862900.0
2021-07-21,115.58000183105467,116.18000030517578,110.1999969482422,110.52999877929688,2855000.0
2021-07-22,108.66000366210938,112.5999984741211,107.91000366210938,112.5999984741211,6764300.0
2021-07-23,95.20999908447266,100.5500030517578,90.80999755859376,100.04000091552734,15424900.0
2021-07-26,87.45999908447266,91.31500244140624,85.70999908447266,88.05000305175781,12304200.0
2021-07-27,82.7300033569336,85.4800033569336,79.06999969482422,80.83999633789062,15408200.0
2021-07-28,92.55999755859376,95.9499969482422,86.6500015258789,86.97000122070312,10074400.0
2021-07-29,89.37999725341797,93.6999969482422,88.68000030517578,93.37999725341795,5803300.0
2021-07-30,85.58000183105469,86.41000366210938,82.58000183105469,83.54000091552734,5440400.0
2021-08-02,90.37999725341795,92.5,84.95999908447266,85.69000244140625,4778100.0
2021-08-03,84.0,84.83000183105469,81.18000030517578,83.5999984741211,7142700.0
2021-08-04,82.91000366210938,86.11000061035156,82.0999984741211,84.66999816894531,3657300.0
2021-08-05,80.33999633789062,81.5199966430664,78.7300033569336,80.12000274658203,5892800.0
2021-08-06,78.68000030517578,81.33999633789062,77.56099700927734,80.69999694824219,4790500.0
2021-08-09,82.0,83.16000366210938,76.25,79.68000030517578,3985000.0
2021-08-10,80.19000244140625,85.1500015258789,79.76000213623047,84.93000030517578,6795300.0
2021-08-11,80.37000274658203,81.08000183105469,78.22000122070312,80.61000061035156,3729200.0
2021-08-12,79.94000244140625,80.33499908447266,77.87999725341797,79.30000305175781,4326700.0
2021-08-13,74.0999984741211,78.2699966430664,73.80999755859375,78.2699966430664,6634000.0
2021-08-16,69.45999908447266,72.5199966430664,69.0999984741211,71.93000030517578,6534100.0
2021-08-17,67.77999877929688,69.58000183105469,64.1500015258789,66.5,8000100.0
2021-08-18,68.45999908447266,70.3499984741211,66.51000213623047,70.3499984741211,4173800.0
2021-08-19,64.33000183105469,66.68000030517578,61.630001068115234,65.2699966430664,9319400.0
2021-08-20,66.54000091552734,70.48999786376953,65.11000061035156,65.12999725341797,7478800.0
2021-08-23,70.12000274658203,71.5,67.56999969482422,68.80999755859375,6942700.0
2021-08-24,78.41000366210938,78.80000305175781,75.0,75.19000244140625,9824400.0
2021-08-25,79.62000274658203,79.88999938964844,76.125,76.4000015258789,5368600.0
2021-08-26,77.48999786376953,79.31999969482422,76.55999755859375,77.62999725341797,4661800.0
2021-08-27,75.33000183105469,76.88999938964844,74.44000244140625,76.47599792480469,4522500.0
2021-08-30,74.12999725341797,74.62000274658203,70.0,70.19999694824219,7378000.0
2021-08-31,80.2300033569336,80.23999786376953,75.11000061035156,76.2699966430664,7722400.0
2021-09-01,84.55999755859375,87.48999786376953,81.75,82.51699829101562,9111000.0
2021-09-02,83.7300033569336,86.4800033569336,82.45999908447266,85.47000122070312,4282600.0
2021-09-03,85.94999694824219,87.26000213623047,84.55000305175781,84.93000030517578,3024900.0
2021-09-07,91.13999938964844,93.47000122070312,90.43000030517578,90.8000030517578,6870500.0
2021-09-08,85.80000305175781,88.6500015258789,84.22000122070312,87.66000366210938,5515100.0
2021-09-09,83.83000183105469,84.23999786376953,78.1500015258789,79.2699966430664,6479100.0
2021-09-10,83.45999908447266,86.15799713134766,82.88500213623047,84.69000244140625,2826800.0
2021-09-13,80.52999877929688,82.08999633789062,79.08000183105469,81.63999938964844,3563200.0
2021-09-14,79.5,80.3499984741211,78.38999938964844,78.93000030517578,2052000.0
2021-09-15,76.23999786376953,76.77999877929688,73.87999725341797,76.76000213623047,4851100.0
2021-09-16,72.72000122070312,74.55999755859375,71.69000244140625,73.69999694824219,6547700.0
2021-09-17,74.44000244140625,75.12000274658203,72.36000061035156,74.7300033569336,4168300.0
2021-09-20,69.77999877929688,73.33000183105469,68.6449966430664,71.06999969482422,4432200.0
2021-09-21,70.55999755859375,71.4800033569336,69.3499984741211,71.0199966430664,2526700.0
2021-09-22,73.77999877929688,74.91000366210938,71.12000274658203,71.12000274658203,3334000.0
2021-09-23,74.33999633789062,74.77999877929688,72.05000305175781,74.55999755859375,2964600.0
2021-09-24,70.7300033569336,72.19000244140625,70.04000091552734,71.30000305175781,2888000.0
2021-09-27,71.36000061035156,72.1500015258789,67.83999633789062,70.0,3630700.0
2021-09-28,66.54000091552734,70.6500015258789,66.19000244140625,70.29000091552734,7133600.0
2021-09-29,64.37999725341797,68.0,64.23999786376953,66.62999725341797,6158400.0
2021-09-30,66.16999816894531,66.87999725341797,63.90999984741211,64.97000122070312,3790400.0
2021-10-01,64.87999725341797,66.83999633789062,63.29999923706055,66.69000244140625,2031100.0
2021-10-04,61.9900016784668,64.0,60.470001220703125,64.0,4857500.0
2021-10-05,64.5,65.56999969482422,62.06999969482422,62.63999938964844,2710100.0
2021-10-06,64.2699966430664,65.16000366210938,62.40999984741211,62.720001220703125,2128600.0
2021-10-07,70.4000015258789,71.95999908447266,67.9489974975586,68.0250015258789,5389000.0
2021-10-08,70.95999908447266,72.0,69.9000015258789,71.52999877929688,2535700.0
2021-10-11,70.55999755859375,73.19999694824219,70.45999908447266,73.19999694824219,2276900.0
2021-10-12,69.0,71.55999755859375,68.7300033569336,69.66000366210938,2401000.0
2021-10-13,71.33999633789062,71.44499969482422,68.88999938964844,69.58999633789062,1700200.0
2021-10-14,69.5199966430664,70.98999786376953,68.12000274658203,70.19999694824219,1999200.0
2021-10-15,70.08999633789062,70.79000091552734,68.69000244140625,70.79000091552734,4687700.0
2021-10-18,75.04000091552734,77.1500015258789,70.79000091552734,71.6500015258789,5419800.0
2021-10-19,80.76000213623047,81.48999786376953,77.9000015258789,78.21099853515625,6879000.0
2021-10-20,82.41000366210938,83.0,79.81999969482422,82.95999908447266,5756000.0
2021-10-21,82.62000274658203,83.80000305175781,80.75,80.75,3796200.0
2021-10-22,82.0999984741211,84.18000030517578,81.30999755859375,83.3499984741211,2530100.0
2021-10-25,80.97000122070312,83.19999694824219,80.75,83.0,2051200.0
2021-10-26,76.13999938964844,80.44999694824219,74.70999908447266,80.0,3892200.0
2021-10-27,76.6500015258789,78.5999984741211,74.47000122070312,74.77999877929688,2591500.0
2021-10-28,76.44999694824219,76.66000366210938,74.19999694824219,74.33000183105469,2188300.0
2021-10-29,73.30000305175781,76.48999786376953,73.16500091552734,75.75,2716300.0
2021-11-01,80.69000244140625,80.97000122070312,74.01000213623047,74.05000305175781,3417700.0
2021-11-02,77.93000030517578,78.19000244140625,76.19999694824219,76.5999984741211,2324200.0
2021-11-03,79.19999694824219,79.37000274658203,77.55000305175781,78.5,1472800.0
2021-11-04,75.4800033569336,80.95999908447266,75.22000122070312,80.5,3469700.0
2021-11-05,74.81999969482422,76.72000122070312,73.97000122070312,76.26699829101562,1912800.0
2021-11-08,77.33000183105469,78.41999816894531,76.30999755859375,76.30999755859375,1801800.0
2021-11-09,77.43000030517578,78.80000305175781,75.5,78.17400360107422,1705000.0
2021-11-10,81.30999755859375,84.29000091552734,78.6500015258789,80.0,4171700.0
2021-11-11,84.83000183105469,87.4000015258789,84.0,84.5,3622500.0
2021-11-12,86.05000305175781,87.0,83.66999816894531,83.83999633789062,2323300.0
2021-11-15,85.3499984741211,87.6500015258789,83.72000122070312,86.55999755859375,2675200.0
2021-11-16,89.0199966430664,89.80000305175781,87.11000061035156,88.36000061035156,4090500.0
2021-11-17,81.02999877929688,85.63999938964844,80.0999984741211,85.50499725341797,6883800.0
2021-11-18,67.12000274658203,73.45700073242188,65.66999816894531,73.33000183105469,21270700.0
2021-11-19,67.12000274658203,67.94999694824219,66.01000213623047,67.94999694824219,9310700.0
2021-11-22,68.70999908447266,70.16000366210938,68.05999755859375,69.91000366210938,7675200.0
2021-11-23,69.5,70.6500015258789,67.91000366210938,69.2300033569336,4400000.0
2021-11-24,72.47000122070312,72.94999694824219,68.5,69.06999969482422,4084700.0
2021-11-26,68.79000091552734,69.87999725341797,66.62999725341797,68.0,3758600.0
2021-11-29,67.56999969482422,69.5,66.76000213623047,68.02999877929688,3233200.0
2021-11-30,66.01000213623047,67.37999725341797,63.70000076293945,66.19000244140625,5236900.0
2021-12-01,62.54999923706055,67.39800262451172,62.43000030517578,66.5,4276400.0
2021-12-02,59.16999816894531,62.59000015258789,57.0099983215332,61.5099983215332,6186100.0
2021-12-03,54.93999862670898,57.2599983215332,52.06999969482422,54.86000061035156,11810400.0
2021-12-06,57.0,57.130001068115234,52.09000015258789,53.68000030517578,5897500.0
2021-12-07,61.15999984741211,62.459999084472656,59.11000061035156,60.54999923706055,5507400.0
2021-12-08,60.52000045776367,61.83000183105469,58.0099983215332,58.58000183105469,3192300.0
2021-12-09,59.45000076293945,61.84999847412109,59.369998931884766,60.40999984741211,2626000.0
2021-12-10,59.130001068115234,59.619998931884766,57.290000915527344,58.619998931884766,5887600.0
2021-12-13,55.560001373291016,58.38999938964844,55.48500061035156,57.96500015258789,5147900.0
2021-12-14,52.970001220703125,54.97999954223633,52.0,54.130001068115234,9642400.0
2021-12-15,50.709999084472656,52.27999877929688,48.72999954223633,52.27999877929688,10724200.0
2021-12-16,50.08000183105469,52.59999847412109,49.68000030517578,51.70000076293945,6654400.0
2021-12-17,49.95000076293945,50.52000045776367,47.38999938964844,49.52000045776367,8894900.0
2021-12-20,44.13999938964844,47.959999084472656,43.209999084472656,47.77000045776367,7849900.0
2021-12-21,49.310001373291016,49.47999954223633,46.04999923706055,46.04999923706055,10329700.0
2021-12-22,47.0,48.290000915527344,46.54999923706055,47.45000076293945,5580600.0
2021-12-23,45.90999984741211,46.290000915527344,44.16999816894531,45.43999862670898,8128900.0
2021-12-27,44.59000015258789,47.79999923706055,44.59000015258789,45.470001220703125,3145500.0
2021-12-28,44.33000183105469,45.45000076293945,43.79999923706055,44.630001068115234,4779700.0
2021-12-29,42.56999969482422,44.18999862670898,41.76300048828125,44.15999984741211,5530700.0
2021-12-30,47.7400016784668,48.869998931884766,42.54999923706055,42.665000915527344,7083500.0
2021-12-31,46.400001525878906,47.97999954223633,45.54999923706055,46.15999984741211,3945700.0
2022-01-03,44.38999938964844,46.34999847412109,43.68999862670898,46.0099983215332,4914300.0
2022-01-04,40.41999816894531,42.65999984741211,39.91999816894531,42.20000076293945,9273700.0
2022-01-05,37.95000076293945,41.23500061035156,37.900001525878906,38.810001373291016,8654300.0
2022-01-06,39.0099983215332,40.290000915527344,36.124000549316406,37.52999877929688,8819300.0
2022-01-07,38.43999862670898,40.20000076293945,37.38999938964844,37.79999923706055,8389900.0
2022-01-10,40.88999938964844,41.58000183105469,37.90999984741211,39.369998931884766,8005700.0
2022-01-11,41.86000061035156,42.31499862670898,39.81999969482422,40.09999847412109,7218800.0
2022-01-12,41.70000076293945,44.45000076293945,40.43999862670898,43.70800018310547,6644000.0
2022-01-13,37.2400016784668,40.959999084472656,37.02999877929688,40.290000915527344,7883700.0
2022-01-14,38.68999862670898,38.810001373291016,37.43999862670898,38.0,4399000.0
2022-01-18,37.9900016784668,39.52000045776367,36.900001525878906,37.119998931884766,3695800.0
2022-01-19,37.720001220703125,38.84999847412109,37.459999084472656,38.0099983215332,3385300.0
2022-01-20,39.33000183105469,41.7400016784668,39.16999816894531,40.34999847412109,9410400.0
2022-01-21,36.08000183105469,39.810001373291016,35.720001220703125,39.650001525878906,6942900.0
2022-01-24,35.189998626708984,35.290000915527344,32.520999908447266,34.97999954223633,9508400.0
2022-01-25,34.209999084472656,35.83000183105469,33.619998931884766,33.939998626708984,3574700.0
2022-01-26,32.11000061035156,34.959999084472656,31.71999931335449,34.59000015258789,5231800.0
2022-01-27,30.25,32.5099983215332,30.01000022888184,31.11000061035156,6690200.0
2022-01-28,30.540000915527344,30.56999969482422,28.31999969482422,29.709999084472656,6717900.0
2022-01-31,35.290000915527344,35.38999938964844,31.25,31.75,6348000.0
2022-02-01,35.88999938964844,36.34000015258789,33.70000076293945,34.94499969482422,4349500.0
2022-02-02,33.689998626708984,35.88999938964844,33.29999923706055,35.88999938964844,3208500.0
2022-02-03,32.599998474121094,34.060001373291016,32.09000015258789,32.599998474121094,2410700.0
2022-02-04,33.5099983215332,34.400001525878906,31.700000762939453,32.79999923706055,3438000.0
2022-02-07,32.310001373291016,34.369998931884766,32.0,32.84000015258789,3418800.0
2022-02-08,34.58000183105469,34.810001373291016,31.93000030517578,32.22999954223633,3381900.0
2022-02-09,36.880001068115234,37.7400016784668,35.29999923706055,35.400001525878906,7917700.0
2022-02-10,36.47999954223633,38.45000076293945,35.2599983215332,35.849998474121094,4705800.0
2022-02-11,35.13999938964844,37.18999862670898,34.849998474121094,36.68000030517578,3435800.0
2022-02-14,34.33000183105469,35.099998474121094,33.77000045776367,34.45399856567383,2988900.0
2022-02-15,37.119998931884766,37.52999877929688,35.20000076293945,35.349998474121094,3443200.0
2022-02-16,37.84000015258789,38.31999969482422,36.20000076293945,37.02999877929688,3440100.0
2022-02-17,36.540000915527344,39.09999847412109,36.150001525878906,37.400001525878906,3859400.0
2022-02-18,34.279998779296875,34.63999938964844,32.38999938964844,34.13999938964844,7356700.0
2022-02-22,31.040000915527344,32.599998474121094,30.89999961853028,31.5,6546300.0
2022-02-23,30.14999961853028,32.38999938964844,30.06999969482422,31.670000076293945,4208700.0
2022-02-24,32.130001068115234,32.2400016784668,28.01000022888184,28.25,4962000.0
2022-02-25,31.459999084472656,31.64999961853028,30.18000030517578,31.229999542236328,4186600.0
2022-02-28,31.61000061035156,32.529998779296875,30.125,30.6299991607666,5129700.0
2022-03-01,31.200000762939453,33.470001220703125,30.979999542236328,31.93000030517578,6162100.0
2022-03-02,30.15999984741211,31.56999969482422,29.690000534057617,31.100000381469727,6236600.0
2022-03-03,27.780000686645508,33.470001220703125,27.200000762939453,32.970001220703125,13755900.0
2022-03-04,25.459999084472656,27.1200008392334,25.14999961853028,26.895000457763672,8885100.0
2022-03-07,23.420000076293945,24.742000579833984,23.07999992370605,24.520000457763672,10609400.0
2022-03-08,22.700000762939453,23.39999961853028,21.790000915527344,22.670000076293945,11335000.0
2022-03-09,25.239999771118164,25.979999542236328,23.190000534057617,23.43000030517578,10343500.0
2022-03-10,21.68000030517578,22.8700008392334,21.32099914550781,22.850000381469727,12620400.0
2022-03-11,19.020000457763672,22.15999984741211,18.8799991607666,22.01000022888184,13297600.0
2022-03-14,16.959999084472656,18.65999984741211,14.93000030517578,17.010000228881836,21029000.0
2022-03-15,18.86000061035156,20.43000030517578,16.239999771118164,16.600000381469727,19865500.0
2022-03-16,27.82999992370605,28.09000015258789,22.709999084472656,25.06999969482422,35185800.0
2022-03-17,23.84000015258789,26.39999961853028,23.100000381469727,26.020000457763672,17936200.0
2022-03-18,27.549999237060547,30.81999969482422,24.06999969482422,24.530000686645508,29143400.0
2022-03-21,24.90999984741211,26.239999771118164,23.809999465942383,25.40999984741211,15764000.0
2022-03-22,29.89999961853028,31.540000915527344,26.94300079345703,27.0,26919300.0
2022-03-23,31.530000686645508,35.0,27.65999984741211,28.65999984741211,34026400.0
2022-03-24,30.309999465942383,32.119998931884766,28.520000457763672,30.88999938964844,20579200.0
2022-03-25,27.530000686645508,28.895000457763672,26.6299991607666,28.23500061035156,14358500.0
2022-03-28,28.540000915527344,30.450000762939453,27.809999465942383,28.670000076293945,10832800.0
2022-03-29,29.71999931335449,31.59000015258789,29.57999992370605,29.920000076293945,15174600.0
2022-03-30,28.21999931335449,30.5,28.09000015258789,28.25,8530800.0
2022-03-31,25.57999992370605,27.940000534057617,25.40999984741211,27.43000030517578,10747600.0
2022-04-01,27.6200008392334,29.770000457763672,27.32999992370605,29.36000061035156,17422300.0
2022-04-04,32.189998626708984,33.779998779296875,29.410999298095703,30.28499984741211,24005300.0
2022-04-05,30.15999984741211,31.700000762939453,29.549999237060547,31.670000076293945,10621700.0
2022-04-06,30.020000457763672,30.440000534057617,28.51000022888184,29.96999931335449,11280700.0
2022-04-07,27.61000061035156,29.489999771118164,26.459999084472656,29.3700008392334,12805000.0
2022-04-08,25.709999084472656,27.65999984741211,25.65999984741211,27.020000457763672,11724000.0
2022-04-11,27.56999969482422,29.18000030517578,27.049999237060547,28.225000381469727,36062400.0
2022-04-12,24.940000534057617,27.549999237060547,24.56999969482422,27.39999961853028,14455700.0
2022-04-13,26.239999771118164,27.209999084472656,24.700000762939453,25.39999961853028,8988700.0
2022-04-14,24.940000534057617,26.07999992370605,24.63999938964844,25.63999938964844,9154900.0
2022-04-18,23.34000015258789,24.424999237060547,22.56999969482422,24.13999938964844,13419000.0
2022-04-19,24.100000381469727,24.170000076293945,22.030000686645508,22.709999084472656,9803100.0
2022-04-20,22.190000534057617,23.63999938964844,22.030000686645508,23.600000381469727,8232700.0
2022-04-21,21.0,22.850000381469727,20.731000900268555,21.950000762939453,9208700.0
2022-04-22,21.07999992370605,22.6200008392334,20.934999465942383,21.31999969482422,9253500.0
2022-04-25,21.25,21.479999542236328,19.530000686645508,20.030000686645508,10451600.0
2022-04-26,20.56999969482422,21.21999931335449,20.21999931335449,21.100000381469727,8733700.0
2022-04-27,22.229999542236328,23.0,20.8799991607666,20.89999961853028,12001800.0
2022-04-28,22.170000076293945,22.82999992370605,21.19300079345703,22.450000762939453,6480500.0
2022-04-29,24.34000015258789,26.280000686645508,24.299999237060547,25.959999084472656,12961700.0
2022-05-02,24.459999084472656,24.479999542236328,21.86000061035156,22.530000686645508,10344500.0
2022-05-03,23.38999938964844,24.979999542236328,22.89999961853028,24.020000457763672,6972100.0
2022-05-04,24.06999969482422,24.170000076293945,21.68000030517578,22.450000762939453,7810100.0
2022-05-05,21.5,23.43000030517578,21.0049991607666,22.8799991607666,7552100.0
2022-05-06,20.850000381469727,21.46999931335449,19.850000381469727,21.280000686645508,7579200.0
2022-05-09,18.799999237060547,20.14999961853028,18.709999084472656,20.11000061035156,7860100.0
2022-05-10,19.15999984741211,19.959999084472656,18.020000457763672,19.950000762939453,8550200.0
2022-05-11,18.850000381469727,20.940000534057617,18.71999931335449,20.190000534057617,9802400.0
2022-05-12,18.90999984741211,19.799999237060547,17.479999542236328,18.600000381469727,8618300.0
2022-05-13,20.600000381469727,20.790000915527344,19.40999984741211,19.440000534057617,6440300.0
2022-05-16,20.6299991607666,21.850000381469727,20.34000015258789,20.600000381469727,5806200.0
2022-05-17,21.1299991607666,22.38999938964844,20.76000022888184,21.799999237060547,6607100.0
2022-05-18,20.75,21.76000022888184,20.5,20.6200008392334,4674800.0
2022-05-19,21.59000015258789,22.795000076293945,20.66399955749512,21.4950008392334,11377100.0
2022-05-20,21.799999237060547,22.729999542236328,21.100000381469727,22.209999084472656,6784200.0
2022-05-23,21.229999542236328,21.61000061035156,20.64999961853028,21.559999465942383,4407600.0
2022-05-24,18.690000534057617,20.489999771118164,18.350000381469727,20.200000762939453,9106700.0
2022-05-25,19.270000457763672,19.93000030517578,18.81999969482422,19.36000061035156,6374500.0
2022-05-26,20.940000534057617,21.21999931335449,18.6299991607666,19.1299991607666,7477700.0
2022-05-27,21.25,21.36199951171875,19.459999084472656,20.440000534057617,8309300.0
2022-05-31,22.350000381469727,23.700000762939453,22.170000076293945,23.0,11939500.0
2022-06-01,22.540000915527344,23.84000015258789,22.11000061035156,23.06999969482422,6487400.0
2022-06-02,25.0,25.34000015258789,23.07999992370605,23.07999992370605,9902600.0
2022-06-03,24.170000076293945,24.833999633789062,23.979999542236328,24.43000030517578,4810200.0
2022-06-06,25.489999771118164,27.14999961853028,25.14999961853028,25.739999771118164,9929900.0
2022-06-07,28.030000686645508,28.434999465942383,25.15999984741211,25.700000762939453,14489500.0
2022-06-08,29.709999084472656,30.350000381469727,27.82999992370605,30.1299991607666,16988900.0
2022-06-09,25.31999969482422,27.3799991607666,24.729999542236328,25.290000915527344,21699800.0
2022-06-10,26.100000381469727,27.200000762939453,25.36000061035156,26.959999084472656,13032800.0
2022-06-13,23.489999771118164,25.46999931335449,22.3799991607666,25.0,10527700.0
2022-06-14,25.809999465942383,26.059999465942383,24.31999969482422,24.76000022888184,8461700.0
2022-06-15,26.950000762939453,27.450000762939453,25.600000381469727,26.350000381469727,6244900.0
2022-06-16,25.82999992370605,26.38999938964844,25.364999771118164,25.450000762939453,5387500.0
2022-06-17,26.31999969482422,27.46999931335449,25.64999961853028,27.049999237060547,7025800.0
2022-06-21,27.540000915527344,27.88999938964844,26.424999237060547,27.190000534057617,5400700.0
2022-06-22,26.59000015258789,27.280000686645508,26.0,26.53499984741211,5780300.0
2022-06-23,27.850000381469727,28.229999542236328,26.61000061035156,26.864999771118164,5261500.0
2022-06-24,27.809999465942383,28.420000076293945,27.209999084472656,28.229999542236328,7285900.0
2022-06-27,28.200000762939453,29.450000762939453,27.665000915527344,28.68000030517578,6406300.0
2022-06-28,27.229999542236328,28.450000762939453,26.86000061035156,27.989999771118164,4782800.0
2022-06-29,26.059999465942383,26.709999084472656,25.450000762939453,26.459999084472656,6255300.0
2022-06-30,25.600000381469727,25.90999984741211,24.90999984741211,25.670000076293945,5437600.0
2022-07-01,26.739999771118164,26.780000686645508,25.64999961853028,25.82999992370605,3167700.0
2022-07-05,27.709999084472656,27.790000915527344,26.1200008392334,26.350000381469727,3909700.0
2022-07-06,26.209999084472656,27.39999961853028,25.14999961853028,26.96999931335449,4984000.0
2022-07-07,27.959999084472656,28.46999931335449,26.440000534057617,26.61000061035156,5599900.0
2022-07-08,26.780000686645508,27.450000762939453,26.479999542236328,27.190000534057617,5286500.0
2022-07-11,24.11000061035156,25.270000457763672,24.01000022888184,25.270000457763672,5476600.0
2022-07-12,24.25,24.790000915527344,23.68000030517578,24.299999237060547,3504500.0
2022-07-13,24.6200008392334,25.020000457763672,23.739999771118164,23.780000686645508,4185000.0
2022-07-14,23.09000015258789,24.21999931335449,22.709999084472656,23.96999931335449,6254600.0
2022-07-15,22.8799991607666,22.920000076293945,21.552000045776367,22.63999938964844,6289500.0
2022-07-18,24.43000030517578,25.65900039672852,24.0,24.0,7208300.0
2022-07-19,25.520000457763672,26.040000915527344,24.479999542236328,24.799999237060547,5263000.0
2022-07-20,25.36000061035156,25.59000015258789,24.729999542236328,25.520000457763672,5084400.0
2022-07-21,26.989999771118164,27.415000915527344,26.020000457763672,26.100000381469727,4917100.0
2022-07-22,25.59000015258789,26.739999771118164,25.440000534057617,26.56999969482422,2613200.0
2022-07-25,25.89999961853028,26.13999938964844,25.242000579833984,25.799999237060547,1785900.0
2022-07-26,24.959999084472656,26.15999984741211,24.72800064086914,26.100000381469727,3948900.0
2022-07-27,26.07999992370605,26.100000381469727,24.459999084472656,25.290000915527344,2895300.0
2022-07-28,25.40999984741211,26.016000747680664,24.32999992370605,25.530000686645508,3039100.0
2022-07-29,24.440000534057617,24.51000022888184,23.26000022888184,23.81999969482422,3422500.0
2022-08-01,23.31999969482422,23.6200008392334,22.6200008392334,23.43000030517578,5933800.0
2022-08-02,23.809999465942383,24.540000915527344,22.516000747680664,22.520000457763672,5613400.0
2022-08-03,24.39999961853028,24.540000915527344,22.81999969482422,23.290000915527344,4289300.0
2022-08-04,24.989999771118164,25.96999931335449,24.875,25.09000015258789,3504200.0
2022-08-05,24.57999992370605,24.670000076293945,23.8700008392334,24.31999969482422,2043500.0
2022-08-08,24.64999961853028,25.6200008392334,24.38999938964844,24.61000061035156,3144600.0
2022-08-09,24.11000061035156,25.100000381469727,23.81999969482422,24.57999992370605,2068600.0
2022-08-10,24.270000457763672,24.3700008392334,22.88999938964844,24.15999984741211,3855800.0
2022-08-11,25.209999084472656,26.459999084472656,24.8700008392334,25.170000076293945,4019000.0
2022-08-12,25.39999961853028,25.459999084472656,24.059999465942383,24.26000022888184,2247800.0
2022-08-15,25.270000457763672,25.920000076293945,25.14999961853028,25.270000457763672,2372200.0
2022-08-16,24.600000381469727,24.690000534057617,24.100000381469727,24.43000030517578,3131900.0
2022-08-17,23.84000015258789,24.82999992370605,23.73200035095215,24.31999969482422,2520400.0
2022-08-18,23.25,23.437000274658203,22.88999938964844,23.25,3596000.0
2022-08-19,22.559999465942383,23.0,22.40999984741211,22.920000076293945,2644100.0
2022-08-22,23.170000076293945,23.617000579833984,22.3799991607666,22.89999961853028,2740700.0
2022-08-23,23.739999771118164,24.030000686645508,22.6200008392334,23.770000457763672,2827000.0
2022-08-24,24.40999984741211,24.545000076293945,22.26000022888184,22.81999969482422,6021400.0
2022-08-25,27.36000061035156,27.46999931335449,25.440000534057617,25.871999740600582,8526400.0
2022-08-26,25.239999771118164,28.86000061035156,25.01000022888184,28.84000015258789,9334000.0
2022-08-29,23.950000762939453,25.540000915527344,23.905000686645508,24.700000762939453,5854200.0
2022-08-30,23.14999961853028,24.170000076293945,22.520000457763672,24.0,5391000.0
2022-08-31,24.959999084472656,25.33300018310547,24.09000015258789,24.229999542236328,5706200.0
2022-09-01,24.799999237060547,24.979999542236328,23.950000762939453,24.34000015258789,2905500.0
2022-09-02,23.57999992370605,24.26000022888184,23.424999237060547,24.100000381469727,3645500.0
2022-09-06,22.51000022888184,23.36000061035156,22.459999084472656,23.100000381469727,4825200.0
2022-09-07,23.6200008392334,23.875,22.09000015258789,22.80500030517578,5866200.0
2022-09-08,20.06999969482422,21.0,19.450000762939453,20.459999084472656,25292100.0
2022-09-09,19.31999969482422,20.200000762939453,19.200000762939453,19.5,11817500.0
2022-09-12,20.14999961853028,20.21999931335449,19.13999938964844,19.36000061035156,5902300.0
2022-09-13,18.489999771118164,19.5,18.40999984741211,19.450000762939453,8281700.0
2022-09-14,18.459999084472656,18.63999938964844,17.979999542236328,18.290000915527344,4663600.0
2022-09-15,18.170000076293945,18.729999542236328,17.4950008392334,18.1299991607666,4734900.0
2022-09-16,17.059999465942383,17.719999313354492,16.950000762939453,17.56999969482422,6267700.0
2022-09-19,17.190000534057617,17.229999542236328,16.360000610351562,16.510000228881836,3296900.0
2022-09-20,16.719999313354492,17.145000457763672,16.639999389648438,16.790000915527344,4151400.0
2022-09-21,16.239999771118164,16.979999542236328,16.059999465942383,16.3799991607666,5908200.0
2022-09-22,16.450000762939453,16.940000534057617,16.260000228881836,16.350000381469727,4721000.0
2022-09-23,16.18000030517578,16.225000381469727,15.699999809265137,15.989999771118164,4877800.0
2022-09-26,16.09000015258789,16.889999389648438,16.06999969482422,16.56999969482422,3442300.0
2022-09-27,16.0,17.239999771118164,15.899999618530272,16.360000610351562,3750100.0
2022-09-28,16.18000030517578,16.270000457763672,15.359999656677246,15.359999656677246,2965300.0
2022-09-29,15.25,15.68000030517578,14.949999809265137,15.539999961853027,4854700.0
2022-09-30,15.31999969482422,15.505000114440918,14.899999618530272,14.899999618530272,4092500.0
2022-10-03,15.59000015258789,15.725000381469728,15.210000038146973,15.43000030517578,2994000.0
2022-10-04,17.0,17.139999389648438,16.040000915527344,16.040000915527344,5736600.0
2022-10-05,16.75,16.975000381469727,16.329999923706055,16.399999618530273,3955400.0
2022-10-06,16.079999923706055,16.809999465942383,16.020000457763672,16.55500030517578,3855300.0
2022-10-07,15.449999809265137,15.880000114440918,15.109999656677246,15.609999656677246,5199100.0
2022-10-10,13.800000190734863,14.640000343322754,13.40999984741211,14.619999885559082,9333300.0
2022-10-11,12.800000190734863,13.31999969482422,12.595000267028809,13.020000457763672,9363600.0
2022-10-12,12.489999771118164,12.994999885559082,12.329999923706056,12.729999542236328,6884600.0
2022-10-13,11.869999885559082,12.145000457763672,11.010000228881836,11.482000350952148,9479200.0
2022-10-14,11.18000030517578,12.220000267028809,11.170000076293944,12.039999961853027,5863800.0
2022-10-17,12.09000015258789,12.5,11.710000038146973,11.729999542236328,9941400.0
2022-10-18,12.279999732971191,12.869999885559082,11.890000343322754,12.699999809265137,7705700.0
2022-10-19,11.029999732971191,11.65999984741211,11.0,11.609999656677246,9143500.0
2022-10-20,11.06999969482422,11.739999771118164,10.9399995803833,11.10099983215332,6523000.0
2022-10-21,11.050000190734863,11.079999923706056,10.395000457763672,10.729999542236328,7502600.0
2022-10-24,9.1899995803833,9.529999732971191,8.229999542236328,9.15999984741211,20890700.0
2022-10-25,9.93000030517578,10.029999732971191,9.489999771118164,9.635000228881836,12471800.0
2022-10-26,10.479999542236328,11.029999732971191,9.640000343322754,9.710000038146973,15888300.0
2022-10-27,9.520000457763672,10.21500015258789,9.5,9.770000457763672,10108800.0
2022-10-28,8.949999809265137,8.989999771118164,8.524999618530273,8.960000038146973,9410700.0
2022-10-31,8.920000076293945,9.210000038146973,8.739999771118164,8.744999885559082,6714200.0
2022-11-01,9.229999542236328,9.975000381469728,9.210000038146973,9.779999732971191,12662300.0
2022-11-02,9.260000228881836,9.789999961853027,9.104999542236328,9.550000190734863,10879200.0
2022-11-03,9.529999732971191,9.729999542236328,8.829999923706055,8.880000114440918,8010700.0
2022-11-04,11.710000038146973,11.739999771118164,10.454999923706056,11.06999969482422,21998800.0
2022-11-07,11.81999969482422,12.732000350952148,11.40999984741211,12.3100004196167,16347400.0
2022-11-08,11.5600004196167,11.630000114440918,10.899999618530272,11.399999618530272,9035700.0
2022-11-09,10.170000076293944,10.850000381469728,10.06999969482422,10.779999732971191,9154000.0
2022-11-10,11.710000038146973,12.039999961853027,11.020000457763672,11.029999732971191,9643800.0
2022-11-11,12.670000076293944,12.80500030517578,11.90999984741211,12.329999923706056,10533700.0
2022-11-14,12.880000114440918,13.489999771118164,12.699999809265137,13.15999984741211,7220900.0
2022-11-15,16.280000686645508,16.8799991607666,14.739999771118164,14.949999809265137,24960300.0
2022-11-16,15.460000038146973,16.104999542236328,15.300000190734863,15.93000030517578,13639200.0
2022-11-17,15.789999961853027,16.530000686645508,14.640000343322754,14.920000076293944,13785700.0
2022-11-18,14.720000267028809,15.470000267028809,14.109999656677246,15.470000267028809,10406200.0
2022-11-21,13.520000457763672,14.220000267028809,13.220000267028809,14.210000038146973,7820100.0
2022-11-22,13.149999618530272,13.18000030517578,12.654999732971191,12.9399995803833,6163100.0
2022-11-23,13.279999732971191,13.600000381469728,13.020000457763672,13.460000038146973,4974400.0
2022-11-25,12.329999923706056,12.890000343322754,12.225000381469728,12.600000381469728,6214800.0
2022-11-28,12.59000015258789,13.1899995803833,12.210000038146973,12.220000267028809,9889000.0
2022-11-29,15.399999618530272,15.729999542236328,14.270000457763672,14.289999961853027,34611900.0
2022-11-30,17.360000610351562,17.739999771118164,16.510000228881836,16.510000228881836,25309000.0
2022-12-01,17.020000457763672,17.18000030517578,16.3700008392334,16.65999984741211,7135500.0
2022-12-02,19.84000015258789,19.989999771118164,16.5,16.610000610351562,28678000.0
2022-12-05,19.690000534057617,23.01000022888184,19.36000061035156,22.34000015258789,30351500.0
2022-12-06,20.559999465942383,21.89999961853028,18.8799991607666,19.959999084472656,25631800.0
2022-12-07,21.71999931335449,22.5,19.559999465942383,19.6299991607666,23072900.0
2022-12-08,23.39999961853028,24.90999984741211,22.799999237060547,23.770000457763672,28125700.0
2022-12-09,25.40999984741211,26.30500030517578,24.395000457763672,24.520000457763672,24538500.0
2022-12-12,23.0,24.924999237060547,21.81999969482422,24.84000015258789,18751100.0
2022-12-13,24.09000015258789,25.25,23.46500015258789,25.0,12760700.0
2022-12-14,24.59000015258789,25.065000534057617,23.3700008392334,24.15999984741211,9120300.0
2022-12-15,22.5,25.25,22.290000915527344,25.09000015258789,13074900.0
2022-12-16,23.01000022888184,24.25,23.0,23.270000457763672,10440600.0
2022-12-19,21.65999984741211,23.1299991607666,20.700000762939453,23.059999465942383,9592600.0
2022-12-20,22.18000030517578,22.5,20.479999542236328,20.68000030517578,8779900.0
2022-12-21,23.34000015258789,23.575000762939453,21.600000381469727,21.940000534057617,6577400.0
2022-12-22,23.600000381469727,24.170000076293945,22.8700008392334,23.700000762939453,7984200.0
2022-12-23,23.170000076293945,24.18000030517578,22.82999992370605,23.75,5217400.0
2022-12-27,24.75,25.440000534057617,23.13500022888184,23.299999237060547,11468900.0
2022-12-28,22.76000022888184,24.530000686645508,22.46999931335449,24.280000686645508,7772500.0
2022-12-29,24.290000915527344,24.43000030517578,22.280000686645508,23.15999984741211,9302000.0
2022-12-30,23.690000534057617,24.170000076293945,23.020000457763672,23.020000457763672,6127500.0
2023-01-03,27.0,27.65999984741211,25.0,25.479999542236328,17735600.0
2023-01-04,28.31999969482422,28.809999465942383,27.200000762939453,28.25,14454200.0
2023-01-05,29.200000762939453,29.459999084472656,27.40999984741211,27.63999938964844,10745300.0
2023-01-06,28.64999961853028,28.979999542236328,27.51000022888184,28.30500030517578,8175600.0
2023-01-09,27.0,27.61000061035156,26.63999938964844,27.25,21026200.0
2023-01-10,27.5,27.63999938964844,26.790000915527344,27.26000022888184,7393000.0
2023-01-11,26.940000534057617,27.76000022888184,26.34000015258789,27.674999237060547,10614800.0
2023-01-12,26.68000030517578,26.93000030517578,25.25,26.420000076293945,7326800.0
2023-01-13,27.96999931335449,28.049999237060547,27.01000022888184,27.030000686645508,8505700.0
2023-01-17,26.540000915527344,27.3799991607666,25.940000534057617,27.27499961853028,6312300.0
2023-01-18,25.43000030517578,27.222000122070312,25.39999961853028,26.670000076293945,5242300.0
2023-01-19,24.64999961853028,26.450000762939453,24.46999931335449,26.040000915527344,7937200.0
2023-01-20,25.38999938964844,25.989999771118164,25.21999931335449,25.600000381469727,6467500.0
2023-01-23,26.18000030517578,26.809999465942383,25.4689998626709,25.770000457763672,5680500.0
2023-01-24,25.63999938964844,26.200000762939453,25.56999969482422,25.799999237060547,3190800.0
2023-01-25,25.90999984741211,25.940000534057617,24.90999984741211,25.489999771118164,4108400.0
2023-01-26,28.020000457763672,28.14999961853028,26.8700008392334,27.729999542236328,9538800.0
2023-01-27,27.780000686645508,28.049999237060547,26.90999984741211,27.684999465942383,5426100.0
2023-01-30,25.31999969482422,25.799999237060547,24.559999465942383,25.450000762939453,10005300.0
2023-01-31,25.0,25.875,24.729999542236328,24.790000915527344,5745500.0
2023-02-01,26.25,26.530000686645508,24.96999931335449,25.790000915527344,7538400.0
2023-02-02,25.65999984741211,26.01000022888184,25.14999961853028,25.850000381469727,6157900.0
2023-02-03,24.32999992370605,25.700000762939453,24.290000915527344,25.040000915527344,5415700.0
2023-02-06,23.32999992370605,23.63500022888184,22.459999084472656,23.32999992370605,7836100.0
2023-02-07,23.270000457763672,24.170000076293945,22.40999984741211,24.049999237060547,9610300.0
2023-02-08,22.459999084472656,23.170000076293945,21.950000762939453,23.020000457763672,8040100.0
2023-02-09,22.420000076293945,23.8799991607666,22.280000686645508,23.834999084472656,7986200.0
2023-02-10,21.6200008392334,22.0,21.229999542236328,21.799999237060547,7781000.0
2023-02-13,22.40999984741211,22.93000030517578,22.32999992370605,22.549999237060547,6410300.0
2023-02-14,22.46999931335449,22.68000030517578,21.700000762939453,22.200000762939453,3827100.0
2023-02-15,22.64999961853028,22.75,21.76000022888184,21.850000381469727,3052100.0
2023-02-16,22.75,23.350000381469727,22.489999771118164,22.93000030517578,4527600.0
2023-02-17,22.049999237060547,22.31999969482422,21.709999084472656,22.15999984741211,3386700.0
2023-02-21,21.5,22.1200008392334,21.39999961853028,21.6200008392334,5647600.0
2023-02-22,21.88999938964844,22.65999984741211,21.520999908447266,22.229999542236328,7046000.0
2023-02-23,22.049999237060547,22.950000762939453,21.600000381469727,22.86000061035156,6855200.0
2023-02-24,20.46999931335449,20.89999961853028,19.959999084472656,20.71999931335449,8708300.0
2023-02-27,20.040000915527344,20.86000061035156,19.915000915527344,20.82999992370605,8354000.0
2023-02-28,19.299999237060547,20.049999237060547,19.239999771118164,19.64999961853028,8943500.0
2023-03-01,19.670000076293945,21.040000915527344,19.479999542236328,20.950000762939453,14193700.0
2023-03-02,21.56999969482422,21.75,18.200000762939453,18.38999938964844,16306600.0
2023-03-03,22.61000061035156,23.71999931335449,21.551000595092773,21.81999969482422,16632700.0
2023-03-06,21.6299991607666,22.6200008392334,21.6200008392334,22.5,5065500.0
2023-03-07,20.549999237060547,21.05500030517578,20.32999992370605,20.559999465942383,7152800.0
2023-03-08,20.239999771118164,20.51799964904785,19.76000022888184,20.09000015258789,4016200.0
2023-03-09,18.6200008392334,19.63999938964844,18.559999465942383,19.6200008392334,8093500.0
2023-03-10,19.729999542236328,20.239999771118164,18.76000022888184,19.0,11223000.0
2023-03-13,21.100000381469727,21.405000686645508,20.299999237060547,20.690000534057617,8468800.0
2023-03-14,21.5,21.520000457763672,20.700000762939453,20.709999084472656,4786500.0
2023-03-15,21.09000015258789,21.18000030517578,20.100000381469727,20.834999084472656,5640400.0
2023-03-16,22.34000015258789,22.420000076293945,20.309999465942383,20.357999801635746,8563700.0
2023-03-17,22.18000030517578,23.31999969482422,22.13999938964844,23.06999969482422,5095200.0
2023-03-20,23.6299991607666,24.040000915527344,22.549999237060547,22.64999961853028,10368200.0
2023-03-21,23.15999984741211,23.540000915527344,22.7549991607666,23.01000022888184,4397800.0
2023-03-22,22.780000686645508,23.809999465942383,22.770000457763672,23.6299991607666,4101400.0
2023-03-23,24.209999084472656,25.57999992370605,23.559999465942383,24.3799991607666,10071700.0
2023-03-24,23.89999961853028,24.674999237060547,23.739999771118164,23.940000534057617,3239700.0
2023-03-27,24.38999938964844,24.39999961853028,23.71999931335449,23.920000076293945,4360900.0
2023-03-28,25.09000015258789,25.31999969482422,24.489999771118164,24.76499938964844,5191600.0
2023-03-29,24.709999084472656,24.780000686645508,23.780000686645508,24.479999542236328,4080800.0
2023-03-30,25.030000686645508,25.559999465942383,24.64999961853028,24.84000015258789,3844100.0
2023-03-31,23.5,24.299999237060547,23.125,24.14999961853028,7277400.0
2023-04-03,22.690000534057617,22.93000030517578,22.350000381469727,22.89999961853028,7318600.0
2023-04-04,21.65999984741211,22.020000457763672,21.34000015258789,21.86000061035156,7096100.0
2023-04-05,21.26000022888184,21.59000015258789,20.89999961853028,21.59000015258789,3737600.0
2023-04-06,21.51000022888184,21.770000457763672,20.920000076293945,21.3799991607666,3544400.0
2023-04-10,20.940000534057617,21.18000030517578,20.63999938964844,20.920000076293945,3075400.0
2023-04-11,21.739999771118164,22.530000686645508,21.655000686645508,21.799999237060547,6499500.0
2023-04-12,20.290000915527344,21.690000534057617,20.23500061035156,21.39999961853028,5585900.0
2023-04-13,21.39999961853028,21.729999542236328,21.21999931335449,21.290000915527344,5142700.0
2023-04-14,20.89999961853028,21.479999542236328,20.82999992370605,21.200000762939453,2295100.0
2023-04-17,21.729999542236328,21.84499931335449,21.420000076293945,21.530000686645508,3163500.0
2023-04-18,21.59000015258789,21.920000076293945,21.200000762939453,21.82999992370605,3899600.0
2023-04-19,20.959999084472656,21.125,20.71999931335449,20.799999237060547,2007100.0
2023-04-20,20.31999969482422,20.825000762939453,20.030000686645508,20.739999771118164,4484600.0
2023-04-21,20.3799991607666,20.59000015258789,20.045000076293945,20.200000762939453,4054500.0
2023-04-24,19.8799991607666,20.309999465942383,19.684999465942383,20.18000030517578,2435800.0
2023-04-25,19.280000686645508,19.88500022888184,19.25,19.5,4425700.0
2023-04-26,19.850000381469727,20.600000381469727,19.59000015258789,20.450000762939453,3380200.0
2023-04-27,20.040000915527344,20.11000061035156,19.270000457763672,19.559999465942383,2887900.0
2023-04-28,20.36000061035156,20.424999237060547,19.950000762939453,20.07999992370605,2353200.0
2023-05-01,20.229999542236328,20.559999465942383,20.0,20.059999465942383,1641000.0
2023-05-02,18.790000915527344,19.795000076293945,18.76000022888184,19.75,4722900.0
2023-05-03,19.11000061035156,19.434999465942383,18.71999931335449,19.100000381469727,2494100.0
2023-05-04,19.8799991607666,20.38500022888184,19.530000686645508,19.600000381469727,3389800.0
2023-05-05,20.25,20.354999542236328,19.64999961853028,19.770000457763672,2989100.0
2023-05-08,19.979999542236328,20.1200008392334,19.41900062561035,20.1200008392334,2564000.0
2023-05-09,19.40999984741211,19.46999931335449,18.940000534057617,19.0,2233300.0
2023-05-10,18.8799991607666,19.25,18.56999969482422,18.90999984741211,4249300.0
2023-05-11,19.100000381469727,19.36000061035156,18.6299991607666,18.709999084472656,4589700.0
2023-05-12,18.209999084472656,18.520000457763672,18.040000915527344,18.51000022888184,4693400.0
2023-05-15,19.57999992370605,19.739999771118164,18.46999931335449,18.690000534057617,4859000.0
2023-05-16,19.01000022888184,19.21999931335449,18.56999969482422,18.809999465942383,3606500.0
2023-05-17,18.56999969482422,18.700000762939453,18.07999992370605,18.18000030517578,3741500.0
2023-05-18,18.25,18.600000381469727,18.000999450683594,18.56999969482422,2849900.0
2023-05-19,18.200000762939453,18.4950008392334,18.049999237060547,18.13999938964844,2301600.0
2023-05-22,18.799999237060547,19.36000061035156,18.690000534057617,18.790000915527344,3556400.0
2023-05-23,18.0,18.49099922180176,17.905000686645508,18.350000381469727,5180600.0
2023-05-24,17.290000915527344,17.81100082397461,17.219999313354492,17.59000015258789,4568500.0
2023-05-25,16.549999237060547,17.090999603271484,16.329999923706055,17.040000915527344,5006000.0
2023-05-26,16.889999389648438,17.15999984741211,16.6200008392334,16.969999313354492,4430000.0
2023-05-30,16.56999969482422,17.25,16.290000915527344,16.899999618530273,5829300.0
2023-05-31,15.65999984741211,16.280000686645508,15.350000381469728,16.260000228881836,10570200.0
2023-06-01,15.869999885559082,15.90999984741211,14.449999809265137,15.100000381469728,14626900.0
2023-06-02,15.31999969482422,16.604999542236328,15.180999755859377,15.9399995803833,13034800.0
2023-06-05,14.970000267028809,15.385000228881836,14.829999923706056,15.234999656677246,7008800.0
2023-06-06,15.8100004196167,16.155000686645508,14.970000267028809,15.130000114440918,15385900.0
2023-06-07,15.670000076293944,16.440000534057617,15.5600004196167,15.8100004196167,7092000.0
2023-06-08,15.90999984741211,16.149999618530273,15.8100004196167,15.8100004196167,4143900.0
2023-06-09,16.110000610351562,16.639999389648438,15.949999809265137,16.540000915527344,6577500.0
2023-06-12,16.290000915527344,16.670000076293945,16.200000762939453,16.3700008392334,4821800.0
2023-06-13,16.8700008392334,17.479999542236328,16.84000015258789,16.989999771118164,8580000.0
2023-06-14,17.600000381469727,17.770000457763672,16.93000030517578,16.954999923706055,5234100.0
2023-06-15,18.299999237060547,18.76000022888184,18.18000030517578,18.299999237060547,6382400.0
2023-06-16,17.469999313354492,18.520000457763672,17.360000610351562,18.51000022888184,7932900.0
2023-06-20,15.970000267028809,16.700000762939453,15.800000190734863,16.700000762939453,8201900.0
2023-06-21,15.5600004196167,16.049999237060547,15.505000114440918,15.670000076293944,4438200.0
2023-06-22,15.369999885559082,15.729999542236328,15.220000267028809,15.510000228881836,3231000.0
2023-06-23,14.9399995803833,15.258999824523926,14.800000190734863,15.220000267028809,4721700.0
2023-06-26,14.989999771118164,15.399999618530272,14.949999809265137,15.130000114440918,3563700.0
2023-06-27,15.550000190734863,15.720000267028809,15.350000381469728,15.56999969482422,4283600.0
2023-06-28,15.3100004196167,15.369999885559082,14.968000411987305,15.31999969482422,5062900.0
2023-06-29,14.93000030517578,15.010000228881836,14.630000114440918,14.829999923706056,3630000.0
2023-06-30,15.100000381469728,15.25,14.890000343322754,15.010000228881836,2799400.0
2023-07-03,15.729999542236328,15.979999542236328,15.520000457763672,15.720000267028809,3696400.0
2023-07-05,15.260000228881836,15.399999618530272,14.994000434875488,15.350000381469728,3713600.0
2023-07-06,14.550000190734863,14.979999542236328,14.420000076293944,14.800000190734863,4861200.0
2023-07-07,14.899999618530272,15.0,14.630999565124512,14.81999969482422,4688300.0
2023-07-10,14.890000343322754,15.079999923706056,14.579999923706056,14.770000457763672,3686800.0
2023-07-11,15.5,15.619999885559082,14.970000267028809,14.989999771118164,4498900.0
2023-07-12,16.700000762939453,16.975000381469727,16.191999435424805,16.395999908447266,7696600.0
2023-07-13,17.540000915527344,17.690000534057617,17.139999389648438,17.149999618530273,6892900.0
2023-07-14,16.739999771118164,16.959999084472656,16.450000762939453,16.959999084472656,4897800.0
2023-07-17,16.639999389648438,16.68000030517578,15.970000267028809,16.200000762939453,4414800.0
2023-07-18,15.5600004196167,16.239999771118164,15.170000076293944,16.239999771118164,11237500.0
2023-07-19,15.75,16.489999771118164,15.739999771118164,16.1200008392334,5914200.0
2023-07-20,15.369999885559082,15.666999816894531,15.270000457763672,15.59000015258789,3415700.0
2023-07-21,15.460000038146973,15.75,15.260000228881836,15.600000381469728,3583100.0
2023-07-24,17.100000381469727,17.739999771118164,15.65999984741211,15.720000267028809,15271900.0
2023-07-25,16.950000762939453,17.84000015258789,16.875,17.709999084472656,7421300.0
2023-07-26,17.3799991607666,17.799999237060547,16.81999969482422,16.920000076293945,6289000.0
2023-07-27,16.200000762939453,17.0,16.020000457763672,16.84000015258789,11068400.0
2023-07-28,18.670000076293945,19.100000381469727,17.3799991607666,17.3799991607666,18092600.0
2023-07-31,19.06999969482422,19.14999961853028,17.959999084472656,18.280000686645508,8330100.0
2023-08-01,17.809999465942383,18.53499984741211,17.719999313354492,18.34000015258789,8955400.0
2023-08-02,16.899999618530273,17.3700008392334,16.610000610351562,17.200000762939453,8011400.0
2023-08-03,18.420000076293945,18.895000457763672,17.475000381469727,17.639999389648438,12623800.0
2023-08-04,18.15999984741211,18.739999771118164,18.09000015258789,18.65999984741211,4390000.0
2023-08-07,17.719999313354492,18.11000061035156,17.22800064086914,18.100000381469727,5776600.0
2023-08-08,17.280000686645508,17.299999237060547,16.700000762939453,17.079999923706055,6615600.0
2023-08-09,17.1200008392334,17.530000686645508,16.704999923706055,17.520000457763672,4574600.0
2023-08-10,16.950000762939453,18.114999771118164,16.90999984741211,17.6299991607666,7468500.0
2023-08-11,16.030000686645508,16.410999298095703,15.793999671936035,16.350000381469727,7640900.0
2023-08-14,16.389999389648438,16.43000030517578,15.9350004196167,16.290000915527344,5284700.0
2023-08-15,15.640000343322754,16.079999923706055,15.609999656677246,16.049999237060547,5133400.0
2023-08-16,15.239999771118164,15.529999732971191,15.06999969482422,15.239999771118164,5743900.0
2023-08-17,15.350000381469728,16.209999084472656,15.300000190734863,15.920000076293944,11882600.0
2023-08-18,14.369999885559082,14.850000381469728,14.3100004196167,14.529999732971191,10025800.0
2023-08-21,14.739999771118164,14.8149995803833,14.260000228881836,14.31999969482422,6854100.0
2023-08-22,14.600000381469728,15.270000457763672,14.460000038146973,15.204999923706056,6203300.0
2023-08-23,14.850000381469728,15.0,14.65999984741211,14.670000076293944,4301200.0
2023-08-24,14.93000030517578,15.24899959564209,14.755000114440918,15.050000190734863,4325100.0
2023-08-25,14.5600004196167,14.760000228881836,14.100000381469728,14.6899995803833,6848200.0
2023-08-28,14.779999732971191,15.0,14.550000190734863,14.619999885559082,3989100.0
2023-08-29,15.81999969482422,16.31999969482422,15.25,15.40999984741211,9809200.0
2023-08-30,15.529999732971191,15.710000038146973,15.239999771118164,15.350000381469728,4189900.0
2023-08-31,15.130000114440918,15.300000190734863,14.869999885559082,15.0600004196167,4396600.0
2023-09-01,15.579999923706056,16.149999618530273,15.479999542236328,15.510000228881836,6271000.0
2023-09-05,15.210000038146973,15.3100004196167,14.890000343322754,15.09000015258789,5123600.0
2023-09-06,15.34000015258789,15.44499969482422,15.140000343322754,15.25,2646700.0
2023-09-07,14.300000190734863,14.420000076293944,14.079999923706056,14.350000381469728,9903100.0
2023-09-08,13.5600004196167,14.270000457763672,13.359999656677246,14.15999984741211,9307700.0
2023-09-11,14.050000190734863,14.220000267028809,13.850000381469728,14.050000190734863,5340800.0
2023-09-12,14.109999656677246,14.31999969482422,13.949999809265137,13.979999542236328,3251700.0
2023-09-13,13.8100004196167,14.03499984741211,13.779999732971191,13.859999656677246,2615300.0
2023-09-14,13.93000030517578,14.095000267028809,13.789999961853027,14.010000228881836,3449300.0
2023-09-15,13.800000190734863,14.010000228881836,13.640000343322754,13.899999618530272,2865100.0
2023-09-18,13.670000076293944,13.795000076293944,13.40999984741211,13.550000190734863,2847200.0
2023-09-19,13.600000381469728,13.739999771118164,13.489999771118164,13.550000190734863,1942500.0
2023-09-20,13.399999618530272,13.729999542236328,13.375,13.5600004196167,2220000.0
2023-09-21,12.93000030517578,13.039999961853027,12.84000015258789,12.890000343322754,3725400.0
2023-09-22,13.649999618530272,13.84000015258789,13.520000457763672,13.800000190734863,4724700.0
2023-09-25,13.43000030517578,13.43000030517578,13.100000381469728,13.170000076293944,2915700.0
2023-09-26,13.380000114440918,13.515000343322754,13.270000457763672,13.289999961853027,2289400.0
2023-09-27,13.550000190734863,13.56999969482422,13.350000381469728,13.489999771118164,2634500.0
2023-09-28,13.520000457763672,13.5600004196167,13.149999618530272,13.270000457763672,2947500.0
2023-09-29,13.770000457763672,14.020000457763672,13.630000114440918,13.899999618530272,3592200.0
2023-10-02,13.630000114440918,13.81999969482422,13.520000457763672,13.739999771118164,1864300.0
2023-10-03,13.5,13.619999885559082,13.260000228881836,13.300000190734863,4599200.0
2023-10-04,13.3100004196167,13.4399995803833,13.119999885559082,13.380000114440918,3275900.0
2023-10-05,13.140000343322754,13.18000030517578,12.970000267028809,13.109999656677246,2401000.0
2023-10-06,13.56999969482422,13.774999618530272,13.329999923706056,13.350000381469728,5540200.0
2023-10-09,13.279999732971191,13.369999885559082,13.020000457763672,13.350000381469728,3871000.0
2023-10-10,14.329999923706056,14.779999732971191,13.65999984741211,13.710000038146973,13675400.0
2023-10-11,14.649999618530272,15.300000190734863,14.5600004196167,14.609999656677246,10697600.0
2023-10-12,13.970000267028809,14.71500015258789,13.760000228881836,14.699999809265137,7028500.0
2023-10-13,13.65999984741211,13.890000343322754,13.520000457763672,13.670000076293944,3294600.0
2023-10-16,13.619999885559082,13.68000030517578,13.130000114440918,13.40999984741211,3447200.0
2023-10-17,13.4399995803833,13.649999618530272,13.220000267028809,13.25,2558200.0
2023-10-18,12.869999885559082,13.390000343322754,12.550000190734863,13.25,7283600.0
2023-10-19,12.710000038146973,12.920000076293944,12.630000114440918,12.65999984741211,4078100.0
2023-10-20,12.510000228881836,12.600000381469728,12.359999656677246,12.479999542236328,4221000.0
2023-10-23,12.640000343322754,12.904999732971191,12.140000343322754,12.380000114440918,3458900.0
2023-10-24,13.56999969482422,14.039999961853027,12.789999961853027,12.800000190734863,9345700.0
2023-10-25,13.039999961853027,13.3100004196167,12.84000015258789,13.220000267028809,5636400.0
2023-10-26,13.25,13.4399995803833,13.0,13.100000381469728,3998200.0
2023-10-27,13.300000190734863,13.789999961853027,13.279999732971191,13.65999984741211,4304700.0
2023-10-30,13.880000114440918,14.0649995803833,13.68000030517578,13.859999656677246,5300900.0
2023-10-31,13.43000030517578,13.65999984741211,13.06999969482422,13.479999542236328,6535100.0
2023-11-01,13.199999809265137,13.289999961853027,12.899999618530272,13.15999984741211,3317300.0
2023-11-02,13.859999656677246,14.010000228881836,13.600000381469728,13.630000114440918,5054600.0
2023-11-03,14.6899995803833,14.850000381469728,14.449999809265137,14.489999771118164,6122200.0
2023-11-06,14.539999961853027,15.130000114440918,14.40999984741211,15.100000381469728,7575300.0
2023-11-07,14.399999618530272,14.770000457763672,14.149999618530272,14.739999771118164,7034700.0
2023-11-08,14.550000190734863,14.864999771118164,14.399999618530272,14.420000076293944,5175700.0
2023-11-09,14.199999809265137,14.8149995803833,14.130000114440918,14.640000343322754,5316700.0
2023-11-10,14.15999984741211,14.210000038146973,13.795000076293944,14.100000381469728,3909600.0
2023-11-13,14.350000381469728,14.56999969482422,14.0600004196167,14.449999809265137,3415900.0
2023-11-14,14.789999961853027,14.880000114440918,14.399999618530272,14.770000457763672,6191500.0
2023-11-15,15.199999809265137,15.649999618530272,14.859999656677246,15.130000114440918,6752400.0
2023-11-16,14.039999961853027,14.49899959564209,13.880000114440918,14.333999633789062,8522500.0
2023-11-17,13.989999771118164,14.265000343322754,13.720000267028809,13.979999542236328,4810000.0
2023-11-20,14.56999969482422,14.914999961853027,14.170000076293944,14.199999809265137,5625700.0
2023-11-21,14.15999984741211,14.449999809265137,14.0,14.350000381469728,4751600.0
2023-11-22,14.010000228881836,14.289999961853027,13.90999984741211,14.199999809265137,2367500.0
2023-11-24,14.140000343322754,14.175000190734863,13.890000343322754,13.93000030517578,1745200.0
2023-11-27,13.6899995803833,13.979999542236328,13.670000076293944,13.979999542236328,3584300.0
2023-11-28,13.34000015258789,13.579999923706056,13.220000267028809,13.43000030517578,7962600.0
2023-11-29,11.859999656677246,12.93000030517578,11.609999656677246,12.899999618530272,24348500.0
2023-11-30,11.329999923706056,11.579999923706056,11.21500015258789,11.5600004196167,11341400.0
2023-12-01,11.510000228881836,11.56999969482422,10.920000076293944,11.149999618530272,8601400.0
2023-12-04,11.529999732971191,11.5649995803833,11.130000114440918,11.229999542236328,5411800.0
2023-12-05,11.40999984741211,11.479999542236328,11.21500015258789,11.25,3286600.0
2023-12-06,11.739999771118164,11.949999809265137,11.670000076293944,11.800000190734863,6124100.0
2023-12-07,12.0,12.100000381469728,11.8100004196167,11.859999656677246,3696900.0
2023-12-08,11.93000030517578,12.039999961853027,11.791000366210938,12.0,3220800.0
2023-12-11,12.220000267028809,12.270000457763672,11.770000457763672,11.84000015258789,3199900.0
2023-12-12,12.279999732971191,12.3100004196167,12.0649995803833,12.25,3354800.0
2023-12-13,12.210000038146973,12.25,11.78499984741211,12.140000343322754,7066200.0
2023-12-14,12.010000228881836,12.210000038146973,11.829999923706056,12.079999923706056,8306300.0
2023-12-15,11.960000038146973,12.300000190734863,11.904999732971191,12.270000457763672,5745200.0
2023-12-18,11.40999984741211,11.710000038146973,11.31999969482422,11.6899995803833,5561200.0
2023-12-19,11.789999961853027,11.850000381469728,11.43000030517578,11.43000030517578,3795800.0
2023-12-20,11.0,11.604999542236328,10.989999771118164,11.420000076293944,6687400.0
2023-12-21,11.56999969482422,11.579999923706056,11.260000228881836,11.40999984741211,4236200.0
2023-12-22,11.0,11.279999732971191,10.40999984741211,10.420000076293944,9863200.0
2023-12-26,11.220000267028809,11.369999885559082,11.09000015258789,11.25,3155200.0
2023-12-27,11.119999885559082,11.210000038146973,10.970000267028809,11.149999618530272,4669300.0
2023-12-28,11.84000015258789,12.25,11.5,11.56999969482422,11959300.0
2023-12-29,12.170000076293944,12.31999969482422,11.90999984741211,12.0600004196167,6464900.0
2024-01-02,11.609999656677246,11.960000038146973,11.550000190734863,11.9399995803833,5679500.0
2024-01-03,12.06999969482422,12.09000015258789,11.494999885559082,11.609999656677246,6399500.0
2024-01-04,11.6899995803833,12.0,11.6850004196167,11.90999984741211,4737100.0
2024-01-05,11.119999885559082,11.579999923706056,11.079999923706056,11.579999923706056,7354900.0
2024-01-08,11.119999885559082,11.170000076293944,10.760000228881836,10.779999732971191,4345900.0
2024-01-09,10.850000381469728,10.960000038146973,10.80500030517578,10.850000381469728,3711400.0
2024-01-10,10.779999732971191,11.020000457763672,10.720000267028809,10.93000030517578,3554900.0
2024-01-11,10.899999618530272,11.130000114440918,10.649999618530272,11.039999961853027,5548300.0
2024-01-12,10.649999618530272,10.975000381469728,10.640000343322754,10.84000015258789,3298300.0
2024-01-16,10.039999961853027,10.395000457763672,9.9399995803833,10.329999923706056,7232800.0
2024-01-17,9.8100004196167,9.890000343322754,9.494999885559082,9.5,7008200.0
2024-01-18,9.699999809265137,10.0600004196167,9.635000228881836,9.970000267028809,5085000.0
2024-01-19,9.40999984741211,9.505000114440918,9.130000114440918,9.479999542236328,9102500.0
2024-01-22,9.210000038146973,9.375,8.800000190734863,8.899999618530273,8079300.0
2024-01-23,10.050000190734863,10.649999618530272,9.779999732971191,9.90999984741211,22059400.0
2024-01-24,10.010000228881836,10.720000267028809,9.869999885559082,10.64900016784668,12202000.0
2024-01-25,9.640000343322754,9.989999771118164,9.600000381469728,9.9399995803833,6987100.0
2024-01-26,9.550000190734863,9.68000030517578,9.380000114440918,9.390000343322754,3255800.0
2024-01-29,9.420000076293944,9.539999961853027,9.119999885559082,9.510000228881836,6145100.0
2024-01-30,8.979999542236328,9.18000030517578,8.960000038146973,9.029999732971191,6243000.0
2024-01-31,9.06999969482422,9.359999656677246,8.8149995803833,8.819999694824219,8689700.0
2024-02-01,9.350000381469728,9.550000190734863,9.25,9.329999923706056,7782200.0
2024-02-02,8.9399995803833,9.118000030517578,8.859999656677246,9.100000381469728,5642600.0
2024-02-05,9.09000015258789,9.15999984741211,8.869999885559082,9.029999732971191,5665000.0
2024-02-06,10.199999809265137,10.260000228881836,9.50100040435791,9.699999809265137,13704100.0
2024-02-07,9.739999771118164,9.8149995803833,9.37399959564209,9.489999771118164,8956600.0
2024-02-08,9.729999542236328,9.90999984741211,9.550000190734863,9.720000267028809,5580700.0
2024-02-09,9.880000114440918,9.925000190734863,9.529999732971191,9.779999732971191,4385800.0
2024-02-12,10.199999809265137,10.5,9.93000030517578,9.949999809265137,4604500.0
2024-02-13,9.630000114440918,10.074999809265137,9.600000381469728,9.890000343322754,4902000.0
2024-02-14,10.029999732971191,10.100000381469728,9.850000381469728,9.880000114440918,4117100.0
2024-02-15,10.140000343322754,10.149999618530272,9.94499969482422,10.050000190734863,3049500.0
2024-02-16,10.359999656677246,10.720000267028809,10.31999969482422,10.43000030517578,6294600.0
2024-02-20,10.199999809265137,10.229999542236328,9.961000442504885,10.15999984741211,4619800.0
2024-02-21,10.3100004196167,10.630000114440918,10.260000228881836,10.449999809265137,4374000.0
2024-02-22,10.279999732971191,10.4399995803833,10.0600004196167,10.350000381469728,4495300.0
2024-02-23,10.020000457763672,10.369999885559082,9.869999885559082,10.279999732971191,5449500.0
2024-02-26,10.130000114440918,10.229999542236328,10.015000343322754,10.100000381469728,3743500.0
2024-02-27,10.3100004196167,10.470000267028809,10.25,10.399999618530272,4239800.0
2024-02-28,9.670000076293944,9.979999542236328,9.649999618530272,9.890000343322754,4456300.0
2024-02-29,9.68000030517578,9.960000038146973,9.630000114440918,9.770000457763672,5043900.0
2024-03-01,10.050000190734863,10.220000267028809,9.960000038146973,9.970000267028809,5083800.0
2024-03-04,10.369999885559082,10.81999969482422,10.100000381469728,10.300000190734863,9995400.0
2024-03-05,10.15999984741211,10.590999603271484,9.989999771118164,10.239999771118164,6173800.0
2024-03-06,10.8100004196167,11.1899995803833,10.789999961853027,10.800000190734863,13290200.0
2024-03-07,10.600000381469728,10.779999732971191,9.859999656677246,9.890000343322754,16194400.0
2024-03-08,11.130000114440918,11.229999542236328,10.619999885559082,10.640000343322754,9404500.0
2024-03-11,12.609999656677246,12.859999656677246,11.93000030517578,11.960000038146973,15055400.0
2024-03-12,12.6899995803833,13.1899995803833,12.510000228881836,12.970000267028809,11117300.0
2024-03-13,12.510000228881836,13.199999809265137,12.449999809265137,12.84000015258789,8397300.0
2024-03-14,11.65999984741211,12.5,11.335000038146973,12.5,13736800.0
2024-03-15,11.779999732971191,12.029999732971191,11.670000076293944,11.789999961853027,5111500.0
2024-03-18,11.84000015258789,12.119999885559082,11.484999656677246,11.989999771118164,6224100.0
2024-03-19,11.829999923706056,11.850000381469728,11.53499984741211,11.699999809265137,2605800.0
2024-03-20,12.279999732971191,12.3100004196167,11.979999542236328,12.18000030517578,4586300.0
2024-03-21,11.199999809265137,11.479999542236328,11.100000381469728,11.210000038146973,27440600.0
2024-03-22,10.93000030517578,11.140000343322754,10.854999542236328,10.989999771118164,8089700.0
2024-03-25,10.739999771118164,10.895000457763672,10.6850004196167,10.880000114440918,7459900.0
2024-03-26,10.470000267028809,10.755000114440918,10.420000076293944,10.739999771118164,6511700.0
2024-03-27,11.029999732971191,11.039999961853027,10.369999885559082,10.420000076293944,9653400.0
2024-03-28,11.199999809265137,11.43000030517578,11.15999984741211,11.279999732971191,7606100.0
2024-04-01,11.15999984741211,11.71500015258789,11.149999618530272,11.479999542236328,6457800.0
2024-04-02,11.529999732971191,11.81999969482422,11.34000015258789,11.420000076293944,8081800.0
2024-04-03,11.329999923706056,11.390000343322754,11.18000030517578,11.289999961853027,3159600.0
2024-04-04,11.0600004196167,11.449999809265137,11.010000228881836,11.40999984741211,3792200.0
2024-04-05,10.869999885559082,10.979999542236328,10.78499984741211,10.9399995803833,2738600.0
2024-04-08,11.079999923706056,11.270000457763672,10.93000030517578,10.9399995803833,3359000.0
2024-04-09,11.93000030517578,11.949999809265137,11.399999618530272,11.420000076293944,9051200.0
2024-04-10,11.68000030517578,11.9350004196167,11.520000457763672,11.75,5266500.0
2024-04-11,12.229999542236328,12.510000228881836,12.0,12.050000190734863,6169800.0
2024-04-12,11.479999542236328,11.949999809265137,11.479999542236328,11.949999809265137,5480800.0
2024-04-15,11.260000228881836,11.71500015258789,11.175000190734863,11.600000381469728,6543900.0
2024-04-16,10.989999771118164,11.15999984741211,10.871999740600586,11.09000015258789,3930600.0
2024-04-17,11.029999732971191,11.239999771118164,10.96500015258789,11.170000076293944,3599400.0
2024-04-18,11.06999969482422,11.18000030517578,10.920000076293944,11.039999961853027,3972700.0
2024-04-19,10.90999984741211,11.050000190734863,10.84000015258789,10.949999809265137,3694500.0
2024-04-22,11.739999771118164,11.770000457763672,11.045000076293944,11.130000114440918,7179000.0
2024-04-23,11.489999771118164,11.630000114440918,11.100000381469728,11.130000114440918,16503200.0
2024-04-24,12.75,12.899999618530272,12.34000015258789,12.40999984741211,19395900.0
2024-04-25,12.5,12.595000267028809,12.145000457763672,12.380000114440918,6973900.0
2024-04-26,13.119999885559082,13.364999771118164,13.020000457763672,13.18000030517578,8496700.0
2024-04-29,13.350000381469728,13.43000030517578,13.0600004196167,13.1899995803833,7110600.0
2024-04-30,12.640000343322754,12.960000038146973,12.59000015258789,12.90999984741211,5590900.0
2024-05-01,12.729999542236328,13.010000228881836,12.3100004196167,12.329999923706056,5897400.0
2024-05-02,14.720000267028809,14.949999809265137,13.70199966430664,13.729999542236328,16163800.0
2024-05-03,14.829999923706056,15.09000015258789,14.604999542236328,14.899999618530272,7355600.0
2024-05-06,14.770000457763672,14.899999618530272,14.3100004196167,14.890000343322754,8564200.0
2024-05-07,13.869999885559082,14.039999961853027,13.687999725341797,13.94200038909912,11093500.0
2024-05-08,13.65999984741211,13.824999809265137,13.4399995803833,13.619999885559082,4849900.0
2024-05-09,14.010000228881836,14.479999542236328,13.789999961853027,14.279999732971191,7640800.0
2024-05-10,14.06999969482422,14.260000228881836,13.829999923706056,13.989999771118164,6016600.0
2024-05-13,15.8100004196167,16.079999923706055,14.699999809265137,14.720000267028809,15035100.0
2024-05-14,15.640000343322754,15.850000381469728,15.404000282287598,15.59000015258789,7559200.0
2024-05-15,15.84000015258789,16.030000686645508,15.550000190734863,15.960000038146973,5412100.0
2024-05-16,16.280000686645508,16.329999923706055,15.5,15.770000457763672,9333300.0
2024-05-17,16.690000534057617,17.040000915527344,16.3799991607666,16.59000015258789,7717200.0
2024-05-20,16.100000381469727,16.46500015258789,16.010000228881836,16.239999771118164,9318500.0
2024-05-21,15.529999732971191,15.739999771118164,15.244999885559082,15.40999984741211,5833800.0
2024-05-22,15.68000030517578,16.225000381469727,15.664999961853027,15.739999771118164,6998700.0
2024-05-23,13.739999771118164,15.65999984741211,13.510000228881836,15.164999961853027,14378300.0
2024-05-24,13.9399995803833,14.390000343322754,13.770000457763672,13.8100004196167,7334500.0
2024-05-28,13.93000030517578,14.119999885559082,13.75,13.989999771118164,4843700.0
2024-05-29,13.649999618530272,13.739999771118164,13.479999542236328,13.720000267028809,4638200.0
2024-05-30,14.420000076293944,14.539999961853027,13.710000038146973,13.760000228881836,6912600.0
2024-05-31,14.520000457763672,14.710000038146973,14.21500015258789,14.279999732971191,4763900.0
2024-06-03,14.699999809265137,15.220000267028809,14.460000038146973,15.020000457763672,5304300.0
2024-06-04,14.90999984741211,15.09000015258789,14.720000267028809,14.81999969482422,4712700.0
2024-06-05,15.289999961853027,15.329999923706056,14.890000343322754,15.15999984741211,4094600.0
2024-06-06,14.8100004196167,15.154999732971191,14.725000381469728,15.0600004196167,4581600.0
2024-06-07,13.970000267028809,14.43000030517578,13.779999732971191,14.34000015258789,6052100.0
2024-06-10,14.199999809265137,14.279999732971191,13.84000015258789,14.039999961853027,5105900.0
2024-06-11,13.949999809265137,14.19499969482422,13.779999732971191,14.170000076293944,5292300.0
2024-06-12,14.390000343322754,14.609999656677246,14.208000183105469,14.420000076293944,4425900.0
2024-06-13,15.5,16.34000015258789,15.210000038146973,15.289999961853027,9903700.0
2024-06-14,14.729999542236328,15.385000228881836,14.550000190734863,14.68000030517578,8906700.0
2024-06-17,15.710000038146973,15.850000381469728,14.9399995803833,14.9399995803833,8322100.0
2024-06-18,16.18000030517578,16.475000381469727,15.489999771118164,15.489999771118164,7389500.0
2024-06-20,17.049999237060547,17.8799991607666,16.75,17.302000045776367,15085100.0
2024-06-21,18.13999938964844,18.14999961853028,17.1200008392334,17.309999465942383,8846100.0
2024-06-24,17.790000915527344,18.190000534057617,17.69099998474121,17.719999313354492,5856400.0
2024-06-25,17.260000228881836,17.389999389648438,16.90999984741211,16.940000534057617,5633600.0
2024-06-26,16.450000762939453,17.15999984741211,16.40999984741211,17.09000015258789,10342300.0
2024-06-27,15.979999542236328,16.260000228881836,15.869999885559082,16.209999084472656,9107700.0
2024-06-28,15.4399995803833,16.079999923706055,15.40999984741211,16.079999923706055,6721200.0
2024-07-01,15.289999961853027,15.890000343322754,15.270000457763672,15.619999885559082,5280900.0
2024-07-02,15.399999618530272,15.520000457763672,15.260000228881836,15.470000267028809,4563000.0
2024-07-03,16.110000610351562,16.149999618530273,15.611000061035156,15.678000450134276,5038300.0
2024-07-05,16.049999237060547,16.059999465942383,15.255000114440918,15.81999969482422,4812300.0
2024-07-08,16.440000534057617,16.520000457763672,15.789999961853027,15.960000038146973,10638100.0
2024-07-09,17.170000076293945,17.18000030517578,16.489999771118164,16.6200008392334,5207900.0
2024-07-10,16.959999084472656,17.030000686645508,16.68000030517578,16.829999923706055,4334300.0
2024-07-11,17.6200008392334,17.770000457763672,17.139999389648438,17.479999542236328,5857500.0
2024-07-12,16.709999084472656,17.799999237060547,16.579999923706055,17.600000381469727,8119200.0
2024-07-15,15.859999656677246,16.209999084472656,15.729999542236328,16.010000228881836,6284500.0
2024-07-16,16.100000381469727,16.260000228881836,15.920000076293944,16.219999313354492,4374400.0
2024-07-17,15.529999732971191,16.075000762939453,15.359999656677246,16.030000686645508,3615600.0
2024-07-18,15.59000015258789,16.030000686645508,15.5,15.81999969482422,4272300.0
2024-07-19,15.039999961853027,15.510000228881836,14.949999809265137,15.510000228881836,5054300.0
2024-07-22,15.350000381469728,15.609999656677246,15.229999542236328,15.390000343322754,3432200.0
2024-07-23,14.850000381469728,15.0,14.619999885559082,15.0,3068800.0
2024-07-24,14.470000267028809,15.109999656677246,14.449999809265137,14.75,4598300.0
2024-07-25,14.609999656677246,14.878999710083008,14.520000457763672,14.720000267028809,4629000.0
2024-07-26,14.9399995803833,15.300000190734863,14.720000267028809,14.729999542236328,4102500.0
2024-07-29,15.130000114440918,15.270000457763672,14.949999809265137,14.994999885559082,3029500.0
2024-07-30,14.920000076293944,15.079999923706056,14.8100004196167,15.029999732971191,2390100.0
2024-07-31,15.149999618530272,15.845000267028809,15.09000015258789,15.649999618530272,3880200.0
2024-08-01,15.229999542236328,15.529999732971191,15.029999732971191,15.479999542236328,3641200.0
2024-08-02,15.5,15.5649995803833,14.93000030517578,15.09000015258789,3828400.0
2024-08-05,15.989999771118164,16.170000076293945,15.06999969482422,15.140000343322754,7537700.0
2024-08-06,15.670000076293944,15.864999771118164,15.229999542236328,15.6899995803833,4894400.0
2024-08-07,14.970000267028809,15.760000228881836,14.949999809265137,15.729999542236328,5777300.0
2024-08-08,14.59000015258789,14.869999885559082,14.289999961853027,14.75,7498500.0
2024-08-09,13.859999656677246,14.539999961853027,13.68000030517578,14.539999961853027,7205300.0
2024-08-12,13.489999771118164,13.5600004196167,13.279999732971191,13.479999542236328,5400000.0
2024-08-13,13.989999771118164,14.1899995803833,13.6899995803833,13.720000267028809,6198500.0
2024-08-14,13.109999656677246,13.859999656677246,13.09000015258789,13.779999732971191,6160300.0
2024-08-15,13.390000343322754,13.579999923706056,13.25,13.359999656677246,5977100.0
2024-08-16,13.84000015258789,13.90999984741211,13.510000228881836,13.56999969482422,3685700.0
2024-08-19,14.3100004196167,14.449999809265137,14.0,14.0,4858100.0
2024-08-20,13.949999809265137,14.130000114440918,13.84000015258789,13.890000343322754,5395900.0
2024-08-21,14.020000457763672,14.09000015258789,13.649999618530272,13.75,4502300.0
2024-08-22,12.960000038146973,15.1899995803833,12.720000267028809,14.789999961853027,18371900.0
2024-08-23,14.9399995803833,15.045000076293944,13.65999984741211,13.65999984741211,14321300.0
2024-08-26,14.260000228881836,14.420000076293944,13.850000381469728,14.40999984741211,7832200.0
2024-08-27,14.470000267028809,14.59000015258789,14.25,14.43000030517578,4059600.0
2024-08-28,13.65999984741211,14.350000381469728,13.595000267028809,14.350000381469728,3653200.0
2024-08-29,14.229999542236328,14.460000038146973,14.109999656677246,14.350000381469728,3041600.0
2024-08-30,14.380000114440918,14.829999923706056,14.19499969482422,14.68000030517578,3167700.0
2024-09-03,14.609999656677246,14.949999809265137,14.079999923706056,14.380000114440918,5931200.0
2024-09-04,15.029999732971191,15.359999656677246,14.850000381469728,14.960000038146973,5749300.0
2024-09-05,15.369999885559082,15.699999809265137,15.300000190734863,15.399999618530272,4115000.0
2024-09-06,15.119999885559082,15.279999732971191,14.920000076293944,15.15999984741211,2397600.0
2024-09-09,15.109999656677246,15.125,14.720999717712402,14.949999809265137,3236500.0
2024-09-10,15.0600004196167,15.149999618530272,14.890000343322754,15.100000381469728,2005500.0
2024-09-11,15.630000114440918,15.80500030517578,15.345000267028809,15.350000381469728,4290700.0
2024-09-12,15.40999984741211,15.619999885559082,15.100000381469728,15.579999923706056,2676000.0
2024-09-13,14.829999923706056,15.399999618530272,14.649999618530272,15.399999618530272,4021700.0
2024-09-16,14.670000076293944,14.75,14.359999656677246,14.619999885559082,3349000.0
2024-09-17,15.140000343322754,15.335000038146973,14.859999656677246,14.904999732971191,5354200.0
2024-09-18,14.829999923706056,15.199999809265137,14.71500015258789,15.1899995803833,2088500.0
2024-09-19,15.779999732971191,15.800000190734863,15.460000038146973,15.510000228881836,5140000.0
2024-09-20,15.899999618530272,16.139999389648438,15.729999542236328,16.09000015258789,2331800.0
2024-09-23,15.920000076293944,16.360000610351562,15.68000030517578,15.869999885559082,4404300.0
2024-09-24,18.6299991607666,18.63999938964844,17.389999389648438,17.389999389648438,17413000.0
2024-09-25,18.270000457763672,18.34000015258789,17.350000381469727,17.700000762939453,9685500.0
2024-09-26,21.09000015258789,21.6200008392334,20.18400001525879,21.0,20381300.0
2024-09-27,22.920000076293945,23.030000686645508,20.959999084472656,21.565000534057617,18906200.0
2024-09-30,23.3799991607666,25.15999984741211,23.01000022888184,24.96999931335449,17879200.0
2024-10-01,26.729999542236328,26.89699935913086,23.61000061035156,23.76000022888184,20916700.0
2024-10-02,29.65999984741211,31.770000457763672,28.43000030517578,29.75,34264900.0
2024-10-03,27.049999237060547,28.0,26.270000457763672,27.290000915527344,19813400.0
2024-10-04,27.56999969482422,27.57999992370605,25.82999992370605,27.26000022888184,13847200.0
2024-10-07,26.459999084472656,27.790000915527344,24.809999465942383,27.71999931335449,19408200.0
2024-10-08,23.040000915527344,23.459999084472656,22.34499931335449,23.450000762939453,16255600.0
2024-10-09,22.979999542236328,23.56999969482422,21.770000457763672,22.030000686645508,11182800.0
2024-10-10,22.40999984741211,22.979999542236328,21.520999908447266,22.729999542236328,9301500.0
2024-10-11,22.63999938964844,23.1299991607666,21.670000076293945,21.8799991607666,7292100.0
2024-10-14,21.81999969482422,22.68000030517578,21.709999084472656,22.209999084472656,7126700.0
2024-10-15,20.309999465942383,21.1200008392334,20.23500061035156,20.520000457763672,9904100.0
2024-10-16,20.59000015258789,20.84499931335449,20.049999237060547,20.540000915527344,6756400.0
2024-10-17,19.459999084472656,19.6200008392334,19.020000457763672,19.440000534057617,7380300.0
2024-10-18,20.14999961853028,21.350000381469727,20.1200008392334,21.170000076293945,8410600.0
2024-10-21,20.21999931335449,20.325000762939453,19.799999237060547,19.86000061035156,3932500.0
2024-10-22,20.489999771118164,21.20499992370605,20.21999931335449,20.21999931335449,7083800.0
2024-10-23,20.38999938964844,21.350000381469727,20.20499992370605,21.13999938964844,7384200.0
2024-10-24,19.959999084472656,20.280000686645508,19.71999931335449,20.13999938964844,3625400.0
2024-10-25,20.64999961853028,21.27499961853028,20.1299991607666,20.14999961853028,6702700.0
2024-10-28,22.229999542236328,22.440000534057617,21.38999938964844,21.46999931335449,6714800.0
2024-10-29,21.93000030517578,22.63999938964844,21.68000030517578,22.57999992370605,4920500.0
2024-10-30,22.21999931335449,22.36899948120117,21.31999969482422,21.670000076293945,3986100.0
2024-10-31,22.1200008392334,22.40999984741211,21.59000015258789,22.11000061035156,2601700.0
2024-11-01,21.89999961853028,22.36000061035156,21.770000457763672,22.09000015258789,2741000.0
2024-11-04,22.0,22.63500022888184,21.940000534057617,22.21999931335449,2652600.0
2024-11-05,23.21999931335449,23.850000381469727,23.049999237060547,23.084999084472656,6600000.0
2024-11-06,22.15999984741211,22.420000076293945,21.39999961853028,21.631999969482425,4846800.0
2024-11-07,24.1299991607666,24.38999938964844,23.26000022888184,23.489999771118164,7460200.0
2024-11-08,22.59000015258789,23.280000686645508,22.420000076293945,23.0,5694400.0
2024-11-11,22.75,23.14999961853028,22.420000076293945,23.0,3291200.0
2024-11-12,21.07999992370605,21.674999237060547,20.895000457763672,21.59000015258789,6139100.0
2024-11-13,21.270000457763672,21.57999992370605,21.0049991607666,21.299999237060547,4667900.0
2024-11-14,18.59000015258789,19.670000076293945,18.24399948120117,19.670000076293945,16991700.0
2024-11-15,18.299999237060547,18.950000762939453,18.059999465942383,18.84000015258789,7703200.0
2024-11-18,19.09000015258789,19.184999465942383,18.6299991607666,18.739999771118164,4045200.0
2024-11-19,18.520000457763672,18.84000015258789,18.43199920654297,18.790000915527344,3472400.0
2024-11-20,19.190000534057617,19.3700008392334,18.920000076293945,19.09000015258789,4780400.0
2024-11-21,18.82999992370605,19.32999992370605,18.6299991607666,18.799999237060547,3611500.0
2024-11-22,18.229999542236328,18.415000915527344,18.010000228881836,18.27499961853028,4367300.0
2024-11-25,18.38999938964844,18.607999801635746,18.14999961853028,18.350000381469727,3421500.0
2024-11-26,18.06999969482422,18.420000076293945,17.920000076293945,18.32999992370605,4124500.0
2024-11-27,18.8700008392334,19.190000534057617,18.81999969482422,18.940000534057617,3636300.0
2024-11-29,19.170000076293945,19.5,18.90999984741211,19.3799991607666,2245000.0
2024-12-02,19.920000076293945,20.059999465942383,19.655000686645508,19.86000061035156,4403200.0
2024-12-03,19.229999542236328,19.61000061035156,18.690000534057617,19.61000061035156,11850500.0
2024-12-04,19.170000076293945,19.21999931335449,18.825000762939453,19.020000457763672,3971300.0
2024-12-05,19.26000022888184,19.63999938964844,19.15999984741211,19.2549991607666,5950900.0
2024-12-06,19.07999992370605,19.420000076293945,19.0,19.26000022888184,4377900.0
2024-12-09,23.209999084472656,23.68000030517578,21.299999237060547,21.299999237060547,25005900.0
2024-12-10,20.61000061035156,21.43000030517578,20.51000022888184,21.07200050354004,9233800.0
2024-12-11,20.229999542236328,20.239999771118164,19.790000915527344,20.020000457763672,4767600.0
2024-12-12,20.25,20.559999465942383,20.07999992370605,20.32999992370605,5404900.0
2024-12-13,19.809999465942383,19.88999938964844,19.354999542236328,19.68000030517578,6878700.0
2024-12-16,19.209999084472656,19.530000686645508,19.18000030517578,19.39999961853028,4384500.0
2024-12-17,20.09000015258789,20.354999542236328,19.520000457763672,19.739999771118164,6050200.0
2024-12-18,19.3700008392334,20.01499938964844,19.31999969482422,19.700000762939453,4007500.0
2024-12-19,19.729999542236328,20.100000381469727,19.420000076293945,19.489999771118164,4823200.0
2024-12-20,19.59000015258789,19.834999084472656,19.11000061035156,19.3799991607666,4402500.0
2024-12-23,19.299999237060547,19.32999992370605,18.84000015258789,19.11000061035156,3706100.0
2024-12-24,19.190000534057617,19.36000061035156,19.14999961853028,19.350000381469727,1499200.0
2024-12-26,19.36000061035156,19.55500030517578,19.1299991607666,19.209999084472656,2185300.0
2024-12-27,18.84000015258789,19.06999969482422,18.64999961853028,19.01000022888184,3727900.0
2024-12-30,18.39999961853028,18.709999084472656,18.315000534057617,18.709999084472656,2421700.0
2024-12-31,18.11000061035156,18.43000030517578,17.940000534057617,18.32999992370605,2786200.0
2025-01-02,17.1299991607666,17.719999313354492,16.844999313354492,17.639999389648438,7334200.0
2025-01-03,17.1200008392334,17.344999313354492,16.690000534057617,17.309999465942383,7512400.0
2025-01-06,16.989999771118164,17.649999618530273,16.80500030517578,17.3700008392334,6688400.0
2025-01-07,17.420000076293945,17.649999618530273,17.059999465942383,17.1200008392334,5188200.0
2025-01-08,16.780000686645508,17.1299991607666,16.780000686645508,17.1299991607666,3502300.0
2025-01-10,15.970000267028809,16.190000534057617,15.859999656677246,16.190000534057617,6485000.0
2025-01-13,16.100000381469727,16.149999618530273,15.85200023651123,15.949999809265137,3038800.0
2025-01-14,16.649999618530273,17.020000457763672,16.56999969482422,16.90999984741211,3481400.0
2025-01-15,16.829999923706055,17.1200008392334,16.69499969482422,16.829999923706055,2589400.0
2025-01-16,16.979999542236328,17.40999984741211,16.815000534057617,17.309999465942383,4768300.0
2025-01-17,17.469999313354492,18.100000381469727,17.139999389648438,17.229999542236328,6051700.0
2025-01-21,17.049999237060547,17.6200008392334,16.899999618530273,17.600000381469727,4169200.0
2025-01-22,16.309999465942383,16.645000457763672,16.25,16.6299991607666,4881800.0
2025-01-23,16.43000030517578,16.434999465942383,16.049999237060547,16.309999465942383,4673100.0
2025-01-24,16.889999389648438,16.899999618530273,16.350000381469727,16.809999465942383,7302500.0
2025-01-27,16.979999542236328,17.290000915527344,16.7549991607666,17.229999542236328,4534900.0
2025-01-28,17.34000015258789,17.350000381469727,16.670000076293945,17.1299991607666,3458500.0
2025-01-29,16.780000686645508,17.770000457763672,16.719999313354492,17.549999237060547,4411200.0
2025-01-30,17.59000015258789,17.864999771118164,16.799999237060547,16.799999237060547,4493000.0
2025-01-31,16.719999313354492,17.610000610351562,16.579999923706055,17.540000915527344,4880000.0
2025-02-03,16.719999313354492,17.200000762939453,16.149999618530273,16.155000686645508,4202500.0
2025-02-04,17.65999984741211,18.1200008392334,17.575000762939453,17.709999084472656,5959300.0
2025-02-05,17.510000228881836,18.11000061035156,17.360000610351562,18.09000015258789,4655900.0
2025-02-06,18.059999465942383,18.51000022888184,17.990999221801758,18.239999771118164,5031100.0
2025-02-07,18.51000022888184,19.2189998626709,18.413000106811523,18.86000061035156,7793400.0
2025-02-10,18.34000015258789,18.864999771118164,18.020000457763672,18.84000015258789,6625700.0
2025-02-11,17.610000610351562,17.780000686645508,17.399999618530273,17.709999084472656,4176700.0
2025-02-12,18.729999542236328,18.80500030517578,17.799999237060547,17.829999923706055,11171600.0
2025-02-13,19.81999969482422,19.959999084472656,18.600000381469727,18.8700008392334,10269600.0
2025-02-14,21.989999771118164,22.746000289916992,21.479999542236328,22.0,18343200.0
2025-02-18,20.809999465942383,21.46500015258789,19.90900039672852,21.46500015258789,12042900.0
2025-02-19,20.32999992370605,20.76000022888184,20.030000686645508,20.729999542236328,13083100.0
2025-02-20,22.11000061035156,24.290000915527344,21.350000381469727,23.25,26658100.0
2025-02-21,22.81999969482422,24.770000457763672,22.770000457763672,23.448999404907227,22979200.0
2025-02-24,20.530000686645508,21.959999084472656,20.141000747680664,21.95499992370605,12879600.0
2025-02-25,21.299999237060547,21.690000534057617,20.82999992370605,21.1299991607666,8575200.0
2025-02-26,21.18000030517578,22.34000015258789,20.920000076293945,22.170000076293945,9259700.0
2025-02-27,20.700000762939453,21.15999984741211,20.25,20.59000015258789,6149300.0
2025-02-28,20.34000015258789,20.48900032043457,19.799999237060547,19.86000061035156,4814500.0
2025-03-03,19.799999237060547,20.63999938964844,19.631000518798828,20.350000381469727,4359000.0
2025-03-04,20.940000534057617,21.190000534057617,20.209999084472656,20.3799991607666,6886100.0
2025-03-05,22.11000061035156,22.190000534057617,21.209999084472656,21.559999465942383,9678900.0
2025-03-06,22.280000686645508,22.920000076293945,21.979999542236328,22.920000076293945,6358000.0
2025-03-07,24.100000381469727,24.28499984741211,22.86199951171875,23.045000076293945,10971900.0
2025-03-10,21.809999465942383,23.01499938964844,21.489999771118164,22.670000076293945,8647400.0
2025-03-11,22.770000457763672,23.530000686645508,22.34499931335449,23.0049991607666,6378800.0
2025-03-12,21.290000915527344,22.0,20.989999771118164,21.59000015258789,7305600.0
2025-03-13,20.989999771118164,21.170000076293945,20.424999237060547,20.63500022888184,5048300.0
2025-03-14,21.440000534057617,21.684999465942383,21.209999084472656,21.559999465942383,4701700.0
2025-03-17,22.280000686645508,22.690000534057617,21.11000061035156,21.270000457763672,6261400.0
2025-03-18,21.600000381469727,22.28499984741211,21.309999465942383,22.280000686645508,4293600.0
2025-03-19,21.229999542236328,21.799999237060547,21.150999069213867,21.71999931335449,3487600.0
2025-03-20,20.14999961853028,20.530000686645508,20.030000686645508,20.21999931335449,5237100.0
2025-03-21,19.8700008392334,20.09000015258789,19.76000022888184,19.8700008392334,4641000.0
2025-03-24,19.8700008392334,20.170000076293945,19.520000457763672,20.11000061035156,4245800.0
2025-03-25,19.309999465942383,19.677000045776367,19.15999984741211,19.34000015258789,3605200.0
2025-03-26,19.440000534057617,19.65999984741211,19.00200080871582,19.25,3508700.0
2025-03-27,20.15999984741211,20.56999969482422,19.82999992370605,19.93000030517578,5342200.0
2025-03-28,19.21999931335449,19.61000061035156,19.084999084472656,19.600000381469727,3934200.0
2025-03-31,19.11000061035156,19.239999771118164,18.790000915527344,18.950000762939453,3232100.0
2025-04-01,18.989999771118164,19.239999771118164,18.53499984741211,19.18000030517578,3542800.0
2025-04-02,19.32999992370605,19.434999465942383,19.09499931335449,19.280000686645508,3242600.0
2025-04-03,19.1299991607666,19.31999969482422,18.6299991607666,18.6299991607666,3128500.0
2025-04-04,16.549999237060547,17.690000534057617,15.822999954223633,17.334999084472656,14419200.0
2025-04-07,15.619999885559082,17.184999465942383,15.102999687194824,15.21500015258789,11292200.0
2025-04-08,14.880000114440918,16.190000534057617,14.470000267028809,16.09000015258789,8454300.0
2025-04-09,15.880000114440918,16.469999313354492,15.109999656677246,15.579999923706056,9246900.0
2025-04-10,15.920000076293944,16.559999465942383,15.600000381469728,16.139999389648438,6277500.0
2025-04-11,16.68000030517578,17.079999923706055,16.170000076293945,16.690000534057617,8786400.0
2025-04-14,17.010000228881836,17.5,16.9950008392334,17.1299991607666,5316500.0
2025-04-15,16.780000686645508,16.959999084472656,16.631000518798828,16.770000457763672,2426800.0
2025-04-16,16.190000534057617,16.34000015258789,15.869999885559082,16.280000686645508,4329100.0
2025-04-17,16.209999084472656,16.739999771118164,16.15999984741211,16.559999465942383,2878200.0
2025-04-21,16.190000534057617,16.200000762939453,15.84000015258789,15.989999771118164,2162300.0
2025-04-22,16.700000762939453,17.1200008392334,16.549999237060547,16.639999389648438,2873600.0
2025-04-23,17.239999771118164,17.690000534057617,17.18000030517578,17.200000762939453,3077600.0
2025-04-24,17.670000076293945,17.780000686645508,17.030000686645508,17.030000686645508,3168500.0
2025-04-25,17.40999984741211,17.46500015258789,17.156999588012695,17.200000762939453,1901600.0
2025-04-28,17.270000457763672,17.399999618530273,17.020000457763672,17.094999313354492,1944800.0
2025-04-29,17.549999237060547,17.690000534057617,17.309999465942383,17.309999465942383,1459400.0
2025-04-30,17.5,17.590999603271484,17.25,17.434999465942383,1867600.0
2025-05-01,17.559999465942383,17.75,17.434999465942383,17.649999618530273,1275400.0
2025-05-02,18.1299991607666,18.295000076293945,18.0,18.174999237060547,2512200.0
2025-05-05,18.280000686645508,18.43000030517578,17.8700008392334,17.8700008392334,1717500.0
2025-05-06,18.280000686645508,18.70499992370605,18.2549991607666,18.38500022888184,3099500.0
2025-05-07,17.579999923706055,17.90999984741211,17.510000228881836,17.81999969482422,2653000.0
2025-05-08,17.889999389648438,17.969999313354492,17.52199935913086,17.8700008392334,2198800.0
2025-05-09,17.530000686645508,18.09000015258789,17.454999923706055,17.81999969482422,1513100.0
2025-05-12,18.86000061035156,19.040000915527344,18.479999542236328,18.799999237060547,4231800.0
2025-05-13,18.39999961853028,18.53499984741211,18.11000061035156,18.39999961853028,2915600.0
2025-05-14,18.21999931335449,18.61000061035156,18.059999465942383,18.600000381469727,2437700.0
2025-05-15,17.739999771118164,17.975000381469727,17.594999313354492,17.68000030517578,3964000.0
2025-05-16,18.93000030517578,19.209999084472656,18.489999771118164,18.5,5855400.0
2025-05-19,17.989999771118164,18.270000457763672,17.8799991607666,18.190000534057617,6143700.0
2025-05-20,18.14999961853028,19.239999771118164,18.11000061035156,18.700000762939453,11457300.0
2025-05-21,18.21999931335449,18.71999931335449,17.90999984741211,18.125,9981400.0
2025-05-22,18.350000381469727,18.40999984741211,17.65999984741211,17.80900001525879,5367500.0
2025-05-23,18.934999465942383,19.030000686645508,18.36000061035156,18.46999931335449,5186900.0
2025-05-27,19.43000030517578,19.64999961853028,18.82999992370605,18.89999961853028,5669200.0
2025-05-28,19.1200008392334,19.280000686645508,19.059999465942383,19.21999931335449,2700500.0
2025-05-29,19.06999969482422,19.51000022888184,18.989999771118164,19.3700008392334,3442100.0
2025-05-30,18.299999237060547,18.530000686645508,17.940000534057617,18.489999771118164,5550000.0
2025-06-02,18.459999084472656,18.489999771118164,18.059999465942383,18.15999984741211,1913700.0
2025-06-03,18.0,18.36000061035156,17.809999465942383,18.32999992370605,4389500.0
2025-06-04,18.270000457763672,18.48500061035156,18.1200008392334,18.14999961853028,2800900.0
2025-06-05,18.479999542236328,18.725000381469727,18.325000762939453,18.600000381469727,2924300.0
2025-06-06,18.75,18.7549991607666,18.2549991607666,18.520000457763672,3424700.0
2025-06-09,19.450000762939453,19.56800079345703,18.94599914550781,19.049999237060547,4347900.0
2025-06-10,19.450000762939453,19.46999931335449,19.239999771118164,19.38500022888184,2210300.0
2025-06-11,21.059999465942383,21.280000686645508,20.75900077819824,21.0,10223900.0
2025-06-12,20.739999771118164,21.05500030517578,20.665000915527344,20.88999938964844,3584300.0
2025-06-13,20.020000457763672,20.31999969482422,19.64999961853028,20.11000061035156,3393100.0
2025-06-16,21.14999961853028,21.34000015258789,20.8799991607666,20.8799991607666,4627900.0
2025-06-17,20.600000381469727,21.11000061035156,20.57999992370605,20.93000030517578,2100900.0
2025-06-18,20.25,20.3799991607666,20.045000076293945,20.31999969482422,2760700.0
2025-06-20,19.739999771118164,20.200000762939453,19.722000122070312,20.200000762939453,3392700.0
2025-06-23,19.90999984741211,20.0,19.65999984741211,19.71999931335449,1985500.0
2025-06-24,20.700000762939453,20.799999237060547,20.239999771118164,20.420000076293945,2239500.0
2025-06-25,20.780000686645508,21.334999084472656,20.51000022888184,20.76000022888184,4452200.0
2025-06-26,20.81999969482422,21.0,20.56999969482422,21.0,1877900.0
2025-06-27,21.420000076293945,21.475000381469727,21.030000686645508,21.030000686645508,2417000.0
2025-06-30,21.450000762939453,21.46999931335449,20.86000061035156,21.32999992370605,3181800.0
2025-07-01,21.34000015258789,21.475000381469727,21.049999237060547,21.420000076293945,2078900.0
2025-07-02,20.84000015258789,20.979999542236328,20.565000534057617,20.959999084472656,1883100.0
2025-07-03,20.8799991607666,20.979999542236328,20.690000534057617,20.690000534057617,1021300.0
2025-07-07,22.479999542236328,22.57999992370605,22.0,22.13999938964844,5502400.0
2025-07-08,22.56999969482422,22.88500022888184,22.51000022888184,22.71500015258789,2499900.0
2025-07-09,21.770000457763672,22.270000457763672,21.575000762939453,22.209999084472656,2636700.0
2025-07-10,21.84000015258789,21.84000015258789,21.489999771118164,21.82999992370605,1576700.0
2025-07-11,21.45499992370605,21.97699928283692,21.299999237060547,21.700000762939453,3014500.0
2025-07-14,22.31999969482422,22.565000534057617,21.799999237060547,21.850000381469727,4257600.0
2025-07-15,23.959999084472656,24.15999984741211,23.1299991607666,23.489999771118164,5583700.0
2025-07-16,24.26000022888184,24.315000534057617,23.790000915527344,24.01499938964844,2796300.0
2025-07-17,24.59000015258789,24.780000686645508,24.3799991607666,24.63999938964844,2620900.0
2025-07-18,25.200000762939453,25.739999771118164,25.13500022888184,25.39999961853028,3495400.0
2025-07-21,24.950000762939453,25.170000076293945,24.89999961853028,25.14200019836425,2030600.0
2025-07-22,24.739999771118164,24.75,24.0049991607666,24.5,2463600.0
2025-07-23,25.049999237060547,25.3799991607666,24.825000762939453,25.100000381469727,1649200.0
2025-07-24,23.8799991607666,24.100000381469727,23.48500061035156,24.01000022888184,4487600.0
2025-07-25,23.364999771118164,23.489999771118164,23.13999938964844,23.395000457763672,3110000.0
2025-07-28,22.834999084472656,23.295000076293945,22.63500022888184,23.229999542236328,3342400.0
2025-07-29,22.440000534057617,22.82999992370605,22.3700008392334,22.82999992370605,1944200.0
2025-07-30,22.280000686645508,22.94499969482422,22.020000457763672,22.43000030517578,3898800.0
2025-07-31,22.81999969482422,23.06999969482422,22.459999084472656,22.71999931335449,2849800.0
2025-08-01,21.88999938964844,22.100000381469727,21.520000457763672,21.959999084472656,2670600.0
2025-08-04,22.434999465942383,22.770000457763672,22.25,22.59000015258789,2230500.0
2025-08-05,22.89999961853028,23.239999771118164,22.875,23.13999938964844,2601200.0
2025-08-06,23.34000015258789,23.5,22.96999931335449,23.290000915527344,3213900.0
2025-08-07,22.989999771118164,23.26000022888184,22.71500015258789,23.059999465942383,3675500.0
2025-08-08,22.75,22.86000061035156,22.520000457763672,22.63999938964844,1355300.0
2025-08-11,23.1299991607666,23.670000076293945,23.0,23.350000381469727,1976900.0
2025-08-12,22.86000061035156,22.93000030517578,22.299999237060547,22.46999931335449,2419600.0
2025-08-13,24.3700008392334,24.6299991607666,24.09600067138672,24.25,3680900.0
2025-08-14,23.81999969482422,24.01000022888184,23.459999084472656,23.64999961853028,2154700.0
2025-08-15,24.850000381469727,24.93000030517578,24.43000030517578,24.450000762939453,3312500.0
2025-08-18,25.350000381469727,25.59499931335449,25.21999931335449,25.295000076293945,2752000.0
2025-08-19,25.06999969482422,25.545000076293945,24.850000381469727,25.229999542236328,2683200.0
2025-08-20,25.30500030517578,25.32999992370605,24.666000366210938,25.309999465942383,3239800.0
2025-08-21,23.76000022888184,24.3700008392334,23.39999961853028,23.799999237060547,7337000.0
2025-08-22,23.979999542236328,24.2450008392334,23.57999992370605,23.809999465942383,5691500.0
2025-08-25,23.25,23.850000381469727,23.190000534057617,23.76000022888184,3643100.0
2025-08-26,22.739999771118164,23.200000762939453,22.6200008392334,23.13999938964844,3480900.0
2025-08-27,22.450000762939453,22.5,22.049999237060547,22.170000076293945,2525600.0
2025-08-28,22.420000076293945,22.59000015258789,22.075000762939453,22.170000076293945,2244200.0
2025-08-29,23.26000022888184,23.549999237060547,22.96999931335449,23.299999237060547,3017000.0
2025-09-02,22.40999984741211,22.56999969482422,22.14999961853028,22.56999969482422,3898100.0
2025-09-03,22.280000686645508,22.36000061035156,22.020000457763672,22.280000686645508,2507800.0
2025-09-04,22.5,22.65999984741211,22.31999969482422,22.420000076293945,2113700.0
2025-09-05,22.40999984741211,22.940000534057617,22.075000762939453,22.88999938964844,2196600.0
2025-09-08,22.559999465942383,22.59000015258789,22.290000915527344,22.39999961853028,1633700.0
2025-09-09,24.1200008392334,24.565000534057617,23.540000915527344,23.56999969482422,5956400.0
2025-09-10,24.7450008392334,25.25,24.21999931335449,25.170000076293945,4735700.0
2025-09-11,24.450000762939453,24.8799991607666,23.700000762939453,24.8700008392334,6727000.0
2025-09-12,25.450000762939453,26.32999992370605,25.1200008392334,25.170000076293945,5258600.0
2025-09-15,27.07999992370605,27.63999938964844,26.600000381469727,26.89999961853028,7726700.0
2025-09-16,27.38999938964844,27.52499961853028,26.71999931335449,26.850000381469727,3417600.0
2025-09-17,28.020000457763672,28.200000762939453,27.479999542236328,28.0,4008500.0
2025-09-18,27.07999992370605,27.350000381469727,26.65999984741211,26.8799991607666,3473000.0
2025-09-19,27.14999961853028,27.40999984741211,26.96999931335449,27.174999237060547,2497500.0
2025-09-22,26.850000381469727,27.26000022888184,26.700000762939453,27.0,2288000.0
2025-09-23,25.770000457763672,26.32999992370605,25.70499992370605,26.030000686645508,2786400.0
2025-09-24,26.270000457763672,26.709999084472656,26.15999984741211,26.299999237060547,2519500.0
2025-09-25,27.34000015258789,27.51499938964844,26.440000534057617,26.64999961853028,3282600.0
2025-09-26,26.09000015258789,26.424999237060547,25.71999931335449,26.424999237060547,3568400.0
2025-09-29,27.32999992370605,27.375,27.0,27.01000022888184,3308200.0
2025-09-30,28.09000015258789,29.131999969482425,28.05500030517578,28.799999237060547,4636400.0
2025-10-01,28.479999542236328,28.59000015258789,27.850000381469727,28.1299991607666,1854600.0
2025-10-02,28.88999938964844,29.600000381469727,28.770000457763672,29.530000686645508,2395400.0
2025-10-03,28.51000022888184,29.01499938964844,28.34000015258789,29.0,1877800.0
2025-10-06,28.61000061035156,28.709999084472656,28.1299991607666,28.13999938964844,1205100.0
2025-10-07,27.76000022888184,28.670000076293945,27.57999992370605,28.61000061035156,1464000.0
2025-10-08,28.520000457763672,28.65999984741211,28.040000915527344,28.459999084472656,1524600.0
2025-10-09,29.350000381469727,30.920000076293945,29.13999938964844,30.40999984741211,4557300.0
2025-10-10,26.600000381469727,29.479999542236328,26.11000061035156,29.01000022888184,7242200.0
2025-10-13,27.239999771118164,28.0,26.93000030517578,27.64999961853028,4853600.0
2025-10-14,26.299999237060547,27.07999992370605,25.76000022888184,25.799999237060547,4644800.0
2025-10-15,26.8799991607666,27.270000457763672,26.52499961853028,26.90999984741211,2007200.0
2025-10-16,27.290000915527344,27.670000076293945,27.0,27.239999771118164,3205000.0
2025-10-17,27.049999237060547,27.40999984741211,26.739999771118164,27.15999984741211,1745900.0
2025-10-20,27.549999237060547,27.81999969482422,26.559999465942383,26.950000762939453,2588900.0
2025-10-21,29.15999984741211,29.5,28.934999465942383,29.39999961853028,3753000.0
2025-10-22,28.709999084472656,29.36000061035156,28.36000061035156,28.65999984741211,2228000.0
2025-10-23,28.950000762939453,28.959999084472656,28.290000915527344,28.690000534057617,2306100.0
2025-10-24,29.459999084472656,29.84000015258789,29.209999084472656,29.299999237060547,1883300.0
2025-10-27,29.979999542236328,30.14999961853028,29.54800033569336,29.76499938964844,1755300.0
2025-10-28,31.59000015258789,31.709999084472656,30.61000061035156,30.8799991607666,3548000.0
2025-10-29,32.029998779296875,32.5,31.64999961853028,31.950000762939453,3007500.0
2025-10-30,30.38999938964844,30.61000061035156,29.959999084472656,30.3700008392334,2582400.0
2025-10-31,30.25,30.64999961853028,29.75200080871582,29.88999938964844,1966600.0
2025-11-03,30.190000534057617,30.5,29.950000762939453,30.415000915527344,1380100.0
2025-11-04,28.68000030517578,29.1299991607666,28.530000686645508,28.655000686645508,2873300.0
2025-11-05,28.63999938964844,28.895000457763672,28.100000381469727,28.309999465942383,1520600.0
2025-11-06,28.420000076293945,29.25,28.25,28.959999084472656,1560700.0
2025-11-07,27.82999992370605,27.93000030517578,27.229999542236328,27.489999771118164,1916100.0
2025-11-10,27.600000381469727,27.96999931335449,27.424999237060547,27.96999931335449,2726000.0
2025-11-11,27.13999938964844,27.57999992370605,26.86000061035156,27.420000076293945,2111900.0
2025-11-12,27.190000534057617,27.59000015258789,26.700000762939453,27.549999237060547,3558500.0
2025-11-13,25.88999938964844,26.559999465942383,25.049999237060547,26.1299991607666,6910400.0
2025-11-14,26.18000030517578,27.01000022888184,26.059999465942383,26.55500030517578,3614200.0
2025-11-17,26.1200008392334,26.82999992370605,25.950000762939453,26.049999237060547,2292300.0
2025-11-18,26.209999084472656,26.333999633789062,25.5,25.600000381469727,1907400.0
2025-11-19,25.309999465942383,26.049999237060547,25.200000762939453,25.959999084472656,3039000.0
2025-11-20,24.15999984741211,25.479999542236328,24.1200008392334,25.309999465942383,2616100.0
2025-11-21,24.700000762939453,25.0,24.049999237060547,24.450000762939453,2164600.0
2025-11-24,26.3799991607666,26.6200008392334,26.020000457763672,26.06999969482422,2457700.0
2025-11-25,27.18000030517578,27.600000381469727,26.959999084472656,27.290000915527344,2046800.0
2025-11-26,26.40999984741211,26.770000457763672,26.200000762939453,26.540000915527344,1231800.0
2025-11-28,26.61000061035156,26.68000030517578,26.229999542236328,26.299999237060547,764500.0
2025-12-01,26.540000915527344,26.75,26.309999465942383,26.459999084472656,1608800.0
2025-12-02,25.81999969482422,26.06999969482422,25.68000030517578,26.020000457763672,1204300.0
2025-12-03,25.209999084472656,25.61000061035156,25.07999992370605,25.26499938964844,1323600.0
2025-12-04,25.700000762939453,26.13999938964844,25.65999984741211,25.989999771118164,990300.0
2025-12-05,25.799999237060547,26.06999969482422,25.709999084472656,25.959999084472656,1102100.0
2025-12-08,26.0,26.15999984741211,25.84000015258789,26.040000915527344,1122400.0
2025-12-09,25.3700008392334,25.39999961853028,24.809999465942383,25.059999465942383,1257500.0
2025-12-10,25.34000015258789,25.479999542236328,24.940000534057617,25.030000686645508,1188600.0
2025-12-11,24.920000076293945,25.020000457763672,24.540000915527344,24.700000762939453,2156500.0
2025-12-12,24.600000381469727,25.11000061035156,24.405000686645508,25.02499961853028,3112500.0
2025-12-15,24.520000457763672,24.82999992370605,24.309999465942383,24.729999542236328,1279300.0
2025-12-16,24.38999938964844,24.489999771118164,24.170000076293945,24.239999771118164,1262700.0
2025-12-17,24.270000457763672,24.76000022888184,24.225000381469727,24.64999961853028,1542500.0
2025-12-18,24.700000762939453,24.96999931335449,24.68000030517578,24.75,1248000.0
2025-12-19,24.780000686645508,25.0,24.61000061035156,24.770000457763672,1232400.0
2025-12-22,25.170000076293945,25.18000030517578,24.780000686645508,24.920000076293945,1156600.0
2025-12-23,24.940000534057617,24.950000762939453,24.48500061035156,24.89999961853028,834600.0
2025-12-24,24.770000457763672,24.854999542236328,24.600000381469727,24.690000534057617,628800.0
2025-12-26,24.950000762939453,25.43000030517578,24.700000762939453,24.850000381469727,1663000.0
2025-12-29,24.63999938964844,24.665000915527344,24.170000076293945,24.229999542236328,1337100.0
2025-12-30,24.549999237060547,24.770000457763672,24.440000534057617,24.63999938964844,1641400.0
2025-12-31,24.59000015258789,24.770000457763672,24.46999931335449,24.6299991607666,1061100.0
2026-01-02,26.3700008392334,26.4950008392334,25.8799991607666,25.905000686645508,3430000.0
2026-01-05,27.32999992370605,27.459999084472656,26.520000457763672,26.690000534057617,3634300.0
2026-01-06,27.299999237060547,27.559999465942383,27.21999931335449,27.350000381469727,2243200.0
2026-01-07,26.88999938964844,27.21999931335449,26.790000915527344,27.030000686645508,1712900.0
2026-01-08,28.63999938964844,28.90999984741211,27.65999984741211,27.670000076293945,4068900.0
2026-01-09,29.170000076293945,29.295000076293945,28.46999931335449,28.64999961853028,3490000.0
2026-01-12,31.780000686645508,32.06999969482422,29.63999938964844,29.95499992370605,8028500.0
2026-01-13,31.39999961853028,32.09000015258789,31.14999961853028,31.6200008392334,3954500.0
2026-01-14,33.34000015258789,33.7400016784668,32.73500061035156,32.97999954223633,8509300.0
2026-01-15,33.119998931884766,33.61000061035156,32.209999084472656,32.90999984741211,4453400.0
2026-01-16,32.47999954223633,33.1150016784668,31.920000076293945,33.02000045776367,5336800.0
2026-01-20,30.270000457763672,31.420000076293945,30.15999984741211,31.270000457763672,3786500.0
2026-01-21,31.979999542236328,32.56999969482422,31.190000534057617,32.08000183105469,3897700.0
2026-01-22,33.43000030517578,33.58000183105469,32.76499938964844,33.150001525878906,3720000.0
2026-01-23,33.400001525878906,33.4900016784668,32.88999938964844,33.32500076293945,2388300.0
2026-01-26,33.529998779296875,33.5989990234375,32.637001037597656,32.779998779296875,1541900.0
2026-01-27,34.68000030517578,35.119998931884766,34.439998626708984,34.939998626708984,2858200.0
2026-01-28,35.91999816894531,36.400001525878906,35.31999969482422,36.09999847412109,2774500.0
2026-01-29,35.439998626708984,35.66600036621094,34.310001373291016,35.5,2199300.0
2026-01-30,34.040000915527344,35.3380012512207,33.68000030517578,34.869998931884766,3074900.0
2026-02-02,33.2400016784668,33.70000076293945,33.04499816894531,33.1150016784668,2173200.0
2026-02-03,31.84000015258789,32.400001525878906,31.26000022888184,32.279998779296875,2606900.0
2026-02-04,29.75,30.989999771118164,29.209999084472656,30.989999771118164,4439100.0
2026-02-05,30.200000762939453,30.86000061035156,29.90999984741211,30.15999984741211,2914600.0
2026-02-06,31.530000686645508,31.559999465942383,30.56999969482422,30.989999771118164,2098100.0
2026-02-09,30.770000457763672,31.09000015258789,30.3799991607666,30.549999237060547,1915000.0
2026-02-10,30.959999084472656,31.26000022888184,30.5,30.780000686645508,1152200.0
2026-02-11,31.84000015258789,32.2400016784668,31.280000686645508,32.16999816894531,1689500.0
2026-02-12,30.290000915527344,31.434999465942383,29.770000457763672,31.3799991607666,3180600.0
2026-02-13,30.600000381469727,30.90999984741211,30.225000381469727,30.239999771118164,1438300.0
2026-02-17,30.89999961853028,31.299999237060547,30.540000915527344,30.600000381469727,1254800.0
2026-02-18,31.14999961853028,31.32999992370605,30.90999984741211,31.059999465942383,814400.0
2026-02-19,30.959999084472656,30.979999542236328,30.600000381469727,30.89999961853028,792100.0
2026-02-20,30.299999237060547,30.46999931335449,29.26000022888184,29.299999237060547,1460500.0
2026-02-23,29.82999992370605,30.290000915527344,29.6200008392334,29.850000381469727,1535600.0
2026-02-24,29.68000030517578,29.729999542236328,29.01000022888184,29.420000076293945,2196200.0
2026-02-25,29.40999984741211,29.56999969482422,29.030000686645508,29.31999969482422,985900.0
2026-02-26,28.46999931335449,28.4950008392334,27.780000686645508,28.0,2086900.0
2026-02-27,27.89999961853028,28.375,27.850000381469727,28.0049991607666,1335100.0
2026-03-02,27.229999542236328,27.420000076293945,26.799999237060547,26.920000076293945,1560700.0
2026-03-03,26.57999992370605,26.89699935913086,26.059999465942383,26.364999771118164,3124400.0
2026-03-04,27.5,27.7549991607666,26.95499992370605,27.01499938964844,3348200.0
2026-03-05,25.549999237060547,26.165000915527344,24.665000915527344,26.11000061035156,8941300.0
2026-03-06,24.670000076293945,25.07999992370605,24.545000076293945,25.049999237060547,4808100.0
2026-03-09,26.15999984741211,26.190000534057617,24.459999084472656,24.84000015258789,4095100.0
2026-03-10,26.57999992370605,27.27499961853028,26.174999237060547,26.309999465942383,3504600.0
2026-03-11,25.520000457763672,26.125,25.06999969482422,26.0,3566000.0
2026-03-12,24.89999961853028,25.479999542236328,24.875,25.26000022888184,1945300.0
2026-03-13,25.200000762939453,25.770000457763672,25.084999084472656,25.309999465942383,1454400.0
2026-03-16,25.6200008392334,25.989999771118164,25.59000015258789,25.920000076293945,1960200.0
2026-03-17,26.76000022888184,26.770000457763672,25.65999984741211,25.940000534057617,2856400.0
2026-03-18,25.5,26.527999877929688,25.46999931335449,26.34000015258789,2622200.0
2026-03-19,25.1299991607666,25.270000457763672,24.309999465942383,24.68000030517578,2124400.0
2026-03-20,24.07999992370605,24.850000381469727,23.8799991607666,24.81999969482422,3253500.0
2026-03-23,24.26000022888184,24.8799991607666,24.040000915527344,24.06999969482422,2692500.0
2026-03-24,23.440000534057617,23.57999992370605,23.19499969482422,23.549999237060547,2414300.0
2026-03-25,23.790000915527344,24.049999237060547,23.45499992370605,23.84000015258789,1772800.0
2026-03-26,22.68000030517578,23.3700008392334,22.65999984741211,23.209999084472656,2463000.0
2026-03-27,22.32999992370605,22.645000457763672,22.21999931335449,22.549999237060547,1931000.0
2026-03-30,21.690000534057617,22.21999931335449,21.51000022888184,22.1200008392334,2504400.0
2026-03-31,22.559999465942383,22.59000015258789,21.6200008392334,21.76000022888184,1951900.0
2026-04-01,22.88999938964844,23.350000381469727,22.7450008392334,23.200000762939453,2099300.0
2026-04-02,23.049999237060547,23.07999992370605,22.34000015258789,22.39999961853028,1212700.0
2026-04-06,23.1200008392334,23.38999938964844,22.950000762939453,23.01000022888184,648200.0
2026-04-07,22.979999542236328,23.03499984741211,22.540000915527344,23.0,1009800.0
2026-04-08,24.290000915527344,24.8799991607666,24.13999938964844,24.325000762939453,2563400.0
2026-04-09,23.770000457763672,23.95499992370605,23.280000686645508,23.8799991607666,1835500.0
2026-04-10,23.76000022888184,23.90999984741211,23.5,23.63999938964844,1342200.0
2026-04-13,24.46999931335449,24.48500061035156,23.729999542236328,24.1200008392334,1653800.0
2026-04-14,25.0,25.184999465942383,24.51000022888184,24.59000015258789,2331100.0
2026-04-15,24.950000762939453,25.059999465942383,24.61000061035156,24.729999542236328,2898100.0
2026-04-16,25.25,25.625,24.93000030517578,25.315000534057617,2620100.0
2026-04-17,25.14999961853028,25.5,25.059999465942383,25.3799991607666,1968100.0
2026-04-20,24.96999931335449,25.1299991607666,24.809999465942383,24.850000381469727,1227000.0
2026-04-21,23.3700008392334,24.549999237060547,23.34000015258789,24.549999237060547,4588800.0
2026-04-22,22.770000457763672,23.1299991607666,22.64999961853028,22.941999435424805,2943700.0
2026-04-23,22.170000076293945,22.959999084472656,21.89999961853028,22.690000534057617,2735100.0
2026-04-24,22.25,22.5,22.01499938964844,22.170000076293945,1771200.0
2026-04-27,21.709999084472656,21.96999931335449,21.549999237060547,21.59000015258789,2008800.0
2026-04-28,21.459999084472656,21.479999542236328,20.989999771118164,21.270000457763672,1609700.0
2026-04-29,21.459999084472656,21.86000061035156,21.34499931335449,21.76000022888184,1602100.0
2026-04-30,22.030000686645508,22.075000762939453,21.45800018310547,21.559999465942383,1319400.0
2026-05-01,21.950000762939453,22.18000030517578,21.89999961853028,21.950000762939453,1048700.0
2026-05-04,21.690000534057617,21.96500015258789,21.545000076293945,21.76000022888184,1561600.0
2026-05-05,21.549999237060547,21.86000061035156,21.459999084472656,21.71999931335449,1388200.0
2026-05-06,22.3700008392334,22.5049991607666,21.729999542236328,21.809999465942383,3269200.0
2026-05-07,21.979999542236328,22.59000015258789,21.88999938964844,22.51000022888184,2740000.0
2026-05-08,22.059999465942383,22.799999237060547,21.94499969482422,22.770000457763672,2179700.0
2026-05-11,22.07999992370605,22.40999984741211,21.920000076293945,21.920000076293945,2024000.0
2026-05-12,21.420000076293945,21.929000854492188,21.280000686645508,21.90800094604492,1432100.0
2026-05-13,22.34000015258789,22.70499992370605,21.239999771118164,21.420000076293945,4705300.0
2026-05-14,20.31999969482422,21.270000457763672,20.302000045776367,21.13999938964844,5877500.0
2026-05-15,19.06999969482422,19.559999465942383,19.030000686645508,19.559999465942383,4302900.0
2026-05-18,19.6299991607666,19.64999961853028,19.05500030517578,19.200000762939453,5692700.0
2026-05-19,20.0,20.065000534057617,18.299999237060547,18.3799991607666,13535700.0
2026-05-20,18.299999237060547,19.290000915527344,18.26000022888184,19.100000381469727,10080800.0
2026-05-21,17.579999923706055,17.719999313354492,17.31999969482422,17.649999618530273,5484100.0
2026-05-22,17.229999542236328,17.479999542236328,16.920000076293945,16.969999313354492,4715000.0
2026-05-26,17.780000686645508,18.05500030517578,17.329999923706055,17.350000381469727,4684500.0
2026-05-27,17.56999969482422,17.75,17.059999465942383,17.309999465942383,4791600.0
2026-05-28,17.219999313354492,17.385000228881836,17.030000686645508,17.15999984741211,3603400.0
2026-05-29,17.31999969482422,17.639999389648438,17.219999313354492,17.389999389648438,2162300.0
2026-06-01,18.36000061035156,18.51499938964844,17.940000534057617,18.0,3661500.0
2026-06-02,18.64999961853028,19.190000534057617,18.46999931335449,19.18000030517578,3387400.0
2026-06-03,17.850000381469727,18.18000030517578,17.80500030517578,18.1200008392334,2244800.0
2026-06-04,18.010000228881836,18.489999771118164,18.0,18.209999084472656,2191400.0
2026-06-05,17.459999084472656,18.15999984741211,17.270000457763672,18.1299991607666,3361600.0
2026-06-08,17.959999084472656,18.520000457763672,17.85099983215332,18.424999237060547,3445200.0
2026-06-09,17.610000610351562,17.9950008392334,17.25,17.9950008392334,2460500.0
2026-06-10,18.07999992370605,18.63500022888184,18.030000686645508,18.030000686645508,3725700.0
2026-06-11,18.36000061035156,18.420000076293945,17.68000030517578,17.81999969482422,2610700.0
2026-06-12,17.860000610351562,18.31999969482422,17.825000762939453,18.31999969482422,2025600.0
2026-06-15,17.850000381469727,18.15999984741211,17.829999923706055,18.14999961853028,1904900.0
2026-06-16,17.299999237060547,17.399999618530273,17.141000747680664,17.219999313354492,2075900.0
2026-06-17,17.18000030517578,17.760000228881836,17.094999313354492,17.3799991607666,2450600.0
2026-06-18,17.200000762939453,17.360000610351562,17.084999084472656,17.309999465942383,2312600.0
2026-06-22,16.760000228881836,16.915000915527344,16.575000762939453,16.860000610351562,2152400.0
2026-06-23,15.960000038146973,16.329999923706055,15.789999961853027,16.0,4514500.0
2026-06-24,16.510000228881836,16.860000610351562,16.399999618530273,16.540000915527344,3410300.0
2026-06-25,16.139999389648438,16.450000762939453,15.880000114440918,16.31999969482422,2791700.0
2026-06-26,16.469999313354492,16.591999053955078,15.850000381469728,15.93000030517578,2035700.0
2026-06-29,16.860000610351562,17.049999237060547,16.739999771118164,16.889999389648438,1906000.0
2026-06-30,17.030000686645508,17.174999237060547,16.729999542236328,16.979999542236328,1469300.0
2026-07-01,17.43000030517578,17.614999771118164,16.899999618530273,17.020000457763672,1689100.0
2026-07-02,17.139999389648438,17.450000762939453,16.934999465942383,17.239999771118164,2218900.0
2026-07-06,17.899999618530273,18.040000915527344,17.639999389648438,17.697999954223633,2213000.0
2026-07-07,17.600000381469727,17.989999771118164,17.540000915527344,17.8799991607666,1699500.0
2026-07-08,18.030000686645508,18.32999992370605,17.940000534057617,18.14999961853028,2320000.0
2026-07-09,17.84000015258789,17.860000610351562,17.399999618530273,17.440000534057617,1760500.0
2026-07-10,17.700000762939453,18.104999542236328,17.639999389648438,17.829999923706055,1602600.0
2026-07-13,17.59000015258789,17.674999237060547,17.31999969482422,17.440000534057617,2050800.0
2026-07-14,17.479999542236328,17.790000915527344,17.3799991607666,17.729999542236328,3125100.0
2026-07-15,18.280000686645508,18.520000457763672,18.010000228881836,18.049999237060547,2367100.0
2026-07-16,19.0,19.09000015258789,18.6299991607666,18.82999992370605,3580000.0
2026-07-17,18.040000915527344,18.239999771118164,17.770000457763672,17.799999237060547,3079800.0
2026-07-20,18.40999984741211,18.770000457763672,18.31999969482422,18.440000534057617,2627200.0
2026-07-21,18.25,18.540000915527344,18.25,18.40999984741211,1181800.0
2026-07-22,17.690000534057617,17.84000015258789,17.59000015258789,17.84000015258789,1824600.0
2026-07-23,17.489999771118164,17.670000076293945,17.299999237060547,17.549999237060547,1933700.0
2026-07-24,17.15999984741211,17.510000228881836,17.139999389648438,17.3700008392334,1442800.0
2026-07-27,17.850000381469727,18.1200008392334,17.770000457763672,17.829999923706055,1675600.0
2026-07-28,18.059999465942383,18.13999938964844,17.790000915527344,17.889999389648438,1337800.0
2026-07-29,18.530000686645508,18.875,18.440000534057617,18.530000686645508,2387300.0
2026-07-30,18.700000762939453,18.89999961853028,18.45499992370605,18.780000686645508,2574400.0
2026-07-31,19.100000381469727,19.1299991607666,18.530000686645508,18.700000762939453,1770900.0
2026-08-03,19.239999771118164,19.46999931335449,19.01000022888184,19.1299991607666,1808900.0
2026-08-04,18.989999771118164,19.040000915527344,18.729999542236328,18.81999969482422,2322000.0
2026-08-05,18.57999992370605,19.07999992370605,18.459999084472656,19.01000022888184,2034800.0
2026-08-06,18.64999961853028,18.76000022888184,18.545000076293945,18.690000534057617,2117400.0
2026-08-07,18.739999771118164,18.81999969482422,18.354999542236328,18.479999542236328,1522700.0
2026-08-10,18.989999771118164,19.09000015258789,18.700000762939453,18.739999771118164,1948200.0
2026-08-11,17.989999771118164,18.325000762939453,17.959999084472656,18.25,2506200.0
2026-08-12,17.610000610351562,17.6299991607666,17.309999465942383,17.600000381469727,3272200.0
2026-08-13,17.06999969482422,17.34000015258789,16.885000228881836,17.229999542236328,3187400.0
2026-08-14,17.440000534057617,17.459999084472656,17.170000076293945,17.18000030517578,1901600.0
2026-08-17,17.229999542236328,17.389999389648438,17.1299991607666,17.385000228881836,1519900.0
2026-08-18,16.989999771118164,17.139999389648438,16.905000686645508,16.959999084472656,2161400.0
2026-08-19,17.309999465942383,17.329999923706055,17.03499984741211,17.100000381469727,2344700.0
2026-08-20,16.65999984741211,16.80500030517578,16.40999984741211,16.610000610351562,3689200.0
2026-08-21,17.059999465942383,17.2549991607666,16.920000076293945,17.059999465942383,2906700.0
2026-08-24,16.5,16.690000534057617,16.424999237060547,16.665000915527344,2800100.0
2026-08-25,16.56999969482422,16.735000610351562,16.5,16.540000915527344,3163300.0
2026-08-26,16.149999618530273,16.3700008392334,16.100000381469727,16.219999313354492,4055600.0
2026-08-27,16.764999389648438,16.795000076293945,15.970000267028809,16.18000030517578,6739100.0
2026-08-28,16.600000381469727,17.1299991607666,16.520000457763672,16.940000534057617,3557800.0
2026-08-31,16.15999984741211,16.600000381469727,16.149999618530273,16.530000686645508,2009600.0
2026-09-01,15.789999961853027,16.1299991607666,15.774999618530272,15.970000267028809,3219800.0
2026-09-02,15.449999809265137,15.625,15.399999618530272,15.520000457763672,2891700.0
2026-09-03,15.5,15.56999969482422,15.15999984741211,15.3100004196167,2696900.0
2026-09-04,15.229999542236328,16.125999450683594,15.175000190734863,15.3100004196167,10680300.0
2026-09-08,16.200000762939453,16.360000610351562,15.795000076293944,15.81999969482422,7116800.0
2026-09-09,15.90999984741211,16.059999465942383,15.75,15.925000190734863,4312600.0
2026-09-10,15.470000267028809,15.609999656677246,15.369999885559082,15.449999809265137,3423400.0
2026-09-11,15.539999961853027,15.604999542236328,15.399999618530272,15.5,3656500.0
2026-09-14,15.739999771118164,15.904999732971191,15.479999542236328,15.529999732971191,2335800.0
2026-09-15,15.460000038146973,15.5649995803833,15.265000343322754,15.5600004196167,2010400.0
2026-09-16,14.899999618530272,15.15999984741211,14.890000343322754,15.140000343322754,3525600.0
2026-09-17,14.399999618530273,14.649999618530273,14.390000343322754,14.649999618530273,5666600.0
2026-09-18,14.899999618530273,15.069999694824219,14.739999771118164,14.805000305175781,3048600.0
2026-09-21,15.180000305175781,15.21500015258789,14.829999923706055,15.09000015258789,2311600.0
2026-09-22,,,,,2188587.0
2026-09-23,15.010000228881836,15.1899995803833,14.925000190734863,15.100000381469727,2701284.0
