Symbol,Price~,"Exp Date",DTE,Type,Strike,Moneyness,Bid,Latest,Ask,Volume,"Open Int",Vol/OI,"Imp Vol",IV,Delta,Time
U,44.1,2026-10-16,23,Call,46.00,-4.31%,1.93,2,2,117664,731,160.96,63.82%,61.49%,0.428468,2026-09-23
EXPE,259.04,2027-03-19,177,Put,220.00,-15.07%,15,15.9,18,15033,129,116.53,52.48%,51.11%,-0.249213,2026-09-23
MCD,238.32,2026-09-25,2,Put,232.50,-2.44%,0.28,0.31,0.31,16601,163,101.85,22.78%,28.53%,-0.118358,2026-09-23
TMUS,165.66,2028-01-21,485,Put,125.00,-24.54%,6.5,7.6,10,10000,104,96.15,33.74%,37.28%,-0.174288,2026-09-23
GOOGL,337.83,2026-10-30,37,Put,350.00,+3.60%,21.7,22.48,22.45,10079,139,72.51,33.39%,36.55%,-0.589594,2026-09-23
GXO,45.23,2026-11-20,58,Put,42.50,-6.04%,1.45,1.66,1.85,10003,170,58.84,39.88%,41.67%,-0.31244,2026-09-23
PLTR,191.79,2026-09-25,2,Put,190.00,-0.93%,2.2,2.2,2.24,21360,413,51.72,52.28%,54.05%,-0.39785,2026-09-23
VRT,248.78,2026-10-16,23,Put,205.00,-17.60%,0.9,1.1,1.32,5470,111,49.28,57.35%,55.17%,-0.069068,2026-09-23
U,44.1,2026-10-16,23,Call,47.00,-6.58%,1.6,1.62,1.65,34804,711,48.95,63.82%,61.54%,0.374776,2026-09-23
AGNC,9.91,2026-11-20,58,Put,9.00,-9.18%,0.11,0.14,0.15,5483,114,48.1,23.82%,29.46%,-0.191084,2026-09-23
GRPN,20.04,2029-01-19,849,Call,22.00,-9.78%,8.8,10,10.8,5048,120,42.07,76.60%,85.35%,0.746432,2026-09-23
SG,7.71,2026-11-20,58,Call,10.00,-29.70%,0.35,0.37,0.5,13173,314,41.95,81.65%,88.67%,0.29416,2026-09-23
XP,20.88,2026-10-16,23,Call,23.00,-10.15%,0.4,0.45,0.55,6700,176,38.07,56.95%,57.55%,0.274801,2026-09-23
GOOGL,337.83,2026-10-30,37,Put,305.00,-9.72%,3.75,3.8,3.85,4370,134,32.61,33.39%,36.97%,-0.169582,2026-09-23
CRWV,86.9,2026-10-23,30,Call,105.00,-20.83%,2.25,2.27,2.42,49444,1552,31.86,75.14%,76.95%,0.231885,2026-09-23
SHOP,142.34,2026-10-02,9,Put,130.00,-8.67%,0.37,0.91,0.98,4435,146,30.38,57.25%,50.77%,-0.11736,2026-09-23
RCL,230.3,2026-12-18,86,Put,220.00,-4.47%,14.2,14.78,15.2,7042,232,30.35,45.33%,45.49%,-0.369166,2026-09-23
DKNG,21.25,2027-12-17,450,Call,52.50,-147.06%,0.8,0.84,1.04,3000,100,30,58.31%,58.66%,0.163757,2026-09-23
CRWV,86.9,2026-10-23,30,Call,110.00,-26.58%,1.6,1.62,1.67,47182,1595,29.58,75.14%,77.31%,0.174115,2026-09-23
TSM,446.57,2027-06-17,267,Call,490.00,-9.73%,45,45.4,46.4,5436,191,28.46,33.72%,38.40%,0.480906,2026-09-23
PINS,18.45,2026-10-16,23,Put,17.00,-7.86%,0.24,0.3,0.34,14928,525,28.43,53.55%,46.88%,-0.219849,2026-09-23
RKT,12.15,2029-01-19,849,Call,10.00,+17.70%,5.5,5.65,5.75,3863,137,28.2,58.36%,62.22%,0.786741,2026-09-23
GOOGL,337.83,2026-09-28,5,Call,342.50,-1.38%,2.82,2.96,3.1,3200,117,27.35,33.39%,30.76%,0.363306,2026-09-23
LOW,191.36,2026-10-16,23,Call,215.00,-12.35%,0.25,0.35,0.35,3017,111,27.18,29.37%,28.06%,0.053967,2026-09-23
PLTR,191.79,2026-09-25,2,Put,187.50,-2.24%,1.36,1.41,1.39,9638,370,26.05,52.28%,54.73%,-0.279839,2026-09-23
NVO,38.17,2026-10-16,23,Call,41.00,-7.41%,0.31,0.32,0.34,3243,126,25.74,32.74%,32.09%,0.197255,2026-09-23
SYF,70.67,2026-10-16,23,Call,72.50,-2.59%,1.05,1.44,1.8,2535,103,24.61,32.72%,30.54%,0.389696,2026-09-23
META,744.1,2026-09-30,7,Put,740.00,-0.55%,17.65,18.26,18.95,2881,121,23.81,46.26%,50.02%,-0.451226,2026-09-23
SIRI,26.28,2026-10-02,9,Call,26.50,-0.84%,0.42,0.51,0.68,17819,775,22.99,33.92%,39.62%,0.458477,2026-09-23
TSLA,380.12,2026-09-25,2,Put,382.50,+0.63%,6,6.05,6.1,8860,390,22.72,41.52%,42.70%,-0.570062,2026-09-23
AXP,301.96,2026-10-02,9,Call,307.50,-1.83%,2.14,2.73,2.62,2401,106,22.65,25.70%,23.91%,0.326899,2026-09-23
MCD,238.32,2026-09-25,2,Call,235.00,+1.39%,3.7,3.65,4.4,3159,143,22.09,22.78%,27.89%,0.755401,2026-09-23
INTC,122.6,2026-09-25,2,Call,132.00,-7.67%,0.37,0.38,0.4,21774,989,22.02,68.17%,79.97%,0.112125,2026-09-23
LCID,4.16,2026-11-20,58,Put,4.50,+8.17%,0.78,0.9,0.99,6075,289,21.02,87.78%,105.06%,-0.487429,2026-09-23
FIRY,13.1,2026-10-16,23,Call,15.00,-14.50%,0.5,0.55,0.6,3224,155,20.8,85.60%,90.72%,0.319105,2026-09-23
MRVL,260.9,2026-10-16,23,Call,295.00,-13.07%,6.9,7.15,7.25,6040,292,20.68,67.55%,69.82%,0.274352,2026-09-23
NVO,38.17,2026-09-25,2,Call,38.00,+0.45%,0.49,0.5,0.57,2440,118,20.68,32.74%,39.14%,0.566652,2026-09-23
TSLA,380.12,2026-09-25,2,Put,380.00,-0.03%,4.65,4.72,4.75,30677,1502,20.42,41.52%,42.73%,-0.48753,2026-09-23
CBRE,136.41,2026-10-16,23,Put,135.00,-1.03%,3.4,4.4,4.8,4575,229,19.98,38.35%,36.13%,-0.428153,2026-09-23
PLTR,191.79,2026-10-02,9,Put,190.00,-0.93%,4.85,4.97,5,5068,264,19.2,52.28%,48.94%,-0.432278,2026-09-23
MCD,238.32,2026-09-25,2,Put,230.00,-3.49%,0.1,0.11,0.13,5110,273,18.72,22.78%,29.72%,-0.051742,2026-09-23
HAL,33.01,2026-11-20,58,Call,35.00,-6.03%,1.18,1.23,1.31,11269,605,18.63,36.40%,38.10%,0.384917,2026-09-23
SLN,11.51,2026-10-16,23,Call,10.00,+13.12%,1,1.65,4.8,2500,135,18.52,120.74%,191.95%,0.70468,2026-09-23
HOOD,122.7,2026-09-25,2,Put,126.00,+2.69%,4.45,4.55,4.7,1926,106,18.17,64.55%,71.27%,-0.682259,2026-09-23
CGC,0.9354,2029-01-19,849,Put,1.0000,+6.91%,0.43,0.43,0.45,2009,111,18.1,83.49%,84.54%,-0.26936,2026-09-23
KHC,23.79,2026-10-02,9,Call,24.50,-2.98%,0.11,0.16,0.22,21020,1215,17.3,26.53%,28.74%,0.260174,2026-09-23
PURR,13.94,2026-10-09,16,Call,17.00,-21.95%,0.4,0.5,0.6,2910,171,17.02,105.35%,122.51%,0.261443,2026-09-23
META,744.1,2026-09-28,5,Put,750.00,+0.79%,19.85,20.5,20.95,2481,148,16.76,46.26%,50.11%,-0.539347,2026-09-23
TMUS,165.66,2028-01-21,485,Call,250.00,-50.91%,5.8,6.2,6.8,10000,598,16.72,33.74%,33.65%,0.20554,2026-09-23
MCD,238.32,2026-09-25,2,Call,245.00,-2.80%,0.21,0.25,0.28,2547,155,16.43,22.78%,29.05%,0.101528,2026-09-23
RDW,11.27,2026-10-02,9,Put,10.50,-6.83%,0.2,0.3,0.3,5286,326,16.21,87.07%,81.47%,-0.266393,2026-09-23
CLF,12.87,2026-10-16,23,Call,13.50,-4.90%,0.55,0.56,0.56,6452,399,16.17,64.83%,62.68%,0.41365,2026-09-23
MCD,238.32,2026-10-16,23,Call,252.50,-5.95%,1.07,1.15,1.26,2155,136,15.85,22.78%,22.80%,0.165117,2026-09-23
FSLY,29.65,2026-10-16,23,Call,40.00,-34.91%,0.75,0.9,1,2661,168,15.84,109.74%,119.74%,0.201066,2026-09-23
LCID,4.16,2026-12-18,86,Put,4.50,+8.17%,0.94,1.02,1.02,5045,320,15.77,87.78%,99.01%,-0.464474,2026-09-23
DKS,132.36,2026-10-09,16,Call,135.00,-1.99%,3.3,3.8,4,2423,154,15.73,40.46%,43.52%,0.431753,2026-09-23
ACAD,25.43,2026-10-16,23,Call,29.00,-14.04%,1.75,2.12,2.5,2042,130,15.71,115.43%,133.36%,0.413796,2026-09-23
NVDA,225.51,2026-10-05,12,Call,250.00,-10.86%,0.12,0.17,0.2,2114,139,15.21,33.01%,30.25%,0.033505,2026-09-23
SENS,9.98,2027-01-15,114,Call,10.00,-0.20%,1.3,1.5,1.7,5009,335,14.95,70.86%,65.79%,0.584092,2026-09-23
U,44.1,2026-09-25,2,Call,43.50,+1.36%,1.01,1.42,1.58,1761,118,14.92,63.82%,74.22%,0.61054,2026-09-23
MGM,37.85,2026-10-16,23,Put,34.00,-10.17%,0.5,0.62,0.8,2313,155,14.92,55.06%,56.85%,-0.200958,2026-09-23
CLMT,54.38,2026-10-16,23,Put,50.00,-8.05%,1.1,1.8,1.65,3946,265,14.89,62.74%,58.94%,-0.261172,2026-09-23
CHWY,18.55,2026-09-25,2,Put,18.50,-0.27%,0.22,0.24,0.28,1802,123,14.65,47.19%,50.45%,-0.461891,2026-09-23
RKLB,70.31,2026-10-16,23,Call,72.00,-2.40%,4.05,4.15,4.25,2893,201,14.39,70.86%,68.51%,0.484887,2026-09-23
GOOGL,337.83,2026-09-25,2,Call,342.50,-1.38%,2.01,2.01,2.1,8900,622,14.31,33.39%,39.18%,0.325611,2026-09-23
SHOP,142.34,2026-10-02,9,Put,135.00,-5.16%,1.53,1.65,2.32,2664,190,14.02,57.25%,54.75%,-0.25186,2026-09-23
PLTR,191.79,2026-09-25,2,Call,207.50,-8.19%,0.15,0.15,0.17,3044,227,13.41,52.28%,61.77%,0.045101,2026-09-23
QSR,71.66,2026-10-16,23,Call,75.00,-4.66%,0.7,0.74,0.8,4692,358,13.11,25.62%,27.07%,0.262636,2026-09-23
DOCU,69.49,2026-09-25,2,Call,72.00,-3.61%,0.15,0.27,0.36,2426,185,13.11,45.18%,51.24%,0.181157,2026-09-23
SNY,41.66,2026-11-20,58,Put,40.00,-3.98%,0.65,0.9,1,1355,104,13.03,23.19%,19.06%,-0.362019,2026-09-23
NVO,38.17,2029-01-19,849,Put,25.00,-34.50%,1,2.15,2.25,1549,120,12.91,32.74%,34.04%,-0.126841,2026-09-23
IONQ,42.54,2026-10-23,30,Put,35.00,-17.72%,0.5,0.6,0.68,2283,179,12.75,74.15%,67.42%,-0.131096,2026-09-23
AMZN,249.27,2026-09-25,2,Call,220.00,+11.74%,29.05,29.46,29.8,1627,128,12.71,32.86%,82.69%,0.980991,2026-09-23
SHOP,142.34,2026-10-30,37,Call,150.00,-5.38%,7,7.66,8.2,1893,149,12.7,57.25%,58.19%,0.433039,2026-09-23
EOSE,3.58,2027-02-19,149,Put,2.50,-30.17%,0.28,0.33,0.41,1503,119,12.63,98.13%,104.31%,-0.185936,2026-09-23
AKAM,118.44,2026-09-25,2,Call,120.00,-1.32%,1.95,2,3.7,2733,219,12.48,61.67%,100.57%,0.446025,2026-09-23
GOOGL,337.83,2026-09-28,5,Put,332.50,-1.58%,2.1,2.3,2.55,1247,100,12.47,33.39%,29.08%,-0.309601,2026-09-23
AMZN,249.27,2028-01-21,485,Put,350.00,+40.41%,102.9,104.22,105.75,2017,163,12.37,32.86%,34.40%,-0.808571,2026-09-23
AMZN,249.27,2026-09-25,2,Call,247.50,+0.71%,3.45,3.47,3.65,10226,829,12.34,32.86%,34.57%,0.617785,2026-09-23
TE,4.04,2026-10-23,30,Call,5.00,-23.76%,0.15,0.17,0.25,5178,421,12.3,98.95%,106.85%,0.29728,2026-09-23
S,24.1,2026-09-25,2,Call,25.50,-5.81%,0,0.15,0.15,2035,166,12.26,53.69%,66.00%,0.129864,2026-09-23
ERIC,9.73,2026-10-16,23,Call,10.00,-2.77%,0.2,0.25,0.3,13272,1085,12.23,42.52%,37.57%,0.402069,2026-09-23
NBIS,226.61,2026-10-02,9,Call,205.00,+9.54%,23.8,26,26.45,1833,150,12.22,82.83%,81.02%,0.804821,2026-09-23
PM,190.84,2026-11-20,58,Call,150.00,+21.40%,39.1,40.4,41.8,1426,117,12.19,29.10%,17.08%,0.995867,2026-09-23
META,744.1,2026-09-30,7,Put,675.00,-9.29%,1.9,1.97,2.1,2272,187,12.15,46.26%,51.80%,-0.080236,2026-09-23
PEP,130.18,2026-12-18,86,Call,140.00,-7.54%,2.4,2.5,2.55,39583,3266,12.12,25.15%,23.93%,0.279708,2026-09-23
GOOG,334.98,2026-09-25,2,Call,337.50,-0.75%,2.65,2.65,2.74,4323,361,11.98,33.35%,38.24%,0.403742,2026-09-23
AMZN,249.27,2026-09-25,2,Put,270.00,+8.32%,20.35,20.82,21.1,2330,195,11.95,32.86%,56.93%,-0.971105,2026-09-23
IONQ,42.54,2026-10-02,9,Put,42.00,-1.27%,1.25,1.63,1.76,1434,121,11.85,74.15%,67.21%,-0.428089,2026-09-23
EQPT,18.08,2026-10-16,23,Put,20.00,+10.62%,2.3,2.45,2.85,1627,138,11.79,86.89%,76.03%,-0.66518,2026-09-23
GOOGL,337.83,2026-10-02,9,Put,317.50,-6.02%,0.91,0.98,1,1211,103,11.76,33.39%,33.30%,-0.10959,2026-09-23
AMZN,249.27,2026-09-28,5,Put,260.00,+4.30%,10.5,11.06,11.5,1180,101,11.68,32.86%,27.26%,-0.90661,2026-09-23
GME,24.2,2026-09-25,2,Put,24.50,+1.24%,0.62,0.63,0.64,1407,122,11.53,52.63%,64.40%,-0.593546,2026-09-23
ZVRA,11.32,2028-01-21,485,Put,10.00,-11.66%,1.6,1.85,2.9,2949,257,11.47,72.08%,65.59%,-0.277186,2026-09-23
AMD,614.61,2026-10-02,9,Call,642.50,-4.54%,9.4,9.58,9.95,1281,112,11.44,53.93%,52.08%,0.312038,2026-09-23
TPR,110.51,2026-10-16,23,Call,120.00,-8.59%,0.5,1.03,1.2,1506,132,11.41,38.33%,33.32%,0.176873,2026-09-23
SMTC,169.33,2026-11-20,58,Call,230.00,-35.83%,6.2,6.75,7.5,5210,458,11.38,82.00%,85.15%,0.237617,2026-09-23
U,44.1,2026-09-25,2,Call,45.00,-2.04%,0.7,0.79,0.75,11092,981,11.31,63.82%,84.71%,0.386867,2026-09-23
MLI,60.33,2026-10-16,23,Call,65.00,-7.74%,0.5,0.52,0.55,2639,236,11.18,31.12%,32.65%,0.198106,2026-09-23
MCD,238.32,2026-09-25,2,Put,235.00,-1.39%,0.67,0.72,0.81,5685,510,11.15,22.78%,28.25%,-0.247165,2026-09-23
CMCSA,22.55,2026-11-20,58,Call,23.00,-2.00%,1,1.08,1.06,6380,572,11.15,31.17%,35.18%,0.462385,2026-09-23
TSLA,380.12,2026-09-28,5,Put,380.00,-0.03%,5.9,5.96,6.05,4139,372,11.13,41.52%,34.51%,-0.484671,2026-09-23
HD,296.72,2026-09-25,2,Call,300.00,-1.11%,1.29,1.33,1.42,2980,268,11.12,26.88%,30.39%,0.317147,2026-09-23
GLXY,25.79,2026-11-20,58,Call,30.00,-16.32%,1.9,2.25,2.62,1345,122,11.02,85.92%,89.97%,0.411066,2026-09-23
PLTR,191.79,2026-09-25,2,Put,192.50,+0.37%,3.35,3.4,3.45,10214,935,10.92,52.28%,53.78%,-0.527376,2026-09-23
APP,315.25,2026-10-02,9,Put,287.50,-8.80%,1.75,2.01,2.15,1131,104,10.88,60.25%,55.80%,-0.134505,2026-09-23
LQDA,67.49,2026-10-02,9,Put,50.00,-25.91%,0.2,0.25,0.65,2425,223,10.87,86.63%,134.54%,-0.06305,2026-09-23
JD,27.16,2027-12-17,450,Call,30.00,-10.46%,3.7,3.73,3.75,5503,513,10.73,34.00%,50.83%,0.443957,2026-09-23
ASO,48.31,2029-01-19,849,Call,27.50,+43.08%,23.5,24.8,26.3,1163,109,10.67,40.20%,48.62%,0.869784,2026-09-23
PLTR,191.79,2026-10-02,9,Call,207.50,-8.19%,1.36,1.4,1.42,3010,283,10.64,52.28%,50.81%,0.174918,2026-09-23
MCD,238.32,2026-11-20,58,Call,275.00,-15.39%,0.98,1.01,1.01,10031,948,10.58,22.78%,25.73%,0.091165,2026-09-23
PLTR,191.79,2026-09-25,2,Put,185.00,-3.54%,0.8,0.81,0.81,16848,1592,10.58,52.28%,55.56%,-0.183589,2026-09-23
CBRS,205.24,2026-09-25,2,Call,225.00,-9.63%,0.5,0.69,0.7,6780,643,10.54,75.36%,91.89%,0.094378,2026-09-23
TSLA,380.12,2026-09-25,2,Put,387.50,+1.94%,9.3,9.41,9.5,1592,153,10.41,41.52%,43.25%,-0.719277,2026-09-23
UBER,69.42,2026-10-02,9,Call,65.00,+6.37%,4,4.81,5.6,1250,121,10.33,35.81%,40.27%,0.861566,2026-09-23
TRIP,8.04,2028-01-21,485,Put,3.00,-62.69%,0.05,0.17,0.25,3738,370,10.1,52.82%,67.64%,-0.04264,2026-09-23
MU,1071.88,2026-09-25,2,Put,"1,070.00",-0.18%,16.25,16.8,17.65,8136,806,10.09,63.81%,56.83%,-0.473343,2026-09-23
CMCSA,22.55,2026-10-16,23,Put,21.50,-4.66%,0.07,0.29,0.78,1105,110,10.05,31.17%,38.17%,-0.295669,2026-09-23
ABNB,149.58,2026-10-16,23,Put,130.00,-13.09%,0.4,0.56,0.77,2209,223,9.91,39.66%,41.78%,-0.079034,2026-09-23
BRK.B,507.17,2026-09-25,2,Call,502.50,+0.92%,5.45,6.11,6.55,1040,105,9.9,14.89%,20.34%,0.737704,2026-09-23
HOOD,122.7,2026-10-16,23,Put,126.00,+2.69%,9.15,8.9,9.45,1544,156,9.9,64.55%,61.86%,-0.532598,2026-09-23
TSLA,380.12,2026-09-25,2,Put,385.00,+1.28%,7.55,7.59,7.7,7768,801,9.7,41.52%,42.89%,-0.648508,2026-09-23
ERAS,13.94,2026-11-20,58,Call,15.00,-7.60%,1.5,1.82,2.3,2557,265,9.65,99.44%,103.17%,0.517385,2026-09-23
ALLY,38.58,2026-10-16,23,Call,38.00,+1.50%,1.4,1.54,1.6,2080,216,9.63,30.18%,30.76%,0.594295,2026-09-23
GOOGL,337.83,2027-01-15,114,Call,555.00,-64.28%,0.24,0.46,0.73,1506,157,9.59,33.39%,39.66%,0.019045,2026-09-23
PGY,18.72,2026-10-16,23,Put,16.00,-14.53%,0,0.31,0.35,2205,230,9.59,69.71%,58.05%,-0.12189,2026-09-23
META,744.1,2026-09-28,5,Call,785.00,-5.50%,5.15,5.43,5.85,1094,115,9.51,46.26%,54.33%,0.211271,2026-09-23
KHC,23.79,2026-09-25,2,Call,24.00,-0.88%,0.1,0.14,0.21,1568,165,9.5,26.53%,35.02%,0.370262,2026-09-23
U,44.1,2026-10-02,9,Call,45.00,-2.04%,1.45,1.55,1.64,2851,303,9.41,63.82%,69.71%,0.451807,2026-09-23
GOOGL,337.83,2026-10-02,9,Call,405.00,-19.88%,0.09,0.11,0.15,2392,255,9.38,33.39%,50.76%,0.01308,2026-09-23
LTH,39.67,2026-10-16,23,Call,40.00,-0.83%,1.5,1.5,1.8,1039,112,9.28,44.53%,44.29%,0.50124,2026-09-23
AVGO,354.99,2026-09-28,5,Put,342.50,-3.52%,0.62,0.92,1.3,1263,137,9.22,36.12%,30.00%,-0.147091,2026-09-23
QBTS,16.81,2026-11-20,58,Put,11.00,-34.56%,0.11,0.16,0.17,922,101,9.13,71.24%,75.58%,-0.057346,2026-09-23
HTZ,1.74,2029-01-19,849,Put,1.0000,-42.53%,0.55,0.58,0.64,1011,111,9.11,97.59%,146.67%,-0.084528,2026-09-23
TSLA,380.12,2026-09-30,7,Put,382.50,+0.63%,8.95,9.19,9.2,1148,127,9.04,41.52%,37.82%,-0.532763,2026-09-23
GOOGL,337.83,2026-09-28,5,Put,335.00,-0.84%,3.15,3.31,3.4,2101,233,9.02,33.39%,29.37%,-0.392015,2026-09-23
RDDT,151.98,2026-10-09,16,Call,155.00,-1.99%,5.25,6,6.45,1150,128,8.98,61.24%,55.80%,0.461988,2026-09-23
MCD,238.32,2026-09-25,2,Put,237.50,-0.34%,1.21,1.53,1.85,3400,382,8.9,22.78%,27.28%,-0.427467,2026-09-23
GOOGL,337.83,2026-10-23,30,Call,340.00,-0.64%,11.6,11.9,12.45,2287,258,8.86,33.39%,32.53%,0.50415,2026-09-23
NCLH,14.18,2026-10-23,30,Call,17.00,-19.89%,0,0.13,0.36,2021,229,8.83,56.62%,57.32%,0.158188,2026-09-23
MU,1071.88,2026-09-25,2,Put,"1,075.00",+0.29%,18.8,19.7,19.95,3338,378,8.83,63.81%,56.40%,-0.517841,2026-09-23
FSLY,29.65,2026-09-25,2,Call,35.00,-18.04%,0.25,0.3,0.45,2042,233,8.76,109.74%,206.85%,0.157314,2026-09-23
PBR,21.14,2026-10-16,23,Call,22.50,-6.43%,0.55,0.57,0.59,1239,142,8.73,49.40%,51.24%,0.337961,2026-09-23
SWK,91.76,2028-01-21,485,Put,95.00,+3.53%,15.8,16.1,16.7,1020,117,8.72,35.22%,36.79%,-0.430094,2026-09-23
UNH,371.29,2026-10-02,9,Call,380.00,-2.35%,3.25,3.35,3.7,1663,192,8.66,40.18%,29.50%,0.318984,2026-09-23
MU,1071.88,2026-09-25,2,Put,"1,085.00",+1.22%,24.65,24.23,26.8,1556,180,8.64,63.81%,58.27%,-0.601382,2026-09-23
META,744.1,2026-09-25,2,Call,875.00,-17.59%,0.08,0.16,0.17,2331,272,8.57,46.26%,89.25%,0.007842,2026-09-23
TSLA,380.12,2026-09-25,2,Put,390.00,+2.60%,11.25,11.25,11.5,4814,564,8.54,41.52%,44.10%,-0.77838,2026-09-23
AMZN,249.27,2026-09-28,5,Call,250.00,-0.29%,2.66,2.81,3.05,2196,258,8.51,32.86%,26.99%,0.476104,2026-09-23
DT,58.51,2026-10-16,23,Call,62.50,-6.82%,0.8,1.25,1.15,1759,207,8.5,41.06%,40.12%,0.28081,2026-09-23
SHEL,95.41,2026-09-25,2,Call,96.00,-0.62%,0.35,0.5,1.25,869,103,8.44,24.54%,37.79%,0.418657,2026-09-23
COF,196.1,2026-09-25,2,Call,200.00,-1.99%,0.5,0.8,1,1427,169,8.44,30.20%,36.87%,0.240855,2026-09-23
META,744.1,2026-09-30,7,Put,700.00,-5.93%,4.8,5.1,5.45,3072,365,8.42,46.26%,50.12%,-0.177726,2026-09-23
TEM,76.59,2026-09-25,2,Call,79.00,-3.15%,1.09,1.2,1.2,3520,418,8.42,75.99%,92.81%,0.339587,2026-09-23
SCHW,99.5,2026-10-02,9,Put,97.00,-2.51%,0.48,0.67,0.76,1034,123,8.41,30.61%,25.69%,-0.252924,2026-09-23
NTSK,18.57,2026-11-20,58,Call,22.50,-21.16%,0.65,0.96,0.95,1017,121,8.4,71.46%,67.79%,0.290464,2026-09-23
FSLY,29.65,2026-10-16,23,Call,35.00,-18.04%,1.5,1.55,1.85,4391,525,8.36,109.74%,116.08%,0.33898,2026-09-23
STWD,14.7,2027-03-19,177,Put,14.00,-4.76%,0.65,0.71,1,3558,428,8.31,25.02%,23.23%,-0.418948,2026-09-23
CRWD,262.49,2026-10-02,9,Put,250.00,-4.76%,4,4.05,4.15,1602,193,8.3,56.80%,56.39%,-0.272811,2026-09-23
GOOG,334.98,2026-09-25,2,Call,342.50,-2.24%,1.28,1.3,1.35,2943,356,8.27,33.35%,39.79%,0.231957,2026-09-23
BHP,84.95,2027-01-15,114,Put,85.00,+0.06%,5.8,6.3,6.1,2097,255,8.22,34.32%,28.54%,-0.492506,2026-09-23
XIFR,10.67,2029-01-19,849,Call,12.00,-12.46%,2.7,2.75,2.85,1946,237,8.21,37.17%,90.38%,0.482484,2026-09-23
WMT,110.53,2027-09-17,359,Put,115.00,+4.04%,12.25,12.42,12.6,2028,248,8.18,25.08%,26.66%,-0.480498,2026-09-23
IONQ,42.54,2026-09-25,2,Call,43.00,-1.08%,0.82,0.9,0.89,12491,1537,8.13,74.15%,84.37%,0.445276,2026-09-23
HIMS,28.39,2026-10-02,9,Put,29.50,+3.91%,1.72,1.8,2.07,857,107,8.01,72.62%,70.63%,-0.611961,2026-09-23
SNDK,1816.57,2026-09-25,2,Put,"1,825.00",+0.46%,40.1,42,43.7,1191,149,7.99,74.71%,70.17%,-0.523885,2026-09-23
PURR,13.94,2027-01-15,114,Call,17.00,-21.95%,2.15,2.3,2.45,1349,169,7.98,105.35%,105.18%,0.491349,2026-09-23
META,744.1,2026-09-25,2,Put,742.50,-0.22%,13.9,14.47,14.7,1756,220,7.98,46.26%,69.03%,-0.471746,2026-09-23
AMD,614.61,2026-10-02,9,Call,627.50,-2.10%,14.2,14.38,14.85,1124,141,7.97,53.93%,51.64%,0.419316,2026-09-23
CIFR,18.35,2029-01-19,849,Call,15.00,+18.26%,9.6,11.13,11.6,4643,583,7.96,100.80%,88.72%,0.817665,2026-09-23
PLTR,191.79,2026-09-25,2,Call,192.50,-0.37%,2.73,2.79,2.81,39361,4946,7.96,52.28%,54.52%,0.473644,2026-09-23
NOW,140.78,2026-10-02,9,Call,146.00,-3.71%,2.83,2.85,2.95,1049,132,7.95,55.89%,56.02%,0.359761,2026-09-23
SNDK,1816.57,2026-09-25,2,Call,"1,830.00",-0.74%,30.2,31.6,32.8,1335,168,7.95,74.71%,69.96%,0.455316,2026-09-23
GOOGL,337.83,2026-09-25,2,Call,340.00,-0.64%,2.85,2.93,2.94,11232,1426,7.88,33.39%,38.53%,0.419441,2026-09-23
CGNX,58.19,2026-10-16,23,Put,50.00,-14.07%,0.15,0.3,0.35,848,108,7.85,49.98%,45.31%,-0.07963,2026-09-23
ABUS,4.85,2026-10-16,23,Put,5.00,+3.09%,0.3,0.35,0.4,964,123,7.84,124.81%,55.78%,-0.553913,2026-09-23
MU,1071.88,2026-09-25,2,Put,"1,080.00",+0.76%,21.55,21.8,22.4,5806,744,7.8,63.81%,55.82%,-0.562802,2026-09-23
FSLY,29.65,2026-10-02,9,Put,24.00,-19.06%,0.15,0.35,0.4,1090,140,7.79,109.74%,114.01%,-0.101094,2026-09-23
META,744.1,2026-09-25,2,Put,745.00,+0.12%,15.55,15.6,16.05,3452,444,7.77,46.26%,70.11%,-0.497703,2026-09-23
CBRS,205.24,2026-09-25,2,Call,235.00,-14.50%,0,0.22,0.3,4095,527,7.77,75.36%,93.89%,0.028046,2026-09-23
YELP,17.73,2026-10-16,23,Put,17.00,-4.12%,0.35,0.6,0.65,1249,161,7.76,51.78%,47.68%,-0.334195,2026-09-23
SKHY,189.28,2026-10-23,30,Call,240.00,-26.80%,1.62,2.04,2.13,805,104,7.74,60.62%,64.11%,0.118505,2026-09-23
AMZN,249.27,2026-09-25,2,Put,265.00,+6.31%,15.5,15.74,16,4390,567,7.74,32.86%,38.96%,-0.985841,2026-09-23
UBER,69.42,2026-09-25,2,Call,69.00,+0.61%,0.92,1,1.07,4702,609,7.72,35.81%,37.09%,0.595831,2026-09-23
FSLY,29.65,2026-09-25,2,Call,32.00,-7.93%,0.55,0.73,0.8,1428,185,7.72,109.74%,173.52%,0.298732,2026-09-23
RARE,14.88,2028-01-21,485,Call,22.50,-51.21%,3,3.01,3.1,10544,1369,7.7,56.82%,70.86%,0.489703,2026-09-23
RIOT,24.69,2027-03-19,177,Call,25.00,-1.26%,5.7,5.8,5.95,2793,363,7.69,82.35%,85.09%,0.621433,2026-09-23
GOOGL,337.83,2026-10-05,12,Call,350.00,-3.60%,3,3.2,3.65,1086,142,7.65,33.39%,31.54%,0.284505,2026-09-23
XP,20.88,2027-01-15,114,Call,23.00,-10.15%,1.45,1.75,1.75,1100,144,7.64,56.95%,51.89%,0.422717,2026-09-23
LRCX,307.28,2026-09-25,2,Put,272.50,-11.32%,0,0.11,0.14,816,107,7.63,59.57%,72.86%,-0.011998,2026-09-23
AMZN,249.27,2026-09-30,7,Put,242.50,-2.72%,1.33,1.39,1.43,916,120,7.63,32.86%,28.77%,-0.233446,2026-09-23
GNRC,199.42,2026-11-20,58,Put,170.00,-14.75%,5,4.9,5.5,916,120,7.63,50.37%,52.52%,-0.201664,2026-09-23
PSKY,9.96,2029-01-19,849,Call,10.00,-0.40%,3,3.36,4.05,5002,656,7.63,60.02%,59.45%,0.671078,2026-09-23
VKTX,41.65,2026-09-25,2,Put,41.00,-1.56%,0.8,1.03,1.68,974,128,7.61,77.07%,126.81%,-0.414322,2026-09-23
STWD,14.7,2026-12-18,86,Put,14.00,-4.76%,0.4,0.42,0.45,1030,136,7.57,25.02%,22.34%,-0.362451,2026-09-23
FSLY,29.65,2026-10-02,9,Call,30.00,-1.18%,2.1,2.5,2.5,3226,426,7.57,109.74%,131.83%,0.520508,2026-09-23
NKTR,57.66,2026-11-20,58,Call,70.00,-21.40%,2.55,3.22,4.7,771,102,7.56,75.64%,82.11%,0.341024,2026-09-23
GOOG,334.98,2026-09-25,2,Put,317.50,-5.22%,0.15,0.17,0.18,751,100,7.51,33.35%,41.65%,-0.03923,2026-09-23
RGTI,16,2026-10-02,9,Put,17.00,+6.25%,1.27,1.29,1.39,1014,135,7.51,72.23%,71.45%,-0.683102,2026-09-23
XYZ,74.68,2026-09-25,2,Call,75.00,-0.43%,0.87,0.97,1.06,749,100,7.49,42.35%,50.25%,0.463891,2026-09-23
CRWD,262.49,2026-09-25,2,Put,250.00,-4.76%,0.97,0.97,1,3143,420,7.48,56.80%,64.82%,-0.148191,2026-09-23
INTU,286.8,2026-09-25,2,Put,280.00,-2.37%,1.25,1.35,1.45,3551,475,7.48,47.49%,45.85%,-0.233507,2026-09-23
META,744.1,2026-09-25,2,Call,835.00,-12.22%,0.5,0.58,0.65,3198,433,7.39,46.26%,83.01%,0.032752,2026-09-23
TSLA,380.12,2026-09-30,7,Call,385.00,-1.28%,5.95,6.05,6.05,4605,625,7.37,41.52%,38.30%,0.420749,2026-09-23
NEE,77.02,2028-01-21,485,Put,65.00,-15.61%,3.05,3.1,3.35,2122,289,7.34,21.98%,25.50%,-0.213889,2026-09-23
KVYO,16.78,2026-10-16,23,Call,20.00,-19.19%,0.3,0.45,0.55,6928,947,7.32,79.98%,82.42%,0.231682,2026-09-23
CP,88.28,2026-10-16,23,Call,92.50,-4.78%,0.4,0.45,0.65,1007,138,7.3,20.04%,21.03%,0.205337,2026-09-23
FSLR,191.97,2026-09-25,2,Put,180.00,-6.24%,0.09,0.35,0.27,1751,240,7.3,51.21%,54.89%,-0.053726,2026-09-23
GOOG,334.98,2026-09-25,2,Call,335.00,-0.01%,3.65,3.7,3.85,5391,740,7.29,33.35%,37.68%,0.507545,2026-09-23
SMCI,41.44,2026-10-23,30,Put,37.00,-10.71%,1.38,1.4,1.44,790,109,7.25,74.61%,71.20%,-0.251067,2026-09-23
OKTA,205.36,2026-09-25,2,Call,215.00,-4.69%,1.24,1.07,1.72,1049,145,7.23,58.52%,77.97%,0.222905,2026-09-23
SMR,8.68,2026-10-16,23,Put,8.50,-2.07%,0.47,0.53,0.57,2404,333,7.22,78.10%,71.56%,-0.413942,2026-09-23
MSM,124.1,2026-10-16,23,Call,130.00,-4.75%,1.25,1.3,1.5,3034,421,7.21,30.38%,27.93%,0.268033,2026-09-23
JELD,1.8,2027-01-15,114,Call,2.5000,-38.89%,0.25,0.3,0.3,9247,1284,7.2,135.01%,117.59%,0.43976,2026-09-23
MCD,238.32,2026-10-09,16,Call,250.00,-4.90%,0.91,1.04,1.08,1021,142,7.19,22.78%,22.93%,0.166981,2026-09-23
JPM,337.53,2026-10-09,16,Call,355.00,-5.18%,0.87,1.02,1.16,1531,213,7.19,26.89%,21.17%,0.136515,2026-09-23
CRWD,262.49,2028-12-15,814,Call,45.00,+82.86%,219,224.3,229,1400,195,7.18,56.80%,74.94%,0.987103,2026-09-23
U,44.1,2026-09-25,2,Call,44.00,+0.23%,1.11,1.2,1.28,2527,353,7.16,63.82%,87.62%,0.52819,2026-09-23
META,744.1,2026-09-25,2,Put,755.00,+1.46%,20.3,21.44,21.9,4802,672,7.15,46.26%,68.27%,-0.602404,2026-09-23
INTC,122.6,2026-09-28,5,Call,121.00,+1.31%,4.1,4.1,4.35,845,119,7.1,68.17%,58.60%,0.592016,2026-09-23
ON,74.1,2026-10-02,9,Put,70.00,-5.53%,0.87,1.13,1.12,823,116,7.09,56.92%,56.65%,-0.24387,2026-09-23
DDOG,251.49,2026-09-25,2,Call,280.00,-11.34%,0.06,0.11,0.17,846,120,7.05,60.31%,71.83%,0.02336,2026-09-23
IONQ,42.54,2026-09-25,2,Put,40.50,-4.80%,0.24,0.3,0.31,1474,209,7.05,74.15%,79.60%,-0.193006,2026-09-23
META,744.1,2026-09-30,7,Put,745.00,+0.12%,20.3,21.04,21.5,766,109,7.03,46.26%,50.29%,-0.489855,2026-09-23
BAC,56,2026-10-23,30,Call,57.00,-1.79%,1.31,1.34,1.44,1125,160,7.03,27.82%,27.89%,0.434114,2026-09-23
AKAM,118.44,2026-09-25,2,Put,115.00,-2.90%,0.5,1.4,3.1,728,104,7,61.67%,94.07%,-0.322466,2026-09-23
META,744.1,2026-09-28,5,Call,747.50,-0.46%,15.8,16.65,17,917,131,7,46.26%,51.35%,0.48499,2026-09-23
GOOGL,337.83,2027-09-17,359,Call,345.00,-2.12%,50.4,51.64,53.05,1181,169,6.99,33.39%,37.00%,0.590779,2026-09-23
MU,1071.88,2026-09-25,2,Put,"1,065.00",-0.64%,14,14.45,14.5,1859,266,6.99,63.81%,55.68%,-0.428127,2026-09-23
AAPL,337.02,2026-09-30,7,Call,337.50,-0.14%,3.9,4.01,4.5,1254,180,6.97,24.13%,23.21%,0.497215,2026-09-23
AMD,614.61,2026-10-30,37,Call,625.00,-1.69%,36.85,38.05,38.6,793,114,6.96,53.93%,52.95%,0.503469,2026-09-23
PLTR,191.79,2026-10-02,9,Put,187.50,-2.24%,3.8,3.9,3.95,1007,145,6.94,52.28%,49.13%,-0.366063,2026-09-23
XOM,161.23,2026-10-09,16,Put,157.50,-2.31%,2.07,2.28,2.44,731,106,6.9,29.49%,29.08%,-0.335724,2026-09-23
META,744.1,2026-11-20,58,Put,735.00,-1.22%,48.3,48.75,49.4,986,143,6.9,46.26%,46.98%,-0.427258,2026-09-23
FSLY,29.65,2026-09-25,2,Call,31.00,-4.55%,0.75,0.9,1.2,1579,229,6.9,109.74%,173.84%,0.389715,2026-09-23
MCD,238.32,2026-10-02,9,Put,230.00,-3.49%,0.7,0.79,0.95,819,119,6.88,22.78%,24.16%,-0.168243,2026-09-23
VFC,13.52,2026-11-20,58,Put,11.00,-18.64%,0.19,0.23,0.4,1919,279,6.88,44.95%,59.13%,-0.157833,2026-09-23
U,44.1,2026-09-25,2,Call,46.00,-4.31%,0.45,0.5,0.5,1917,281,6.82,63.82%,89.39%,0.273819,2026-09-23
GOOGL,337.83,2026-10-02,9,Call,347.50,-2.86%,3.2,3.55,3.5,1725,254,6.79,33.39%,32.94%,0.307607,2026-09-23
OXY,57.36,2026-10-09,16,Put,54.00,-5.86%,0.39,0.44,0.64,1289,191,6.75,34.85%,36.64%,-0.201632,2026-09-23
NAVN,19.66,2026-10-16,23,Put,20.00,+1.73%,1.3,1.4,1.5,2986,444,6.73,64.41%,62.85%,-0.507279,2026-09-23
AAPL,337.02,2028-12-15,814,Put,390.00,+15.72%,69.4,70.9,72.85,710,106,6.7,24.13%,26.75%,-0.55592,2026-09-23
AMD,614.61,2026-10-02,9,Put,575.00,-6.44%,5.35,5.73,5.7,2702,405,6.67,53.93%,51.86%,-0.192334,2026-09-23
SNAP,5.29,2026-10-02,9,Call,5.00,+5.48%,0.36,0.38,0.39,1856,279,6.65,61.53%,59.89%,0.744356,2026-09-23
QCOM,197.24,2027-02-19,149,Put,180.00,-8.74%,15,16.45,16.8,1116,168,6.64,52.52%,50.83%,-0.318533,2026-09-23
META,744.1,2026-10-09,16,Call,755.00,-1.46%,25,25.5,25.8,846,128,6.61,46.26%,47.99%,0.468547,2026-09-23
W,99.5,2026-10-16,23,Call,110.00,-10.55%,1.93,2.2,2.5,872,132,6.61,60.82%,57.29%,0.271329,2026-09-23
YELP,17.73,2026-10-16,23,Put,18.00,+1.52%,0.8,0.98,1.05,1097,166,6.61,51.78%,44.99%,-0.524668,2026-09-23
SPCX,148.36,2026-09-25,2,Call,149.00,-0.43%,2.12,2.11,2.14,5453,829,6.58,50.22%,55.17%,0.468208,2026-09-23
QUBT,9.12,2026-11-20,58,Call,14.00,-53.51%,0.2,0.25,0.29,4827,735,6.57,69.35%,91.11%,0.163265,2026-09-23
CRCL,91.72,2026-09-25,2,Call,104.00,-13.39%,0.12,0.15,0.19,1698,259,6.56,75.46%,102.94%,0.053912,2026-09-23
META,744.1,2026-09-25,2,Put,760.00,+2.14%,23.25,24.95,26.4,3735,570,6.55,46.26%,70.69%,-0.646262,2026-09-23
META,744.1,2026-10-09,16,Call,840.00,-12.89%,5,5.53,5.6,661,101,6.54,46.26%,50.28%,0.139145,2026-09-23
AMZN,249.27,2026-09-25,2,Call,237.50,+4.72%,11.65,12.13,12.4,1939,297,6.53,32.86%,42.58%,0.940296,2026-09-23
PLTR,191.79,2029-01-19,849,Call,10.00,+94.79%,181.55,183.99,185.8,650,100,6.5,52.28%,113.87%,0.99576,2026-09-23
F,12.94,2026-10-02,9,Put,12.50,-3.40%,0.08,0.1,0.09,7220,1113,6.49,34.16%,30.64%,-0.229407,2026-09-23
WFC,81.9,2026-10-16,23,Call,83.00,-1.34%,2.24,2.21,2.47,1918,296,6.48,31.80%,34.43%,0.459318,2026-09-23
UMC,24.68,2027-01-15,114,Put,20.00,-18.96%,1.05,1.37,1.9,8002,1240,6.45,61.04%,67.03%,-0.225724,2026-09-23
MSTR,162.2,2026-09-25,2,Put,162.50,+0.18%,3.55,3.8,4,5273,820,6.43,69.98%,75.92%,-0.500688,2026-09-23
Z,28.65,2026-10-16,23,Call,32.50,-13.44%,0.4,0.42,0.5,5129,799,6.42,56.88%,56.19%,0.210102,2026-09-23
MU,1071.88,2026-09-25,2,Put,"1,090.00",+1.69%,27.75,29,28.75,2400,374,6.42,63.81%,56.01%,-0.648035,2026-09-23
ARM,332.56,2026-09-25,2,Put,330.00,-0.77%,6.85,7.05,7.45,1038,162,6.41,75.28%,85.85%,-0.437943,2026-09-23
META,744.1,2026-09-28,5,Put,740.00,-0.55%,14.7,15.1,15.5,806,126,6.4,46.26%,49.73%,-0.44788,2026-09-23
AMZN,249.27,2026-09-25,2,Call,230.00,+7.73%,19.05,19.38,20.7,1280,200,6.4,32.86%,79.69%,0.918812,2026-09-23
U,44.1,2026-10-16,23,Call,43.00,+2.49%,3.2,3.3,3.45,2092,327,6.4,63.82%,61.58%,0.601251,2026-09-23
PCG,12.41,2026-10-02,9,Put,12.50,+0.73%,0.19,0.31,0.4,6024,944,6.38,41.91%,32.17%,-0.543398,2026-09-23
INTC,122.6,2026-09-25,2,Call,122.00,+0.49%,3.05,3.1,3.15,10490,1643,6.38,68.17%,76.92%,0.546953,2026-09-23
MU,1071.88,2026-09-28,5,Call,"1,080.00",-0.76%,19.5,20.2,20.55,2433,382,6.37,63.81%,47.02%,0.460124,2026-09-23
BABA,110.8,2026-10-02,9,Put,104.00,-6.14%,0.41,0.45,0.5,863,136,6.35,41.57%,37.53%,-0.13444,2026-09-23
INTC,122.6,2026-09-30,7,Put,118.00,-3.75%,2.24,2.36,2.39,914,144,6.35,68.17%,63.97%,-0.314689,2026-09-23
SNDK,1816.57,2026-09-25,2,Call,"1,860.00",-2.39%,20.3,21,21.8,1371,217,6.32,74.71%,71.55%,0.338843,2026-09-23
META,744.1,2026-09-25,2,Call,800.00,-7.51%,2.25,2.29,2.43,34588,5482,6.31,46.26%,78.88%,0.113504,2026-09-23
STRA,78.24,2026-10-16,23,Call,85.00,-8.64%,0.2,0.4,0.4,1073,170,6.31,32.40%,27.00%,0.118567,2026-09-23
GOOG,334.98,2026-09-25,2,Call,347.50,-3.74%,0.62,0.65,0.69,8859,1406,6.3,33.35%,42.54%,0.126428,2026-09-23
TSLA,380.12,2026-09-25,2,Put,372.50,-2.00%,1.85,1.85,1.89,9032,1433,6.3,41.52%,42.84%,-0.254479,2026-09-23
APP,315.25,2026-09-25,2,Call,310.00,+1.67%,8.3,8.9,10.9,1260,201,6.27,60.25%,71.56%,0.635933,2026-09-23
SOFI,16.55,2029-01-19,849,Put,10.00,-39.58%,1.48,1.5,1.53,2110,339,6.22,49.48%,57.47%,-0.134811,2026-09-23
GOOGL,337.83,2026-10-02,9,Call,352.50,-4.34%,2.2,2.3,2.37,3541,571,6.2,33.39%,33.94%,0.225338,2026-09-23
CP,88.28,2026-11-20,58,Call,95.00,-7.61%,0.8,0.95,1.7,1001,162,6.18,20.04%,24.32%,0.255035,2026-09-23
GME,24.2,2026-10-02,9,Put,24.00,-0.83%,0.64,0.69,0.73,1823,296,6.16,52.63%,51.40%,-0.445057,2026-09-23
FSLY,29.65,2026-10-02,9,Call,27.00,+8.94%,3.5,4.1,4.6,1187,193,6.15,109.74%,140.58%,0.705025,2026-09-23
TSLA,380.12,2026-09-30,7,Put,380.00,-0.03%,7.6,7.72,7.75,2068,336,6.15,41.52%,37.44%,-0.482741,2026-09-23
NVTS,11.84,2026-10-16,23,Call,14.50,-22.47%,0.24,0.29,0.32,1031,168,6.14,84.20%,87.31%,0.210705,2026-09-23
IONQ,42.54,2026-09-25,2,Call,42.50,+0.09%,1.04,1.11,1.1,4710,768,6.13,74.15%,83.27%,0.519756,2026-09-23
CLMT,54.38,2026-10-16,23,Call,60.00,-10.33%,1.45,1.35,1.7,4098,673,6.09,62.74%,65.54%,0.301082,2026-09-23
MCD,238.32,2026-10-02,9,Put,235.00,-1.39%,1.77,2,2,807,133,6.07,22.78%,22.25%,-0.335583,2026-09-23
AMD,614.61,2026-09-28,5,Put,612.50,-0.34%,11.45,12.25,12.1,868,143,6.07,53.93%,45.18%,-0.460309,2026-09-23
RGC,5.98,2026-10-16,23,Put,5.00,-16.39%,0.2,0.34,0.5,769,127,6.06,209.33%,136.26%,-0.241794,2026-09-23
FSLY,29.65,2026-10-16,23,Put,26.00,-12.31%,1.4,1.3,1.6,621,103,6.03,109.74%,108.11%,-0.265146,2026-09-23
META,744.1,2026-10-16,23,Put,755.00,+1.46%,38.35,38.41,38.8,717,120,5.98,46.26%,44.91%,-0.523161,2026-09-23
CLS,361.84,2026-10-16,23,Call,450.00,-24.36%,2,3.3,5.6,699,117,5.97,65.54%,70.27%,0.128361,2026-09-23
INOD,71.99,2026-09-25,2,Call,75.00,-4.18%,1.55,1.75,2,985,165,5.97,92.62%,140.19%,0.366608,2026-09-23
TSLA,380.12,2026-09-25,2,Put,377.50,-0.69%,3.5,3.56,3.6,13649,2290,5.96,41.52%,42.70%,-0.40503,2026-09-23
GOOGL,337.83,2026-09-25,2,Call,347.50,-2.86%,0.99,1.02,1.02,4994,839,5.95,33.39%,41.07%,0.182297,2026-09-23
BB,8.38,2027-03-19,177,Call,7.00,+16.47%,2.3,2.36,2.57,2440,410,5.95,82.05%,74.71%,0.740479,2026-09-23
AAPL,337.02,2026-09-28,5,Call,337.50,-0.14%,3.05,3.21,3.4,2397,405,5.92,24.13%,21.47%,0.49016,2026-09-23
TSLA,380.12,2026-09-28,5,Call,385.00,-1.28%,4.2,4.25,4.3,4180,707,5.91,41.52%,35.36%,0.391773,2026-09-23
PLTR,191.79,2026-10-09,16,Call,225.00,-17.32%,0.68,0.67,0.75,1004,170,5.91,52.28%,51.60%,0.079494,2026-09-23
TSLA,380.12,2026-09-25,2,Call,387.50,-1.94%,2.23,2.26,2.27,18423,3125,5.9,41.52%,44.90%,0.289232,2026-09-23
SMCI,41.44,2026-09-25,2,Put,41.50,+0.14%,0.97,1,1.01,2969,506,5.87,74.61%,78.71%,-0.497104,2026-09-23
TSLA,380.12,2026-09-28,5,Call,392.50,-3.26%,2.15,2.17,2.2,897,153,5.86,41.52%,36.25%,0.235214,2026-09-23
PLTR,191.79,2026-09-25,2,Call,200.00,-4.28%,0.67,0.69,0.69,34384,5867,5.86,52.28%,56.33%,0.163681,2026-09-23
META,744.1,2026-09-28,5,Put,747.50,+0.46%,18.5,19.2,19.45,730,125,5.84,46.26%,49.97%,-0.516764,2026-09-23
JPM,337.53,2026-10-02,9,Call,345.00,-2.21%,2,2.05,2.41,1098,188,5.84,26.89%,23.55%,0.28785,2026-09-23
TSLA,380.12,2026-09-30,7,Call,382.50,-0.63%,6.95,6.9,7.1,2061,353,5.84,41.52%,38.13%,0.46904,2026-09-23
AVGO,354.99,2026-09-28,5,Call,360.00,-1.41%,2.72,3,3.2,1699,292,5.82,36.12%,30.07%,0.35628,2026-09-23
MSFT,500.59,2026-09-25,2,Call,512.50,-2.38%,0.93,0.96,1.1,9703,1671,5.81,27.90%,31.86%,0.164049,2026-09-23
CRM,237.58,2026-10-02,9,Call,252.50,-6.28%,1.53,1.78,1.71,1335,230,5.8,39.99%,42.33%,0.191721,2026-09-23
IONQ,42.54,2026-10-02,9,Call,46.00,-8.13%,0.8,0.84,0.94,1560,269,5.8,74.15%,78.09%,0.2848,2026-09-23
HUT,102.46,2026-11-20,58,Call,120.00,-17.12%,8.4,9.58,10.95,1553,268,5.79,90.49%,95.76%,0.41814,2026-09-23
FIGR,34.66,2026-10-02,9,Put,33.00,-4.79%,0.65,0.91,1.15,1721,297,5.79,77.69%,75.82%,-0.316071,2026-09-23
MU,1071.88,2026-09-25,2,Call,"1,090.00",-1.69%,10.65,10.8,11.2,4507,779,5.79,63.81%,58.00%,0.357881,2026-09-23
PLTR,191.79,2027-12-17,450,Call,370.00,-92.92%,16,16.3,16.85,925,160,5.78,52.28%,59.71%,0.28188,2026-09-23
CMG,32.71,2029-01-19,849,Put,25.00,-23.57%,2.65,2.91,3.15,1012,175,5.78,38.90%,40.85%,-0.193445,2026-09-23
WMB,71.11,2026-09-25,2,Call,72.00,-1.25%,0.15,0.4,0.5,1121,194,5.78,28.32%,32.09%,0.305118,2026-09-23
TSLA,380.12,2026-09-28,5,Call,397.50,-4.57%,1.32,1.33,1.36,1105,192,5.76,41.52%,36.92%,0.158428,2026-09-23
AUR,6.32,2026-10-23,30,Call,6.00,+5.06%,0.35,0.65,0.95,661,115,5.75,68.68%,65.57%,0.650914,2026-09-23
INTC,122.6,2026-10-02,9,Put,103.00,-15.99%,0.31,0.34,0.34,2014,350,5.75,68.17%,71.61%,-0.053431,2026-09-23
NOK,10.63,2026-10-23,30,Put,10.50,-1.22%,0.71,0.73,0.76,2965,516,5.75,58.57%,67.12%,-0.432356,2026-09-23
MSTR,162.2,2026-10-02,9,Put,144.00,-11.22%,1.08,1.13,1.19,1499,261,5.74,69.98%,69.29%,-0.123765,2026-09-23
CLSK,14.46,2026-10-02,9,Call,15.50,-7.19%,0.32,0.37,0.39,2908,507,5.74,75.13%,81.13%,0.317737,2026-09-23
MMM,170.3,2026-10-16,23,Call,175.00,-2.76%,2.11,2.22,2.55,4036,703,5.74,25.89%,24.28%,0.346111,2026-09-23
BHP,84.95,2027-01-15,114,Put,75.00,-11.71%,2.15,2.25,2.45,607,106,5.73,34.32%,32.01%,-0.23415,2026-09-23
AMD,614.61,2026-09-25,2,Put,592.50,-3.60%,2.55,2.81,2.71,963,168,5.73,53.93%,56.54%,-0.183799,2026-09-23
PANW,393.3,2026-09-25,2,Put,375.00,-4.65%,1.16,1.29,1.32,658,115,5.72,54.18%,60.25%,-0.136753,2026-09-23
CHYM,26.46,2026-10-16,23,Put,25.00,-5.52%,0.65,0.7,0.75,631,111,5.68,53.13%,51.40%,-0.301325,2026-09-23
GOOG,334.98,2026-10-02,9,Call,357.50,-6.72%,1.11,1.26,1.26,2165,381,5.68,33.35%,35.41%,0.130031,2026-09-23
SNDK,1816.57,2026-09-25,2,Call,"1,840.00",-1.29%,25.7,26.9,29.2,1152,203,5.67,74.71%,70.14%,0.414178,2026-09-23
U,44.1,2026-10-16,23,Call,50.00,-13.38%,0.94,0.95,1.01,8665,1527,5.67,63.82%,64.46%,0.248237,2026-09-23
BULL,7.65,2026-10-16,23,Put,8.00,+4.58%,0.57,0.6,0.68,944,167,5.65,58.79%,56.03%,-0.593445,2026-09-23
ASST,28.99,2026-11-20,58,Put,25.00,-13.76%,1.8,1.95,2.13,799,142,5.63,74.73%,86.21%,-0.268254,2026-09-23
WDC,473.69,2026-09-25,2,Put,460.00,-2.89%,4.6,5.65,5.55,827,147,5.63,70.65%,76.66%,-0.291692,2026-09-23
HON,212.57,2026-10-16,23,Call,225.00,-5.85%,1.3,1.75,1.9,579,103,5.62,26.76%,26.69%,0.205915,2026-09-23
AMZN,249.27,2026-09-25,2,Call,250.00,-0.29%,2.15,2.17,2.25,22581,4029,5.6,32.86%,34.24%,0.462435,2026-09-23
GME,24.2,2026-10-16,23,Call,25.50,-5.37%,0.9,0.94,1.07,857,153,5.6,52.63%,62.92%,0.396259,2026-09-23
MSFT,500.59,2026-10-05,12,Call,495.00,+1.12%,12,12,13.35,697,125,5.58,27.90%,25.87%,0.612068,2026-09-23
CLF,12.87,2029-01-19,849,Call,22.00,-70.94%,2.78,3,3.6,1016,182,5.58,64.83%,67.49%,0.503224,2026-09-23
AAPL,337.02,2026-09-30,7,Call,347.50,-3.11%,0.94,0.97,1.03,1083,194,5.58,24.13%,22.74%,0.174875,2026-09-23
INTC,122.6,2026-09-25,2,Call,124.00,-1.14%,2.12,2.1,2.16,8396,1504,5.58,68.17%,76.21%,0.432602,2026-09-23
AMZN,249.27,2026-09-28,5,Call,252.50,-1.30%,1.79,1.83,1.89,4786,860,5.57,32.86%,26.89%,0.35327,2026-09-23
META,744.1,2026-09-25,2,Call,747.50,-0.46%,14.05,14.28,14.85,4910,881,5.57,46.26%,72.78%,0.478446,2026-09-23
TSLA,380.12,2026-10-02,9,Call,397.50,-4.57%,4.55,4.65,4.65,1303,234,5.57,41.52%,45.56%,0.282377,2026-09-23
META,744.1,2026-09-25,2,Put,750.00,+0.79%,18,18.55,18.9,9897,1779,5.56,46.26%,69.79%,-0.549354,2026-09-23
CVS,85.86,2026-10-09,16,Call,94.00,-9.48%,0.19,0.25,0.35,653,118,5.53,32.31%,32.72%,0.099705,2026-09-23
IONQ,42.54,2026-09-25,2,Put,43.00,+1.08%,1.18,1.28,1.39,1289,233,5.53,74.15%,82.64%,-0.556669,2026-09-23
META,744.1,2026-09-25,2,Call,780.00,-4.82%,4.7,4.75,5,9781,1772,5.52,46.26%,76.01%,0.210149,2026-09-23
GOOGL,337.83,2026-10-02,9,Call,350.00,-3.60%,2.75,2.8,2.85,8256,1499,5.51,33.39%,33.61%,0.265181,2026-09-23
CRWD,262.49,2026-09-25,2,Call,272.50,-3.81%,1.58,1.68,1.72,2337,424,5.51,56.80%,65.51%,0.228659,2026-09-23
MSFT,500.59,2026-09-28,5,Call,510.00,-1.88%,2.15,2.26,2.5,3460,636,5.44,27.90%,24.58%,0.26828,2026-09-23
META,744.1,2026-09-25,2,Call,755.00,-1.46%,11.1,11.15,11.55,9105,1674,5.44,46.26%,72.91%,0.405604,2026-09-23
MSTR,162.2,2026-10-02,9,Put,157.50,-2.90%,4.5,4.67,4.8,662,122,5.43,69.98%,67.93%,-0.36821,2026-09-23
REAX,15.13,2027-04-16,205,Call,22.50,-48.71%,0.45,1.75,2.05,553,102,5.42,118.57%,68.39%,0.318656,2026-09-23
HOOD,122.7,2026-09-25,2,Put,124.00,+1.06%,3.2,3.35,3.35,4107,760,5.4,64.55%,71.03%,-0.567919,2026-09-23
RIOT,24.69,2027-01-15,114,Call,25.00,-1.26%,4.5,4.6,4.65,36743,6801,5.4,82.35%,83.78%,0.592971,2026-09-23
CMCSA,22.55,2026-10-23,30,Call,25.00,-10.86%,0.2,0.24,0.26,3714,690,5.38,31.17%,37.88%,0.181423,2026-09-23
SHAK,58.47,2028-01-21,485,Call,75.00,-28.27%,9.4,10.1,11.5,1029,192,5.36,52.22%,54.31%,0.503694,2026-09-23
META,744.1,2026-09-28,5,Call,775.00,-4.15%,6.95,7.35,7.85,1034,193,5.36,46.26%,53.21%,0.269483,2026-09-23
COST,904.7,2028-09-15,723,Call,"1,240.00",-37.06%,51,54.18,61,1056,197,5.36,24.18%,25.98%,0.313474,2026-09-23
MSTR,162.2,2026-10-02,9,Put,175.00,+7.89%,15.5,14.6,15.9,1486,277,5.36,69.98%,73.82%,-0.723434,2026-09-23
DINO,106.14,2026-10-16,23,Put,92.50,-12.85%,1.25,1.5,1.5,1502,280,5.36,59.23%,59.02%,-0.156084,2026-09-23
ORCL,144.56,2026-10-30,37,Call,145.00,-0.30%,9.25,9.4,10.1,603,113,5.34,50.01%,52.98%,0.531903,2026-09-23
VLO,375.84,2026-09-25,2,Put,360.00,-4.21%,1.6,2,2.05,1787,337,5.3,53.74%,65.56%,-0.180249,2026-09-23
TSLA,380.12,2026-09-25,2,Put,375.00,-1.35%,2.58,2.6,2.62,20430,3858,5.3,41.52%,42.62%,-0.325819,2026-09-23
BMO,170.37,2026-10-16,23,Put,170.00,-0.22%,2.95,3.2,3.4,1090,206,5.29,20.99%,20.02%,-0.467789,2026-09-23
GOOG,334.98,2026-10-09,16,Call,335.00,-0.01%,8.9,8.95,10.15,755,143,5.28,33.35%,33.16%,0.522571,2026-09-23
CHWY,18.55,2028-01-21,485,Put,20.00,+7.82%,4.5,4.6,5.15,3700,703,5.26,47.19%,53.26%,-0.409909,2026-09-23
META,744.1,2026-09-25,2,Put,737.50,-0.89%,11.65,12.12,12.5,1449,276,5.25,46.26%,69.52%,-0.419906,2026-09-23
META,744.1,2026-09-25,2,Call,840.00,-12.89%,0.47,0.52,0.52,1676,321,5.22,46.26%,84.38%,0.028303,2026-09-23
AMZN,249.27,2026-09-25,2,Call,225.00,+9.74%,24,24.5,24.75,1015,195,5.21,32.86%,63.50%,0.986344,2026-09-23
U,44.1,2026-10-02,9,Call,50.00,-13.38%,0.3,0.38,0.45,1147,220,5.21,63.82%,72.79%,0.150783,2026-09-23
NVDA,225.51,2026-09-30,7,Put,227.50,+0.88%,4.5,4.59,4.55,2059,395,5.21,33.01%,28.11%,-0.576941,2026-09-23
TSLA,380.12,2026-09-28,5,Call,435.00,-14.44%,0.1,0.11,0.11,3340,646,5.17,41.52%,51.14%,0.013422,2026-09-23
CIFR,18.35,2026-10-09,16,Put,19.00,+3.54%,1.46,1.75,1.92,681,132,5.16,100.80%,87.15%,-0.536978,2026-09-23
GEMI,5.63,2026-10-02,9,Put,5.50,-2.31%,0.25,0.31,0.35,722,140,5.16,97.06%,104.40%,-0.409309,2026-09-23
GOOGL,337.83,2026-09-28,5,Put,340.00,+0.64%,5.45,5.95,6,723,140,5.16,33.39%,29.35%,-0.562973,2026-09-23
BMNR,27.46,2026-10-02,9,Call,27.50,-0.15%,1.11,1.25,1.33,1317,255,5.16,74.77%,71.37%,0.520431,2026-09-23
IONQ,42.54,2026-09-25,2,Put,42.00,-1.27%,0.67,0.76,0.84,1456,282,5.16,74.15%,80.56%,-0.402413,2026-09-23
IONQ,42.54,2026-09-25,2,Call,46.00,-8.13%,0.2,0.2,0.24,6193,1201,5.16,74.15%,96.46%,0.145346,2026-09-23
EQPT,18.08,2026-10-16,23,Put,17.50,-3.21%,0.8,0.8,1.4,2059,400,5.15,86.89%,78.08%,-0.391851,2026-09-23
NKTR,57.66,2026-11-20,58,Put,55.00,-4.61%,4.3,4.5,6,637,124,5.14,75.64%,73.31%,-0.37266,2026-09-23
IONQ,42.54,2026-09-25,2,Call,44.50,-4.61%,0.4,0.5,0.48,2312,452,5.12,74.15%,90.66%,0.262843,2026-09-23
MU,1071.88,2026-09-28,5,Put,"1,070.00",-0.18%,21.55,22.08,22.65,1069,209,5.11,63.81%,46.55%,-0.473194,2026-09-23
CSCO,106.43,2026-10-09,16,Call,114.00,-7.11%,0.36,0.5,0.54,1084,212,5.11,33.79%,29.10%,0.139838,2026-09-23
PURR,13.94,2026-11-20,58,Call,16.00,-14.78%,1.4,1.72,1.75,1861,364,5.11,105.35%,103.30%,0.454784,2026-09-23
TSLA,380.12,2026-09-25,2,Call,392.50,-3.26%,1.22,1.24,1.25,14387,2815,5.11,41.52%,45.96%,0.179063,2026-09-23
NVO,38.17,2026-10-16,23,Put,37.00,-3.07%,0.57,0.58,0.6,4004,787,5.09,32.74%,28.40%,-0.318476,2026-09-23
BE,275.19,2026-10-02,9,Call,320.00,-16.28%,2.04,2.14,2.25,4152,815,5.09,79.20%,80.31%,0.130138,2026-09-23
BB,8.38,2026-09-25,2,Call,10.50,-25.30%,0.1,0.11,0.12,3245,639,5.08,82.05%,262.01%,0.143473,2026-09-23
QCOM,197.24,2026-10-02,9,Call,230.00,-16.61%,0.33,0.42,0.48,530,105,5.05,52.52%,59.03%,0.054134,2026-09-23
PLTR,191.79,2026-12-18,86,Put,190.00,-0.93%,18.55,18.71,18.85,1521,301,5.05,52.28%,55.33%,-0.422796,2026-09-23
PLTR,191.79,2026-09-25,2,Call,202.50,-5.58%,0.4,0.4,0.43,8535,1698,5.03,52.28%,57.87%,0.107066,2026-09-23
BAC,56,2026-10-16,23,Put,54.00,-3.57%,0.78,0.81,0.81,1130,225,5.02,27.82%,29.41%,-0.293712,2026-09-23
CCCC,3.08,2026-10-16,23,Put,3.00,-2.60%,0.15,0.25,0.3,1859,370,5.02,93.34%,87.65%,-0.405697,2026-09-23
APP,315.25,2026-09-25,2,Call,320.00,-1.51%,3.5,3.75,4,1995,398,5.01,60.25%,61.77%,0.382239,2026-09-23
COHR,300.6,2028-01-21,485,Call,460.00,-53.03%,65,68.95,73,500,100,5,73.77%,76.94%,0.511996,2026-09-23
PSX,256.48,2027-06-17,267,Put,210.00,-18.12%,14.1,14.1,17,815,163,5,44.39%,44.83%,-0.224471,2026-09-23
SNDK,1816.57,2026-09-25,2,Call,"1,820.00",-0.19%,33.6,35,37.2,1109,222,5,74.71%,68.74%,0.497028,2026-09-23
TSLA,380.12,2026-09-25,2,Put,367.50,-3.32%,0.9,0.93,0.93,7980,1597,5,41.52%,43.70%,-0.143195,2026-09-23
META,744.1,2026-09-25,2,Put,740.00,-0.55%,13.1,13.25,13.5,9027,1808,4.99,46.26%,69.94%,-0.445983,2026-09-23
LLY,1150.99,2026-11-20,58,Call,"1,240.00",-7.73%,36.65,38.35,41.6,629,126,4.99,34.38%,38.60%,0.35447,2026-09-23
MRNA,182.11,2026-10-30,37,Call,220.00,-20.81%,10.55,11.38,12.1,698,140,4.99,83.17%,101.59%,0.340796,2026-09-23
MRNA,182.11,2026-09-25,2,Put,182.50,+0.21%,4.3,4.5,5.05,1223,245,4.99,83.17%,83.52%,-0.500359,2026-09-23
GOOGL,337.83,2026-10-02,9,Call,360.00,-6.56%,1.24,1.24,1.34,15739,3167,4.97,33.39%,35.67%,0.137624,2026-09-23
ABT,103.49,2027-03-19,177,Call,110.00,-6.29%,5.6,5.9,6.1,3521,710,4.96,28.59%,28.56%,0.429581,2026-09-23
FSLY,29.65,2026-09-25,2,Call,33.00,-11.30%,0.45,0.5,0.8,3904,787,4.96,109.74%,198.35%,0.256456,2026-09-23
MU,1071.88,2026-09-25,2,Call,"1,075.00",-0.29%,15.85,16.75,17,5402,1090,4.96,63.81%,56.27%,0.482484,2026-09-23
GOOGL,337.83,2026-09-25,2,Put,335.00,-0.84%,2.3,2.32,2.43,10169,2052,4.96,33.39%,36.53%,-0.370331,2026-09-23
HOOD,122.7,2026-09-25,2,Call,128.00,-4.32%,0.84,0.87,0.89,6323,1277,4.95,64.55%,73.74%,0.228534,2026-09-23
MU,1071.88,2026-09-28,5,Call,"1,075.00",-0.29%,21.75,22.2,22.7,911,184,4.95,63.81%,46.87%,0.493616,2026-09-23
AAPL,337.02,2026-09-30,7,Call,340.00,-0.88%,2.78,3,3.2,2792,564,4.95,24.13%,22.59%,0.403608,2026-09-23
NBIS,226.61,2026-10-02,9,Call,235.00,-3.70%,7.65,7.9,7.9,4617,937,4.93,82.83%,78.91%,0.411476,2026-09-23
MCHP,75.53,2026-11-20,58,Call,80.00,-5.92%,4.4,4.6,4.9,821,167,4.92,49.68%,53.41%,0.438029,2026-09-23
SOUN,6.01,2026-11-20,58,Call,9.00,-49.75%,0.14,0.14,0.15,2284,464,4.92,64.74%,84.85%,0.157184,2026-09-23
AVGO,354.99,2026-09-28,5,Put,347.50,-2.11%,1.36,1.85,2.6,918,187,4.91,36.12%,29.72%,-0.260614,2026-09-23
IONQ,42.54,2026-09-25,2,Call,43.50,-2.26%,0.63,0.62,0.72,3685,750,4.91,74.15%,85.41%,0.375229,2026-09-23
GOOG,334.98,2026-10-30,37,Put,350.00,+4.48%,22.35,23.45,24.95,1074,219,4.9,33.35%,36.19%,-0.61968,2026-09-23
IONQ,42.54,2026-10-09,16,Call,43.00,-1.08%,2.16,2.43,2.51,1442,294,4.9,74.15%,70.77%,0.505184,2026-09-23
SHOP,142.34,2026-10-02,9,Call,165.00,-15.92%,0.4,0.42,0.75,714,146,4.89,57.25%,66.39%,0.087571,2026-09-23
Z,28.65,2026-10-16,23,Call,30.00,-4.71%,0.95,1,1.05,1075,220,4.89,56.88%,53.09%,0.397225,2026-09-23
VKTX,41.65,2026-09-25,2,Put,39.00,-6.36%,0.1,0.42,0.97,1693,347,4.88,77.07%,126.49%,-0.226319,2026-09-23
META,744.1,2026-09-25,2,Put,730.00,-1.89%,8.55,9.1,9.15,7812,1600,4.88,46.26%,68.46%,-0.342258,2026-09-23
GOOGL,337.83,2026-09-30,7,Call,352.50,-4.34%,1.44,1.58,1.72,872,179,4.87,33.39%,33.32%,0.188537,2026-09-23
TSLA,380.12,2026-10-02,9,Put,385.00,+1.28%,12.65,13,13.05,1465,301,4.87,41.52%,43.47%,-0.556641,2026-09-23
AVGO,354.99,2026-09-30,7,Call,380.00,-7.05%,0.72,0.75,0.9,2535,521,4.87,36.12%,36.81%,0.097082,2026-09-23
MSFT,500.59,2026-09-25,2,Call,505.00,-0.88%,2.68,2.68,2.95,21521,4425,4.86,27.90%,31.40%,0.360013,2026-09-23
MARA,13.35,2026-10-23,30,Call,17.00,-27.34%,0.32,0.35,0.36,2134,440,4.85,82.91%,87.18%,0.20353,2026-09-23
MSTR,162.2,2026-10-09,16,Put,162.50,+0.18%,9.15,9.3,9.45,513,106,4.84,69.98%,68.48%,-0.472882,2026-09-23
SNDK,1816.57,2026-09-25,2,Put,"1,810.00",-0.36%,32,32,35.5,625,129,4.84,74.71%,69.31%,-0.460282,2026-09-23
MU,1071.88,2026-09-25,2,Put,"1,025.00",-4.37%,3.3,3.55,3.5,1907,395,4.83,63.81%,57.83%,-0.142155,2026-09-23
META,744.1,2026-09-25,2,Call,737.50,+0.89%,17.8,19.33,19.55,2066,428,4.83,46.26%,68.87%,0.580876,2026-09-23
AMD,614.61,2026-09-25,2,Call,615.00,-0.06%,10,10.25,10.4,3935,816,4.82,53.93%,56.90%,0.504412,2026-09-23
TSLA,380.12,2026-09-25,2,Call,390.00,-2.60%,1.67,1.68,1.7,46114,9568,4.82,41.52%,45.51%,0.230052,2026-09-23
DELL,549.83,2026-09-25,2,Call,565.00,-2.76%,5.15,5.2,5.3,1550,322,4.81,60.85%,67.94%,0.304173,2026-09-23
PLTR,191.79,2026-10-02,9,Put,180.00,-6.15%,1.65,1.69,1.72,3245,675,4.81,52.28%,49.90%,-0.194928,2026-09-23
SNDK,1816.57,2026-09-25,2,Put,"1,860.00",+2.39%,62.7,65,66.7,629,131,4.8,74.71%,72.73%,-0.658823,2026-09-23
RPD,13.09,2026-10-16,23,Call,14.00,-6.95%,0.7,0.75,0.8,724,151,4.79,81.14%,83.93%,0.419927,2026-09-23
AMZN,249.27,2027-04-16,205,Put,190.00,-23.78%,4.45,4.55,4.75,1025,214,4.79,32.86%,37.47%,-0.118708,2026-09-23
FSLY,29.65,2026-09-25,2,Put,28.50,-3.88%,0.65,0.75,1,1149,241,4.77,109.74%,154.24%,-0.342656,2026-09-23
TSLA,380.12,2026-10-02,9,Put,377.50,-0.69%,8.9,8.95,9,2096,439,4.77,41.52%,43.66%,-0.441773,2026-09-23
SNDK,1816.57,2026-09-25,2,Put,"1,880.00",+3.49%,74.3,75,82.8,943,198,4.76,74.71%,71.81%,-0.731287,2026-09-23
GOOGL,337.83,2026-09-28,5,Call,345.00,-2.12%,2.14,2.2,2.45,1157,243,4.76,33.39%,31.63%,0.296151,2026-09-23
TSLA,380.12,2026-10-02,9,Put,380.00,-0.03%,10.1,10.2,10.25,5149,1083,4.75,41.52%,43.68%,-0.480135,2026-09-23
V,361.52,2026-12-18,86,Put,375.00,+3.73%,21.4,21.11,22.85,915,193,4.74,21.72%,22.39%,-0.597139,2026-09-23
NET,352.33,2027-03-19,177,Put,340.00,-3.50%,49.6,50.41,51.6,1004,212,4.74,62.29%,62.59%,-0.370026,2026-09-23
TSLA,380.12,2026-10-09,16,Call,382.50,-0.63%,12.3,12.35,12.5,904,191,4.73,41.52%,41.64%,0.496628,2026-09-23
BAC,56,2026-10-02,9,Call,57.00,-1.79%,0.44,0.45,0.49,2665,564,4.73,27.82%,24.52%,0.333405,2026-09-23
MRK,148.08,2026-10-16,23,Call,165.00,-11.43%,0.2,0.25,0.39,16481,3486,4.73,30.39%,27.82%,0.066756,2026-09-23
TSLA,380.12,2026-09-25,2,Call,385.00,-1.28%,2.96,3,3.05,51657,10915,4.73,41.52%,44.67%,0.358343,2026-09-23
AMD,614.61,2026-09-28,5,Call,610.00,+0.75%,15.2,15.1,16,1205,256,4.71,53.93%,45.43%,0.570726,2026-09-23
LQDA,67.49,2026-10-02,9,Call,75.00,-11.13%,1.1,1.52,1.8,2699,573,4.71,86.63%,93.23%,0.260754,2026-09-23
AVGO,354.99,2026-10-16,23,Put,337.50,-4.93%,5,5.11,5.3,555,118,4.7,36.12%,34.97%,-0.261307,2026-09-23
SHOP,142.34,2026-09-25,2,Put,136.00,-4.45%,0.55,0.58,0.69,628,134,4.69,57.25%,65.32%,-0.165884,2026-09-23
MU,1071.88,2026-09-28,5,Put,"1,050.00",-2.04%,13.15,13.55,13.6,1095,234,4.68,63.81%,46.13%,-0.338197,2026-09-23
HD,296.72,2027-12-17,450,Put,300.00,+1.11%,32.15,33.5,35.4,2295,491,4.67,26.88%,26.83%,-0.432815,2026-09-23
INTC,122.6,2026-09-25,2,Call,121.00,+1.31%,3.55,3.5,3.7,6286,1348,4.66,68.17%,76.12%,0.604376,2026-09-23
JANX,16.52,2027-01-15,114,Put,15.00,-9.20%,1.4,1.87,2.4,502,108,4.65,72.85%,76.75%,-0.321787,2026-09-23
NEE,77.02,2026-10-16,23,Call,81.00,-5.17%,0.32,0.4,0.41,660,142,4.65,21.98%,20.66%,0.173957,2026-09-23
VNOM,40.93,2026-10-16,23,Call,42.00,-2.61%,0.8,0.75,0.9,686,148,4.64,32.27%,32.31%,0.383331,2026-09-23
PLTR,191.79,2026-09-25,2,Call,190.00,+0.93%,4.05,4.1,4.15,44487,9611,4.63,52.28%,54.99%,0.601024,2026-09-23
AMZN,249.27,2026-09-25,2,Call,210.00,+15.75%,39.05,38.05,40.65,522,113,4.62,32.86%,143.03%,0.952944,2026-09-23
HUT,102.46,2026-11-20,58,Put,90.00,-12.16%,7.55,7.9,9.4,1535,332,4.62,90.49%,92.47%,-0.291088,2026-09-23
TSLA,380.12,2026-10-02,9,Put,382.50,+0.63%,11.45,11.75,11.65,659,143,4.61,41.52%,43.93%,-0.518112,2026-09-23
IONQ,42.54,2026-10-02,9,Call,48.00,-12.83%,0.48,0.59,0.59,885,192,4.61,74.15%,81.09%,0.190176,2026-09-23
CRWD,262.49,2026-09-25,2,Call,267.50,-1.91%,2.8,3,3.1,1960,425,4.61,56.80%,64.48%,0.356487,2026-09-23
NVDA,225.51,2026-09-30,7,Put,225.00,-0.23%,3.2,3.25,3.3,2644,574,4.61,33.01%,28.63%,-0.464046,2026-09-23
QMCO,25.97,2026-10-16,23,Call,30.00,-15.52%,1.05,1.41,1.5,1030,224,4.6,105.34%,101.31%,0.333412,2026-09-23
RKT,12.15,2028-01-21,485,Call,27.00,-122.22%,0.51,0.77,0.86,3241,708,4.58,58.36%,55.95%,0.204845,2026-09-23
U,44.1,2026-10-16,23,Call,44.00,+0.23%,2.7,2.85,2.9,2366,518,4.57,63.82%,61.23%,0.542831,2026-09-23
AMD,614.61,2026-09-25,2,Put,602.50,-1.97%,4.85,5.15,5.15,1512,333,4.54,53.93%,55.32%,-0.304661,2026-09-23
DOCU,69.49,2026-10-02,9,Call,69.00,+0.71%,2.01,2.19,2.63,507,112,4.53,45.18%,46.83%,0.558063,2026-09-23
APP,315.25,2026-10-02,9,Put,285.00,-9.60%,1.4,1.54,1.8,1287,284,4.53,60.25%,55.88%,-0.114379,2026-09-23
GOOG,334.98,2026-10-02,9,Put,322.50,-3.73%,2.07,2.15,2.18,588,130,4.52,33.35%,32.27%,-0.214628,2026-09-23
AMZN,249.27,2026-10-02,9,Call,247.50,+0.71%,5.65,5.9,5.9,1286,285,4.51,32.86%,30.25%,0.576916,2026-09-23
AMD,614.61,2026-09-25,2,Put,597.50,-2.78%,3.5,3.6,3.8,1615,358,4.51,53.93%,55.82%,-0.23928,2026-09-23
JOBY,6.25,2026-10-02,9,Call,6.50,-4.00%,0.17,0.19,0.2,7529,1679,4.48,65.37%,72.90%,0.390859,2026-09-23
WFC,81.9,2026-10-02,9,Call,85.00,-3.79%,0.36,0.42,0.45,986,220,4.48,31.80%,27.79%,0.205594,2026-09-23
MCD,238.32,2026-10-02,9,Call,250.00,-4.90%,0.4,0.49,0.55,1495,334,4.48,22.78%,24.34%,0.109731,2026-09-23
SNDK,1816.57,2026-09-25,2,Put,"1,850.00",+1.84%,55.1,55.3,59,2803,626,4.48,74.71%,70.67%,-0.625341,2026-09-23
META,744.1,2026-09-30,7,Call,760.00,-2.14%,14.45,14.65,15.2,1217,272,4.47,46.26%,52.14%,0.402365,2026-09-23
QS,4.91,2026-10-02,9,Call,5.00,-1.83%,0.1,0.15,0.19,941,211,4.46,70.44%,59.49%,0.445312,2026-09-23
SFIX,2.82,2026-10-16,23,Put,2.50,-11.35%,0.1,0.17,0.2,946,212,4.46,103.24%,107.00%,-0.277411,2026-09-23
CRWD,262.49,2026-11-20,58,Call,350.00,-33.34%,4.15,4.27,4.4,949,213,4.46,56.80%,60.17%,0.146095,2026-09-23
ONON,30.16,2026-10-16,23,Call,32.00,-6.10%,0.52,0.55,0.63,614,138,4.45,44.42%,40.74%,0.307122,2026-09-23
BKNG,155.9,2027-03-19,177,Put,140.00,-10.20%,8.6,9.5,10.1,1218,275,4.43,39.60%,41.28%,-0.286759,2026-09-23
CRWD,262.49,2026-09-25,2,Put,252.50,-3.81%,1.3,1.39,1.5,1454,328,4.43,56.80%,63.87%,-0.198098,2026-09-23
BABA,110.8,2026-10-30,37,Call,125.00,-12.82%,1.63,1.8,1.85,592,134,4.42,41.57%,43.64%,0.212256,2026-09-23
GOOGL,337.83,2027-04-16,205,Put,270.00,-20.08%,7.05,7.45,7.75,840,190,4.42,33.39%,35.03%,-0.144675,2026-09-23
CRWD,262.49,2026-09-25,2,Call,277.50,-5.72%,0.88,0.9,0.94,1617,366,4.42,56.80%,67.51%,0.139281,2026-09-23
TSLA,380.12,2026-09-28,5,Call,407.50,-7.20%,0.5,0.51,0.52,631,143,4.41,41.52%,38.96%,0.068014,2026-09-23
NEE,77.02,2026-10-16,23,Call,82.00,-6.47%,0.19,0.22,0.3,896,203,4.41,21.98%,21.02%,0.124266,2026-09-23
CIEN,355.91,2026-10-09,16,Put,350.00,-1.66%,14.3,15,19.2,1032,234,4.41,63.12%,67.28%,-0.421103,2026-09-23
PURR,13.94,2027-01-15,114,Call,16.00,-14.78%,2.25,2.57,2.65,1260,286,4.41,105.35%,100.83%,0.523995,2026-09-23
MRNA,182.11,2026-09-25,2,Put,185.00,+1.59%,5.5,6.2,6.6,867,197,4.4,83.17%,82.64%,-0.58869,2026-09-23
AMZN,249.27,2027-04-16,205,Call,320.00,-28.37%,7.9,8.2,8.2,641,146,4.39,32.86%,35.35%,0.235694,2026-09-23
PLTR,191.79,2026-10-02,9,Call,205.00,-6.89%,1.75,1.8,1.84,4511,1032,4.37,52.28%,50.47%,0.21512,2026-09-23
GOOGL,337.83,2026-09-25,2,Call,375.00,-11.00%,0.08,0.1,0.12,13796,3158,4.37,33.39%,65.73%,0.017141,2026-09-23
BHF,51.99,2027-02-19,149,Call,65.00,-25.02%,1.25,1.25,2.05,4035,927,4.35,50.48%,39.15%,0.241929,2026-09-23
AMZN,249.27,2026-09-28,5,Call,255.00,-2.30%,1.07,1.12,1.18,4928,1134,4.35,32.86%,26.91%,0.245388,2026-09-23
AMD,614.61,2026-09-28,5,Put,590.00,-4.00%,3.85,4,4.3,2020,464,4.35,53.93%,45.79%,-0.212354,2026-09-23
PG,147.39,2026-12-18,86,Put,160.00,+8.56%,13.05,13.57,16.05,611,141,4.33,19.05%,22.73%,-0.750763,2026-09-23
CBRS,205.24,2026-09-25,2,Call,240.00,-16.94%,0.05,0.15,0.5,2067,477,4.33,75.36%,117.26%,0.039495,2026-09-23
AMD,614.61,2026-11-20,58,Call,690.00,-12.27%,30.95,31.25,33,1451,336,4.32,53.93%,59.23%,0.364918,2026-09-23
CRCL,91.72,2026-09-25,2,Put,92.50,+0.85%,2.5,2.3,2.81,837,194,4.31,75.46%,82.86%,-0.541684,2026-09-23
PANW,393.3,2026-09-25,2,Put,352.50,-10.37%,0.01,0.11,0.2,753,175,4.3,54.18%,68.75%,-0.014584,2026-09-23
GOOGL,337.83,2026-10-30,37,Put,340.00,+0.64%,16.05,16.15,16.55,1302,303,4.3,33.39%,36.69%,-0.489114,2026-09-23
ENTG,150.93,2026-10-16,23,Call,160.00,-6.01%,3.9,5.9,6.6,2977,694,4.29,63.60%,57.54%,0.375908,2026-09-23
META,744.1,2026-09-30,7,Put,750.00,+0.79%,23.05,23.6,24,557,130,4.28,46.26%,50.15%,-0.528418,2026-09-23
W,99.5,2026-11-20,58,Put,95.00,-4.52%,6.85,8.2,9.35,624,146,4.27,60.82%,67.78%,-0.372643,2026-09-23
MSFT,500.59,2026-10-30,37,Call,580.00,-15.86%,1.8,2.1,2.3,1058,248,4.27,27.90%,32.39%,0.089349,2026-09-23
LTH,39.67,2027-01-15,114,Put,35.00,-11.77%,1.55,1.8,1.95,2501,586,4.27,44.53%,45.52%,-0.254103,2026-09-23
PAYX,104.49,2026-10-16,23,Put,100.00,-4.30%,1,1.07,1.3,898,211,4.26,29.61%,27.77%,-0.253912,2026-09-23
MSFT,500.59,2026-09-25,2,Call,520.00,-3.88%,0.32,0.34,0.35,15248,3580,4.26,27.90%,33.21%,0.063222,2026-09-23
META,744.1,2026-09-25,2,Call,760.00,-2.14%,9.4,9.6,9.95,13767,3240,4.25,46.26%,73.68%,0.360599,2026-09-23
O,55.61,2026-11-20,58,Put,52.50,-5.59%,0.55,0.59,0.6,791,186,4.25,17.47%,20.32%,-0.215489,2026-09-23
SPCX,148.36,2027-02-19,149,Put,140.00,-5.63%,14.15,14.34,14.65,2805,663,4.23,50.22%,52.74%,-0.352967,2026-09-23
SNDK,1816.57,2026-09-25,2,Put,"1,800.00",-0.91%,28.1,29.25,30.9,3163,748,4.23,74.71%,69.96%,-0.418267,2026-09-23
AXSM,193.45,2026-10-16,23,Call,210.00,-8.56%,2.1,3.04,4,644,153,4.21,42.65%,43.92%,0.252282,2026-09-23
TSLA,380.12,2026-09-28,5,Put,357.50,-5.95%,0.55,0.58,0.58,896,213,4.21,41.52%,37.24%,-0.074842,2026-09-23
KO,88.09,2026-10-09,16,Put,87.00,-1.24%,0.57,0.91,0.94,1165,277,4.21,19.19%,17.02%,-0.350582,2026-09-23
TSLA,380.12,2026-10-09,16,Put,380.00,-0.03%,12.55,12.64,12.7,1364,324,4.21,41.52%,40.88%,-0.475301,2026-09-23
NVO,38.17,2029-01-19,849,Call,50.00,-30.99%,6.3,6.4,6.45,532,127,4.19,32.74%,44.92%,0.451824,2026-09-23
AVGO,354.99,2026-09-25,2,Put,352.50,-0.70%,2.42,2.5,2.63,2645,632,4.19,36.12%,35.02%,-0.385804,2026-09-23
TSLA,380.12,2026-09-28,5,Call,390.00,-2.60%,2.7,2.7,2.77,4676,1118,4.18,41.52%,35.89%,0.281884,2026-09-23
CENX,38.82,2026-10-16,23,Call,40.00,-3.04%,1.3,2,2.1,1046,250,4.18,57.06%,55.98%,0.449038,2026-09-23
CIFR,18.35,2026-11-20,58,Put,17.00,-7.36%,2.1,2.14,2.16,2117,506,4.18,100.80%,100.34%,-0.343311,2026-09-23
U,44.1,2026-09-25,2,Call,47.00,-6.58%,0.26,0.35,0.32,1134,272,4.17,63.82%,91.61%,0.183471,2026-09-23
ZS,214.45,2026-09-25,2,Put,210.00,-2.08%,1.7,2.13,2.13,545,131,4.16,55.64%,59.68%,-0.308166,2026-09-23
U,44.1,2026-10-02,9,Call,46.00,-4.31%,1.07,1.13,1.23,595,143,4.16,63.82%,68.76%,0.371503,2026-09-23
NVDA,225.51,2026-10-05,12,Put,220.00,-2.44%,2.32,2.38,2.5,674,162,4.16,33.01%,29.41%,-0.305414,2026-09-23
NXT,81.81,2026-10-16,23,Put,80.00,-2.21%,3.4,3.8,4.2,759,183,4.15,64.02%,58.44%,-0.405458,2026-09-23
THRM,35.25,2026-10-16,23,Put,35.00,-0.71%,1.35,1.83,2.05,1026,247,4.15,53.41%,52.92%,-0.44651,2026-09-23
GOOGL,337.83,2026-10-02,9,Put,332.50,-1.58%,3.4,4.15,4.4,662,160,4.14,33.39%,30.06%,-0.353232,2026-09-23
META,744.1,2026-10-02,9,Call,760.00,-2.14%,17.15,17.53,18.05,2167,524,4.14,46.26%,51.97%,0.417806,2026-09-23
AKAM,118.44,2026-11-20,58,Put,110.00,-7.13%,7.1,8.42,9.8,922,223,4.13,61.67%,69.01%,-0.335463,2026-09-23
PTON,4.8,2027-04-16,205,Call,7.00,-45.83%,0.26,0.3,0.36,1664,403,4.13,57.91%,59.78%,0.28608,2026-09-23
META,744.1,2026-09-25,2,Call,830.00,-11.54%,0.6,0.75,0.75,3364,814,4.13,46.26%,81.74%,0.038191,2026-09-23
AMD,614.61,2026-10-02,9,Put,572.50,-6.85%,4.8,5.35,5.25,523,127,4.12,53.93%,51.94%,-0.178352,2026-09-23
NVO,38.17,2026-10-02,9,Put,38.50,+0.86%,0.8,0.87,0.93,589,143,4.12,32.74%,28.60%,-0.567285,2026-09-23
DVN,48.04,2026-10-09,16,Call,52.00,-8.24%,0.25,0.32,0.49,730,177,4.12,36.58%,39.24%,0.179496,2026-09-23
WFC,81.9,2026-09-25,2,Put,82.00,+0.12%,0.7,0.77,0.85,1262,306,4.12,31.80%,30.05%,-0.516227,2026-09-23
PURR,13.94,2026-11-20,58,Call,17.00,-21.95%,1.35,1.4,1.8,2337,569,4.11,105.35%,115.91%,0.426656,2026-09-23
META,744.1,2026-10-02,9,Put,760.00,+2.14%,31.45,31.8,33,553,135,4.1,46.26%,50.52%,-0.586577,2026-09-23
MRNA,182.11,2026-09-25,2,Put,165.00,-9.40%,0.22,0.32,0.37,2539,619,4.1,83.17%,86.56%,-0.057637,2026-09-23
GOOGL,337.83,2026-09-25,2,Put,337.50,-0.10%,3.3,3.5,3.5,5217,1279,4.08,33.39%,36.02%,-0.477639,2026-09-23
TSLA,380.12,2026-09-25,2,Call,380.00,+0.03%,5,5,5.1,52310,12826,4.08,41.52%,44.10%,0.512974,2026-09-23
AMZN,249.27,2026-09-28,5,Put,247.50,-0.71%,1.89,2.23,2.29,1380,338,4.08,32.86%,25.34%,-0.393546,2026-09-23
BILI,15.01,2027-01-15,114,Call,15.00,+0.07%,1.61,1.78,2.01,8760,2154,4.07,46.87%,51.51%,0.575892,2026-09-23
INTC,122.6,2026-10-23,30,Call,155.00,-26.43%,2.36,2.4,2.48,943,233,4.05,68.17%,78.38%,0.179168,2026-09-23
DKNG,21.25,2026-09-25,2,Call,21.00,+1.18%,0.44,0.53,0.63,964,238,4.05,58.31%,63.30%,0.610489,2026-09-23
TRIP,8.04,2027-01-15,114,Put,7.00,-12.94%,0.35,0.35,0.6,977,242,4.04,52.82%,56.08%,-0.263554,2026-09-23
ONDS,7.4,2026-10-09,16,Call,7.50,-1.35%,0.35,0.4,0.4,4354,1079,4.04,72.93%,67.16%,0.494791,2026-09-23
MU,1071.88,2026-09-25,2,Call,"1,080.00",-0.76%,14,14.47,14.95,8038,1990,4.04,63.81%,57.13%,0.439448,2026-09-23
GOOGL,337.83,2026-09-28,5,Call,350.00,-3.60%,1.19,1.25,1.4,1748,434,4.03,33.39%,32.72%,0.186145,2026-09-23
SNAP,5.29,2027-04-16,205,Put,4.00,-24.39%,0.32,0.37,0.39,1737,432,4.02,61.53%,64.75%,-0.195127,2026-09-23
AMZN,249.27,2026-09-28,5,Put,245.00,-1.71%,1.29,1.43,1.51,2620,652,4.02,32.86%,27.00%,-0.281863,2026-09-23
PEP,130.18,2026-10-02,9,Put,130.00,-0.14%,1.3,1.54,1.76,1722,430,4,25.15%,19.77%,-0.477279,2026-09-23
IONQ,42.54,2026-10-16,23,Call,46.00,-8.13%,1.76,1.82,1.94,595,149,3.99,74.15%,73.62%,0.375419,2026-09-23
LRCX,307.28,2026-09-25,2,Put,295.00,-4.00%,1.59,1.72,1.84,793,199,3.98,59.57%,67.01%,-0.197521,2026-09-23
ASND,223.13,2026-10-16,23,Call,250.00,-12.04%,1,2.4,2.4,1157,291,3.98,41.55%,40.78%,0.150194,2026-09-23
WDC,473.69,2026-09-25,2,Put,450.00,-5.00%,2.49,2.65,3.5,1349,340,3.97,70.65%,81.00%,-0.187037,2026-09-23
NEXA,12.78,2026-10-16,23,Put,12.50,-2.19%,0.45,0.7,0.7,1545,390,3.96,61.71%,55.90%,-0.4092,2026-09-23
META,744.1,2026-09-28,5,Call,755.00,-1.46%,13,13.47,14,1548,391,3.96,46.26%,52.27%,0.421076,2026-09-23
AVGO,354.99,2026-09-25,2,Call,357.50,-0.71%,2.61,2.76,2.97,2175,549,3.96,36.12%,37.00%,0.406216,2026-09-23
ZVRA,11.32,2027-12-17,450,Put,10.00,-11.66%,1.5,2.22,2.65,3080,778,3.96,72.08%,63.51%,-0.28126,2026-09-23
AMZN,249.27,2026-09-30,7,Call,252.50,-1.30%,2.53,2.66,2.72,514,130,3.95,32.86%,28.59%,0.387233,2026-09-23
NVDA,225.51,2026-09-28,5,Call,240.00,-6.43%,0.1,0.1,0.11,4543,1149,3.95,33.01%,28.90%,0.035149,2026-09-23
NU,13.62,2026-09-25,2,Call,13.50,+0.88%,0.23,0.24,0.27,1103,280,3.94,48.31%,45.46%,0.612634,2026-09-23
PCG,12.41,2026-09-25,2,Call,12.00,+3.30%,0.34,0.43,0.49,590,150,3.93,41.91%,25.67%,0.962713,2026-09-23
HOOD,122.7,2026-09-25,2,Put,123.00,+0.24%,2.66,2.75,2.76,3174,810,3.92,64.55%,70.84%,-0.506816,2026-09-23
MU,1071.88,2026-09-25,2,Call,"1,110.00",-3.56%,5.5,5.75,5.9,3493,894,3.91,63.81%,58.69%,0.218315,2026-09-23
NOW,140.78,2027-06-17,267,Call,180.00,-27.86%,16,16.16,16.35,3576,914,3.91,55.89%,56.67%,0.42055,2026-09-23
GOOG,334.98,2026-09-25,2,Call,340.00,-1.50%,1.86,1.86,1.94,9221,2356,3.91,33.35%,38.98%,0.310557,2026-09-23
META,744.1,2026-09-30,7,Call,745.00,-0.12%,20,20.88,21,616,158,3.9,46.26%,50.34%,0.510917,2026-09-23
P,109.65,2027-01-15,114,Call,150.00,-36.80%,5.3,5.9,7.8,1394,357,3.9,68.74%,71.34%,0.289775,2026-09-23
CVX,205.51,2026-09-25,2,Put,207.50,+0.97%,2.76,3.3,3.55,1211,312,3.88,27.79%,32.94%,-0.648775,2026-09-23
SMCI,41.44,2026-10-23,30,Put,32.00,-22.78%,0.38,0.42,0.41,1497,386,3.88,74.61%,73.58%,-0.089305,2026-09-23
BB,8.38,2026-11-20,58,Call,10.00,-19.33%,0.47,0.54,0.53,1592,411,3.87,82.05%,76.62%,0.342617,2026-09-23
PLTR,191.79,2026-09-25,2,Call,195.00,-1.67%,1.76,1.8,1.82,52740,13624,3.87,52.28%,54.67%,0.350231,2026-09-23
GOOG,334.98,2026-09-25,2,Put,337.50,+0.75%,4.95,5.13,5.2,3865,1002,3.86,33.35%,37.42%,-0.599242,2026-09-23
GOOGL,337.83,2026-09-25,2,Call,345.00,-2.12%,1.39,1.45,1.58,9232,2391,3.86,33.39%,40.60%,0.249108,2026-09-23
RGTI,16,2026-09-25,2,Put,17.50,+9.38%,1.25,1.73,1.81,544,141,3.86,72.23%,85.28%,-0.916992,2026-09-23
AMD,614.61,2026-10-16,23,Call,100.00,+83.73%,510.4,513.77,518.8,860,223,3.86,53.93%,202.16%,0.999937,2026-09-23
PEP,130.18,2026-10-02,9,Put,129.00,-0.91%,1.01,1.15,1.28,1755,456,3.85,25.15%,20.49%,-0.383614,2026-09-23
GME,24.2,2026-09-25,2,Put,23.50,-2.89%,0.14,0.16,0.17,4397,1141,3.85,52.63%,58.71%,-0.243621,2026-09-23
INTR,5.24,2027-04-16,205,Put,5.00,-4.58%,0.6,0.67,0.75,4682,1215,3.85,70.64%,49.94%,-0.38245,2026-09-23
META,744.1,2026-09-28,5,Call,750.00,-0.79%,15,15.3,15.9,2477,645,3.84,46.26%,51.86%,0.463469,2026-09-23
AMZN,249.27,2026-10-23,30,Call,245.00,+1.71%,11,11.34,11.55,525,137,3.83,32.86%,30.14%,0.610637,2026-09-23
AAPL,337.02,2026-09-28,5,Put,315.00,-6.53%,0.01,0.1,0.11,632,165,3.83,24.13%,27.16%,-0.015553,2026-09-23
GOOGL,337.83,2026-09-25,2,Put,330.00,-2.32%,0.93,0.98,1,6831,1783,3.83,33.39%,36.74%,-0.188758,2026-09-23
LOW,191.36,2027-09-17,359,Call,240.00,-25.42%,7.3,9.3,10.9,500,131,3.82,29.37%,30.68%,0.287906,2026-09-23
VKTX,41.65,2026-09-25,2,Call,42.50,-2.04%,0.87,1.02,1.51,577,151,3.82,77.07%,126.82%,0.434064,2026-09-23
AMZN,249.27,2029-01-19,849,Call,380.00,-52.45%,29,29.2,29.65,1051,275,3.82,32.86%,37.02%,0.393397,2026-09-23
BHF,51.99,2027-02-19,149,Call,60.00,-15.41%,2.5,3.12,4.4,1500,393,3.82,50.48%,45.08%,0.384135,2026-09-23
META,744.1,2026-10-02,9,Put,745.00,+0.12%,23,23.5,24,757,199,3.8,46.26%,50.08%,-0.486875,2026-09-23
FSLY,29.65,2026-09-25,2,Call,27.00,+8.94%,2.8,3.34,3.4,7586,1995,3.8,109.74%,165.91%,0.795483,2026-09-23
SPCX,148.36,2026-09-25,2,Call,152.50,-2.79%,0.92,0.93,0.95,21848,5749,3.8,50.22%,55.46%,0.259511,2026-09-23
SNDK,1816.57,2026-09-25,2,Call,"1,900.00",-4.59%,11.3,12.1,12.8,5866,1547,3.79,74.71%,74.40%,0.216522,2026-09-23
IEP,7.09,2026-12-18,86,Call,6.00,+15.37%,1.1,1.1,1.2,546,144,3.79,35.87%,47.58%,0.823645,2026-09-23
UPS,95.82,2026-10-30,37,Put,90.00,-6.07%,1.55,1.65,1.8,617,163,3.79,28.75%,32.60%,-0.262649,2026-09-23
SNDK,1816.57,2026-09-25,2,Put,"1,820.00",+0.19%,38.5,39.2,39.9,928,245,3.79,74.71%,70.11%,-0.502828,2026-09-23
PLTR,191.79,2026-10-02,9,Put,185.00,-3.54%,2.93,3.02,3.05,3045,806,3.78,52.28%,49.32%,-0.303327,2026-09-23
INFQ,13.83,2026-09-25,2,Put,13.50,-2.39%,0.25,0.33,0.35,1153,306,3.77,86.86%,110.75%,-0.367743,2026-09-23
AMD,614.61,2026-09-25,2,Put,587.50,-4.41%,1.85,1.96,1.96,1068,285,3.75,53.93%,57.73%,-0.139718,2026-09-23
NVO,38.17,2026-09-25,2,Call,39.00,-2.17%,0.12,0.14,0.15,1395,372,3.75,32.74%,37.58%,0.22355,2026-09-23
INTC,122.6,2026-09-30,7,Put,120.00,-2.12%,3,3.2,3.1,1869,498,3.75,68.17%,63.51%,-0.384319,2026-09-23
MGM,37.85,2026-10-16,23,Call,47.00,-24.17%,0.15,0.3,0.4,4255,1141,3.73,55.06%,63.31%,0.102454,2026-09-23
META,744.1,2026-09-25,2,Call,825.00,-10.87%,0.8,0.8,0.87,4996,1344,3.72,46.26%,81.24%,0.046199,2026-09-23
BE,275.19,2026-09-25,2,Put,282.50,+2.66%,11.05,11.2,11.45,504,136,3.71,79.20%,85.44%,-0.648251,2026-09-23
OKTA,205.36,2026-09-25,2,Call,207.50,-1.04%,3.3,3.5,3.95,956,258,3.71,58.52%,75.43%,0.438822,2026-09-23
RGTI,16,2026-10-02,9,Put,16.00,0.00%,0.62,0.67,0.7,1138,307,3.71,72.23%,66.82%,-0.474993,2026-09-23
AXTI,72.98,2026-09-25,2,Put,60.00,-17.79%,0,0.1,0.15,3027,816,3.71,107.41%,139.24%,-0.025385,2026-09-23
TTD,12.68,2026-10-02,9,Call,12.50,+1.42%,0.5,0.55,0.6,644,174,3.7,61.90%,56.78%,0.585393,2026-09-23
META,744.1,2026-09-25,2,Put,732.50,-1.56%,9.8,10.05,10.4,789,214,3.69,46.26%,69.98%,-0.369735,2026-09-23
HUM,374.78,2027-01-15,114,Put,110.00,-70.65%,0,0.15,0.15,2300,623,3.69,64.72%,79.87%,-0.001391,2026-09-23
PLTR,191.79,2026-10-02,9,Call,202.50,-5.58%,2.24,2.28,2.3,2355,639,3.69,52.28%,49.85%,0.260139,2026-09-23
INTC,122.6,2026-10-16,23,Put,121.00,-1.31%,7,7.1,7.15,825,224,3.68,68.17%,65.39%,-0.431363,2026-09-23
TSLA,380.12,2026-09-28,5,Call,400.00,-5.23%,1.03,1.04,1.06,6388,1737,3.68,41.52%,37.30%,0.12843,2026-09-23
INOD,71.99,2026-10-02,9,Call,85.00,-18.07%,0.55,1.4,1.6,948,258,3.67,92.62%,105.23%,0.179557,2026-09-23
UNH,371.29,2026-10-02,9,Put,370.00,-0.35%,5.9,6.15,6.55,1290,352,3.66,40.18%,29.76%,-0.458392,2026-09-23
SNDK,1816.57,2026-09-25,2,Call,"1,920.00",-5.69%,8.7,10.1,10.3,1545,422,3.66,74.71%,77.22%,0.174501,2026-09-23
IONQ,42.54,2026-09-25,2,Call,44.00,-3.43%,0.49,0.58,0.58,4480,1226,3.65,74.15%,87.15%,0.312919,2026-09-23
CSCO,106.43,2026-10-02,9,Put,103.00,-3.22%,0.72,0.8,0.92,1183,324,3.65,33.79%,32.37%,-0.24823,2026-09-23
BIDU,89.78,2026-09-25,2,Call,94.00,-4.70%,0.15,0.16,0.18,2084,571,3.65,41.18%,49.01%,0.107078,2026-09-23
AMZN,249.27,2027-09-17,359,Put,180.00,-27.79%,6.25,6.4,6.6,1046,287,3.64,32.86%,37.02%,-0.121455,2026-09-23
ABSI,9.74,2027-01-15,114,Call,7.00,+28.13%,3.4,4.18,4.7,2385,655,3.64,88.54%,131.66%,0.798214,2026-09-23
META,744.1,2026-09-28,5,Call,800.00,-7.51%,3.2,3.26,3.4,4809,1321,3.64,46.26%,55.05%,0.139096,2026-09-23
META,744.1,2026-09-25,2,Put,712.50,-4.25%,3.85,4.07,4.35,806,222,3.63,46.26%,69.23%,-0.190521,2026-09-23
BAC,56,2026-10-02,9,Call,56.00,0.00%,0.85,0.89,0.93,1184,326,3.63,27.82%,25.07%,0.511639,2026-09-23
TSLA,380.12,2026-09-28,5,Call,382.50,-0.63%,5.1,5.25,5.3,2565,708,3.62,41.52%,34.99%,0.452662,2026-09-23
AAPL,337.02,2026-09-25,2,Put,337.50,+0.14%,2.9,3,3.1,6892,1903,3.62,24.13%,27.96%,-0.520311,2026-09-23
NVDA,225.51,2026-09-28,5,Call,232.50,-3.10%,0.58,0.57,0.6,9716,2683,3.62,33.01%,25.94%,0.16478,2026-09-23
PBR,21.14,2026-11-20,58,Put,22.00,+4.07%,2,2.13,2.14,4504,1247,3.61,49.40%,47.58%,-0.541908,2026-09-23
SNDK,1816.57,2026-09-25,2,Put,"1,830.00",+0.74%,42.4,44.35,46.7,1356,376,3.61,74.71%,69.93%,-0.545055,2026-09-23
NKE,36.05,2027-09-17,359,Call,42.50,-17.89%,3.5,3.6,4.05,2021,560,3.61,48.26%,43.33%,0.417682,2026-09-23
ASML,1744.61,2026-09-25,2,Call,"1,860.00",-6.61%,0.25,0.92,1.35,504,140,3.6,46.66%,46.81%,0.033968,2026-09-23
NEE,77.02,2028-01-21,485,Call,65.00,+15.61%,16,16.42,17,684,190,3.6,21.98%,28.41%,0.742984,2026-09-23
MRK,148.08,2026-10-02,9,Put,144.00,-2.76%,0.76,1,1.3,532,148,3.59,30.39%,28.31%,-0.254897,2026-09-23
AMPX,9.73,2026-11-20,58,Call,10.00,-2.77%,1.1,1.15,1.25,2365,658,3.59,78.20%,81.96%,0.539376,2026-09-23
NVDA,225.51,2026-09-25,2,Put,225.00,-0.23%,1.88,1.88,1.91,38981,10853,3.59,33.01%,32.44%,-0.455096,2026-09-23
NKE,36.05,2027-09-17,359,Put,37.50,+4.02%,5.95,6.26,6.4,5007,1400,3.58,48.26%,38.70%,-0.453142,2026-09-23
DELL,549.83,2026-09-25,2,Call,547.50,+0.42%,11.75,11.5,12.4,515,144,3.58,60.85%,66.77%,0.545549,2026-09-23
VKTX,41.65,2026-09-25,2,Call,40.50,+2.76%,1.63,2.98,2.67,655,183,3.58,77.07%,123.73%,0.638282,2026-09-23
META,744.1,2026-09-25,2,Call,805.00,-8.18%,1.72,1.85,2,2393,668,3.58,46.26%,78.75%,0.093897,2026-09-23
GOOG,334.98,2026-09-25,2,Call,332.50,+0.74%,4.95,5,5.25,514,144,3.57,33.35%,37.43%,0.613812,2026-09-23
NU,13.62,2026-10-16,23,Call,15.50,-13.80%,0.12,0.13,0.13,896,251,3.57,48.31%,47.22%,0.155985,2026-09-23
U,44.1,2026-10-09,16,Call,45.00,-2.04%,1.82,1.96,2.24,573,161,3.56,63.82%,65.13%,0.473094,2026-09-23
META,744.1,2026-11-20,58,Put,705.00,-5.25%,34.8,35.35,35.85,533,150,3.55,46.26%,47.10%,-0.342014,2026-09-23
META,744.1,2026-09-25,2,Call,795.00,-6.84%,2.7,2.73,2.95,1962,554,3.54,46.26%,78.22%,0.133397,2026-09-23
MU,1071.88,2026-09-25,2,Put,"1,050.00",-2.04%,8.45,8.5,8.9,4613,1302,3.54,63.81%,56.03%,-0.300652,2026-09-23
TSLA,380.12,2026-09-25,2,Call,377.50,+0.69%,6.3,6.34,6.45,9775,2765,3.54,41.52%,43.87%,0.593208,2026-09-23
MU,1071.88,2026-09-25,2,Call,"1,200.00",-11.95%,0.33,0.36,0.36,20431,5782,3.53,63.81%,71.11%,0.017239,2026-09-23
POET,7.8,2026-10-09,16,Call,9.00,-15.38%,0.13,0.19,0.2,1111,315,3.53,83.42%,81.93%,0.230075,2026-09-23
USAR,15.83,2027-01-15,114,Call,16.00,-1.07%,2.74,2.77,2.8,2036,576,3.53,74.27%,78.69%,0.58906,2026-09-23
PLTR,191.79,2026-10-02,9,Call,225.00,-17.32%,0.23,0.26,0.25,707,201,3.52,52.28%,55.31%,0.037188,2026-09-23
TMUS,165.66,2026-09-25,2,Call,162.50,+1.91%,2.65,4.1,5.3,3560,1011,3.52,33.74%,41.31%,0.741329,2026-09-23
GOOGL,337.83,2026-09-25,2,Call,350.00,-3.60%,0.69,0.75,0.75,21159,6033,3.51,33.39%,42.59%,0.135512,2026-09-23
UUUU,11.6,2026-09-25,2,Call,11.50,+0.86%,0.28,0.38,0.47,643,183,3.51,68.76%,94.20%,0.56439,2026-09-23
TTD,12.68,2026-09-25,2,Call,12.50,+1.42%,0.3,0.34,0.33,676,193,3.5,61.90%,56.82%,0.642838,2026-09-23
ERO,36.48,2026-11-20,58,Put,25.00,-31.47%,0.2,0.25,0.35,1000,286,3.5,61.74%,67.28%,-0.058842,2026-09-23
CRM,237.58,2026-10-02,9,Call,267.50,-12.59%,0.31,0.38,0.35,1026,293,3.5,39.99%,44.42%,0.049018,2026-09-23
AMD,614.61,2026-10-02,9,Put,580.00,-5.63%,6.35,6.6,6.7,1605,458,3.5,53.93%,51.32%,-0.220604,2026-09-23
AVGO,354.99,2027-03-19,177,Call,700.00,-97.19%,1.88,2.05,2.23,1689,483,3.5,36.12%,50.84%,0.044985,2026-09-23
UPST,24.45,2026-10-02,9,Put,26.00,+6.34%,1.71,1.87,2.01,562,161,3.49,64.66%,56.67%,-0.739305,2026-09-23
GS,936.36,2026-10-02,9,Put,930.00,-0.68%,13.15,14.51,15.3,560,161,3.48,34.63%,29.75%,-0.429587,2026-09-23
CRWV,86.9,2027-03-19,177,Call,145.00,-66.86%,5.85,6.44,6.3,3236,936,3.46,75.14%,79.04%,0.268171,2026-09-23
META,744.1,2026-09-25,2,Call,790.00,-6.17%,3.25,3.35,3.6,4048,1169,3.46,46.26%,77.74%,0.156713,2026-09-23
T,25.3,2027-06-17,267,Put,22.00,-13.04%,0.74,0.95,0.98,6009,1735,3.46,26.72%,26.60%,-0.227788,2026-09-23
AMZN,249.27,2026-09-25,2,Put,247.50,-0.71%,1.41,1.62,1.62,13109,3800,3.45,32.86%,31.51%,-0.372596,2026-09-23
CAG,14.78,2026-10-02,9,Call,15.50,-4.87%,0.1,0.17,0.25,1397,406,3.44,35.15%,47.09%,0.271171,2026-09-23
GOOG,334.98,2026-09-25,2,Call,345.00,-2.99%,0.9,0.88,0.94,6276,1826,3.44,33.35%,41.02%,0.171271,2026-09-23
AMZN,249.27,2026-09-25,2,Call,252.50,-1.30%,1.25,1.26,1.3,18773,5457,3.44,32.86%,34.49%,0.314485,2026-09-23
TSLA,380.12,2026-09-25,2,Call,382.50,-0.63%,3.85,3.91,3.95,32838,9542,3.44,41.52%,44.10%,0.43314,2026-09-23
BILI,15.01,2027-01-15,114,Put,15.00,-0.07%,1.53,1.58,1.7,8365,2438,3.43,46.87%,51.29%,-0.429731,2026-09-23
IREN,47.05,2026-10-30,37,Call,53.00,-12.65%,2.6,2.9,2.88,507,148,3.43,82.47%,80.81%,0.375002,2026-09-23
TTD,12.68,2026-10-16,23,Put,12.00,-5.36%,0.34,0.36,0.38,1071,312,3.43,61.90%,52.98%,-0.309738,2026-09-23
IONQ,42.54,2026-09-25,2,Put,41.00,-3.62%,0.34,0.4,0.48,805,237,3.4,74.15%,81.02%,-0.258472,2026-09-23
META,744.1,2026-10-16,23,Call,860.00,-15.58%,5.5,5.83,6.05,4297,1263,3.4,46.26%,48.46%,0.133357,2026-09-23
SNDK,1816.57,2026-09-25,2,Call,"1,850.00",-1.84%,23,24.9,25.4,4459,1312,3.4,74.71%,71.10%,0.37594,2026-09-23
BULL,7.65,2026-10-23,30,Put,6.50,-15.03%,0.09,0.1,0.12,508,150,3.39,58.79%,59.46%,-0.145027,2026-09-23
META,744.1,2026-09-25,2,Call,815.00,-9.53%,1.14,1.26,1.31,2702,796,3.39,46.26%,79.62%,0.065349,2026-09-23
APLD,27.23,2026-10-02,9,Call,26.50,+2.68%,1.6,2.05,1.76,1084,322,3.37,88.32%,75.35%,0.616758,2026-09-23
GOOG,334.98,2026-10-23,30,Call,390.00,-16.42%,0.95,1.05,1.13,1656,491,3.37,33.35%,34.58%,0.072992,2026-09-23
SBET,9.81,2026-09-25,2,Put,10.00,+1.94%,0.02,0.4,0.61,743,222,3.35,76.65%,70.95%,-0.631605,2026-09-23
META,744.1,2026-09-30,7,Call,780.00,-4.82%,8.75,8.8,9.1,535,160,3.34,46.26%,52.97%,0.27547,2026-09-23
CRWD,262.49,2026-10-02,9,Call,255.00,+2.85%,13.35,13.35,13.75,1197,358,3.34,56.80%,56.62%,0.648372,2026-09-23
MU,1071.88,2026-09-28,5,Call,"1,085.00",-1.22%,17.4,18.64,18.75,1204,360,3.34,63.81%,47.34%,0.427616,2026-09-23
MSFT,500.59,2026-09-25,2,Call,510.00,-1.88%,1.38,1.4,1.49,24689,7395,3.34,27.90%,31.47%,0.217574,2026-09-23
HOOD,122.7,2026-10-02,9,Put,124.00,+1.06%,5.4,5.6,5.7,602,181,3.33,64.55%,63.84%,-0.519018,2026-09-23
MU,1071.88,2026-09-28,5,Put,"1,075.00",+0.29%,23.95,24.3,25.1,626,188,3.33,63.81%,46.28%,-0.507537,2026-09-23
ORCL,144.56,2026-10-02,9,Put,147.00,+1.69%,5.65,5.7,5.9,670,201,3.33,50.01%,49.28%,-0.568041,2026-09-23
MSFT,500.59,2026-09-28,5,Call,500.00,+0.12%,5.95,6.1,6.25,2035,612,3.33,27.90%,24.36%,0.528186,2026-09-23
MU,1071.88,2026-10-09,16,Call,"1,210.00",-12.89%,20.95,21.23,21.75,549,166,3.31,63.81%,72.73%,0.239187,2026-09-23
PM,190.84,2027-03-19,177,Call,195.00,-2.18%,12.3,13.1,15.1,1029,311,3.31,29.10%,28.86%,0.500879,2026-09-23
AMD,614.61,2026-09-25,2,Put,590.00,-4.00%,2.16,2.34,2.29,2924,890,3.29,53.93%,56.98%,-0.159975,2026-09-23
NVDA,225.51,2026-10-09,16,Put,207.50,-7.99%,0.89,0.96,0.92,804,245,3.28,33.01%,34.25%,-0.112,2026-09-23
CAPR,8.67,2026-12-18,86,Put,8.00,-7.73%,3.5,3.73,4,1254,382,3.28,186.72%,274.54%,-0.23241,2026-09-23
AMD,614.61,2026-10-16,23,Put,610.00,-0.75%,27.95,28.85,28.8,1277,389,3.28,53.93%,51.04%,-0.445171,2026-09-23
BAC,56,2026-10-16,23,Call,56.00,0.00%,1.64,1.67,1.78,1418,432,3.28,27.82%,30.04%,0.519727,2026-09-23
INTC,122.6,2026-09-28,5,Call,127.00,-3.59%,1.65,1.74,1.76,1544,471,3.28,68.17%,59.23%,0.32016,2026-09-23
GOOGL,337.83,2026-09-25,2,Call,335.00,+0.84%,5.2,5.44,5.7,2019,616,3.28,33.39%,38.55%,0.624034,2026-09-23
HBAN,15.38,2026-11-20,58,Put,15.00,-2.47%,0.4,0.5,0.85,1032,316,3.27,28.20%,33.32%,-0.397419,2026-09-23
MU,1071.88,2026-09-25,2,Put,"1,035.00",-3.44%,4.85,5,5.1,1183,362,3.27,63.81%,56.77%,-0.195243,2026-09-23
VKTX,41.65,2026-09-25,2,Put,38.00,-8.76%,0.24,0.3,0.74,2387,731,3.27,77.07%,148.19%,-0.18599,2026-09-23
NCLH,14.18,2026-09-25,2,Call,14.00,+1.27%,0.27,0.38,0.47,1014,311,3.26,56.62%,64.58%,0.616247,2026-09-23
MU,1071.88,2026-09-28,5,Call,"1,070.00",+0.18%,22.35,24.79,25.15,1475,453,3.26,63.81%,45.03%,0.527752,2026-09-23
MU,1071.88,2026-09-25,2,Call,"1,095.00",-2.16%,8.95,9.25,9.5,2276,701,3.25,63.81%,57.70%,0.317941,2026-09-23
CM,111.45,2026-10-16,23,Call,115.00,-3.19%,0.45,0.8,1.15,600,185,3.24,23.21%,18.48%,0.261489,2026-09-23
HOOD,122.7,2026-09-25,2,Call,127.00,-3.50%,1.05,1.03,1.1,11417,3524,3.24,64.55%,72.94%,0.271901,2026-09-23
AAPL,337.02,2026-09-25,2,Put,335.00,-0.60%,1.83,1.89,1.95,18405,5704,3.23,24.13%,28.30%,-0.380029,2026-09-23
MU,1071.88,2026-10-05,12,Call,"1,060.00",+1.11%,60.15,61.75,66.25,502,156,3.22,63.81%,73.18%,0.563491,2026-09-23
RIO,95.25,2026-12-18,86,Call,97.50,-2.36%,4.5,4.8,5.2,599,186,3.22,29.37%,34.02%,0.451098,2026-09-23
ARM,332.56,2026-11-20,58,Call,600.00,-80.42%,3.8,3.95,4.1,654,203,3.22,75.28%,92.64%,0.081323,2026-09-23
FISV,45.95,2028-01-21,485,Put,55.00,+19.70%,13.6,14.1,15,2002,621,3.22,42.61%,47.34%,-0.512221,2026-09-23
META,744.1,2026-09-25,2,Call,820.00,-10.20%,1.02,1.03,1.08,4760,1477,3.22,46.26%,81.05%,0.056416,2026-09-23
DKNG,21.25,2026-10-02,9,Call,22.00,-3.53%,0.37,0.45,0.62,1834,571,3.21,58.31%,59.68%,0.377102,2026-09-23
HOOD,122.7,2026-10-02,9,Call,126.00,-2.69%,3.55,3.59,3.75,1419,443,3.2,64.55%,65.31%,0.42144,2026-09-23
PEP,130.18,2026-10-16,23,Call,137.00,-5.24%,1.1,1.07,1.21,629,197,3.19,25.15%,26.87%,0.232774,2026-09-23
AXTI,72.98,2026-10-30,37,Call,72.00,+1.34%,11.1,12.3,13.2,2857,897,3.19,107.41%,126.04%,0.596527,2026-09-23
JD,27.16,2026-09-25,2,Call,27.50,-1.25%,0.15,0.17,0.17,3478,1089,3.19,34.00%,37.74%,0.327013,2026-09-23
SNDK,1816.57,2026-09-25,2,Call,"2,370.00",-30.47%,0.1,0.15,1.05,502,158,3.18,74.71%,148.05%,0.00891,2026-09-23
XOM,161.23,2026-10-09,16,Call,165.00,-2.34%,2.21,2.3,2.44,1178,371,3.18,29.49%,28.57%,0.364076,2026-09-23
TSLA,380.12,2026-10-16,23,Call,382.50,-0.63%,14.65,14.8,14.9,1418,446,3.18,41.52%,40.62%,0.505509,2026-09-23
AXTI,72.98,2026-12-18,86,Call,200.00,-174.05%,1.2,1.3,1.65,546,172,3.17,107.41%,124.22%,0.087711,2026-09-23
SHOP,142.34,2026-10-09,16,Call,145.00,-1.87%,4.95,5.51,6.25,571,180,3.17,57.25%,56.23%,0.466552,2026-09-23
DELL,549.83,2026-09-25,2,Call,557.50,-1.39%,7.5,7.6,7.9,557,176,3.16,60.85%,67.75%,0.402263,2026-09-23
SPCX,148.36,2026-10-02,9,Call,152.50,-2.79%,2.97,2.97,3.05,5272,1669,3.16,50.22%,50.36%,0.383449,2026-09-23
MSTR,162.2,2026-09-25,2,Put,157.50,-2.90%,1.54,1.75,1.76,3444,1092,3.15,69.98%,74.62%,-0.286572,2026-09-23
PTON,4.8,2028-01-21,485,Call,7.00,-45.83%,0.82,0.87,0.93,15814,5021,3.15,57.91%,63.66%,0.473225,2026-09-23
META,744.1,2026-09-28,5,Call,745.00,-0.12%,17.25,17.5,18.25,607,193,3.15,46.26%,51.84%,0.507384,2026-09-23
MSFT,500.59,2026-09-30,7,Call,500.00,+0.12%,7.15,7.75,7.85,880,279,3.15,27.90%,25.50%,0.527134,2026-09-23
PAYX,104.49,2026-10-16,23,Put,95.00,-9.08%,0.3,0.38,0.5,935,297,3.15,29.61%,30.64%,-0.1014,2026-09-23
MU,1071.88,2026-09-25,2,Call,"1,125.00",-4.96%,3.3,3.4,3.6,1601,510,3.14,63.81%,59.99%,0.144042,2026-09-23
UPST,24.45,2026-09-25,2,Put,26.00,+6.34%,1.42,1.58,1.75,2785,888,3.14,64.66%,58.61%,-0.919012,2026-09-23
GOOG,334.98,2026-10-02,9,Put,342.50,+2.24%,9.95,11.15,11.35,672,215,3.13,33.35%,30.03%,-0.668624,2026-09-23
AMZN,249.27,2027-04-16,205,Call,380.00,-52.45%,2.4,2.53,2.58,1052,337,3.12,32.86%,35.85%,0.089178,2026-09-23
LQDA,67.49,2026-10-02,9,Call,85.00,-25.94%,0.05,0.32,0.6,2691,863,3.12,86.63%,96.59%,0.075117,2026-09-23
MSFT,500.59,2026-10-16,23,Call,580.00,-15.86%,0.23,0.25,0.29,8585,2756,3.12,27.90%,27.87%,0.020603,2026-09-23
WFC,81.9,2026-10-16,23,Put,75.00,-8.42%,0.47,0.51,0.63,11342,3630,3.12,31.80%,34.79%,-0.144104,2026-09-23
GOOGL,337.83,2026-10-09,16,Call,420.00,-24.32%,0.07,0.17,0.19,743,239,3.11,33.39%,44.90%,0.012165,2026-09-23
RIG,5.47,2026-10-02,9,Call,5.50,-0.55%,0.13,0.16,0.19,601,194,3.1,49.88%,51.95%,0.48228,2026-09-23
NVDA,225.51,2026-09-25,2,Put,222.50,-1.33%,1.02,1.04,1.04,22336,7238,3.09,33.01%,33.72%,-0.288606,2026-09-23
CMCSA,22.55,2026-10-02,9,Call,23.00,-2.00%,0.23,0.27,0.36,503,163,3.09,31.17%,34.43%,0.364418,2026-09-23
INOD,71.99,2026-09-25,2,Call,90.00,-25.02%,0.2,0.25,0.3,537,174,3.09,92.62%,186.74%,0.061215,2026-09-23
META,744.1,2026-10-02,9,Call,765.00,-2.81%,15.4,16.07,16.1,732,237,3.09,46.26%,51.97%,0.386741,2026-09-23
WBD,30.76,2026-10-16,23,Put,30.00,-2.47%,0.15,0.17,0.19,1062,344,3.09,15.34%,15.55%,-0.237614,2026-09-23
DELL,549.83,2026-09-25,2,Call,560.00,-1.85%,6.65,6.85,6.75,3028,980,3.09,60.85%,67.19%,0.366962,2026-09-23
WFC,81.9,2026-10-16,23,Call,84.00,-2.56%,1.76,1.9,2.01,632,205,3.08,31.80%,33.53%,0.401559,2026-09-23
META,744.1,2026-10-16,23,Call,900.00,-20.95%,2.96,3,3.05,13591,4415,3.08,46.26%,49.94%,0.075407,2026-09-23
SNAP,5.29,2026-10-30,37,Put,5.00,-5.48%,0.21,0.25,0.28,701,228,3.07,61.53%,58.23%,-0.339195,2026-09-23
ABNB,149.58,2027-06-17,267,Put,155.00,+3.62%,19.75,19.91,22,851,277,3.07,39.66%,39.29%,-0.45456,2026-09-23
MRNA,182.11,2026-10-02,9,Call,185.00,-1.59%,7.35,7.65,7.95,1033,336,3.07,83.17%,77.85%,0.476133,2026-09-23
CRM,237.58,2026-10-02,9,Call,250.00,-5.23%,2.01,2.09,2.21,1921,626,3.07,39.99%,42.37%,0.235424,2026-09-23
AMD,614.61,2026-09-28,5,Put,615.00,+0.06%,12.45,13.46,13.45,544,178,3.06,53.93%,44.95%,-0.491088,2026-09-23
AMD,614.61,2026-09-25,2,Call,607.50,+1.16%,13.6,14.15,14.65,974,318,3.06,53.93%,55.96%,0.620511,2026-09-23
GIS,35.82,2027-06-17,267,Put,35.00,-2.29%,3.2,3.6,3.8,1020,333,3.06,32.23%,31.11%,-0.417736,2026-09-23
CRWV,86.9,2026-10-23,30,Call,120.00,-38.09%,0.83,0.85,0.92,1368,447,3.06,75.14%,80.18%,0.101168,2026-09-23
UROY,4.42,2027-01-15,114,Call,5.50,-24.43%,0.3,0.35,0.7,2010,656,3.06,67.31%,84.65%,0.421469,2026-09-23
FLNC,7.58,2027-01-15,114,Call,10.00,-31.93%,0.85,0.9,0.95,10437,3424,3.05,82.49%,95.25%,0.409049,2026-09-23
HOOD,122.7,2026-10-02,9,Call,136.00,-10.84%,1.16,1.22,1.25,1081,354,3.05,64.55%,67.12%,0.180156,2026-09-23
AMKR,53.32,2026-10-16,23,Call,58.00,-8.78%,1.3,1.75,2.15,550,181,3.04,70.01%,63.86%,0.332757,2026-09-23
SBUX,94.14,2026-10-16,23,Put,92.00,-2.27%,1.24,1.8,1.68,672,221,3.04,29.25%,25.83%,-0.34498,2026-09-23
PLTR,191.79,2026-10-02,9,Call,197.50,-2.98%,3.6,3.6,3.75,2527,831,3.04,52.28%,49.56%,0.372287,2026-09-23
PURR,13.94,2026-12-18,86,Call,20.00,-43.47%,1.35,1.35,1.4,22845,7510,3.04,105.35%,111.69%,0.352854,2026-09-23
PLTR,191.79,2026-10-02,9,Put,172.50,-10.06%,0.65,0.67,0.71,3800,1254,3.03,52.28%,52.36%,-0.089924,2026-09-23
ORCL,144.56,2026-09-25,2,Call,147.00,-1.69%,1.34,1.3,1.39,3948,1303,3.03,50.01%,55.34%,0.350165,2026-09-23
PTON,4.8,2027-04-16,205,Call,5.00,-4.17%,0.8,0.84,0.89,4826,1593,3.03,57.91%,61.72%,0.577193,2026-09-23
GOOG,334.98,2026-10-02,9,Call,342.50,-2.24%,3.8,3.9,4,655,216,3.03,33.35%,32.62%,0.348075,2026-09-23
TTD,12.68,2026-10-02,9,Put,12.00,-5.36%,0.14,0.14,0.17,1192,394,3.03,61.90%,53.26%,-0.238509,2026-09-23
TTD,12.68,2026-09-25,2,Call,13.00,-2.52%,0.1,0.12,0.11,1668,550,3.03,61.90%,60.57%,0.298462,2026-09-23
TSLA,380.12,2026-09-30,7,Call,380.00,+0.03%,8.1,8.18,8.25,3081,1017,3.03,41.52%,37.99%,0.518539,2026-09-23
AMD,614.61,2026-09-25,2,Put,615.00,+0.06%,9.95,10.25,10.3,3153,1042,3.03,53.93%,55.02%,-0.496409,2026-09-23
TSLA,380.12,2026-10-30,37,Call,410.00,-7.86%,11.1,10.95,11.3,1154,382,3.02,41.52%,45.12%,0.334678,2026-09-23
BAC,56,2026-10-16,23,Put,56.00,0.00%,1.43,1.56,1.57,2043,677,3.02,27.82%,27.24%,-0.481193,2026-09-23
DELL,549.83,2026-09-25,2,Call,570.00,-3.67%,3.95,4,4.05,2911,965,3.02,60.85%,68.44%,0.247546,2026-09-23
BABA,110.8,2026-09-25,2,Call,112.00,-1.08%,1.16,1.2,1.23,4592,1533,3,41.57%,52.56%,0.398456,2026-09-23
SNDK,1816.57,2026-09-25,2,Call,"1,855.00",-2.12%,21.5,24.1,23.6,599,200,3,74.71%,71.27%,0.357005,2026-09-23
ROOT,46.76,2026-10-16,23,Call,55.00,-17.62%,0.45,0.58,0.6,503,168,2.99,64.13%,58.64%,0.155642,2026-09-23
CGEM,16.87,2027-12-17,450,Put,17.00,+0.77%,5.3,6.12,8.5,506,169,2.99,125.38%,103.34%,-0.277993,2026-09-23
META,744.1,2026-10-02,9,Put,750.00,+0.79%,25.85,26.17,26.7,1009,337,2.99,46.26%,50.29%,-0.520707,2026-09-23
GOOGL,337.83,2026-11-20,58,Put,290.00,-14.16%,3.25,3.26,3.5,9337,3123,2.99,33.39%,37.15%,-0.126972,2026-09-23
AAPL,337.02,2026-09-25,2,Put,330.00,-2.08%,0.64,0.66,0.69,19758,6637,2.98,24.13%,29.91%,-0.166076,2026-09-23
IBRX,8.63,2026-10-16,23,Put,9.00,+4.29%,0.7,0.95,1.1,519,174,2.98,87.83%,80.74%,-0.53872,2026-09-23
W,99.5,2026-10-16,23,Put,95.00,-4.52%,3.1,4.15,3.85,641,215,2.98,60.82%,56.72%,-0.340659,2026-09-23
ACN,183.52,2026-09-25,2,Put,180.00,-1.92%,0.65,1,1.05,603,203,2.97,51.96%,40.48%,-0.253911,2026-09-23
INTC,122.6,2026-09-25,2,Put,118.00,-3.75%,0.97,0.99,1,7119,2397,2.97,68.17%,75.65%,-0.237601,2026-09-23
PLTR,191.79,2026-09-25,2,Call,205.00,-6.89%,0.25,0.26,0.26,7882,2653,2.97,52.28%,59.68%,0.069311,2026-09-23
MCD,238.32,2026-10-16,23,Call,250.00,-4.90%,1.6,1.6,1.69,3910,1321,2.96,22.78%,23.08%,0.214862,2026-09-23
META,744.1,2026-09-25,2,Put,735.00,-1.22%,10.55,11,11.1,5203,1759,2.96,46.26%,68.65%,-0.393236,2026-09-23
MTCH,40.48,2027-01-15,114,Put,37.50,-7.36%,1,1.95,2.15,651,220,2.96,41.75%,33.64%,-0.296476,2026-09-23
DELL,549.83,2026-09-25,2,Call,567.50,-3.21%,4.5,4.57,4.75,1095,370,2.96,60.85%,68.53%,0.276043,2026-09-23
VG,13.27,2027-02-19,149,Call,17.50,-31.88%,0.75,0.9,0.95,1124,380,2.96,60.95%,60.65%,0.31082,2026-09-23
ENPH,33.07,2027-06-17,267,Put,25.00,-24.40%,2.8,3.3,3.3,2004,676,2.96,66.61%,67.93%,-0.20765,2026-09-23
GME,24.2,2026-09-25,2,Put,24.00,-0.83%,0.32,0.34,0.35,2584,874,2.96,52.63%,59.92%,-0.418029,2026-09-23
META,744.1,2026-10-30,37,Call,900.00,-20.95%,8.85,9.2,9.3,944,320,2.95,46.26%,52.53%,0.151097,2026-09-23
INTC,122.6,2026-09-25,2,Put,117.00,-4.57%,0.75,0.77,0.81,3706,1259,2.94,68.17%,76.72%,-0.19633,2026-09-23
LLY,1150.99,2026-10-02,9,Call,"1,580.00",-37.27%,0,0.21,0.33,720,245,2.94,34.38%,74.41%,0.004082,2026-09-23
NCLH,14.18,2027-09-17,359,Put,13.00,-8.32%,1.93,2.07,2.3,3566,1223,2.92,56.62%,54.71%,-0.314428,2026-09-23
MU,1071.88,2026-09-25,2,Call,"1,070.00",+0.18%,19,19.15,19.6,5092,1742,2.92,63.81%,57.65%,0.526868,2026-09-23
IONQ,42.54,2026-09-25,2,Call,45.00,-5.78%,0.32,0.33,0.35,18503,6329,2.92,74.15%,91.01%,0.212504,2026-09-23
GS,936.36,2026-09-25,2,Call,960.00,-2.52%,1.8,2,2.32,937,321,2.92,34.63%,34.13%,0.16585,2026-09-23
CRWD,262.49,2026-09-25,2,Put,242.50,-7.62%,0.32,0.33,0.36,1584,542,2.92,56.80%,69.31%,-0.057815,2026-09-23
TSLA,380.12,2026-09-28,5,Call,395.00,-3.91%,1.69,1.7,1.73,1636,561,2.92,41.52%,36.55%,0.193836,2026-09-23
COIN,198.13,2026-09-25,2,Put,197.50,-0.32%,3.6,3.85,4.05,1065,366,2.91,64.93%,71.06%,-0.464063,2026-09-23
MSTR,162.2,2026-10-30,37,Put,160.00,-1.36%,12.5,12.7,13.05,1373,472,2.91,69.98%,69.23%,-0.426073,2026-09-23
GOOG,334.98,2026-09-25,2,Put,322.50,-3.73%,0.38,0.41,0.41,1938,666,2.91,33.35%,38.56%,-0.088369,2026-09-23
AMZN,249.27,2026-09-25,2,Put,242.50,-2.72%,0.38,0.39,0.4,9741,3349,2.91,32.86%,33.15%,-0.126668,2026-09-23
MU,1071.88,2026-09-25,2,Put,"1,015.00",-5.31%,2.32,2.31,2.42,1027,354,2.9,63.81%,59.56%,-0.103269,2026-09-23
GOOG,334.98,2026-10-30,37,Put,315.00,-5.96%,6.5,6.75,6.85,1439,496,2.9,33.35%,36.17%,-0.26774,2026-09-23
AMZN,249.27,2026-09-25,2,Call,240.00,+3.72%,9.25,9.67,9.95,2483,857,2.9,32.86%,38.01%,0.914426,2026-09-23
LYFT,14.77,2026-11-20,58,Call,17.00,-15.10%,0.55,0.56,0.67,2759,953,2.9,49.02%,56.90%,0.316045,2026-09-23
AMZN,249.27,2027-04-16,205,Put,200.00,-19.77%,6.1,6.28,6.5,1016,352,2.89,32.86%,36.69%,-0.155496,2026-09-23
GOOGL,337.83,2026-09-28,5,Call,360.00,-6.56%,0.42,0.42,0.55,2206,764,2.89,33.39%,36.94%,0.075325,2026-09-23
AMD,614.61,2026-09-25,2,Put,610.00,-0.75%,7.6,7.76,7.9,6916,2396,2.89,53.93%,54.95%,-0.416887,2026-09-23
U,44.1,2026-10-16,23,Call,45.00,-2.04%,2.3,2.35,2.39,5886,2045,2.88,63.82%,61.15%,0.484472,2026-09-23
PCG,12.41,2027-06-17,267,Call,13.00,-4.75%,1.41,1.8,1.88,551,191,2.88,41.91%,42.86%,0.537335,2026-09-23
TEM,76.59,2026-11-20,58,Put,50.00,-34.72%,0.53,0.9,0.97,1515,526,2.88,75.99%,79.00%,-0.063011,2026-09-23
PANW,393.3,2026-09-25,2,Call,390.00,+0.84%,8.35,8.71,9.05,1551,538,2.88,54.18%,59.47%,0.5864,2026-09-23
IONQ,42.54,2026-09-25,2,Put,44.00,+3.43%,1.76,1.7,2.5,660,230,2.87,74.15%,99.79%,-0.662,2026-09-23
TSM,446.57,2026-09-25,2,Put,442.50,-0.91%,2.24,2.46,2.5,755,263,2.87,33.72%,31.33%,-0.339863,2026-09-23
CCJ,90.8,2026-10-02,9,Put,84.00,-7.49%,0.19,0.28,0.46,609,213,2.86,45.69%,41.86%,-0.109711,2026-09-23
IONQ,42.54,2026-10-02,9,Call,47.00,-10.48%,0.62,0.67,0.74,664,232,2.86,74.15%,79.47%,0.233004,2026-09-23
AMZN,249.27,2026-09-28,5,Put,242.50,-2.72%,0.77,0.81,0.85,1117,391,2.86,32.86%,27.14%,-0.184637,2026-09-23
TSLA,380.12,2026-09-28,5,Put,365.00,-3.98%,1.28,1.3,1.31,2226,778,2.86,41.52%,35.29%,-0.155053,2026-09-23
AM,21.38,2026-10-16,23,Call,23.00,-7.58%,0.05,0.12,0.15,673,236,2.85,25.52%,26.42%,0.141932,2026-09-23
IOVA,10.19,2026-10-02,9,Call,11.00,-7.95%,0.2,0.3,0.3,995,349,2.85,90.21%,84.75%,0.308145,2026-09-23
CVNA,63.95,2026-10-16,23,Put,64.00,+0.08%,3.5,3.43,3.75,1090,382,2.85,62.11%,57.36%,-0.468231,2026-09-23
MU,1071.88,2026-09-25,2,Call,"1,085.00",-1.22%,11.65,12.4,12.9,2403,844,2.85,63.81%,56.50%,0.395511,2026-09-23
TTD,12.68,2026-10-09,16,Put,12.00,-5.36%,0.23,0.27,0.28,621,219,2.84,61.90%,51.79%,-0.282246,2026-09-23
ARM,332.56,2026-09-25,2,Call,332.50,+0.02%,8.3,8.66,8.9,858,302,2.84,75.28%,86.94%,0.515273,2026-09-23
EOSE,3.58,2026-09-25,2,Call,3.50,+2.23%,0.13,0.15,0.15,1388,489,2.84,98.13%,90.12%,0.646319,2026-09-23
AAPL,337.02,2026-09-30,7,Call,345.00,-2.37%,1.3,1.5,1.69,1737,611,2.84,24.13%,22.85%,0.241287,2026-09-23
JD,27.16,2027-12-17,450,Call,28.00,-3.09%,4.35,4.4,5.5,772,273,2.83,34.00%,56.48%,0.511653,2026-09-23
PLTR,191.79,2026-09-25,2,Put,182.50,-4.84%,0.44,0.45,0.46,9963,3519,2.83,52.28%,56.64%,-0.113139,2026-09-23
META,744.1,2026-09-25,2,Call,745.00,-0.12%,15.15,15.45,15.8,5624,1996,2.82,46.26%,72.10%,0.503079,2026-09-23
IONQ,42.54,2026-10-02,9,Put,40.00,-5.97%,0.73,0.84,0.91,1547,549,2.82,74.15%,70.71%,-0.268423,2026-09-23
IBM,232.76,2026-10-02,9,Call,250.00,-7.41%,0.71,0.77,0.8,2313,819,2.82,37.56%,37.13%,0.116556,2026-09-23
ABNB,149.58,2026-10-16,23,Put,145.00,-3.06%,3.3,3.47,3.6,712,253,2.81,39.66%,37.74%,-0.345637,2026-09-23
BABA,110.8,2026-10-16,23,Call,127.00,-14.62%,0.69,0.82,0.93,846,301,2.81,41.57%,46.22%,0.131709,2026-09-23
INTC,122.6,2026-09-25,2,Call,119.00,+2.94%,4.85,4.4,5,1264,450,2.81,68.17%,76.87%,0.710758,2026-09-23
META,744.1,2026-09-28,5,Call,760.00,-2.14%,11.05,11.5,11.7,1381,492,2.81,46.26%,51.53%,0.377413,2026-09-23
TSLA,380.12,2026-10-02,9,Call,387.50,-1.94%,7.6,7.65,7.75,4385,1558,2.81,41.52%,45.04%,0.411756,2026-09-23
SNAP,5.29,2026-11-20,58,Put,6.00,+13.42%,0.98,1.07,1.07,4867,1737,2.8,61.53%,70.42%,-0.616771,2026-09-23
MU,1071.88,2026-09-28,5,Call,"1,100.00",-2.62%,11.8,12.78,12.85,6911,2467,2.8,63.81%,46.53%,0.33043,2026-09-23
IONQ,42.54,2026-09-25,2,Call,45.50,-6.96%,0.24,0.25,0.31,1370,490,2.8,74.15%,94.24%,0.177098,2026-09-23
MCD,238.32,2026-09-25,2,Put,240.00,+0.70%,2.2,3.1,3.2,2403,857,2.8,22.78%,24.62%,-0.645922,2026-09-23
META,744.1,2026-10-02,9,Put,700.00,-5.93%,6.8,6.85,7,3235,1157,2.8,46.26%,49.87%,-0.203376,2026-09-23
PLTR,191.79,2026-10-16,23,Put,172.50,-10.06%,2.32,2.36,2.41,578,207,2.79,52.28%,49.32%,-0.174695,2026-09-23
SECZ,14.36,2026-11-20,58,Call,15.00,-4.46%,2.35,2.5,2.8,594,213,2.79,128.70%,123.27%,0.567405,2026-09-23
IBM,232.76,2026-09-25,2,Call,237.50,-2.04%,0.95,1,1.1,1248,447,2.79,37.56%,39.90%,0.252689,2026-09-23
MCD,238.32,2027-03-19,177,Call,330.00,-38.47%,0.9,0.94,1.08,1324,474,2.79,22.78%,27.29%,0.055073,2026-09-23
WMT,110.53,2026-09-25,2,Call,112.00,-1.33%,0.32,0.32,0.36,10981,3930,2.79,25.08%,26.86%,0.258971,2026-09-23
CRWD,262.49,2026-09-25,2,Call,270.00,-2.86%,2.19,2.25,2.3,7497,2693,2.78,56.80%,65.31%,0.28945,2026-09-23
MSFT,500.59,2026-09-25,2,Call,500.00,+0.12%,4.75,5,5.1,13909,5000,2.78,27.90%,31.00%,0.528056,2026-09-23
BKNG,155.9,2027-06-17,267,Put,140.00,-10.20%,11.7,12.4,12.9,1168,420,2.78,39.60%,41.00%,-0.295516,2026-09-23
MU,1071.88,2026-09-25,2,Call,"1,065.00",+0.64%,20.55,21.87,22.3,1389,499,2.78,63.81%,55.94%,0.571937,2026-09-23
IOVA,10.19,2026-09-25,2,Call,1.00,+90.19%,9.1,9.3,9.5,742,268,2.77,90.21%,0.00%,0,2026-09-23
SKM,35.85,2026-11-20,58,Call,45.00,-25.52%,0.05,0.7,1.4,1694,611,2.77,52.62%,56.00%,0.183411,2026-09-23
AMD,614.61,2026-09-25,2,Put,595.00,-3.19%,3,3.4,3.25,2229,805,2.77,53.93%,56.32%,-0.210913,2026-09-23
MU,1071.88,2026-09-28,5,Call,"1,110.00",-3.56%,9.25,10.15,10.25,622,225,2.76,63.81%,47.12%,0.275377,2026-09-23
OKTA,205.36,2026-09-25,2,Call,220.00,-7.13%,0.59,0.68,0.76,627,227,2.76,58.52%,77.05%,0.119962,2026-09-23
ADBE,240.69,2027-01-15,114,Call,295.00,-22.56%,7.75,7.85,8.25,671,243,2.76,39.66%,43.67%,0.255016,2026-09-23
SECZ,14.36,2026-10-16,23,Put,12.50,-12.95%,0.9,0.95,1.05,1066,386,2.76,128.70%,131.82%,-0.277255,2026-09-23
CRWD,262.49,2026-09-25,2,Call,260.00,+0.95%,6.1,6.3,6.4,6848,2489,2.75,56.80%,63.17%,0.591662,2026-09-23
AAPL,337.02,2026-09-25,2,Call,340.00,-0.88%,1.55,1.61,1.61,44080,16055,2.75,24.13%,28.00%,0.342746,2026-09-23
MP,48.89,2026-10-02,9,Put,47.00,-3.87%,0.71,0.82,0.9,506,184,2.75,57.38%,52.88%,-0.299339,2026-09-23
AMD,614.61,2026-09-25,2,Call,612.50,+0.34%,10.95,11.25,11.75,1497,544,2.75,53.93%,56.26%,0.543215,2026-09-23
AAPL,337.02,2026-09-28,5,Put,335.00,-0.60%,2.4,2.54,2.6,1557,566,2.75,24.13%,22.16%,-0.397266,2026-09-23
LUV,41.04,2026-09-25,2,Call,42.50,-3.56%,0.05,0.1,0.13,1658,603,2.75,42.37%,42.67%,0.138463,2026-09-23
TSLA,380.12,2026-09-30,7,Call,390.00,-2.60%,4.25,4.25,4.4,2294,833,2.75,41.52%,38.79%,0.331073,2026-09-23
AAPL,337.02,2026-09-28,5,Call,345.00,-2.37%,0.81,0.9,1.02,2426,882,2.75,24.13%,22.16%,0.191966,2026-09-23
NVDA,225.51,2026-09-28,5,Put,227.50,+0.88%,3.7,3.75,3.8,2558,929,2.75,33.01%,25.49%,-0.605904,2026-09-23
DDOG,251.49,2026-10-02,9,Call,240.00,+4.57%,15.4,15.8,16.25,595,217,2.74,60.31%,56.86%,0.718795,2026-09-23
RKLB,70.31,2026-09-25,2,Put,72.00,+2.40%,2.44,2.33,2.73,1169,427,2.74,70.86%,76.62%,-0.650932,2026-09-23
MRVL,260.9,2027-01-15,114,Call,450.00,-72.48%,5.6,5.8,6.5,1233,450,2.74,67.55%,72.63%,0.133721,2026-09-23
AMD,614.61,2026-09-25,2,Call,652.50,-6.16%,1.07,1.14,1.27,507,186,2.73,53.93%,60.00%,0.093417,2026-09-23
MSFT,500.59,2026-10-02,9,Put,505.00,+0.88%,9.8,10.81,11,555,203,2.73,27.90%,26.06%,-0.571567,2026-09-23
GOOGL,337.83,2026-09-28,5,Call,362.50,-7.30%,0.27,0.34,0.42,803,294,2.73,33.39%,37.13%,0.056073,2026-09-23
HOOD,122.7,2026-09-25,2,Put,121.00,-1.39%,1.73,1.79,1.79,3160,1156,2.73,64.55%,70.29%,-0.382975,2026-09-23
CMCSA,22.55,2026-10-23,30,Put,23.00,+2.00%,1.31,1.31,1.46,582,214,2.72,31.17%,43.53%,-0.540182,2026-09-23
AMZN,249.27,2026-10-02,9,Put,252.50,+1.30%,6.1,6.4,6.4,1097,404,2.72,32.86%,29.15%,-0.596515,2026-09-23
ASST,28.99,2026-09-25,2,Put,28.50,-1.69%,0.38,0.5,0.6,1192,438,2.72,74.73%,83.72%,-0.37864,2026-09-23
PLTR,191.79,2026-10-02,9,Call,195.00,-1.67%,4.5,4.54,4.65,4355,1604,2.72,52.28%,49.28%,0.435074,2026-09-23
HOOD,122.7,2026-09-25,2,Call,126.00,-2.69%,1.31,1.31,1.39,13725,5039,2.72,64.55%,72.84%,0.32226,2026-09-23
AMZN,249.27,2026-09-28,5,Call,257.50,-3.30%,0.66,0.7,0.72,3442,1272,2.71,32.86%,27.52%,0.164524,2026-09-23
IBKR,91.56,2026-10-16,23,Put,91.00,-0.61%,3.1,3.1,3.8,1461,540,2.71,42.15%,41.71%,-0.44918,2026-09-23
TTD,12.68,2026-10-02,9,Call,13.00,-2.52%,0.25,0.3,0.34,632,234,2.7,61.90%,53.68%,0.404322,2026-09-23
TSLA,380.12,2026-09-28,5,Put,370.00,-2.66%,2.22,2.25,2.28,1742,645,2.7,41.52%,34.60%,-0.242507,2026-09-23
RIOT,24.69,2026-10-23,30,Call,25.00,-1.26%,1.49,2.32,2.34,527,196,2.69,82.35%,71.59%,0.523009,2026-09-23
COHR,300.6,2026-11-20,58,Call,300.00,+0.20%,36.9,39.3,39.3,1315,488,2.69,73.77%,77.71%,0.572087,2026-09-23
INTC,122.6,2026-10-02,9,Put,115.00,-6.20%,1.97,2.07,2.04,2231,829,2.69,68.17%,66.24%,-0.249961,2026-09-23
AMD,614.61,2026-09-25,2,Put,605.00,-1.56%,5.7,6.04,5.95,3731,1390,2.68,53.93%,55.21%,-0.340684,2026-09-23
TSM,446.57,2026-09-25,2,Put,445.00,-0.35%,3.1,3.5,3.45,1261,471,2.68,33.72%,30.70%,-0.431474,2026-09-23
IONQ,42.54,2026-09-25,2,Call,48.00,-12.83%,0.07,0.1,0.19,1321,493,2.68,74.15%,113.74%,0.082317,2026-09-23
TMUS,165.66,2026-10-02,9,Call,162.50,+1.91%,3.9,5.62,6.7,2251,841,2.68,33.74%,33.66%,0.654177,2026-09-23
MSFT,500.59,2026-10-02,9,Call,532.50,-6.37%,0.66,0.8,0.98,573,215,2.67,27.90%,27.72%,0.083735,2026-09-23
AUPH,16.4,2028-01-21,485,Put,20.00,+21.95%,3.2,5.43,8,591,221,2.67,42.46%,50.59%,-0.50969,2026-09-23
TSLA,380.12,2026-10-05,12,Put,380.00,-0.03%,10.7,11.2,10.95,757,283,2.67,41.52%,40.39%,-0.478243,2026-09-23
SMCI,41.44,2026-10-09,16,Call,44.00,-6.18%,1.48,1.51,1.52,821,307,2.67,74.61%,71.68%,0.377116,2026-09-23
NVDA,225.51,2026-10-30,37,Call,275.00,-21.95%,0.29,0.3,0.33,1045,391,2.67,33.01%,32.74%,0.034593,2026-09-23
SMCI,41.44,2026-10-02,9,Call,42.50,-2.56%,1.41,1.44,1.44,1277,478,2.67,74.61%,72.01%,0.43707,2026-09-23
GME,24.2,2026-09-25,2,Call,24.50,-1.24%,0.35,0.37,0.38,12101,4538,2.67,52.63%,69.82%,0.414929,2026-09-23
DELL,549.83,2026-09-25,2,Call,600.00,-9.12%,0.73,0.75,0.79,9244,3469,2.66,60.85%,74.26%,0.059654,2026-09-23
NVDA,225.51,2026-09-28,5,Call,230.00,-1.99%,1.08,1.07,1.1,15112,5676,2.66,33.01%,25.79%,0.266794,2026-09-23
MU,1071.88,2026-09-25,2,Call,"1,100.00",-2.62%,7.85,8,8.15,15642,5889,2.66,63.81%,58.44%,0.283565,2026-09-23
RIVN,15.02,2026-10-02,9,Call,15.00,+0.13%,0.47,0.5,0.52,1657,624,2.66,55.88%,50.83%,0.527355,2026-09-23
CRWD,262.49,2026-09-25,2,Put,232.50,-11.43%,0.09,0.11,0.19,2475,929,2.66,56.80%,83.31%,-0.02268,2026-09-23
NVDA,225.51,2026-10-05,12,Put,225.00,-0.23%,4.15,4.6,4.4,524,198,2.65,33.01%,28.45%,-0.465293,2026-09-23
AMD,614.61,2026-10-02,9,Put,595.00,-3.19%,10.65,11.15,11.15,556,210,2.65,53.93%,51.03%,-0.324531,2026-09-23
MRNA,182.11,2026-09-25,2,Call,185.00,-1.59%,3.15,3.3,3.5,3594,1359,2.64,83.17%,85.09%,0.414828,2026-09-23
ADBE,240.69,2027-02-19,149,Call,280.00,-16.33%,13.2,13.76,14.55,556,211,2.64,39.66%,42.51%,0.359747,2026-09-23
MSTR,162.2,2026-09-25,2,Put,172.50,+6.35%,10.25,10.82,11.6,558,211,2.64,69.98%,75.89%,-0.857065,2026-09-23
PATH,13.04,2026-12-18,86,Put,10.00,-23.31%,0.18,0.39,0.42,1731,655,2.64,54.98%,59.53%,-0.13749,2026-09-23
SNDK,1816.57,2026-09-25,2,Put,"1,740.00",-4.22%,10,10.6,11,755,287,2.63,74.71%,70.25%,-0.195477,2026-09-23
ABR,4.19,2027-04-16,205,Put,3.00,-28.40%,0.1,0.25,0.25,1000,380,2.63,46.99%,50.77%,-0.166901,2026-09-23
GOOG,334.98,2026-10-30,37,Put,335.00,+0.01%,14.65,14.89,15.1,582,222,2.62,33.35%,36.28%,-0.467492,2026-09-23
BABA,110.8,2026-10-30,37,Put,110.00,-0.72%,4.65,4.79,4.95,627,239,2.62,41.57%,37.25%,-0.449934,2026-09-23
QCOM,197.24,2027-02-19,149,Call,220.00,-11.54%,18,18.45,20,949,362,2.62,52.52%,53.79%,0.449411,2026-09-23
WMT,110.53,2026-10-16,23,Put,103.00,-6.81%,0.34,0.35,0.38,998,381,2.62,25.08%,24.00%,-0.109333,2026-09-23
META,744.1,2026-09-25,2,Call,860.00,-15.58%,0.21,0.26,0.29,1210,462,2.62,46.26%,88.42%,0.014793,2026-09-23
AAL,13.35,2026-10-16,23,Put,13.50,+1.12%,0.64,0.71,0.71,1373,524,2.62,47.84%,44.80%,-0.51487,2026-09-23
INTC,122.6,2026-10-02,9,Put,112.00,-8.65%,1.27,1.44,1.33,1427,547,2.61,68.17%,66.74%,-0.178062,2026-09-23
PLTR,191.79,2026-10-02,9,Put,182.50,-4.84%,2.21,2.21,2.33,2419,926,2.61,52.28%,49.63%,-0.246059,2026-09-23
NVDA,225.51,2026-09-30,7,Call,227.50,-0.88%,2.72,2.73,2.76,5224,2004,2.61,33.01%,28.66%,0.426629,2026-09-23
SPCX,148.36,2026-09-25,2,Call,150.00,-1.11%,1.69,1.72,1.72,16783,6427,2.61,50.22%,55.05%,0.40353,2026-09-23
CRWD,262.49,2026-09-25,2,Call,265.00,-0.96%,3.8,3.85,4,5230,2008,2.6,56.80%,64.62%,0.432264,2026-09-23
NVDA,225.51,2026-09-28,5,Call,227.50,-0.88%,1.9,1.9,1.92,6825,2626,2.6,33.01%,26.01%,0.398193,2026-09-23
MU,1071.88,2026-09-25,2,Call,"1,150.00",-7.29%,1.43,1.49,1.51,11631,4475,2.6,63.81%,62.68%,0.068303,2026-09-23
MCD,238.32,2027-01-15,114,Call,240.00,-0.70%,12.5,12.78,12.95,661,254,2.6,22.78%,24.96%,0.512508,2026-09-23
AMD,614.61,2026-10-02,9,Put,620.00,+0.88%,21.35,22.4,23,1022,393,2.6,53.93%,50.83%,-0.524087,2026-09-23
EOSE,3.58,2026-10-02,9,Put,3.50,-2.23%,0.14,0.14,0.16,1988,766,2.6,98.13%,85.15%,-0.404457,2026-09-23
NBIS,226.61,2027-04-16,205,Put,165.00,-27.19%,21.75,22.3,24.5,1330,514,2.59,82.83%,86.61%,-0.199703,2026-09-23
PLTR,191.79,2026-10-02,9,Call,220.00,-14.71%,0.38,0.41,0.41,1938,749,2.59,52.28%,53.92%,0.058536,2026-09-23
VKTX,41.65,2026-09-25,2,Call,45.00,-8.04%,0.4,0.5,0.57,4096,1579,2.59,77.07%,128.49%,0.22254,2026-09-23
INOD,71.99,2026-10-16,23,Call,80.00,-11.13%,2.8,3.7,4.1,567,220,2.58,92.62%,87.59%,0.359877,2026-09-23
PLTR,191.79,2026-10-23,30,Put,160.00,-16.58%,1.3,1.34,1.42,1170,453,2.58,52.28%,52.04%,-0.095225,2026-09-23
AVGO,354.99,2026-10-02,9,Call,357.50,-0.71%,6.25,6.3,6.85,643,250,2.57,36.12%,34.14%,0.464019,2026-09-23
SPCX,148.36,2026-10-02,9,Call,149.00,-0.43%,4.35,4.4,4.45,1479,576,2.57,50.22%,49.90%,0.498596,2026-09-23
FSLY,29.65,2026-10-16,23,Call,30.00,-1.18%,2.8,3.12,3.3,3427,1333,2.57,109.74%,107.14%,0.539805,2026-09-23
SHW,326.46,2026-10-16,23,Call,340.00,-4.15%,2.15,3.7,5.4,500,195,2.56,26.95%,26.29%,0.289264,2026-09-23
CRWD,262.49,2026-10-02,9,Call,275.00,-4.77%,4.55,4.7,4.85,598,234,2.56,56.80%,57.12%,0.321471,2026-09-23
ARM,332.56,2026-09-25,2,Call,337.50,-1.49%,6.2,6.19,6.9,640,250,2.56,75.28%,88.67%,0.425195,2026-09-23
META,744.1,2026-10-09,16,Call,760.00,-2.14%,22.85,23.52,23.7,726,284,2.56,46.26%,47.91%,0.442346,2026-09-23
ONON,30.16,2026-11-20,58,Call,35.00,-16.05%,0.76,0.88,0.85,1043,407,2.56,44.42%,47.67%,0.256182,2026-09-23
AMD,614.61,2026-09-25,2,Put,585.00,-4.82%,1.56,1.58,1.66,1959,766,2.56,53.93%,58.29%,-0.120893,2026-09-23
FSLY,29.65,2026-09-25,2,Call,24.00,+19.06%,5.4,6.3,6.5,599,235,2.55,109.74%,246.33%,0.894689,2026-09-23
SPCX,148.36,2026-09-25,2,Call,155.00,-4.48%,0.48,0.5,0.51,45745,17939,2.55,50.22%,56.78%,0.154896,2026-09-23
GOOG,334.98,2026-10-02,9,Call,350.00,-4.48%,2.1,2.15,2.22,4653,1835,2.54,33.35%,33.89%,0.217398,2026-09-23
PLTR,191.79,2026-10-09,16,Call,230.00,-19.92%,0.47,0.5,0.53,538,212,2.54,52.28%,52.71%,0.057549,2026-09-23
MU,1071.88,2026-09-25,2,Put,"1,095.00",+2.16%,31.25,31.7,32.55,638,251,2.54,63.81%,56.85%,-0.685382,2026-09-23
FDX,291.5,2026-12-18,86,Call,400.00,-37.22%,0.27,0.77,1.21,709,279,2.54,30.27%,34.83%,0.03951,2026-09-23
RIOT,24.69,2026-12-18,86,Put,24.00,-2.79%,3.3,3.4,3.6,550,217,2.53,82.35%,83.10%,-0.386308,2026-09-23
RDDT,151.98,2026-09-25,2,Call,152.50,-0.34%,2.29,2.42,2.52,662,262,2.53,61.24%,58.77%,0.479314,2026-09-23
TSLA,380.12,2026-09-28,5,Call,380.00,+0.03%,6.2,6.39,6.4,4454,1769,2.52,41.52%,34.60%,0.516434,2026-09-23
PLTR,191.79,2026-10-16,23,Call,230.00,-19.92%,0.95,0.97,1,5304,2108,2.52,52.28%,50.89%,0.090253,2026-09-23
SMCI,41.44,2026-09-25,2,Call,42.50,-2.56%,0.54,0.54,0.56,9751,3872,2.52,74.61%,79.73%,0.346449,2026-09-23
MU,1071.88,2026-09-25,2,Put,"1,060.00",-1.11%,11.9,12.3,12.6,1970,783,2.52,63.81%,56.04%,-0.384463,2026-09-23
MU,1071.88,2026-09-25,2,Put,"1,120.00",+4.49%,48.2,49.84,53,537,214,2.51,63.81%,51.82%,-0.869856,2026-09-23
CRWV,86.9,2026-10-02,9,Put,86.00,-1.04%,3.25,3.4,3.6,590,235,2.51,75.14%,71.94%,-0.438201,2026-09-23
MU,1071.88,2026-10-02,9,Call,"1,075.00",-0.29%,52.1,52.85,53.5,910,364,2.5,63.81%,80.17%,0.518879,2026-09-23
FSLY,29.65,2026-09-25,2,Call,30.00,-1.18%,1.1,1.3,1.45,16853,6754,2.5,109.74%,163.65%,0.486215,2026-09-23
META,744.1,2026-10-02,9,Put,720.00,-3.24%,12.35,12.5,13,736,296,2.49,46.26%,50.05%,-0.319868,2026-09-23
MCD,238.32,2026-10-02,9,Put,240.00,+0.70%,3.9,4.2,4.6,832,334,2.49,22.78%,22.50%,-0.569863,2026-09-23
DELL,549.83,2026-09-25,2,Call,555.00,-0.94%,8.35,8.5,8.75,880,354,2.49,60.85%,66.81%,0.436136,2026-09-23
LOW,191.36,2026-10-16,23,Call,205.00,-7.13%,1.15,1.35,1.5,3092,1241,2.49,29.37%,28.76%,0.182099,2026-09-23
OKTA,205.36,2026-09-25,2,Put,187.50,-8.70%,0.11,0.22,0.45,625,252,2.48,58.52%,78.21%,-0.054359,2026-09-23
XTND,3.95,2026-12-18,86,Call,5.00,-26.58%,0.4,0.44,0.5,880,355,2.48,114.18%,101.22%,0.414836,2026-09-23
CENX,38.82,2026-11-20,58,Call,45.00,-15.92%,1.4,1.95,2,1020,411,2.48,57.06%,60.22%,0.317976,2026-09-23
META,744.1,2026-09-25,2,Call,770.00,-3.48%,6.7,6.8,7,7312,2954,2.48,46.26%,74.51%,0.277843,2026-09-23
TSLA,380.12,2026-09-25,2,Put,370.00,-2.66%,1.3,1.32,1.33,13125,5297,2.48,41.52%,43.15%,-0.193016,2026-09-23
AAPL,337.02,2026-09-25,2,Call,345.00,-2.37%,0.5,0.51,0.52,25378,10294,2.47,24.13%,28.80%,0.140488,2026-09-23
AMZN,249.27,2026-09-25,2,Call,255.00,-2.30%,0.7,0.7,0.73,26180,10599,2.47,32.86%,35.41%,0.198792,2026-09-23
SHOP,142.34,2026-09-25,2,Call,147.00,-3.27%,1.11,1.2,1.31,1133,459,2.47,57.25%,69.49%,0.275415,2026-09-23
HOOD,122.7,2026-09-25,2,Put,130.00,+5.95%,7.25,7.9,7.9,514,209,2.46,64.55%,62.36%,-0.890674,2026-09-23
MCD,238.32,2026-11-20,58,Put,225.00,-5.59%,3.1,3.3,3.5,565,230,2.46,22.78%,22.91%,-0.244367,2026-09-23
MCHP,75.53,2027-01-15,114,Put,82.50,+9.23%,12.1,12.2,12.6,729,296,2.46,49.68%,49.86%,-0.563304,2026-09-23
AGNC,9.91,2027-01-15,114,Call,9.00,+9.18%,0.92,0.97,1,1017,413,2.46,23.82%,16.59%,0.858637,2026-09-23
OPEN,2.58,2026-10-02,9,Call,2.50,+3.10%,0.13,0.16,0.15,1571,638,2.46,74.52%,58.54%,0.6551,2026-09-23
BE,275.19,2026-10-02,9,Call,280.00,-1.75%,10.5,11.4,11.75,2048,831,2.46,79.20%,76.41%,0.469528,2026-09-23
DELL,549.83,2026-09-25,2,Call,590.00,-7.31%,1.27,1.34,1.33,2853,1158,2.46,60.85%,71.64%,0.096835,2026-09-23
AAPL,337.02,2026-09-28,5,Call,340.00,-0.88%,2.09,2.2,2.38,3065,1247,2.46,24.13%,21.91%,0.377695,2026-09-23
UBER,69.42,2026-09-25,2,Call,70.00,-0.84%,0.49,0.54,0.57,9929,4033,2.46,35.81%,37.91%,0.39168,2026-09-23
INTC,122.6,2026-09-25,2,Put,116.00,-5.38%,0.58,0.62,0.62,5236,2135,2.45,68.17%,77.24%,-0.158754,2026-09-23
AMD,614.61,2026-10-02,9,Put,615.00,+0.06%,19.3,19.6,20.2,507,207,2.45,53.93%,51.48%,-0.483281,2026-09-23
GME,24.2,2026-11-20,58,Put,20.00,-17.36%,0.26,0.3,0.32,822,335,2.45,52.63%,44.54%,-0.125214,2026-09-23
PANW,393.3,2026-10-02,9,Call,390.00,+0.84%,14.55,15,15.65,977,399,2.45,54.18%,53.77%,0.560953,2026-09-23
AVGO,354.99,2026-09-28,5,Call,365.00,-2.82%,1.56,1.63,1.7,1079,440,2.45,36.12%,30.45%,0.226488,2026-09-23
NVDA,225.51,2026-10-09,16,Call,227.50,-0.88%,4.85,4.93,5.1,2529,1034,2.45,33.01%,30.48%,0.4672,2026-09-23
IOT,39.08,2028-01-21,485,Call,55.00,-40.74%,5.6,7.1,8.8,503,206,2.44,53.52%,61.79%,0.483634,2026-09-23
META,744.1,2026-10-02,9,Put,715.00,-3.91%,10.55,11,11.35,551,226,2.44,46.26%,49.88%,-0.288283,2026-09-23
OPEN,2.58,2026-10-09,16,Call,2.50,+3.10%,0.18,0.18,0.24,571,234,2.44,74.52%,77.67%,0.612377,2026-09-23
MSTR,162.2,2026-10-02,9,Put,147.00,-9.37%,1.54,1.5,1.68,682,280,2.44,69.98%,68.71%,-0.165014,2026-09-23
TSSI,9.28,2026-12-18,86,Call,12.50,-34.70%,0.65,0.75,1.05,975,400,2.44,85.56%,98.71%,0.358409,2026-09-23
VKTX,41.65,2026-09-25,2,Call,43.00,-3.24%,0.82,0.95,1.07,1046,429,2.44,77.07%,121.87%,0.379732,2026-09-23
SPCX,148.36,2026-10-09,16,Put,155.00,+4.48%,9.75,10.05,10,1132,464,2.44,50.22%,48.51%,-0.644385,2026-09-23
JOBY,6.25,2026-10-02,9,Put,6.50,+4.00%,0.39,0.42,0.5,1429,585,2.44,65.37%,77.04%,-0.601916,2026-09-23
VLO,375.84,2026-09-25,2,Put,355.00,-5.54%,0.6,1.25,1.85,1645,675,2.44,53.74%,68.89%,-0.125717,2026-09-23
VKTX,41.65,2026-09-25,2,Call,41.00,+1.56%,1.3,1.94,2,2575,1054,2.44,77.07%,106.08%,0.595733,2026-09-23
NVDA,225.51,2026-09-25,2,Put,227.50,+0.88%,3.2,3.19,3.25,13484,5526,2.44,33.01%,31.49%,-0.640471,2026-09-23
HOOD,122.7,2026-10-09,16,Call,160.00,-30.40%,0.28,0.3,0.32,934,385,2.43,64.55%,70.30%,0.042894,2026-09-23
BAC,56,2028-01-21,485,Call,57.50,-2.68%,6.9,7,7.1,2008,826,2.43,27.82%,27.90%,0.550159,2026-09-23
"Downloaded from Barchart.com as of 09-23-2026 07:11pm CDT"
