Symbol,Price~,"Exp Date",DTE,Type,Strike,Moneyness,Bid,Latest,Ask,Volume,"Open Int",Vol/OI,"Imp Vol",IV,Delta,Time
BB,8.62,2028-12-15,815,Call,15.00,-74.01%,2.5,2.67,2.79,19999,117,170.93,82.86%,76.69%,0.568094,2026-09-22
LUV,42.08,2026-09-25,3,Call,44.00,-4.56%,0.13,0.16,0.17,27140,161,168.57,41.64%,48.04%,0.158843,2026-09-22
EXE,87.03,2026-11-20,59,Put,80.00,-8.08%,1.5,1.6,1.75,19583,195,100.43,31.39%,32.12%,-0.232241,2026-09-22
PSKY,10.11,2026-11-20,59,Call,11.00,-8.80%,0.65,0.68,0.73,13942,156,89.37,61.64%,63.33%,0.422151,2026-09-22
HD,305.35,2026-09-25,3,Call,317.50,-3.98%,0.23,0.27,0.35,10068,114,88.32,26.80%,30.03%,0.078109,2026-09-22
MU,1096.16,2026-09-23,1,Call,"1,085.00",+1.02%,18.45,19.25,19.65,14053,175,80.3,64.91%,55.45%,0.64451,2026-09-22
PSKY,10.11,2026-10-16,24,Call,10.50,-3.86%,0.43,0.44,0.54,11210,143,78.39,61.64%,62.49%,0.440104,2026-09-22
MU,1096.16,2026-09-23,1,Put,"1,050.00",-4.21%,1.39,1.42,1.44,12428,173,71.84,64.91%,61.16%,-0.086484,2026-09-22
TSLA,378.9,2026-09-23,1,Put,377.50,-0.37%,2.64,2.65,2.67,57032,849,67.18,41.56%,42.08%,-0.427434,2026-09-22
MU,1096.16,2026-09-23,1,Put,"1,060.00",-3.30%,2.37,2.44,2.49,11268,171,65.89,64.91%,59.77%,-0.137675,2026-09-22
DAL,83.92,2026-09-25,3,Call,87.00,-3.67%,0.3,0.43,0.48,10049,157,64.01,46.78%,46.22%,0.202049,2026-09-22
NRG,102.75,2026-11-20,59,Call,120.00,-16.79%,3,3.22,3.3,10224,162,63.11,49.49%,52.08%,0.26614,2026-09-22
WFC,83.15,2026-10-16,24,Call,89.00,-7.04%,0.77,0.78,0.88,11244,180,62.47,31.50%,32.05%,0.219032,2026-09-22
POR,47.37,2026-10-16,24,Call,50.00,-5.55%,0.05,0.15,0.15,7860,128,61.41,23.23%,16.71%,0.10487,2026-09-22
PDSB,0.91,2027-05-21,241,Call,0.5000,+45.05%,0.5,0.6,0.9,13707,241,56.88,207.01%,242.87%,0.903807,2026-09-22
MSTR,167.33,2026-10-02,10,Put,162.50,-2.89%,5.3,5.3,5.5,6417,113,56.79,71.67%,70.15%,-0.375421,2026-09-22
NVDA,228.87,2026-09-23,1,Put,230.00,+0.49%,2.11,2.13,2.16,26185,491,53.33,33.20%,31.61%,-0.612381,2026-09-22
AMD,623.77,2026-09-23,1,Put,620.00,-0.60%,5,5,5.25,7669,145,52.89,55.04%,52.90%,-0.406767,2026-09-22
MTCH,41.71,2026-10-16,24,Put,40.00,-4.10%,0.7,0.7,0.75,5469,106,51.59,34.35%,34.36%,-0.297613,2026-09-22
MU,1096.16,2026-09-23,1,Call,"1,090.00",+0.56%,15.5,16.25,16.8,19171,383,50.05,64.91%,55.97%,0.583321,2026-09-22
TSLA,378.9,2026-09-23,1,Put,380.00,+0.29%,3.9,4,4,32260,648,49.78,41.56%,42.79%,-0.545684,2026-09-22
AAPL,339.75,2026-09-23,1,Put,345.00,+1.55%,4.55,5.5,6.4,7092,147,48.24,23.93%,24.42%,-0.883825,2026-09-22
META,736.59,2026-09-23,1,Call,755.00,-2.50%,2.4,2.5,2.55,19078,412,46.31,44.54%,56.21%,0.205786,2026-09-22
KVYO,15.87,2026-11-20,59,Call,17.50,-10.27%,1.3,1.4,1.4,7852,171,45.92,68.91%,76.14%,0.441643,2026-09-22
SKHY,195.37,2026-10-02,10,Call,230.00,-17.73%,1.03,1.1,1.12,5668,126,44.98,63.85%,73.20%,0.10061,2026-09-22
LOW,196.08,2026-12-18,87,Put,170.00,-13.30%,2.6,2.73,2.95,6020,135,44.59,28.41%,32.41%,-0.158259,2026-09-22
SHOP,147.74,2026-09-25,3,Call,152.50,-3.22%,1.52,1.6,1.65,7798,176,44.31,55.10%,63.39%,0.302261,2026-09-22
PFE,27.93,2026-10-16,24,Call,27.50,+1.54%,0.87,0.9,0.97,7117,163,43.66,22.79%,24.98%,0.600005,2026-09-22
AMD,623.77,2026-09-23,1,Put,615.00,-1.41%,3.3,3.3,3.45,13449,332,40.51,55.04%,53.43%,-0.300322,2026-09-22
PAA,24.55,2026-11-20,59,Put,25.00,+1.83%,0.95,1.25,1.3,4097,103,39.78,20.15%,20.68%,-0.585731,2026-09-22
TSLA,378.9,2026-09-23,1,Put,372.50,-1.69%,1,1.03,1.02,55278,1394,39.65,41.56%,41.66%,-0.212904,2026-09-22
NVDA,228.87,2026-09-23,1,Put,227.50,-0.60%,0.91,0.92,0.93,72278,1881,38.43,33.20%,31.77%,-0.354234,2026-09-22
NVDA,228.87,2029-01-19,850,Call,200.00,+12.61%,76.55,78.46,80.05,10060,274,36.72,33.20%,43.33%,0.740219,2026-09-22
META,736.59,2026-10-09,17,Put,565.00,-23.30%,0.01,0.3,0.32,3623,100,36.23,44.54%,50.46%,-0.006163,2026-09-22
AMD,623.77,2026-09-25,3,Put,612.50,-1.81%,7.5,7.85,7.95,7263,209,34.75,55.04%,56.50%,-0.349514,2026-09-22
DAR,61.63,2027-01-15,115,Put,55.00,-10.76%,2.6,2.7,3.5,4762,140,34.01,44.32%,46.20%,-0.271997,2026-09-22
TSLA,378.9,2026-09-23,1,Call,377.50,+0.37%,4,4,4.15,68651,2022,33.95,41.56%,41.87%,0.573156,2026-09-22
USAR,16.99,2026-11-20,59,Call,18.00,-5.94%,1.74,1.92,2.01,4288,129,33.24,76.05%,82.55%,0.503979,2026-09-22
BABA,116.31,2026-10-30,38,Call,120.00,-3.17%,4.95,5,6.1,6021,187,32.2,43.44%,47.57%,0.448783,2026-09-22
TSLA,378.9,2026-09-23,1,Call,382.50,-0.95%,1.93,1.96,1.96,52268,1632,32.03,41.56%,43.23%,0.343746,2026-09-22
META,736.59,2026-09-25,3,Put,747.50,+1.48%,21.75,22.5,22.5,3972,125,31.78,44.54%,60.38%,-0.593816,2026-09-22
TSLA,378.9,2026-09-23,1,Put,375.00,-1.03%,1.67,1.7,1.7,85914,2739,31.37,41.56%,41.72%,-0.312522,2026-09-22
MU,1096.16,2026-09-25,3,Put,"1,080.00",-1.47%,15.9,16,17,3762,123,30.59,64.91%,60.43%,-0.380905,2026-09-22
APH,82.84,2026-11-20,59,Put,65.00,-21.54%,0.55,0.7,0.75,36432,1193,30.54,42.01%,47.54%,-0.08306,2026-09-22
MU,1096.16,2026-09-23,1,Call,"1,160.00",-5.82%,1.1,1.17,1.15,5094,167,30.5,64.91%,70.36%,0.064755,2026-09-22
AVGO,364.54,2026-10-16,24,Call,362.50,+0.56%,15.1,15.2,15.35,3817,129,29.59,37.24%,37.22%,0.550132,2026-09-22
WULF,17.33,2029-01-19,850,Call,30.00,-73.11%,5.65,6.05,6.1,7502,257,29.19,81.92%,117.88%,0.513998,2026-09-22
CIFR,19.09,2029-01-19,850,Call,35.00,-83.34%,6.55,7.4,8.2,7026,244,28.8,98.34%,90.63%,0.627031,2026-09-22
VVV,28.67,2026-10-16,24,Call,30.00,-4.64%,0.5,0.58,0.7,3199,114,28.06,44.05%,37.75%,0.341534,2026-09-22
USAR,16.99,2026-11-20,59,Put,14.00,-17.60%,0.76,0.8,0.84,4572,165,27.71,76.05%,79.81%,-0.21775,2026-09-22
MSFT,498,2026-09-23,1,Call,497.50,+0.10%,2.99,3.1,3.2,18562,676,27.46,27.20%,27.11%,0.533267,2026-09-22
AAPL,339.75,2026-09-23,1,Call,345.00,-1.55%,0.29,0.31,0.32,181724,6625,27.43,23.93%,25.94%,0.132226,2026-09-22
MU,1096.16,2026-09-23,1,Call,"1,075.00",+1.93%,25.1,26.4,26.6,16556,614,26.96,64.91%,54.84%,0.757081,2026-09-22
RSKD,7.01,2026-10-16,24,Call,7.50,-6.99%,0.35,0.4,0.45,2736,102,26.82,85.03%,82.08%,0.418985,2026-09-22
INTC,123.86,2026-10-09,17,Call,140.00,-13.03%,2.53,2.53,2.59,11114,420,26.46,69.35%,72.16%,0.242185,2026-09-22
AAPL,339.75,2026-09-23,1,Call,347.50,-2.28%,0.11,0.11,0.13,98625,3760,26.23,23.93%,27.21%,0.058179,2026-09-22
MSFT,498,2026-09-23,1,Call,502.50,-0.90%,1.07,1.1,1.11,21710,854,25.42,27.20%,26.49%,0.262314,2026-09-22
PURR,13.95,2027-03-19,178,Call,19.00,-36.20%,2.25,2.5,2.65,3003,120,25.03,98.44%,99.69%,0.472562,2026-09-22
META,736.59,2026-09-23,1,Put,747.50,+1.48%,14.7,15.2,15.35,5557,223,24.92,44.54%,55.04%,-0.689227,2026-09-22
WFC,83.15,2026-10-30,38,Put,77.00,-7.40%,0.86,0.9,1.02,9917,398,24.92,31.50%,30.36%,-0.197816,2026-09-22
MSFT,498,2026-09-23,1,Call,500.00,-0.40%,1.83,1.83,1.95,39989,1608,24.87,27.20%,26.49%,0.391101,2026-09-22
MRK,150.91,2026-12-18,87,Call,175.00,-15.96%,2.21,2.56,2.48,10374,418,24.82,28.99%,31.67%,0.194478,2026-09-22
TSLA,378.9,2026-09-23,1,Put,385.00,+1.61%,7.3,7.35,7.45,5895,238,24.77,41.56%,44.45%,-0.749356,2026-09-22
NDAQ,94.5,2026-12-18,87,Call,110.00,-16.40%,1,1.03,1.25,2997,122,24.57,27.48%,29.02%,0.16785,2026-09-22
AMD,623.77,2026-10-02,10,Put,600.00,-3.81%,11.3,11.65,11.75,6269,261,24.02,55.04%,53.34%,-0.310669,2026-09-22
TSLA,378.9,2026-09-23,1,Call,385.00,-1.61%,1.28,1.29,1.3,67298,2802,24.02,41.56%,44.16%,0.249779,2026-09-22
VZ,46.45,2026-09-25,3,Put,46.50,+0.11%,0.43,0.46,0.51,3537,148,23.9,25.16%,26.19%,-0.516237,2026-09-22
AMD,623.77,2026-09-25,3,Put,620.00,-0.60%,10.7,10.9,11.1,3152,132,23.88,55.04%,56.80%,-0.44105,2026-09-22
SNDK,1887.04,2026-09-25,3,Call,"1,890.00",-0.16%,53.5,54.05,54.8,2865,121,23.68,78.35%,81.05%,0.507766,2026-09-22
JPM,340,2026-09-25,3,Call,342.50,-0.74%,2.2,2.27,2.4,3771,160,23.57,26.63%,27.42%,0.391186,2026-09-22
COSM,0.3542,2026-11-20,59,Call,0.5000,-42.86%,0.05,0.1,0.15,3459,147,23.53,187.15%,248.76%,0.564071,2026-09-22
MU,1096.16,2026-09-23,1,Call,"1,080.00",+1.47%,21.6,22.45,22.95,26068,1114,23.4,64.91%,55.00%,0.703267,2026-09-22
TSLA,378.9,2026-09-23,1,Call,380.00,-0.29%,2.85,2.84,2.9,125738,5409,23.25,41.56%,42.66%,0.454525,2026-09-22
MU,1096.16,2026-09-23,1,Put,"1,040.00",-5.12%,0.83,0.85,0.9,27605,1196,23.08,64.91%,63.66%,-0.055059,2026-09-22
META,736.59,2026-09-23,1,Call,780.00,-5.89%,0.35,0.41,0.42,26812,1164,23.03,44.54%,61.94%,0.040331,2026-09-22
META,736.59,2026-09-25,3,Put,735.00,-0.22%,14.95,15.15,15.4,5086,221,23.01,44.54%,60.32%,-0.471647,2026-09-22
MU,1096.16,2026-09-23,1,Put,"1,025.00",-6.49%,0.42,0.44,0.46,3792,167,22.71,64.91%,68.26%,-0.02879,2026-09-22
SNDK,1887.04,2026-09-25,3,Put,"1,900.00",+0.69%,61.2,62.29,63,2443,108,22.62,78.35%,81.29%,-0.521061,2026-09-22
SNDK,1887.04,2026-09-25,3,Put,"1,850.00",-1.96%,37.1,37.3,40,2569,114,22.54,78.35%,81.87%,-0.37917,2026-09-22
MSFT,498,2026-09-23,1,Call,505.00,-1.41%,0.58,0.6,0.62,44958,2002,22.46,27.20%,26.83%,0.163211,2026-09-22
META,736.59,2026-09-23,1,Put,755.00,+2.50%,20.45,21.13,21.4,2307,103,22.4,44.54%,57.15%,-0.790595,2026-09-22
QSR,71.91,2026-10-16,24,Call,72.50,-0.82%,1.5,1.58,1.8,3044,141,21.59,25.52%,26.17%,0.464236,2026-09-22
OSCR,30.67,2026-09-25,3,Put,29.50,-3.81%,0.37,0.38,0.52,4944,231,21.4,72.75%,84.23%,-0.29081,2026-09-22
MU,1096.16,2026-09-23,1,Call,"1,095.00",+0.11%,13.65,13.85,14.05,12488,586,21.31,64.91%,57.74%,0.52129,2026-09-22
MU,1096.16,2026-09-23,1,Call,"1,145.00",-4.46%,1.94,2.02,1.98,2509,118,21.26,64.91%,66.36%,0.108446,2026-09-22
NU,14.16,2026-11-20,59,Call,18.00,-27.12%,0.21,0.27,0.27,83549,3931,21.25,47.65%,53.51%,0.163553,2026-09-22
META,736.59,2026-09-23,1,Call,785.00,-6.57%,0.26,0.3,0.3,10540,503,20.95,44.54%,63.85%,0.029728,2026-09-22
RSKD,7.01,2026-12-18,87,Call,7.50,-6.99%,0.75,0.8,0.85,4917,237,20.75,85.03%,71.31%,0.502139,2026-09-22
META,736.59,2026-11-20,59,Call,925.00,-25.58%,10.1,10.4,10.4,2337,113,20.68,44.54%,48.66%,0.149506,2026-09-22
B,43.88,2028-12-15,815,Call,20.00,+54.42%,24.8,25.15,25.3,4462,217,20.56,41.22%,43.23%,0.925725,2026-09-22
TSLA,378.9,2026-09-23,1,Call,387.50,-2.27%,0.83,0.82,0.85,29918,1460,20.49,41.56%,45.23%,0.175633,2026-09-22
JPM,340,2026-09-25,3,Call,345.00,-1.47%,1.35,1.44,1.5,9795,480,20.41,26.63%,26.89%,0.280774,2026-09-22
BAC,56.2,2026-09-25,3,Call,57.00,-1.42%,0.28,0.29,0.29,19786,970,20.4,27.69%,29.30%,0.303669,2026-09-22
GRAB,3.17,2026-11-20,59,Put,3.00,-5.36%,0.21,0.21,0.24,3400,167,20.36,63.07%,62.80%,-0.358062,2026-09-22
NNE,17.32,2027-04-16,206,Call,26.00,-50.12%,1.95,2.08,2.3,2047,101,20.27,77.32%,83.58%,0.383132,2026-09-22
AMZN,254.98,2026-09-23,1,Call,257.50,-0.99%,0.78,0.8,0.82,42306,2093,20.21,32.69%,33.18%,0.290514,2026-09-22
MU,1096.16,2026-09-23,1,Call,"1,120.00",-2.17%,4.9,5.35,5.45,10106,505,20.01,64.91%,60.27%,0.253605,2026-09-22
GOOGL,351.16,2026-09-23,1,Put,357.50,+1.81%,6.75,6.15,7.2,5637,283,19.92,33.34%,36.95%,-0.819614,2026-09-22
GOOGL,351.16,2026-09-23,1,Call,362.50,-3.23%,0.21,0.22,0.22,26632,1341,19.86,33.34%,40.11%,0.066957,2026-09-22
CIFR,19.09,2026-10-16,24,Call,31.00,-62.39%,0.08,0.1,0.13,4656,235,19.81,98.34%,107.01%,0.052517,2026-09-22
LLY,1170.14,2026-09-25,3,Call,"1,220.00",-4.26%,2.1,2.1,2.35,6608,341,19.38,34.12%,37.69%,0.115646,2026-09-22
GOOGL,351.16,2026-09-23,1,Call,365.00,-3.94%,0.13,0.14,0.14,32529,1681,19.35,33.34%,42.55%,0.042669,2026-09-22
AMD,623.77,2026-09-23,1,Put,600.00,-3.81%,0.8,0.87,0.88,17998,940,19.15,55.04%,57.33%,-0.094631,2026-09-22
SHOP,147.74,2026-09-25,3,Call,160.00,-8.30%,0.42,0.48,0.5,12313,645,19.09,55.10%,68.73%,0.106818,2026-09-22
MU,1096.16,2026-09-23,1,Call,"1,100.00",-0.35%,11.45,11.5,11.7,54403,2866,18.98,64.91%,58.27%,0.46167,2026-09-22
HL,19.03,2026-11-20,59,Put,20.00,+5.10%,2.28,2.37,2.43,2007,107,18.76,60.18%,60.61%,-0.526322,2026-09-22
CVNA,65.4,2027-03-19,178,Call,95.00,-45.26%,3.55,4.3,4,2021,109,18.54,60.61%,61.34%,0.269682,2026-09-22
NU,14.16,2026-11-20,59,Put,16.00,+12.99%,2.15,2.32,2.4,10893,592,18.4,47.65%,49.44%,-0.69344,2026-09-22
BMY,62.25,2026-10-02,10,Call,65.00,-4.42%,0.16,0.19,0.26,3377,184,18.35,28.38%,25.40%,0.156244,2026-09-22
META,736.59,2026-09-23,1,Call,795.00,-7.93%,0.13,0.16,0.16,7570,413,18.33,44.54%,67.22%,0.015842,2026-09-22
GOOGL,351.16,2026-09-23,1,Put,355.00,+1.09%,4.8,5,5.15,9359,511,18.32,33.34%,35.85%,-0.714704,2026-09-22
MU,1096.16,2026-09-28,6,Call,"1,090.00",+0.56%,31,31.75,32.25,2837,156,18.19,64.91%,50.27%,0.551233,2026-09-22
AAPL,339.75,2026-09-28,6,Call,355.00,-4.49%,0.24,0.26,0.27,1966,110,17.87,23.93%,21.84%,0.062452,2026-09-22
NVDA,228.87,2026-09-23,1,Call,232.50,-1.59%,0.39,0.39,0.4,168650,9537,17.68,33.20%,32.98%,0.184561,2026-09-22
META,736.59,2026-09-23,1,Call,750.00,-1.82%,3.45,3.47,3.6,33510,1911,17.54,44.54%,55.40%,0.272792,2026-09-22
MSFT,498,2026-09-23,1,Call,495.00,+0.60%,4.5,4.65,4.85,9135,529,17.27,27.20%,28.03%,0.66443,2026-09-22
EOSE,4.06,2026-10-23,31,Put,3.50,-13.79%,0.19,0.2,0.21,3359,195,17.23,100.90%,97.49%,-0.250148,2026-09-22
SHOP,147.74,2026-09-25,3,Call,149.00,-0.85%,2.64,2.77,2.88,1964,114,17.23,55.10%,62.12%,0.45329,2026-09-22
INTC,123.86,2026-09-30,8,Put,122.00,-1.50%,3.8,3.98,3.9,2184,127,17.2,69.35%,65.56%,-0.416619,2026-09-22
SNDK,1887.04,2026-09-25,3,Call,"2,200.00",-16.58%,3.4,3.45,3.5,8246,488,16.9,78.35%,99.91%,0.049927,2026-09-22
PNC,227.96,2026-12-18,87,Put,210.00,-7.88%,4.3,4.3,5.2,2009,120,16.74,28.64%,27.56%,-0.243991,2026-09-22
CSCO,106.44,2026-09-25,3,Call,105.00,+1.35%,2.01,2.23,2.4,2186,131,16.69,34.08%,35.40%,0.672054,2026-09-22
META,736.59,2026-09-23,1,Call,770.00,-4.54%,0.85,0.85,0.87,32291,1950,16.56,44.54%,60.18%,0.082334,2026-09-22
TSM,452,2027-09-17,360,Call,540.00,-19.47%,42.35,44.51,45.3,2511,155,16.2,33.91%,38.70%,0.423635,2026-09-22
AAPL,339.75,2026-09-23,1,Call,342.50,-0.81%,0.75,0.77,0.79,108370,6696,16.18,23.93%,25.48%,0.277205,2026-09-22
AMD,623.77,2026-09-23,1,Call,615.00,+1.41%,11.8,12,12.5,9735,602,16.17,55.04%,52.95%,0.701393,2026-09-22
MRNA,182.56,2026-09-25,3,Call,210.00,-15.03%,0.29,0.31,0.34,6038,374,16.14,82.29%,91.88%,0.05094,2026-09-22
MRNA,182.56,2026-10-30,38,Call,190.00,-4.08%,19.6,20.03,21.45,2254,140,16.1,82.29%,99.59%,0.519285,2026-09-22
DAR,61.63,2027-01-15,115,Call,65.00,-5.47%,4.5,5.01,5.4,4774,297,16.07,44.32%,43.81%,0.482364,2026-09-22
USB,59.44,2026-11-20,59,Call,62.50,-5.15%,1.15,1.2,1.24,6019,376,16.01,27.38%,24.78%,0.324804,2026-09-22
SNOW,336.59,2026-10-02,10,Call,375.00,-11.41%,1.17,1.34,1.44,1642,103,15.94,47.03%,49.50%,0.102769,2026-09-22
MU,1096.16,2026-09-28,6,Call,"1,070.00",+2.39%,38.55,42.45,44.95,1895,119,15.92,64.91%,47.33%,0.669349,2026-09-22
META,736.59,2026-09-23,1,Put,750.00,+1.82%,16.55,16.8,17.3,8873,562,15.79,44.54%,55.83%,-0.72593,2026-09-22
MRNA,182.56,2026-09-25,3,Call,185.00,-1.34%,4.2,4.27,4.35,11393,722,15.78,82.29%,81.03%,0.444339,2026-09-22
EOSE,4.06,2026-09-25,3,Put,4.50,+10.84%,0.42,0.48,0.5,4160,265,15.7,100.90%,95.06%,-0.875114,2026-09-22
VKTX,40.85,2027-02-19,150,Call,50.00,-22.40%,5.1,6,6.45,1632,104,15.69,78.74%,82.55%,0.465121,2026-09-22
TSLA,378.9,2026-09-23,1,Put,370.00,-2.35%,0.59,0.59,0.6,46842,2987,15.68,41.56%,42.31%,-0.138198,2026-09-22
AMC,2.97,2027-01-15,115,Put,3.00,+1.01%,0.56,0.57,0.62,58612,3758,15.6,84.74%,87.70%,-0.407322,2026-09-22
TSLA,378.9,2026-09-23,1,Put,382.50,+0.95%,5.45,5.51,5.6,7926,509,15.57,41.56%,43.43%,-0.656005,2026-09-22
MU,1096.16,2026-09-23,1,Call,"1,105.00",-0.81%,8.95,9.54,9.75,6892,449,15.35,64.91%,57.71%,0.402219,2026-09-22
MU,1096.16,2026-09-23,1,Call,"1,170.00",-6.74%,0.77,0.8,0.82,2236,146,15.32,64.91%,73.18%,0.046463,2026-09-22
ABSI,10.71,2027-01-15,115,Call,6.00,+43.98%,4.9,5.45,6,2601,171,15.21,88.65%,130.69%,0.879661,2026-09-22
INOD,69.97,2026-10-16,24,Call,70.00,-0.04%,5.3,6.4,6.4,5270,347,15.19,86.12%,81.00%,0.545093,2026-09-22
NBIS,236.12,2026-09-25,3,Put,237.50,+0.58%,8.05,8.15,8.2,1572,104,15.12,84.15%,86.99%,-0.512542,2026-09-22
MU,1096.16,2026-09-23,1,Call,"1,140.00",-4.00%,2.35,2.4,2.39,4352,288,15.11,64.91%,65.06%,0.128857,2026-09-22
BAC,56.2,2026-09-25,3,Put,57.00,+1.42%,1,1,1.06,37109,2457,15.1,27.69%,26.57%,-0.716081,2026-09-22
SNDK,1887.04,2026-09-25,3,Call,"1,880.00",+0.37%,58.4,58.8,59.7,2084,138,15.1,78.35%,81.01%,0.536525,2026-09-22
AAPL,339.75,2026-09-23,1,Put,337.50,-0.66%,0.89,0.92,0.93,30778,2043,15.07,23.93%,25.85%,-0.307194,2026-09-22
GME,24.03,2026-09-25,3,Put,23.50,-2.21%,0.28,0.27,0.3,2726,181,15.06,53.18%,59.38%,-0.33072,2026-09-22
CRM,233.28,2026-09-25,3,Call,235.00,-0.74%,2.73,2.82,2.9,4756,319,14.91,39.47%,42.36%,0.434062,2026-09-22
META,736.59,2026-09-23,1,Call,747.50,-1.48%,4,4.2,4.3,9254,621,14.9,44.54%,54.80%,0.31035,2026-09-22
MU,1096.16,2026-09-23,1,Call,"1,200.00",-9.47%,0.3,0.33,0.33,9494,639,14.86,64.91%,82.07%,0.018627,2026-09-22
META,736.59,2026-09-23,1,Call,775.00,-5.21%,0.56,0.59,0.6,13839,932,14.85,44.54%,61.10%,0.058153,2026-09-22
MU,1096.16,2026-09-23,1,Call,"1,125.00",-2.63%,4.2,4.4,4.4,5006,338,14.81,64.91%,61.69%,0.216161,2026-09-22
GOOGL,351.16,2026-09-23,1,Call,357.50,-1.81%,0.64,0.66,0.69,14672,997,14.72,33.34%,36.99%,0.181489,2026-09-22
DASH,192.21,2026-09-25,3,Call,200.00,-4.05%,1,1.15,1.25,1542,105,14.69,47.10%,53.66%,0.215838,2026-09-22
GSAT,82.52,2026-10-16,24,Put,82.50,-0.02%,0.55,1.27,3,2030,140,14.5,16.55%,22.16%,-0.474538,2026-09-22
HON,211.85,2026-12-18,87,Call,240.00,-13.29%,3.6,3.85,3.9,2311,161,14.35,29.09%,30.76%,0.220089,2026-09-22
ZETA,30.13,2026-11-20,59,Call,35.00,-16.16%,1.75,1.79,1.91,2480,173,14.34,64.23%,71.50%,0.360649,2026-09-22
TSLA,378.9,2026-09-23,1,Call,390.00,-2.93%,0.53,0.54,0.54,55279,3856,14.34,41.56%,46.27%,0.119751,2026-09-22
CCEP,102.31,2026-11-20,59,Call,110.00,-7.52%,0.7,1.15,1.2,1839,129,14.26,23.34%,21.15%,0.202611,2026-09-22
SNOW,336.59,2026-09-25,3,Call,337.50,-0.27%,5.75,5.75,6.35,2279,160,14.24,47.03%,52.90%,0.489586,2026-09-22
RGTI,16.52,2027-02-19,150,Call,30.00,-81.60%,0.68,0.8,0.9,1805,127,14.21,75.02%,82.62%,0.202756,2026-09-22
AAPL,339.75,2026-09-28,6,Call,347.50,-2.28%,1.03,1.06,1.13,3269,233,14.03,23.93%,21.02%,0.210852,2026-09-22
AVGO,364.54,2026-09-23,1,Put,362.50,-0.56%,1.62,1.69,1.71,3229,231,13.98,37.24%,33.82%,-0.370768,2026-09-22
AMZN,254.98,2026-09-23,1,Put,255.00,+0.01%,1.61,1.64,1.7,19732,1414,13.95,32.69%,31.11%,-0.496701,2026-09-22
META,736.59,2026-09-23,1,Call,760.00,-3.18%,1.7,1.72,1.79,28166,2051,13.73,44.54%,57.45%,0.153311,2026-09-22
UBER,69.89,2026-10-16,24,Call,76.00,-8.74%,0.61,0.64,0.66,1747,129,13.54,35.50%,34.75%,0.192367,2026-09-22
MU,1096.16,2026-09-23,1,Call,"1,130.00",-3.09%,3.55,3.65,3.6,6393,475,13.46,64.91%,63.11%,0.183775,2026-09-22
TSLA,378.9,2026-09-23,1,Put,367.50,-3.01%,0.35,0.35,0.36,22042,1640,13.44,41.56%,43.63%,-0.088021,2026-09-22
NKTR,60.97,2026-10-16,24,Put,65.00,+6.61%,6.2,7.2,9.3,2463,184,13.39,78.87%,86.99%,-0.566757,2026-09-22
MRNA,182.56,2026-09-25,3,Put,180.00,-1.40%,4.1,4.2,4.35,3866,291,13.29,82.29%,82.85%,-0.409458,2026-09-22
GOOGL,351.16,2026-09-23,1,Put,342.50,-2.47%,0.32,0.34,0.35,3896,296,13.16,33.34%,37.79%,-0.100844,2026-09-22
SHOP,147.74,2026-09-25,3,Call,155.00,-4.91%,1,1.04,1.14,7521,572,13.15,55.10%,65.39%,0.219276,2026-09-22
META,736.59,2027-03-19,178,Call,"1,100.00",-49.34%,15.45,16.31,16.25,3788,292,12.97,44.54%,45.78%,0.148917,2026-09-22
VKTX,40.85,2026-09-25,3,Call,45.00,-10.16%,0.69,0.72,0.76,4397,340,12.93,78.74%,142.09%,0.246841,2026-09-22
IBRX,9.29,2027-01-15,115,Call,11.00,-18.41%,1.8,1.85,1.95,11974,927,12.92,100.76%,116.96%,0.535577,2026-09-22
VZ,46.45,2026-09-25,3,Put,45.50,-2.05%,0.12,0.15,0.17,1984,154,12.88,25.16%,28.53%,-0.210405,2026-09-22
NOK,10.82,2026-10-16,24,Put,9.50,-12.20%,0.13,0.14,0.16,4539,353,12.86,60.32%,56.52%,-0.163376,2026-09-22
NCLH,14.22,2026-11-20,59,Call,15.00,-5.49%,0.95,0.98,0.99,1556,121,12.86,50.51%,55.16%,0.459026,2026-09-22
VZ,46.45,2026-11-20,59,Call,46.00,+0.97%,1.85,1.92,2,1980,154,12.86,25.16%,23.98%,0.545582,2026-09-22
AMD,623.77,2026-09-23,1,Call,620.00,+0.60%,8.6,8.5,9,21186,1649,12.85,55.04%,51.68%,0.59535,2026-09-22
CPRI,15.19,2026-10-16,24,Call,15.00,+1.25%,1.15,1.3,1.3,17262,1346,12.82,66.56%,71.97%,0.568841,2026-09-22
META,736.59,2026-09-23,1,Call,742.50,-0.80%,5.5,5.75,5.85,6274,490,12.8,44.54%,53.54%,0.394476,2026-09-22
XYZ,77.53,2026-11-20,59,Put,65.00,-16.16%,1.23,1.3,1.33,11314,885,12.78,41.30%,48.19%,-0.150483,2026-09-22
META,736.59,2026-09-23,1,Put,722.50,-1.91%,2.59,2.83,2.89,4363,343,12.72,44.54%,51.70%,-0.232519,2026-09-22
NRG,102.75,2026-12-18,87,Call,125.00,-21.65%,3,3.44,3.5,10075,792,12.72,49.49%,49.19%,0.247922,2026-09-22
MU,1096.16,2026-09-23,1,Put,"1,020.00",-6.95%,0.34,0.36,0.38,4047,319,12.69,64.91%,70.04%,-0.023575,2026-09-22
SNDK,1887.04,2026-09-25,3,Call,"1,910.00",-1.22%,45.4,45.66,46,1701,134,12.69,78.35%,81.86%,0.451507,2026-09-22
MRNA,182.56,2026-09-25,3,Call,215.00,-17.77%,0.2,0.23,0.29,1628,129,12.62,82.29%,99.22%,0.038373,2026-09-22
NICE,118.29,2026-11-20,59,Call,100.00,+15.46%,20.1,19.5,22.6,10043,798,12.59,50.09%,51.72%,0.82509,2026-09-22
WMT,110.12,2026-10-16,24,Call,111.00,-0.80%,2.33,2.35,2.36,1627,130,12.52,24.80%,23.66%,0.471318,2026-09-22
WIX,80.1,2026-12-18,87,Put,70.00,-12.61%,5.4,6.3,7.1,1507,121,12.45,73.48%,74.30%,-0.283353,2026-09-22
TSLA,378.9,2026-09-23,1,Call,375.00,+1.03%,5.5,5.6,5.65,48940,3995,12.25,41.56%,41.07%,0.690333,2026-09-22
MSFT,498,2026-09-23,1,Put,490.00,-1.61%,0.47,0.5,0.53,8642,706,12.24,27.20%,28.23%,-0.133861,2026-09-22
MU,1096.16,2026-09-23,1,Put,"1,045.00",-4.67%,1.07,1.07,1.13,5686,466,12.2,64.91%,62.32%,-0.068842,2026-09-22
EHC,122.76,2026-10-16,24,Call,135.00,-9.97%,0.2,0.2,1.5,1881,156,12.06,26.28%,34.41%,0.156002,2026-09-22
HIMS,30.43,2026-09-25,3,Call,34.00,-11.73%,0.12,0.13,0.13,28684,2384,12.03,73.62%,93.96%,0.10451,2026-09-22
TSLA,378.9,2026-09-25,3,Put,377.50,-0.37%,5,5.09,5.1,8355,695,12.02,41.56%,42.18%,-0.451311,2026-09-22
DOCU,66.76,2026-09-25,3,Call,69.00,-3.36%,0.42,0.49,0.49,1369,114,12.01,49.18%,51.64%,0.24977,2026-09-22
AVGO,364.54,2026-09-23,1,Put,365.00,+0.13%,2.74,2.77,2.91,1509,127,11.88,37.24%,34.17%,-0.523112,2026-09-22
AMD,623.77,2026-09-23,1,Put,610.00,-2.21%,2.03,2.12,2.19,8488,720,11.79,55.04%,53.88%,-0.209277,2026-09-22
META,736.59,2026-09-23,1,Put,745.00,+1.14%,13,13.3,13.5,7384,637,11.59,44.54%,54.49%,-0.648502,2026-09-22
MRNA,182.56,2026-09-25,3,Call,197.50,-8.18%,1.11,1.1,1.17,1227,106,11.58,82.29%,84.02%,0.160908,2026-09-22
LFTO,16.35,2026-10-16,24,Put,30.00,+83.49%,13.6,13.65,13.9,3527,305,11.56,78.68%,138.61%,-0.940521,2026-09-22
INTC,123.86,2026-09-23,1,Call,122.00,+1.50%,2.76,2.8,2.85,29110,2522,11.54,69.35%,66.60%,0.675117,2026-09-22
SNDK,1887.04,2026-09-25,3,Put,"1,870.00",-0.90%,45.5,46.6,47.7,1560,136,11.47,78.35%,80.87%,-0.434949,2026-09-22
META,736.59,2026-09-25,3,Put,755.00,+2.50%,26.05,25.25,28.3,1616,141,11.46,44.54%,61.13%,-0.660642,2026-09-22
YOU,39.03,2026-11-20,59,Call,50.00,-28.11%,0.5,0.85,0.95,2017,176,11.46,47.70%,56.69%,0.168768,2026-09-22
VKTX,40.85,2026-09-25,3,Put,35.00,-14.32%,0.16,0.23,0.24,2748,240,11.45,78.74%,130.55%,-0.085744,2026-09-22
DELL,548.92,2026-09-25,3,Call,592.50,-7.94%,1.81,1.95,2.04,1988,174,11.43,62.23%,68.93%,0.117582,2026-09-22
MU,1096.16,2026-09-23,1,Call,"1,070.00",+2.39%,28.85,29.95,30.55,14678,1288,11.4,64.91%,54.75%,0.805311,2026-09-22
TEM,77.19,2026-09-25,3,Put,73.00,-5.43%,0.66,0.79,0.86,2658,234,11.36,76.07%,83.66%,-0.218463,2026-09-22
NVDA,228.87,2026-09-23,1,Put,232.50,+1.59%,3.9,4,4.45,1370,121,11.32,33.20%,37.94%,-0.782388,2026-09-22
PANW,374.57,2026-12-18,87,Call,440.00,-17.47%,18.65,20.05,20.55,3485,310,11.24,52.96%,55.56%,0.335283,2026-09-22
AVGO,364.54,2026-09-23,1,Call,377.50,-3.56%,0.2,0.23,0.23,5259,468,11.24,37.24%,42.83%,0.061354,2026-09-22
AMD,623.77,2026-09-23,1,Call,645.00,-3.40%,1.03,1.06,1.09,3278,297,11.04,55.04%,54.20%,0.122603,2026-09-22
JPM,340,2026-09-25,3,Call,340.00,0.00%,3.3,3.5,3.65,2382,216,11.03,26.63%,28.05%,0.507425,2026-09-22
VKTX,40.85,2026-09-25,3,Put,33.00,-19.22%,0.05,0.13,0.21,1228,112,10.96,78.74%,151.54%,-0.05219,2026-09-22
GOOGL,351.16,2026-09-23,1,Call,352.50,-0.38%,1.97,2,2.08,14394,1313,10.96,33.34%,35.76%,0.424967,2026-09-22
CVX,202.41,2026-09-25,3,Call,207.50,-2.51%,0.56,0.61,0.75,3493,320,10.92,27.27%,32.15%,0.201234,2026-09-22
NKE,36.1,2026-10-16,24,Put,36.00,-0.28%,1.69,1.75,1.76,8794,810,10.86,48.07%,48.02%,-0.466877,2026-09-22
GOOGL,351.16,2026-10-16,24,Put,347.50,-1.04%,8.9,8.97,9.25,1178,109,10.81,33.34%,31.13%,-0.423394,2026-09-22
AVGO,364.54,2026-09-23,1,Call,362.50,+0.56%,3.65,3.75,3.85,7793,721,10.81,37.24%,34.06%,0.628632,2026-09-22
MTCH,41.71,2026-12-18,87,Put,37.50,-10.09%,1.1,1.35,1.85,1500,139,10.79,34.35%,41.64%,-0.259113,2026-09-22
PGY,20.77,2026-11-20,59,Call,24.00,-15.55%,1.3,1.45,2.1,1746,162,10.78,67.48%,84.18%,0.405082,2026-09-22
META,736.59,2026-09-23,1,Call,745.00,-1.14%,4.7,4.82,5,15233,1415,10.77,44.54%,54.09%,0.350696,2026-09-22
MU,1096.16,2026-09-23,1,Put,"1,010.00",-7.86%,0.24,0.29,0.27,3541,329,10.76,64.91%,74.10%,-0.016497,2026-09-22
MRNA,182.56,2026-09-25,3,Call,195.00,-6.81%,1.44,1.48,1.65,4384,410,10.69,82.29%,83.97%,0.204964,2026-09-22
AMD,623.77,2026-09-23,1,Put,602.50,-3.41%,1.01,1.07,1.11,2233,209,10.68,55.04%,56.38%,-0.116324,2026-09-22
GOOGL,351.16,2026-09-23,1,Call,355.00,-1.09%,1.15,1.2,1.22,21640,2032,10.65,33.34%,36.18%,0.287746,2026-09-22
CBRS,212.41,2026-09-25,3,Call,217.50,-2.40%,3.5,3.82,4.2,2296,216,10.63,73.45%,77.63%,0.383192,2026-09-22
GOOGL,351.16,2026-09-23,1,Put,347.50,-1.04%,1.13,1.18,1.2,6000,566,10.6,33.34%,35.71%,-0.282862,2026-09-22
PONY,7.29,2026-09-25,3,Call,7.50,-2.88%,0.1,0.14,0.14,3555,336,10.58,68.62%,77.63%,0.357879,2026-09-22
ALAB,363.46,2026-09-25,3,Call,400.00,-10.05%,2.55,2.9,3.05,1925,182,10.58,85.96%,102.53%,0.163297,2026-09-22
META,736.59,2026-09-23,1,Put,740.00,+0.46%,9.85,10,10.3,12679,1199,10.57,44.54%,53.81%,-0.558477,2026-09-22
META,736.59,2026-09-23,1,Put,725.00,-1.57%,3.35,3.38,3.6,8490,804,10.56,44.54%,52.34%,-0.275618,2026-09-22
META,736.59,2026-09-23,1,Put,742.50,+0.80%,11.25,11.44,12,4801,455,10.55,44.54%,54.27%,-0.604285,2026-09-22
FSLY,26.08,2026-09-25,3,Call,28.00,-7.36%,0.4,0.38,0.5,2951,284,10.39,91.88%,119.22%,0.27408,2026-09-22
SNDK,1887.04,2026-09-25,3,Put,"1,830.00",-3.02%,29.4,29.55,30.2,1161,112,10.37,78.35%,79.98%,-0.321617,2026-09-22
ADBE,238.25,2026-09-25,3,Call,245.00,-2.83%,1.51,1.6,1.72,1803,174,10.36,40.79%,47.18%,0.265995,2026-09-22
WULF,17.33,2026-12-18,87,Call,23.00,-32.72%,1.16,1.3,1.31,4328,418,10.35,81.92%,92.81%,0.305681,2026-09-22
MU,1096.16,2026-09-23,1,Call,"1,135.00",-3.54%,2.86,2.95,2.9,4876,476,10.24,64.91%,63.83%,0.153253,2026-09-22
META,736.59,2026-09-23,1,Call,805.00,-9.29%,0.06,0.1,0.1,4245,417,10.18,44.54%,70.88%,0.008842,2026-09-22
CVX,202.41,2026-10-02,10,Call,207.50,-2.51%,1.64,1.75,1.98,1069,105,10.18,27.27%,28.29%,0.306102,2026-09-22
HVT,28.27,2026-10-16,24,Call,30.00,-6.12%,0.35,0.45,0.5,1853,182,10.18,59.45%,36.34%,0.274653,2026-09-22
JBLU,4.55,2026-10-23,31,Put,4.50,-1.10%,0.26,0.29,0.29,1177,116,10.15,63.17%,58.16%,-0.434664,2026-09-22
QCOM,198.27,2026-10-02,10,Call,210.00,-5.92%,3.25,3.4,3.45,3801,375,10.14,53.53%,58.14%,0.293031,2026-09-22
QBTS,17.56,2026-10-09,17,Call,18.00,-2.51%,0.81,0.89,0.93,1874,186,10.08,72.14%,69.52%,0.468641,2026-09-22
PYPL,52.89,2026-09-25,3,Put,54.00,+2.10%,1.28,1.31,1.84,2190,218,10.05,34.91%,46.86%,-0.678747,2026-09-22
VKTX,40.85,2026-09-25,3,Call,41.00,-0.37%,1.8,2,1.9,2208,220,10.04,78.74%,129.69%,0.512023,2026-09-22
PLTR,184.99,2026-09-25,3,Put,182.50,-1.35%,2.17,2.21,2.21,11162,1116,10,49.94%,49.75%,-0.371198,2026-09-22
AMD,623.77,2026-09-23,1,Call,635.00,-1.80%,2.62,2.62,2.88,13894,1401,9.92,55.04%,52.91%,0.265357,2026-09-22
MU,1096.16,2026-09-23,1,Call,"1,150.00",-4.91%,1.6,1.66,1.64,17949,1816,9.88,64.91%,67.64%,0.091099,2026-09-22
SHOP,147.74,2026-09-25,3,Call,148.00,-0.18%,2.91,3.26,3.35,1546,157,9.85,55.10%,60.54%,0.500334,2026-09-22
STM,53.41,2026-09-25,3,Call,55.00,-2.98%,0.45,0.5,0.55,1748,178,9.82,52.73%,56.91%,0.295295,2026-09-22
AVGO,364.54,2026-09-23,1,Call,367.50,-0.81%,1.48,1.48,1.56,8231,845,9.74,37.24%,35.85%,0.338178,2026-09-22
ORCL,149.2,2026-10-09,17,Call,155.00,-3.89%,4.05,4.1,4.2,6208,639,9.72,50.83%,50.18%,0.386363,2026-09-22
GME,24.03,2026-09-25,3,Put,24.00,-0.12%,0.51,0.55,0.58,1512,156,9.69,53.18%,64.22%,-0.481001,2026-09-22
NVDA,228.87,2026-09-23,1,Put,225.00,-1.69%,0.34,0.36,0.36,48073,4978,9.66,33.20%,33.63%,-0.162997,2026-09-22
VZ,46.45,2026-09-25,3,Call,47.00,-1.18%,0.21,0.22,0.27,2918,303,9.63,25.16%,27.63%,0.321231,2026-09-22
MO,68.64,2026-10-16,24,Call,71.00,-3.44%,0.63,0.75,0.77,1104,115,9.6,22.85%,23.07%,0.285213,2026-09-22
NNE,17.32,2028-01-21,486,Call,28.00,-61.66%,4,4.3,4.5,2221,232,9.57,77.32%,83.90%,0.517431,2026-09-22
AMD,623.77,2026-09-25,3,Put,565.00,-9.42%,0.58,0.62,0.66,1546,162,9.54,55.04%,64.11%,-0.041253,2026-09-22
AMD,623.77,2026-09-23,1,Put,625.00,+0.20%,7.45,7.68,7.7,1086,114,9.53,55.04%,53.48%,-0.521345,2026-09-22
MU,1096.16,2026-09-23,1,Call,"1,110.00",-1.26%,7.35,7.5,8.05,9257,973,9.51,64.91%,58.47%,0.347708,2026-09-22
MSFT,498,2026-09-23,1,Call,507.50,-1.91%,0.31,0.32,0.34,11043,1161,9.51,27.20%,27.51%,0.096875,2026-09-22
HIMS,30.43,2028-12-15,815,Call,37.00,-21.59%,12.4,13.57,14.4,1049,111,9.45,73.62%,83.52%,0.706324,2026-09-22
XOM,158.71,2026-10-09,17,Put,150.00,-5.49%,0.93,1.03,1.11,1348,143,9.43,29.50%,29.76%,-0.179169,2026-09-22
WPC,66.89,2027-04-16,206,Call,75.00,-12.12%,0.7,0.85,0.95,975,104,9.38,19.21%,17.19%,0.185127,2026-09-22
INTC,123.86,2026-09-23,1,Call,124.00,-0.11%,1.68,1.68,1.71,12916,1377,9.38,69.35%,67.97%,0.495414,2026-09-22
AMZN,254.98,2026-09-23,1,Call,255.00,-0.01%,1.68,1.73,1.76,29948,3194,9.38,32.69%,32.26%,0.503864,2026-09-22
NEE,79.26,2026-10-16,24,Call,83.00,-4.72%,0.38,0.43,0.46,1427,154,9.27,21.52%,19.95%,0.19205,2026-09-22
NVDA,228.87,2026-09-23,1,Call,227.50,+0.60%,2.26,2.3,2.3,65464,7076,9.25,33.20%,31.12%,0.648832,2026-09-22
ABVX,98.29,2026-09-25,3,Call,100.00,-1.74%,1.5,1.7,2,942,102,9.24,63.78%,69.77%,0.406563,2026-09-22
MU,1096.16,2026-09-28,6,Call,"1,080.00",+1.47%,34,37.29,37.75,1374,149,9.22,64.91%,47.89%,0.611098,2026-09-22
DELL,548.92,2026-09-25,3,Call,617.50,-12.49%,0.41,0.5,0.5,1133,123,9.21,62.23%,69.77%,0.033974,2026-09-22
ARM,333.2,2026-09-25,3,Call,375.00,-12.55%,1.37,1.39,1.4,3624,394,9.2,75.94%,98.67%,0.101474,2026-09-22
NEM,127.26,2026-11-20,59,Call,155.00,-21.80%,2.17,2.27,2.27,5153,561,9.19,43.13%,47.75%,0.181992,2026-09-22
IREN,48.55,2026-10-02,10,Put,48.00,-1.13%,2.19,2.23,2.3,1062,116,9.16,83.09%,79.46%,-0.437008,2026-09-22
GRAB,3.17,2026-11-20,59,Call,4.00,-26.18%,0.13,0.14,0.14,19923,2175,9.16,63.07%,74.02%,0.270043,2026-09-22
CBRS,212.41,2026-11-20,59,Call,290.00,-36.53%,6.9,7.7,10,1037,114,9.1,73.45%,84.74%,0.233914,2026-09-22
AMD,623.77,2026-09-25,3,Call,617.50,+1.01%,15.95,16.11,16.55,2220,244,9.1,55.04%,56.88%,0.589987,2026-09-22
VZ,46.45,2026-10-09,17,Put,45.00,-3.12%,0.49,0.54,0.58,1054,116,9.09,25.16%,27.89%,-0.293961,2026-09-22
BKNG,164.22,2026-11-20,59,Call,170.00,-3.52%,8.1,9.76,10,963,106,9.08,40.30%,42.72%,0.463287,2026-09-22
NVDA,228.87,2026-09-30,8,Call,230.00,-0.49%,3.55,3.6,3.65,14291,1582,9.03,33.20%,30.02%,0.470919,2026-09-22
AVGO,364.54,2026-09-23,1,Call,365.00,-0.13%,2.38,2.46,2.45,13980,1553,9,37.24%,34.46%,0.477476,2026-09-22
SHOP,147.74,2026-09-25,3,Call,147.00,+0.50%,3.35,3.67,3.95,991,111,8.93,55.10%,60.86%,0.549348,2026-09-22
NU,14.16,2026-10-16,24,Put,13.50,-4.66%,0.35,0.36,0.41,2059,232,8.88,47.65%,47.36%,-0.319027,2026-09-22
INTC,123.86,2026-09-23,1,Put,121.00,-2.31%,0.63,0.66,0.66,14189,1598,8.88,69.35%,66.91%,-0.246087,2026-09-22
SNDK,1887.04,2026-09-25,3,Call,"1,845.00",+2.23%,76.2,78.1,81.1,896,101,8.87,78.35%,81.14%,0.635762,2026-09-22
AVGO,364.54,2026-09-23,1,Put,357.50,-1.93%,0.44,0.48,0.5,2196,248,8.85,37.24%,34.70%,-0.138535,2026-09-22
PANW,374.57,2026-12-18,87,Call,380.00,-1.45%,37.75,39.87,40.5,3331,378,8.81,52.96%,55.06%,0.545284,2026-09-22
META,736.59,2026-09-23,1,Put,735.00,-0.22%,7.1,7.28,7.55,5492,625,8.79,44.54%,52.89%,-0.462194,2026-09-22
ARQT,27.78,2026-10-16,24,Call,27.50,+1.01%,1.95,1.96,3.4,3939,449,8.77,69.26%,88.66%,0.566998,2026-09-22
AMD,623.77,2026-09-25,3,Put,615.00,-1.41%,8.65,8.8,8.95,3704,423,8.76,55.04%,57.04%,-0.38032,2026-09-22
META,736.59,2026-09-23,1,Put,730.00,-0.89%,4.95,5.1,5.25,10216,1176,8.69,44.54%,52.19%,-0.364733,2026-09-22
MU,1096.16,2026-09-25,3,Call,"1,090.00",+0.56%,25,27.3,27.4,4411,508,8.68,64.91%,57.72%,0.555465,2026-09-22
AMD,623.77,2026-09-23,1,Call,625.00,-0.20%,6,6.04,6.35,12040,1388,8.67,55.04%,51.72%,0.477844,2026-09-22
IOVA,10.64,2026-09-25,3,Call,0.50,+95.30%,9.2,10.17,10.7,2578,300,8.59,92.20%,"1,475.90%",0.998433,2026-09-22
NVDA,228.87,2026-09-23,1,Call,235.00,-2.68%,0.14,0.15,0.15,128438,14986,8.57,33.20%,35.10%,0.077122,2026-09-22
TSLA,378.9,2026-09-23,1,Put,390.00,+2.93%,11.15,11.15,12,1361,159,8.56,41.56%,45.51%,-0.885011,2026-09-22
DELL,548.92,2026-11-20,59,Call,570.00,-3.84%,47.6,48.45,49,1338,157,8.52,62.23%,63.79%,0.500334,2026-09-22
IBM,231.38,2026-12-18,87,Call,255.00,-10.21%,8.85,9.61,9.65,1678,197,8.52,36.75%,39.47%,0.343072,2026-09-22
PCOR,50.85,2026-10-16,24,Put,50.00,-1.67%,1.9,2.4,2.75,1021,120,8.51,54.03%,53.92%,-0.418862,2026-09-22
ABVX,98.29,2027-02-19,150,Call,150.00,-52.61%,2.9,3.6,4.8,1072,126,8.51,63.78%,62.48%,0.207313,2026-09-22
MU,1096.16,2026-09-25,3,Call,"1,120.00",-2.17%,13,14.66,14.9,6253,735,8.51,64.91%,59.62%,0.357319,2026-09-22
MRNA,182.56,2026-11-20,59,Call,220.00,-20.51%,15.4,15.96,16.2,2761,325,8.5,82.29%,95.70%,0.390902,2026-09-22
RIVN,15.14,2026-10-09,17,Call,16.00,-5.68%,0.4,0.42,0.43,3152,372,8.47,57.97%,56.79%,0.353545,2026-09-22
INTC,123.86,2027-04-16,206,Call,105.00,+15.23%,34.95,34.5,35.3,3473,412,8.43,69.35%,69.35%,0.729549,2026-09-22
SCHW,100.35,2026-09-25,3,Put,100.00,-0.35%,0.96,1.03,1.12,2009,239,8.41,30.74%,33.54%,-0.44611,2026-09-22
AAPL,339.75,2026-09-23,1,Put,335.00,-1.40%,0.38,0.39,0.41,28599,3403,8.4,23.93%,26.99%,-0.15631,2026-09-22
META,736.59,2026-09-23,1,Call,765.00,-3.86%,1.2,1.25,1.29,10749,1281,8.39,44.54%,59.04%,0.113877,2026-09-22
AMD,623.77,2026-09-28,6,Call,615.00,+1.41%,19.55,20.25,21.2,1536,183,8.39,55.04%,48.56%,0.605718,2026-09-22
INTC,123.86,2027-06-17,268,Put,125.00,+0.92%,26.6,26.85,27.05,6866,828,8.29,69.35%,66.62%,-0.382081,2026-09-22
INTC,123.86,2026-09-23,1,Call,121.00,+2.31%,3.4,3.55,3.55,10370,1252,8.28,69.35%,64.92%,0.760259,2026-09-22
AMZN,254.98,2026-09-23,1,Call,260.00,-1.97%,0.33,0.34,0.36,48150,5822,8.27,32.69%,34.81%,0.145557,2026-09-22
COMP,9.67,2026-11-20,59,Call,10.00,-3.41%,0.85,1,1,3925,478,8.21,60.79%,67.27%,0.513283,2026-09-22
TSLA,378.9,2026-09-30,8,Put,375.00,-1.03%,6.35,6.45,6.5,2385,291,8.2,41.56%,37.49%,-0.410613,2026-09-22
RKT,12.74,2026-10-16,24,Call,12.50,+1.88%,0.84,0.79,0.93,2510,307,8.18,57.43%,57.62%,0.586583,2026-09-22
GOOGL,351.16,2026-09-23,1,Put,345.00,-1.75%,0.62,0.63,0.66,7976,975,8.18,33.34%,36.69%,-0.174752,2026-09-22
AVGO,364.54,2026-09-23,1,Call,370.00,-1.50%,0.9,0.92,0.95,22246,2733,8.14,37.24%,37.24%,0.226937,2026-09-22
INTC,123.86,2026-09-23,1,Call,125.00,-0.92%,1.25,1.29,1.3,21306,2634,8.09,69.35%,68.63%,0.407227,2026-09-22
FRO,47.92,2026-10-16,24,Put,50.00,+4.34%,3.1,3.38,4.9,6952,861,8.07,50.35%,53.57%,-0.605996,2026-09-22
MRNA,182.56,2026-09-25,3,Put,170.00,-6.88%,1.3,1.35,1.39,5088,633,8.04,82.29%,86.25%,-0.169997,2026-09-22
TSLA,378.9,2026-09-23,1,Put,365.00,-3.67%,0.21,0.21,0.22,19231,2393,8.04,41.56%,45.31%,-0.055725,2026-09-22
TMC,4.41,2027-01-15,115,Call,6.00,-36.05%,0.03,0.47,1.42,1132,141,8.03,83.55%,119.73%,0.458533,2026-09-22
TER,398.69,2026-11-20,59,Put,390.00,-2.18%,37.5,42.51,43.2,855,107,7.99,67.57%,72.35%,-0.406447,2026-09-22
SNDK,1887.04,2026-09-25,3,Call,"1,960.00",-3.87%,29.1,29.5,30.3,1370,172,7.97,78.35%,84.79%,0.325901,2026-09-22
GOOGL,351.16,2026-09-28,6,Call,370.00,-5.37%,0.62,0.7,0.71,4181,525,7.96,33.34%,31.18%,0.101403,2026-09-22
ARM,333.2,2027-06-17,268,Put,170.00,-48.98%,8.3,8.8,10,1502,189,7.95,75.94%,72.36%,-0.075353,2026-09-22
NUAI,6.97,2026-10-16,24,Put,6.00,-13.92%,0.25,0.4,0.5,2519,317,7.95,121.03%,116.84%,-0.254858,2026-09-22
MU,1096.16,2026-10-02,10,Put,"1,070.00",-2.39%,40.55,42.6,43.7,2629,331,7.94,64.91%,76.44%,-0.397189,2026-09-22
MU,1096.16,2026-09-23,1,Call,"1,060.00",+3.30%,37.1,38.2,39.45,7726,974,7.93,64.91%,56.34%,0.876077,2026-09-22
AMD,623.77,2026-09-23,1,Put,590.00,-5.41%,0.33,0.36,0.4,4136,522,7.92,55.04%,62.69%,-0.043127,2026-09-22
BAC,56.2,2026-10-02,10,Call,57.00,-1.42%,0.6,0.64,0.65,1156,146,7.92,27.69%,25.78%,0.38216,2026-09-22
AMZN,254.98,2026-09-23,1,Call,247.50,+2.93%,7.45,7.77,8.1,2872,363,7.91,32.69%,44.24%,0.903526,2026-09-22
MRNA,182.56,2027-03-19,178,Put,95.00,-47.96%,4.6,4.98,5.65,4007,508,7.89,82.29%,86.35%,-0.078911,2026-09-22
CTMX,2.94,2026-11-20,59,Put,4.00,+36.05%,1.15,1.35,1.75,4200,534,7.87,84.29%,152.62%,-0.575744,2026-09-22
DOW,28.2,2027-09-17,360,Call,40.00,-41.84%,1.13,1.5,1.63,1381,176,7.85,39.76%,41.21%,0.242393,2026-09-22
INTC,123.86,2026-10-23,31,Put,125.00,+0.92%,11.05,11.44,11.25,986,126,7.83,69.35%,74.41%,-0.469613,2026-09-22
HAL,32.85,2026-11-20,59,Put,29.00,-11.72%,0.48,0.51,0.77,1096,140,7.83,37.08%,40.60%,-0.194397,2026-09-22
TSLA,378.9,2026-10-16,24,Call,387.50,-2.27%,12.3,12.66,12.45,1394,178,7.83,41.56%,40.68%,0.444272,2026-09-22
ASPI,3.18,2026-09-25,3,Call,1.00,+68.55%,2.05,2.22,2.3,2027,259,7.83,90.39%,858.49%,0.969675,2026-09-22
NU,14.16,2026-11-20,59,Call,19.00,-34.18%,0.13,0.15,0.2,82572,10579,7.81,47.65%,55.17%,0.117478,2026-09-22
MU,1096.16,2026-09-23,1,Call,"1,180.00",-7.65%,0.57,0.59,0.59,3194,410,7.79,64.91%,76.26%,0.034075,2026-09-22
NVDA,228.87,2026-09-25,3,Put,227.50,-0.60%,1.93,1.93,1.97,18046,2318,7.79,33.20%,31.51%,-0.408183,2026-09-22
INTC,123.86,2026-09-23,1,Call,123.00,+0.69%,2.17,2.17,2.2,24637,3172,7.77,69.35%,66.53%,0.587084,2026-09-22
AMD,623.77,2026-09-23,1,Put,597.50,-4.21%,0.64,0.7,0.71,1352,174,7.77,55.04%,58.54%,-0.077413,2026-09-22
PANW,374.57,2026-09-25,3,Call,370.00,+1.22%,8.95,10,10.65,2394,308,7.77,52.96%,53.64%,0.61139,2026-09-22
SHOP,147.74,2026-09-25,3,Put,140.00,-5.24%,0.64,0.67,0.73,2703,348,7.77,55.10%,60.83%,-0.15663,2026-09-22
TSLA,378.9,2026-09-23,1,Call,372.50,+1.69%,7.3,7.7,7.55,9924,1281,7.75,41.56%,41.28%,0.789259,2026-09-22
META,736.59,2029-01-19,850,Call,560.00,+23.97%,304.9,310.07,312,3174,411,7.72,44.54%,47.65%,0.801505,2026-09-22
UBER,69.89,2026-10-16,24,Call,73.00,-4.45%,1.23,1.32,1.36,1811,235,7.71,35.50%,34.17%,0.335062,2026-09-22
FSLY,26.08,2026-09-25,3,Call,29.00,-11.20%,0,0.26,0.3,4555,595,7.66,91.88%,100.12%,0.131214,2026-09-22
SNDK,1887.04,2026-09-25,3,Put,"1,800.00",-4.61%,20,20.5,20.7,3250,425,7.65,78.35%,79.55%,-0.243659,2026-09-22
AMZN,254.98,2026-09-23,1,Put,260.00,+1.97%,5,5.1,5.55,1276,167,7.64,32.69%,32.43%,-0.8729,2026-09-22
MU,1096.16,2026-09-23,1,Call,"1,055.00",+3.75%,41.5,42.73,43.9,2873,378,7.6,64.91%,56.30%,0.906055,2026-09-22
MSFT,498,2026-09-23,1,Put,502.50,+0.90%,5.25,5.25,5.7,1747,231,7.56,27.20%,25.54%,-0.746313,2026-09-22
C,132.47,2026-09-25,3,Call,131.00,+1.11%,2.38,2.55,2.58,758,101,7.5,33.15%,34.18%,0.648132,2026-09-22
CVNA,65.4,2026-10-16,24,Put,66.00,+0.92%,3.9,3.9,4.1,1638,219,7.48,60.61%,56.11%,-0.491628,2026-09-22
MSFT,498,2026-09-23,1,Put,492.50,-1.10%,0.8,0.87,0.94,8687,1162,7.48,27.20%,27.20%,-0.214118,2026-09-22
CIFR,19.09,2027-12-17,451,Call,37.00,-93.82%,4.45,4.6,4.8,1529,205,7.46,98.34%,97.23%,0.489819,2026-09-22
MRNA,182.56,2026-09-25,3,Call,182.50,+0.03%,5.25,5.45,5.9,4887,660,7.4,82.29%,83.61%,0.518414,2026-09-22
BE,276.53,2027-06-17,268,Put,80.00,-71.07%,1.6,2.01,2.04,1969,266,7.4,80.29%,86.27%,-0.018598,2026-09-22
META,736.59,2026-09-23,1,Put,715.00,-2.93%,1.21,1.44,1.44,9252,1252,7.39,44.54%,51.51%,-0.131305,2026-09-22
BILI,15.29,2027-01-15,115,Call,15.00,+1.90%,1.76,1.92,2.01,3278,444,7.38,49.17%,48.77%,0.599151,2026-09-22
IONQ,40.74,2026-10-09,17,Call,42.00,-3.09%,1.8,1.95,1.99,1055,143,7.38,71.15%,68.74%,0.45232,2026-09-22
AMD,623.77,2026-10-23,31,Call,700.00,-12.22%,14.8,15.2,15.5,2441,331,7.37,55.04%,55.10%,0.268221,2026-09-22
TSLA,378.9,2026-09-23,1,Call,392.50,-3.59%,0.33,0.33,0.34,9826,1341,7.33,41.56%,47.31%,0.079596,2026-09-22
GOOG,347.41,2026-11-20,59,Call,415.00,-19.46%,3.35,3.45,3.55,764,105,7.28,32.63%,37.04%,0.13958,2026-09-22
CRML,8.54,2026-10-16,24,Call,9.00,-5.39%,0.65,0.8,0.85,2864,394,7.27,108.08%,106.74%,0.481603,2026-09-22
MSFT,498,2026-09-23,1,Put,495.00,-0.60%,1.46,1.51,1.57,11764,1619,7.27,27.20%,26.74%,-0.328647,2026-09-22
WMT,110.12,2026-10-09,17,Call,116.00,-5.34%,0.42,0.48,0.51,1368,189,7.24,24.80%,23.31%,0.162506,2026-09-22
META,736.59,2026-09-25,3,Put,750.00,+1.82%,22.85,23.98,24.3,4665,652,7.15,44.54%,59.92%,-0.618343,2026-09-22
MARA,13.63,2026-10-02,10,Put,13.50,-0.95%,0.65,0.66,0.69,2905,407,7.14,83.67%,82.58%,-0.442603,2026-09-22
MU,1096.16,2026-09-25,3,Call,"1,160.00",-5.82%,5.55,5.81,5.8,4336,607,7.14,64.91%,63.66%,0.171819,2026-09-22
MRNA,182.56,2026-10-02,10,Call,190.00,-4.08%,6.3,6.5,6.8,1620,227,7.14,82.29%,79.37%,0.408716,2026-09-22
AAPL,339.75,2026-09-30,8,Call,355.00,-4.49%,0.48,0.5,0.62,867,122,7.11,23.93%,22.72%,0.102532,2026-09-22
IREN,48.55,2026-10-02,10,Put,47.00,-3.19%,1.75,1.78,1.83,2771,390,7.11,83.09%,79.53%,-0.374998,2026-09-22
UBER,69.89,2026-10-16,24,Call,78.00,-11.60%,0.35,0.4,0.44,1056,149,7.09,35.50%,35.57%,0.12884,2026-09-22
META,736.59,2026-09-23,1,Put,732.50,-0.56%,5.95,6.18,6.4,2582,364,7.09,44.54%,52.71%,-0.413429,2026-09-22
SNDK,1887.04,2026-09-25,3,Call,"1,920.00",-1.75%,41.2,42,42.5,1252,177,7.07,78.35%,82.21%,0.424226,2026-09-22
MSTR,167.33,2026-10-02,10,Put,167.50,+0.10%,7.8,7.85,8,1539,218,7.06,71.67%,71.43%,-0.477193,2026-09-22
AMD,623.77,2026-10-02,10,Put,592.50,-5.01%,9.05,10.4,9.35,931,132,7.05,55.04%,53.48%,-0.262675,2026-09-22
CNC,63.3,2026-09-25,3,Put,61.00,-3.63%,0.26,0.32,0.38,1276,181,7.05,45.16%,49.67%,-0.197537,2026-09-22
META,736.59,2026-09-23,1,Call,740.00,-0.46%,6.4,6.5,6.75,10948,1552,7.05,44.54%,52.77%,0.440434,2026-09-22
PYPL,52.89,2026-10-02,10,Call,55.00,-3.99%,0.51,0.65,0.58,2724,387,7.04,34.91%,37.43%,0.27781,2026-09-22
CSCO,106.44,2026-09-25,3,Put,104.00,-2.29%,0.41,0.44,0.5,2327,331,7.03,34.08%,35.22%,-0.227472,2026-09-22
MU,1096.16,2026-09-28,6,Call,"1,200.00",-9.47%,3.95,3.95,4.05,7266,1034,7.03,64.91%,55.46%,0.109525,2026-09-22
CRH,88.04,2026-10-16,24,Call,95.00,-7.91%,0.75,0.9,1.1,1776,253,7.02,35.34%,34.98%,0.21455,2026-09-22
SNDK,1887.04,2026-09-25,3,Call,"2,150.00",-13.94%,4.9,5.2,5.7,1965,280,7.02,78.35%,96.47%,0.074287,2026-09-22
LLY,1170.14,2026-09-25,3,Call,"1,235.00",-5.54%,0.81,1.05,1.26,1580,226,6.99,34.12%,37.80%,0.060593,2026-09-22
ON,73.6,2026-10-02,10,Call,75.00,-1.90%,1.98,1.9,2.3,4660,667,6.99,56.27%,56.15%,0.442108,2026-09-22
AMD,623.77,2026-09-23,1,Call,630.00,-1.00%,4.05,4.12,4.3,8955,1281,6.99,55.04%,52.10%,0.364226,2026-09-22
VERA,36.26,2026-10-16,24,Put,35.00,-3.47%,1.2,1.5,2,900,129,6.98,57.45%,60.57%,-0.375241,2026-09-22
HOOD,124.25,2026-10-23,31,Call,150.00,-20.72%,2.17,2.29,2.27,2338,335,6.98,63.62%,64.81%,0.187783,2026-09-22
DKNG,21.8,2026-10-02,10,Call,23.00,-5.50%,0.39,0.42,0.45,1357,195,6.96,58.69%,60.04%,0.315778,2026-09-22
ABUS,5.01,2026-10-16,24,Put,10.00,+99.60%,4.4,5,5.4,20805,3000,6.94,57.03%,134.97%,-0.972226,2026-09-22
CSCO,106.44,2026-09-25,3,Call,109.00,-2.41%,0.42,0.45,0.47,10087,1455,6.93,34.08%,34.73%,0.231475,2026-09-22
SNDK,1887.04,2026-10-02,10,Call,"2,500.00",-32.48%,5.6,5.9,5.8,922,133,6.93,78.35%,97.04%,0.047989,2026-09-22
ABUS,5.01,2026-10-16,24,Call,10.00,-99.60%,0,0.1,0.3,20750,3000,6.92,57.03%,201.00%,0.140355,2026-09-22
GME,24.03,2026-09-25,3,Call,24.50,-1.96%,0.43,0.45,0.45,10954,1586,6.91,53.18%,74.09%,0.398236,2026-09-22
GME,24.03,2026-10-02,10,Call,25.50,-6.12%,0.51,0.55,0.58,736,107,6.88,53.18%,69.61%,0.321229,2026-09-22
HOOD,124.25,2026-10-23,31,Call,145.00,-16.70%,2.89,3.22,3.05,2368,344,6.88,63.62%,64.28%,0.237609,2026-09-22
MRNA,182.56,2026-09-25,3,Call,200.00,-9.55%,0.84,0.86,0.9,25405,3696,6.87,82.29%,85.29%,0.127663,2026-09-22
WFC,83.15,2026-09-25,3,Put,85.00,+2.22%,1.76,1.68,2.17,5747,838,6.86,31.50%,22.47%,-0.857544,2026-09-22
SKHY,195.37,2026-10-02,10,Call,190.00,+2.75%,11.2,11.5,12.2,6627,970,6.83,63.85%,67.96%,0.622818,2026-09-22
NVTS,12.46,2026-10-16,24,Call,14.00,-12.36%,0.54,0.55,0.56,11265,1655,6.81,84.86%,85.32%,0.340007,2026-09-22
MRNA,182.56,2026-09-25,3,Call,190.00,-4.08%,2.47,2.6,2.7,22073,3243,6.81,82.29%,81.79%,0.309341,2026-09-22
CSCO,106.44,2026-09-25,3,Put,101.00,-5.11%,0.08,0.11,0.14,789,116,6.8,34.08%,38.97%,-0.065896,2026-09-22
AAPL,339.75,2026-09-30,8,Put,320.00,-5.81%,0.28,0.37,0.45,2839,420,6.76,23.93%,26.87%,-0.061495,2026-09-22
META,736.59,2026-09-23,1,Call,800.00,-8.61%,0.11,0.11,0.12,39044,5773,6.76,44.54%,69.69%,0.01246,2026-09-22
AAL,13.61,2026-09-25,3,Put,13.50,-0.81%,0.19,0.21,0.22,8405,1246,6.75,49.62%,52.35%,-0.422296,2026-09-22
SPRO,1.36,2026-10-16,24,Call,1.5000,-10.29%,0.1,0.13,0.15,675,100,6.75,198.60%,127.48%,0.448658,2026-09-22
NBIS,236.12,2027-09-17,360,Put,200.00,-15.30%,52.2,52.2,52.8,1026,152,6.75,84.15%,87.30%,-0.256195,2026-09-22
AVGO,364.54,2026-09-23,1,Call,375.00,-2.87%,0.34,0.35,0.36,9925,1473,6.74,37.24%,40.99%,0.09609,2026-09-22
AAPL,339.75,2026-09-28,6,Call,352.50,-3.75%,0.37,0.32,0.45,909,135,6.73,23.93%,21.38%,0.094989,2026-09-22
INTU,292.35,2026-10-09,17,Put,265.00,-9.36%,2.05,2.65,3.6,826,123,6.72,48.21%,49.45%,-0.163005,2026-09-22
CVX,202.41,2026-10-02,10,Call,205.00,-1.28%,2.51,2.64,2.84,1364,203,6.72,27.27%,28.48%,0.402789,2026-09-22
DELL,548.92,2026-09-25,3,Call,562.50,-2.47%,7.25,8.5,8.8,785,117,6.71,62.23%,68.23%,0.359401,2026-09-22
V,362.04,2026-09-25,3,Call,367.50,-1.51%,1.05,1.14,1.14,925,138,6.7,21.37%,23.20%,0.245079,2026-09-22
TSLA,378.9,2027-12-17,451,Call,780.00,-105.86%,15.65,15.5,16.35,1500,224,6.7,41.56%,50.17%,0.177194,2026-09-22
INTC,123.86,2026-10-23,31,Call,145.00,-17.07%,4.5,4.65,4.65,2508,375,6.69,69.35%,78.85%,0.288057,2026-09-22
RGTI,16.52,2026-10-09,17,Call,17.00,-2.91%,0.76,0.78,0.84,3775,566,6.67,75.02%,70.10%,0.459168,2026-09-22
GOOGL,351.16,2026-09-23,1,Put,352.50,+0.38%,3.2,3.29,3.4,10146,1521,6.67,33.34%,35.28%,-0.576603,2026-09-22
SNDK,1887.04,2026-09-25,3,Put,"1,710.00",-9.38%,5.6,6,5.9,772,116,6.66,78.35%,82.14%,-0.086287,2026-09-22
MRNA,182.56,2026-10-02,10,Call,185.00,-1.34%,8.1,8.55,9,839,126,6.66,82.29%,79.51%,0.489009,2026-09-22
UTI,20.41,2027-12-17,451,Put,20.00,-2.01%,4.4,4.8,5,752,113,6.65,60.10%,60.99%,-0.340651,2026-09-22
ORCL,149.2,2026-10-30,38,Call,180.00,-20.64%,2.19,2.25,2.39,2151,324,6.64,50.83%,55.60%,0.17265,2026-09-22
SPCX,154.72,2026-10-02,10,Call,187.50,-21.19%,0.18,0.18,0.2,1068,161,6.63,50.44%,60.82%,0.032267,2026-09-22
TSLA,378.9,2026-09-25,3,Put,382.50,+0.95%,7.75,7.85,7.9,1486,224,6.63,41.56%,42.93%,-0.586208,2026-09-22
SOUN,6.12,2026-10-16,24,Put,10.00,+63.40%,3.8,3.87,3.95,20015,3017,6.63,64.44%,99.87%,-0.969954,2026-09-22
AMD,623.77,2026-10-02,10,Put,620.00,-0.60%,19.7,19.75,20.35,721,109,6.61,55.04%,53.90%,-0.451613,2026-09-22
SPCX,154.72,2026-10-16,24,Call,152.50,+1.43%,8.95,9,9.05,1703,258,6.6,50.44%,48.70%,0.578203,2026-09-22
A,167.26,2026-10-16,24,Put,160.00,-4.34%,2.2,2.38,2.5,837,127,6.59,29.62%,31.64%,-0.271301,2026-09-22
ACMR,75.8,2026-11-20,59,Put,60.00,-20.84%,2.65,3.25,3.8,877,133,6.59,77.55%,84.61%,-0.19142,2026-09-22
SNDK,1887.04,2026-09-25,3,Call,"1,900.00",-0.69%,49.4,50,50.5,11550,1755,6.58,78.35%,81.70%,0.479519,2026-09-22
AAPL,339.75,2026-09-23,1,Call,340.00,-0.07%,1.67,1.63,1.74,47095,7166,6.57,23.93%,25.54%,0.483422,2026-09-22
TSLA,378.9,2026-10-02,10,Call,385.00,-1.61%,8.3,8.4,8.45,9326,1427,6.54,41.56%,43.64%,0.432011,2026-09-22
GILD,152.67,2026-09-25,3,Call,152.50,+0.11%,1.7,1.84,2.01,986,152,6.49,29.18%,31.88%,0.522748,2026-09-22
AVGO,364.54,2026-09-23,1,Put,360.00,-1.25%,0.9,0.9,0.94,3488,539,6.47,37.24%,34.20%,-0.237894,2026-09-22
FIG,21.8,2026-10-30,38,Call,22.50,-3.21%,1.48,1.62,1.7,665,103,6.46,70.18%,66.23%,0.490818,2026-09-22
MRNA,182.56,2026-10-02,10,Put,160.00,-12.36%,1.5,1.66,1.99,963,149,6.46,82.29%,78.12%,-0.137466,2026-09-22
KBH,48.59,2026-10-16,24,Put,40.00,-17.68%,0.1,0.15,0.15,1506,233,6.46,44.03%,47.66%,-0.048323,2026-09-22
CHYM,28.62,2026-10-16,24,Put,27.50,-3.91%,0.75,0.8,0.9,1018,158,6.44,50.07%,46.49%,-0.340438,2026-09-22
MSFT,498,2026-09-23,1,Call,510.00,-2.41%,0.17,0.18,0.19,45004,6998,6.43,27.20%,28.55%,0.056962,2026-09-22
WMT,110.12,2026-09-25,3,Call,111.00,-0.80%,0.7,0.71,0.74,14806,2309,6.41,24.80%,27.39%,0.382373,2026-09-22
RBLX,49.87,2026-09-25,3,Put,47.00,-5.75%,0.21,0.18,0.31,672,105,6.4,63.14%,67.53%,-0.157872,2026-09-22
MU,1096.16,2026-09-28,6,Put,"1,040.00",-5.12%,7.85,8.05,8.1,1943,305,6.37,64.91%,50.42%,-0.196499,2026-09-22
SNDK,1887.04,2026-09-25,3,Call,"1,970.00",-4.40%,25.9,27.03,27.9,1068,168,6.36,78.35%,84.91%,0.30271,2026-09-22
TSLA,378.9,2026-09-25,3,Put,380.00,+0.29%,6.25,6.34,6.4,5644,888,6.36,41.56%,42.35%,-0.520013,2026-09-22
FSLY,26.08,2026-10-02,10,Call,29.50,-13.11%,0.45,0.78,0.75,800,126,6.35,91.88%,99.08%,0.253528,2026-09-22
SE,103.67,2026-11-20,59,Call,140.00,-35.04%,1.12,1.31,1.49,966,153,6.31,46.86%,57.19%,0.121899,2026-09-22
WFC,83.15,2026-09-25,3,Call,85.00,-2.22%,0.26,0.29,0.32,1154,183,6.31,31.50%,30.79%,0.220561,2026-09-22
AMD,623.77,2026-09-28,6,Put,570.00,-8.62%,1.28,1.37,1.44,1388,220,6.31,55.04%,50.04%,-0.074106,2026-09-22
MU,1096.16,2026-09-25,3,Call,"1,080.00",+1.47%,30,32.66,33,9134,1447,6.31,64.91%,56.68%,0.625694,2026-09-22
META,736.59,2026-10-02,10,Call,820.00,-11.32%,3.2,3.28,3.45,1197,190,6.3,44.54%,51.33%,0.113257,2026-09-22
INTC,123.86,2028-01-21,486,Call,130.00,-4.96%,38.3,38.15,38.85,23605,3752,6.29,69.35%,69.84%,0.653136,2026-09-22
FSLY,26.08,2026-09-25,3,Put,26.00,-0.31%,0.95,0.94,1.1,727,116,6.27,91.88%,113.45%,-0.466658,2026-09-22
TSLA,378.9,2026-10-02,10,Put,375.00,-1.03%,8.6,8.67,8.75,6367,1017,6.26,41.56%,42.84%,-0.423553,2026-09-22
SNDK,1887.04,2026-09-25,3,Call,"1,860.00",+1.43%,68.8,69.2,71.2,894,143,6.25,78.35%,81.36%,0.593528,2026-09-22
HIMS,30.43,2026-09-25,3,Call,32.50,-6.80%,0.27,0.28,0.3,2150,344,6.25,73.62%,87.34%,0.215389,2026-09-22
MU,1096.16,2026-10-02,10,Call,"1,070.00",+2.39%,67.95,70.45,70.9,1276,205,6.22,64.91%,76.65%,0.603167,2026-09-22
HOOD,124.25,2026-09-25,3,Put,124.00,-0.20%,2.97,3,3.05,1765,284,6.21,63.62%,70.18%,-0.473169,2026-09-22
FSLY,26.08,2026-09-25,3,Call,27.50,-5.44%,0.45,0.6,0.6,1831,295,6.21,91.88%,112.42%,0.320465,2026-09-22
JPM,340,2026-09-25,3,Call,350.00,-2.94%,0.46,0.49,0.51,4031,649,6.21,26.63%,26.83%,0.120321,2026-09-22
AMZN,254.98,2026-09-23,1,Put,257.50,+0.99%,3.15,3.1,3.35,5280,850,6.21,32.69%,32.14%,-0.716536,2026-09-22
TSLA,378.9,2026-09-23,1,Put,362.50,-4.33%,0.13,0.13,0.14,8315,1346,6.18,41.56%,47.36%,-0.035845,2026-09-22
CLS,356.09,2026-10-16,24,Call,440.00,-23.56%,2.85,3.2,3.9,698,113,6.18,65.32%,65.46%,0.122509,2026-09-22
DUK,116.31,2026-11-20,59,Call,125.00,-7.47%,0.6,0.7,0.75,1100,178,6.18,17.08%,17.51%,0.16118,2026-09-22
COIN,201.07,2027-06-17,268,Put,170.00,-15.45%,25,28.6,27.9,5001,810,6.17,66.31%,67.72%,-0.268656,2026-09-22
KVYO,15.87,2026-10-16,24,Call,17.50,-10.27%,0.5,0.5,0.55,7128,1163,6.13,68.91%,67.52%,0.321169,2026-09-22
AMD,623.77,2026-09-23,1,Call,640.00,-2.60%,1.68,1.72,1.82,9265,1515,6.12,55.04%,53.70%,0.18503,2026-09-22
ONON,29.39,2026-09-25,3,Call,30.00,-2.08%,0.29,0.34,0.39,5837,956,6.11,44.81%,55.20%,0.352132,2026-09-22
MRNA,182.56,2026-11-20,59,Put,150.00,-17.84%,10.8,10.99,11.25,3705,611,6.06,82.29%,91.50%,-0.232129,2026-09-22
NVDA,228.87,2026-09-28,6,Call,247.50,-8.14%,0.09,0.11,0.11,624,103,6.06,33.20%,31.52%,0.028494,2026-09-22
AXP,305.07,2026-09-25,3,Put,295.00,-3.30%,0.41,0.45,0.55,806,133,6.06,26.09%,31.15%,-0.113278,2026-09-22
ONON,29.39,2026-09-25,3,Call,31.00,-5.48%,0.09,0.13,0.17,7894,1306,6.04,44.81%,57.99%,0.162919,2026-09-22
MU,1096.16,2026-09-25,3,Call,"1,150.00",-4.91%,7.3,7.3,7.35,11978,1984,6.04,64.91%,63.26%,0.211181,2026-09-22
TTD,13.18,2026-10-02,10,Call,13.50,-2.43%,0.33,0.35,0.36,675,112,6.03,62.09%,54.87%,0.417683,2026-09-22
UNM,93.32,2026-10-16,24,Put,90.00,-3.56%,0.95,1.25,1.4,705,117,6.03,28.54%,26.93%,-0.283031,2026-09-22
ADBE,238.25,2026-09-25,3,Call,240.00,-0.73%,3.05,3.11,3.25,921,153,6.02,40.79%,45.48%,0.440498,2026-09-22
ET,20.4,2026-10-16,24,Call,21.50,-5.39%,0.03,0.1,0.11,1114,185,6.02,19.64%,19.17%,0.140049,2026-09-22
GOOG,347.41,2026-09-25,3,Put,355.00,+2.18%,9,9.2,9.45,1553,258,6.02,32.63%,35.52%,-0.742291,2026-09-22
DELL,548.92,2026-10-02,10,Call,550.00,-0.20%,21.85,23.74,23.25,1189,198,6.01,62.23%,63.04%,0.516552,2026-09-22
AMD,623.77,2026-09-23,1,Put,595.00,-4.61%,0.52,0.54,0.56,1808,302,5.99,55.04%,59.69%,-0.063012,2026-09-22
DNA,9.37,2026-12-18,87,Call,10.00,-6.72%,1.2,2,1.95,1716,287,5.98,99.93%,98.60%,0.549287,2026-09-22
AVGO,364.54,2026-09-23,1,Call,372.50,-2.18%,0.52,0.56,0.57,6970,1171,5.95,37.24%,38.55%,0.145371,2026-09-22
SNDK,1887.04,2027-01-15,115,Call,"1,850.00",+1.96%,346.4,354.52,354.4,617,104,5.93,78.35%,77.52%,0.614475,2026-09-22
CHYM,28.62,2026-10-16,24,Call,30.00,-4.82%,0.75,0.86,0.95,1334,226,5.9,50.07%,47.07%,0.378261,2026-09-22
AMZN,254.98,2026-09-23,1,Put,252.50,-0.97%,0.66,0.63,0.7,12270,2081,5.9,32.69%,30.88%,-0.268165,2026-09-22
SNDK,1887.04,2026-09-25,3,Call,"2,250.00",-19.23%,2,2.29,2.45,3118,530,5.88,78.35%,102.91%,0.033212,2026-09-22
GOOGL,351.16,2026-09-28,6,Call,365.00,-3.94%,1.2,1.21,1.35,1881,320,5.88,33.34%,30.94%,0.173448,2026-09-22
EXPE,280.7,2026-09-25,3,Call,285.00,-1.53%,3.9,4.2,5,613,105,5.84,48.56%,62.02%,0.405912,2026-09-22
GOOGL,351.16,2026-09-23,1,Put,350.00,-0.33%,1.97,2.05,2.07,15402,2637,5.84,33.34%,35.12%,-0.4233,2026-09-22
IBRX,9.29,2026-09-25,3,Call,10.00,-7.64%,0.1,0.1,0.15,2987,512,5.83,100.76%,108.43%,0.242871,2026-09-22
DAR,61.63,2027-01-15,115,Call,75.00,-21.69%,2.05,2.15,2.45,4834,833,5.8,44.32%,44.48%,0.269921,2026-09-22
ARM,333.2,2026-09-25,3,Call,330.00,+0.96%,11.85,11.85,12,3778,653,5.79,75.94%,85.01%,0.566567,2026-09-22
UBER,69.89,2026-09-25,3,Call,70.00,-0.16%,0.89,0.92,0.96,5632,973,5.79,35.50%,38.31%,0.492288,2026-09-22
ARM,333.2,2026-10-02,10,Call,340.00,-2.04%,13.75,14.28,14.8,631,109,5.79,75.94%,78.00%,0.466426,2026-09-22
RCL,234.89,2026-09-25,3,Call,250.00,-6.43%,0.6,0.8,1.05,778,135,5.76,45.20%,59.94%,0.131666,2026-09-22
META,736.59,2026-10-02,10,Put,740.00,+0.46%,24.3,24.65,25,1589,276,5.76,44.54%,47.66%,-0.50398,2026-09-22
GRAL,108.52,2026-10-16,24,Put,70.00,-35.50%,1.35,1.75,2.1,1364,238,5.73,94.79%,142.05%,-0.08199,2026-09-22
SNDK,1887.04,2026-09-25,3,Call,"2,090.00",-10.76%,8.4,8.95,9.2,612,107,5.72,78.35%,91.73%,0.118351,2026-09-22
SNDK,1887.04,2026-09-25,3,Call,"2,100.00",-11.29%,7.9,8.2,8.2,4087,716,5.71,78.35%,92.44%,0.109261,2026-09-22
TSLA,378.9,2026-09-25,3,Put,385.00,+1.61%,9.35,9.4,9.5,2804,491,5.71,41.56%,43.07%,-0.649653,2026-09-22
AAPL,339.75,2026-09-28,6,Call,345.00,-1.55%,1.6,1.65,1.75,2555,449,5.69,23.93%,20.93%,0.295294,2026-09-22
COIN,201.07,2026-10-02,10,Call,265.00,-31.79%,0.06,0.3,0.32,799,141,5.67,66.31%,78.81%,0.020512,2026-09-22
AMZN,254.98,2026-09-28,6,Put,252.50,-0.97%,2.26,2.29,2.53,1298,229,5.67,32.69%,27.36%,-0.378135,2026-09-22
META,736.59,2026-09-23,1,Call,737.50,-0.12%,7.45,7.6,7.9,2755,487,5.66,44.54%,52.55%,0.489002,2026-09-22
MU,1096.16,2026-10-02,10,Call,"1,060.00",+3.30%,74,75.5,77,4070,719,5.66,64.91%,77.23%,0.63081,2026-09-22
TSM,452,2026-10-23,31,Put,450.00,-0.44%,15.05,15.75,15.8,565,100,5.65,33.91%,32.27%,-0.454011,2026-09-22
MU,1096.16,2026-09-28,6,Put,975.00,-11.05%,1.54,1.59,1.66,615,109,5.64,64.91%,56.20%,-0.047542,2026-09-22
META,736.59,2026-09-23,1,Call,835.00,-13.36%,0.01,0.1,0.1,646,115,5.62,44.54%,91.98%,0.004971,2026-09-22
PLNT,42.6,2026-10-16,24,Call,50.00,-17.37%,0.2,0.25,0.35,1449,258,5.62,50.94%,48.33%,0.112898,2026-09-22
AAPL,339.75,2026-09-23,1,Put,350.00,+3.02%,9.35,10,11.7,841,151,5.57,23.93%,41.57%,-0.912652,2026-09-22
IBRX,9.29,2026-10-02,10,Call,8.00,+13.89%,1.2,1.48,2.1,623,112,5.56,100.76%,149.21%,0.768197,2026-09-22
NOW,137,2026-10-02,10,Call,136.00,+0.73%,5.5,5.7,5.8,634,114,5.56,54.78%,56.21%,0.554074,2026-09-22
GDDY,98.24,2026-10-02,10,Call,105.00,-6.88%,1.5,1.8,1.85,773,139,5.56,52.12%,62.50%,0.28027,2026-09-22
ADBE,238.25,2028-12-15,815,Put,150.00,-37.04%,14.25,14.94,15.35,801,144,5.56,40.79%,46.11%,-0.130808,2026-09-22
ABVX,98.29,2027-01-15,115,Put,100.00,+1.74%,13.3,13.9,15.2,1154,208,5.55,63.78%,63.27%,-0.439479,2026-09-22
MU,1096.16,2026-09-23,1,Call,"1,045.00",+4.67%,50.7,51.05,53.35,2392,431,5.55,64.91%,57.47%,0.945986,2026-09-22
JPM,340,2026-09-25,3,Call,347.50,-2.21%,0.81,0.88,0.9,1879,339,5.54,26.63%,26.84%,0.189896,2026-09-22
INTC,123.86,2026-09-28,6,Put,120.00,-3.12%,2.09,2.28,2.23,1985,358,5.54,69.35%,61.00%,-0.326402,2026-09-22
INTC,123.86,2026-09-23,1,Call,130.00,-4.96%,0.26,0.27,0.27,17101,3101,5.51,69.35%,75.19%,0.113628,2026-09-22
PANW,374.57,2026-12-18,87,Put,310.00,-17.24%,11.7,12.87,13.75,3355,611,5.49,52.96%,56.01%,-0.195803,2026-09-22
TSLA,378.9,2026-09-28,6,Call,377.50,+0.37%,7.6,8.01,7.95,2179,397,5.49,41.56%,35.85%,0.546377,2026-09-22
DAL,83.92,2026-10-02,10,Call,86.00,-2.48%,1.4,1.65,1.57,828,151,5.48,46.78%,42.07%,0.379472,2026-09-22
FIG,21.8,2026-09-25,3,Call,22.00,-0.92%,0.47,0.52,0.52,2799,511,5.48,70.18%,74.09%,0.460986,2026-09-22
META,736.59,2026-09-28,6,Call,880.00,-19.47%,0.12,0.23,0.29,848,155,5.47,44.54%,59.34%,0.010936,2026-09-22
NEM,127.26,2027-06-17,268,Call,160.00,-25.73%,9.4,8.8,11.05,600,110,5.45,43.13%,45.43%,0.367099,2026-09-22
CAVA,52.66,2028-01-21,486,Call,70.00,-32.93%,9.95,10.4,11.05,2016,370,5.45,57.28%,61.55%,0.512101,2026-09-22
SNDK,1887.04,2026-09-25,3,Call,"2,120.00",-12.35%,6.4,6.8,7.1,582,107,5.44,78.35%,93.89%,0.093154,2026-09-22
AMD,623.77,2026-10-02,10,Call,710.00,-13.82%,2.52,2.35,2.72,664,122,5.44,55.04%,57.68%,0.097132,2026-09-22
ONON,29.39,2027-01-15,115,Call,27.50,+6.43%,3.85,4.4,4.65,4351,801,5.43,44.81%,47.70%,0.665489,2026-09-22
META,736.59,2026-09-25,3,Put,725.00,-1.57%,10.35,10.6,10.8,5865,1080,5.43,44.54%,59.67%,-0.372692,2026-09-22
BBWI,17.18,2026-11-20,59,Call,17.50,-1.86%,1.4,1.55,1.55,1076,198,5.43,54.92%,59.39%,0.512052,2026-09-22
MSTR,167.33,2026-10-09,17,Put,170.00,+1.60%,11.35,10.7,11.65,921,170,5.42,71.67%,70.67%,-0.507683,2026-09-22
INTC,123.86,2026-09-28,6,Call,127.00,-2.54%,2.67,2.7,2.75,568,105,5.41,69.35%,63.37%,0.397007,2026-09-22
SKHY,195.37,2026-09-25,3,Put,192.50,-1.47%,3.25,3.39,3.35,692,128,5.41,63.85%,65.81%,-0.38891,2026-09-22
INTC,123.86,2026-09-23,1,Put,123.00,-0.69%,1.32,1.36,1.37,4556,842,5.41,69.35%,67.73%,-0.414333,2026-09-22
AAOI,107,2026-09-25,3,Call,120.00,-12.15%,0.5,0.69,0.7,9511,1762,5.4,92.13%,104.85%,0.123907,2026-09-22
NVDA,228.87,2026-09-23,1,Call,230.00,-0.49%,0.99,1.03,1.02,310776,57576,5.4,33.20%,31.20%,0.386643,2026-09-22
TSLA,378.9,2026-09-30,8,Put,380.00,+0.29%,8.8,8.85,9,724,134,5.4,41.56%,37.84%,-0.505103,2026-09-22
NU,14.16,2026-10-30,38,Call,14.00,+1.13%,0.96,1.03,1.25,901,167,5.4,47.65%,55.04%,0.569281,2026-09-22
SNDK,1887.04,2026-09-25,3,Put,"1,840.00",-2.49%,32.4,33.5,34.5,1194,221,5.4,78.35%,80.03%,-0.349084,2026-09-22
INTC,123.86,2027-09-17,360,Put,115.00,-7.15%,23.95,24.38,24.55,1939,359,5.4,69.35%,65.56%,-0.3165,2026-09-22
TSLA,378.9,2026-10-05,13,Call,380.00,-0.29%,11.05,11.31,11.35,733,136,5.39,41.56%,40.30%,0.506743,2026-09-22
NBIS,236.12,2026-09-25,3,Put,240.00,+1.64%,9.45,9.55,9.65,2262,420,5.39,84.15%,86.99%,-0.565275,2026-09-22
FN,403.8,2026-10-16,24,Call,680.00,-68.40%,0.05,0.1,0.1,683,127,5.38,61.15%,72.37%,0.003444,2026-09-22
BSX,44.92,2026-10-02,10,Put,42.50,-5.39%,0.2,0.25,0.35,1055,196,5.38,39.43%,37.83%,-0.176147,2026-09-22
AVGO,364.54,2026-09-28,6,Call,362.50,+0.56%,6.9,6.85,7.2,743,139,5.35,37.24%,31.62%,0.567644,2026-09-22
VFF,2.98,2027-03-19,178,Call,4.00,-34.23%,0.25,0.24,0.3,1284,240,5.35,58.02%,67.54%,0.36371,2026-09-22
AMD,623.77,2026-10-09,17,Call,630.00,-1.00%,25.95,26.66,26.85,1939,364,5.33,55.04%,53.64%,0.494664,2026-09-22
AMZN,254.98,2028-12-15,815,Put,105.00,-58.82%,1.88,2.2,2.79,4550,853,5.33,32.69%,41.47%,-0.030291,2026-09-22
BAC,56.2,2026-10-02,10,Put,54.00,-3.91%,0.2,0.2,0.24,3488,656,5.32,27.69%,25.92%,-0.167953,2026-09-22
NVDA,228.87,2026-10-30,38,Put,225.00,-1.69%,7.05,7.1,7.3,2303,433,5.32,33.20%,31.80%,-0.40363,2026-09-22
MSFT,498,2026-10-16,24,Call,507.50,-1.91%,8.55,9.18,9.45,567,107,5.3,27.20%,24.96%,0.407498,2026-09-22
NUVB,6.1,2026-11-20,59,Call,7.50,-22.95%,0.2,0.3,0.35,578,109,5.3,84.00%,71.34%,0.289054,2026-09-22
META,736.59,2026-09-23,1,Put,712.50,-3.27%,1.02,1.09,1.16,3538,668,5.3,44.54%,52.55%,-0.11008,2026-09-22
MU,1096.16,2026-09-23,1,Call,"1,050.00",+4.21%,44.95,46.9,48.05,7660,1453,5.27,64.91%,42.45%,0.974505,2026-09-22
JANX,17.47,2027-02-19,150,Put,22.50,+28.79%,6,6.8,7.5,661,126,5.25,63.01%,78.43%,-0.595884,2026-09-22
AAPL,339.75,2026-10-16,24,Call,342.50,-0.81%,6.8,6.85,7.15,1282,244,5.25,23.93%,22.78%,0.471385,2026-09-22
WMT,110.12,2026-10-02,10,Put,108.00,-1.93%,0.78,0.8,0.87,1584,302,5.25,24.80%,23.64%,-0.296967,2026-09-22
MSFT,498,2026-09-23,1,Call,512.50,-2.91%,0.1,0.11,0.11,6994,1332,5.25,27.20%,29.90%,0.034304,2026-09-22
CMG,32.63,2026-10-02,10,Put,31.50,-3.46%,0.29,0.31,0.35,550,105,5.24,38.43%,36.08%,-0.262844,2026-09-22
RCL,234.89,2027-03-19,178,Call,300.00,-27.72%,8.1,10,10,642,123,5.22,45.20%,42.17%,0.250993,2026-09-22
CSCO,106.44,2026-09-25,3,Call,108.00,-1.47%,0.68,0.71,0.74,1912,366,5.22,34.08%,34.62%,0.329025,2026-09-22
INTC,123.86,2026-09-23,1,Call,126.00,-1.73%,0.93,0.95,0.98,7360,1410,5.22,69.35%,69.98%,0.327436,2026-09-22
DELL,548.92,2026-09-25,3,Call,555.00,-1.11%,9.6,11,11.1,875,168,5.21,62.23%,65.67%,0.440004,2026-09-22
GEO,29.74,2026-11-20,59,Put,31.00,+4.24%,3.1,3.4,3.6,962,185,5.2,51.08%,55.52%,-0.526836,2026-09-22
TSLA,378.9,2026-09-25,3,Put,375.00,-1.03%,3.9,3.96,4,11291,2173,5.2,41.56%,42.03%,-0.383141,2026-09-22
AVGO,364.54,2027-04-16,206,Call,500.00,-37.16%,13.45,14.75,16.3,633,122,5.19,37.24%,45.19%,0.238989,2026-09-22
BABA,116.31,2026-09-25,3,Put,116.00,-0.27%,2.09,2.11,2.22,1842,357,5.16,43.44%,54.94%,-0.46853,2026-09-22
BE,276.53,2027-06-17,268,Put,270.00,-2.36%,68.45,70.05,70.25,597,116,5.15,80.29%,83.77%,-0.338252,2026-09-22
ARM,333.2,2027-06-17,268,Put,330.00,-0.96%,73.2,75.85,77,1511,294,5.14,75.94%,73.08%,-0.360264,2026-09-22
RSKD,7.01,2027-03-19,178,Call,7.50,-6.99%,1.05,1.15,1.15,2087,406,5.14,85.03%,63.86%,0.545204,2026-09-22
WMT,110.12,2026-09-25,3,Put,109.00,-1.02%,0.56,0.58,0.6,3220,627,5.14,24.80%,26.61%,-0.328508,2026-09-22
TSLA,378.9,2026-10-16,24,Put,377.50,-0.37%,14.3,14.22,14.45,528,103,5.13,41.56%,39.97%,-0.458108,2026-09-22
INTC,123.86,2026-09-28,6,Call,122.00,+1.50%,4.8,4.8,4.95,766,150,5.11,69.35%,61.05%,0.594507,2026-09-22
TTD,13.18,2026-09-25,3,Call,13.50,-2.43%,0.15,0.16,0.18,3677,719,5.11,62.09%,61.50%,0.345636,2026-09-22
META,736.59,2026-09-25,3,Call,850.00,-15.40%,0.31,0.32,0.35,6924,1358,5.1,44.54%,74.47%,0.018626,2026-09-22
MU,1096.16,2026-09-23,1,Call,"1,115.00",-1.72%,6,6.6,6.65,10853,2127,5.1,64.91%,59.36%,0.298098,2026-09-22
AMD,623.77,2026-09-23,1,Put,587.50,-5.81%,0.26,0.27,0.32,948,186,5.1,55.04%,63.75%,-0.034789,2026-09-22
AMD,623.77,2026-09-25,3,Put,625.00,+0.20%,13.35,13.6,13.65,631,124,5.09,55.04%,57.41%,-0.502888,2026-09-22
AMZN,254.98,2026-09-23,1,Call,250.00,+1.95%,5,5.3,5.5,2723,536,5.08,32.69%,31.99%,0.883439,2026-09-22
AMZN,254.98,2026-10-02,10,Call,257.50,-0.99%,4.05,4.15,4.25,1994,393,5.07,32.69%,30.78%,0.441131,2026-09-22
AMKR,54.59,2026-09-25,3,Call,57.00,-4.41%,0.4,0.56,0.6,648,128,5.06,68.43%,68.39%,0.254016,2026-09-22
JANX,17.47,2027-01-15,115,Put,20.00,+14.48%,3.5,4.5,5.3,719,143,5.03,63.01%,74.77%,-0.538874,2026-09-22
NVAX,10.83,2026-10-02,10,Call,11.50,-6.19%,0.05,0.35,0.31,532,106,5.02,78.30%,58.63%,0.287778,2026-09-22
MSTR,167.33,2026-09-25,3,Put,170.00,+1.60%,6.2,6.3,6.35,5625,1121,5.02,71.67%,79.53%,-0.571577,2026-09-22
GEO,29.74,2026-11-20,59,Call,35.00,-17.69%,1,1.14,1.4,13698,2729,5.02,51.08%,61.12%,0.294124,2026-09-22
FSLY,26.08,2026-10-02,10,Call,26.00,+0.31%,1.25,1.8,1.8,541,108,5.01,91.88%,85.69%,0.539666,2026-09-22
NVDA,228.87,2026-09-30,8,Put,222.50,-2.78%,1.59,1.65,1.67,976,195,5.01,33.20%,30.68%,-0.255308,2026-09-22
AMZN,254.98,2026-09-23,1,Put,265.00,+3.93%,9.65,9.66,10.25,1036,207,5,32.69%,33.34%,-0.988774,2026-09-22
MSFT,498,2026-09-23,1,Put,485.00,-2.61%,0.15,0.17,0.17,3301,662,4.99,27.20%,30.59%,-0.048014,2026-09-22
TSLA,378.9,2026-09-30,8,Call,377.50,+0.37%,9.15,9.45,9.5,2057,412,4.99,41.56%,37.84%,0.543122,2026-09-22
CNR,93.93,2026-10-16,24,Call,95.00,-1.14%,3.4,3.6,4.1,794,160,4.96,42.11%,43.24%,0.488801,2026-09-22
MRNA,182.56,2026-09-25,3,Call,187.50,-2.71%,3.3,3.35,3.5,4644,939,4.95,82.29%,82.23%,0.375652,2026-09-22
META,736.59,2026-09-23,1,Put,737.50,+0.12%,8.25,8.45,8.85,4220,856,4.93,44.54%,52.77%,-0.511148,2026-09-22
MRNA,182.56,2026-09-25,3,Put,160.00,-12.36%,0.35,0.36,0.38,10818,2193,4.93,82.29%,93.21%,-0.054092,2026-09-22
SHOP,147.74,2026-09-25,3,Put,145.00,-1.85%,1.94,2.15,2.13,508,103,4.93,55.10%,61.15%,-0.355679,2026-09-22
SMCI,41.54,2026-09-25,3,Put,41.50,-0.10%,1.15,1.16,1.19,793,161,4.93,75.43%,79.63%,-0.478943,2026-09-22
CIFR,19.09,2026-10-02,10,Call,23.00,-20.48%,0.23,0.28,0.29,2714,551,4.93,98.34%,104.20%,0.161477,2026-09-22
SOFI,17.16,2027-04-16,206,Call,19.00,-10.72%,2.32,2.27,2.39,1207,246,4.91,48.59%,56.67%,0.510568,2026-09-22
AMD,623.77,2026-09-23,1,Put,605.00,-3.01%,1.27,1.33,1.38,4985,1015,4.91,55.04%,55.33%,-0.141695,2026-09-22
INOD,69.97,2026-10-02,10,Call,80.00,-14.33%,1.4,1.55,1.9,548,112,4.89,86.12%,104.81%,0.248302,2026-09-22
AVGO,364.54,2026-10-02,10,Call,362.50,+0.56%,9.8,9.85,10.1,1080,221,4.89,37.24%,36.42%,0.554184,2026-09-22
MU,1096.16,2026-09-23,1,Put,"1,015.00",-7.40%,0.28,0.33,0.34,2170,444,4.89,64.91%,72.35%,-0.020058,2026-09-22
UPS,95.87,2026-11-20,59,Put,90.00,-6.12%,2.65,2.71,2.8,5350,1099,4.87,27.94%,33.60%,-0.305052,2026-09-22
SERV,4.55,2027-03-19,178,Put,5.00,+9.89%,1.27,1.53,1.77,2000,412,4.85,81.40%,102.61%,-0.40439,2026-09-22
BAC,56.2,2026-10-30,38,Call,63.00,-12.10%,0.14,0.22,0.24,2124,438,4.85,27.69%,25.41%,0.091556,2026-09-22
SNDK,1887.04,2026-09-25,3,Put,"1,845.00",-2.23%,34.8,35.6,36.1,992,205,4.84,78.35%,80.16%,-0.363198,2026-09-22
ARM,333.2,2026-09-25,3,Put,317.50,-4.71%,3.7,3.78,3.9,1451,301,4.82,75.94%,82.66%,-0.246639,2026-09-22
TSLA,378.9,2026-09-30,8,Put,372.50,-1.69%,5.35,5.4,5.5,1453,302,4.81,41.56%,37.59%,-0.364668,2026-09-22
GOOGL,351.16,2026-09-23,1,Put,340.00,-3.18%,0.16,0.17,0.17,2393,498,4.81,33.34%,38.79%,-0.054221,2026-09-22
TTMI,127.47,2026-10-16,24,Call,130.00,-1.98%,8.1,9.5,10.5,1023,213,4.8,81.83%,79.00%,0.506392,2026-09-22
WMB,70.98,2026-12-18,87,Put,65.00,-8.42%,1.55,1.6,1.8,1109,231,4.8,29.29%,30.41%,-0.247437,2026-09-22
ONDS,7.72,2026-10-16,24,Call,7.50,+2.85%,0.62,0.63,0.66,872,182,4.79,71.79%,65.97%,0.606276,2026-09-22
OMER,21.05,2026-10-16,24,Call,22.00,-4.51%,0.75,0.9,0.95,1509,315,4.79,59.65%,56.80%,0.415296,2026-09-22
TSLA,378.9,2026-10-05,13,Call,395.00,-4.25%,5.6,5.9,5.8,769,161,4.78,41.56%,40.91%,0.314305,2026-09-22
AMD,623.77,2026-09-25,3,Put,627.50,+0.60%,14.75,14.65,15.1,696,146,4.77,55.04%,57.75%,-0.53316,2026-09-22
SRAD,13.6,2026-10-16,24,Call,12.50,+8.09%,1.1,1.66,2,1157,244,4.74,67.03%,65.44%,0.726022,2026-09-22
HIMS,30.43,2026-10-02,10,Put,27.50,-9.63%,0.3,0.3,0.37,605,128,4.73,73.62%,69.02%,-0.170749,2026-09-22
SNDK,1887.04,2026-09-25,3,Call,"1,875.00",+0.64%,60.6,61.1,62,961,203,4.73,78.35%,80.54%,0.551033,2026-09-22
KOPN,4.94,2026-09-25,3,Call,1.00,+79.76%,3.7,3.8,4.4,3951,837,4.72,82.98%,"1,357.23%",0.972176,2026-09-22
AMZN,254.98,2026-09-23,1,Put,250.00,-1.95%,0.24,0.23,0.26,12033,2547,4.72,32.69%,32.17%,-0.117934,2026-09-22
SG,7.67,2027-04-16,206,Call,10.00,-30.38%,1.15,1.3,1.4,527,112,4.71,81.79%,84.73%,0.474802,2026-09-22
GOOG,347.41,2027-02-19,150,Call,440.00,-26.65%,7.35,7.75,7.85,1013,215,4.71,32.63%,35.33%,0.193405,2026-09-22
XPEV,10.48,2026-11-20,59,Call,11.00,-4.96%,0.73,0.76,0.82,1145,243,4.71,52.79%,57.52%,0.472948,2026-09-22
META,736.59,2026-09-28,6,Put,725.00,-1.57%,12.1,12.52,12.8,596,127,4.69,44.54%,47.62%,-0.382824,2026-09-22
SU,66.94,2026-11-20,59,Put,65.00,-2.90%,2.5,2.6,2.85,840,179,4.69,32.82%,34.23%,-0.383397,2026-09-22
CYPH,3.73,2027-03-19,178,Put,2.50,-32.98%,0.55,0.75,0.8,1510,323,4.67,162.62%,148.13%,-0.179339,2026-09-22
AMGN,410.24,2026-09-25,3,Call,425.00,-3.60%,0.54,0.7,1,689,148,4.66,28.15%,33.49%,0.125904,2026-09-22
AMD,623.77,2026-09-25,3,Call,630.00,-1.00%,10,10.3,10.35,5800,1244,4.66,55.04%,57.23%,0.436493,2026-09-22
TSLA,378.9,2026-10-30,38,Put,390.00,+2.93%,27.15,27,27.4,628,135,4.65,41.56%,44.59%,-0.54394,2026-09-22
SNDK,1887.04,2026-09-25,3,Call,"2,400.00",-27.18%,0.6,0.69,0.7,897,193,4.65,78.35%,111.93%,0.010292,2026-09-22
TSLA,378.9,2026-09-28,6,Call,382.50,-0.95%,5.35,5.4,5.6,1132,244,4.64,41.56%,36.13%,0.433245,2026-09-22
NVDA,228.87,2026-09-28,6,Call,232.50,-1.59%,1.72,1.74,1.76,5649,1217,4.64,33.20%,27.06%,0.336819,2026-09-22
MU,1096.16,2026-09-25,3,Put,"1,050.00",-4.21%,6.9,7,7.1,3927,849,4.63,64.91%,59.77%,-0.204417,2026-09-22
NAK,1.45,2029-01-19,850,Call,0.5000,+65.52%,0.7,1.2,1.35,555,120,4.63,116.91%,57.28%,0.961422,2026-09-22
NBIS,236.12,2026-09-25,3,Call,262.50,-11.17%,1.09,1.08,1.13,1360,294,4.63,84.15%,94.31%,0.116532,2026-09-22
DERM,7.25,2027-02-19,150,Call,7.50,-3.45%,0.85,1.1,1.35,800,173,4.62,174.94%,62.68%,0.561949,2026-09-22
PAAI,1.3,2026-10-16,24,Call,2.5000,-92.31%,0.1,0.15,0.2,1918,415,4.62,309.31%,302.90%,0.326137,2026-09-22
CRM,233.28,2026-09-25,3,Call,230.00,+1.41%,5.3,5.4,5.8,2517,546,4.61,39.47%,43.49%,0.649801,2026-09-22
AAPL,339.75,2026-09-30,8,Put,340.00,+0.07%,4.3,4.54,4.75,534,116,4.6,23.93%,22.46%,-0.495541,2026-09-22
META,736.59,2026-10-02,10,Call,870.00,-18.11%,0.75,0.94,0.98,543,118,4.6,44.54%,53.68%,0.034496,2026-09-22
ADBE,238.25,2026-09-25,3,Call,255.00,-7.03%,0.32,0.34,0.4,2309,502,4.6,40.79%,50.90%,0.074508,2026-09-22
CRM,233.28,2026-09-25,3,Put,225.00,-3.55%,0.72,0.8,0.85,3034,660,4.6,39.47%,41.88%,-0.164387,2026-09-22
SMCI,41.54,2026-10-23,31,Call,43.00,-3.51%,2.75,3,3.05,774,169,4.58,75.43%,71.94%,0.482076,2026-09-22
ZETA,30.13,2026-09-25,3,Call,30.00,+0.43%,0.73,0.88,0.89,782,171,4.57,64.23%,67.93%,0.542152,2026-09-22
VKTX,40.85,2026-10-02,10,Call,45.00,-10.16%,1,1.2,1.5,1610,353,4.56,78.74%,100.57%,0.311317,2026-09-22
NVDA,228.87,2026-09-28,6,Put,227.50,-0.60%,2.45,2.44,2.51,1620,355,4.56,33.20%,27.11%,-0.419728,2026-09-22
WMT,110.12,2026-10-02,10,Put,106.00,-3.74%,0.35,0.42,0.49,1950,428,4.56,24.80%,25.04%,-0.16922,2026-09-22
AAPL,339.75,2026-09-23,1,Put,340.00,+0.07%,1.87,1.91,1.94,52415,11510,4.55,23.93%,25.24%,-0.517393,2026-09-22
NVDA,228.87,2026-09-30,8,Put,225.00,-1.69%,2.28,2.35,2.38,1077,237,4.54,33.20%,30.02%,-0.337427,2026-09-22
PLTR,184.99,2026-09-25,3,Put,185.00,+0.01%,3.25,3.3,3.35,4717,1038,4.54,49.94%,49.62%,-0.489369,2026-09-22
BAC,56.2,2026-09-25,3,Put,56.00,-0.36%,0.44,0.47,0.49,6926,1530,4.53,27.69%,27.72%,-0.436796,2026-09-22
MU,1096.16,2026-09-23,1,Put,"1,005.00",-8.32%,0.2,0.22,0.23,1603,355,4.52,64.91%,76.08%,-0.013827,2026-09-22
CPRI,15.19,2026-10-16,24,Call,17.50,-15.21%,0.3,0.3,0.55,893,198,4.51,66.56%,74.71%,0.264096,2026-09-22
AFRM,71.77,2026-12-18,87,Call,72.50,-1.02%,7.75,8.1,8.8,1231,273,4.51,57.06%,59.70%,0.556201,2026-09-22
TSLA,378.9,2026-09-23,1,Put,387.50,+2.27%,9.15,8.85,9.6,945,210,4.5,41.56%,44.58%,-0.828638,2026-09-22
GOOG,347.41,2026-10-02,10,Put,345.00,-0.69%,5.75,5.75,6.05,1283,285,4.5,32.63%,31.36%,-0.430746,2026-09-22
USAR,16.99,2026-10-09,17,Call,17.00,-0.06%,1.03,1.12,1.23,534,119,4.49,76.05%,76.74%,0.535643,2026-09-22
RCL,234.89,2026-11-20,59,Call,280.00,-19.20%,3.9,4.4,4.9,1090,243,4.49,45.20%,46.02%,0.197785,2026-09-22
SNDK,1887.04,2026-09-25,3,Call,"1,940.00",-2.81%,31.4,35.6,37.6,717,160,4.48,78.35%,82.25%,0.370712,2026-09-22
SKHY,195.37,2026-09-25,3,Call,210.00,-7.49%,0.93,0.94,0.97,3293,735,4.48,63.85%,73.15%,0.146539,2026-09-22
NVDA,228.87,2026-09-23,1,Put,222.50,-2.78%,0.13,0.15,0.15,15851,3548,4.47,33.20%,37.02%,-0.070682,2026-09-22
GOOGL,351.16,2026-09-23,1,Call,360.00,-2.52%,0.35,0.37,0.39,32604,7293,4.47,33.34%,38.25%,0.109883,2026-09-22
AA,44.71,2026-09-25,3,Call,47.50,-6.24%,0.1,0.18,0.18,563,126,4.47,51.62%,56.66%,0.125383,2026-09-22
NBIS,236.12,2026-09-25,3,Call,242.50,-2.70%,4.95,5,5.05,2155,483,4.46,84.15%,89.57%,0.388168,2026-09-22
CIFR,19.09,2027-01-15,115,Call,19.00,+0.47%,4.15,4.25,4.5,5130,1154,4.45,98.34%,99.50%,0.621502,2026-09-22
AMD,623.77,2026-09-25,3,Put,610.00,-2.21%,6.7,6.8,6.95,5157,1160,4.45,55.04%,56.42%,-0.320209,2026-09-22
SN,169.01,2026-10-16,24,Call,170.00,-0.59%,6.9,7.3,7.6,1068,240,4.45,46.10%,43.55%,0.509935,2026-09-22
DASH,192.21,2026-09-25,3,Call,205.00,-6.65%,0.27,0.55,0.76,1468,330,4.45,47.10%,56.58%,0.11039,2026-09-22
NVDA,228.87,2026-09-28,6,Put,220.00,-3.88%,0.6,0.6,0.63,3834,865,4.43,33.20%,29.23%,-0.138714,2026-09-22
HOOD,124.25,2026-10-16,24,Call,126.00,-1.41%,7.15,7.5,7.35,562,127,4.43,63.62%,62.28%,0.502876,2026-09-22
OVV,58.82,2027-01-15,115,Put,55.00,-6.49%,2.95,3,3.3,959,217,4.42,38.45%,38.81%,-0.328887,2026-09-22
MRNA,182.56,2026-09-25,3,Put,172.50,-5.51%,1.7,1.81,1.97,1168,264,4.42,82.29%,85.17%,-0.218808,2026-09-22
META,736.59,2026-09-25,3,Put,760.00,+3.18%,29.55,30,31.5,1189,269,4.42,44.54%,60.44%,-0.705547,2026-09-22
NUAI,6.97,2026-10-02,10,Call,9.00,-29.12%,0.05,0.1,0.15,3140,711,4.42,121.03%,130.30%,0.14242,2026-09-22
IREN,48.55,2026-09-25,3,Put,48.50,-0.10%,1.39,1.41,1.5,723,164,4.41,83.09%,84.15%,-0.478134,2026-09-22
MP,51.04,2027-06-17,268,Call,60.00,-17.55%,7.75,8.1,8.95,2002,454,4.41,61.13%,62.98%,0.509713,2026-09-22
TMUS,162.41,2026-09-25,3,Call,167.50,-3.13%,0.45,0.55,0.7,760,173,4.39,33.00%,37.93%,0.190046,2026-09-22
MSFT,498,2026-09-23,1,Call,490.00,+1.61%,8,8.55,9,2028,462,4.39,27.20%,27.54%,0.872075,2026-09-22
RXRX,4.05,2026-10-02,10,Call,4.50,-11.11%,0.1,0.11,0.14,2064,470,4.39,89.43%,102.98%,0.29904,2026-09-22
MU,1096.16,2026-09-25,3,Call,"1,075.00",+1.93%,33.05,35.6,36,3916,893,4.39,64.91%,56.43%,0.659965,2026-09-22
WFC,83.15,2026-09-25,3,Put,84.00,+1.02%,1.3,1.3,1.41,5271,1200,4.39,31.50%,28.81%,-0.645358,2026-09-22
PSKY,10.11,2026-09-25,3,Put,10.00,-1.09%,0.19,0.22,0.24,6462,1471,4.39,61.64%,73.43%,-0.420927,2026-09-22
TSLA,378.9,2026-09-23,1,Call,395.00,-4.25%,0.2,0.2,0.22,15094,3442,4.39,41.56%,48.50%,0.052332,2026-09-22
INTC,123.86,2026-09-25,3,Put,122.00,-1.50%,2.38,2.41,2.46,3484,796,4.38,69.35%,73.76%,-0.396231,2026-09-22
INTC,123.86,2026-09-25,3,Call,122.00,+1.50%,4.3,4.25,4.35,6054,1382,4.38,69.35%,74.09%,0.603642,2026-09-22
FIS,34.96,2026-12-18,87,Put,32.50,-7.04%,1.4,1.7,1.85,573,131,4.37,37.20%,40.54%,-0.321496,2026-09-22
DKS,133.94,2026-09-25,3,Call,135.00,-0.79%,1.65,2,2.1,818,187,4.37,41.93%,48.69%,0.437683,2026-09-22
EQNR,41.81,2026-10-16,24,Put,39.00,-6.72%,0.4,0.62,0.65,1536,352,4.36,39.89%,37.40%,-0.218148,2026-09-22
HD,305.35,2026-11-20,59,Call,300.00,+1.75%,17.15,18.05,18.75,540,125,4.32,26.80%,30.98%,0.581713,2026-09-22
GOOG,347.41,2026-09-25,3,Put,332.50,-4.29%,0.5,0.51,0.54,4029,938,4.3,32.63%,37.34%,-0.093361,2026-09-22
CSCO,106.44,2026-09-25,3,Put,105.00,-1.35%,0.69,0.72,0.83,2871,669,4.29,34.08%,35.74%,-0.329523,2026-09-22
ASTS,63.69,2026-10-23,31,Call,75.00,-17.76%,2,2.39,2.42,1236,288,4.29,77.08%,77.95%,0.276852,2026-09-22
SKHY,195.37,2026-09-25,3,Put,195.00,-0.19%,4.4,4.5,4.5,677,158,4.28,63.85%,66.00%,-0.473816,2026-09-22
BB,8.62,2026-11-20,59,Call,9.00,-4.41%,0.85,0.85,1.01,1754,410,4.28,82.86%,77.36%,0.514389,2026-09-22
KEEL,4.15,2029-01-19,850,Call,4.00,+3.61%,2.25,2.36,2.52,812,190,4.27,96.81%,97.75%,0.798492,2026-09-22
RKLB,71.98,2026-11-20,59,Call,75.00,-4.20%,7.75,7.95,8.1,1068,250,4.27,73.03%,78.22%,0.518189,2026-09-22
VSNT,33.51,2026-11-20,59,Put,30.00,-10.47%,0.4,0.8,1.05,673,158,4.26,36.90%,39.48%,-0.21922,2026-09-22
UBER,69.89,2026-09-25,3,Call,69.00,+1.27%,1.43,1.48,1.54,998,234,4.26,35.50%,38.31%,0.653595,2026-09-22
ONON,29.39,2026-09-25,3,Put,30.00,+2.08%,0.64,0.88,1.11,3786,888,4.26,44.81%,48.35%,-0.670882,2026-09-22
META,736.59,2026-09-25,3,Put,730.00,-0.89%,12.5,12.74,13,3990,936,4.26,44.54%,60.00%,-0.421983,2026-09-22
TSLA,378.9,2026-10-02,10,Call,485.00,-28.00%,0.1,0.12,0.12,556,131,4.24,41.56%,61.27%,0.008818,2026-09-22
INTC,123.86,2026-09-30,8,Put,119.00,-3.92%,2.5,2.56,2.64,1114,263,4.24,69.35%,64.55%,-0.318042,2026-09-22
GRAB,3.17,2029-01-19,850,Call,5.00,-57.73%,0.8,0.8,0.81,1892,446,4.24,63.07%,61.72%,0.536312,2026-09-22
SKHY,195.37,2026-09-25,3,Call,202.50,-3.65%,2.2,2.2,2.23,3021,713,4.24,63.85%,69.11%,0.295952,2026-09-22
SNDK,1887.04,2026-09-25,3,Put,"1,750.00",-7.26%,10.2,10.5,10.5,1657,393,4.22,78.35%,80.65%,-0.141983,2026-09-22
MSTR,167.33,2026-10-02,10,Put,146.00,-12.75%,1.02,1.04,1.2,501,119,4.21,71.67%,71.23%,-0.110606,2026-09-22
XENE,39.09,2026-10-16,24,Put,37.50,-4.07%,0.75,1.1,1.35,771,183,4.21,49.51%,45.02%,-0.331824,2026-09-22
NVO,39.4,2026-09-25,3,Call,39.50,-0.25%,0.44,0.49,0.48,2355,559,4.21,34.12%,36.11%,0.471443,2026-09-22
SHOP,147.74,2026-09-25,3,Call,150.00,-1.53%,2.24,2.37,2.4,6371,1513,4.21,55.10%,61.50%,0.405518,2026-09-22
ARM,333.2,2026-09-25,3,Put,335.00,+0.54%,10.95,11.25,11.3,676,161,4.2,75.94%,84.83%,-0.511371,2026-09-22
ASST,29.35,2026-10-02,10,Call,34.00,-15.84%,0.15,0.47,0.46,878,209,4.2,80.13%,81.77%,0.155833,2026-09-22
XEL,72.06,2027-06-17,268,Put,65.00,-9.80%,3.9,4.05,4.7,1000,238,4.2,25.50%,32.24%,-0.293662,2026-09-22
DELL,548.92,2026-10-02,10,Call,600.00,-9.31%,6.7,6.71,7,2039,487,4.19,62.23%,63.82%,0.217263,2026-09-22
TSLA,378.9,2026-09-30,8,Call,380.00,-0.29%,8,8.18,8.25,2461,587,4.19,41.56%,38.03%,0.496324,2026-09-22
AMD,623.77,2026-10-09,17,Call,625.00,-0.20%,28.2,28.54,29.05,845,202,4.18,55.04%,53.49%,0.522048,2026-09-22
ORCL,149.2,2026-10-30,38,Call,200.00,-34.05%,0.8,0.87,0.95,2071,497,4.17,50.83%,58.60%,0.074512,2026-09-22
GOOG,347.41,2026-09-25,3,Call,357.50,-2.90%,1.25,1.3,1.32,6721,1614,4.16,32.63%,36.71%,0.201742,2026-09-22
AAPL,339.75,2026-09-23,1,Put,332.50,-2.13%,0.15,0.16,0.17,7926,1907,4.16,23.93%,28.34%,-0.071135,2026-09-22
AAPL,339.75,2026-09-25,3,Call,347.50,-2.28%,0.65,0.7,0.78,19373,4658,4.16,23.93%,25.58%,0.171246,2026-09-22
OTIS,68.08,2026-10-16,24,Call,72.50,-6.49%,0.2,0.3,0.3,1277,307,4.16,23.98%,21.48%,0.135053,2026-09-22
TMUS,162.41,2026-09-25,3,Call,165.00,-1.59%,0.9,1.2,1.3,713,172,4.15,33.00%,36.25%,0.32193,2026-09-22
ORBS,1.17,2027-04-16,206,Call,1.5000,-28.21%,0.3,0.4,0.45,1178,284,4.15,162.43%,135.12%,0.612141,2026-09-22
MU,1096.16,2026-09-25,3,Call,"1,085.00",+1.02%,27,29.77,30.15,3261,785,4.15,64.91%,56.73%,0.591122,2026-09-22
AMZN,254.98,2026-09-23,1,Call,262.50,-2.95%,0.15,0.15,0.16,16530,3987,4.15,32.69%,37.37%,0.070644,2026-09-22
GOOGL,351.16,2027-09-17,360,Put,345.00,-1.75%,37.8,37.79,40,1616,391,4.13,33.34%,34.55%,-0.38539,2026-09-22
IREN,48.55,2026-09-25,3,Put,48.00,-1.13%,1.15,1.21,1.25,2004,485,4.13,83.09%,83.90%,-0.424215,2026-09-22
MU,1096.16,2026-09-23,1,Call,"1,065.00",+2.84%,32.85,33.79,34.8,4453,1079,4.13,64.91%,54.96%,0.846217,2026-09-22
ORCL,149.2,2026-09-25,3,Call,157.50,-5.56%,0.66,0.67,0.69,16867,4085,4.13,50.83%,59.10%,0.163459,2026-09-22
META,736.59,2026-09-23,1,Put,727.50,-1.23%,4.1,4.3,4.4,3172,769,4.12,44.54%,52.40%,-0.319288,2026-09-22
TSLA,378.9,2026-09-25,3,Call,392.50,-3.59%,1.66,1.7,1.71,6958,1695,4.11,41.56%,44.76%,0.200056,2026-09-22
GOOGL,351.16,2026-10-02,10,Call,357.50,-1.81%,4.85,4.93,5.1,878,214,4.1,33.34%,32.53%,0.386531,2026-09-22
MU,1096.16,2026-09-28,6,Put,"1,000.00",-8.77%,2.79,2.85,2.9,1385,338,4.1,64.91%,52.97%,-0.081681,2026-09-22
DOCU,66.76,2027-03-19,178,Put,30.00,-55.06%,0,0.24,0.61,720,176,4.09,49.18%,65.96%,-0.022513,2026-09-22
AAPL,339.75,2026-09-30,8,Call,345.00,-1.55%,2.3,2.38,2.71,1182,289,4.09,23.93%,22.65%,0.337572,2026-09-22
MSTR,167.33,2026-10-02,10,Put,165.00,-1.39%,6.5,6.55,6.6,1980,484,4.09,71.67%,70.47%,-0.426415,2026-09-22
TMC,4.41,2026-10-23,31,Call,5.00,-13.38%,0.23,0.24,0.25,6519,1592,4.09,83.55%,86.90%,0.360606,2026-09-22
TXT,77.88,2026-12-18,87,Call,90.00,-15.56%,0.6,0.74,1,510,125,4.08,24.60%,26.36%,0.160398,2026-09-22
AMD,623.77,2026-10-02,10,Put,575.00,-7.82%,5.05,5.1,5.3,612,150,4.08,55.04%,54.03%,-0.167258,2026-09-22
MSTR,167.33,2026-10-02,10,Call,245.00,-46.42%,0.17,0.29,0.25,1208,296,4.08,71.67%,107.52%,0.0203,2026-09-22
COGT,32.63,2026-10-16,24,Call,35.00,-7.26%,0.5,0.7,1,1038,255,4.07,52.88%,47.72%,0.311207,2026-09-22
TSLA,378.9,2026-10-16,24,Call,515.00,-35.92%,0.29,0.3,0.31,1749,430,4.07,41.56%,54.02%,0.016634,2026-09-22
INTC,123.86,2026-09-23,1,Put,122.00,-1.50%,0.9,0.95,0.95,9760,2396,4.07,69.35%,66.18%,-0.324054,2026-09-22
SRAD,13.6,2026-10-16,24,Call,15.00,-10.29%,0.35,0.4,0.5,9027,2222,4.06,67.03%,65.58%,0.314034,2026-09-22
SNDK,1887.04,2026-09-25,3,Call,"2,000.00",-5.99%,20.3,20.48,20.8,14919,3675,4.06,78.35%,86.77%,0.243216,2026-09-22
GRAL,108.52,2026-10-16,24,Put,90.00,-17.07%,4.4,4.9,5.4,1523,375,4.06,94.79%,119.19%,-0.220075,2026-09-22
AVGO,364.54,2026-09-23,1,Put,355.00,-2.62%,0.24,0.25,0.28,2508,617,4.06,37.24%,36.62%,-0.081207,2026-09-22
IREN,48.55,2026-10-16,24,Call,52.00,-7.11%,2.59,2.68,2.74,684,169,4.05,83.09%,80.30%,0.413366,2026-09-22
JD,27.38,2026-10-02,10,Call,26.50,+3.21%,0.73,1.22,1.75,831,205,4.05,32.49%,42.82%,0.68174,2026-09-22
FAST,50.08,2026-12-18,87,Call,57.50,-14.82%,0.45,0.47,0.9,3158,780,4.05,32.66%,28.68%,0.186986,2026-09-22
INTC,123.86,2026-09-23,1,Put,119.00,-3.92%,0.28,0.29,0.3,7978,1968,4.05,69.35%,68.66%,-0.128376,2026-09-22
ONDS,7.72,2027-06-17,268,Call,20.00,-159.07%,0.45,0.5,0.53,4312,1068,4.04,71.79%,89.05%,0.203948,2026-09-22
SKHY,195.37,2026-09-25,3,Call,195.00,+0.19%,4.85,4.9,5,4968,1231,4.04,63.85%,66.71%,0.526519,2026-09-22
MSTR,167.33,2026-09-25,3,Put,172.50,+3.09%,7.9,8,8.1,632,157,4.03,71.67%,81.83%,-0.644415,2026-09-22
MGM,38.9,2026-12-18,87,Put,34.00,-12.60%,0.8,1.2,1.4,538,134,4.01,59.50%,42.60%,-0.215429,2026-09-22
MU,1096.16,2026-09-25,3,Call,"1,095.00",+0.11%,22,24.8,25,2573,642,4.01,64.91%,57.44%,0.52074,2026-09-22
AMZN,254.98,2026-10-16,24,Call,262.50,-2.95%,4.95,4.95,5.15,528,132,4,32.69%,30.39%,0.380761,2026-09-22
AMD,623.77,2026-10-02,10,Put,580.00,-7.02%,6,6.2,6.25,877,219,4,55.04%,53.79%,-0.191664,2026-09-22
MSTR,167.33,2026-09-25,3,Put,157.50,-5.87%,1.16,1.16,1.19,2721,681,4,71.67%,76.40%,-0.180712,2026-09-22
NBIS,236.12,2026-10-09,17,Call,310.00,-31.29%,1.8,2,2.16,527,132,3.99,84.15%,90.34%,0.098497,2026-09-22
GOOGL,351.16,2026-09-30,8,Call,365.00,-3.94%,1.88,2,2.15,623,156,3.99,33.34%,31.86%,0.21758,2026-09-22
NBIS,236.12,2026-09-25,3,Call,237.50,-0.58%,6.95,7,7.05,2282,573,3.98,84.15%,89.21%,0.488853,2026-09-22
AVGO,364.54,2026-10-02,10,Call,380.00,-4.24%,3.6,3.65,3.7,10109,2543,3.98,37.24%,38.01%,0.268854,2026-09-22
AMD,623.77,2026-09-25,3,Put,600.00,-3.81%,4,4.05,4.15,14340,3603,3.98,55.04%,56.88%,-0.216394,2026-09-22
MU,1096.16,2026-09-25,3,Call,"1,110.00",-1.26%,15.4,18.13,18.5,2271,572,3.97,64.91%,57.87%,0.417863,2026-09-22
LOW,196.08,2026-10-16,24,Call,205.00,-4.55%,2.2,2.46,2.55,1015,256,3.96,28.41%,27.92%,0.282334,2026-09-22
GOOGL,351.16,2026-09-25,3,Put,352.50,+0.38%,5.05,5.25,5.3,2329,588,3.96,33.34%,35.53%,-0.537997,2026-09-22
INTC,123.86,2026-09-25,3,Call,123.00,+0.69%,3.75,3.8,3.85,4741,1197,3.96,69.35%,74.73%,0.555908,2026-09-22
MU,1096.16,2026-09-23,1,Put,"1,000.00",-8.77%,0.17,0.18,0.2,6616,1677,3.95,64.91%,78.24%,-0.011779,2026-09-22
ACN,183.72,2026-12-18,87,Call,195.00,-6.14%,11.9,11.65,13.2,502,127,3.95,54.55%,48.05%,0.443425,2026-09-22
ZS,210.18,2026-12-18,87,Call,330.00,-57.01%,2.53,2.83,3.9,635,161,3.94,55.78%,65.77%,0.111802,2026-09-22
MSFT,498,2026-09-28,6,Call,500.00,-0.40%,4.9,5.1,5.3,1606,408,3.94,27.20%,23.28%,0.458768,2026-09-22
AMZN,254.98,2026-09-28,6,Call,257.50,-0.99%,2.5,2.58,2.76,2351,597,3.94,32.69%,28.19%,0.406108,2026-09-22
MSTR,167.33,2026-10-23,31,Call,195.00,-16.54%,5.8,5.95,6.1,1734,441,3.93,71.67%,76.21%,0.28641,2026-09-22
NEE,79.26,2026-12-18,87,Put,75.00,-5.37%,1.51,1.6,1.73,4830,1228,3.93,21.52%,22.47%,-0.282689,2026-09-22
SOFI,17.16,2026-10-23,31,Put,19.00,+10.72%,2.01,2.04,2.13,1034,264,3.92,48.59%,43.05%,-0.771781,2026-09-22
UAL,115.21,2026-09-25,3,Call,120.00,-4.16%,0.65,0.55,0.75,2058,525,3.92,53.67%,55.75%,0.215847,2026-09-22
AMD,623.77,2026-09-23,1,Put,580.00,-7.02%,0.13,0.14,0.17,2741,699,3.92,55.04%,67.31%,-0.018531,2026-09-22
ET,20.4,2026-10-23,31,Call,21.00,-2.94%,0.1,0.35,0.32,660,169,3.91,19.64%,19.24%,0.298818,2026-09-22
VLO,377.14,2027-01-15,115,Put,400.00,+6.06%,52.7,54.2,55.6,522,134,3.9,53.65%,50.34%,-0.518316,2026-09-22
TSLA,378.9,2026-09-28,6,Call,387.50,-2.27%,3.65,3.7,3.75,857,220,3.9,41.56%,36.32%,0.32781,2026-09-22
AMD,623.77,2026-09-23,1,Put,585.00,-6.22%,0.2,0.22,0.25,3026,775,3.9,55.04%,64.57%,-0.027538,2026-09-22
GOOGL,351.16,2026-09-23,1,Call,350.00,+0.33%,3.15,3.3,3.35,4638,1190,3.9,33.34%,35.66%,0.575957,2026-09-22
KLAC,188.32,2028-01-21,486,Call,370.00,-96.47%,15.7,16.5,19.2,829,213,3.89,57.12%,60.67%,0.290377,2026-09-22
MU,1096.16,2026-10-02,10,Call,"1,075.00",+1.93%,66.2,67.6,69.2,942,242,3.89,64.91%,78.07%,0.588247,2026-09-22
MOD,195.96,2026-10-16,24,Call,210.00,-7.16%,7.3,8.25,9.1,1847,475,3.89,68.48%,67.36%,0.381551,2026-09-22
SPCX,154.72,2029-01-19,850,Put,130.00,-15.98%,29.1,30,31.6,520,134,3.88,50.44%,56.45%,-0.242114,2026-09-22
FLNA,1.03,2026-11-20,59,Call,1.5000,-45.63%,0.05,0.13,0.1,694,179,3.88,212.27%,158.73%,0.255385,2026-09-22
AMD,623.77,2026-09-28,6,Put,610.00,-2.21%,8.8,9,9.2,795,205,3.88,55.04%,47.58%,-0.342814,2026-09-22
CRWD,250.06,2027-06-17,268,Put,180.00,-28.02%,15.35,16.12,16.35,833,216,3.86,54.06%,60.89%,-0.174303,2026-09-22
SEDG,36.08,2027-03-19,178,Put,27.50,-23.78%,3.15,3.52,3.8,1194,309,3.86,80.57%,82.36%,-0.215896,2026-09-22
MRNA,182.56,2026-09-25,3,Call,177.50,+2.77%,8.15,8.25,8.65,1794,465,3.86,82.29%,84.01%,0.659506,2026-09-22
ASTS,63.69,2026-10-16,24,Call,105.00,-64.86%,0.05,0.21,0.22,2253,584,3.86,77.08%,93.50%,0.02528,2026-09-22
TEM,77.19,2026-09-25,3,Call,85.00,-10.12%,0.42,0.51,0.51,2676,693,3.86,76.07%,95.08%,0.141921,2026-09-22
JPM,340,2026-09-25,3,Put,340.00,0.00%,2.87,3.02,3.3,4126,1073,3.85,26.63%,25.28%,-0.493196,2026-09-22
INTC,123.86,2026-09-23,1,Put,124.00,+0.11%,1.66,1.82,1.88,1262,328,3.85,69.35%,65.86%,-0.505363,2026-09-22
META,736.59,2026-09-25,3,Put,737.50,+0.12%,16.25,16.56,16.6,656,171,3.84,44.54%,60.26%,-0.496434,2026-09-22
GOOG,347.41,2026-09-25,3,Put,347.50,+0.03%,4.3,4.54,4.55,2390,622,3.84,32.63%,35.20%,-0.494086,2026-09-22
TSLA,378.9,2026-09-28,6,Put,370.00,-2.35%,3.15,3.2,3.25,1423,372,3.83,41.56%,35.54%,-0.289145,2026-09-22
INTC,123.86,2026-09-30,8,Call,123.00,+0.69%,5.25,5.35,5.4,512,134,3.82,69.35%,66.41%,0.550573,2026-09-22
ADBE,238.25,2026-10-02,10,Call,260.00,-9.13%,1,1.06,1.22,673,176,3.82,40.79%,44.78%,0.129596,2026-09-22
MU,1096.16,2026-09-28,6,Call,"1,150.00",-4.91%,9.8,11.05,11.2,1877,492,3.82,64.91%,52.00%,0.249139,2026-09-22
IBRX,9.29,2026-09-25,3,Put,9.50,+2.26%,0.4,0.45,0.5,575,151,3.81,100.76%,98.96%,-0.579957,2026-09-22
ZS,210.18,2026-12-18,87,Put,115.00,-45.28%,0.29,0.68,0.88,598,157,3.81,55.78%,66.69%,-0.020668,2026-09-22
TTMI,127.47,2026-10-16,24,Call,210.00,-64.74%,0.1,0.15,0.15,743,195,3.81,81.83%,83.91%,0.01386,2026-09-22
AMZN,254.98,2026-10-16,24,Call,257.50,-0.99%,6.95,7.07,7.15,945,248,3.81,32.69%,30.44%,0.477506,2026-09-22
SNDK,1887.04,2026-09-25,3,Call,"2,080.00",-10.23%,9.4,9.7,10,589,155,3.8,78.35%,91.24%,0.128779,2026-09-22
SNDK,1887.04,2026-09-25,3,Call,"2,110.00",-11.82%,7,7.4,7.8,715,188,3.8,78.35%,93.27%,0.101144,2026-09-22
RCL,234.89,2026-11-20,59,Call,270.00,-14.95%,5.8,6.29,6.8,1197,315,3.8,45.20%,46.53%,0.259717,2026-09-22
META,736.59,2026-09-23,1,Call,790.00,-7.25%,0.2,0.23,0.23,14270,3753,3.8,44.54%,66.23%,0.022801,2026-09-22
BABA,116.31,2026-10-02,10,Put,112.00,-3.71%,1.41,1.44,1.66,587,155,3.79,43.44%,43.10%,-0.285623,2026-09-22
VRT,253.46,2026-10-30,38,Put,210.00,-17.15%,4.35,4.6,5,629,166,3.79,57.89%,64.78%,-0.153723,2026-09-22
MU,1096.16,2026-09-25,3,Call,"1,155.00",-5.37%,6.3,6.6,6.5,697,184,3.79,64.91%,63.26%,0.189958,2026-09-22
CTAS,198.8,2026-09-25,3,Put,195.00,-1.91%,2.7,2.9,3.3,982,259,3.79,29.66%,65.61%,-0.360341,2026-09-22
NUAI,6.97,2026-10-02,10,Call,8.50,-21.95%,0.05,0.13,0.25,507,134,3.78,121.03%,126.53%,0.201914,2026-09-22
AAPL,339.75,2026-09-30,8,Call,350.00,-3.02%,1.15,1.17,1.28,2455,649,3.78,23.93%,22.49%,0.196418,2026-09-22
XPEV,10.48,2026-09-25,3,Call,10.50,-0.19%,0.17,0.17,0.2,3334,883,3.78,52.79%,50.97%,0.495329,2026-09-22
TSLA,378.9,2026-09-25,3,Put,372.50,-1.69%,3,3.05,3.1,4316,1141,3.78,41.56%,42.12%,-0.318459,2026-09-22
BTU,26.79,2026-09-25,3,Put,25.50,-4.82%,0.12,0.17,0.19,520,138,3.77,53.99%,62.37%,-0.182885,2026-09-22
NFLX,72.16,2026-10-09,17,Call,71.00,+1.61%,2.62,2.58,2.71,702,186,3.77,34.72%,31.82%,0.615999,2026-09-22
ORCL,149.2,2026-09-25,3,Put,149.00,-0.13%,2.8,2.83,2.91,2766,733,3.77,50.83%,55.02%,-0.478049,2026-09-22
GRAB,3.17,2026-10-30,38,Put,3.00,-5.36%,0.13,0.15,0.16,7539,2015,3.74,63.07%,56.51%,-0.340587,2026-09-22
QCOM,198.27,2029-01-19,850,Put,280.00,+41.22%,105.5,108,110,632,169,3.74,53.53%,49.97%,-0.527151,2026-09-22
META,736.59,2026-09-25,3,Call,825.00,-12.00%,0.73,0.75,0.76,1592,426,3.74,44.54%,70.09%,0.040273,2026-09-22
AMD,623.77,2026-09-25,3,Call,615.00,+1.41%,17.4,17.7,18.1,2439,652,3.74,55.04%,57.05%,0.619976,2026-09-22
ADBE,238.25,2026-09-25,3,Put,237.50,-0.31%,2.93,3.52,3.7,697,187,3.73,40.79%,43.10%,-0.457603,2026-09-22
SCHW,100.35,2026-12-18,87,Put,92.50,-7.82%,1.98,2.07,2.41,3853,1033,3.73,30.74%,28.70%,-0.245533,2026-09-22
ETSY,75.14,2026-09-25,3,Call,74.00,+1.52%,1.83,1.58,2.59,514,138,3.72,48.16%,57.88%,0.626768,2026-09-22
BABA,116.31,2026-09-25,3,Put,117.00,+0.59%,2.62,2.68,2.74,808,217,3.72,43.44%,55.00%,-0.537136,2026-09-22
TMUS,162.41,2026-09-25,3,Put,162.50,+0.06%,2,2.21,2.3,686,185,3.71,33.00%,35.95%,-0.499259,2026-09-22
AMZN,254.98,2026-09-23,1,Call,245.00,+3.91%,9.95,10.26,10.6,739,199,3.71,32.69%,55.06%,0.919758,2026-09-22
GOOGL,351.16,2026-09-30,8,Call,380.00,-8.21%,0.47,0.48,0.53,862,233,3.7,33.34%,34.36%,0.065298,2026-09-22
GFS,47.95,2027-01-15,115,Call,90.00,-87.70%,0.4,0.45,0.55,1700,459,3.7,57.41%,66.33%,0.069113,2026-09-22
TSLA,378.9,2026-09-25,3,Call,377.50,+0.37%,6.5,6.65,6.65,12454,3372,3.69,41.56%,42.32%,0.549129,2026-09-22
FSLY,26.08,2026-09-25,3,Call,25.00,+4.14%,1.5,1.57,1.75,13109,3556,3.69,91.88%,106.98%,0.687122,2026-09-22
ADBE,238.25,2026-09-25,3,Call,252.50,-5.98%,0.48,0.5,0.55,879,239,3.68,40.79%,49.52%,0.102951,2026-09-22
AJG,230.45,2026-10-16,24,Call,250.00,-8.48%,1.5,1.99,2.25,1383,376,3.68,33.24%,32.98%,0.183407,2026-09-22
NBIS,236.12,2026-10-02,10,Call,235.00,+0.47%,13.05,13.5,14,1467,399,3.68,84.15%,82.64%,0.543964,2026-09-22
SMMT,17.12,2026-10-16,24,Put,9.00,-47.43%,0,0.1,0.35,2002,545,3.67,110.03%,172.86%,-0.046738,2026-09-22
HL,19.03,2026-10-16,24,Put,18.00,-5.41%,0.57,0.6,0.68,3562,971,3.67,60.18%,56.91%,-0.319938,2026-09-22
GRAL,108.52,2026-10-16,24,Put,85.00,-21.67%,2.8,3.86,5.4,743,203,3.66,94.79%,128.11%,-0.180263,2026-09-22
PLTR,184.99,2026-09-25,3,Put,192.50,+4.06%,8.25,8.28,8.45,1003,274,3.66,49.94%,49.64%,-0.805008,2026-09-22
OSCR,30.67,2026-09-25,3,Put,29.00,-5.45%,0.25,0.3,0.38,1182,323,3.66,72.75%,85.39%,-0.221997,2026-09-22
STLA,4.83,2026-10-23,31,Call,2.00,+58.59%,2.75,2.93,5,774,212,3.65,52.80%,676.56%,0.92431,2026-09-22
NVTS,12.46,2026-10-16,24,Call,12.00,+3.69%,1.24,1.24,1.3,3649,1002,3.64,84.86%,80.73%,0.616681,2026-09-22
MSTR,167.33,2026-09-25,3,Put,160.00,-4.38%,1.72,1.75,1.76,14897,4098,3.64,71.67%,76.02%,-0.245627,2026-09-22
EMR,154.19,2026-12-18,87,Call,180.00,-16.74%,1.65,2.15,2.35,648,178,3.64,30.74%,30.30%,0.174102,2026-09-22
AMD,623.77,2026-09-25,3,Put,602.50,-3.41%,4.6,4.55,4.85,663,182,3.64,55.04%,57.11%,-0.241582,2026-09-22
FISV,46.1,2026-10-30,38,Call,48.00,-4.12%,2,2.2,2.65,515,142,3.63,42.83%,51.48%,0.445555,2026-09-22
MSFT,498,2026-09-28,6,Call,495.00,+0.60%,7.3,7.7,8.05,588,162,3.63,27.20%,23.31%,0.592096,2026-09-22
MSFT,498,2026-10-02,10,Put,497.50,-0.10%,7.15,7.6,8.2,733,202,3.63,27.20%,24.63%,-0.475851,2026-09-22
MU,1096.16,2026-09-23,1,Call,"1,035.00",+5.58%,59.05,59.79,64.35,992,273,3.63,64.91%,59.93%,0.967767,2026-09-22
SNDK,1887.04,2026-09-25,3,Call,"1,950.00",-3.34%,31.7,32.3,32.5,4958,1365,3.63,78.35%,83.68%,0.347962,2026-09-22
LRCX,310.96,2028-01-21,486,Put,370.00,+18.99%,110.2,114.93,113.5,851,236,3.61,59.57%,58.20%,-0.459149,2026-09-22
U,43.11,2027-01-15,115,Put,31.00,-28.09%,0.78,0.99,1.24,1000,277,3.61,54.83%,60.45%,-0.120364,2026-09-22
MSTR,167.33,2026-10-02,10,Put,150.00,-10.36%,1.5,1.61,1.66,8368,2316,3.61,71.67%,68.58%,-0.151995,2026-09-22
ET,20.4,2026-09-25,3,Call,20.50,-0.49%,0.12,0.16,0.18,512,143,3.58,19.64%,26.74%,0.421531,2026-09-22
NVDA,228.87,2026-09-28,6,Call,245.00,-7.05%,0.14,0.14,0.16,1467,410,3.58,33.20%,30.20%,0.042165,2026-09-22
IMXI,12.04,2026-12-18,87,Put,10.00,-16.94%,0.7,1.05,1.55,500,140,3.57,103.74%,95.07%,-0.258566,2026-09-22
RXRX,4.05,2026-11-20,59,Call,1.00,+75.31%,2.03,3.19,3.8,822,230,3.57,89.43%,303.40%,0.960932,2026-09-22
WPC,66.89,2027-01-15,115,Call,70.00,-4.65%,1.25,1.3,1.4,1021,286,3.57,19.21%,17.73%,0.322089,2026-09-22
AG,20.32,2026-09-25,3,Call,20.50,-0.89%,0.36,0.38,0.43,1937,542,3.57,59.79%,64.66%,0.453601,2026-09-22
ARM,333.2,2027-06-17,268,Put,250.00,-24.97%,32.3,33.5,35,3005,841,3.57,75.94%,72.11%,-0.208543,2026-09-22
PYPL,52.89,2026-09-25,3,Call,55.00,-3.99%,0.2,0.22,0.23,11971,3356,3.57,34.91%,46.20%,0.181886,2026-09-22
MU,1096.16,2026-09-23,1,Put,"1,030.00",-6.04%,0.51,0.55,0.57,5301,1487,3.56,64.91%,66.50%,-0.035255,2026-09-22
TSLA,378.9,2026-09-25,3,Put,370.00,-2.35%,2.25,2.29,2.32,12423,3489,3.56,41.56%,42.01%,-0.257811,2026-09-22
AMZN,254.98,2026-09-25,3,Call,257.50,-0.99%,1.96,1.98,2.06,18661,5243,3.56,32.69%,33.23%,0.38149,2026-09-22
SNDK,1887.04,2026-09-25,3,Put,"1,675.00",-11.24%,3.4,3.6,3.6,506,142,3.56,78.35%,84.61%,-0.055254,2026-09-22
ECO,77.54,2026-10-16,24,Call,80.00,-3.17%,3.1,3.37,4.2,688,194,3.55,55.31%,61.04%,0.441152,2026-09-22
ALAB,363.46,2026-10-02,10,Call,485.00,-33.44%,0.48,0.81,1.14,878,247,3.55,85.96%,93.70%,0.037875,2026-09-22
INTC,123.86,2026-09-25,3,Put,124.00,+0.11%,3.3,3.43,3.45,981,276,3.55,69.35%,74.08%,-0.492028,2026-09-22
Z,30.95,2026-10-16,24,Call,32.50,-5.01%,0.9,1.02,1.1,1092,308,3.55,53.20%,50.38%,0.383906,2026-09-22
AJG,230.45,2026-10-16,24,Call,260.00,-12.82%,0.55,0.76,1.05,1238,349,3.55,33.24%,33.57%,0.090012,2026-09-22
AVGO,364.54,2026-10-09,17,Call,362.50,+0.56%,12.7,13.5,13.05,1569,442,3.55,37.24%,37.00%,0.550444,2026-09-22
META,736.59,2026-09-25,3,Put,742.50,+0.80%,18.9,19.5,19.55,833,235,3.54,44.54%,60.59%,-0.545375,2026-09-22
SNDK,1887.04,2026-09-25,3,Call,"1,870.00",+0.90%,63.3,63.93,64.6,1494,422,3.54,78.35%,80.55%,0.565465,2026-09-22
GOOGL,351.16,2026-09-25,3,Put,355.00,+1.09%,6.55,6.8,6.9,1688,477,3.54,33.34%,36.07%,-0.621816,2026-09-22
META,736.59,2026-09-23,1,Put,700.00,-4.97%,0.3,0.3,0.34,14199,4011,3.54,44.54%,55.13%,-0.037274,2026-09-22
AFRM,71.77,2026-09-25,3,Call,76.00,-5.89%,0.3,0.3,0.37,501,142,3.53,57.06%,61.88%,0.161683,2026-09-22
SIRI,26.53,2026-11-20,59,Call,28.00,-5.54%,0.84,0.93,1.11,727,206,3.53,33.21%,36.94%,0.383352,2026-09-22
MU,1096.16,2026-09-25,3,Call,"1,170.00",-6.74%,4.4,4.53,4.55,1018,288,3.53,64.91%,64.59%,0.140271,2026-09-22
BTGO,8.28,2027-04-16,206,Call,7.50,+9.42%,2.3,2.37,2.7,700,199,3.52,88.90%,86.70%,0.695733,2026-09-22
LTH,38.19,2027-01-15,115,Put,30.00,-21.45%,0,0.8,2.15,714,203,3.52,46.00%,52.57%,-0.158298,2026-09-22
MSFT,498,2026-10-23,31,Put,470.00,-5.62%,4,4.48,4.75,779,221,3.52,27.20%,25.83%,-0.201493,2026-09-22
NOW,137,2026-09-25,3,Call,138.00,-0.73%,2.47,2.5,2.55,1505,428,3.52,54.78%,59.64%,0.459382,2026-09-22
AMZN,254.98,2026-09-28,6,Call,262.50,-2.95%,1.13,1.28,1.2,2029,576,3.52,32.69%,28.36%,0.222199,2026-09-22
MRNA,182.56,2028-01-21,486,Put,115.00,-37.01%,18.75,19.34,21.2,500,143,3.5,82.29%,74.87%,-0.155107,2026-09-22
NVO,39.4,2026-11-20,59,Call,37.50,+4.82%,3.5,3.62,3.7,699,200,3.5,34.12%,44.14%,0.627939,2026-09-22
SOFI,17.16,2029-01-19,850,Put,15.00,-12.59%,3.55,3.65,3.7,1133,324,3.5,48.59%,55.85%,-0.258394,2026-09-22
NVO,39.4,2026-10-02,10,Call,41.00,-4.06%,0.31,0.34,0.36,1323,378,3.5,34.12%,35.36%,0.2506,2026-09-22
META,736.59,2026-09-25,3,Call,755.00,-2.50%,9,9.17,9.35,4223,1205,3.5,44.54%,62.02%,0.342357,2026-09-22
META,736.59,2026-09-25,3,Call,835.00,-13.36%,0.44,0.52,0.6,678,194,3.49,44.54%,71.51%,0.028883,2026-09-22
MU,1096.16,2026-09-25,3,Call,"1,185.00",-8.10%,3.1,3.15,3.2,807,232,3.48,64.91%,66.17%,0.103052,2026-09-22
IONQ,40.74,2026-10-02,10,Call,43.00,-5.55%,0.97,1,1.12,1265,363,3.48,71.15%,70.88%,0.347115,2026-09-22
HOOD,124.25,2026-09-25,3,Call,129.00,-3.82%,1.41,1.45,1.49,3313,954,3.47,63.62%,71.69%,0.294519,2026-09-22
WULF,17.33,2026-09-25,3,Call,18.50,-6.75%,0.15,0.17,0.18,4438,1279,3.47,81.92%,88.84%,0.215462,2026-09-22
MSTR,167.33,2026-09-25,3,Call,180.00,-7.57%,1.4,1.43,1.46,17891,5162,3.47,71.67%,89.64%,0.196571,2026-09-22
BTDR,13.1,2026-09-25,3,Call,1.00,+92.37%,11.9,12.1,12.3,624,180,3.47,94.31%,"1,187.15%",0.998297,2026-09-22
GOOGL,351.16,2026-09-25,3,Call,367.50,-4.65%,0.56,0.58,0.8,2298,662,3.47,33.34%,40.27%,0.111234,2026-09-22
MS,200.18,2026-12-18,87,Call,190.00,+5.09%,17.6,18.92,19.95,1069,309,3.46,34.06%,33.36%,0.662283,2026-09-22
MU,1096.16,2026-09-25,3,Call,"1,125.00",-2.63%,10.55,13.15,13.35,1200,347,3.46,64.91%,58.54%,0.323713,2026-09-22
RIVN,15.14,2026-10-02,10,Call,15.50,-2.38%,0.38,0.39,0.41,2517,727,3.46,57.97%,54.44%,0.418884,2026-09-22
XYZ,77.53,2026-11-20,59,Call,90.00,-16.08%,1.98,2.06,2.18,11342,3282,3.46,41.30%,47.48%,0.256371,2026-09-22
INTC,123.86,2026-09-25,3,Put,120.00,-3.12%,1.62,1.65,1.68,8819,2554,3.45,69.35%,73.25%,-0.303779,2026-09-22
SNDK,1887.04,2026-10-02,10,Call,"2,400.00",-27.18%,8.9,9,9.7,725,210,3.45,78.35%,95.03%,0.074407,2026-09-22
INTC,123.86,2026-09-23,1,Call,133.00,-7.38%,0.09,0.1,0.11,853,247,3.45,69.35%,80.19%,0.047156,2026-09-22
PANW,374.57,2026-09-25,3,Put,340.00,-9.23%,0.28,0.32,0.38,1437,416,3.45,52.96%,61.55%,-0.038519,2026-09-22
WFC,83.15,2026-09-25,3,Put,80.00,-3.79%,0.1,0.1,0.13,1528,443,3.45,31.50%,33.21%,-0.096496,2026-09-22
JPM,340,2026-10-02,10,Call,350.00,-2.94%,1.71,1.83,1.99,620,180,3.44,26.63%,23.71%,0.239957,2026-09-22
NVDA,228.87,2026-09-30,8,Put,227.50,-0.60%,3.25,3.25,3.35,705,205,3.44,33.20%,29.77%,-0.431994,2026-09-22
AAPL,339.75,2026-09-30,8,Call,342.50,-0.81%,3.2,3.24,3.5,1163,338,3.44,23.93%,22.30%,0.418468,2026-09-22
HIMS,30.43,2026-09-25,3,Put,34.00,+11.73%,3,2.97,3.75,501,146,3.43,73.62%,61.28%,-0.97742,2026-09-22
KD,12.06,2026-10-16,24,Put,11.00,-8.79%,0.05,0.24,0.3,810,236,3.43,53.05%,47.34%,-0.201583,2026-09-22
MRVL,262.36,2026-09-25,3,Put,247.50,-5.66%,1.67,1.75,1.8,893,260,3.43,69.11%,72.92%,-0.17903,2026-09-22
AFRM,71.77,2026-09-25,3,Call,77.00,-7.29%,0.19,0.18,0.24,1268,370,3.43,57.06%,62.16%,0.11221,2026-09-22
GOOG,347.41,2026-09-25,3,Call,360.00,-3.62%,0.87,0.9,0.91,19660,5740,3.43,32.63%,36.97%,0.149802,2026-09-22
CIFR,19.09,2026-10-09,17,Call,20.00,-4.77%,1.2,1.21,1.31,2948,863,3.42,98.34%,98.72%,0.458527,2026-09-22
AFRM,71.77,2026-12-18,87,Call,60.00,+16.40%,14.65,15.7,16.45,543,159,3.42,57.06%,62.47%,0.779023,2026-09-22
SMCI,41.54,2026-10-30,38,Put,30.00,-27.78%,0.35,0.37,0.4,626,183,3.42,75.43%,76.92%,-0.073575,2026-09-22
PAA,24.55,2026-11-20,59,Put,24.00,-2.24%,0.4,0.65,0.75,702,205,3.42,20.15%,20.02%,-0.391594,2026-09-22
CIFR,19.09,2026-09-25,3,Put,19.50,+2.15%,0.92,0.99,1.02,708,207,3.42,98.34%,107.57%,-0.566244,2026-09-22
TSLA,378.9,2026-09-30,8,Call,382.50,-0.95%,6.9,7.71,7.05,818,240,3.41,41.56%,37.92%,0.449778,2026-09-22
SMMT,17.12,2026-10-16,24,Put,15.00,-12.38%,0.4,0.8,0.95,1669,489,3.41,110.03%,92.60%,-0.246913,2026-09-22
MRNA,182.56,2026-09-25,3,Call,205.00,-12.29%,0.48,0.52,0.53,3263,957,3.41,82.29%,87.92%,0.079137,2026-09-22
RMBS,105.24,2026-11-20,59,Call,150.00,-42.53%,2.05,3,3.2,564,166,3.4,73.65%,78.08%,0.170292,2026-09-22
SNDK,1887.04,2026-09-25,3,Call,"1,840.00",+2.49%,79.4,83.8,83.5,809,238,3.4,78.35%,80.71%,0.650144,2026-09-22
AMD,623.77,2026-10-02,10,Put,585.00,-6.22%,7.1,7.22,7.45,904,266,3.4,55.04%,53.77%,-0.219008,2026-09-22
DELL,548.92,2026-10-16,24,Put,490.00,-10.73%,10.5,10.88,11.3,2319,682,3.4,62.23%,61.18%,-0.207743,2026-09-22
MRNA,182.56,2026-09-25,3,Put,165.00,-9.62%,0.69,0.69,0.74,1181,348,3.39,82.29%,89.59%,-0.098671,2026-09-22
MSFT,498,2026-09-23,1,Call,492.50,+1.10%,6.25,6.5,6.75,1360,401,3.39,27.20%,28.39%,0.776399,2026-09-22
VIAV,36.4,2026-10-16,24,Put,32.00,-12.09%,0.6,0.75,1,504,149,3.38,70.70%,68.90%,-0.203407,2026-09-22
MRNA,182.56,2026-10-02,10,Put,170.00,-6.88%,3.7,3.95,4.6,540,160,3.38,82.29%,78.59%,-0.267711,2026-09-22
KGC,28.7,2026-11-20,59,Put,24.00,-16.38%,0.44,0.55,0.63,854,253,3.38,47.18%,50.75%,-0.158326,2026-09-22
GOOGL,351.16,2026-09-25,3,Put,357.50,+1.81%,8.05,7.37,8.85,663,197,3.37,33.34%,36.45%,-0.698382,2026-09-22
SNDK,1887.04,2026-09-25,3,Call,"1,782.50",+5.54%,120.4,132,123.7,680,202,3.37,78.35%,81.46%,0.791835,2026-09-22
SNDK,1887.04,2026-09-25,3,Call,"1,850.00",+1.96%,73.6,74.9,76.5,4109,1220,3.37,78.35%,80.22%,0.622888,2026-09-22
SIMO,283.26,2026-10-16,24,Call,290.00,-2.38%,16.2,20,21.3,909,271,3.35,79.45%,74.23%,0.492482,2026-09-22
SNDK,1887.04,2026-09-25,3,Call,"1,930.00",-2.28%,38,38.43,39.6,927,277,3.35,78.35%,83.38%,0.398931,2026-09-22
META,736.59,2026-09-25,3,Call,737.50,-0.12%,15.55,15.55,16.1,1241,370,3.35,44.54%,60.69%,0.504053,2026-09-22
SNDK,1887.04,2026-09-25,3,Call,"2,300.00",-21.88%,1.5,1.65,1.8,1444,431,3.35,78.35%,108.00%,0.024477,2026-09-22
QCOM,198.27,2026-09-25,3,Put,197.50,-0.39%,3.8,3.8,4.2,1029,308,3.34,53.53%,61.31%,-0.460114,2026-09-22
META,736.59,2026-09-23,1,Put,720.00,-2.25%,2.12,2.24,2.3,8852,2648,3.34,44.54%,51.93%,-0.196244,2026-09-22
SKHY,195.37,2026-10-09,17,Call,190.00,+2.75%,13.25,13.5,14.05,989,297,3.33,63.85%,63.77%,0.611656,2026-09-22
MSFT,498,2026-09-28,6,Call,515.00,-3.41%,1.01,1.03,1.14,1272,382,3.33,27.20%,23.67%,0.141143,2026-09-22
COIN,201.07,2027-06-17,268,Put,210.00,+4.44%,46.3,50.06,50.15,2501,751,3.33,66.31%,67.51%,-0.403898,2026-09-22
AMAT,472.46,2026-09-25,3,Put,450.00,-4.75%,1.88,2.32,2.5,791,238,3.32,55.30%,56.98%,-0.165176,2026-09-22
BA,197.72,2026-09-25,3,Call,197.50,+0.11%,2.5,2.77,2.77,1814,546,3.32,31.44%,35.37%,0.519731,2026-09-22
CRM,233.28,2026-10-02,10,Call,240.00,-2.88%,3.4,3.48,3.6,840,254,3.31,39.47%,39.89%,0.349961,2026-09-22
GME,24.03,2026-10-09,17,Call,24.00,+0.12%,1.14,1.3,1.26,2733,826,3.31,53.18%,58.05%,0.524843,2026-09-22
IREN,48.55,2026-09-25,3,Call,48.50,+0.10%,1.51,1.56,1.57,5377,1627,3.3,83.09%,85.94%,0.522333,2026-09-22
META,736.59,2026-09-25,3,Call,800.00,-8.61%,1.9,1.9,1.96,11516,3488,3.3,44.54%,67.39%,0.093991,2026-09-22
MRNA,182.56,2026-09-25,3,Call,230.00,-25.99%,0.02,0.17,0.23,936,284,3.3,82.29%,118.52%,0.018172,2026-09-22
META,736.59,2026-09-25,3,Put,745.00,+1.14%,20.4,20.35,21.05,1183,358,3.3,44.54%,60.79%,-0.569279,2026-09-22
VLO,377.14,2026-12-18,87,Call,500.00,-32.58%,7.6,8.9,9.4,987,300,3.29,53.65%,53.78%,0.178073,2026-09-22
GME,24.03,2026-09-25,3,Call,24.00,+0.12%,0.57,0.57,0.63,28287,8588,3.29,53.18%,67.63%,0.519052,2026-09-22
NG,7.77,2026-10-16,24,Call,7.00,+9.91%,0.8,1.05,1.2,856,261,3.28,77.62%,68.22%,0.757339,2026-09-22
OXY,56.31,2026-09-25,3,Put,56.00,-0.55%,0.57,0.7,0.69,1150,351,3.28,34.03%,38.34%,-0.4286,2026-09-22
MRVL,262.36,2026-09-25,3,Put,260.00,-0.90%,5.55,5.7,5.85,1662,506,3.28,69.11%,72.49%,-0.430904,2026-09-22
MU,1096.16,2026-09-28,6,Call,"1,040.00",+5.12%,62.5,64.05,67.45,785,240,3.27,64.91%,51.03%,0.801111,2026-09-22
SKHY,195.37,2026-09-25,3,Call,207.50,-6.21%,1.25,1.25,1.28,609,187,3.26,63.85%,71.77%,0.187079,2026-09-22
AAOI,107,2026-10-02,10,Call,105.00,+1.87%,6.7,7.3,7.9,1113,341,3.26,92.13%,88.58%,0.5827,2026-09-22
USAR,16.99,2027-01-15,115,Call,31.00,-82.46%,0.58,0.64,0.65,1813,558,3.25,76.05%,87.44%,0.169747,2026-09-22
TSLA,378.9,2026-09-23,1,Call,365.00,+3.67%,13.85,14.26,14.35,4979,1532,3.25,41.56%,42.84%,0.953739,2026-09-22
STZ,117.59,2026-10-02,10,Put,115.00,-2.20%,1,1.25,1.25,531,164,3.24,36.18%,28.43%,-0.309033,2026-09-22
GOOG,347.41,2026-09-25,3,Put,350.00,+0.75%,5.65,6,5.95,2288,707,3.24,32.63%,35.17%,-0.583388,2026-09-22
OPEN,2.76,2026-10-16,24,Call,2.50,+9.42%,0.32,0.33,0.37,530,164,3.23,77.42%,67.84%,0.748421,2026-09-22
CRDO,192.56,2026-09-25,3,Call,192.50,+0.03%,5.6,6,6.1,607,188,3.23,73.25%,83.20%,0.518266,2026-09-22
MSFT,498,2026-10-02,10,Put,475.00,-4.62%,1.27,1.53,1.65,2535,786,3.23,27.20%,26.40%,-0.131188,2026-09-22
AMD,623.77,2026-09-23,1,Call,650.00,-4.21%,0.64,0.65,0.7,5426,1678,3.23,55.04%,55.76%,0.081769,2026-09-22
WFC,83.15,2026-09-25,3,Put,86.00,+3.43%,2.56,2.64,3,1210,376,3.22,31.50%,19.40%,-0.973999,2026-09-22
PCG,12.88,2026-09-25,3,Call,13.00,-0.93%,0.1,0.13,0.16,1350,419,3.22,41.98%,39.09%,0.405432,2026-09-22
DBX,33.9,2026-10-02,10,Call,35.00,-3.24%,0.35,0.52,0.55,594,185,3.21,39.65%,38.81%,0.326511,2026-09-22
MARA,13.63,2026-09-25,3,Put,14.00,+2.71%,0.65,0.66,0.67,1523,475,3.21,83.67%,90.80%,-0.610872,2026-09-22
MSTR,167.33,2026-09-25,3,Call,175.00,-4.58%,2.27,2.31,2.34,29261,9151,3.2,71.67%,85.01%,0.294869,2026-09-22
MSFT,498,2026-09-25,3,Call,507.50,-1.91%,1.68,1.71,1.78,10638,3337,3.19,27.20%,28.09%,0.235757,2026-09-22
SNDK,1887.04,2026-09-25,3,Call,"1,980.00",-4.93%,23.9,24.8,25,922,289,3.19,78.35%,85.27%,0.281072,2026-09-22
AMZN,254.98,2026-10-30,38,Call,255.00,-0.01%,13.25,13.44,13.6,959,301,3.19,32.69%,39.52%,0.537222,2026-09-22
GOOGL,351.16,2026-09-28,6,Call,355.00,-1.09%,3.75,3.8,3.9,1537,482,3.19,33.34%,30.21%,0.402397,2026-09-22
BULL,8.09,2026-10-02,10,Put,8.50,+5.07%,0.5,0.52,0.62,512,161,3.18,62.83%,58.27%,-0.676589,2026-09-22
NBIS,236.12,2026-09-25,3,Put,242.50,+2.70%,11.05,11.4,11.25,538,169,3.18,84.15%,87.57%,-0.615411,2026-09-22
TSLA,378.9,2026-09-30,8,Call,375.00,+1.03%,10.5,11.2,10.85,738,232,3.18,41.56%,37.80%,0.58984,2026-09-22
AAPL,339.75,2026-10-02,10,Put,330.00,-2.87%,1.64,1.83,1.87,5603,1760,3.18,23.93%,24.14%,-0.220942,2026-09-22
TSLA,378.9,2026-09-23,1,Call,370.00,+2.35%,9.3,9.6,9.6,6320,1986,3.18,41.56%,40.40%,0.872727,2026-09-22
PYPL,52.89,2026-09-25,3,Call,56.00,-5.88%,0.13,0.13,0.17,6609,2077,3.18,34.91%,52.86%,0.122219,2026-09-22
META,736.59,2026-09-23,1,Put,717.50,-2.59%,1.7,1.81,1.85,3513,1108,3.17,44.54%,52.25%,-0.164244,2026-09-22
ELF,102.12,2028-01-21,486,Put,125.00,+22.41%,39.05,41.34,41.35,784,247,3.17,56.32%,60.79%,-0.467227,2026-09-22
MRNA,182.56,2026-09-25,3,Put,175.00,-4.14%,2.35,2.47,2.5,2565,808,3.17,82.29%,83.52%,-0.274259,2026-09-22
AVGO,364.54,2026-09-28,6,Call,375.00,-2.87%,2.35,2.45,2.8,1234,391,3.16,37.24%,34.14%,0.269731,2026-09-22
AVGO,364.54,2026-09-23,1,Call,380.00,-4.24%,0.13,0.12,0.16,3195,1010,3.16,37.24%,45.39%,0.041564,2026-09-22
GOOG,347.41,2026-09-25,3,Call,347.50,-0.03%,4.45,4.6,4.65,3457,1095,3.16,32.63%,36.19%,0.506759,2026-09-22
MSTR,167.33,2026-10-30,38,Call,210.00,-25.50%,4.85,5,5.15,855,271,3.15,71.67%,79.12%,0.227523,2026-09-22
SKHY,195.37,2026-09-25,3,Call,197.50,-1.09%,3.75,3.79,3.85,1673,531,3.15,63.85%,67.08%,0.443137,2026-09-22
BP,43.1,2026-09-25,3,Put,42.00,-2.55%,0.16,0.16,0.38,531,169,3.14,32.23%,44.39%,-0.254233,2026-09-22
"Downloaded from Barchart.com as of 09-22-2026 08:01pm CDT"
